CompletionTime_us,FlowType,SizeBytes,FCT_us
100088,Mouse,3059,88
100089,Mouse,3829,89
100090,Mouse,3779,90
100091,Mouse,4186,91
100091,Mouse,3783,91
100095,Mouse,4569,95
100101,Mouse,4920,101
100103,Mouse,5213,103
100105,Mouse,5781,105
100113,Mouse,3950,105
100166,Mouse,5358,65
100212,Mouse,5611,66
100278,Mouse,3180,64
100322,Mouse,4229,65
100353,Mouse,3825,65
100355,Mouse,3830,66
100385,Mouse,4670,69
100457,Mouse,5469,67
100461,Mouse,4537,68
100523,Mouse,5421,65
100670,Mouse,3105,64
100718,Mouse,5271,68
100745,Mouse,3888,68
100902,Mouse,5015,77
100932,Mouse,3048,83
101111,Elephant,353536,974
101144,Mouse,5334,92
101148,Mouse,5611,95
101184,Mouse,4925,80
101197,Mouse,3291,72
101217,Mouse,3659,72
101277,Mouse,4630,67
101309,Elephant,261644,873
101387,Mouse,4889,69
101441,Mouse,4120,64
101521,Elephant,233680,795
101702,Mouse,5211,68
101770,Mouse,4176,68
101905,Mouse,3495,67
101911,Mouse,4090,70
101916,Mouse,3501,72
102051,Elephant,62357,334
102082,Mouse,4553,69
102113,Mouse,5114,70
102173,Mouse,4644,73
102272,Mouse,4939,75
102273,Mouse,3935,75
102317,Mouse,3466,76
102361,Mouse,4169,78
102382,Mouse,3191,76
102527,Mouse,3122,89
102534,Mouse,3042,92
102556,Mouse,3616,97
102621,Mouse,5031,108
102689,Mouse,5480,116
102710,Mouse,5300,116
102763,Elephant,549387,1323
102801,Mouse,5621,78
102818,Mouse,5638,66
102842,Mouse,3920,65
102858,Mouse,4081,64
102925,Mouse,3591,72
103066,Mouse,4751,75
103070,Mouse,4885,78
103167,Mouse,3265,70
103252,Mouse,3516,70
103404,Mouse,5377,92
103434,Mouse,5806,102
103454,Elephant,69957,423
103511,Mouse,5166,116
103556,Elephant,554074,1807
103651,Mouse,3919,64
103691,Mouse,3426,66
103810,Mouse,3538,69
103857,Mouse,3756,71
103922,Mouse,3043,64
103983,Mouse,4430,69
103998,Mouse,5678,72
104030,Mouse,3866,75
104086,Elephant,565643,1585
104088,Mouse,3660,65
104117,Mouse,4794,68
104143,Mouse,5073,65
104203,Mouse,4847,66
104207,Mouse,3314,64
104219,Mouse,3419,64
104275,Mouse,4833,67
104343,Mouse,3933,64
104382,Mouse,3917,67
104449,Mouse,5578,67
104472,Mouse,4785,75
104602,Mouse,4048,70
104607,Mouse,4497,72
104899,Mouse,5693,93
104915,Mouse,3678,97
104937,Mouse,3406,103
104946,Mouse,3182,105
105025,Mouse,4743,114
105047,Elephant,447797,1138
105145,Mouse,5653,69
105190,Mouse,5523,70
105482,Mouse,3414,91
105646,Mouse,4399,101
105735,Mouse,5422,79
105789,Mouse,3112,79
105904,Mouse,4942,94
105938,Elephant,335923,1467
105954,Mouse,4347,91
105972,Mouse,5718,90
106004,Mouse,5298,87
106129,Mouse,5544,72
106183,Mouse,5218,85
106221,Mouse,3673,90
106249,Mouse,4441,92
106300,Mouse,5834,87
106475,Mouse,3796,111
106605,Mouse,4783,115
106633,Mouse,4397,113
106643,Elephant,415851,1647
106687,Elephant,522495,2222
106721,Mouse,5444,90
106817,Elephant,51162,564
106913,Mouse,5574,91
106924,Mouse,4576,96
106975,Elephant,469683,1977
107028,Mouse,3864,77
107102,Mouse,3526,65
107207,Mouse,4694,70
107274,Mouse,3017,79
107341,Mouse,5431,90
107484,Mouse,4002,88
107609,Mouse,4372,96
107681,Mouse,5010,93
107695,Mouse,3898,101
107748,Mouse,5500,91
107885,Mouse,5813,90
107900,Elephant,319684,1428
107907,Mouse,4159,91
107948,Mouse,4658,98
107953,Mouse,3384,101
107977,Elephant,461109,1670
108156,Mouse,4922,75
108238,Mouse,4364,83
108246,Mouse,5211,88
108344,Elephant,393556,1637
108347,Mouse,3938,87
108443,Mouse,3185,67
108485,Mouse,4193,68
108501,Elephant,128855,578
108513,Mouse,3241,72
108520,Mouse,3790,71
108539,Mouse,3544,65
108670,Mouse,3272,68
108756,Mouse,3016,65
108824,Mouse,3088,71
108865,Mouse,3922,73
108940,Mouse,3012,81
109032,Elephant,474267,1665
109070,Mouse,3431,84
109105,Mouse,3072,76
109146,Mouse,4307,70
109250,Elephant,169541,653
109323,Mouse,5815,69
109334,Mouse,5192,65
109377,Mouse,3792,65
109392,Elephant,484287,1379
109459,Mouse,5216,69
109515,Mouse,5084,65
109615,Mouse,5833,66
109682,Mouse,3682,64
109928,Mouse,5268,69
109956,Mouse,4194,64
110015,Mouse,4914,66
110063,Mouse,4753,70
110075,Mouse,4117,65
110160,Mouse,4250,72
110217,Mouse,4499,77
110285,Mouse,4730,65
110298,Mouse,3354,67
110322,Mouse,4131,68
110362,Mouse,4971,70
110370,Mouse,4028,73
110480,Mouse,3642,67
110521,Mouse,4163,71
110525,Mouse,5797,75
110552,Mouse,5109,79
110562,Mouse,4537,82
110639,Mouse,4459,76
110654,Mouse,4489,76
110660,Mouse,3145,76
110683,Mouse,5058,72
110705,Elephant,320994,917
110748,Mouse,5241,72
110800,Mouse,5399,69
110868,Mouse,4586,69
110944,Mouse,5037,66
110956,Mouse,3888,68
110988,Elephant,470359,1172
111068,Mouse,5179,65
111104,Mouse,4423,65
111159,Mouse,5141,65
111195,Mouse,4010,64
111201,Mouse,4426,65
111294,Mouse,3808,64
111306,Mouse,5338,65
111324,Mouse,5478,66
111339,Mouse,3617,64
111368,Mouse,3219,64
111405,Mouse,4027,66
111480,Mouse,4570,65
111620,Mouse,5730,68
111631,Mouse,3295,68
111635,Mouse,3262,64
111645,Mouse,4904,65
111653,Mouse,5383,67
111674,Mouse,3915,70
111766,Mouse,3297,64
111775,Mouse,4311,65
111932,Mouse,4617,70
111996,Mouse,4894,70
112001,Mouse,5689,67
112060,Mouse,4285,66
112128,Mouse,4606,67
112129,Mouse,3968,68
112252,Mouse,4909,65
112288,Elephant,408371,990
112355,Mouse,4992,65
112376,Mouse,3187,64
112388,Mouse,3764,64
112400,Mouse,4029,64
112425,Mouse,5348,65
112662,Mouse,3695,66
112671,Mouse,4945,72
112744,Mouse,3166,66
112764,Mouse,3450,67
112807,Mouse,4524,67
112820,Mouse,4319,69
112913,Mouse,4356,67
112939,Mouse,3871,69
112986,Mouse,5619,74
113008,Mouse,3513,70
113081,Mouse,3815,73
113121,Mouse,5270,80
113156,Mouse,3383,87
113204,Mouse,4136,88
113249,Mouse,5707,85
113288,Mouse,4847,85
113361,Mouse,3134,81
113395,Mouse,3077,86
113454,Mouse,4133,90
113467,Mouse,5614,94
113494,Elephant,443669,1119
113498,Elephant,526849,1288
113507,Mouse,5124,78
113520,Mouse,3663,80
113557,Mouse,5227,65
113564,Mouse,3406,64
113732,Mouse,5037,65
113753,Mouse,4618,65
113777,Mouse,4699,65
113806,Mouse,4386,65
113817,Mouse,5426,65
113834,Mouse,5075,70
113842,Mouse,5001,65
113891,Mouse,5423,65
113985,Mouse,4909,66
113986,Mouse,3050,66
114067,Mouse,5561,66
114182,Mouse,3787,67
114206,Mouse,3131,64
114209,Mouse,3339,64
114264,Mouse,4852,69
114316,Mouse,5158,73
114329,Mouse,5380,65
114380,Mouse,5298,65
114392,Mouse,4737,68
114413,Mouse,5419,70
114436,Mouse,3028,66
114442,Mouse,4738,67
114448,Mouse,3535,67
114471,Elephant,243204,749
114505,Mouse,4804,66
114536,Mouse,3007,64
114556,Mouse,4915,65
114609,Mouse,5514,66
114639,Mouse,5123,65
114672,Mouse,4867,65
114738,Mouse,5703,66
114768,Mouse,5150,65
114858,Mouse,5509,66
114873,Mouse,5433,66
114906,Mouse,4854,65
114947,Mouse,3554,65
114959,Mouse,4067,64
114993,Mouse,3371,64
115037,Mouse,3806,66
115119,Mouse,4557,66
115121,Mouse,4164,66
115299,Mouse,3427,67
115329,Mouse,4586,65
115342,Mouse,5000,69
115355,Mouse,5002,65
115359,Mouse,4312,65
115418,Mouse,5635,66
115449,Mouse,5026,66
115466,Mouse,3397,65
115722,Mouse,5752,66
115840,Mouse,3026,67
115853,Mouse,4467,68
115894,Mouse,4429,71
115953,Mouse,4526,72
116061,Mouse,5662,78
116101,Mouse,3011,80
116176,Elephant,547873,1204
116387,Mouse,5796,66
116409,Mouse,4509,69
116418,Mouse,3023,70
116430,Mouse,5571,75
116435,Mouse,5620,74
116607,Mouse,3092,70
116630,Elephant,589804,1245
116649,Mouse,3569,67
116691,Mouse,5439,66
116751,Mouse,3825,64
116797,Mouse,3453,64
116971,Mouse,3985,64
117058,Mouse,5719,66
117092,Mouse,5788,75
117133,Mouse,5308,69
117151,Mouse,4159,65
117361,Mouse,3514,64
117426,Mouse,4108,67
117485,Mouse,4539,66
117500,Mouse,4579,69
117510,Mouse,5674,74
117582,Mouse,3168,67
117687,Elephant,544065,1247
117754,Mouse,3145,65
117756,Mouse,3706,66
117788,Mouse,3850,64
117898,Mouse,3348,64
117934,Mouse,3262,64
118012,Mouse,3147,64
118030,Mouse,4470,65
118046,Mouse,3656,64
118061,Mouse,5018,65
118161,Mouse,3516,64
118166,Mouse,5282,65
118205,Mouse,4520,67
118207,Mouse,3526,66
118227,Mouse,4782,65
118255,Mouse,4430,65
118295,Mouse,3840,65
118298,Mouse,5608,68
118388,Mouse,3108,65
118486,Mouse,4955,65
118546,Mouse,3503,64
118560,Mouse,4038,67
118584,Mouse,4703,65
118609,Mouse,3304,67
118674,Mouse,3070,64
118742,Mouse,4941,68
118775,Mouse,3253,66
118793,Mouse,4221,64
119170,Mouse,3276,66
119278,Mouse,5263,68
119324,Mouse,3189,67
119325,Mouse,3336,67
119337,Mouse,3506,65
119411,Mouse,3063,72
119435,Mouse,5478,68
119451,Mouse,4747,69
119576,Mouse,5717,70
119590,Elephant,559355,1268
119613,Mouse,5575,66
119691,Mouse,3777,64
119704,Mouse,4960,69
119745,Mouse,4672,67
119753,Mouse,3631,69
119917,Mouse,5796,69
119927,Mouse,4460,65
119932,Mouse,4678,65
119941,Mouse,3135,64
119944,Mouse,3571,64
119956,Mouse,3113,67
119967,Mouse,4225,66
119995,Elephant,61373,361
120026,Mouse,5323,65
120101,Mouse,5623,66
120123,Mouse,3497,67
120141,Mouse,5177,65
120145,Mouse,3372,64
120158,Mouse,4290,65
120170,Mouse,4772,70
120220,Mouse,4911,65
120263,Mouse,5333,66
120288,Mouse,3158,64
120297,Mouse,4230,68
120332,Elephant,78669,404
120441,Mouse,5579,66
120454,Mouse,3105,64
120466,Mouse,4935,65
120549,Mouse,4938,70
120551,Mouse,5339,72
120552,Mouse,4504,71
120558,Mouse,3954,64
120571,Mouse,4438,67
120764,Mouse,4110,64
120942,Mouse,5295,65
121032,Mouse,5588,70
121076,Mouse,5159,79
121121,Mouse,3468,78
121216,Elephant,62822,360
121248,Mouse,3807,80
121259,Mouse,4325,83
121294,Mouse,3781,84
121301,Elephant,311785,887
121322,Mouse,4995,79
121345,Mouse,4238,76
121385,Mouse,4238,64
121425,Mouse,4043,67
121510,Mouse,5076,71
121576,Elephant,155800,631
121694,Mouse,5290,71
121738,Mouse,5493,71
121787,Mouse,4552,69
121810,Mouse,4732,70
121864,Mouse,3712,72
121915,Elephant,479305,1130
121943,Mouse,4494,72
122000,Mouse,4169,64
122036,Mouse,3519,67
122042,Mouse,3279,64
122087,Mouse,4037,64
122097,Mouse,5672,67
122136,Mouse,3604,65
122198,Elephant,233132,742
122200,Mouse,4709,68
122208,Mouse,4739,69
122226,Mouse,3755,65
122285,Mouse,4342,65
122436,Elephant,146054,563
122438,Mouse,3153,65
122551,Mouse,5378,65
122554,Mouse,3964,64
122608,Mouse,4721,65
122676,Mouse,3670,64
122742,Mouse,4116,64
122820,Mouse,3039,64
122957,Mouse,5803,66
122962,Mouse,3971,64
123042,Mouse,3174,64
123058,Mouse,4792,65
123138,Mouse,4601,65
123149,Mouse,4365,65
123338,Mouse,3723,64
123381,Mouse,4234,65
123448,Mouse,5619,66
123482,Mouse,5011,65
123492,Mouse,4778,66
123513,Mouse,3320,64
123583,Mouse,5131,65
123594,Mouse,5800,66
123759,Mouse,3813,64
123892,Mouse,5776,66
123905,Mouse,5265,65
123922,Mouse,5719,66
123966,Mouse,3676,64
124167,Mouse,3813,64
124188,Mouse,4142,64
124311,Mouse,3183,64
124368,Mouse,4393,65
124641,Mouse,5630,66
124671,Mouse,5591,66
124704,Mouse,5556,66
124718,Mouse,5249,65
124742,Mouse,5674,66
124830,Mouse,3675,64
124931,Mouse,4470,65
124975,Mouse,3331,64
124999,Mouse,4474,65
125210,Mouse,3923,64
125218,Mouse,4173,64
125236,Mouse,5666,66
125491,Mouse,5354,69
125516,Mouse,5712,66
125573,Mouse,3036,66
125596,Mouse,4540,74
125615,Mouse,4325,76
125708,Mouse,3168,75
125709,Elephant,94852,461
125713,Mouse,4162,66
125768,Mouse,4089,67
125825,Elephant,133898,556
125849,Mouse,4092,72
125863,Mouse,4783,70
125945,Elephant,202730,690
125965,Mouse,5046,67
126169,Mouse,3497,64
126173,Mouse,4955,65
126207,Mouse,3037,66
126234,Mouse,5366,69
126369,Mouse,3041,67
126372,Mouse,4136,69
126441,Mouse,5434,70
126495,Mouse,4819,74
126602,Mouse,5236,74
126639,Mouse,3330,67
126691,Mouse,3427,67
126706,Elephant,567246,1218
126709,Mouse,3050,66
126778,Elephant,72143,379
126805,Mouse,4069,64
126812,Mouse,4793,65
126841,Mouse,3684,64
126869,Mouse,3506,64
126894,Mouse,5322,70
126924,Mouse,3576,69
127019,Mouse,3934,65
127256,Mouse,3593,64
127290,Mouse,5248,68
127336,Mouse,4104,65
127396,Mouse,4613,65
127433,Mouse,3442,64
127483,Mouse,3336,64
127494,Mouse,4250,68
127526,Mouse,3745,64
127539,Mouse,4738,69
127564,Mouse,3468,64
127646,Mouse,4352,65
127697,Mouse,3885,65
127700,Mouse,5682,68
127811,Mouse,5530,71
127848,Mouse,3957,70
127876,Elephant,406540,1096
127881,Mouse,5620,73
127896,Mouse,3472,69
127966,Mouse,5220,67
127980,Mouse,5665,70
127986,Mouse,4860,71
128019,Mouse,5542,70
128091,Mouse,5793,66
128255,Mouse,3143,69
128263,Mouse,5099,74
128349,Mouse,3441,67
128446,Elephant,274912,981
128461,Mouse,4993,70
128482,Mouse,5200,70
128518,Mouse,5254,75
128522,Elephant,348735,927
128551,Mouse,5625,67
128602,Mouse,3898,64
128617,Mouse,5548,69
128709,Mouse,4348,65
128730,Mouse,4736,65
128737,Mouse,3352,64
128746,Mouse,3122,66
128772,Mouse,5064,65
128786,Elephant,58648,325
128851,Mouse,5292,65
128863,Mouse,4864,65
128869,Mouse,4836,65
128884,Mouse,3502,64
128958,Mouse,4117,64
128972,Mouse,3951,64
128978,Mouse,4775,65
129021,Mouse,3192,65
129030,Mouse,4102,68
129077,Mouse,4281,70
129085,Mouse,3874,64
129262,Mouse,4961,65
129330,Elephant,135207,538
129358,Mouse,4457,65
129383,Mouse,4482,65
129420,Mouse,5288,65
129521,Mouse,3471,64
129560,Mouse,3858,64
129579,Mouse,3176,64
129588,Mouse,5824,66
129667,Mouse,4656,65
129680,Mouse,3105,64
129833,Mouse,4873,65
129926,Mouse,4598,69
130024,Mouse,5680,66
130115,Mouse,4821,65
130228,Mouse,5815,72
130255,Mouse,5822,78
130313,Mouse,5438,69
130419,Mouse,3484,77
130440,Mouse,3075,78
130555,Mouse,4159,90
130762,Mouse,4724,80
130795,Mouse,4107,84
130802,Mouse,5799,87
130829,Mouse,5682,97
130875,Mouse,4782,103
130946,Mouse,3669,73
131014,Mouse,3685,75
131162,Mouse,3161,91
131204,Mouse,4245,99
131213,Elephant,518721,1483
131214,Mouse,3836,102
131230,Mouse,3123,102
131244,Mouse,4232,105
131256,Mouse,3327,98
131261,Mouse,3004,89
131331,Mouse,4431,67
131353,Elephant,140943,1072
131473,Mouse,4561,67
131481,Mouse,3776,69
131552,Elephant,470135,1658
131676,Mouse,3374,73
131689,Mouse,4776,70
131816,Mouse,4035,75
131871,Mouse,3917,90
131887,Mouse,4060,96
131914,Mouse,5162,107
131926,Mouse,4664,113
131940,Mouse,3210,115
132036,Mouse,4114,93
132090,Elephant,470369,1974
132294,Mouse,5735,73
132413,Mouse,4458,71
132458,Mouse,4697,86
132514,Mouse,5208,103
132533,Mouse,3273,98
132622,Mouse,4145,86
132644,Elephant,294646,1225
132703,Mouse,3297,69
132736,Elephant,479494,1508
132756,Mouse,4470,66
132865,Mouse,5770,67
132872,Mouse,4212,68
132937,Mouse,5823,73
133068,Mouse,3853,73
133070,Mouse,3599,73
133081,Mouse,5762,75
133109,Mouse,4649,74
133123,Mouse,5832,82
133198,Mouse,5410,77
133273,Mouse,4510,76
133332,Mouse,3456,82
133357,Elephant,251599,1042
133482,Mouse,3055,85
133653,Mouse,3997,92
133851,Mouse,3584,97
133904,Elephant,354322,1250
133945,Mouse,4675,85
134067,Mouse,3093,84
134106,Mouse,5097,94
134116,Elephant,62431,483
134193,Mouse,4774,81
134282,Mouse,4498,75
134298,Mouse,4313,79
134313,Mouse,4614,86
134398,Mouse,4213,102
134415,Mouse,4525,105
134449,Mouse,5288,102
134533,Mouse,5155,114
134641,Mouse,3789,113
134680,Mouse,4242,103
134696,Mouse,5592,106
134722,Mouse,3951,109
134744,Mouse,4541,108
134817,Mouse,3514,88
134846,Mouse,3491,88
134872,Elephant,288366,1620
134908,Mouse,5506,89
134921,Mouse,4373,96
134940,Mouse,3543,89
134978,Mouse,3532,95
134990,Mouse,4039,97
135020,Mouse,3665,103
135030,Mouse,5652,106
135209,Mouse,5053,78
135244,Mouse,5685,75
135345,Mouse,3783,76
135363,Elephant,343813,2160
135374,Mouse,3599,81
135433,Mouse,5414,83
135442,Mouse,5304,87
135467,Mouse,5819,85
135494,Mouse,4732,86
135499,Mouse,3677,87
135549,Mouse,5558,85
135564,Mouse,3514,80
135577,Mouse,5563,81
135620,Elephant,483904,2261
135678,Mouse,4112,65
135720,Mouse,4008,67
135728,Mouse,4933,71
135768,Mouse,5714,78
135791,Mouse,3745,77
135823,Mouse,5800,87
135975,Mouse,5512,90
136075,Mouse,5545,103
136083,Mouse,5785,108
136142,Elephant,410579,1930
136150,Mouse,5221,99
136222,Mouse,4488,76
136232,Mouse,4113,76
136248,Elephant,140819,699
136263,Elephant,415384,1926
136309,Mouse,3227,64
136394,Mouse,3001,63
136496,Mouse,4517,65
136614,Mouse,3540,64
136680,Mouse,4217,67
136728,Mouse,4822,65
136739,Mouse,3039,64
136764,Mouse,3100,64
136836,Mouse,3742,64
136843,Mouse,3097,67
136861,Mouse,5187,65
136923,Mouse,4483,65
136936,Mouse,5493,68
136942,Mouse,5821,66
137023,Mouse,3367,64
137030,Mouse,3291,64
137076,Mouse,3044,64
137087,Mouse,3017,64
137176,Mouse,5267,65
137183,Mouse,4070,64
137224,Mouse,3803,65
137273,Mouse,3366,64
137276,Mouse,3420,64
137442,Mouse,4463,69
137596,Mouse,4935,65
137639,Mouse,5229,67
137665,Mouse,5610,66
137809,Mouse,3704,64
137871,Mouse,4990,69
137926,Mouse,3675,74
137959,Mouse,3233,67
138030,Mouse,4599,68
138046,Mouse,4582,68
138123,Mouse,4215,70
138136,Mouse,5344,75
138210,Mouse,3996,80
138232,Mouse,3648,87
138253,Elephant,321517,888
138315,Mouse,4054,79
138361,Mouse,5718,75
138362,Mouse,5692,76
138375,Mouse,4223,76
138426,Mouse,4585,76
138444,Mouse,5157,85
138452,Mouse,3201,82
138462,Mouse,5132,76
138504,Mouse,4109,79
138533,Mouse,4688,80
138545,Mouse,3915,85
138561,Mouse,4192,77
138576,Elephant,367163,1423
138707,Mouse,3603,66
138757,Mouse,5789,74
138874,Mouse,5717,90
138885,Elephant,143404,619
138891,Elephant,348531,1079
138984,Mouse,3012,67
139012,Mouse,3197,64
139015,Mouse,4028,64
139141,Mouse,5705,69
139162,Mouse,4357,69
139276,Mouse,3693,70
139284,Mouse,5791,77
139295,Mouse,4479,74
139382,Mouse,4674,73
139391,Mouse,3384,70
139404,Elephant,272424,854
139444,Mouse,3998,71
139451,Mouse,3812,68
139465,Mouse,4064,67
139522,Mouse,3081,67
139661,Elephant,375039,989
139682,Mouse,4173,65
139697,Mouse,3278,70
139714,Mouse,4437,65
139797,Mouse,4194,64
139800,Mouse,3536,66
139818,Mouse,4732,69
139889,Mouse,5104,65
139970,Mouse,5010,65
139993,Mouse,4371,68
140003,Mouse,4948,73
140007,Mouse,5408,76
140127,Mouse,5004,71
140141,Mouse,3750,66
140214,Mouse,3877,74
140231,Mouse,5348,70
140290,Mouse,5514,73
140326,Mouse,4564,79
140343,Mouse,5301,80
140402,Mouse,5129,90
140459,Mouse,3519,98
140471,Mouse,5076,102
140552,Mouse,5652,93
140555,Elephant,410673,1115
140569,Mouse,4519,86
140653,Mouse,5258,70
140725,Elephant,130548,729
140736,Mouse,3757,64
140822,Mouse,3446,66
140831,Mouse,5097,68
140847,Mouse,4503,67
140953,Mouse,3869,69
140980,Mouse,4750,67
141005,Mouse,5007,76
141067,Mouse,4955,72
141110,Mouse,4042,72
141125,Mouse,5402,79
141233,Mouse,3985,80
141366,Mouse,5782,116
141393,Elephant,552277,1500
141398,Mouse,3567,113
141421,Mouse,3170,118
141567,Mouse,5082,110
141581,Mouse,4878,113
141585,Mouse,4147,114
141606,Mouse,4462,105
141624,Mouse,3605,100
141665,Mouse,5552,84
141707,Mouse,4964,75
141842,Mouse,3926,82
141871,Mouse,5475,89
141966,Mouse,4280,97
141990,Mouse,4661,105
141992,Mouse,4460,104
142073,Mouse,5078,109
142102,Mouse,4022,102
142127,Mouse,3006,89
142184,Mouse,4283,92
142204,Mouse,3503,96
142247,Mouse,5793,109
142303,Mouse,3177,94
142347,Mouse,3525,73
142395,Mouse,4876,66
142582,Mouse,5509,89
142701,Mouse,5593,99
142731,Mouse,5616,93
142738,Mouse,4633,97
142755,Mouse,3769,99
142801,Mouse,4854,101
142876,Mouse,4935,87
142918,Mouse,4789,92
142924,Mouse,4457,97
143017,Mouse,3586,102
143030,Mouse,3437,103
143091,Mouse,3382,99
143112,Mouse,4296,101
143121,Elephant,413584,2331
143126,Mouse,3024,98
143200,Elephant,246483,2054
143219,Mouse,3717,71
143232,Mouse,3839,72
143237,Mouse,3057,76
143301,Mouse,3417,75
143372,Mouse,5175,81
143389,Mouse,3400,84
143392,Elephant,347635,2257
143416,Mouse,4024,85
143449,Mouse,3535,82
143456,Mouse,5345,88
143461,Mouse,5159,91
143552,Mouse,5823,86
143808,Mouse,3986,87
143856,Mouse,4083,95
143871,Mouse,3893,100
143905,Mouse,4644,100
143919,Mouse,4200,104
143963,Mouse,3541,96
144113,Mouse,5660,87
144246,Mouse,3504,94
144269,Mouse,5629,96
144293,Mouse,4871,94
144394,Mouse,4881,75
144483,Mouse,3047,78
144500,Elephant,567926,2661
144530,Elephant,447394,1556
144748,Mouse,3720,84
144751,Mouse,3846,90
144783,Mouse,5178,95
144867,Mouse,3173,83
144913,Elephant,35343,293
145024,Mouse,4142,75
145165,Mouse,4939,92
145204,Mouse,4230,98
145224,Elephant,91526,652
145237,Mouse,3798,105
145252,Mouse,4327,108
145334,Mouse,4822,87
145428,Mouse,4885,94
145475,Elephant,182215,946
145486,Mouse,3821,106
145554,Mouse,4266,94
145559,Mouse,5043,96
145604,Mouse,4136,83
145615,Mouse,3346,86
145626,Mouse,5584,92
145691,Mouse,4294,95
145728,Mouse,3581,99
145781,Mouse,3209,87
145839,Mouse,4922,97
145848,Mouse,5423,96
145919,Mouse,5616,110
146015,Mouse,4215,114
146091,Mouse,3324,113
146092,Mouse,4261,114
146118,Elephant,200973,1276
146124,Mouse,4123,101
146128,Mouse,3956,97
146134,Mouse,3507,92
146188,Elephant,509166,2208
146326,Mouse,5123,67
146345,Mouse,4768,73
146349,Mouse,3657,69
146474,Elephant,342051,1919
146588,Mouse,4475,69
146875,Mouse,5207,104
146920,Mouse,5156,110
146970,Elephant,282648,1750
147022,Mouse,3057,67
147149,Mouse,3733,81
147174,Elephant,235017,928
147183,Mouse,3824,74
147206,Mouse,4928,79
147254,Mouse,4796,72
147278,Mouse,5046,71
147291,Mouse,4672,74
147350,Mouse,5659,81
147374,Mouse,3592,79
147379,Mouse,3797,81
147471,Mouse,5780,78
147477,Mouse,5649,72
147565,Mouse,5584,67
147596,Mouse,3581,67
147606,Mouse,5669,74
147680,Mouse,3304,78
147699,Mouse,4938,82
147806,Mouse,3858,81
147829,Mouse,3508,88
147857,Mouse,4835,99
147889,Mouse,5558,103
147982,Elephant,423946,1288
148002,Mouse,5390,79
148022,Mouse,5149,74
148037,Mouse,5731,66
148062,Mouse,4128,73
148085,Mouse,3221,64
148098,Mouse,3067,64
148112,Mouse,4023,68
148223,Mouse,4737,65
148257,Mouse,3219,68
148453,Mouse,3406,68
148456,Mouse,5176,69
148474,Elephant,437132,1457
148495,Mouse,3930,67
148586,Mouse,4214,67
148682,Mouse,4063,64
148718,Mouse,3489,67
148721,Mouse,3813,67
148813,Mouse,3161,64
148868,Mouse,5355,69
148893,Mouse,5493,70
148908,Mouse,4079,67
148984,Mouse,3141,66
149055,Elephant,546044,1499
149147,Mouse,4537,65
149177,Mouse,4953,67
149181,Mouse,3586,64
149237,Mouse,4727,65
149266,Mouse,4909,69
149285,Mouse,3897,64
149344,Elephant,140812,547
149350,Mouse,5684,66
149369,Mouse,4064,64
149415,Mouse,5027,65
149420,Mouse,3405,64
149436,Mouse,5266,65
149520,Mouse,5134,65
149558,Mouse,4180,64
149572,Mouse,5798,66
149643,Mouse,5060,65
149655,Mouse,4718,67
149661,Mouse,3591,68
149662,Mouse,4096,69
149667,Mouse,5425,66
149687,Mouse,5194,66
149750,Mouse,3357,64
149957,Mouse,5024,65
150003,Mouse,3639,65
150005,Mouse,4268,67
150055,Mouse,5523,66
150060,Mouse,3500,64
150066,Mouse,3811,66
150068,Mouse,4717,68
150102,Mouse,4801,65
150172,Mouse,3312,64
150177,Mouse,5444,66
150217,Mouse,5005,66
150280,Mouse,5746,66
150392,Mouse,5164,69
150421,Mouse,5272,69
150427,Mouse,5381,67
150442,Mouse,3609,68
150530,Elephant,64501,337
150630,Mouse,3191,67
150646,Mouse,5485,68
150719,Mouse,3374,67
150724,Mouse,3065,69
150734,Mouse,3645,76
150736,Mouse,4871,78
150754,Mouse,5604,80
150755,Mouse,3631,78
150775,Mouse,3506,76
150812,Mouse,5282,80
150817,Mouse,3221,81
150832,Mouse,4053,74
150847,Mouse,4707,68
150905,Mouse,5328,68
150958,Mouse,3546,69
150997,Mouse,3440,68
151000,Mouse,5089,72
151047,Mouse,3880,73
151090,Mouse,5767,81
151094,Mouse,4779,82
151139,Mouse,3700,81
151209,Elephant,186493,803
151231,Mouse,3173,73
151260,Mouse,4997,75
151302,Elephant,518483,1184
151589,Mouse,5200,65
151770,Mouse,4360,68
151865,Mouse,3207,68
151872,Mouse,4670,72
151875,Mouse,4211,74
151897,Mouse,5026,80
151948,Mouse,3470,80
152028,Mouse,5459,68
152098,Mouse,5430,71
152116,Mouse,4269,79
152118,Mouse,5531,82
152126,Mouse,5101,85
152150,Mouse,4623,83
152262,Elephant,352474,1071
152353,Mouse,4524,67
152401,Mouse,3603,64
152425,Elephant,490590,1258
152443,Mouse,4670,65
152555,Mouse,4391,66
152577,Mouse,4556,65
152672,Mouse,3240,66
152753,Mouse,4305,65
152835,Mouse,3793,64
152842,Mouse,3185,66
152868,Mouse,3133,64
152879,Mouse,4683,65
152952,Mouse,3930,64
153029,Mouse,4071,64
153036,Mouse,4795,65
153199,Mouse,3972,65
153251,Mouse,3971,64
153299,Mouse,3613,64
153397,Mouse,5492,67
153432,Mouse,5046,65
153523,Mouse,4383,66
153555,Mouse,3659,64
153576,Mouse,5816,67
153741,Mouse,4230,64
153774,Mouse,5729,71
153814,Mouse,5699,69
153880,Mouse,4777,69
154051,Mouse,4696,78
154136,Mouse,5489,83
154187,Elephant,532435,1189
154232,Mouse,3287,77
154316,Mouse,3517,67
154326,Mouse,4933,70
154335,Mouse,4811,69
154357,Mouse,3846,73
154366,Mouse,4531,75
154437,Mouse,5291,77
154476,Mouse,3163,75
154543,Mouse,3071,68
154651,Elephant,422319,1098
154668,Mouse,4376,83
154771,Mouse,3663,79
154880,Mouse,4066,79
154891,Mouse,3948,73
154905,Mouse,4993,78
154965,Elephant,121852,696
155020,Mouse,3013,67
155055,Mouse,3417,66
155100,Mouse,3800,69
155106,Mouse,3979,73
155118,Mouse,3010,72
155234,Mouse,4711,72
155258,Mouse,5038,76
155280,Mouse,5586,82
155578,Mouse,4525,76
155635,Mouse,4505,91
155707,Mouse,3278,84
155743,Mouse,5569,88
155821,Mouse,4494,87
155835,Mouse,3653,89
155845,Mouse,5087,91
155863,Elephant,568044,1598
156008,Mouse,4007,68
156053,Mouse,5650,71
156057,Mouse,5186,73
156061,Mouse,3991,78
156086,Mouse,3263,83
156237,Elephant,520314,1488
156264,Mouse,4270,73
156271,Mouse,3302,68
156306,Mouse,3399,72
156472,Mouse,3753,73
156481,Mouse,3573,79
156541,Mouse,3061,94
156773,Mouse,4328,88
156841,Mouse,5444,100
156842,Mouse,5510,101
156846,Mouse,5322,105
156928,Mouse,5508,113
156957,Mouse,4612,111
156966,Mouse,3174,91
157002,Mouse,5402,97
157064,Mouse,4493,82
157082,Mouse,4524,85
157092,Elephant,107511,901
157117,Mouse,4173,82
157123,Elephant,171086,1082
157334,Mouse,4581,91
157362,Mouse,4985,98
157437,Mouse,3089,106
157451,Mouse,4773,115
157458,Elephant,321263,1510
157463,Mouse,5126,103
157498,Mouse,5162,96
157616,Mouse,4949,70
157644,Mouse,5807,73
157702,Mouse,3021,76
157798,Mouse,5543,90
157814,Mouse,5143,97
157833,Mouse,4682,98
157876,Mouse,3386,105
157891,Mouse,3197,106
157921,Mouse,5166,113
157940,Mouse,3515,111
158151,Elephant,264504,1590
158153,Mouse,3393,82
158157,Mouse,4133,76
158234,Mouse,4140,72
158245,Mouse,4396,80
158318,Elephant,512187,1932
158387,Mouse,5529,67
158449,Mouse,4741,69
158496,Mouse,5808,69
158502,Mouse,4403,65
158633,Mouse,5442,66
158642,Mouse,5647,66
158854,Mouse,4534,67
158926,Mouse,4227,67
158945,Mouse,4857,65
158987,Mouse,5242,74
159042,Elephant,461397,1090
159071,Mouse,3243,67
159107,Mouse,5144,66
159122,Mouse,3813,68
159184,Mouse,5530,66
159346,Mouse,3671,64
159355,Mouse,3228,67
159462,Mouse,3149,66
159492,Mouse,5041,68
159494,Mouse,3501,67
159739,Mouse,4077,67
159781,Mouse,3465,67
159797,Elephant,140725,552
159900,Elephant,338603,897
159932,Mouse,5097,65
159954,Mouse,4194,64
160018,Mouse,4786,65
160037,Mouse,5197,68
160039,Mouse,5371,69
160102,Mouse,3345,64
160246,Mouse,3971,64
160271,Mouse,3628,64
160292,Mouse,5689,66
160317,Mouse,4104,64
160352,Mouse,5259,65
160377,Mouse,4284,65
160432,Mouse,5256,65
160445,Mouse,5060,65
160465,Mouse,4841,65
160726,Mouse,4602,66
160736,Mouse,5225,65
160759,Mouse,5549,66
160780,Mouse,3930,65
160802,Mouse,4478,65
160908,Mouse,4886,65
160920,Mouse,3395,64
161020,Mouse,5008,65
161065,Mouse,5572,66
161111,Mouse,5612,66
161130,Mouse,3181,64
161237,Mouse,4380,65
161356,Mouse,5213,65
161419,Mouse,3924,64
161465,Elephant,138167,576
161505,Mouse,3653,64
161708,Mouse,5039,65
161735,Mouse,4262,65
161798,Mouse,3796,64
162027,Mouse,5835,66
162050,Mouse,3579,64
162134,Mouse,3628,64
162142,Mouse,5460,66
162172,Mouse,3960,64
162208,Mouse,3333,64
162293,Mouse,4151,64
162323,Mouse,5641,66
162396,Mouse,4337,65
162563,Mouse,4082,64
162644,Mouse,4891,65
162710,Mouse,3379,70
162731,Mouse,3132,69
162732,Mouse,3880,69
162776,Mouse,4661,72
162819,Mouse,4822,70
162874,Mouse,3110,65
162892,Mouse,4730,75
162914,Mouse,3377,80
162973,Mouse,4387,80
163004,Mouse,4264,79
163009,Mouse,3053,81
163011,Elephant,212154,718
163088,Mouse,4048,69
163096,Mouse,5463,71
163124,Mouse,4154,70
163162,Elephant,247764,790
163168,Mouse,4851,71
163177,Mouse,3479,68
163193,Mouse,3124,64
163233,Mouse,5371,65
163316,Mouse,4931,65
163385,Mouse,3309,64
163431,Mouse,4340,65
163476,Mouse,4249,65
163509,Mouse,4858,65
163531,Mouse,4563,70
163684,Mouse,5249,65
163692,Mouse,4607,65
163769,Mouse,4419,65
163798,Mouse,5580,69
163885,Mouse,4816,68
163966,Mouse,3861,70
163974,Mouse,3005,67
164033,Elephant,535399,1423
164063,Mouse,3922,70
164065,Mouse,3658,68
164084,Mouse,4918,66
164185,Mouse,3519,65
164189,Mouse,4334,67
164220,Mouse,5312,70
164229,Mouse,4817,74
164239,Mouse,5656,72
164343,Mouse,4141,68
164405,Mouse,3713,66
164572,Mouse,5682,75
164608,Mouse,5625,77
164716,Mouse,3244,73
164779,Elephant,394756,1033
164832,Elephant,355430,965
164860,Mouse,4352,67
164969,Mouse,4993,65
164972,Elephant,35949,246
165022,Mouse,3342,64
165225,Mouse,5229,69
165322,Mouse,5021,65
165358,Mouse,3189,65
165446,Mouse,4327,66
165454,Mouse,5820,70
165480,Mouse,5412,68
165492,Mouse,5335,73
165503,Mouse,5339,73
165542,Elephant,240499,735
165546,Mouse,4289,68
165575,Mouse,3550,64
165663,Mouse,3076,64
165666,Mouse,3170,64
165686,Mouse,3669,64
165702,Mouse,5483,66
165852,Mouse,3967,64
165900,Mouse,5319,65
165909,Mouse,4313,71
165910,Mouse,5210,71
165911,Mouse,3274,70
165915,Mouse,4854,68
165970,Mouse,4648,69
166008,Mouse,3449,67
166031,Mouse,4411,65
166115,Mouse,5186,65
166135,Mouse,4478,68
166183,Mouse,4709,70
166224,Elephant,132760,545
166234,Mouse,5418,69
166260,Mouse,4778,65
166268,Mouse,3353,66
166369,Mouse,4828,65
166442,Mouse,3341,66
166443,Mouse,4753,67
166554,Mouse,4081,64
166704,Mouse,3909,64
166715,Mouse,5199,65
166784,Mouse,4867,65
166799,Mouse,5471,66
166815,Mouse,3244,64
166856,Mouse,4914,65
166964,Mouse,5487,66
167005,Mouse,3177,64
167018,Mouse,5655,66
167087,Mouse,5111,65
167127,Mouse,3271,64
167206,Mouse,3703,64
167220,Mouse,5257,65
167239,Mouse,3582,64
167282,Mouse,4064,66
167305,Mouse,4956,65
167327,Mouse,4491,66
167370,Mouse,5807,66
167381,Mouse,4946,65
167424,Mouse,3345,65
167443,Mouse,4207,64
167513,Mouse,3799,65
167652,Mouse,3720,72
167657,Mouse,3496,65
167699,Mouse,3346,65
167840,Mouse,5050,72
167865,Mouse,3898,70
167944,Mouse,3592,72
167986,Mouse,3361,68
168024,Mouse,3554,77
168045,Mouse,5390,72
168062,Mouse,3975,77
168069,Mouse,3753,81
168129,Mouse,3236,90
168178,Mouse,3941,85
168216,Mouse,4029,80
168238,Mouse,3671,91
168311,Mouse,3313,85
168342,Mouse,3326,84
168371,Mouse,3578,91
168551,Elephant,396288,1103
168564,Elephant,124098,794
168581,Mouse,5135,77
168603,Mouse,3552,73
168623,Mouse,4988,72
168628,Elephant,435041,1288
168679,Mouse,4128,65
168692,Mouse,5201,69
168850,Mouse,4024,68
168877,Mouse,4119,80
169107,Mouse,5452,80
169121,Mouse,3310,76
169174,Mouse,5591,87
169178,Mouse,3523,89
169197,Mouse,5316,95
169230,Mouse,5217,97
169286,Mouse,4381,87
169325,Mouse,3308,72
169354,Mouse,3911,68
169436,Mouse,3336,75
169439,Mouse,3310,76
169447,Mouse,3891,76
169471,Elephant,304272,1323
169477,Mouse,3101,76
169504,Mouse,5323,79
169531,Mouse,3504,78
169648,Mouse,3304,74
169687,Mouse,5586,79
169697,Elephant,503968,1286
169724,Mouse,5373,75
169761,Mouse,4405,85
169771,Mouse,3804,88
169778,Mouse,5284,73
169808,Mouse,4321,74
169827,Mouse,4111,69
169912,Mouse,4540,68
169960,Elephant,351702,1211
170034,Mouse,4547,65
170093,Mouse,5008,65
170124,Mouse,5036,65
170172,Mouse,5449,66
170223,Mouse,3883,64
170314,Mouse,4227,66
170352,Mouse,4119,64
170385,Mouse,3353,67
170389,Mouse,3342,64
170442,Elephant,386259,1012
170588,Mouse,3540,64
170614,Mouse,5160,65
170653,Mouse,3499,64
170681,Mouse,4068,64
170726,Mouse,5129,66
170816,Mouse,5390,65
170855,Mouse,4316,65
170924,Mouse,3543,65
171149,Mouse,3280,68
171428,Mouse,5605,73
171432,Mouse,3979,68
171467,Mouse,5778,83
171490,Mouse,3795,71
171521,Mouse,3009,80
171534,Mouse,4866,76
171583,Elephant,306148,858
171588,Mouse,3395,75
171625,Mouse,4630,67
171679,Elephant,149549,605
171699,Mouse,4402,66
171703,Mouse,3831,64
171770,Mouse,5629,66
171814,Mouse,5840,70
171864,Mouse,3752,65
171918,Elephant,39141,334
171969,Mouse,5778,66
172010,Mouse,5688,67
172068,Mouse,3985,67
172124,Mouse,4723,71
172145,Mouse,4630,73
172165,Mouse,3816,68
172196,Mouse,4376,71
172300,Mouse,3286,70
172309,Mouse,5020,73
172321,Mouse,3943,75
172393,Mouse,4967,82
172396,Elephant,433875,1062
172429,Mouse,4711,69
172526,Mouse,5650,66
172538,Mouse,5605,69
172604,Mouse,3337,64
172626,Mouse,4472,66
172692,Mouse,3686,68
172812,Mouse,4304,69
172846,Elephant,460773,1086
172847,Mouse,5335,71
172909,Mouse,5426,65
172928,Mouse,4929,65
172955,Mouse,4934,66
172973,Mouse,4064,65
172982,Mouse,4780,65
173052,Mouse,3615,64
173072,Mouse,4834,65
173078,Mouse,5607,66
173081,Mouse,3440,64
173358,Mouse,4109,64
173434,Mouse,4281,72
173445,Mouse,3772,68
173454,Mouse,4036,64
173634,Mouse,5469,67
173733,Mouse,3982,77
173785,Mouse,5438,94
173826,Mouse,5549,96
173842,Mouse,3877,103
173991,Elephant,261887,889
174019,Mouse,3715,85
174030,Mouse,4298,85
174116,Mouse,5333,68
174205,Mouse,4079,74
174373,Mouse,3580,93
174401,Mouse,4271,97
174445,Mouse,4364,103
174506,Mouse,3889,106
174508,Mouse,5778,111
174537,Mouse,4572,107
174542,Mouse,3338,108
174546,Mouse,3076,109
174616,Mouse,3418,110
174690,Elephant,187732,850
174720,Mouse,4940,82
174813,Mouse,4018,71
174830,Mouse,3602,75
174845,Elephant,558298,1745
175053,Mouse,4004,76
175081,Mouse,5298,86
175147,Mouse,3515,96
175154,Mouse,3471,100
175157,Mouse,3938,102
175164,Elephant,438369,1523
175178,Mouse,3800,96
175191,Mouse,3698,95
175194,Mouse,3484,94
175206,Mouse,5267,87
175213,Elephant,310452,1796
175245,Mouse,4607,84
175255,Mouse,4966,76
175318,Mouse,4894,65
175394,Mouse,5420,72
175411,Mouse,5305,69
175411,Mouse,4732,69
175451,Mouse,5155,73
175521,Mouse,3647,66
175528,Mouse,3139,68
175559,Mouse,4326,69
175585,Mouse,5304,77
175598,Mouse,5135,77
175672,Mouse,4281,65
175813,Mouse,4694,73
175814,Mouse,4658,73
175852,Mouse,5688,79
175872,Elephant,252178,1108
176018,Mouse,4090,65
176034,Mouse,4829,66
176161,Mouse,4374,69
176300,Mouse,3720,79
176326,Mouse,4919,90
176348,Mouse,3799,99
176372,Mouse,3542,100
176402,Elephant,547309,1659
176410,Mouse,4676,104
176412,Mouse,5061,105
176483,Mouse,5198,71
176505,Mouse,5110,65
176581,Mouse,5826,67
176648,Mouse,3993,69
176674,Mouse,4112,70
176680,Mouse,5238,66
176723,Mouse,5413,79
176739,Mouse,5283,70
176848,Mouse,5521,72
176905,Mouse,3112,78
176941,Mouse,4702,86
176989,Mouse,3452,95
177012,Mouse,5690,100
177018,Mouse,3199,102
177114,Mouse,5573,98
177134,Mouse,3360,89
177225,Mouse,4265,89
177332,Elephant,578279,1555
177352,Mouse,5301,85
177413,Mouse,4323,80
177418,Mouse,3976,69
177529,Mouse,4006,70
177604,Mouse,5238,83
177617,Mouse,5446,90
177641,Mouse,5304,95
177654,Elephant,385676,1596
177664,Mouse,4113,93
177670,Mouse,3668,86
177709,Mouse,3280,84
177732,Mouse,4441,77
177736,Mouse,5638,78
177835,Elephant,220371,848
177844,Elephant,218236,1015
177892,Mouse,5557,66
177909,Mouse,5080,65
177970,Mouse,3703,64
178146,Mouse,5288,65
178175,Mouse,5326,65
178181,Mouse,3445,64
178234,Mouse,4613,65
178274,Mouse,5406,66
178300,Mouse,4176,64
178377,Mouse,3947,64
178416,Mouse,3873,67
178475,Mouse,5360,65
178523,Mouse,4514,65
178544,Mouse,5754,69
178551,Mouse,4467,65
178813,Mouse,3539,72
178914,Mouse,4493,72
178926,Mouse,5693,78
178936,Mouse,3396,72
178957,Mouse,5165,78
178977,Mouse,4874,91
178978,Mouse,5300,91
178983,Mouse,5608,93
179000,Mouse,3118,89
179032,Mouse,5762,97
179102,Mouse,5102,74
179236,Mouse,5834,89
179272,Mouse,5732,87
179324,Mouse,5723,89
179399,Elephant,382101,1096
179415,Mouse,3520,83
179421,Mouse,3492,83
179482,Mouse,4979,71
179533,Mouse,4120,71
179588,Mouse,5510,73
179619,Mouse,4566,81
179626,Mouse,3393,77
179696,Mouse,5673,77
179784,Mouse,5334,85
179801,Mouse,3718,87
179850,Mouse,5553,98
180013,Mouse,3052,76
180133,Mouse,5197,98
180168,Mouse,5091,103
180193,Elephant,555017,1672
180246,Mouse,3290,79
180258,Mouse,3595,76
180282,Mouse,4628,81
180308,Elephant,385671,1735
180364,Mouse,5503,68
180444,Mouse,4406,75
180453,Mouse,5822,80
180544,Mouse,3713,69
180560,Elephant,288683,1422
180584,Mouse,5271,70
180696,Mouse,5622,78
180706,Mouse,5119,80
180873,Mouse,4544,97
180895,Mouse,3507,102
180937,Mouse,3130,108
180966,Mouse,5324,115
181159,Mouse,5681,81
181173,Mouse,4716,78
181190,Mouse,3313,87
181291,Elephant,404269,1755
181305,Mouse,5405,81
181335,Mouse,5275,92
181381,Mouse,4634,92
181413,Mouse,3785,86
181533,Mouse,3658,80
181628,Mouse,3990,106
181784,Mouse,4275,67
181862,Elephant,168772,1190
181872,Mouse,4733,88
181897,Elephant,314729,1552
182033,Mouse,5405,74
182086,Mouse,5025,78
182232,Elephant,369101,1677
182242,Mouse,3892,84
182334,Mouse,5193,68
182385,Elephant,218199,1204
182387,Mouse,3771,70
182458,Mouse,3840,68
182542,Mouse,3202,69
182567,Mouse,4411,65
182595,Elephant,105150,610
182597,Elephant,213462,829
182635,Mouse,4043,69
182642,Mouse,4773,70
182670,Mouse,4698,65
182694,Mouse,3032,64
182781,Mouse,4385,65
182873,Mouse,4662,69
182891,Mouse,3433,64
183014,Mouse,5317,67
183044,Mouse,3915,66
183085,Mouse,3419,65
183184,Mouse,5481,67
183206,Mouse,4617,65
183212,Mouse,3942,65
183240,Mouse,4943,69
183376,Mouse,3156,67
183447,Mouse,3388,74
183447,Mouse,5377,76
183448,Mouse,5525,77
183462,Mouse,3359,78
183498,Mouse,4956,80
183534,Mouse,5574,73
183673,Mouse,5624,75
183682,Elephant,206197,700
183693,Mouse,4063,70
183732,Mouse,5297,73
183738,Mouse,3570,74
183801,Mouse,4668,74
183860,Mouse,5416,74
183871,Mouse,3118,73
183998,Mouse,4077,70
184035,Mouse,4068,69
184045,Mouse,3724,74
184055,Mouse,3598,75
184108,Elephant,428929,1066
184138,Mouse,3592,76
184181,Mouse,3836,67
184292,Mouse,4451,72
184325,Mouse,4389,72
184398,Mouse,4382,82
184410,Mouse,3269,89
184430,Mouse,3081,95
184449,Mouse,3875,96
184452,Mouse,4182,97
184461,Mouse,4690,104
184516,Mouse,5386,109
184534,Mouse,3771,112
184796,Mouse,4481,90
184813,Elephant,167320,823
184894,Elephant,370609,1242
184912,Mouse,5460,75
184920,Mouse,4024,72
184990,Mouse,5357,72
184997,Mouse,5271,67
185051,Mouse,4196,68
185165,Mouse,3486,81
185195,Mouse,3216,85
185220,Mouse,5248,94
185233,Mouse,5498,102
185262,Mouse,5787,112
185266,Mouse,5266,114
185328,Mouse,5658,111
185333,Mouse,4950,110
185365,Mouse,4483,103
185392,Mouse,4846,94
185419,Mouse,3962,100
185423,Mouse,5603,104
185631,Elephant,163842,1032
185689,Mouse,5271,78
185703,Mouse,5109,81
185855,Mouse,4408,83
185917,Mouse,4920,99
185991,Mouse,5763,123
186026,Mouse,3903,115
186086,Mouse,3462,102
186175,Mouse,3845,90
186176,Mouse,5636,92
186296,Mouse,5592,94
186310,Elephant,516033,2031
186313,Mouse,3579,98
186379,Mouse,5136,84
186385,Mouse,3166,93
186543,Mouse,5051,85
186573,Mouse,5596,90
186589,Mouse,5088,94
186596,Elephant,587235,2366
186605,Mouse,3445,100
186676,Mouse,5015,97
186774,Mouse,5418,70
186831,Mouse,5342,73
186862,Mouse,4131,72
186877,Mouse,5798,81
186878,Mouse,4321,82
186909,Mouse,5578,87
187052,Elephant,392466,2151
187125,Mouse,4708,76
187190,Mouse,5673,84
187263,Mouse,4339,92
187344,Mouse,5219,98
187380,Mouse,3631,90
187385,Mouse,4455,89
187430,Mouse,5004,96
187563,Mouse,4677,130
187631,Mouse,3458,127
187643,Mouse,3963,125
187661,Mouse,3478,128
187671,Mouse,4430,129
187719,Mouse,4181,110
187788,Mouse,3246,87
187817,Elephant,544556,2292
187919,Elephant,159778,965
187946,Mouse,3683,66
187986,Mouse,3333,75
187996,Mouse,4238,77
188079,Mouse,4455,78
188167,Elephant,242580,1830
188217,Mouse,4816,80
188266,Mouse,4210,79
188344,Elephant,418724,1897
188350,Mouse,4643,86
188359,Mouse,5332,89
188391,Mouse,3379,83
188527,Mouse,4966,67
188608,Mouse,4529,72
188642,Mouse,5098,72
188663,Mouse,5623,76
188671,Mouse,3645,77
188709,Mouse,4472,82
188757,Mouse,5401,82
189026,Mouse,4605,95
189043,Mouse,4122,98
189085,Elephant,347721,1178
189150,Elephant,465090,1818
189169,Mouse,5764,71
189176,Mouse,3175,65
189391,Mouse,5836,67
189448,Mouse,5676,66
189476,Mouse,3392,64
189481,Mouse,5160,65
189512,Mouse,5671,67
189624,Mouse,3808,65
189687,Mouse,5460,69
189704,Mouse,3266,64
189710,Mouse,4450,65
189902,Mouse,5222,67
189923,Mouse,4936,65
189966,Mouse,5556,67
189993,Mouse,3993,64
190150,Mouse,4506,66
190255,Mouse,4637,67
190349,Mouse,4938,68
190465,Mouse,3229,67
190522,Mouse,4241,70
190567,Mouse,3757,85
190618,Mouse,3372,100
190687,Mouse,5282,104
190713,Mouse,4806,102
190765,Mouse,5063,94
190834,Mouse,4475,75
190868,Mouse,4693,77
190931,Mouse,3369,72
190937,Mouse,3138,72
190968,Mouse,3575,68
191021,Mouse,5634,74
191039,Mouse,4162,76
191093,Mouse,4207,82
191169,Mouse,3958,81
191219,Mouse,3577,87
191230,Mouse,4894,93
191256,Mouse,5149,102
191265,Mouse,4382,104
191312,Mouse,5727,104
191390,Mouse,3944,84
191510,Mouse,3358,77
191524,Elephant,547963,1604
191595,Mouse,3287,73
191666,Mouse,5407,70
191687,Mouse,3041,71
191856,Mouse,5537,71
191937,Mouse,3019,82
191961,Elephant,482647,1757
192019,Mouse,3016,65
192026,Mouse,3871,66
192121,Mouse,3999,68
192201,Mouse,5601,77
192229,Elephant,543234,1817
192269,Mouse,3915,67
192299,Mouse,3655,64
192373,Mouse,4425,74
192434,Mouse,4741,81
192510,Mouse,5159,70
192529,Mouse,3301,64
192537,Mouse,3437,64
192555,Mouse,3577,70
192590,Mouse,4624,66
192625,Mouse,5259,69
192675,Mouse,4945,67
192716,Mouse,3147,66
192723,Mouse,4282,69
192743,Mouse,5139,67
192762,Mouse,4708,65
192800,Mouse,3043,73
192809,Mouse,5309,70
192871,Mouse,3302,69
192887,Mouse,3567,68
192893,Elephant,361457,957
192915,Mouse,3265,68
193040,Mouse,3275,64
193070,Mouse,5486,66
193103,Mouse,5797,66
193145,Mouse,3415,65
193195,Mouse,3091,64
193282,Mouse,4870,65
193417,Mouse,3675,64
193430,Mouse,4350,65
193466,Mouse,4489,65
193470,Mouse,3199,66
193491,Mouse,3128,64
193661,Mouse,3903,67
193761,Mouse,4515,65
193824,Mouse,3289,69
193952,Elephant,136390,546
194004,Mouse,4172,73
194005,Mouse,5506,75
194010,Mouse,4499,73
194242,Mouse,3774,67
194349,Mouse,3900,68
194385,Mouse,4187,71
194394,Mouse,5379,77
194438,Mouse,3842,79
194493,Mouse,5350,80
194504,Mouse,5817,75
194629,Elephant,506961,1208
194694,Mouse,4183,66
194734,Mouse,5424,70
194768,Mouse,5665,70
194898,Mouse,5399,67
194940,Mouse,4969,70
195006,Mouse,5709,70
195067,Mouse,3651,72
195077,Elephant,563569,1412
195205,Mouse,4054,64
195242,Mouse,5767,71
195345,Mouse,3401,67
195369,Mouse,5747,70
195374,Mouse,3226,67
195403,Mouse,4803,69
195416,Mouse,3321,70
195422,Mouse,5348,73
195587,Mouse,3356,66
195814,Elephant,423645,1089
196083,Mouse,4353,90
196178,Mouse,3272,109
196232,Elephant,349649,1211
196247,Mouse,5227,91
196268,Mouse,5527,76
196290,Mouse,5432,74
196299,Mouse,5667,68
196339,Mouse,5803,79
196341,Elephant,312662,1027
196414,Elephant,104388,764
196438,Mouse,5083,65
196473,Mouse,3797,64
196603,Mouse,4710,65
196609,Mouse,4928,65
196671,Mouse,5198,68
196797,Mouse,4971,65
196856,Mouse,4621,71
196883,Mouse,4518,65
196958,Elephant,71469,379
196965,Mouse,4825,68
196992,Elephant,378862,1364
196999,Mouse,5505,67
197087,Mouse,5722,66
197106,Mouse,4274,65
197125,Mouse,3055,64
197137,Mouse,3271,64
197196,Mouse,3326,64
197381,Mouse,3618,64
197583,Mouse,3661,64
197620,Mouse,4318,68
197649,Mouse,3147,64
197755,Mouse,5603,67
197782,Elephant,95292,448
197895,Mouse,5492,69
197907,Mouse,3889,64
198031,Mouse,5189,66
198090,Mouse,3322,64
198147,Mouse,3359,67
198175,Mouse,5640,68
198190,Mouse,4162,68
198219,Mouse,5262,72
198229,Mouse,5269,65
198253,Mouse,4838,69
198320,Mouse,3010,67
198448,Mouse,5105,73
198473,Mouse,3261,67
198484,Mouse,4442,74
198498,Mouse,5102,81
198683,Elephant,488745,1117
198709,Mouse,3103,68
198730,Mouse,3142,70
198908,Mouse,5800,70
198972,Mouse,4529,84
199073,Mouse,4492,95
199119,Mouse,3888,106
199173,Mouse,3598,114
199205,Mouse,3542,109
199366,Elephant,478329,1309
199366,Mouse,3745,94
199412,Mouse,5658,66
199514,Elephant,87343,714
199577,Mouse,5130,75
199640,Mouse,5656,68
199714,Mouse,4160,75
199839,Mouse,5148,87
199971,Elephant,160812,1028
200091,Mouse,4315,79
200222,Mouse,4937,114
200232,Mouse,4502,109
200262,Mouse,5675,110
200313,Mouse,4162,99
200385,Mouse,3847,89
200434,Mouse,3911,83
200471,Mouse,4207,88
200503,Elephant,469284,1876
200593,Mouse,4206,73
200688,Mouse,4152,72
200768,Mouse,4375,85
200776,Elephant,100197,772
200793,Mouse,3411,86
200831,Mouse,3691,83
200937,Mouse,5720,86
200968,Mouse,4445,88
201068,Mouse,4811,80
201190,Mouse,4513,92
201280,Mouse,5440,104
201306,Mouse,3437,99
201352,Mouse,4160,102
201363,Mouse,5162,108
201416,Elephant,374393,1627
201452,Mouse,5047,109
201483,Mouse,4444,95
201519,Mouse,3260,79
201519,Mouse,4852,86
201543,Mouse,5296,86
201563,Mouse,4592,85
201580,Mouse,3371,75
201670,Mouse,3550,75
201698,Elephant,459998,2109
201723,Mouse,3878,83
201735,Mouse,5748,88
201753,Mouse,4599,96
201757,Mouse,4719,95
201805,Mouse,5279,98
201891,Mouse,5554,93
201958,Elephant,349182,1914
201958,Mouse,4714,90
202058,Mouse,5806,67
202153,Mouse,3208,69
202160,Elephant,76852,532
202197,Mouse,3003,76
202301,Mouse,5825,86
202508,Elephant,324729,1751
202538,Mouse,3948,78
202586,Mouse,5786,82
202602,Mouse,3699,70
202706,Elephant,304813,1389
202711,Mouse,4410,84
202743,Mouse,5106,85
202767,Mouse,3466,81
202802,Mouse,5757,90
202823,Mouse,3918,94
202829,Mouse,3957,96
202871,Mouse,4864,91
202895,Elephant,331563,1165
202908,Mouse,4954,91
202911,Mouse,4844,88
202916,Mouse,3205,80
203136,Mouse,4408,76
203263,Mouse,5773,98
203300,Elephant,145488,649
203330,Mouse,5132,115
203345,Mouse,5377,118
203406,Mouse,4764,101
203407,Mouse,3492,89
203468,Mouse,5410,80
203475,Mouse,5237,82
203629,Elephant,458664,1718
203669,Mouse,3063,67
203701,Mouse,5576,76
203719,Mouse,3822,71
203749,Mouse,3127,74
203765,Mouse,5805,82
203784,Mouse,5356,74
203824,Mouse,5700,75
203992,Mouse,5405,84
204120,Mouse,4269,92
204126,Mouse,3938,96
204165,Mouse,3840,99
204196,Mouse,3818,100
204213,Elephant,339785,1666
204222,Mouse,4324,103
204265,Mouse,4973,83
204266,Mouse,3893,78
204398,Mouse,5409,74
204463,Elephant,457971,1581
204525,Mouse,4184,66
204539,Mouse,4729,69
204559,Mouse,3210,68
204562,Mouse,5020,70
204626,Mouse,5318,69
204641,Elephant,478384,1716
204658,Mouse,3306,65
204699,Mouse,3703,70
204903,Mouse,5214,68
204918,Mouse,3097,68
205005,Mouse,3317,70
205033,Mouse,4436,67
205103,Mouse,3169,64
205145,Mouse,3977,65
205364,Mouse,3381,68
205425,Mouse,3352,65
205500,Mouse,3261,71
205573,Elephant,386502,1045
205591,Mouse,3731,64
205991,Mouse,3341,64
206033,Mouse,4498,65
206046,Mouse,5327,67
206114,Mouse,3239,64
206196,Mouse,5219,65
206209,Mouse,3110,64
206304,Mouse,5632,66
206346,Mouse,4992,66
206371,Mouse,4703,71
206504,Mouse,5250,67
206509,Mouse,4464,65
206527,Mouse,5382,65
206642,Mouse,3820,64
206724,Mouse,4120,64
206728,Mouse,3930,64
206738,Mouse,3351,64
206754,Elephant,140973,543
206771,Mouse,5816,68
206836,Mouse,3217,65
206909,Mouse,5829,66
206923,Mouse,3066,64
206937,Mouse,4570,69
206943,Mouse,5815,71
207036,Mouse,4171,64
207094,Mouse,5165,70
207102,Mouse,4225,66
207191,Mouse,3445,64
207368,Mouse,4046,64
207393,Mouse,5506,69
207441,Mouse,5422,72
207449,Elephant,206876,682
207498,Mouse,5076,65
207530,Mouse,4014,64
207589,Mouse,3949,64
207603,Mouse,3336,66
207604,Mouse,4367,67
207649,Mouse,5726,69
207667,Mouse,4020,64
207690,Mouse,5170,68
207753,Mouse,3239,66
207754,Mouse,4197,67
207865,Mouse,3532,72
207870,Mouse,5746,69
207913,Mouse,3901,70
207958,Mouse,4497,67
207988,Mouse,3174,68
208044,Mouse,5578,73
208258,Elephant,203056,683
208264,Mouse,3852,67
208337,Mouse,3420,67
208397,Mouse,3964,64
208458,Mouse,4347,67
208482,Mouse,5000,69
208514,Mouse,5455,74
208549,Mouse,4439,71
208553,Mouse,3318,73
208564,Mouse,5249,78
208579,Mouse,3612,79
208601,Elephant,269465,813
208636,Mouse,4739,77
208666,Mouse,5187,65
208670,Mouse,4282,65
208690,Mouse,3538,72
208758,Mouse,3541,66
208759,Mouse,5243,68
208855,Mouse,4190,70
208886,Mouse,4038,82
208898,Mouse,4355,80
208898,Mouse,4612,89
208918,Mouse,3060,73
208955,Mouse,5020,83
208990,Mouse,4525,86
209005,Elephant,149903,615
209049,Mouse,4097,81
209156,Mouse,5499,95
209249,Mouse,3853,96
209255,Mouse,4180,101
209309,Mouse,3321,98
209377,Mouse,4266,94
209379,Mouse,5471,96
209429,Mouse,3541,86
209524,Mouse,5696,68
209537,Elephant,157392,836
209696,Mouse,4290,69
209769,Mouse,4077,66
209803,Mouse,5397,71
209892,Mouse,4599,73
209941,Elephant,466518,1466
209971,Mouse,4651,71
209986,Mouse,4295,73
210362,Mouse,4425,68
210378,Mouse,4189,68
210472,Mouse,4790,71
210473,Mouse,3961,70
210489,Elephant,503121,1571
210536,Mouse,5144,65
210576,Mouse,4717,65
210669,Mouse,4640,66
210778,Mouse,3008,64
210787,Mouse,5058,65
210793,Mouse,4301,65
210948,Mouse,3581,65
210950,Mouse,4693,67
211015,Mouse,3407,67
211042,Mouse,4354,69
211054,Mouse,5090,73
211073,Mouse,5788,73
211080,Mouse,4351,69
211163,Mouse,5746,76
211198,Mouse,5682,77
211249,Mouse,3931,79
211302,Elephant,201025,740
211340,Mouse,3253,78
211355,Mouse,5286,87
211372,Mouse,5215,73
211445,Mouse,4048,69
211485,Mouse,3225,71
211501,Mouse,3167,72
211540,Mouse,3213,76
211608,Mouse,3078,82
211609,Mouse,3899,83
211736,Mouse,5017,85
211826,Elephant,320345,1066
211860,Mouse,3454,74
211942,Mouse,4493,72
211962,Mouse,5277,73
211980,Mouse,4946,73
212226,Elephant,413612,1256
212362,Mouse,4872,72
212367,Mouse,4760,75
212370,Elephant,517552,1337
212384,Mouse,4377,69
212407,Mouse,4265,72
212477,Mouse,3091,67
212534,Mouse,5025,65
212547,Mouse,4921,65
212673,Mouse,3112,64
212678,Mouse,5526,66
212776,Elephant,202137,678
212792,Mouse,5621,66
212797,Mouse,3829,64
212823,Mouse,3080,64
212857,Mouse,5748,66
212899,Mouse,5193,66
212943,Mouse,5458,67
212945,Mouse,4062,67
213042,Mouse,3907,64
213198,Mouse,3753,64
213263,Mouse,3325,64
213312,Mouse,3071,64
213351,Mouse,3104,64
213395,Mouse,5208,66
213518,Mouse,4227,64
213574,Mouse,4570,65
213696,Mouse,4647,65
213812,Mouse,5541,70
213929,Mouse,5003,68
214027,Mouse,3659,66
214038,Mouse,5641,75
214069,Mouse,5776,91
214072,Mouse,3870,91
214083,Elephant,91498,440
214150,Mouse,4050,79
214296,Mouse,5548,76
214309,Mouse,4104,79
214389,Elephant,101038,504
214432,Mouse,4871,80
214438,Mouse,4183,85
214579,Mouse,5291,86
214589,Mouse,4144,88
214601,Mouse,3158,90
214653,Mouse,4300,107
214682,Mouse,3735,104
214745,Mouse,4322,78
214766,Mouse,3891,76
214798,Mouse,4370,81
214805,Mouse,3281,85
214825,Mouse,4977,91
214933,Elephant,242054,1173
214947,Mouse,5791,73
214958,Mouse,4806,76
215047,Mouse,5198,72
215086,Mouse,3986,77
215097,Mouse,3253,79
215142,Mouse,5425,85
215227,Elephant,346647,1397
215248,Mouse,3648,69
215259,Mouse,3414,74
215326,Mouse,5333,81
215387,Elephant,550663,1776
215536,Mouse,5287,69
215622,Mouse,3525,65
215649,Mouse,3944,77
215669,Mouse,5213,73
215670,Mouse,5542,74
215686,Mouse,4319,72
215697,Mouse,4816,81
215713,Mouse,4220,84
215826,Elephant,555594,1740
215841,Elephant,132192,587
215858,Mouse,5582,66
215893,Mouse,3550,64
215943,Mouse,4918,65
216030,Mouse,4070,67
216030,Mouse,3561,67
216052,Mouse,4742,65
216060,Mouse,4919,65
216134,Mouse,5077,65
216160,Mouse,5157,65
216626,Mouse,3759,67
216781,Mouse,3171,71
216821,Elephant,74791,373
216878,Elephant,272187,796
216895,Mouse,4663,66
216899,Mouse,4090,65
216906,Mouse,5576,66
216911,Mouse,3159,66
217036,Mouse,4669,65
217188,Mouse,3666,64
217220,Mouse,4785,69
217327,Mouse,4370,65
217455,Mouse,4731,68
217522,Mouse,4681,67
217543,Mouse,4431,65
217626,Mouse,3570,66
217743,Elephant,473055,1073
217815,Mouse,4889,65
217820,Mouse,4919,65
217842,Mouse,4792,65
217851,Mouse,5346,65
217867,Mouse,3793,64
217882,Mouse,4852,65
218105,Mouse,4299,65
218173,Mouse,4405,69
218263,Mouse,3740,64
218319,Mouse,5315,65
218341,Mouse,4085,67
218357,Mouse,5306,65
218405,Mouse,3420,64
218419,Mouse,3194,64
218673,Mouse,5434,66
218677,Mouse,4477,65
218691,Elephant,309065,848
218743,Mouse,5072,66
218767,Mouse,3609,64
218846,Mouse,5605,66
218854,Mouse,3016,64
218930,Mouse,3368,64
218937,Mouse,5205,65
218996,Mouse,3229,64
219052,Mouse,3374,68
219181,Mouse,4782,67
219523,Mouse,4018,90
219561,Mouse,5648,100
219632,Mouse,3645,120
219671,Mouse,5399,133
219712,Elephant,173996,751
219764,Mouse,4196,139
219817,Elephant,207527,832
219833,Mouse,5598,113
219844,Mouse,4989,106
219930,Mouse,4094,66
219960,Mouse,3009,71
219984,Mouse,3874,64
220146,Mouse,5588,70
220186,Mouse,3093,76
220194,Mouse,4119,80
220361,Mouse,5714,94
220364,Elephant,586841,1771
220514,Mouse,4940,69
220542,Mouse,3896,76
220633,Mouse,3376,66
220728,Mouse,5586,79
220759,Mouse,5647,76
220832,Mouse,3767,74
220877,Mouse,5429,82
221008,Mouse,5096,87
221082,Mouse,4091,96
221087,Elephant,474900,1708
221154,Mouse,5594,74
221167,Mouse,5682,74
221172,Mouse,3982,68
221174,Mouse,3146,68
221221,Mouse,4346,70
221229,Mouse,5744,73
221268,Elephant,548399,1462
221414,Mouse,3766,67
221526,Mouse,5581,70
221751,Mouse,4640,69
221769,Mouse,3392,67
221787,Mouse,4301,69
221794,Mouse,3732,69
221809,Elephant,199899,685
221830,Mouse,4884,74
221869,Mouse,3972,67
221890,Mouse,4555,66
221892,Mouse,3379,65
221901,Mouse,5234,65
221906,Mouse,3511,65
221986,Mouse,5758,66
222089,Mouse,5691,73
222125,Mouse,5590,68
222132,Mouse,4072,72
222143,Mouse,4210,75
222161,Mouse,4816,70
222250,Mouse,4839,70
222335,Mouse,3563,72
222371,Mouse,5053,73
222433,Mouse,4661,86
222492,Elephant,273026,852
222534,Mouse,4065,65
222590,Mouse,4849,68
222621,Mouse,5734,66
222776,Mouse,3101,69
222837,Elephant,94096,571
222841,Mouse,3365,70
223009,Mouse,3266,64
223023,Mouse,3778,65
223045,Mouse,5019,73
223158,Elephant,470707,1273
223163,Mouse,3836,65
223259,Mouse,3487,64
223304,Mouse,4997,70
223379,Elephant,79647,407
223389,Mouse,3752,64
223538,Mouse,4597,66
223615,Mouse,5776,66
223761,Mouse,5424,65
223794,Mouse,4383,65
223847,Mouse,5170,65
223864,Mouse,4126,64
223896,Mouse,3495,64
224140,Mouse,5456,66
224258,Mouse,4370,65
224362,Mouse,3297,67
224374,Mouse,4833,72
224382,Mouse,5453,71
224420,Mouse,5622,74
224430,Mouse,5394,65
224453,Mouse,5345,68
224470,Mouse,3825,67
224477,Mouse,3487,64
224495,Mouse,5240,68
224496,Elephant,133432,542
224501,Mouse,5612,69
224507,Mouse,5562,66
224686,Mouse,3048,64
224782,Elephant,150100,579
224879,Mouse,4236,64
224919,Mouse,5266,65
225085,Mouse,4910,69
225193,Mouse,3408,74
225239,Mouse,4232,74
225288,Elephant,240360,821
225292,Mouse,5537,73
225304,Mouse,5073,74
225324,Mouse,5769,79
225331,Mouse,4719,82
225342,Mouse,5831,80
225358,Mouse,3714,74
225448,Mouse,5263,76
225512,Mouse,5354,77
225549,Elephant,437054,1052
225584,Mouse,5637,74
225640,Mouse,4127,72
225703,Mouse,3179,64
225719,Elephant,179498,659
225722,Mouse,4197,65
225827,Mouse,3240,64
226006,Mouse,3605,64
226202,Mouse,4746,65
226261,Mouse,4454,65
226265,Mouse,3936,66
226272,Mouse,3008,70
226274,Mouse,5800,74
226276,Mouse,4818,73
226292,Mouse,3160,64
226396,Mouse,3749,64
226436,Mouse,3544,64
226463,Mouse,5266,65
226553,Mouse,4457,65
226645,Mouse,5522,66
226751,Mouse,4734,70
226807,Mouse,3339,64
226809,Mouse,3102,64
226838,Mouse,5768,69
226844,Mouse,3751,71
226853,Mouse,3733,72
226906,Mouse,5776,66
226946,Mouse,4629,65
226953,Mouse,3742,64
227041,Mouse,5518,66
227070,Mouse,4328,69
227121,Mouse,3636,71
227167,Mouse,3402,64
227205,Mouse,3405,67
227220,Mouse,3246,67
227264,Mouse,4926,77
227268,Mouse,4600,78
227365,Elephant,431622,1029
227473,Mouse,5320,71
227535,Mouse,3908,64
227677,Mouse,4099,64
227771,Mouse,4229,66
227869,Mouse,3327,67
227982,Elephant,297857,840
228010,Mouse,4889,66
228020,Mouse,3019,64
228116,Mouse,4131,64
228173,Mouse,3051,64
228227,Mouse,3143,64
228294,Mouse,4026,64
228324,Mouse,4179,67
228421,Mouse,5036,67
228461,Mouse,5725,71
228542,Mouse,3757,68
228602,Mouse,4275,70
228668,Mouse,3749,67
228708,Mouse,3000,66
228850,Mouse,3357,67
228865,Mouse,5246,69
228998,Mouse,3590,71
229091,Mouse,5205,80
229104,Mouse,5475,84
229112,Mouse,5058,89
229156,Elephant,483195,1117
229168,Elephant,258001,817
229203,Mouse,5056,81
229266,Mouse,5768,66
229366,Mouse,3635,66
229371,Mouse,4138,64
229482,Mouse,3707,64
229501,Mouse,5362,70
229578,Mouse,5591,69
229590,Mouse,3206,76
229613,Mouse,4568,73
229690,Mouse,4259,69
229827,Mouse,4969,78
229960,Mouse,5744,92
229984,Mouse,3979,95
230062,Mouse,4092,110
230146,Mouse,4000,81
230412,Elephant,231129,986
230457,Mouse,5744,81
230527,Mouse,4571,73
230535,Mouse,5022,77
230579,Elephant,497737,1447
230616,Elephant,508259,1406
230621,Mouse,5696,82
230639,Mouse,4676,66
230688,Mouse,5072,69
230700,Mouse,4670,65
230724,Mouse,4423,72
230727,Mouse,5377,74
230739,Mouse,4081,64
230826,Mouse,3151,66
231068,Elephant,288165,910
231316,Mouse,3903,64
231344,Mouse,3959,64
231467,Mouse,4098,64
231510,Mouse,3124,64
231538,Mouse,3774,64
231615,Mouse,4950,70
231635,Mouse,4644,69
231646,Mouse,4275,68
231647,Mouse,5265,69
231651,Mouse,4978,69
231664,Mouse,3246,66
231758,Mouse,3043,67
231812,Mouse,3112,64
231820,Mouse,3683,64
231994,Mouse,3474,64
232093,Mouse,3377,67
232161,Mouse,4005,71
232247,Mouse,3502,72
232258,Mouse,4663,77
232283,Mouse,4819,72
232377,Mouse,5165,70
232413,Mouse,3060,76
232693,Mouse,3923,103
232731,Mouse,4068,112
232745,Mouse,3691,115
232813,Mouse,5625,118
232831,Elephant,575302,1327
232936,Mouse,4065,67
232984,Mouse,3256,73
233006,Elephant,584784,1484
233030,Mouse,3809,71
233063,Mouse,3941,71
233091,Elephant,75733,563
233277,Mouse,4519,69
233333,Mouse,5529,73
233581,Mouse,4302,68
233618,Mouse,5070,75
233670,Mouse,3917,79
233698,Mouse,3360,80
233771,Mouse,5656,91
233815,Mouse,4867,103
233824,Mouse,4078,105
234027,Elephant,479887,1201
234065,Mouse,3462,73
234073,Mouse,3681,75
234098,Mouse,5728,76
234126,Elephant,562131,1344
234152,Mouse,4660,76
234270,Mouse,5578,66
234309,Mouse,3220,65
234322,Elephant,47801,293
234403,Mouse,4410,65
234545,Mouse,3931,64
234552,Mouse,4855,65
234604,Mouse,3464,66
234691,Mouse,4411,65
234715,Mouse,4048,64
234752,Mouse,3194,67
234771,Mouse,5235,65
234833,Mouse,5744,70
234844,Elephant,322617,870
235057,Mouse,3619,64
235128,Mouse,5400,68
235130,Mouse,4266,67
235156,Mouse,5182,65
235175,Mouse,5134,72
235266,Mouse,4556,70
235271,Mouse,4722,73
235323,Mouse,5152,75
235356,Mouse,5491,68
235370,Mouse,5820,72
235405,Elephant,105022,465
235455,Mouse,3924,66
235459,Mouse,5531,68
235477,Mouse,4950,68
235529,Mouse,5767,71
235574,Mouse,4781,65
235585,Mouse,4071,64
235589,Mouse,4021,64
235652,Mouse,5705,70
235676,Mouse,3563,64
235744,Mouse,5185,69
235759,Mouse,3368,64
235814,Mouse,5445,66
235934,Mouse,4084,64
235978,Mouse,3361,64
236022,Mouse,3604,65
236083,Elephant,198671,673
236089,Mouse,3273,65
236216,Mouse,4827,66
236267,Mouse,4081,66
236289,Mouse,3645,64
236320,Mouse,5243,68
236363,Mouse,3974,66
236375,Mouse,4499,69
236390,Mouse,4535,69
236495,Mouse,5305,74
236498,Mouse,3343,75
236589,Elephant,93385,429
236643,Elephant,76662,381
236744,Mouse,3547,67
236870,Mouse,4384,69
236944,Mouse,4601,71
236946,Mouse,5412,71
237039,Elephant,495221,1108
237045,Mouse,4453,65
237075,Mouse,4980,65
237110,Mouse,3228,64
237133,Mouse,3909,64
237215,Mouse,3910,64
237327,Mouse,3631,66
237353,Mouse,3174,64
237409,Elephant,59986,324
237473,Mouse,5115,67
237475,Mouse,3584,65
237481,Mouse,5576,66
237538,Mouse,3525,66
237539,Mouse,3798,67
237544,Mouse,5285,68
237608,Mouse,5253,65
237630,Mouse,3578,64
237677,Mouse,3797,64
237696,Mouse,4851,65
237741,Mouse,4848,65
237756,Mouse,3537,64
237955,Mouse,4974,69
237964,Mouse,4126,64
238018,Mouse,3515,64
238219,Mouse,4778,73
238316,Mouse,5557,71
238368,Mouse,4448,74
238391,Mouse,5334,82
238445,Mouse,5573,85
238477,Mouse,3042,90
238505,Mouse,3502,97
238532,Mouse,5657,106
238567,Elephant,294477,903
238575,Mouse,5470,113
238584,Mouse,3942,107
238604,Elephant,255411,856
238654,Mouse,4455,65
238688,Mouse,5770,68
238689,Mouse,4098,68
238741,Mouse,4893,65
238786,Mouse,5839,67
238873,Mouse,4444,65
238917,Mouse,3382,66
238925,Mouse,4740,69
238946,Mouse,3455,64
238949,Elephant,113493,781
238952,Mouse,3011,65
238975,Mouse,5780,67
239003,Mouse,3397,64
239034,Mouse,3553,64
239085,Mouse,3160,64
239107,Mouse,4662,67
239116,Mouse,3453,65
239164,Mouse,3449,71
239165,Mouse,4671,71
239203,Mouse,5372,70
239301,Mouse,3091,64
239356,Mouse,4123,64
239376,Mouse,5142,68
239425,Mouse,4618,67
239456,Mouse,3155,67
239529,Mouse,5227,69
239674,Elephant,175965,627
239740,Mouse,5142,68
239829,Mouse,4956,69
239841,Mouse,4188,71
239842,Mouse,4267,73
239966,Mouse,5559,72
239979,Mouse,5072,70
240073,Mouse,4211,67
240153,Mouse,3187,76
240355,Mouse,5700,87
240394,Mouse,3156,93
240575,Mouse,5395,99
240588,Mouse,4668,104
240628,Mouse,5584,107
240684,Elephant,524485,1311
240766,Mouse,4748,70
240778,Mouse,3245,69
240842,Mouse,4386,76
240868,Mouse,4527,70
240869,Elephant,432716,1291
240893,Mouse,5355,80
240902,Mouse,4777,80
241037,Mouse,4400,69
241120,Mouse,4461,68
241172,Mouse,4697,71
241187,Mouse,3044,72
241200,Mouse,4296,76
241358,Mouse,3625,84
241418,Elephant,206830,751
241454,Mouse,4551,92
241504,Mouse,4752,66
241579,Mouse,3565,70
241582,Mouse,3338,71
241592,Mouse,5610,77
241656,Mouse,5527,75
241722,Mouse,4399,80
241810,Mouse,3318,78
241903,Mouse,4538,97
241907,Mouse,5452,100
241914,Mouse,5018,103
242026,Mouse,3038,121
242028,Elephant,430600,1267
242083,Mouse,4117,81
242207,Mouse,4341,65
242212,Mouse,5542,66
242218,Mouse,4711,69
242252,Mouse,5001,70
242334,Mouse,4495,70
242420,Mouse,3927,68
242511,Elephant,265881,1311
242591,Mouse,4938,66
242639,Mouse,3916,65
242668,Mouse,5807,71
242708,Elephant,426865,1374
242747,Mouse,5638,67
242828,Mouse,5752,66
242839,Mouse,4197,64
242877,Mouse,4259,65
242954,Mouse,4556,65
243051,Mouse,3677,64
243169,Mouse,4158,67
243171,Mouse,4467,67
243371,Mouse,3015,64
243394,Elephant,75895,372
243530,Mouse,5670,68
243551,Mouse,4422,69
243597,Mouse,5239,70
243648,Mouse,5243,65
243685,Mouse,4526,67
243720,Mouse,5096,72
243736,Mouse,5780,71
243778,Mouse,4526,79
243864,Mouse,3513,72
243988,Mouse,3441,68
244015,Mouse,3220,74
244042,Mouse,4459,72
244102,Mouse,3579,79
244103,Mouse,4189,80
244121,Mouse,3476,90
244210,Mouse,3756,85
244227,Mouse,4937,92
244294,Mouse,5377,99
244361,Mouse,4590,95
244362,Mouse,5569,97
244410,Mouse,4656,99
244443,Mouse,3795,90
244457,Mouse,5382,91
244492,Mouse,4684,82
244571,Mouse,3101,68
244585,Mouse,4842,71
244641,Mouse,3211,75
244660,Elephant,484944,1366
244677,Mouse,4863,68
244738,Mouse,3568,67
244748,Mouse,5204,68
244760,Mouse,4038,64
244823,Mouse,5617,71
244828,Mouse,3030,70
244877,Elephant,582812,1453
244950,Mouse,4989,65
245001,Mouse,4812,65
245063,Mouse,3306,64
245183,Mouse,5491,66
245206,Mouse,3810,64
245357,Mouse,3781,64
245432,Mouse,3092,64
245469,Mouse,3371,64
245525,Mouse,3213,64
245604,Mouse,4888,65
245624,Mouse,5831,71
245629,Mouse,3560,74
245785,Mouse,5809,67
245837,Mouse,3879,69
245855,Mouse,4862,75
245881,Mouse,3295,70
245933,Mouse,3455,72
245936,Mouse,3211,76
245936,Mouse,3354,74
246038,Mouse,4520,83
246039,Mouse,5596,86
246086,Mouse,3838,89
246117,Mouse,5818,99
246144,Mouse,4311,106
246145,Mouse,5682,105
246154,Mouse,5663,108
246170,Mouse,4247,99
246188,Mouse,5596,98
246213,Mouse,5245,89
246270,Elephant,213052,842
246299,Mouse,3177,73
246410,Mouse,5409,70
246465,Mouse,3470,70
246634,Mouse,4160,75
246677,Elephant,320818,1211
246732,Mouse,4074,78
246783,Elephant,465907,1400
246783,Mouse,4604,73
246881,Elephant,226249,778
246901,Mouse,3934,64
246938,Mouse,3968,64
246951,Mouse,4539,65
246956,Mouse,5016,66
247014,Mouse,4360,65
247078,Mouse,5542,66
247112,Mouse,5703,66
247128,Mouse,4791,65
247241,Mouse,5696,66
247249,Mouse,5077,65
247264,Mouse,5552,66
247306,Mouse,4027,65
247311,Mouse,4689,65
247433,Mouse,5081,65
247453,Mouse,3103,64
247541,Mouse,4110,64
247570,Mouse,4061,64
247693,Mouse,4672,65
247880,Mouse,5127,65
248225,Mouse,5552,66
248243,Mouse,4782,69
248281,Elephant,182077,630
248338,Mouse,5782,66
248383,Mouse,4263,66
248386,Mouse,5003,67
248401,Mouse,4894,65
248422,Mouse,3831,64
248491,Mouse,5818,66
248565,Mouse,4533,65
248630,Mouse,4807,65
248662,Mouse,3275,65
248664,Mouse,3357,65
248697,Mouse,3847,64
248737,Mouse,5622,66
248815,Mouse,3283,64
248876,Mouse,4897,65
249015,Mouse,3724,64
249051,Mouse,3786,64
249072,Mouse,4994,65
249247,Mouse,4471,65
249296,Mouse,3986,64
249367,Mouse,3805,64
249428,Mouse,3570,64
249441,Mouse,3269,64
249493,Mouse,3886,64
249523,Mouse,5605,66
249635,Mouse,5444,66
249762,Mouse,4914,69
249820,Mouse,4745,69
249834,Mouse,3913,64
249852,Mouse,3312,67
249859,Mouse,3943,69
249887,Mouse,3054,66
249902,Mouse,5437,70
249983,Mouse,3115,65
250016,Mouse,5463,68
250088,Mouse,5298,70
250146,Mouse,4846,68
250148,Elephant,133636,541
250153,Mouse,5267,66
250167,Elephant,112440,502
250224,Mouse,5579,66
250475,Mouse,3053,67
250553,Mouse,5464,69
250569,Mouse,4328,73
250587,Mouse,4797,79
250587,Mouse,4927,80
250652,Mouse,4389,69
250682,Mouse,3688,67
250694,Mouse,5573,71
250788,Mouse,3836,68
250799,Mouse,4947,72
250830,Mouse,3455,71
250864,Mouse,5026,82
250947,Mouse,4309,79
250975,Elephant,140863,599
251132,Elephant,362612,1081
251183,Mouse,3733,80
251250,Mouse,5332,76
251291,Mouse,4525,84
251297,Mouse,5362,87
251395,Mouse,3633,99
251442,Mouse,4518,83
251451,Mouse,3402,85
251574,Mouse,5690,75
251720,Mouse,4234,92
251774,Mouse,5800,104
251782,Mouse,4622,110
251796,Mouse,3388,114
251859,Elephant,308386,1125
251883,Mouse,3380,92
251899,Mouse,5308,88
251904,Mouse,3769,81
251905,Mouse,3060,82
251918,Mouse,5244,74
251979,Mouse,5511,72
252133,Mouse,4663,79
252216,Elephant,31079,239
252267,Mouse,3739,94
252275,Mouse,4981,93
252305,Mouse,3365,94
252317,Elephant,555712,1956
252344,Mouse,4558,81
252374,Mouse,3904,77
252482,Mouse,5732,69
252499,Mouse,4927,70
252525,Mouse,4542,70
252556,Mouse,4610,72
252622,Elephant,475527,1749
252696,Mouse,4148,67
252742,Mouse,5749,74
252743,Mouse,5822,75
252797,Mouse,3689,76
252798,Mouse,5718,79
252827,Mouse,3528,76
252918,Elephant,550415,1958
252980,Mouse,4840,70
252997,Mouse,4132,64
253088,Mouse,4732,65
253204,Mouse,4454,69
253213,Mouse,3161,65
253221,Mouse,5013,65
253265,Mouse,3566,67
253267,Mouse,5687,70
253354,Mouse,5688,66
253440,Mouse,4405,65
253478,Mouse,3021,66
253566,Mouse,3776,65
253570,Mouse,4324,65
253574,Mouse,3946,64
253583,Elephant,328055,905
253665,Mouse,5470,67
253697,Mouse,4241,64
253766,Mouse,4769,67
253777,Mouse,5808,66
253797,Elephant,49363,283
253805,Mouse,3900,65
253905,Mouse,4195,67
253930,Mouse,4765,65
253976,Mouse,3005,63
254036,Mouse,5476,72
254106,Mouse,4851,65
254114,Mouse,5453,69
254140,Mouse,5146,72
254149,Mouse,3796,73
254151,Mouse,4023,74
254204,Mouse,5083,68
254372,Mouse,4637,81
254374,Mouse,4940,82
254392,Mouse,5036,83
254466,Elephant,195125,713
254471,Mouse,4073,77
254473,Mouse,3261,78
254551,Mouse,3685,68
254565,Mouse,4714,68
254584,Mouse,3419,68
254640,Mouse,3633,72
254696,Mouse,4197,71
254826,Mouse,5702,75
254848,Mouse,3802,73
254862,Mouse,4668,80
254894,Mouse,4376,89
254996,Mouse,4126,72
255031,Elephant,592789,1374
255034,Mouse,5414,73
255041,Mouse,5588,71
255058,Mouse,4462,73
255143,Elephant,245883,862
255170,Mouse,4707,72
255176,Mouse,3572,64
255336,Mouse,4011,69
255471,Mouse,5138,70
255485,Mouse,5214,73
255613,Mouse,3528,68
255636,Mouse,5159,70
255750,Mouse,4010,73
255791,Elephant,200040,693
255812,Mouse,4054,73
255879,Elephant,322309,884
255925,Mouse,5305,74
255935,Mouse,4611,66
255994,Mouse,5425,65
256125,Mouse,3359,64
256185,Mouse,3815,68
256235,Mouse,3177,71
256240,Mouse,4476,75
256248,Mouse,4870,75
256329,Mouse,3117,66
256341,Mouse,4449,65
256385,Mouse,3601,68
256422,Mouse,5409,70
256432,Mouse,3390,72
256458,Mouse,5478,80
256542,Mouse,4897,83
256551,Mouse,4114,84
256666,Mouse,5230,92
256692,Mouse,5207,98
256719,Elephant,324492,958
256726,Mouse,4717,93
256745,Mouse,3279,86
256823,Mouse,4880,68
256857,Mouse,4137,73
256968,Mouse,4298,72
256987,Mouse,3853,76
257037,Mouse,3779,89
257144,Mouse,3886,70
257244,Mouse,5599,90
257340,Mouse,3847,93
257389,Elephant,242260,1106
257392,Mouse,3480,83
257427,Mouse,4052,87
257473,Mouse,5449,78
257581,Mouse,4630,86
257650,Mouse,3605,99
257736,Mouse,5379,97
257771,Mouse,4968,94
257912,Elephant,480167,1781
257958,Mouse,3886,74
258000,Mouse,4341,68
258008,Mouse,5814,73
258098,Mouse,3713,92
258127,Mouse,3698,85
258249,Mouse,5102,99
258279,Elephant,184693,1440
258288,Elephant,147595,869
258425,Mouse,5061,72
258482,Mouse,5253,77
258520,Mouse,5241,89
258584,Elephant,500822,2266
258604,Elephant,167532,1166
258613,Mouse,5672,83
258640,Mouse,4328,72
258712,Elephant,432014,1880
258747,Mouse,4615,65
258753,Mouse,5688,69
258765,Mouse,4220,69
258799,Mouse,3514,64
258875,Mouse,3875,67
258894,Mouse,5230,68
258940,Mouse,4244,70
258979,Mouse,3675,65
259044,Mouse,5070,71
259154,Mouse,5659,67
259174,Elephant,368725,1229
259214,Mouse,3333,64
259572,Mouse,4942,65
259619,Mouse,3896,65
259621,Mouse,4633,67
259655,Mouse,4021,73
259675,Mouse,4167,64
259750,Mouse,3262,66
259778,Mouse,3104,68
259812,Elephant,43320,278
259884,Mouse,4817,68
260088,Elephant,154498,590
260141,Mouse,3527,64
260150,Mouse,3144,66
260160,Elephant,124130,504
260205,Mouse,3162,69
260282,Mouse,5163,65
260337,Mouse,4924,66
260369,Mouse,4139,64
260403,Mouse,3330,64
260410,Mouse,5577,66
260454,Mouse,5097,66
260538,Mouse,4278,65
260611,Elephant,103086,456
260669,Mouse,4547,65
260694,Mouse,3270,64
260703,Mouse,3945,64
260845,Mouse,5535,67
260860,Mouse,5049,65
260966,Mouse,4031,64
260992,Mouse,3594,64
261038,Mouse,4066,64
261069,Mouse,3353,67
261075,Mouse,4322,66
261083,Mouse,4183,64
261092,Mouse,3637,68
261159,Mouse,5135,68
261233,Mouse,4565,66
261368,Mouse,4415,68
261459,Mouse,3627,70
261530,Mouse,3779,79
261569,Elephant,248647,784
261618,Mouse,5776,74
261626,Mouse,4209,67
261652,Mouse,4903,67
261666,Mouse,5672,71
261741,Mouse,3875,68
261820,Mouse,4893,72
261855,Mouse,4365,69
261892,Mouse,5249,73
261953,Mouse,4924,76
262010,Mouse,3135,77
262139,Elephant,480998,1247
262172,Mouse,4566,93
262179,Mouse,3052,89
262221,Mouse,4054,72
262246,Mouse,3208,67
262256,Mouse,4547,72
262370,Elephant,501240,1230
262389,Mouse,3211,67
262547,Mouse,4267,69
262710,Mouse,5555,70
262772,Elephant,110819,514
262783,Mouse,5787,67
262838,Mouse,3371,67
262860,Mouse,5499,66
262868,Mouse,5201,65
262879,Mouse,3145,66
262890,Mouse,3727,68
262905,Mouse,4271,66
262998,Mouse,4139,72
263008,Mouse,4883,70
263036,Mouse,5703,73
263047,Mouse,3808,71
263150,Elephant,540519,1203
263239,Mouse,4622,65
263265,Mouse,5111,72
263380,Mouse,5271,67
263456,Mouse,3549,77
263557,Mouse,4807,75
263566,Mouse,3441,75
263572,Elephant,130090,569
263576,Mouse,3749,77
263627,Elephant,225586,758
263659,Mouse,4775,65
263829,Mouse,3245,65
263891,Mouse,3513,66
263955,Mouse,4998,71
263973,Mouse,3140,64
263975,Elephant,170537,638
264027,Mouse,4078,66
264029,Mouse,3280,66
264103,Mouse,4334,68
264126,Mouse,5406,65
264264,Elephant,209374,828
264288,Mouse,3404,64
264298,Mouse,4852,65
264445,Mouse,3674,64
264574,Mouse,4787,70
264580,Mouse,5071,70
264643,Mouse,5168,65
264713,Mouse,5669,69
264732,Mouse,5621,66
264756,Mouse,4053,68
264891,Mouse,4822,65
264936,Mouse,4659,66
264975,Mouse,3253,67
265015,Elephant,293216,816
265037,Mouse,5405,65
265083,Mouse,4335,65
265542,Mouse,3402,66
265685,Mouse,4567,69
265725,Mouse,4839,70
265741,Mouse,3607,73
265805,Mouse,5824,81
265811,Mouse,5746,83
265823,Mouse,3806,74
265872,Mouse,5730,82
265928,Mouse,3849,80
265987,Mouse,4581,78
266004,Elephant,220814,772
266027,Mouse,4577,77
266043,Mouse,5145,81
266058,Elephant,336564,923
266109,Mouse,4267,70
266253,Mouse,4633,69
266298,Mouse,5507,71
266371,Mouse,5238,70
266424,Mouse,3010,71
266485,Elephant,240817,778
266494,Mouse,3691,64
266501,Mouse,4780,67
266579,Mouse,3641,64
266587,Mouse,5784,70
266753,Mouse,3442,64
266760,Mouse,4991,66
266867,Mouse,5601,71
266872,Mouse,4651,74
266944,Mouse,3848,68
266975,Mouse,5617,72
267014,Mouse,5343,70
267117,Mouse,4872,69
267345,Mouse,4063,87
267380,Elephant,553944,1342
267384,Mouse,3211,87
267388,Mouse,4270,87
267499,Mouse,4420,69
267510,Mouse,4911,73
267542,Mouse,3788,72
267560,Mouse,5063,65
267618,Mouse,3738,67
267628,Mouse,5752,74
267672,Mouse,3816,72
267692,Mouse,4752,67
267750,Mouse,5378,68
267787,Mouse,5363,70
267808,Elephant,592877,1267
267854,Mouse,4462,65
267952,Mouse,3483,64
268103,Mouse,5379,65
268247,Mouse,5236,65
268386,Mouse,3721,64
268460,Mouse,5451,69
268460,Mouse,4814,69
268491,Mouse,3225,64
268513,Mouse,4173,64
268557,Mouse,4900,66
268628,Mouse,4977,65
268633,Mouse,5599,66
268695,Mouse,3172,64
268708,Mouse,4575,65
268737,Mouse,3795,64
268755,Mouse,3867,64
268772,Mouse,3320,66
268777,Mouse,4328,69
268805,Mouse,5388,65
268841,Mouse,5635,66
268903,Mouse,4667,65
268993,Mouse,5718,66
269054,Mouse,5171,69
269110,Mouse,4451,65
269151,Mouse,4472,73
269385,Mouse,4679,69
269526,Mouse,4384,78
269593,Mouse,5453,89
269607,Elephant,133743,578
269615,Mouse,5679,91
269661,Mouse,4523,79
269685,Mouse,3330,78
269731,Mouse,3212,71
269756,Elephant,308496,898
269880,Mouse,3084,64
269951,Mouse,5383,69
269955,Elephant,372382,981
269958,Mouse,3071,68
270019,Mouse,5446,66
270283,Mouse,5456,66
270297,Mouse,3034,64
270361,Mouse,3554,67
270380,Mouse,4312,65
270387,Mouse,3957,64
270564,Elephant,196968,666
270580,Mouse,3448,64
270592,Mouse,4442,65
270636,Mouse,4950,70
270639,Mouse,4796,70
270665,Mouse,3879,65
270669,Mouse,4726,68
270675,Mouse,4426,72
270849,Mouse,5578,69
271204,Mouse,3388,89
271211,Mouse,3887,92
271242,Mouse,5662,101
271390,Mouse,3949,76
271403,Mouse,3290,78
271463,Elephant,394231,1116
271529,Mouse,3186,66
271572,Mouse,4267,70
271626,Mouse,5578,82
271629,Mouse,4724,84
271673,Elephant,338423,1133
271717,Mouse,4708,92
271772,Mouse,4581,70
271798,Elephant,36321,325
271861,Mouse,5807,70
271896,Mouse,3589,73
271942,Mouse,4161,77
272052,Mouse,4252,73
272152,Elephant,584375,1539
272201,Mouse,4570,79
272493,Mouse,5230,73
272501,Mouse,5760,75
272586,Elephant,441213,1121
272596,Mouse,5806,76
272620,Mouse,4682,71
272659,Mouse,3458,69
272670,Mouse,4887,65
272692,Mouse,4722,69
272810,Mouse,3622,64
272898,Mouse,5623,67
272927,Mouse,4100,67
272927,Mouse,3064,66
272944,Mouse,4420,67
273061,Mouse,4655,65
273070,Elephant,428314,1065
273078,Mouse,4927,68
273079,Mouse,5018,68
273110,Mouse,3614,66
273124,Mouse,4107,67
273170,Mouse,5283,66
273208,Mouse,3720,64
273266,Mouse,4433,65
273375,Mouse,5750,66
273421,Mouse,5479,66
273435,Mouse,5576,66
273445,Mouse,3237,66
273524,Mouse,4089,64
273631,Mouse,4021,64
273688,Mouse,5132,65
273702,Mouse,4265,68
273863,Mouse,5684,66
273909,Mouse,4167,64
273930,Mouse,3062,66
273945,Mouse,5757,66
273984,Mouse,5730,66
273999,Mouse,3813,64
274021,Mouse,3716,68
274029,Mouse,4379,72
274072,Mouse,4102,72
274214,Mouse,5820,66
274349,Mouse,4489,68
274385,Mouse,4953,66
274407,Mouse,4159,70
274422,Elephant,464504,1172
274425,Mouse,4297,69
274488,Mouse,3733,67
274541,Mouse,5028,70
274607,Mouse,3576,64
274693,Mouse,5567,66
274738,Mouse,3877,65
274746,Mouse,4688,65
274883,Mouse,4675,65
274891,Mouse,3060,67
274923,Mouse,3471,64
274933,Elephant,355230,948
274948,Mouse,4706,68
274994,Mouse,3641,64
275066,Mouse,4274,65
275161,Mouse,4791,65
275229,Mouse,3025,64
275245,Mouse,4081,64
275252,Mouse,5263,65
275271,Mouse,3098,64
275335,Mouse,4124,64
275350,Mouse,5052,65
275420,Mouse,4044,64
275576,Mouse,3546,64
275633,Mouse,3801,64
275661,Mouse,5371,69
275661,Mouse,5357,70
275665,Mouse,3764,64
275693,Mouse,5798,66
275761,Mouse,3646,64
275794,Mouse,3516,64
275876,Mouse,3699,64
275930,Mouse,5345,65
275964,Mouse,5598,70
275970,Mouse,3339,65
276049,Mouse,3086,64
276080,Mouse,4281,65
276264,Mouse,3702,67
276276,Mouse,3786,74
276331,Mouse,5669,66
276354,Mouse,5183,70
276393,Mouse,4954,72
276396,Mouse,4926,74
276431,Mouse,3640,70
276432,Mouse,3667,70
276465,Mouse,5190,77
276468,Mouse,4962,79
276483,Elephant,172784,635
276490,Mouse,3924,65
276579,Mouse,3249,64
276606,Elephant,146335,577
276614,Elephant,61862,365
276677,Mouse,4138,64
276707,Mouse,3853,64
276811,Mouse,5226,65
276849,Mouse,5313,65
276871,Mouse,4602,65
276937,Mouse,4371,65
277008,Mouse,4304,65
277078,Mouse,3493,64
277084,Mouse,5223,65
277120,Mouse,4668,65
277205,Mouse,3227,64
277240,Mouse,4415,65
277367,Mouse,3701,64
277391,Mouse,4118,64
277425,Mouse,3427,64
277537,Mouse,4268,65
277541,Mouse,4263,65
277688,Mouse,5601,67
277693,Mouse,5310,65
277744,Mouse,5832,66
277750,Mouse,4383,65
277829,Mouse,3918,64
277840,Mouse,4545,68
277840,Mouse,4767,69
277946,Mouse,3332,67
277957,Mouse,4756,73
277963,Mouse,3732,64
278224,Mouse,5328,65
278249,Mouse,4407,67
278256,Mouse,5814,71
278270,Mouse,4052,73
278399,Mouse,3546,67
278406,Mouse,4681,65
278476,Elephant,443758,1031
278533,Mouse,3906,64
278543,Mouse,4831,65
278658,Mouse,3231,64
278791,Mouse,3584,64
278863,Mouse,5214,70
279148,Mouse,5488,66
279157,Mouse,5217,69
279425,Elephant,281995,894
279438,Mouse,4792,68
279454,Mouse,4816,71
279463,Mouse,5650,66
279487,Mouse,3079,69
279613,Mouse,5387,68
279618,Mouse,3862,66
279637,Mouse,4419,67
279669,Mouse,3927,70
279699,Mouse,5475,70
279784,Mouse,3627,69
279807,Mouse,3976,67
279992,Mouse,4823,84
280023,Mouse,4060,92
280029,Mouse,4324,96
280045,Mouse,4413,102
280071,Mouse,5561,109
280095,Mouse,5663,118
280144,Mouse,3031,123
280174,Mouse,4709,125
280272,Mouse,3480,100
280290,Mouse,3149,105
280292,Mouse,3616,102
280322,Mouse,3612,96
280333,Mouse,3311,95
280373,Elephant,527809,1392
280380,Mouse,3661,83
280402,Mouse,5454,67
280640,Mouse,4692,65
280784,Mouse,3669,68
280811,Mouse,4323,70
281065,Mouse,3389,70
281101,Elephant,470080,1615
281122,Mouse,4365,65
281256,Mouse,3248,64
281293,Mouse,3699,64
281328,Mouse,5741,69
281389,Mouse,3986,64
281484,Mouse,3242,64
281530,Mouse,4086,66
281599,Mouse,4767,65
281610,Mouse,5599,67
281888,Mouse,5680,69
281941,Mouse,3681,64
281949,Mouse,4883,65
282045,Mouse,4127,66
282225,Mouse,3253,67
282231,Mouse,4740,65
282253,Mouse,4158,68
282395,Mouse,3878,67
282408,Mouse,5658,67
282415,Mouse,5286,66
282549,Mouse,5294,67
282577,Mouse,5403,70
282722,Mouse,5046,78
282835,Mouse,3870,86
282961,Mouse,5716,91
282972,Mouse,4909,92
283007,Elephant,349171,990
283021,Mouse,4787,82
283040,Mouse,5550,83
283120,Mouse,3232,65
283186,Mouse,3876,67
283248,Mouse,4670,65
283255,Mouse,5525,66
283274,Mouse,3432,66
283278,Elephant,101077,646
283413,Mouse,5215,65
283430,Mouse,3735,65
283482,Mouse,4237,69
283542,Mouse,4667,71
283548,Mouse,3064,70
283616,Mouse,5492,70
283631,Mouse,4570,70
283645,Elephant,464274,1266
283711,Mouse,3751,64
283765,Mouse,3969,64
283920,Mouse,3104,64
283981,Mouse,4403,65
284051,Mouse,3212,64
284054,Mouse,3823,65
284103,Mouse,4943,65
284140,Mouse,3885,64
284167,Mouse,5679,66
284258,Mouse,5517,66
284340,Mouse,5072,65
284459,Mouse,5550,67
284473,Mouse,4077,64
284518,Mouse,3101,64
284543,Mouse,4139,65
284614,Mouse,4505,65
284629,Mouse,3182,64
284833,Mouse,4584,65
284836,Mouse,4023,64
284895,Mouse,3761,68
284976,Elephant,325042,880
285122,Mouse,3704,64
285133,Mouse,5324,65
285157,Mouse,5207,68
285286,Mouse,3445,68
285343,Mouse,4398,65
285354,Mouse,4146,64
285388,Mouse,3079,64
285424,Mouse,5141,75
285445,Mouse,3484,64
285564,Mouse,4730,75
285570,Mouse,5783,68
285656,Mouse,3959,74
285662,Elephant,193289,663
285681,Mouse,3696,64
285758,Mouse,5814,66
285838,Mouse,4476,65
285844,Mouse,5023,65
285933,Mouse,3309,64
286099,Mouse,4610,65
286112,Mouse,4915,69
286161,Mouse,4078,70
286205,Mouse,5663,69
286277,Mouse,4368,71
286302,Mouse,5606,71
286456,Mouse,3427,75
286468,Elephant,594723,1249
286480,Mouse,5373,77
286480,Mouse,4008,78
286591,Mouse,3701,74
286639,Mouse,4140,64
286644,Mouse,4337,67
286648,Mouse,3560,70
286669,Mouse,5707,69
286687,Mouse,5819,68
286694,Mouse,4908,72
286747,Mouse,5800,74
286755,Mouse,4930,74
286824,Elephant,328279,911
286836,Mouse,4912,65
286850,Mouse,5196,69
286963,Mouse,4914,65
287026,Mouse,4427,66
287037,Mouse,3069,68
287058,Mouse,3863,66
287245,Elephant,34257,242
287253,Mouse,4202,66
287346,Mouse,3193,68
287523,Mouse,5782,95
287567,Mouse,5689,110
287599,Mouse,3877,118
287694,Mouse,5563,105
287814,Mouse,4159,84
287855,Mouse,4659,90
287858,Elephant,562924,1398
288003,Mouse,4979,69
288014,Elephant,231116,993
288023,Mouse,5622,78
288132,Mouse,5097,74
288209,Mouse,5258,76
288327,Mouse,4626,70
288362,Mouse,3280,75
288430,Mouse,5433,84
288506,Mouse,5493,88
288643,Elephant,521231,1650
288769,Mouse,4988,69
288806,Elephant,548430,1402
288815,Mouse,5689,66
288854,Mouse,4412,66
288859,Mouse,5034,66
288869,Mouse,5782,66
288898,Mouse,3394,64
288942,Mouse,3992,65
288962,Mouse,5547,66
289115,Mouse,4912,72
289237,Mouse,3621,65
289364,Mouse,4328,71
289446,Mouse,5336,69
289585,Mouse,3606,72
289946,Mouse,5178,97
289981,Mouse,4153,97
290150,Mouse,3743,74
290192,Mouse,3079,83
290231,Mouse,3910,88
290254,Mouse,5427,92
290280,Mouse,5389,87
290316,Mouse,5362,79
290337,Mouse,5748,82
290385,Mouse,3391,79
290424,Mouse,3095,87
290510,Mouse,3324,91
290571,Elephant,453945,1528
290642,Elephant,534958,1648
290727,Mouse,5412,72
290744,Elephant,245490,1248
290789,Mouse,3195,65
290927,Mouse,4245,70
290978,Mouse,5037,86
291002,Mouse,4495,90
291044,Mouse,5132,97
291117,Mouse,5838,98
291157,Mouse,3815,89
291183,Mouse,4562,89
291207,Elephant,448251,1917
291214,Mouse,5671,78
291248,Mouse,5128,74
291304,Mouse,5810,71
291354,Mouse,3446,66
291448,Mouse,4856,70
291458,Mouse,5041,73
291505,Mouse,4382,87
291505,Mouse,4524,87
291564,Mouse,5750,87
291592,Mouse,3670,89
291601,Elephant,280208,1109
291632,Mouse,4932,81
291639,Mouse,5437,84
291743,Mouse,5768,71
291876,Elephant,338943,1260
291882,Mouse,4204,82
291916,Elephant,328800,1209
291932,Mouse,4094,79
292093,Mouse,3472,65
292146,Mouse,4679,67
292207,Mouse,4207,68
292208,Mouse,5537,69
292365,Mouse,4187,64
292436,Elephant,203256,683
292512,Mouse,5549,66
292563,Mouse,4714,65
292620,Mouse,3922,64
292652,Mouse,3492,64
292655,Mouse,3652,64
292683,Mouse,4780,65
292752,Mouse,5789,67
292755,Mouse,4763,67
292785,Mouse,4173,66
292793,Mouse,3687,70
292807,Mouse,4049,66
292809,Mouse,3352,67
292883,Mouse,4845,65
292907,Mouse,5348,65
292958,Mouse,3536,67
293009,Mouse,3662,70
293095,Mouse,3547,70
293110,Mouse,5416,65
293144,Mouse,4455,68
293257,Mouse,5453,67
293267,Mouse,3949,68
293274,Mouse,4381,74
293298,Mouse,5213,65
293319,Mouse,4367,75
293332,Mouse,4296,65
293428,Mouse,4777,66
293433,Mouse,5327,68
293443,Mouse,4534,68
293448,Elephant,228658,727
293649,Mouse,3313,64
293683,Mouse,3050,64
293711,Mouse,5246,71
293722,Mouse,3701,65
293724,Mouse,3746,66
293744,Mouse,4512,65
293789,Mouse,3651,65
293809,Mouse,4554,69
293851,Mouse,4925,69
293874,Mouse,3589,64
293902,Mouse,3388,71
294190,Mouse,4552,69
294222,Elephant,270231,802
294298,Mouse,5325,67
294370,Mouse,3801,67
294421,Mouse,4664,72
294471,Mouse,4961,72
294658,Elephant,285873,835
294683,Mouse,4780,65
294788,Mouse,5549,67
294986,Mouse,3684,68
295049,Elephant,122020,513
295056,Mouse,5331,75
295206,Mouse,4526,68
295277,Mouse,3917,72
295300,Mouse,5804,78
295340,Mouse,4684,80
295382,Elephant,227317,749
295421,Mouse,5003,80
295502,Mouse,5005,70
295575,Mouse,5304,67
295591,Mouse,4331,65
295661,Mouse,4149,71
295672,Mouse,4242,76
295717,Mouse,4582,75
295733,Mouse,4033,74
295736,Mouse,4901,79
295791,Mouse,4971,80
295831,Mouse,3948,83
295837,Mouse,4930,84
295866,Elephant,395643,1319
295948,Mouse,4239,67
296018,Elephant,473180,1139
296023,Mouse,4325,66
296077,Mouse,3472,64
296131,Mouse,4578,65
296182,Mouse,3174,64
296278,Mouse,5775,66
296313,Mouse,5238,65
296384,Mouse,5251,69
296388,Mouse,5304,66
296549,Mouse,3959,67
296704,Mouse,3341,66
296712,Mouse,3431,68
296833,Mouse,5515,67
296902,Mouse,4462,74
296918,Mouse,5701,78
296937,Mouse,4507,80
296948,Mouse,4739,84
296962,Mouse,3705,92
297071,Mouse,5676,80
297199,Mouse,5817,80
297214,Elephant,394602,1073
297217,Mouse,3385,79
297308,Mouse,3731,72
297322,Mouse,4331,69
297366,Elephant,112064,546
297388,Elephant,325166,1047
297414,Mouse,4281,65
297445,Elephant,41108,267
297578,Mouse,5451,71
297675,Mouse,4714,65
297843,Mouse,4493,75
297891,Mouse,5432,75
298048,Mouse,3412,66
298132,Mouse,4951,72
298157,Mouse,5296,69
298203,Mouse,4274,71
298227,Mouse,3754,76
298277,Mouse,4982,79
298306,Mouse,4418,81
298322,Mouse,5757,85
298326,Elephant,262810,821
298330,Elephant,358078,957
298347,Mouse,3260,74
298354,Mouse,3605,77
298379,Mouse,5443,72
298382,Mouse,3205,66
298400,Mouse,5086,65
298414,Mouse,4794,65
298466,Mouse,5043,65
298544,Mouse,4342,65
298581,Mouse,3294,64
298600,Mouse,5184,65
298631,Mouse,5098,65
298665,Mouse,4186,64
298827,Mouse,3485,64
298834,Mouse,3112,64
298865,Mouse,4727,65
298887,Mouse,3237,64
298894,Mouse,4310,65
298946,Mouse,3392,64
298951,Mouse,5110,65
299035,Mouse,5015,65
299103,Mouse,5016,65
299191,Mouse,4429,65
299256,Mouse,3931,64
299386,Mouse,5114,65
299421,Mouse,5500,66
299449,Mouse,4529,70
299546,Mouse,5186,65
299599,Mouse,3856,64
299653,Mouse,4265,66
299689,Mouse,4591,65
299712,Elephant,212758,682
299755,Mouse,4303,65
299775,Mouse,3379,66
299777,Mouse,5505,68
299906,Mouse,3882,65
299925,Mouse,5811,66
300011,Mouse,3222,65
300087,Mouse,4620,66
300211,Mouse,4580,65
300219,Mouse,5153,67
300256,Mouse,5042,66
300365,Mouse,5391,70
300409,Mouse,4573,73
300514,Mouse,4189,64
300524,Mouse,3890,67
300538,Elephant,32367,207
300557,Mouse,5418,66
300563,Mouse,4688,66
300721,Mouse,4872,69
300736,Elephant,452630,1056
300775,Mouse,4991,68
300790,Mouse,5771,66
300842,Mouse,4099,64
300871,Mouse,4849,69
300872,Mouse,5715,70
300949,Mouse,3994,64
300955,Mouse,4033,64
301071,Mouse,5219,65
301074,Mouse,3984,65
301254,Mouse,3516,64
301283,Mouse,5631,67
301530,Elephant,53234,318
301580,Mouse,3375,64
301612,Mouse,4827,65
301641,Mouse,3270,64
301653,Mouse,4069,64
301663,Mouse,5513,66
301755,Mouse,5223,68
301757,Mouse,5089,68
301822,Mouse,3110,64
301946,Mouse,5576,66
302036,Mouse,3469,64
302164,Mouse,4092,64
302194,Mouse,4640,66
302237,Mouse,4325,65
302290,Mouse,3670,64
302309,Mouse,4964,65
302327,Mouse,4188,64
302382,Mouse,3118,64
302430,Mouse,5109,65
302537,Mouse,3425,66
302562,Mouse,5671,69
302563,Mouse,5066,69
302586,Mouse,5745,70
302594,Mouse,3605,71
302643,Mouse,5018,65
302674,Mouse,4581,68
302910,Mouse,5592,71
302990,Mouse,5360,74
303055,Mouse,4323,76
303086,Mouse,5541,82
303289,Mouse,4013,121
303300,Mouse,5571,126
303336,Mouse,3233,130
303343,Mouse,5658,130
303373,Mouse,4144,125
303398,Mouse,3243,116
303420,Mouse,3305,108
303497,Mouse,4032,78
303506,Elephant,434432,1211
303519,Mouse,4280,66
303523,Mouse,4373,70
303587,Mouse,4054,72
303681,Mouse,5292,68
303715,Mouse,3431,65
303725,Mouse,4875,68
303735,Mouse,3550,68
303890,Elephant,395271,1414
303952,Mouse,4314,65
304011,Mouse,5064,68
304142,Mouse,3122,65
304151,Mouse,5787,72
304166,Mouse,4081,72
304174,Mouse,3043,74
304180,Mouse,4552,78
304296,Mouse,3666,68
304351,Mouse,3686,68
304369,Mouse,4274,69
304387,Mouse,4515,75
304394,Mouse,3349,76
304470,Mouse,4514,82
304529,Mouse,5415,86
304585,Mouse,5611,96
304639,Elephant,583302,202351
304646,Mouse,3712,95
304691,Mouse,3770,68
304694,Mouse,3341,64
304716,Mouse,5785,68
304732,Mouse,5292,68
304748,Mouse,3998,68
304896,Mouse,4452,70
304970,Mouse,4420,69
304978,Elephant,268352,965
304982,Mouse,4292,66
305127,Elephant,143227,779
305291,Mouse,5360,65
305403,Mouse,4659,65
305557,Mouse,3789,64
305575,Mouse,5309,65
305747,Mouse,5056,65
305783,Mouse,3171,64
305789,Mouse,5773,66
305933,Mouse,3741,67
305949,Mouse,4705,71
305967,Mouse,3841,64
306007,Mouse,5033,65
306015,Elephant,195849,666
306017,Mouse,4408,67
306182,Mouse,3451,64
306214,Mouse,4013,64
306222,Mouse,5440,66
306328,Mouse,4487,65
306376,Mouse,3383,64
306400,Mouse,3536,64
306434,Mouse,3595,64
306457,Mouse,4409,65
306489,Mouse,5834,66
306492,Mouse,3869,65
306687,Mouse,4870,65
306805,Mouse,4444,65
306914,Mouse,3711,64
307022,Mouse,3399,64
307129,Mouse,4710,68
307160,Mouse,3817,64
307174,Mouse,3174,69
307206,Mouse,3240,66
307318,Mouse,4743,69
307347,Mouse,3507,66
307463,Mouse,5649,66
307483,Elephant,188119,640
307503,Mouse,4985,73
307504,Mouse,3881,71
307530,Mouse,5267,67
307551,Mouse,4885,74
307566,Mouse,4725,65
307624,Elephant,135236,546
307874,Mouse,5809,66
307878,Mouse,5022,66
307883,Mouse,5276,66
308031,Mouse,3830,64
308056,Mouse,3757,64
308130,Mouse,4098,64
308200,Mouse,3530,65
308203,Mouse,5475,67
308247,Mouse,3146,64
308344,Mouse,4338,65
308390,Mouse,3377,64
308444,Mouse,3141,64
308451,Mouse,5299,65
308494,Mouse,4770,66
308540,Mouse,3717,68
308541,Mouse,4176,69
308568,Mouse,4994,65
308691,Mouse,4437,65
308718,Mouse,5281,65
308740,Mouse,4749,65
308764,Mouse,3571,65
308765,Mouse,3039,66
308802,Mouse,3347,65
308805,Mouse,4934,67
308847,Mouse,4281,66
309042,Mouse,4575,65
309074,Mouse,3771,65
309077,Mouse,4790,67
309287,Mouse,5409,66
309377,Mouse,4084,71
309443,Mouse,4833,69
309460,Mouse,5356,74
309483,Mouse,4202,77
309541,Mouse,4713,90
309717,Mouse,3302,83
309790,Elephant,379598,1065
309795,Mouse,4176,92
309807,Mouse,4550,96
309834,Mouse,5139,103
309898,Mouse,5831,89
309935,Mouse,4008,83
309995,Mouse,4906,81
310020,Mouse,4940,82
310099,Mouse,5690,100
310106,Mouse,4780,102
310112,Mouse,5394,105
310167,Mouse,5608,101
310181,Mouse,4984,94
310396,Mouse,4506,77
310432,Mouse,4766,88
310465,Elephant,382148,1379
310490,Mouse,5776,93
310535,Mouse,3732,77
310597,Elephant,252160,1185
310629,Mouse,5516,72
310674,Mouse,3222,71
310710,Elephant,382303,1523
310752,Mouse,5173,67
310863,Mouse,5261,70
310948,Mouse,5729,69
311042,Mouse,5749,73
311097,Mouse,4239,77
311222,Mouse,4401,88
311274,Mouse,4065,96
311290,Mouse,3527,102
311350,Mouse,4193,104
311379,Mouse,3767,104
311407,Mouse,5390,106
311430,Elephant,483486,1581
311433,Mouse,4222,92
311440,Mouse,3234,91
311463,Mouse,5520,86
311466,Mouse,5219,85
311478,Mouse,5209,75
311540,Mouse,3012,66
311585,Mouse,5813,70
311591,Mouse,3942,75
311599,Elephant,357192,1187
311627,Mouse,3138,67
311765,Elephant,221816,922
311775,Mouse,4462,65
311779,Mouse,3759,67
311782,Mouse,5534,68
311801,Mouse,4000,64
311816,Mouse,5667,66
311831,Mouse,4485,65
311849,Mouse,4029,64
311939,Mouse,5595,66
312019,Mouse,4349,65
312108,Mouse,5027,65
312127,Mouse,5549,66
312167,Mouse,5568,66
312192,Mouse,3227,64
312347,Mouse,5146,65
312426,Mouse,4590,65
312517,Mouse,4096,64
312530,Mouse,3716,64
312555,Mouse,3623,64
312569,Mouse,4536,65
312584,Mouse,3608,64
312639,Mouse,5134,65
312825,Mouse,4686,68
312869,Mouse,5720,69
312955,Mouse,5645,70
312993,Mouse,5219,69
313051,Mouse,3830,70
313088,Mouse,4220,67
313107,Mouse,3978,76
313297,Mouse,5318,90
313317,Mouse,3060,91
313362,Mouse,3709,101
313425,Mouse,4422,111
313426,Mouse,4162,111
313478,Mouse,4841,90
313526,Mouse,5712,83
313675,Elephant,363861,1093
313773,Elephant,355075,1146
313822,Mouse,3691,68
313873,Mouse,3514,71
313875,Mouse,4504,69
313976,Mouse,3732,71
314001,Mouse,5661,80
314010,Elephant,270887,1154
314054,Mouse,3831,74
314095,Mouse,5058,70
314117,Mouse,3473,67
314152,Elephant,65675,370
314320,Mouse,4607,66
314338,Mouse,5345,67
314405,Mouse,4839,66
314416,Mouse,3567,64
314437,Mouse,5460,70
314544,Mouse,3118,64
314601,Elephant,466437,1519
314691,Mouse,5493,66
314696,Mouse,5002,65
314724,Mouse,5241,65
314740,Mouse,5481,66
314919,Mouse,3460,64
315026,Mouse,4235,64
315070,Mouse,3676,68
315071,Mouse,4348,69
315177,Elephant,52611,320
315191,Mouse,3499,67
315203,Mouse,4968,65
315360,Mouse,5332,67
315397,Mouse,3320,67
315422,Mouse,3253,64
315485,Elephant,145741,548
315542,Mouse,3640,67
315605,Mouse,5397,65
315622,Mouse,4523,68
315638,Mouse,4679,70
315698,Mouse,3059,65
315699,Mouse,4088,67
315704,Mouse,3342,66
315706,Mouse,4749,68
315715,Mouse,3136,66
315722,Mouse,3090,68
315734,Mouse,5187,69
315764,Mouse,5342,69
315776,Mouse,4674,72
315823,Mouse,4008,71
315874,Mouse,4367,69
315904,Mouse,4860,67
315999,Mouse,3417,68
316068,Elephant,545894,1157
316100,Mouse,4144,64
316153,Mouse,4548,65
316183,Mouse,3148,64
316197,Mouse,4663,65
316288,Mouse,4879,65
316387,Mouse,3163,67
316538,Mouse,4673,65
316565,Mouse,4896,68
316616,Mouse,3394,70
316649,Mouse,3590,68
316789,Mouse,4989,80
316825,Mouse,4735,80
316857,Mouse,3703,93
316878,Mouse,5215,99
317040,Mouse,5439,88
317066,Elephant,508153,1222
317255,Mouse,5027,76
317284,Mouse,4345,84
317303,Mouse,5384,93
317366,Mouse,5403,101
317375,Mouse,3452,106
317477,Mouse,4239,68
317551,Mouse,5387,75
317622,Elephant,71804,533
317650,Mouse,5662,91
317720,Mouse,5225,95
317783,Mouse,4671,102
317800,Mouse,4411,100
317814,Mouse,3389,96
317825,Mouse,4360,105
317889,Mouse,5386,95
317909,Mouse,5377,98
317939,Mouse,4400,93
318011,Mouse,4922,89
318112,Elephant,310273,1574
318116,Mouse,5461,84
318227,Mouse,5745,81
318240,Mouse,3126,83
318275,Elephant,347605,1617
318370,Mouse,5648,76
318385,Mouse,4958,72
318393,Mouse,4771,77
318695,Elephant,550848,2026
318748,Mouse,5016,81
318795,Mouse,5787,73
318809,Mouse,3754,74
318816,Mouse,4168,78
318847,Mouse,4161,83
318880,Mouse,5695,90
318956,Mouse,5313,80
318985,Mouse,4417,82
319019,Elephant,471400,2204
319069,Mouse,5817,83
319098,Mouse,4825,71
319101,Mouse,4139,69
319145,Mouse,5427,71
319190,Mouse,5360,76
319231,Mouse,4498,76
319269,Mouse,4596,71
319280,Mouse,3468,77
319366,Mouse,5423,70
319435,Elephant,320393,1149
319689,Mouse,3627,72
319748,Mouse,4282,75
319776,Mouse,4440,78
319785,Mouse,5671,84
319892,Mouse,4486,93
319906,Mouse,4351,85
319966,Elephant,431568,1483
320014,Mouse,3803,66
320019,Mouse,5637,66
320040,Mouse,3848,67
320070,Mouse,4110,66
320130,Mouse,5541,71
320154,Mouse,4721,69
320190,Mouse,4428,72
320311,Mouse,4777,74
320329,Mouse,4115,72
320361,Elephant,194993,740
320364,Mouse,5045,82
320420,Mouse,3599,64
320493,Mouse,3487,74
320559,Mouse,3902,67
320630,Mouse,3279,66
320656,Mouse,3728,74
320665,Mouse,4263,80
320740,Mouse,3566,92
320811,Elephant,86017,449
320836,Mouse,4895,91
320844,Mouse,4658,96
320865,Mouse,3857,87
320921,Elephant,58369,388
320946,Mouse,3906,78
321044,Mouse,5204,71
321045,Elephant,456999,1439
321190,Mouse,4429,68
321217,Mouse,5705,74
321306,Mouse,5297,75
321417,Mouse,5206,76
321500,Mouse,5719,93
321581,Mouse,3203,95
321610,Mouse,5618,87
321631,Mouse,4347,92
321646,Mouse,3986,93
321651,Elephant,262264,922
321752,Mouse,3156,72
321783,Mouse,4834,67
321846,Mouse,4944,69
322042,Mouse,3427,84
322092,Mouse,5336,101
322182,Mouse,3302,101
322264,Elephant,504808,1629
322334,Mouse,4959,78
322412,Mouse,3732,65
322443,Mouse,5410,69
322471,Mouse,4459,70
322477,Elephant,351627,1157
322525,Mouse,3504,72
322547,Mouse,3391,64
322580,Mouse,5695,68
322595,Mouse,3931,65
322630,Mouse,5556,72
322661,Mouse,4207,66
322675,Mouse,4641,70
322723,Mouse,3210,68
322789,Mouse,5053,69
322820,Mouse,5524,70
322854,Mouse,4426,66
322982,Mouse,3997,65
323010,Mouse,5613,67
323041,Mouse,3122,65
323042,Elephant,314237,1135
323071,Mouse,5247,65
323204,Mouse,5722,66
323224,Mouse,5538,66
323245,Mouse,3694,64
323254,Mouse,5573,66
323270,Mouse,3978,64
323299,Mouse,4998,66
323385,Mouse,3648,64
323412,Mouse,3733,64
323430,Mouse,3733,64
323532,Mouse,4440,65
323627,Mouse,4808,66
323694,Mouse,4872,65
323804,Mouse,3315,64
323830,Mouse,4661,66
323877,Mouse,5088,65
323933,Mouse,5647,66
324081,Mouse,3597,67
324137,Mouse,3047,70
324222,Mouse,3633,67
324260,Mouse,3428,67
324321,Mouse,4315,69
324357,Mouse,5605,70
324401,Mouse,5351,69
324408,Mouse,4019,73
324494,Mouse,3215,65
324543,Mouse,4045,72
324601,Mouse,5734,86
324635,Mouse,5662,92
324662,Mouse,5373,99
324667,Mouse,3005,98
324698,Mouse,4621,100
324723,Mouse,3329,106
324762,Mouse,5280,88
324771,Elephant,569414,1277
324804,Mouse,4677,70
324819,Mouse,3643,66
324961,Mouse,4560,70
324966,Mouse,4259,70
325008,Mouse,4354,71
325034,Mouse,5710,67
325115,Mouse,3514,71
325132,Mouse,4950,75
325145,Mouse,4229,78
325302,Elephant,261983,1175
325321,Mouse,4081,86
325356,Mouse,3088,92
325359,Elephant,187417,906
325407,Mouse,4899,90
325456,Mouse,4938,78
325466,Mouse,3234,72
325480,Mouse,3553,76
325516,Elephant,171424,690
325544,Mouse,4771,80
325650,Mouse,4270,75
325665,Mouse,4000,78
325696,Mouse,3256,80
325767,Mouse,4337,75
325790,Mouse,4311,80
325817,Mouse,4811,82
325896,Mouse,3026,86
325940,Mouse,3182,81
325968,Mouse,3811,83
325997,Elephant,304548,986
326011,Mouse,4510,77
326033,Mouse,3408,76
326071,Mouse,4951,68
326124,Mouse,4640,69
326188,Mouse,4046,72
326199,Mouse,5627,75
326215,Mouse,3188,67
326245,Mouse,5333,74
326273,Mouse,3538,69
326347,Mouse,4131,68
326375,Elephant,173212,810
326428,Mouse,3390,71
326441,Mouse,4065,74
326446,Mouse,3481,74
326501,Mouse,3518,69
326547,Mouse,4074,70
326638,Elephant,533486,1383
326684,Mouse,3884,64
326753,Mouse,5396,65
326801,Mouse,5564,67
326864,Mouse,4307,68
326900,Mouse,3449,66
327072,Mouse,5072,70
327075,Elephant,75811,375
327088,Mouse,5659,75
327134,Mouse,3944,67
327136,Mouse,3054,65
327153,Mouse,4223,64
327233,Mouse,3891,66
327260,Mouse,4168,67
327282,Mouse,4808,65
327391,Mouse,4043,64
327606,Mouse,5547,71
327694,Mouse,3455,69
327747,Mouse,5573,79
327810,Mouse,5498,96
327865,Mouse,3920,103
327901,Mouse,4661,105
327961,Elephant,471035,1167
327971,Mouse,4871,84
327991,Mouse,3931,77
328062,Elephant,57791,385
328078,Mouse,5679,71
328094,Mouse,3408,64
328172,Mouse,3493,67
328180,Mouse,3795,74
328187,Mouse,4803,71
328275,Mouse,4262,65
328348,Mouse,3207,72
328559,Mouse,3967,69
328579,Elephant,232375,989
328585,Mouse,5181,72
328598,Mouse,3984,71
328623,Mouse,4488,71
328637,Elephant,392915,1271
328645,Mouse,3884,71
328650,Mouse,3676,69
328703,Mouse,3557,64
328721,Mouse,5319,65
328782,Mouse,3383,64
328862,Mouse,3274,64
329007,Mouse,3831,64
329111,Mouse,3339,64
329135,Mouse,5290,67
329257,Mouse,4544,65
329305,Mouse,3045,64
329356,Mouse,4046,69
329546,Mouse,4381,69
329591,Mouse,3563,64
329599,Mouse,5638,66
329671,Mouse,5008,69
329683,Mouse,3339,70
329729,Mouse,4528,69
329810,Mouse,3993,68
329866,Mouse,5697,67
329906,Mouse,5166,69
329915,Mouse,5215,68
329951,Mouse,3882,68
329992,Mouse,3237,64
330021,Mouse,5488,71
330037,Mouse,3817,65
330061,Mouse,4195,71
330187,Mouse,4780,66
330193,Mouse,5201,66
330274,Mouse,4927,76
330294,Mouse,4173,67
330375,Elephant,577728,1248
330378,Mouse,3976,69
330455,Mouse,3182,66
330538,Mouse,3604,66
330607,Mouse,5667,74
330638,Elephant,208201,699
330652,Mouse,5479,68
330744,Mouse,4348,65
330756,Mouse,3487,70
330789,Mouse,4977,66
330857,Mouse,3199,65
330886,Mouse,4534,69
330943,Mouse,4040,68
330958,Mouse,4999,65
331028,Mouse,4157,70
331036,Mouse,5402,75
331039,Mouse,3029,73
331089,Mouse,5286,79
331131,Mouse,4200,81
331236,Elephant,347544,946
331304,Mouse,3388,76
331333,Mouse,4569,69
331346,Mouse,4074,72
331372,Mouse,4711,70
331444,Mouse,3720,73
331632,Mouse,3562,76
331867,Mouse,5680,105
331936,Mouse,4136,96
331979,Mouse,5594,80
332010,Mouse,5489,77
332085,Mouse,3811,66
332117,Mouse,5632,70
332145,Mouse,3052,67
332206,Mouse,4984,71
332215,Mouse,4370,72
332274,Mouse,3898,71
332286,Mouse,3306,71
332321,Mouse,4013,70
332351,Mouse,5048,74
332364,Elephant,540035,1417
332371,Mouse,5315,69
332581,Mouse,5443,66
332601,Mouse,3497,67
332616,Mouse,4254,68
332669,Mouse,3238,69
332714,Mouse,3132,65
332724,Mouse,4974,65
332742,Mouse,5551,70
332753,Mouse,3429,71
332778,Elephant,533963,1540
332832,Mouse,3699,64
332854,Mouse,4835,65
332879,Mouse,5041,65
332999,Mouse,4145,64
333021,Mouse,5775,66
333192,Mouse,3862,64
333221,Mouse,4109,64
333293,Mouse,3194,64
333330,Mouse,4636,65
333424,Mouse,5196,65
333517,Mouse,4009,64
333538,Mouse,5307,65
333607,Mouse,3760,64
333634,Mouse,3480,64
333817,Mouse,3293,64
333900,Mouse,4298,67
334317,Mouse,4841,76
334321,Elephant,110185,471
334387,Elephant,222124,727
334434,Mouse,3496,64
334445,Mouse,4709,65
334474,Mouse,4402,67
334510,Mouse,3949,71
334527,Mouse,3215,64
334572,Mouse,4359,69
334635,Mouse,4946,65
334658,Mouse,3307,67
334814,Mouse,5427,72
334818,Mouse,4897,68
334826,Mouse,3427,66
334847,Mouse,3646,71
334858,Elephant,401081,1081
334920,Mouse,5409,66
334943,Mouse,4756,68
334964,Mouse,4036,65
335031,Mouse,5550,69
335145,Mouse,3701,68
335264,Elephant,323188,878
335315,Mouse,4234,72
335323,Mouse,5221,69
335504,Mouse,4620,70
335510,Mouse,4799,73
335519,Mouse,5062,78
335529,Mouse,4799,87
335545,Mouse,4430,84
335555,Mouse,4081,86
335715,Mouse,4485,75
335781,Mouse,5558,78
335941,Mouse,3901,88
336170,Mouse,4222,85
336179,Mouse,4253,88
336202,Mouse,4079,83
336227,Mouse,3518,85
336241,Mouse,4833,91
336325,Mouse,3565,80
336334,Mouse,3493,77
336371,Mouse,5838,75
336390,Mouse,3875,76
336422,Mouse,5045,82
336448,Mouse,3576,81
336507,Mouse,3294,88
336520,Mouse,4753,93
336598,Elephant,458527,1570
336637,Mouse,5288,72
336654,Mouse,3706,66
336724,Elephant,542337,1681
336816,Mouse,3026,64
336924,Mouse,4418,69
336966,Mouse,5341,69
337008,Mouse,5424,72
337019,Mouse,3563,66
337134,Elephant,493971,1954
337137,Mouse,4394,80
337140,Mouse,4035,77
337193,Elephant,471554,1603
337307,Mouse,3596,64
337339,Mouse,3937,66
337351,Mouse,3604,65
337396,Mouse,3419,64
337547,Elephant,137012,564
337594,Mouse,4441,65
337809,Mouse,4055,64
337927,Mouse,5817,66
337978,Mouse,3439,64
337983,Mouse,5660,66
338291,Mouse,4746,68
338298,Elephant,181372,632
338372,Mouse,3177,66
338374,Mouse,4978,68
338403,Mouse,4777,65
338418,Mouse,4132,69
338444,Mouse,4183,65
338470,Mouse,5119,65
338580,Mouse,3314,66
338641,Mouse,5509,67
338653,Mouse,5354,68
338683,Mouse,5248,72
338739,Mouse,3616,75
338740,Mouse,5759,82
338778,Mouse,4713,78
338808,Elephant,111022,509
338837,Mouse,5446,83
338925,Mouse,3800,66
338947,Mouse,5798,74
338986,Mouse,5264,78
339107,Mouse,5702,84
339133,Mouse,4920,90
339152,Mouse,4912,97
339276,Mouse,3880,86
339389,Mouse,3557,93
339409,Mouse,3833,91
339423,Mouse,3643,101
339486,Mouse,3863,89
339517,Mouse,3913,82
339536,Elephant,495607,1335
339592,Mouse,5178,68
339611,Elephant,325153,1175
339649,Mouse,4670,68
339718,Mouse,4478,67
339719,Elephant,234981,1019
339877,Mouse,3383,67
339904,Mouse,3432,66
340128,Mouse,4646,76
340133,Elephant,295821,919
340144,Mouse,3342,82
340194,Mouse,4338,82
340211,Mouse,3343,66
340219,Mouse,4457,68
340329,Mouse,4646,76
340334,Mouse,5450,80
340342,Mouse,4137,82
340465,Mouse,3751,83
340656,Mouse,3761,86
340681,Mouse,5657,92
340704,Mouse,5348,99
340759,Mouse,4510,108
340808,Mouse,5429,102
340840,Mouse,4867,90
340858,Mouse,3445,89
340880,Mouse,4102,81
340909,Mouse,3641,85
340981,Mouse,4464,89
341045,Mouse,5684,107
341099,Mouse,3808,116
341128,Mouse,5686,117
341153,Elephant,565681,1537
341227,Mouse,3878,91
341232,Mouse,5765,97
341316,Mouse,3451,80
341348,Mouse,5392,76
341462,Mouse,4783,74
341531,Mouse,3631,79
341608,Mouse,5520,93
341725,Mouse,5788,107
341747,Elephant,317810,1731
341773,Mouse,5363,88
341782,Mouse,3644,90
341893,Mouse,3722,79
341972,Mouse,3406,94
342010,Mouse,3782,97
342058,Mouse,4217,94
342098,Mouse,3691,95
342127,Mouse,3244,92
342162,Mouse,3911,91
342184,Mouse,5064,91
342202,Elephant,500494,2215
342205,Mouse,4889,87
342235,Mouse,5743,81
342322,Mouse,3637,67
342416,Elephant,286312,1288
342427,Mouse,3416,68
342452,Mouse,3656,72
342542,Elephant,161716,825
342556,Mouse,4409,67
342606,Mouse,4202,66
342620,Mouse,3799,69
342675,Mouse,4156,72
342884,Mouse,3169,74
342888,Mouse,5335,78
343000,Mouse,4226,89
343089,Mouse,3667,97
343098,Mouse,5742,101
343118,Mouse,5619,110
343242,Mouse,5266,90
343266,Elephant,481028,1457
343287,Mouse,4330,77
343306,Elephant,129133,652
343327,Mouse,3923,64
343357,Mouse,3602,67
343373,Mouse,5430,65
343486,Mouse,5144,69
343666,Mouse,4538,66
343785,Mouse,3676,66
343816,Mouse,3211,67
343824,Mouse,3096,69
343996,Mouse,4103,68
344067,Elephant,361954,1249
344075,Mouse,4920,66
344099,Mouse,4660,68
344232,Mouse,5029,67
344276,Mouse,3967,67
344289,Elephant,34704,238
344321,Mouse,3144,64
344325,Mouse,5142,66
344337,Mouse,4964,65
344378,Mouse,5435,66
344538,Mouse,4875,65
344574,Mouse,4913,65
344641,Mouse,4644,65
344709,Mouse,5308,66
344757,Mouse,5342,65
344775,Mouse,4523,65
344797,Mouse,3277,65
344807,Mouse,5559,66
344913,Mouse,5768,67
344924,Mouse,4227,70
344934,Mouse,4500,76
344942,Mouse,3770,74
344986,Mouse,3676,69
345072,Mouse,4102,64
345076,Mouse,4295,65
345256,Mouse,4907,75
345320,Mouse,5007,81
345378,Mouse,4215,83
345381,Elephant,176105,660
345404,Mouse,4985,80
345413,Mouse,3859,83
345429,Mouse,3193,85
345440,Mouse,3163,71
345482,Mouse,4241,70
345490,Mouse,3271,74
345574,Mouse,4343,68
345711,Elephant,470485,1160
345744,Mouse,4459,70
345753,Mouse,3424,70
345788,Mouse,3223,67
345811,Mouse,4920,72
345864,Mouse,5216,72
345878,Mouse,5047,77
345891,Mouse,5821,71
345966,Mouse,3236,65
345972,Mouse,3565,67
346002,Mouse,4692,70
346023,Mouse,4090,68
346077,Mouse,3139,72
346088,Elephant,395114,1036
346136,Mouse,5010,69
346180,Mouse,5267,70
346189,Mouse,4558,68
346217,Mouse,4525,69
346338,Mouse,5160,65
346395,Mouse,3669,67
346445,Mouse,3575,70
346457,Mouse,3899,75
346466,Mouse,5400,81
346619,Mouse,5795,74
346623,Elephant,345326,929
346628,Mouse,5181,69
346649,Mouse,4920,68
346807,Mouse,4141,65
346876,Mouse,5090,65
346941,Mouse,5819,66
347005,Mouse,4321,71
347063,Mouse,4993,73
347065,Mouse,5826,75
347092,Mouse,5817,68
347109,Mouse,4250,74
347175,Elephant,462781,201887
347201,Mouse,4822,65
347359,Mouse,5271,65
347396,Mouse,3315,64
347418,Mouse,4307,69
347428,Mouse,4220,64
347437,Mouse,4517,65
347493,Mouse,5364,68
347547,Mouse,4519,72
347607,Mouse,4427,70
347626,Elephant,222676,721
347695,Mouse,5597,66
347755,Mouse,5190,65
347817,Mouse,5308,65
347903,Mouse,3570,64
347910,Mouse,4826,68
347915,Mouse,3696,70
348014,Mouse,4598,66
348071,Mouse,4584,65
348139,Mouse,3109,67
348154,Mouse,3952,74
348227,Mouse,3606,67
348247,Mouse,5090,76
348249,Mouse,5812,75
348350,Mouse,4932,79
348418,Mouse,3007,87
348481,Mouse,4904,96
348505,Mouse,4852,105
348558,Mouse,3634,118
348729,Mouse,3933,65
348935,Mouse,3301,74
348988,Mouse,5705,85
349018,Mouse,5045,94
349053,Mouse,3381,94
349085,Mouse,4727,100
349103,Mouse,4611,109
349122,Mouse,5152,106
349274,Mouse,4402,71
349289,Mouse,4075,75
349357,Mouse,5116,90
349425,Mouse,3602,88
349534,Mouse,5137,96
349562,Mouse,5434,99
349623,Elephant,499818,1781
349722,Mouse,4609,71
349773,Mouse,4384,73
349780,Mouse,3565,75
349783,Elephant,454103,1797
349790,Mouse,5095,82
349888,Mouse,4983,69
349917,Mouse,3951,64
349953,Mouse,3177,73
349959,Mouse,3087,70
349967,Elephant,525978,1977
350053,Mouse,3463,64
350097,Mouse,4782,65
350244,Mouse,4392,74
350315,Mouse,4219,70
350408,Mouse,5770,74
350437,Mouse,4911,70
350524,Mouse,3047,71
350529,Mouse,4866,73
350561,Mouse,3196,79
350617,Mouse,4463,86
350740,Mouse,4715,81
350823,Mouse,3061,91
350844,Mouse,5648,104
350891,Mouse,4555,102
350921,Mouse,4506,101
350933,Mouse,3919,102
350977,Mouse,4249,94
351017,Mouse,4224,89
351115,Mouse,4285,85
351119,Mouse,5200,89
351156,Mouse,4018,94
351214,Mouse,5123,94
351228,Mouse,4247,93
351230,Mouse,5814,99
351250,Mouse,4874,94
351297,Elephant,523118,1462
351328,Mouse,4917,91
351339,Mouse,3993,83
351401,Mouse,5607,70
351411,Mouse,5624,69
351420,Elephant,375260,1252
351760,Mouse,5202,72
351876,Mouse,5686,73
351976,Mouse,3375,80
352029,Mouse,3971,89
352043,Mouse,3516,91
352044,Elephant,563413,1919
352075,Mouse,4855,91
352135,Mouse,3919,64
352159,Mouse,4839,69
352205,Mouse,4051,68
352234,Mouse,5015,70
352268,Mouse,3462,66
352295,Elephant,104962,598
352372,Mouse,3389,64
352380,Mouse,5038,68
352404,Mouse,3167,66
352411,Mouse,3145,67
352417,Mouse,3884,68
352488,Mouse,3187,66
352535,Mouse,3334,69
352588,Mouse,4654,71
352641,Mouse,5623,71
352713,Mouse,5152,77
352825,Mouse,4707,90
352843,Mouse,3750,92
352847,Elephant,557531,1378
352852,Mouse,4486,92
352885,Mouse,3819,95
352937,Mouse,5080,81
353097,Mouse,3567,68
353127,Mouse,4756,68
353149,Mouse,3138,71
353149,Mouse,3429,70
353218,Mouse,4623,75
353279,Mouse,5465,70
353340,Elephant,171230,787
353422,Mouse,3226,64
353515,Mouse,3848,68
353539,Mouse,5455,76
353585,Mouse,4046,82
353701,Mouse,5518,80
353774,Mouse,5628,88
353802,Mouse,3139,94
353846,Mouse,3302,99
353854,Mouse,3743,97
353912,Elephant,270187,956
353959,Mouse,4073,79
353994,Mouse,4343,70
354042,Elephant,493773,1596
354085,Mouse,4249,66
354192,Mouse,3114,65
354220,Mouse,3096,66
354251,Mouse,4363,73
354682,Mouse,3890,97
354685,Mouse,3187,98
354712,Mouse,3475,99
354758,Mouse,3272,94
354789,Mouse,4267,89
354809,Mouse,5667,84
354849,Mouse,5205,86
354859,Mouse,5023,92
354923,Mouse,5372,91
354936,Mouse,3374,95
354953,Mouse,4652,102
354994,Mouse,5229,97
355032,Mouse,3277,90
355251,Mouse,3790,95
355288,Mouse,4606,105
355311,Mouse,5444,106
355357,Mouse,3729,111
355371,Elephant,470155,1902
355395,Mouse,4049,104
355431,Mouse,5015,91
355435,Mouse,5292,92
355442,Mouse,4393,93
355515,Mouse,4867,75
355591,Mouse,4774,71
355625,Mouse,5149,75
355819,Elephant,347913,1804
355884,Mouse,4730,83
355925,Mouse,3286,84
356035,Mouse,3165,83
356064,Mouse,4622,88
356099,Elephant,514300,2032
356102,Mouse,4051,91
356142,Mouse,5246,82
356151,Elephant,430335,1983
356245,Elephant,300512,1066
356247,Mouse,5016,70
356427,Mouse,3390,64
356490,Mouse,4956,70
356565,Mouse,4679,65
356615,Mouse,4688,69
356705,Mouse,4820,68
356886,Mouse,5534,70
356908,Mouse,4550,65
357003,Mouse,5204,69
357063,Mouse,3331,71
357109,Elephant,240660,733
357141,Mouse,4709,66
357154,Mouse,4030,68
357252,Mouse,5259,65
357308,Mouse,3975,65
357349,Mouse,5226,70
357452,Mouse,3875,64
357479,Mouse,3790,67
357554,Mouse,5690,66
357569,Mouse,5132,68
357584,Mouse,5776,67
357592,Mouse,3346,64
357643,Mouse,5411,67
357671,Mouse,4125,64
357719,Mouse,3974,66
357834,Mouse,4087,68
357843,Mouse,5030,70
358251,Elephant,441856,1100
358301,Mouse,4882,83
358320,Mouse,4676,84
358337,Mouse,4463,90
358375,Mouse,3237,82
358384,Elephant,283788,201240
358413,Mouse,3846,76
358478,Mouse,3715,68
358594,Elephant,102090,729
358639,Mouse,5020,69
358674,Mouse,3191,75
358716,Mouse,3714,81
358722,Mouse,3095,83
358807,Mouse,3636,80
358942,Mouse,3485,79
359008,Elephant,249574,861
359016,Mouse,5067,80
359024,Mouse,4404,85
359117,Elephant,315299,1216
359183,Mouse,3329,64
359300,Mouse,3085,66
359418,Mouse,5131,75
359439,Mouse,5027,69
359448,Mouse,3996,71
359508,Elephant,71209,387
359511,Mouse,3039,69
359561,Mouse,5202,71
359562,Mouse,5695,72
359573,Mouse,3147,66
359636,Elephant,497463,1417
359641,Mouse,4170,64
359703,Mouse,3036,64
359736,Mouse,3666,64
359813,Mouse,3204,64
359866,Mouse,3665,64
359884,Mouse,5235,65
359893,Mouse,4439,65
360150,Mouse,3796,64
360181,Mouse,3692,64
360188,Mouse,5592,66
360254,Mouse,5129,65
360289,Mouse,5352,67
360291,Mouse,4389,66
360345,Mouse,3135,64
360518,Mouse,4803,65
360630,Mouse,4410,66
360641,Mouse,4708,65
360740,Mouse,3410,64
360787,Mouse,4503,65
360899,Mouse,3015,64
360930,Mouse,4542,69
361026,Mouse,3806,68
361037,Mouse,4556,65
361076,Mouse,4196,72
361115,Mouse,3320,72
361127,Mouse,3274,72
361151,Mouse,5602,73
361172,Mouse,5381,76
361226,Mouse,5299,69
361244,Mouse,3154,77
361264,Elephant,453649,1054
361295,Mouse,5172,75
361319,Mouse,4947,66
361441,Mouse,4118,64
361539,Mouse,5085,67
361550,Mouse,4152,68
361584,Mouse,4335,66
361681,Mouse,3140,67
361855,Mouse,3551,74
361870,Mouse,4047,81
361934,Mouse,4206,94
361944,Mouse,3814,97
362030,Elephant,223884,796
362047,Mouse,4713,80
362202,Mouse,3045,88
362229,Mouse,5656,96
362327,Mouse,3346,125
362332,Elephant,549711,1388
362393,Mouse,5149,85
362425,Mouse,5054,84
362480,Mouse,3081,78
362491,Elephant,240440,953
362551,Mouse,3799,69
362556,Mouse,3134,72
362593,Mouse,3543,69
362698,Mouse,5695,83
362782,Elephant,185180,746
362794,Mouse,4317,78
362796,Mouse,4527,79
362962,Elephant,180745,899
363016,Mouse,4515,67
363026,Elephant,209452,938
363065,Mouse,5361,70
363069,Mouse,3204,67
363197,Mouse,3109,64
363228,Mouse,5571,67
363274,Mouse,3685,67
363296,Mouse,4517,65
363306,Elephant,106193,466
363336,Mouse,5185,65
363490,Mouse,5045,69
363517,Mouse,3009,64
363549,Mouse,5100,69
363557,Mouse,4206,64
363598,Mouse,3387,66
363698,Mouse,3886,64
363758,Mouse,5635,67
363783,Mouse,3907,64
363788,Mouse,5145,65
363819,Mouse,3836,64
363827,Mouse,3197,64
363921,Mouse,4907,65
363991,Mouse,5452,70
363998,Mouse,3857,68
364045,Mouse,3629,71
364047,Mouse,5670,69
364112,Mouse,3004,67
364166,Mouse,3594,65
364186,Mouse,4270,65
364217,Mouse,3378,69
364228,Mouse,3250,71
364232,Mouse,5664,73
364240,Mouse,5084,72
364387,Mouse,4679,74
364454,Mouse,4509,76
364474,Mouse,3725,80
364506,Mouse,3531,83
364514,Mouse,4068,88
364525,Mouse,4688,94
364532,Elephant,494034,1137
364543,Mouse,3458,90
364574,Mouse,5187,90
364582,Mouse,4709,79
364589,Mouse,5521,70
364744,Mouse,4704,69
364768,Elephant,45380,300
364815,Mouse,4949,66
364883,Mouse,4969,68
364965,Mouse,4480,82
364999,Mouse,5781,83
365017,Mouse,4619,85
365031,Mouse,4693,81
365091,Mouse,3940,82
365104,Elephant,198849,889
365165,Mouse,5353,73
365232,Mouse,4554,78
365352,Mouse,4709,86
365511,Mouse,3935,104
365554,Mouse,5453,107
365597,Elephant,409681,1446
365676,Mouse,4636,72
365764,Mouse,4176,67
365874,Mouse,5266,78
365920,Mouse,5687,88
365969,Elephant,289719,1317
366045,Mouse,4221,80
366075,Mouse,4485,80
366141,Mouse,3317,85
366188,Mouse,4558,94
366267,Mouse,4875,89
366331,Mouse,4528,84
366338,Mouse,4143,89
366396,Mouse,5286,83
366448,Mouse,5073,83
366450,Elephant,398168,1411
366569,Mouse,3058,72
366624,Elephant,505239,1762
366766,Mouse,5715,66
366813,Mouse,3457,67
366818,Mouse,4423,67
367006,Mouse,4023,67
367044,Mouse,5625,67
367071,Mouse,3464,71
367078,Mouse,5506,72
367140,Elephant,259758,1198
367146,Mouse,3787,64
367183,Mouse,3400,64
367293,Mouse,5146,65
367298,Mouse,5291,65
367303,Mouse,5371,65
367447,Mouse,4667,71
367558,Elephant,34868,233
367625,Mouse,4566,68
367716,Mouse,3017,67
367861,Mouse,5716,73
367877,Mouse,4205,76
367902,Mouse,5163,79
367954,Elephant,163878,611
367961,Mouse,3777,76
367976,Mouse,3953,79
368032,Mouse,4835,71
368038,Mouse,5729,68
368064,Mouse,3677,69
368067,Elephant,203230,739
368114,Mouse,3128,64
368128,Mouse,5195,65
368139,Elephant,173197,702
368276,Mouse,4712,65
368304,Mouse,4028,64
368308,Mouse,4161,64
368394,Mouse,3588,64
368478,Mouse,4450,65
368491,Mouse,5546,66
368609,Mouse,3165,64
368625,Mouse,5784,66
368686,Mouse,4417,65
368754,Mouse,5434,66
368985,Mouse,5790,66
369131,Mouse,5165,70
369134,Mouse,3632,69
369194,Mouse,4403,65
369211,Elephant,104415,456
369295,Mouse,3773,66
369324,Mouse,4934,68
369327,Mouse,5769,69
369352,Mouse,4823,65
369392,Mouse,3402,64
369468,Mouse,4388,69
369525,Mouse,5563,66
369532,Mouse,4580,69
369533,Mouse,5357,70
369584,Mouse,4766,73
369591,Mouse,4171,70
369606,Mouse,5312,69
369626,Mouse,4353,68
369653,Mouse,4342,75
369670,Mouse,5254,70
369705,Mouse,4667,74
369706,Mouse,5151,79
369841,Mouse,5821,68
369925,Mouse,5574,78
370191,Mouse,5212,123
370342,Elephant,160430,774
370346,Mouse,4012,107
370391,Mouse,4219,108
370412,Mouse,5305,102
370415,Mouse,5431,99
370441,Mouse,3308,95
370578,Elephant,341972,1237
370663,Mouse,4045,77
370798,Mouse,3831,87
370809,Elephant,566725,1580
370812,Elephant,134614,816
370817,Mouse,5509,85
370826,Mouse,4192,88
370889,Mouse,3467,68
370937,Mouse,3893,69
371037,Mouse,3900,71
371040,Mouse,4001,73
371062,Mouse,5830,76
371148,Mouse,5282,72
371297,Mouse,5275,74
371346,Mouse,3893,90
371354,Mouse,3914,90
371398,Elephant,471978,1434
371551,Mouse,5518,78
371596,Mouse,4375,83
371635,Mouse,5030,91
371787,Elephant,274701,1253
371838,Mouse,3796,67
371910,Mouse,3265,73
372034,Mouse,5658,79
372043,Mouse,5257,85
372052,Mouse,3231,85
372089,Mouse,3788,90
372115,Mouse,3839,95
372142,Mouse,5005,98
372304,Mouse,3736,83
372324,Mouse,3693,89
372354,Mouse,4299,98
372379,Mouse,4621,105
372429,Mouse,4437,99
372479,Elephant,575859,1559
372512,Elephant,211395,1089
372599,Mouse,3902,66
372607,Mouse,4432,69
372754,Mouse,3265,85
372773,Mouse,4023,87
372880,Mouse,4394,108
372991,Elephant,99135,603
372993,Mouse,3444,94
372996,Mouse,3117,92
373029,Mouse,4769,98
373032,Mouse,4697,100
373045,Mouse,3714,103
373185,Elephant,567156,1950
373243,Elephant,200203,1135
373253,Mouse,5386,68
373269,Mouse,5053,69
373289,Mouse,5281,67
373402,Mouse,4393,67
373427,Mouse,4055,68
373480,Mouse,4588,71
373531,Elephant,385770,1189
373537,Mouse,4049,70
373557,Mouse,3188,67
373575,Mouse,4870,67
373578,Mouse,4208,67
373651,Mouse,5686,73
373737,Mouse,4963,75
373738,Mouse,3477,75
373816,Mouse,3264,67
373906,Mouse,5624,74
373958,Mouse,4906,80
373979,Mouse,4513,80
374027,Mouse,5664,89
374046,Mouse,3650,92
374130,Mouse,4079,78
374155,Mouse,4765,81
374245,Mouse,4804,92
374285,Mouse,5165,92
374305,Mouse,4168,97
374360,Elephant,547056,1744
374464,Mouse,4939,69
374486,Mouse,4536,65
374524,Mouse,3082,73
374532,Mouse,4220,67
374534,Mouse,3374,66
374586,Mouse,3978,70
374730,Mouse,4075,68
374785,Mouse,4091,75
374825,Elephant,523735,1356
374829,Mouse,3607,72
374883,Mouse,5019,70
374884,Mouse,5792,72
374954,Mouse,4280,67
374962,Mouse,3732,65
374970,Mouse,4593,65
375000,Mouse,5220,65
375004,Elephant,400590,1343
375022,Mouse,3147,66
375061,Mouse,3232,65
375093,Mouse,4445,65
375257,Mouse,3761,64
375306,Mouse,3566,64
375354,Mouse,4589,65
375359,Mouse,4337,65
375598,Mouse,4407,65
375622,Mouse,5068,69
375729,Mouse,4906,74
375891,Elephant,378182,1030
375897,Mouse,3558,70
375905,Elephant,51767,298
375916,Mouse,5187,66
375926,Mouse,4381,71
376023,Mouse,3529,67
376111,Mouse,5068,68
376128,Mouse,5339,65
376177,Mouse,5675,69
376178,Mouse,4034,67
376507,Mouse,4037,83
376602,Mouse,5527,100
376605,Mouse,3945,101
376614,Mouse,4244,104
376644,Mouse,3458,111
376710,Mouse,3701,101
376713,Mouse,3514,102
376752,Mouse,4838,83
376775,Elephant,570239,1311
376791,Mouse,5312,82
376935,Elephant,76992,634
376938,Mouse,3570,66
376946,Mouse,3449,67
376969,Mouse,3582,68
377085,Mouse,4095,68
377215,Mouse,5755,71
377261,Mouse,3941,74
377321,Mouse,3915,85
377415,Mouse,5187,98
377426,Mouse,4761,104
377455,Elephant,397703,1253
377462,Mouse,4516,104
377464,Mouse,4347,104
377562,Mouse,3475,64
377612,Mouse,4590,70
377626,Mouse,3177,68
377655,Mouse,5446,77
377809,Mouse,4148,98
377859,Mouse,5080,97
377921,Mouse,4761,94
377970,Mouse,4597,83
377993,Mouse,5395,86
378019,Mouse,4000,94
378096,Mouse,4644,92
378244,Elephant,522920,1955
378263,Mouse,5149,83
378365,Mouse,5174,76
378523,Mouse,5619,97
378564,Mouse,5430,101
378617,Mouse,4511,108
378632,Mouse,3853,109
378651,Mouse,5409,113
378683,Mouse,3284,103
378765,Mouse,5425,96
378814,Elephant,351191,202158
378821,Mouse,4060,86
378902,Mouse,3193,72
378908,Mouse,3814,73
378942,Mouse,4037,73
378949,Elephant,236378,1387
378979,Mouse,4465,74
378979,Elephant,541031,1790
379087,Mouse,4188,68
379099,Mouse,3682,71
379312,Elephant,540742,2186
379426,Mouse,3138,64
379483,Mouse,3721,64
379542,Mouse,5671,71
379546,Mouse,4173,72
379570,Mouse,5495,66
379618,Mouse,4530,81
379682,Mouse,3139,66
379699,Elephant,121994,525
379710,Mouse,4417,67
379764,Mouse,5212,67
379775,Mouse,5748,69
379943,Mouse,3809,68
380106,Elephant,428519,1027
380145,Mouse,5073,66
380178,Mouse,5255,69
380261,Mouse,3419,66
380340,Mouse,3302,66
380398,Mouse,4874,65
380426,Mouse,4174,65
380443,Mouse,3847,64
380454,Mouse,5212,65
380490,Mouse,3153,68
380719,Mouse,5688,66
380807,Mouse,4852,75
380811,Mouse,4674,70
380837,Elephant,408272,998
380871,Mouse,5072,75
381079,Mouse,3975,69
381150,Mouse,3547,67
381221,Mouse,5700,76
381258,Mouse,4702,76
381506,Mouse,3523,105
381517,Mouse,3110,108
381535,Elephant,32739,277
381586,Mouse,3226,113
381595,Mouse,3466,111
381622,Mouse,5338,118
381686,Elephant,276487,1070
381789,Elephant,523281,1370
381861,Mouse,5526,69
381975,Elephant,121048,606
382054,Mouse,3005,63
382063,Mouse,3997,64
382090,Elephant,124329,674
382094,Mouse,3202,67
382107,Mouse,5601,66
382135,Mouse,4237,68
382137,Mouse,5556,71
382206,Mouse,5699,70
382233,Mouse,3417,64
382251,Mouse,4827,70
382388,Mouse,4428,69
382421,Mouse,5807,70
382532,Mouse,5334,68
382590,Mouse,3249,64
382641,Elephant,533397,202003
382754,Mouse,4503,65
382774,Mouse,3847,66
382791,Mouse,4314,65
382911,Mouse,3260,65
383163,Mouse,3718,67
383170,Mouse,3734,71
383175,Mouse,3641,73
383179,Elephant,209981,690
383258,Mouse,5341,65
383272,Mouse,4958,70
383290,Mouse,5615,66
383327,Mouse,5692,66
383376,Mouse,5417,65
383411,Mouse,5351,65
383574,Elephant,139162,543
383595,Mouse,4639,66
383622,Mouse,3781,64
383666,Mouse,5175,66
383698,Mouse,4644,65
383729,Mouse,3943,69
383746,Mouse,5460,66
383802,Elephant,45098,277
383904,Mouse,4856,67
383917,Mouse,4205,64
383993,Mouse,5250,68
384002,Mouse,5318,73
384005,Mouse,3674,75
384015,Mouse,5185,72
384019,Mouse,5412,71
384070,Mouse,3395,66
384120,Mouse,3539,68
384150,Mouse,3277,66
384171,Mouse,4771,72
384246,Mouse,4907,68
384283,Mouse,3570,69
384297,Mouse,3121,70
384395,Mouse,5595,70
384487,Mouse,3451,67
384496,Mouse,3230,70
384528,Mouse,3980,67
384591,Elephant,188519,746
384611,Mouse,4009,70
384680,Mouse,4324,74
384780,Elephant,551721,1209
384877,Mouse,5606,66
385004,Mouse,5785,66
385133,Mouse,3216,68
385165,Mouse,5021,71
385177,Mouse,3071,73
385179,Elephant,192893,201028
385182,Mouse,3221,69
385201,Elephant,94049,420
385225,Mouse,5089,72
385232,Mouse,4046,66
385236,Mouse,5577,68
385246,Elephant,59439,334
385262,Mouse,4540,65
385318,Mouse,4008,64
385462,Mouse,5455,66
385512,Mouse,3628,64
385534,Mouse,3319,64
385549,Mouse,3183,64
385556,Mouse,5078,65
385568,Mouse,4267,65
385633,Mouse,4576,65
385636,Mouse,3252,64
385717,Mouse,5839,66
385755,Mouse,3560,64
385772,Mouse,5611,66
385777,Mouse,4249,64
385840,Mouse,3747,64
385860,Mouse,3464,64
385863,Mouse,4102,64
385871,Mouse,3270,64
385913,Mouse,5178,65
385964,Mouse,4932,70
386030,Mouse,4537,65
386174,Mouse,5384,67
386271,Mouse,3859,67
386298,Mouse,4300,65
386416,Mouse,4585,69
386419,Mouse,3589,69
386473,Mouse,4073,64
386485,Elephant,251648,760
386536,Mouse,3830,64
386544,Mouse,3190,66
386590,Mouse,5044,66
386619,Mouse,5622,66
386636,Mouse,5350,69
386657,Mouse,3219,64
386683,Mouse,4564,65
386739,Mouse,3911,67
386792,Mouse,5496,75
386798,Mouse,3885,72
386812,Mouse,3294,67
386910,Mouse,3608,68
386915,Mouse,4618,70
387158,Mouse,5827,76
387193,Mouse,3392,88
387310,Mouse,3533,93
387345,Elephant,269308,959
387368,Mouse,5289,89
387511,Mouse,4654,66
387551,Elephant,291518,923
387624,Elephant,50426,326
387632,Mouse,3715,73
387803,Mouse,4768,78
388003,Mouse,3026,91
388014,Mouse,4523,99
388075,Elephant,114361,576
388096,Mouse,4924,99
388125,Mouse,4506,101
388125,Mouse,3389,99
388137,Mouse,3438,88
388196,Elephant,262120,1154
388202,Mouse,5448,80
388245,Mouse,5093,77
388258,Mouse,4042,69
388294,Mouse,3685,76
388352,Mouse,3177,64
388435,Mouse,3106,68
388457,Mouse,5221,72
388526,Mouse,4116,82
388547,Mouse,4289,87
388567,Mouse,4251,87
388622,Mouse,4898,94
388693,Mouse,5605,82
388734,Mouse,5796,80
388795,Mouse,4440,85
388836,Mouse,4777,100
388882,Mouse,5004,104
388933,Mouse,3352,102
388934,Elephant,586733,1936
388947,Mouse,4187,95
388953,Mouse,4283,97
389014,Mouse,5281,68
389044,Mouse,3614,67
389098,Mouse,3795,70
389110,Elephant,72602,435
389185,Mouse,4152,68
389193,Mouse,5797,74
389228,Mouse,3688,71
389316,Elephant,402793,1475
389325,Mouse,5052,65
389336,Mouse,3218,67
389404,Mouse,3078,67
389434,Mouse,5658,70
389446,Elephant,243415,1118
389575,Mouse,5353,65
389585,Mouse,3686,67
389608,Mouse,5135,67
389651,Mouse,4165,69
389695,Mouse,3401,69
389709,Mouse,5347,65
389714,Mouse,4509,65
389750,Mouse,3587,66
389863,Mouse,4923,70
389931,Mouse,5828,66
389990,Mouse,4200,70
390096,Mouse,4992,72
390177,Elephant,470934,1090
390268,Mouse,4558,69
390316,Mouse,4268,65
390350,Mouse,4165,69
390391,Mouse,3200,67
390485,Mouse,4879,74
390518,Elephant,65025,369
390540,Mouse,3548,71
390542,Mouse,4934,78
390569,Mouse,3357,72
390645,Mouse,4068,71
390686,Mouse,5619,70
390694,Mouse,3497,73
390756,Mouse,4500,66
390787,Elephant,477164,1104
390944,Mouse,3760,64
390992,Mouse,4655,67
391002,Mouse,4244,66
391131,Mouse,3357,64
391194,Mouse,3097,64
391222,Mouse,3306,64
391253,Mouse,3485,64
391301,Mouse,4293,67
391487,Mouse,3671,64
391543,Mouse,3174,64
391592,Mouse,5126,65
391673,Mouse,4531,65
391716,Mouse,5062,66
391749,Mouse,3061,64
391762,Mouse,5750,66
391777,Mouse,4819,65
391787,Mouse,5236,71
391801,Mouse,5529,70
391803,Mouse,3274,67
391841,Mouse,3510,68
391855,Mouse,4393,65
391875,Mouse,4673,66
391935,Mouse,5648,67
392030,Mouse,5188,68
392076,Mouse,3074,68
392097,Mouse,4878,69
392126,Mouse,4990,73
392158,Mouse,4231,72
392246,Mouse,3569,80
392249,Mouse,5428,84
392256,Mouse,3527,85
392304,Mouse,4658,101
392343,Mouse,3626,98
392522,Elephant,436853,1149
392529,Mouse,4685,70
392541,Mouse,3266,67
392709,Mouse,3105,75
392774,Mouse,4707,81
392819,Mouse,3031,84
392895,Mouse,4060,93
392942,Mouse,3103,97
392946,Mouse,3866,101
393021,Elephant,262476,1174
393036,Mouse,3163,87
393046,Mouse,3660,80
393068,Mouse,3696,76
393078,Mouse,5653,78
393096,Mouse,4195,72
393114,Mouse,4990,82
393143,Mouse,5305,72
393208,Mouse,4565,71
393220,Mouse,5533,76
393281,Elephant,135569,727
393339,Mouse,5612,72
393347,Mouse,5135,74
393390,Mouse,5041,85
393492,Mouse,4042,77
393494,Elephant,455692,1605
393564,Mouse,5641,67
393629,Mouse,5510,73
393682,Elephant,81283,440
393719,Elephant,341149,1210
393797,Mouse,5646,66
393905,Elephant,79316,405
393910,Mouse,3511,64
393946,Mouse,3258,65
393992,Mouse,5154,66
394030,Mouse,5714,66
394178,Mouse,3070,64
394420,Elephant,188264,638
394442,Mouse,4844,65
394495,Mouse,4345,65
394606,Mouse,4891,66
394609,Mouse,3459,64
394770,Mouse,4182,67
394851,Mouse,4967,68
395086,Mouse,4210,68
395139,Mouse,5808,78
395165,Elephant,390114,986
395178,Mouse,5459,76
395206,Mouse,5072,83
395227,Mouse,4846,65
395319,Mouse,4440,66
395374,Mouse,5182,72
395415,Mouse,4787,68
395454,Elephant,153945,599
395457,Mouse,5333,68
395460,Mouse,3095,66
395534,Mouse,5653,68
395569,Mouse,4882,70
395583,Mouse,5000,65
395598,Mouse,4222,66
395617,Mouse,4504,71
395659,Mouse,4547,72
395659,Mouse,5306,73
395663,Mouse,3157,72
395726,Mouse,3005,63
395756,Mouse,3259,67
395777,Mouse,4537,68
395856,Mouse,4429,65
395966,Mouse,4244,64
395978,Mouse,3165,66
396018,Mouse,4317,66
396068,Mouse,4090,68
396082,Mouse,5387,71
396083,Elephant,459592,1089
396215,Mouse,4799,65
396593,Mouse,4193,67
396772,Mouse,4435,66
396895,Mouse,4464,69
396909,Mouse,3184,67
396949,Mouse,5200,74
397037,Mouse,5393,67
397138,Mouse,4778,75
397166,Mouse,5262,65
397358,Elephant,452288,1050
397465,Mouse,3293,66
397465,Mouse,3030,66
397490,Mouse,3623,64
397541,Mouse,4857,65
397607,Mouse,3390,64
397647,Mouse,3966,68
397747,Mouse,5600,69
397748,Mouse,5484,69
397804,Mouse,5503,67
397815,Mouse,4035,69
397955,Mouse,3145,72
397964,Mouse,4114,78
397987,Mouse,5269,68
398073,Mouse,3506,65
398086,Mouse,3702,67
398126,Mouse,4007,69
398169,Mouse,4151,73
398173,Mouse,5643,76
398225,Mouse,4531,84
398242,Mouse,4810,85
398281,Mouse,5397,95
398306,Mouse,5698,86
398468,Mouse,3334,64
398548,Mouse,5084,73
398550,Mouse,3213,74
398595,Mouse,4690,77
398644,Mouse,5147,80
398705,Mouse,3587,81
398725,Mouse,3700,87
398731,Mouse,3001,89
398746,Mouse,5359,98
398780,Elephant,440481,1295
398784,Mouse,3453,98
398821,Mouse,4918,90
399084,Mouse,5290,76
399141,Mouse,5587,83
399151,Mouse,5376,87
399224,Elephant,454000,1444
399242,Mouse,4469,80
399258,Mouse,4709,78
399276,Mouse,3901,64
399337,Mouse,3096,67
399489,Elephant,549981,1707
399492,Mouse,5787,73
399539,Elephant,93471,200816
399567,Mouse,3781,64
399651,Mouse,4829,66
399678,Mouse,4308,69
399694,Mouse,4635,75
399805,Mouse,3988,68
399936,Mouse,5257,76
400058,Mouse,3078,83
400242,Elephant,294041,934
400278,Mouse,3837,92
400309,Mouse,5294,85
400327,Elephant,507314,1424
400525,Mouse,5619,75
400581,Mouse,4148,77
400771,Mouse,4235,78
400790,Mouse,5697,86
400797,Mouse,3933,87
400852,Mouse,3036,99
400935,Mouse,3762,83
401058,Mouse,4100,95
401088,Mouse,4401,103
401134,Mouse,4195,105
401162,Mouse,5651,108
401179,Mouse,3910,95
401186,Mouse,4461,96
401298,Mouse,3686,73
401338,Elephant,303026,201686
401345,Mouse,3879,76
401376,Mouse,3085,84
401386,Mouse,3053,82
401472,Mouse,3448,75
401494,Elephant,323928,1345
401506,Mouse,4825,75
401568,Mouse,3373,77
401618,Elephant,438358,1764
401673,Mouse,3761,70
401678,Mouse,4771,69
401704,Mouse,4826,70
401717,Mouse,5469,74
401826,Mouse,3543,70
401851,Elephant,297715,1356
401862,Mouse,5227,68
401991,Mouse,3606,64
402038,Mouse,3864,66
402044,Mouse,3533,66
402076,Mouse,3782,68
402199,Mouse,5776,72
402224,Mouse,5787,66
402243,Mouse,4806,71
402260,Elephant,268884,812
402286,Mouse,3046,65
402461,Mouse,3534,64
402918,Mouse,5571,68
402967,Elephant,291319,823
402973,Mouse,3237,64
403010,Mouse,5642,66
403038,Mouse,4615,65
403049,Mouse,3623,64
403095,Mouse,5667,66
403158,Mouse,3409,64
403293,Mouse,4105,64
403329,Mouse,5692,66
403358,Mouse,3804,69
403359,Mouse,3783,69
403361,Mouse,5316,72
403455,Mouse,3258,64
403471,Mouse,4091,64
403529,Mouse,3271,64
403603,Mouse,4022,64
403671,Mouse,5175,65
403674,Mouse,3034,64
403686,Mouse,4436,65
403690,Mouse,4780,66
403708,Mouse,4453,65
403725,Mouse,5763,66
403741,Mouse,3629,64
403771,Mouse,5671,66
403952,Mouse,4689,65
404049,Mouse,3836,68
404051,Mouse,5443,70
404094,Mouse,5007,70
404214,Mouse,4546,69
404217,Elephant,38679,243
404241,Mouse,3654,64
404286,Mouse,3872,64
404294,Mouse,4018,67
404322,Mouse,5088,65
404468,Mouse,5164,68
404497,Mouse,5581,66
404522,Mouse,5181,71
404533,Mouse,4375,73
404668,Mouse,4997,65
404720,Elephant,45983,279
404753,Mouse,3240,64
404791,Mouse,3460,66
404887,Mouse,4474,65
404912,Mouse,4793,69
404993,Elephant,466436,1067
405098,Mouse,5568,66
405163,Mouse,3625,64
405218,Mouse,3032,64
405262,Mouse,3063,64
405293,Mouse,4461,65
405323,Mouse,5796,66
405337,Mouse,5541,67
405341,Mouse,3616,66
405429,Mouse,4041,67
405486,Mouse,5675,67
405609,Mouse,4143,69
405646,Elephant,51074,372
405655,Mouse,4228,65
405668,Mouse,5210,67
405673,Mouse,5476,67
405809,Mouse,4661,65
405857,Mouse,3449,64
405929,Mouse,5505,70
405937,Mouse,3221,70
406117,Mouse,5193,67
406185,Mouse,3734,65
406190,Elephant,284063,810
406338,Mouse,4703,67
406347,Mouse,4565,71
406354,Mouse,3638,66
406366,Mouse,4035,64
406444,Mouse,4438,65
406504,Mouse,3636,64
406774,Mouse,4233,67
406805,Mouse,4816,65
406900,Mouse,5731,66
407039,Mouse,3381,64
407083,Mouse,5535,66
407238,Mouse,3018,64
407302,Mouse,3822,64
407510,Mouse,3066,66
407702,Elephant,191360,649
407746,Mouse,3066,69
407866,Mouse,3000,63
408003,Mouse,4812,65
408057,Mouse,4930,65
408110,Mouse,3263,68
408129,Mouse,5388,75
408149,Elephant,132109,537
408164,Mouse,3067,67
408217,Mouse,5787,69
408235,Mouse,4670,66
408251,Mouse,4166,64
408268,Mouse,3883,72
408273,Mouse,4765,74
408379,Mouse,4994,69
408417,Mouse,4436,68
408510,Mouse,4210,65
408590,Mouse,3001,67
408680,Mouse,5549,70
408745,Elephant,472234,1170
408750,Mouse,5736,70
408818,Mouse,3179,66
408849,Mouse,4578,65
408852,Mouse,4010,65
408857,Mouse,5118,66
408916,Mouse,5715,70
409063,Mouse,4272,69
409121,Elephant,298457,853
409261,Mouse,5682,66
409369,Mouse,5394,66
409373,Mouse,5078,66
409410,Mouse,3020,64
409500,Mouse,4634,65
409516,Mouse,4791,65
409527,Mouse,4035,67
409548,Mouse,4915,65
409694,Mouse,4163,67
409784,Elephant,89915,414
409855,Mouse,3020,64
409933,Mouse,3108,64
409943,Mouse,5542,68
409954,Mouse,4748,65
410118,Mouse,3432,65
410163,Mouse,3684,66
410198,Mouse,4970,65
410209,Mouse,4558,65
410212,Mouse,3157,65
410255,Mouse,4951,66
410281,Mouse,3203,66
410294,Mouse,4925,65
410306,Mouse,5502,68
410332,Mouse,4889,68
410379,Mouse,3772,72
410533,Mouse,4427,80
410572,Mouse,3013,74
410585,Mouse,5835,80
410592,Mouse,5139,83
410634,Elephant,241848,781
410746,Mouse,4194,64
410788,Mouse,5082,67
410838,Mouse,3586,66
410879,Mouse,5816,75
410897,Mouse,5152,70
410979,Elephant,151012,625
411014,Mouse,4423,69
411029,Mouse,5637,74
411074,Mouse,4004,74
411077,Mouse,3762,67
411117,Mouse,4450,70
411148,Elephant,510969,1167
411170,Mouse,3023,67
411345,Mouse,3034,70
411356,Mouse,3349,78
411358,Elephant,77492,387
411402,Mouse,4528,74
411501,Mouse,4075,67
411520,Mouse,5612,66
411616,Mouse,5766,66
411635,Mouse,3353,64
411648,Mouse,5595,70
411681,Mouse,3064,64
411723,Mouse,4002,65
411767,Mouse,3523,66
411792,Mouse,4304,67
411818,Mouse,4571,68
411964,Mouse,4529,70
412001,Mouse,4114,72
412020,Mouse,5002,78
412109,Mouse,4894,87
412147,Mouse,5365,85
412154,Mouse,3118,89
412200,Elephant,396560,1029
412248,Mouse,5211,93
412334,Mouse,3417,70
412363,Elephant,446127,1131
412383,Mouse,3053,69
412412,Mouse,5093,65
412439,Mouse,3382,67
412453,Mouse,5784,66
412499,Mouse,4438,65
412535,Mouse,4056,65
412567,Mouse,5456,68
412581,Mouse,3178,64
412601,Mouse,5677,67
412691,Mouse,3301,64
412749,Elephant,161461,625
412843,Mouse,4113,64
412857,Mouse,3948,65
412908,Mouse,5564,66
412941,Mouse,4509,66
412957,Mouse,4499,65
412995,Mouse,5059,65
413012,Mouse,4949,65
413080,Mouse,4691,67
413139,Mouse,3110,64
413183,Mouse,3084,65
413208,Mouse,5623,71
413229,Mouse,3305,64
413276,Mouse,3773,64
413313,Mouse,5775,66
413326,Mouse,3964,65
413361,Mouse,3683,64
413428,Mouse,3970,68
413481,Mouse,4330,73
413497,Mouse,4546,76
413502,Mouse,5589,74
413548,Mouse,4859,75
413559,Mouse,3469,74
413564,Mouse,4484,78
413598,Mouse,5602,73
413631,Mouse,3126,76
413656,Mouse,4942,68
413676,Mouse,4408,72
413766,Mouse,3457,70
413810,Mouse,5437,76
413814,Mouse,5534,78
413829,Mouse,4637,84
414070,Mouse,5776,68
414208,Mouse,5483,69
414266,Mouse,3194,74
414269,Mouse,3106,74
414274,Elephant,542490,1354
414338,Mouse,3247,76
414417,Mouse,3651,65
414444,Mouse,5616,67
414591,Mouse,4996,67
414619,Mouse,3269,70
414622,Mouse,4282,72
414633,Mouse,4543,79
414681,Mouse,3100,78
414700,Mouse,3345,77
414723,Elephant,216431,712
414744,Mouse,5063,75
414775,Mouse,3132,74
414779,Mouse,5474,84
414784,Mouse,4567,80
414815,Mouse,3971,68
414846,Mouse,4643,71
414892,Mouse,4614,70
414970,Mouse,3222,67
414981,Mouse,4301,70
414995,Mouse,3554,70
415082,Mouse,4618,77
415138,Mouse,4239,83
415219,Mouse,5773,98
415280,Mouse,4862,105
415320,Mouse,5653,96
415388,Elephant,439627,1178
415467,Mouse,5714,72
415473,Elephant,84073,540
415502,Mouse,3528,67
415522,Mouse,4529,74
415672,Mouse,5792,69
415686,Mouse,5056,74
415735,Mouse,4021,78
415760,Mouse,5373,71
415767,Elephant,499580,1348
415794,Mouse,4158,70
415837,Mouse,3304,65
415880,Mouse,4806,68
415998,Mouse,4587,69
416028,Mouse,3815,65
416030,Mouse,3488,66
416089,Elephant,139090,559
416097,Mouse,4775,66
416100,Mouse,4456,67
416114,Mouse,5532,66
416119,Mouse,3095,65
416122,Mouse,5447,67
416126,Mouse,4224,68
416200,Mouse,4221,64
416206,Mouse,3601,64
416211,Mouse,3855,64
416215,Mouse,4384,65
416237,Mouse,3205,66
416271,Mouse,4711,67
416288,Mouse,5083,73
416292,Mouse,3892,70
416346,Mouse,5377,65
416351,Mouse,3869,64
416484,Mouse,3760,67
416535,Mouse,5041,72
416548,Mouse,4604,73
416577,Mouse,4767,70
416609,Mouse,4224,72
416684,Mouse,5208,69
416708,Mouse,3688,69
416757,Elephant,141236,553
416802,Mouse,4131,65
416830,Elephant,341144,919
416845,Mouse,3994,65
416867,Mouse,5497,73
416909,Mouse,4681,68
416917,Mouse,5042,69
416943,Mouse,4065,64
416952,Mouse,5583,68
417068,Mouse,4507,68
417100,Mouse,3630,66
417103,Mouse,3270,66
417284,Mouse,5292,78
417324,Mouse,4467,80
417547,Mouse,5724,117
417570,Mouse,3061,116
417587,Mouse,3594,118
417647,Mouse,3582,125
417663,Mouse,3523,130
417687,Mouse,3444,128
417696,Mouse,3063,126
417751,Mouse,5584,114
417763,Mouse,3804,117
417771,Mouse,3370,115
417803,Mouse,5151,101
417841,Mouse,3123,90
417910,Mouse,3617,66
417927,Mouse,3735,73
417942,Mouse,4770,76
417970,Mouse,4145,76
417982,Mouse,5477,87
418103,Mouse,3090,81
418190,Mouse,5285,95
418285,Mouse,4807,83
418328,Mouse,4209,88
418478,Mouse,3974,91
418539,Elephant,322450,1603
418547,Mouse,4452,108
418578,Mouse,5326,115
418650,Mouse,5822,91
418673,Mouse,3371,81
418674,Mouse,3634,82
418705,Mouse,4299,78
418812,Mouse,4431,94
418822,Mouse,5804,99
418860,Elephant,542944,2164
418899,Mouse,5520,105
419094,Mouse,4906,82
419149,Mouse,3901,94
419182,Mouse,5175,104
419188,Mouse,4173,106
419218,Mouse,3456,114
419241,Mouse,3835,113
419313,Mouse,5536,107
419369,Mouse,5267,96
419415,Mouse,5259,98
419458,Mouse,4490,86
419472,Elephant,505493,2774
419477,Mouse,5598,88
419493,Elephant,329201,1752
419519,Mouse,3030,73
419563,Mouse,4142,76
419597,Mouse,3673,67
419655,Mouse,3661,68
419709,Mouse,4334,72
419722,Mouse,3360,71
419857,Mouse,3718,80
419874,Mouse,4205,80
419892,Mouse,3921,85
419978,Mouse,5320,98
420012,Mouse,4652,93
420022,Elephant,296504,1354
420037,Mouse,5809,88
420091,Mouse,4464,77
420135,Elephant,428012,2307
420140,Mouse,5139,69
420173,Mouse,3062,64
420215,Mouse,5815,66
420227,Mouse,5129,65
420259,Mouse,3368,65
420280,Mouse,4754,70
420281,Mouse,4920,70
420337,Mouse,3239,79
420503,Mouse,5289,66
420594,Mouse,3993,67
420627,Mouse,3696,68
420653,Mouse,3256,73
420662,Mouse,5047,78
420683,Elephant,102465,471
420725,Mouse,5175,74
420732,Mouse,4869,76
420743,Mouse,5145,77
420834,Mouse,5599,72
420910,Mouse,3500,69
420921,Mouse,4034,65
420957,Elephant,572014,1276
421009,Mouse,5127,65
421206,Mouse,5208,65
421310,Mouse,5449,66
421321,Mouse,3826,68
421339,Mouse,3044,64
421379,Mouse,3703,64
421389,Mouse,4437,65
421392,Mouse,3176,64
421418,Mouse,5339,65
421523,Mouse,4443,65
421666,Mouse,4554,69
421785,Mouse,3066,65
421813,Mouse,5471,66
421819,Elephant,42089,274
421885,Mouse,4843,69
421935,Mouse,5533,74
421974,Elephant,276314,807
421990,Mouse,3607,69
422105,Mouse,3933,64
422123,Mouse,5478,66
422168,Mouse,4329,69
422182,Mouse,5133,65
422256,Mouse,3451,64
422371,Mouse,4507,65
422400,Mouse,5087,65
422519,Mouse,5235,65
422642,Mouse,4914,65
422741,Mouse,5458,70
422790,Mouse,3691,72
422819,Mouse,5758,66
422843,Mouse,4364,70
422880,Mouse,3810,67
422904,Mouse,4352,75
422953,Mouse,4662,75
422963,Mouse,4645,76
423087,Mouse,3384,74
423224,Mouse,3630,95
423258,Elephant,218456,779
423266,Mouse,4706,98
423271,Mouse,3171,96
423385,Elephant,338555,968
423533,Elephant,199946,839
423747,Mouse,3149,64
423760,Mouse,4275,68
423870,Mouse,4313,75
424090,Mouse,3139,70
424133,Mouse,4276,71
424192,Mouse,3421,72
424213,Mouse,3855,72
424249,Mouse,4278,77
424388,Mouse,5716,89
424391,Mouse,4023,90
424454,Mouse,3009,104
424636,Elephant,588328,1337
424727,Mouse,5389,65
424797,Elephant,309217,1100
424889,Mouse,5808,68
425063,Mouse,4193,67
425159,Mouse,5338,70
425230,Mouse,4805,65
425245,Mouse,3680,71
425457,Mouse,5531,80
425480,Mouse,4130,80
425492,Mouse,3810,82
425527,Mouse,3766,97
425570,Mouse,3590,99
425615,Mouse,5455,93
425673,Mouse,3305,90
425682,Elephant,472743,1619
425687,Mouse,3652,87
425695,Mouse,5189,92
425824,Mouse,5412,68
425940,Mouse,3926,70
425961,Mouse,5749,74
426043,Mouse,5289,85
426103,Mouse,3960,89
426113,Mouse,4056,94
426264,Elephant,522869,1401
426317,Mouse,3790,76
426349,Mouse,3762,69
426359,Mouse,5792,76
426508,Mouse,5656,74
426618,Mouse,4094,82
426648,Mouse,3405,87
426668,Mouse,5013,98
426692,Mouse,5293,106
426755,Mouse,5620,120
426813,Mouse,4182,104
426817,Mouse,5458,103
426958,Mouse,4881,71
427127,Mouse,3531,87
427128,Elephant,401522,1562
427223,Mouse,5652,92
427239,Mouse,5395,89
427255,Mouse,4797,89
427464,Mouse,4781,98
427500,Mouse,4128,101
427503,Mouse,3918,102
427514,Mouse,5511,108
427544,Mouse,4297,108
427547,Mouse,5363,111
427566,Mouse,4899,108
427620,Mouse,3973,81
427674,Elephant,528839,1723
427681,Mouse,5010,70
427709,Mouse,3951,75
427782,Mouse,3394,65
427847,Elephant,379318,1738
427902,Mouse,4170,64
428000,Mouse,5572,70
428013,Mouse,3654,65
428104,Mouse,5641,71
428180,Mouse,4346,71
428186,Mouse,4358,73
428200,Mouse,5049,79
428220,Mouse,3888,81
428258,Mouse,3718,85
428275,Mouse,3716,90
428289,Mouse,3781,93
428316,Mouse,5753,95
428353,Mouse,3642,87
428403,Mouse,4003,84
428431,Mouse,4710,89
428443,Mouse,3111,86
428551,Mouse,5709,77
428675,Elephant,509943,1653
428702,Mouse,3291,83
428713,Mouse,3801,84
428864,Mouse,5692,71
428885,Mouse,3476,76
428957,Mouse,4088,80
428979,Mouse,5076,83
429002,Mouse,4263,88
429040,Mouse,4438,98
429064,Mouse,4845,104
429097,Mouse,4595,100
429174,Mouse,4296,71
429187,Mouse,3304,73
429200,Mouse,5539,72
429311,Elephant,124079,745
429355,Elephant,394019,1574
429363,Mouse,5700,75
429396,Mouse,5483,77
429470,Mouse,4604,74
429498,Mouse,4366,68
429614,Mouse,4389,68
429617,Mouse,4341,71
429681,Mouse,3699,77
429810,Mouse,4633,79
429851,Mouse,3917,80
429866,Mouse,4554,87
429991,Mouse,3693,87
430027,Elephant,532985,1757
430040,Elephant,549621,2009
430044,Mouse,3020,85
430075,Mouse,3907,80
430148,Mouse,4771,65
430307,Mouse,5181,67
430319,Mouse,3113,64
430369,Mouse,5587,66
430381,Mouse,5831,69
430429,Mouse,4781,66
430438,Mouse,3610,67
430549,Mouse,3585,64
430600,Mouse,4918,65
430619,Mouse,3293,65
430658,Mouse,5192,70
430674,Mouse,3234,64
430681,Mouse,3836,64
430827,Mouse,5521,69
430836,Mouse,5030,70
430858,Mouse,3015,67
430878,Mouse,4897,70
431122,Mouse,3764,68
431132,Mouse,4357,73
431187,Elephant,396138,987
431213,Mouse,3523,65
431351,Mouse,3601,67
431362,Mouse,5591,72
431525,Elephant,258092,780
431536,Mouse,4439,65
431576,Mouse,4889,65
431600,Mouse,5732,66
431614,Mouse,3342,64
431688,Mouse,3527,64
431807,Mouse,4751,65
431827,Mouse,4910,65
431865,Mouse,5736,66
431874,Mouse,4023,64
431911,Mouse,4603,66
431963,Mouse,3039,64
431999,Mouse,3014,64
432005,Mouse,5573,66
432069,Mouse,3740,64
432086,Mouse,3683,64
432090,Mouse,4357,65
432399,Mouse,4302,66
432426,Mouse,4095,64
432441,Mouse,4794,69
432607,Mouse,5185,69
432620,Mouse,4738,65
432656,Elephant,88252,415
432723,Mouse,5531,66
432829,Mouse,4792,65
432883,Mouse,5151,65
432984,Mouse,4683,65
433120,Mouse,3551,66
433120,Mouse,3150,66
433172,Mouse,5399,65
433246,Mouse,3120,64
433260,Mouse,4276,65
433285,Mouse,5108,69
433299,Mouse,5636,66
433444,Mouse,4542,65
433499,Mouse,3334,66
433516,Mouse,3062,64
433539,Mouse,4593,68
433546,Mouse,3597,69
433556,Mouse,3223,73
433557,Mouse,5085,76
433610,Mouse,4634,79
433619,Mouse,3594,77
433621,Mouse,5477,83
433739,Mouse,5559,68
433802,Mouse,5283,69
433855,Mouse,3633,72
433886,Mouse,5689,69
434000,Mouse,5494,72
434013,Elephant,523269,1144
434086,Mouse,3134,64
434114,Mouse,5437,66
434139,Mouse,4975,65
434176,Mouse,5071,68
434179,Mouse,5606,70
434200,Mouse,4178,64
434265,Elephant,107568,473
434297,Mouse,5776,66
434312,Mouse,3395,64
434385,Mouse,4645,66
434388,Mouse,4987,66
434594,Mouse,4116,64
434679,Mouse,3641,64
434754,Mouse,4738,65
434770,Mouse,4230,65
434823,Mouse,4495,69
434994,Mouse,3407,66
435124,Mouse,3260,67
435193,Mouse,4802,71
435249,Mouse,4555,68
435303,Mouse,5275,70
435375,Mouse,5596,75
435445,Mouse,4057,74
435813,Mouse,4877,69
435817,Mouse,3276,66
435927,Mouse,3412,65
435949,Mouse,5049,65
436013,Mouse,3075,66
436066,Elephant,498919,1358
436083,Mouse,4910,65
436192,Mouse,4353,65
436252,Mouse,4831,65
436265,Mouse,3139,64
436291,Mouse,3035,64
436315,Mouse,4267,65
436329,Mouse,5077,66
436332,Mouse,5343,68
436337,Mouse,3194,64
436375,Mouse,5453,71
436453,Mouse,3709,64
436489,Mouse,5454,69
436510,Mouse,4742,65
436522,Mouse,4463,66
436530,Mouse,4699,71
436678,Mouse,4617,65
436699,Mouse,4597,69
436709,Mouse,4811,72
436722,Mouse,3954,66
436731,Mouse,4999,65
436747,Mouse,4411,74
436748,Mouse,5053,74
436919,Mouse,5452,72
436970,Mouse,4225,74
437037,Mouse,4178,76
437042,Mouse,3563,76
437087,Mouse,4450,76
437131,Mouse,5116,81
437154,Mouse,3474,83
437239,Mouse,5020,85
437332,Mouse,4468,77
437405,Mouse,5585,83
437469,Mouse,3222,89
437496,Mouse,3510,97
437534,Mouse,4854,101
437536,Elephant,277379,1022
437547,Mouse,5759,106
437556,Mouse,3573,107
437591,Elephant,195085,788
437606,Mouse,3358,91
437635,Mouse,5711,74
437742,Mouse,3173,67
437754,Mouse,5837,68
437801,Elephant,565931,1427
437833,Mouse,3438,64
437845,Mouse,3437,64
437912,Mouse,5414,65
437963,Mouse,3818,64
437989,Mouse,4325,65
438012,Mouse,3705,64
438032,Mouse,3379,65
438081,Mouse,4426,65
438114,Mouse,4468,65
438135,Mouse,5003,66
438166,Mouse,5621,66
438275,Mouse,3491,64
438442,Elephant,103115,455
438530,Mouse,4906,65
438564,Mouse,3731,64
438588,Mouse,3991,67
438615,Mouse,3113,64
438638,Mouse,3238,65
438764,Mouse,5413,71
438767,Mouse,3769,72
438773,Mouse,3408,75
438782,Mouse,5563,66
438789,Mouse,3485,64
438851,Mouse,4064,64
438894,Mouse,3741,65
438917,Mouse,3290,64
438951,Mouse,4721,69
438967,Mouse,4495,65
438986,Mouse,3941,66
439064,Mouse,4280,68
439087,Mouse,3813,67
439097,Mouse,5690,66
439141,Mouse,3761,64
439147,Mouse,3877,67
439228,Mouse,4711,65
439303,Mouse,5202,69
439315,Mouse,3564,64
439422,Mouse,5697,67
439433,Mouse,5314,69
439448,Mouse,3873,69
439486,Mouse,3518,65
439494,Mouse,5397,70
439562,Elephant,554962,1168
439584,Mouse,4264,65
439674,Mouse,4346,65
439685,Mouse,4050,64
439721,Mouse,5783,66
439739,Mouse,5302,65
439827,Mouse,4411,65
439914,Mouse,5143,65
439995,Mouse,4089,64
440021,Mouse,5589,66
440035,Mouse,4237,65
440066,Mouse,3425,64
440081,Mouse,4007,64
440152,Mouse,4587,65
440192,Mouse,5030,65
440218,Mouse,5708,66
440295,Mouse,4694,65
440411,Mouse,4433,65
440421,Mouse,4198,64
440457,Mouse,5449,66
440470,Mouse,3782,64
440502,Mouse,4591,65
440577,Mouse,5208,65
440594,Mouse,3771,67
440617,Mouse,4014,64
440648,Mouse,3994,67
440728,Mouse,5203,65
440735,Mouse,4661,70
440753,Mouse,3502,64
440807,Mouse,4857,70
440856,Mouse,4436,72
440920,Mouse,3750,67
440926,Mouse,3513,72
440967,Mouse,3463,72
440998,Mouse,5245,69
441009,Mouse,5590,76
441081,Mouse,3119,75
441306,Mouse,3721,77
441359,Mouse,4444,79
441423,Elephant,263906,942
441441,Mouse,3226,82
441630,Mouse,3628,79
441669,Elephant,562317,1258
441693,Mouse,3708,76
441699,Elephant,237680,809
441730,Mouse,5046,65
441794,Mouse,3303,64
441814,Mouse,5469,66
441859,Mouse,4116,64
442025,Mouse,5429,74
442036,Mouse,4951,77
442076,Mouse,5642,78
442095,Mouse,4686,65
442139,Mouse,4426,68
442140,Mouse,5333,69
442149,Mouse,3360,69
442157,Mouse,5737,74
442168,Mouse,3507,68
442378,Mouse,4210,75
442414,Mouse,3363,87
442466,Mouse,3135,100
442493,Mouse,3766,100
442540,Mouse,3858,100
442573,Mouse,3541,103
442585,Mouse,3419,104
442596,Mouse,4346,107
442598,Mouse,5299,105
442648,Mouse,4660,88
442851,Elephant,82273,621
443014,Mouse,3102,106
443084,Mouse,3219,94
443129,Mouse,3603,100
443171,Mouse,3267,93
443180,Mouse,4202,93
443194,Mouse,3691,95
443202,Mouse,5815,101
443251,Mouse,5518,90
443254,Mouse,3343,93
443276,Elephant,544764,1625
443278,Elephant,308910,1328
443281,Mouse,3663,88
443322,Mouse,5656,80
443341,Mouse,4659,74
443346,Mouse,3094,68
443357,Mouse,4565,71
443402,Mouse,5549,74
443519,Mouse,3805,70
443648,Mouse,3383,70
443689,Mouse,4760,71
443709,Elephant,282612,1396
443790,Mouse,4728,82
443812,Mouse,4449,75
443817,Mouse,3404,76
443840,Mouse,3804,83
443986,Elephant,549085,1858
444004,Mouse,5093,85
444025,Mouse,3131,74
444037,Mouse,4186,71
444114,Elephant,63166,473
444212,Mouse,4136,67
444228,Mouse,5192,71
444314,Mouse,4868,67
444345,Mouse,5500,69
444376,Mouse,4082,69
444390,Mouse,3510,74
444396,Mouse,5469,79
444468,Mouse,4469,86
444609,Mouse,4979,97
444630,Mouse,4180,97
444635,Elephant,267351,923
444729,Mouse,4935,67
444799,Mouse,5546,74
444805,Elephant,585306,1494
445068,Mouse,4635,83
445073,Elephant,185561,717
445077,Mouse,5468,83
445164,Elephant,65439,386
445170,Mouse,3498,65
445173,Mouse,4256,67
445177,Mouse,3325,67
445203,Mouse,4320,69
445445,Mouse,5167,80
445465,Mouse,3082,74
445510,Elephant,362607,201531
445513,Mouse,3739,78
445545,Mouse,4922,72
445552,Mouse,4526,74
445591,Mouse,3225,65
445626,Mouse,3379,66
445704,Mouse,3352,69
445714,Mouse,3907,72
445738,Mouse,3576,69
445739,Mouse,4319,71
445772,Elephant,271450,843
445820,Mouse,5113,65
445895,Mouse,5563,70
445945,Mouse,4817,72
445953,Mouse,5308,65
445962,Mouse,5008,66
445986,Mouse,5517,72
445996,Mouse,5562,66
446085,Mouse,3802,65
446088,Mouse,5484,67
446118,Mouse,5188,71
446180,Mouse,4531,68
446189,Mouse,3091,70
446266,Mouse,4900,75
446272,Elephant,134621,551
446278,Mouse,5164,65
446353,Mouse,3911,67
446380,Mouse,3727,68
446443,Mouse,4034,73
446483,Mouse,5364,70
446499,Mouse,3339,66
446517,Mouse,3632,68
446536,Mouse,4829,71
446539,Mouse,3973,67
446601,Mouse,3507,69
446626,Mouse,5257,70
446641,Elephant,48900,291
446652,Mouse,5042,76
446665,Elephant,547378,1403
446674,Mouse,4222,66
446703,Mouse,4536,74
446706,Mouse,5448,75
446732,Mouse,4162,64
446762,Mouse,4729,65
446806,Mouse,4870,67
446809,Mouse,5114,67
446821,Mouse,5045,69
446881,Mouse,4869,65
446924,Mouse,3638,65
446956,Mouse,3306,64
446986,Mouse,4019,67
447009,Mouse,5494,66
447051,Mouse,4063,65
447081,Mouse,3233,70
447084,Mouse,4434,72
447137,Mouse,3784,67
447149,Mouse,5778,66
447181,Mouse,5418,70
447188,Mouse,4871,70
447232,Mouse,4183,65
447252,Mouse,5180,65
447314,Mouse,3298,66
447403,Mouse,5570,69
447416,Mouse,4373,71
447545,Mouse,3101,67
447549,Mouse,5158,69
447603,Mouse,4583,73
447671,Elephant,448760,1058
447719,Mouse,3782,64
447756,Mouse,3501,64
447789,Mouse,3725,64
447799,Mouse,4501,69
447932,Mouse,5274,66
447959,Mouse,5739,66
447972,Mouse,5806,69
448058,Mouse,4259,68
448088,Mouse,3962,64
448103,Mouse,4532,69
448117,Mouse,5686,66
448182,Mouse,3927,68
448249,Mouse,4871,70
448297,Mouse,5111,68
448300,Mouse,5717,69
448346,Mouse,5758,70
448387,Mouse,3627,65
448417,Mouse,3753,69
448534,Elephant,79339,410
448571,Mouse,5129,69
448662,Mouse,5564,70
448741,Mouse,5048,66
448789,Mouse,4462,69
448792,Elephant,495724,1107
448839,Mouse,3383,64
448960,Mouse,4223,64
448990,Mouse,4264,69
449072,Mouse,3741,65
449106,Mouse,4253,64
449129,Mouse,4529,69
449140,Mouse,3769,64
449157,Mouse,4712,67
449314,Mouse,3581,69
449477,Mouse,5593,73
449552,Mouse,3875,77
449562,Mouse,4958,82
449604,Mouse,4476,87
449719,Elephant,281712,877
449723,Mouse,3778,88
449791,Mouse,4029,71
449838,Mouse,5202,78
449884,Mouse,3354,73
449923,Mouse,5450,69
449926,Mouse,3239,67
449942,Mouse,3900,68
449950,Elephant,416531,1113
449997,Mouse,4437,67
450057,Mouse,3550,64
450097,Mouse,5641,67
450099,Mouse,3232,66
450180,Mouse,3448,64
450222,Mouse,3057,64
450334,Mouse,3096,66
450381,Mouse,5602,73
450440,Mouse,5520,74
450461,Mouse,3424,73
450525,Mouse,3490,74
450537,Mouse,3842,81
450543,Mouse,3932,81
450561,Mouse,5071,88
450597,Mouse,4814,98
450604,Mouse,3452,98
450617,Mouse,3823,106
450635,Mouse,4477,111
450704,Mouse,3068,100
450727,Mouse,4464,91
450770,Mouse,4270,84
450775,Mouse,5771,85
450811,Elephant,554752,1522
450928,Mouse,4238,66
450933,Mouse,5467,69
450943,Mouse,4950,69
450955,Mouse,3497,70
451064,Elephant,134916,848
451108,Mouse,5732,66
451145,Mouse,3715,65
451235,Mouse,3611,65
451260,Mouse,5099,68
451288,Mouse,3848,75
451296,Mouse,4800,71
451298,Mouse,3505,72
451356,Mouse,3800,76
451369,Mouse,4249,71
451459,Mouse,4291,67
451545,Mouse,3154,68
451559,Mouse,4102,71
451584,Elephant,453983,1445
451789,Mouse,3654,71
451842,Mouse,4109,65
451864,Mouse,5200,69
451897,Mouse,4035,70
451925,Mouse,3000,74
451946,Mouse,5439,86
452003,Mouse,3703,78
452019,Mouse,3163,80
452207,Mouse,3977,100
452262,Mouse,5599,113
452264,Elephant,415497,1107
452281,Mouse,5562,103
452288,Mouse,5600,93
452313,Mouse,3151,91
452404,Mouse,3257,65
452431,Elephant,49666,445
452462,Mouse,5477,73
452540,Mouse,5632,69
452569,Mouse,5450,70
452588,Mouse,3188,72
452687,Mouse,5700,80
452735,Mouse,3244,87
452772,Elephant,476234,1372
452843,Mouse,4677,73
452856,Mouse,5423,71
452859,Mouse,5008,72
452868,Mouse,4201,66
452879,Mouse,4145,68
452927,Mouse,5508,71
452946,Mouse,5211,65
452957,Mouse,5248,70
452989,Mouse,3604,64
453047,Mouse,5301,71
453190,Mouse,4760,89
453210,Mouse,3735,93
453283,Mouse,4755,100
453558,Elephant,193863,1046
453561,Mouse,3291,97
453659,Mouse,4492,83
453710,Mouse,5387,81
453722,Elephant,588714,1960
453734,Mouse,4636,73
453742,Elephant,413454,1405
453790,Mouse,3272,66
453798,Mouse,4907,65
453845,Mouse,4850,65
453975,Mouse,4220,64
454094,Mouse,5020,70
454126,Mouse,3309,67
454144,Mouse,3321,73
454230,Mouse,3874,66
454278,Mouse,5119,67
454284,Mouse,3295,67
454316,Elephant,346116,1346
454365,Mouse,4613,69
454366,Mouse,4852,71
454690,Mouse,5216,70
454706,Mouse,4466,71
454740,Mouse,3367,72
454741,Elephant,405584,995
454814,Mouse,4262,65
454819,Mouse,4545,65
454845,Mouse,4026,64
454938,Mouse,5215,65
454951,Mouse,3541,64
454976,Mouse,4674,65
455006,Mouse,5344,65
455021,Mouse,4891,66
455047,Mouse,3457,65
455150,Mouse,4899,65
455158,Mouse,3417,64
455302,Mouse,3766,67
455303,Mouse,5474,69
455316,Mouse,4533,69
455347,Mouse,3110,64
455399,Mouse,3793,66
455408,Mouse,5367,71
455420,Mouse,3367,64
455447,Mouse,4879,70
455453,Mouse,4786,72
455597,Elephant,169752,608
455599,Mouse,5362,71
455678,Mouse,3128,64
455727,Mouse,4240,64
455734,Mouse,5658,66
455743,Mouse,5266,65
455774,Mouse,4825,65
455792,Mouse,4091,64
455962,Mouse,5566,66
455967,Mouse,4171,64
455987,Mouse,5480,73
455990,Mouse,5140,75
455998,Mouse,3743,64
456051,Mouse,5182,65
456099,Mouse,3026,64
456143,Mouse,5567,66
456172,Mouse,3288,64
456197,Mouse,5683,68
456266,Mouse,3580,64
456286,Mouse,4380,67
456309,Mouse,4067,65
456363,Mouse,5328,65
456557,Elephant,309173,854
456590,Mouse,5624,70
456650,Mouse,3370,67
456702,Mouse,3399,70
456709,Mouse,5114,73
456852,Mouse,4082,67
456891,Elephant,120574,515
456983,Mouse,4455,65
457103,Mouse,3688,67
457108,Mouse,3624,69
457127,Mouse,3566,65
457160,Mouse,5568,66
457184,Elephant,317214,864
457202,Mouse,4705,66
457241,Mouse,4486,65
457277,Mouse,4954,65
457590,Mouse,4972,65
457646,Mouse,4011,64
457656,Mouse,4903,65
457662,Mouse,5360,65
457691,Mouse,4799,66
457738,Mouse,4262,65
457817,Mouse,4732,65
457955,Mouse,5387,65
458035,Mouse,4903,65
458114,Mouse,5764,66
458146,Mouse,5263,66
458161,Mouse,4090,64
458167,Mouse,4954,65
458180,Mouse,3439,64
458350,Mouse,5158,65
458473,Mouse,5680,66
458501,Mouse,4832,68
458553,Mouse,5094,65
458606,Mouse,3443,64
458620,Mouse,5580,68
458682,Mouse,5371,67
458731,Mouse,5628,66
458746,Mouse,4312,65
458765,Mouse,4810,70
458836,Mouse,3826,66
458862,Mouse,4840,69
459022,Elephant,342817,897
459064,Mouse,5355,66
459089,Mouse,4329,65
459096,Mouse,3559,64
459106,Mouse,3865,66
459109,Mouse,4439,67
459116,Mouse,4322,65
459156,Mouse,3212,64
459247,Mouse,5477,66
459264,Mouse,4366,65
459286,Mouse,5053,65
459347,Mouse,5392,65
459385,Mouse,3535,64
459441,Mouse,3345,70
459457,Mouse,5736,66
459525,Mouse,3324,67
459635,Mouse,3932,64
459655,Mouse,4468,67
459685,Mouse,3894,79
459689,Mouse,4678,65
459695,Mouse,4768,67
459722,Mouse,5703,79
459779,Mouse,3114,66
459785,Mouse,3918,67
459840,Mouse,3736,66
459877,Mouse,4282,66
459913,Elephant,190335,665
459977,Elephant,231728,732
459984,Mouse,3331,64
460141,Mouse,4793,65
460154,Mouse,5564,66
460222,Mouse,4584,65
460227,Mouse,3824,64
460277,Mouse,4600,65
460311,Mouse,3517,64
460338,Mouse,4836,65
460427,Mouse,4693,68
460573,Mouse,5324,68
460624,Mouse,4764,65
460724,Elephant,90220,413
460749,Mouse,5601,66
460760,Mouse,4838,66
460828,Mouse,3041,66
460850,Mouse,4098,64
460861,Mouse,4192,64
460907,Mouse,3993,66
460918,Mouse,4978,73
460922,Mouse,5203,73
461001,Mouse,4906,68
461111,Mouse,3723,64
461154,Mouse,3147,65
461199,Mouse,4494,69
461230,Mouse,3519,67
461246,Mouse,4307,65
461292,Mouse,5101,66
461352,Mouse,3638,65
461405,Elephant,406030,990
461438,Mouse,4022,64
461493,Mouse,5607,66
461501,Mouse,4410,65
461678,Mouse,5750,66
461816,Mouse,4727,65
461894,Mouse,5831,66
461905,Mouse,5400,65
461928,Mouse,5177,68
462059,Elephant,30413,197
462066,Mouse,5569,66
462079,Mouse,3501,64
462136,Mouse,3104,64
462145,Mouse,5781,66
462188,Mouse,4816,66
462201,Mouse,3919,64
462207,Mouse,3939,64
462231,Mouse,3560,65
462313,Mouse,3239,64
462467,Mouse,4201,64
462558,Mouse,4293,65
462570,Mouse,3646,64
462579,Mouse,3529,67
462585,Mouse,5224,72
462610,Mouse,4190,68
462629,Elephant,122302,545
462664,Mouse,3400,67
462694,Mouse,4963,65
462740,Mouse,4160,64
462746,Mouse,3732,66
462780,Mouse,5225,65
462789,Mouse,5462,69
462805,Mouse,5061,79
462852,Mouse,5171,66
462907,Mouse,3892,65
462909,Mouse,3952,66
463034,Mouse,5111,72
463101,Mouse,5235,69
463126,Mouse,5667,72
463214,Mouse,3532,70
463266,Mouse,4708,78
463359,Mouse,5618,91
463419,Mouse,4214,96
463460,Mouse,4441,105
463534,Mouse,4605,100
463635,Mouse,4357,72
463685,Mouse,3822,70
463696,Mouse,3272,72
463760,Mouse,4826,84
463820,Mouse,4791,98
463830,Mouse,4991,103
463842,Mouse,3246,105
463868,Mouse,3603,110
463875,Mouse,3315,113
463908,Mouse,5127,109
463994,Elephant,391894,1315
464028,Elephant,532264,1474
464088,Mouse,3206,64
464127,Mouse,4105,67
464143,Mouse,3285,71
464168,Mouse,5027,77
464210,Mouse,4665,77
464234,Mouse,3046,68
464278,Elephant,330481,1417
464285,Mouse,4835,75
464327,Mouse,5318,72
464389,Mouse,5421,70
464414,Mouse,4196,83
464434,Mouse,5202,83
464436,Mouse,3181,83
464461,Mouse,3526,90
464485,Mouse,5007,98
464574,Mouse,5008,82
464583,Elephant,267150,925
464623,Mouse,5228,68
464629,Mouse,4376,65
464643,Mouse,5008,65
464677,Mouse,4313,67
464684,Mouse,4093,65
464696,Mouse,4211,66
464726,Mouse,5273,85
464740,Mouse,4064,66
464787,Mouse,3395,71
464789,Mouse,5075,74
464881,Elephant,159085,790
464883,Mouse,4878,75
464933,Elephant,124166,741
464978,Mouse,3102,68
465052,Mouse,4656,75
465140,Mouse,3804,71
465145,Elephant,279098,1087
465151,Mouse,3852,72
465267,Mouse,5086,70
465272,Elephant,186766,677
465313,Mouse,5734,67
465450,Mouse,3313,64
465630,Mouse,5304,67
465636,Elephant,248911,765
465767,Mouse,5364,65
465807,Mouse,3296,65
465955,Mouse,5174,70
466107,Mouse,5026,68
466145,Mouse,5441,66
466187,Mouse,3196,64
466287,Mouse,3373,64
466342,Mouse,5834,71
466349,Elephant,140072,549
466455,Mouse,4816,69
466480,Mouse,3991,65
466521,Mouse,3240,66
466632,Mouse,4787,67
466694,Mouse,5451,68
466761,Mouse,3809,72
466763,Mouse,4795,73
466795,Mouse,5778,77
466892,Mouse,4384,84
466895,Mouse,4179,84
466904,Mouse,3576,83
466954,Elephant,204540,720
467073,Mouse,5495,70
467091,Elephant,417099,1051
467165,Mouse,4944,65
467267,Mouse,4335,65
467415,Mouse,3730,68
467418,Mouse,3649,69
467426,Mouse,3468,64
467466,Mouse,4921,74
467490,Elephant,173051,792
467544,Mouse,3468,64
467547,Mouse,3437,64
467552,Mouse,5507,66
467645,Mouse,5377,65
467748,Mouse,3610,64
467754,Mouse,5548,66
468031,Mouse,4377,69
468116,Mouse,3794,65
468216,Mouse,4621,65
468260,Mouse,5480,66
468282,Mouse,3012,65
468312,Mouse,3548,64
468338,Mouse,5219,71
468350,Mouse,5459,66
468360,Mouse,4443,65
468375,Mouse,4199,67
468439,Mouse,5809,71
468443,Mouse,5495,67
468479,Elephant,144691,560
468489,Mouse,5036,66
468531,Mouse,3935,64
468536,Mouse,4912,65
468538,Mouse,3238,64
468557,Mouse,3379,64
468609,Mouse,4444,65
468650,Mouse,5204,65
468701,Mouse,4815,66
468776,Mouse,4762,71
468781,Elephant,88610,428
468871,Mouse,3475,64
468927,Mouse,3728,64
468961,Mouse,4943,65
469012,Mouse,5004,65
469198,Mouse,3515,67
469223,Mouse,3640,72
469244,Mouse,3573,69
469269,Mouse,4914,77
469327,Mouse,5797,75
469368,Mouse,5541,74
469390,Mouse,4116,79
469444,Mouse,5057,80
469532,Mouse,5644,84
469565,Elephant,512464,1169
469786,Mouse,4018,64
469895,Mouse,3264,66
469908,Mouse,5097,72
469922,Mouse,5447,66
470026,Elephant,544892,1197
470032,Mouse,4155,66
470036,Mouse,4275,66
470122,Mouse,5072,65
470159,Mouse,5262,65
470170,Mouse,5742,66
470215,Mouse,3537,64
470242,Mouse,3529,64
470270,Mouse,3959,64
470352,Mouse,3905,64
470422,Mouse,3718,64
470442,Mouse,4673,65
470450,Mouse,3728,64
470657,Mouse,5509,66
470741,Mouse,3742,64
470770,Mouse,3584,64
470774,Mouse,4191,64
470846,Mouse,5500,66
470975,Mouse,5600,66
471055,Mouse,3147,67
471061,Mouse,4610,65
471139,Mouse,4732,70
471253,Mouse,4335,65
471274,Mouse,4328,67
471344,Mouse,5654,66
471486,Mouse,3224,67
471575,Mouse,4372,67
471598,Mouse,5437,66
471683,Mouse,3293,75
471702,Mouse,3059,66
471753,Mouse,4250,67
471769,Mouse,5537,75
471824,Mouse,3085,74
471869,Elephant,32798,301
471974,Mouse,5222,70
471994,Mouse,4838,76
472013,Mouse,5633,83
472019,Mouse,4087,82
472126,Elephant,577076,1227
472183,Mouse,3889,67
472412,Elephant,242569,854
472428,Mouse,5408,67
472475,Mouse,3559,69
472477,Mouse,3800,71
472535,Mouse,5123,73
472670,Mouse,5559,67
472689,Mouse,4296,68
472758,Mouse,3302,73
472800,Elephant,128078,516
472810,Mouse,3679,67
472841,Mouse,4629,71
472862,Mouse,4270,70
472875,Mouse,4180,65
472884,Mouse,3360,67
472992,Mouse,5692,69
473034,Mouse,4636,69
473103,Mouse,3349,71
473122,Mouse,3184,71
473392,Mouse,5148,87
473484,Elephant,474534,1126
473488,Mouse,4926,93
473570,Mouse,4973,65
473592,Elephant,465116,1134
473649,Mouse,5140,65
473656,Mouse,5351,65
473772,Mouse,5383,65
473967,Mouse,3638,64
473980,Mouse,4717,65
474063,Mouse,4673,65
474138,Mouse,3125,64
474144,Mouse,5070,65
474164,Mouse,3427,64
474177,Mouse,5466,70
474457,Mouse,5020,73
474467,Mouse,5604,73
474549,Mouse,4102,79
474603,Elephant,237574,754
474712,Mouse,3631,65
474845,Elephant,382767,967
474854,Mouse,3706,69
474876,Mouse,5305,76
474877,Mouse,5805,77
474880,Mouse,3086,67
475005,Mouse,3865,65
475019,Mouse,4084,64
475298,Elephant,320920,978
475336,Mouse,4211,65
475397,Mouse,3341,67
475481,Mouse,3150,66
475495,Mouse,3596,64
475502,Mouse,4684,69
475754,Mouse,5521,70
475864,Elephant,233036,731
475883,Mouse,5711,71
475897,Mouse,3666,68
475959,Mouse,4080,67
475994,Mouse,4509,65
476009,Elephant,362810,1221
476011,Mouse,5657,72
476119,Mouse,5155,65
476149,Mouse,3378,64
476266,Mouse,3933,64
476289,Mouse,5381,65
476364,Mouse,5622,68
476366,Mouse,4858,68
476379,Mouse,3124,64
476488,Mouse,3489,66
476489,Mouse,5602,69
476498,Mouse,3528,64
476548,Mouse,3905,64
476557,Mouse,5679,70
476569,Mouse,4394,76
476569,Mouse,3060,76
476618,Mouse,3704,75
476742,Mouse,3190,64
476761,Mouse,4531,65
476817,Mouse,5185,67
476845,Mouse,5061,65
476919,Mouse,4853,70
476965,Mouse,3592,67
477013,Mouse,5150,68
477015,Mouse,5423,68
477026,Mouse,5700,66
477084,Mouse,3878,67
477130,Mouse,5037,70
477153,Mouse,3554,64
477195,Mouse,5260,65
477200,Mouse,4850,65
477220,Elephant,310304,988
477273,Mouse,3636,64
477280,Mouse,3044,64
477291,Mouse,5110,65
477306,Mouse,3580,64
477312,Mouse,4722,65
477336,Mouse,4509,65
477365,Mouse,5663,68
477366,Mouse,3631,67
477436,Mouse,4955,65
477445,Mouse,5393,65
477506,Mouse,4775,65
477558,Mouse,4627,65
477604,Mouse,5303,65
477625,Mouse,4142,64
477636,Mouse,4786,65
477703,Mouse,3600,64
477706,Mouse,3392,64
477743,Mouse,4518,65
477865,Mouse,3046,64
477893,Mouse,3482,64
477908,Mouse,3923,65
477942,Mouse,3322,64
477954,Mouse,3402,64
477986,Mouse,5458,69
477996,Mouse,3129,65
477997,Mouse,4399,67
478001,Mouse,4598,69
478123,Mouse,3977,64
478143,Mouse,4550,65
478212,Mouse,3843,64
478225,Mouse,4803,65
478346,Mouse,5710,68
478379,Mouse,4782,70
478393,Mouse,5476,71
478545,Mouse,3723,67
478565,Mouse,3129,78
478571,Mouse,3647,80
478620,Mouse,5325,85
478879,Mouse,3852,102
478923,Mouse,5270,116
478935,Mouse,5530,118
478975,Mouse,4759,127
479041,Mouse,5675,134
479115,Elephant,226544,921
479149,Elephant,468448,1279
479203,Elephant,111675,754
479376,Mouse,3073,64
479462,Mouse,5208,69
479474,Mouse,5060,66
479757,Mouse,3090,67
479840,Mouse,5360,70
479848,Mouse,3525,71
479872,Mouse,4632,69
479953,Mouse,4941,71
479985,Mouse,4648,73
480088,Mouse,5229,78
480096,Mouse,5304,83
480108,Mouse,5829,88
480212,Mouse,4916,112
480213,Mouse,3965,111
480216,Elephant,538741,1775
480219,Mouse,4289,80
480299,Mouse,4258,65
480337,Mouse,4562,71
480341,Mouse,3123,72
480356,Mouse,5402,71
480392,Mouse,5526,80
480426,Mouse,4672,78
480439,Mouse,3637,77
480494,Mouse,5278,80
480577,Elephant,332325,1029
480670,Mouse,4342,69
480674,Mouse,3736,71
480695,Mouse,5668,79
480716,Mouse,5331,72
480753,Mouse,3483,80
480770,Mouse,5360,78
480788,Mouse,3739,77
480793,Elephant,112731,611
480807,Mouse,3380,75
480854,Mouse,4375,70
480905,Mouse,5465,71
480926,Mouse,5812,77
481017,Mouse,5786,74
481066,Mouse,3637,74
481084,Mouse,4887,82
481090,Mouse,3612,84
481152,Elephant,478508,1383
481157,Mouse,5287,88
481193,Mouse,3314,87
481201,Mouse,3449,73
481210,Mouse,5183,72
481254,Mouse,4054,71
481340,Mouse,4626,68
481362,Elephant,36173,256
481411,Mouse,5806,69
481430,Mouse,3670,66
481441,Elephant,453678,201731
481469,Mouse,4911,65
481514,Mouse,3480,67
481724,Mouse,4679,65
481800,Mouse,4636,65
481867,Mouse,3601,67
481893,Mouse,3434,67
481953,Elephant,56448,322
482115,Mouse,4553,65
482255,Mouse,4693,81
482335,Mouse,5750,68
482453,Mouse,4875,74
482485,Mouse,5188,75
482493,Mouse,3048,79
482547,Mouse,4295,92
482571,Mouse,3144,92
482604,Mouse,4098,89
482658,Mouse,5607,81
482745,Mouse,5791,73
482760,Mouse,3687,72
482802,Mouse,4246,78
482833,Elephant,91738,492
482864,Mouse,5201,88
482931,Mouse,3225,70
482965,Mouse,5470,76
482988,Elephant,129452,757
482993,Elephant,388226,1168
482999,Mouse,3868,69
483095,Mouse,4368,65
483123,Elephant,314254,1046
483142,Mouse,5784,68
483164,Mouse,4435,65
483170,Mouse,5802,67
483248,Mouse,3212,66
483411,Mouse,3181,64
483428,Mouse,3985,64
483441,Mouse,3237,66
483487,Mouse,5176,70
483495,Mouse,4504,71
483614,Mouse,4888,69
483629,Mouse,5598,68
483634,Mouse,4092,67
483663,Mouse,3910,68
483670,Mouse,4220,71
483687,Mouse,3550,70
483705,Elephant,177468,634
483746,Mouse,5181,75
483749,Mouse,3473,73
483754,Mouse,4572,65
483816,Mouse,3592,68
483919,Mouse,4725,73
483975,Mouse,3747,76
484053,Mouse,3220,67
484069,Mouse,5360,75
484087,Mouse,4709,77
484090,Elephant,254004,777
484190,Mouse,5465,66
484202,Mouse,4150,68
484233,Mouse,4293,66
484329,Mouse,5178,69
484334,Mouse,3072,70
484456,Mouse,5737,73
484499,Elephant,364351,964
484667,Mouse,5565,68
484740,Mouse,3526,64
484919,Mouse,5329,67
484944,Mouse,3410,67
484977,Mouse,3003,67
485041,Mouse,3739,64
485180,Mouse,4698,66
485194,Mouse,5277,72
485203,Elephant,79764,418
485316,Mouse,3163,66
485322,Elephant,538557,1159
485366,Mouse,4914,66
485401,Mouse,3904,64
485477,Mouse,4578,68
485477,Mouse,5006,69
485501,Mouse,5193,65
485525,Mouse,4328,65
485578,Mouse,4032,64
485646,Mouse,3973,64
485797,Mouse,3274,64
486022,Mouse,5106,67
486024,Mouse,3656,66
486033,Mouse,3730,64
486037,Mouse,3143,64
486073,Mouse,3819,64
486138,Mouse,5106,66
486213,Mouse,4668,65
486295,Mouse,5029,66
486308,Mouse,3073,64
486317,Mouse,5180,70
486430,Mouse,3420,70
486473,Mouse,3187,73
486497,Mouse,3842,79
486500,Mouse,5833,82
486518,Elephant,230438,743
486524,Mouse,3450,69
486587,Mouse,4129,64
486591,Mouse,3466,64
486744,Mouse,5314,70
486803,Mouse,4340,77
486819,Mouse,4314,82
486833,Mouse,3149,71
486878,Mouse,4311,78
486884,Mouse,5490,81
486927,Mouse,4458,77
486945,Mouse,5468,79
486983,Mouse,5416,87
487059,Mouse,5308,82
487078,Elephant,394008,1042
487106,Mouse,3924,75
487184,Mouse,3822,67
487252,Mouse,4751,66
487255,Mouse,4594,67
487382,Mouse,4602,71
487438,Mouse,4136,77
487472,Elephant,556765,1236
487494,Mouse,4648,72
487693,Mouse,4137,68
487715,Mouse,4923,77
487730,Mouse,5093,77
487836,Mouse,3340,69
487859,Mouse,5691,75
487872,Mouse,5783,79
487949,Mouse,5026,85
487963,Mouse,3430,85
487968,Mouse,3440,87
487997,Mouse,3740,88
488046,Mouse,5224,94
488077,Mouse,3063,90
488103,Mouse,5506,93
488151,Mouse,3198,76
488249,Mouse,3116,74
488300,Elephant,332350,1072
488357,Mouse,3293,86
488377,Elephant,284818,1085
488420,Mouse,5585,76
488436,Mouse,4969,74
488441,Mouse,3655,76
488494,Mouse,3969,70
488563,Elephant,153035,673
488648,Mouse,3159,67
488756,Mouse,5481,69
488839,Mouse,4667,80
488947,Mouse,3361,107
488961,Mouse,3104,108
489091,Mouse,4169,91
489131,Elephant,459235,1588
489158,Mouse,4510,94
489171,Mouse,3506,85
489216,Mouse,5145,78
489219,Mouse,5066,76
489222,Mouse,5515,80
489288,Mouse,5432,79
489371,Mouse,3734,71
489449,Elephant,385307,1306
489468,Mouse,4430,70
489495,Mouse,3127,67
489498,Mouse,4739,73
489615,Mouse,3285,73
489615,Mouse,4052,74
489628,Mouse,3320,76
489629,Mouse,3979,80
489644,Mouse,3625,82
489673,Mouse,3022,78
489748,Mouse,3196,70
489756,Mouse,4236,71
489812,Mouse,5839,83
489878,Mouse,4869,84
489902,Mouse,4273,84
489927,Mouse,4802,84
489954,Mouse,3664,92
490065,Mouse,3828,83
490084,Mouse,5196,95
490172,Mouse,3160,102
490173,Mouse,3807,102
490209,Mouse,4620,100
490248,Elephant,470546,1477
490267,Mouse,3191,90
490304,Mouse,5097,79
490373,Mouse,5320,74
490381,Mouse,4124,68
490551,Mouse,3505,67
490582,Mouse,4310,71
490620,Mouse,3574,70
490641,Elephant,517590,1987
490813,Mouse,3079,65
490867,Elephant,292425,936
490934,Mouse,5462,66
490940,Mouse,3915,64
491030,Mouse,5816,66
491535,Mouse,5801,71
491631,Mouse,4944,65
491678,Mouse,4274,65
491748,Mouse,3980,68
491750,Mouse,5210,70
491768,Mouse,3101,74
491834,Mouse,3367,68
491836,Mouse,4666,70
491850,Mouse,4773,69
491863,Mouse,5676,66
492077,Mouse,3431,68
492081,Mouse,4163,71
492108,Mouse,4390,74
492118,Mouse,4765,78
492189,Mouse,5618,72
492251,Elephant,402293,1000
492281,Mouse,5462,74
492364,Mouse,4667,68
492419,Mouse,5220,69
492525,Mouse,3597,67
492535,Mouse,4016,70
492553,Mouse,4747,73
492636,Mouse,5599,74
492652,Elephant,235859,756
492687,Mouse,5163,74
492785,Mouse,4672,67
492864,Mouse,3079,70
492870,Mouse,5496,66
492964,Mouse,3821,67
493020,Mouse,4952,73
493081,Mouse,4438,74
493114,Elephant,383430,1102
493124,Mouse,4116,68
493204,Mouse,4359,67
493219,Mouse,3706,67
493272,Mouse,4285,72
493317,Mouse,4980,70
493371,Elephant,312788,902
493539,Mouse,4721,66
493663,Mouse,5440,70
493822,Mouse,3183,72
493841,Mouse,4336,75
494081,Mouse,5563,94
494099,Mouse,3894,99
494102,Mouse,4826,101
494202,Mouse,5003,90
494280,Mouse,5719,80
494285,Mouse,4813,84
494321,Mouse,3058,81
494382,Elephant,171941,780
494401,Elephant,557238,1338
494409,Mouse,5350,68
494436,Mouse,5146,68
494467,Mouse,4088,65
494512,Mouse,5753,67
494585,Mouse,3228,64
494594,Mouse,3603,64
494602,Mouse,4508,66
494643,Mouse,4605,65
494669,Mouse,4189,68
494688,Mouse,3925,67
494740,Mouse,3642,67
494777,Mouse,4465,65
494788,Elephant,347441,1296
494794,Mouse,3551,65
494817,Mouse,3741,66
494882,Mouse,4117,64
494967,Mouse,4935,65
495000,Mouse,4016,64
495062,Mouse,4681,69
495071,Mouse,3813,68
495072,Mouse,5672,70
495119,Mouse,3208,66
495268,Mouse,4255,69
495285,Mouse,5722,79
495354,Mouse,5275,70
495382,Mouse,5320,65
495521,Mouse,3948,65
495624,Mouse,3359,65
495641,Mouse,3807,73
495707,Elephant,247588,766
495839,Mouse,5455,66
495950,Elephant,406359,1002
495997,Mouse,3104,66
496022,Mouse,3017,64
496033,Mouse,3616,64
496108,Mouse,4531,65
496121,Mouse,5389,65
496159,Mouse,4592,65
496188,Mouse,5720,66
496221,Mouse,4659,65
496276,Mouse,4269,65
496397,Mouse,3731,64
496537,Mouse,3946,64
496690,Mouse,4298,72
496753,Mouse,3433,64
496804,Mouse,3577,65
496840,Mouse,3114,64
496852,Mouse,4804,69
496874,Mouse,5027,75
497058,Mouse,4061,64
497245,Elephant,429497,1018
497267,Mouse,3144,66
497336,Mouse,3439,65
497353,Mouse,4235,67
497428,Mouse,3143,64
497441,Mouse,4737,67
497531,Mouse,4167,71
497542,Mouse,4347,69
497553,Mouse,5213,66
497558,Mouse,3509,65
497707,Mouse,3624,68
497819,Mouse,4365,71
497865,Mouse,3288,75
498184,Elephant,442272,1115
498270,Mouse,5020,73
498284,Mouse,5637,71
498339,Mouse,5256,67
498370,Elephant,158674,707
498374,Mouse,3506,65
498641,Mouse,3745,70
498644,Mouse,3222,72
498654,Mouse,5631,76
498728,Mouse,3347,73
498798,Elephant,544795,1343
498818,Mouse,4138,65
498897,Mouse,3554,64
498928,Mouse,5335,70
498941,Mouse,3709,65
498953,Mouse,5764,69
498989,Mouse,4310,65
499038,Mouse,3500,66
499275,Mouse,3451,81
499330,Mouse,4184,94
499393,Mouse,3992,103
499406,Mouse,5780,106
499423,Mouse,4700,109
499441,Elephant,131794,598
499451,Mouse,4131,88
499512,Elephant,135768,651
499518,Mouse,4584,65
499644,Mouse,3570,64
499800,Mouse,4147,66
499809,Mouse,3183,68
499872,Mouse,5167,65
499909,Mouse,5650,73
499986,Mouse,5302,78
500060,Mouse,5670,89
500081,Mouse,4799,98
500222,Mouse,3864,98
500227,Mouse,3069,92
500312,Mouse,5266,76
500318,Mouse,3287,71
500364,Mouse,3963,74
500382,Mouse,4972,82
500416,Mouse,5665,79
500439,Mouse,5304,86
500502,Mouse,5749,90
500641,Mouse,5192,84
500663,Mouse,5609,92
500722,Elephant,533719,1516
500729,Mouse,4119,100
500769,Mouse,4298,82
500783,Mouse,4755,75
500897,Mouse,3342,70
501025,Mouse,3117,71
501204,Elephant,457199,1646
501204,Mouse,3272,88
501211,Mouse,4762,86
501305,Mouse,5532,68
501308,Elephant,324140,1534
501334,Mouse,4545,66
501437,Mouse,4995,65
501649,Mouse,4652,65
501749,Mouse,3218,64
501785,Mouse,3257,64
501858,Mouse,3700,64
501930,Mouse,4940,66
501997,Mouse,3554,64
502004,Mouse,4107,64
502051,Mouse,4673,67
502161,Mouse,5541,66
502234,Mouse,4794,67
502290,Mouse,3178,64
502415,Mouse,5339,65
502419,Mouse,4200,66
502431,Mouse,4834,65
502439,Mouse,3391,64
502448,Mouse,4746,65
502479,Mouse,5742,68
502485,Mouse,4558,68
502491,Mouse,5144,71
502554,Mouse,3934,64
502570,Mouse,4725,67
502797,Mouse,4756,65
502849,Mouse,5272,65
502861,Mouse,4668,65
502955,Mouse,5386,65
503087,Mouse,5556,67
503092,Mouse,4232,67
503107,Mouse,5043,65
503284,Mouse,3896,65
503333,Mouse,5554,66
503394,Mouse,3641,64
503410,Mouse,3473,64
503521,Mouse,4709,65
503525,Mouse,4565,66
503593,Mouse,3269,64
503630,Mouse,5164,70
503682,Mouse,5776,74
503737,Mouse,4314,65
503818,Mouse,4197,68
503821,Mouse,5005,69
503952,Mouse,3178,64
504027,Mouse,3752,68
504189,Mouse,4196,74
504211,Mouse,3795,76
504256,Mouse,3261,89
504306,Mouse,5046,95
504313,Mouse,4187,95
504366,Mouse,4004,97
504380,Mouse,4570,98
504428,Mouse,4357,93
504436,Mouse,4043,83
504526,Mouse,3151,70
504547,Mouse,5572,83
504621,Mouse,3451,104
504631,Mouse,3339,109
504758,Mouse,5181,114
504764,Mouse,3360,112
504775,Mouse,4950,115
504850,Mouse,4509,105
504851,Mouse,5526,106
504946,Mouse,3574,75
504972,Mouse,4268,74
505010,Mouse,5017,82
505108,Mouse,5525,100
505137,Mouse,3944,108
505154,Elephant,425963,1635
505158,Mouse,3290,113
505161,Mouse,4761,117
505256,Mouse,5275,114
505279,Mouse,5581,123
505284,Mouse,3508,117
505320,Mouse,5775,111
505338,Mouse,4104,107
505357,Mouse,4127,102
505363,Mouse,3022,103
505392,Mouse,3443,82
505457,Mouse,3529,72
505572,Mouse,3531,91
505604,Mouse,3428,99
505737,Mouse,5139,102
505739,Mouse,4540,102
505817,Mouse,5427,106
505865,Mouse,4599,97
505964,Mouse,4071,88
505981,Mouse,5488,82
506009,Mouse,5554,89
506042,Mouse,4553,95
506054,Mouse,4845,100
506074,Elephant,404819,2226
506093,Mouse,3691,89
506149,Mouse,4429,85
506187,Mouse,4448,94
506209,Mouse,3419,86
506365,Mouse,3933,80
506556,Mouse,5570,101
506571,Mouse,5552,109
506596,Mouse,4734,109
506647,Mouse,4940,115
506743,Mouse,3732,96
506756,Mouse,4620,101
506797,Mouse,3506,90
506876,Mouse,3865,89
506915,Mouse,3715,88
507044,Mouse,4224,93
507088,Mouse,4860,107
507122,Mouse,3677,112
507172,Mouse,5319,110
507297,Mouse,5580,77
507347,Mouse,3498,86
507367,Mouse,3422,97
507370,Elephant,268412,1938
507392,Elephant,538697,3538
507424,Mouse,3008,81
507461,Mouse,4676,82
507512,Mouse,4636,80
507614,Mouse,4066,75
507644,Mouse,3109,82
507667,Mouse,4323,93
507832,Mouse,3575,85
507839,Mouse,5701,84
507973,Mouse,3033,96
507988,Mouse,3946,93
508006,Elephant,556431,3547
508039,Mouse,3632,89
508067,Mouse,4121,84
508084,Mouse,4208,84
508109,Mouse,4078,77
508175,Mouse,5511,87
508186,Mouse,5630,91
508194,Mouse,5260,95
508201,Elephant,431621,2174
508247,Mouse,3422,88
508304,Mouse,3636,69
508352,Mouse,3682,70
508403,Elephant,295873,1765
508507,Mouse,4882,66
508539,Mouse,3302,68
508560,Mouse,4620,70
508762,Elephant,467168,1891
508773,Mouse,5656,76
508781,Mouse,3465,77
508801,Mouse,3768,82
508802,Mouse,5732,85
508851,Mouse,4310,66
508955,Mouse,4607,66
509242,Mouse,3224,70
509295,Mouse,4348,75
509326,Mouse,5105,78
509337,Elephant,587623,1620
509347,Mouse,3849,69
509408,Mouse,3321,64
509603,Mouse,3229,64
509702,Mouse,5269,69
509717,Mouse,4993,66
509802,Mouse,5377,65
509879,Mouse,4566,67
509891,Mouse,5685,75
509937,Elephant,42884,275
509956,Mouse,5092,70
509963,Mouse,4422,73
510026,Mouse,3893,68
510122,Elephant,241934,749
510197,Mouse,4522,66
510259,Mouse,4662,65
510327,Mouse,4035,66
510413,Mouse,5119,67
510456,Mouse,4873,67
510538,Mouse,5817,69
510573,Mouse,5275,70
510586,Mouse,5737,70
510629,Mouse,3203,74
510652,Mouse,4993,69
510724,Mouse,3820,64
510810,Mouse,3316,64
511006,Mouse,5745,70
511076,Mouse,5763,67
511094,Elephant,394563,980
511160,Mouse,3507,66
511162,Mouse,3624,66
511214,Mouse,5168,65
511274,Mouse,4768,65
511281,Mouse,3388,69
511298,Mouse,5059,65
511347,Mouse,5332,65
511353,Mouse,5763,66
511377,Mouse,5747,66
511420,Mouse,4970,65
511681,Mouse,5067,67
511700,Mouse,5011,65
511710,Elephant,136598,542
511759,Mouse,5001,65
511790,Mouse,3821,64
511812,Mouse,3015,64
511829,Mouse,3015,64
511864,Mouse,5668,66
511956,Mouse,5219,65
511992,Mouse,3829,67
512033,Mouse,5802,72
512040,Mouse,5119,73
512046,Mouse,5570,76
512049,Mouse,4315,73
512104,Mouse,4617,68
512212,Mouse,5386,66
512214,Mouse,3118,64
512298,Mouse,4777,67
512322,Mouse,5131,71
512341,Mouse,4450,69
512426,Mouse,3541,66
512463,Mouse,3211,66
512476,Mouse,3028,66
512480,Mouse,4228,68
512550,Mouse,5357,73
512690,Elephant,238376,812
512720,Mouse,4875,70
512728,Mouse,4692,65
512828,Mouse,3637,67
512853,Elephant,344967,909
512865,Mouse,4288,65
512889,Mouse,4982,70
512899,Mouse,3670,65
512943,Mouse,3227,64
512990,Mouse,5510,66
513028,Mouse,5741,66
513036,Mouse,5575,66
513073,Mouse,4409,66
513156,Mouse,5151,65
513161,Mouse,5435,66
513245,Mouse,3172,64
513345,Elephant,199595,669
513386,Mouse,3401,65
513523,Mouse,3257,65
513537,Mouse,5466,67
513693,Mouse,3887,64
513703,Mouse,5088,65
513715,Mouse,3283,64
513803,Mouse,3133,64
514028,Mouse,4520,65
514043,Mouse,3727,64
514050,Mouse,5419,65
514085,Mouse,3999,65
514095,Mouse,4485,68
514168,Mouse,5539,71
514172,Mouse,4497,73
514179,Mouse,4040,64
514192,Mouse,3134,67
514223,Mouse,3290,64
514229,Mouse,4002,64
514314,Mouse,4993,65
514425,Mouse,4528,70
514444,Mouse,5051,71
514468,Mouse,3083,70
514480,Mouse,3759,74
514515,Mouse,5296,76
514521,Mouse,3190,78
514525,Mouse,3907,79
514600,Mouse,5702,85
514611,Mouse,3233,84
514623,Mouse,4224,78
514709,Mouse,4575,90
514718,Mouse,4709,91
514726,Mouse,5363,95
514740,Elephant,183491,773
514798,Elephant,91063,463
514881,Mouse,5398,75
514885,Mouse,3649,75
514914,Elephant,31421,223
514931,Mouse,4481,70
514947,Elephant,450880,1165
515153,Mouse,5442,66
515202,Mouse,3497,64
515238,Mouse,3861,64
515473,Mouse,5194,65
515534,Mouse,5782,72
515541,Mouse,5624,76
515608,Mouse,4751,68
515620,Mouse,5301,72
515691,Elephant,171520,621
515721,Mouse,5686,66
515749,Mouse,4690,65
515816,Mouse,5153,65
515962,Mouse,5080,65
515977,Mouse,3196,66
516074,Mouse,5720,68
516106,Mouse,3562,65
516114,Mouse,3578,69
516219,Mouse,3287,64
516236,Mouse,5272,66
516248,Mouse,3331,67
516269,Mouse,5763,70
516419,Mouse,4651,67
516442,Mouse,3887,70
516477,Mouse,5006,73
516499,Elephant,101917,469
516516,Mouse,5639,74
516539,Mouse,4212,76
516582,Mouse,4506,69
516701,Mouse,5433,70
516721,Mouse,4596,72
516742,Elephant,442157,1046
516771,Mouse,4139,71
516781,Mouse,3112,70
516817,Mouse,5148,65
516972,Mouse,4583,69
517043,Mouse,4576,65
517057,Mouse,5179,69
517079,Mouse,4916,65
517139,Mouse,3754,66
517181,Mouse,3845,66
517235,Elephant,309626,866
517295,Mouse,3619,64
517441,Mouse,5531,69
517441,Mouse,5341,69
517548,Mouse,3303,70
517556,Mouse,4770,73
517606,Mouse,3861,64
517715,Mouse,3802,67
517765,Mouse,5164,72
517786,Mouse,4307,66
517813,Mouse,4561,72
517834,Mouse,3087,74
517887,Mouse,3342,69
517946,Mouse,5167,65
518054,Mouse,4994,73
518161,Mouse,5144,70
518184,Mouse,3109,81
518187,Mouse,3924,82
518231,Mouse,3872,88
518269,Mouse,3283,95
518306,Mouse,3662,88
518343,Elephant,429427,1085
518347,Mouse,3333,80
518609,Mouse,5083,66
518621,Elephant,442759,1233
518662,Mouse,4116,67
518668,Mouse,3645,68
518695,Mouse,4292,65
518795,Mouse,3272,64
518813,Mouse,3484,64
518839,Mouse,3138,67
518862,Mouse,3865,64
518874,Mouse,4088,67
519028,Mouse,4203,64
519081,Mouse,5304,65
519205,Mouse,5259,71
519210,Mouse,3444,66
519232,Elephant,255318,768
519380,Mouse,5475,67
519461,Mouse,3364,64
519472,Mouse,5091,68
519506,Mouse,3485,73
519603,Mouse,4072,71
519608,Mouse,4781,75
519643,Mouse,4643,71
519651,Mouse,4758,75
519818,Mouse,5257,71
519821,Elephant,129306,548
519928,Elephant,361109,939
520000,Mouse,4097,64
520003,Mouse,3029,64
520062,Mouse,3599,64
520068,Mouse,4733,66
520075,Mouse,4741,65
520115,Mouse,3809,64
520139,Mouse,4579,65
520313,Mouse,4003,64
520328,Mouse,4945,65
520520,Mouse,5709,66
520604,Mouse,4534,65
520733,Mouse,4713,65
520746,Mouse,4919,65
520795,Mouse,5061,65
520850,Mouse,4880,66
520852,Mouse,4351,66
520883,Mouse,4839,65
520918,Mouse,3541,67
520972,Mouse,4610,65
521081,Mouse,5622,66
521087,Mouse,4041,68
521091,Mouse,5122,72
521143,Mouse,5180,67
521159,Mouse,5625,66
521201,Mouse,3148,65
521248,Mouse,3381,64
521288,Mouse,4419,65
521565,Mouse,4318,68
521589,Mouse,5051,73
521671,Elephant,283371,820
521707,Elephant,91305,424
521912,Mouse,3932,64
522003,Mouse,4492,65
522059,Mouse,4782,65
522100,Mouse,4031,70
522121,Mouse,5048,65
522262,Elephant,46555,278
522403,Mouse,3554,64
522491,Mouse,4407,65
522500,Mouse,5155,67
522610,Elephant,212221,692
522665,Mouse,5049,65
522779,Mouse,4782,70
522858,Mouse,3067,67
522874,Mouse,4362,70
522977,Mouse,5784,66
523017,Mouse,3805,74
523029,Mouse,3077,66
523208,Mouse,3597,75
523414,Mouse,4961,99
523414,Mouse,3678,98
523484,Mouse,4788,100
523528,Mouse,5397,103
523552,Mouse,3765,92
523592,Mouse,4186,96
523605,Mouse,3365,93
523609,Elephant,485322,1209
523672,Mouse,3090,77
523739,Mouse,5654,66
523760,Mouse,3127,70
523778,Mouse,4223,69
523860,Elephant,474932,1280
523875,Mouse,4947,65
523927,Mouse,4693,66
523993,Mouse,3778,64
524097,Mouse,3363,66
524103,Mouse,3771,66
524112,Mouse,3753,68
524123,Mouse,4489,70
524297,Mouse,5071,78
524305,Mouse,3441,80
524419,Mouse,3761,78
524482,Mouse,3994,81
524602,Mouse,3262,95
524606,Elephant,188363,710
524658,Mouse,4522,106
524659,Mouse,4617,106
524668,Mouse,3397,90
524705,Mouse,3440,77
524726,Mouse,3069,77
524737,Mouse,4675,80
524760,Elephant,543446,1615
524775,Mouse,4249,68
524823,Mouse,5058,71
524884,Elephant,131037,788
524889,Mouse,3003,63
524925,Mouse,4269,66
524970,Mouse,4518,66
525005,Mouse,4248,67
525110,Mouse,3547,64
525251,Mouse,3352,66
525391,Elephant,444300,1256
525396,Mouse,3551,65
525459,Mouse,3616,64
525465,Mouse,5338,65
525607,Mouse,4218,64
525735,Mouse,5142,65
525770,Mouse,5396,69
525793,Mouse,4461,65
525802,Mouse,4874,65
525819,Mouse,4558,68
525855,Mouse,3184,66
525954,Mouse,4790,65
526104,Mouse,3658,64
526376,Mouse,5229,69
526430,Mouse,3810,72
526441,Mouse,5604,77
526457,Mouse,3306,65
526720,Mouse,4902,69
526752,Mouse,4895,66
526816,Elephant,508164,1115
526909,Mouse,3424,64
526953,Mouse,5380,66
527078,Mouse,5420,65
527123,Mouse,3686,64
527199,Mouse,4624,65
527207,Mouse,5461,68
527208,Mouse,4244,68
527213,Mouse,5263,67
527274,Mouse,3646,67
527284,Mouse,5770,75
527428,Mouse,3906,64
527542,Mouse,3275,76
527600,Mouse,3015,74
527610,Mouse,3615,69
527716,Mouse,4460,76
527725,Elephant,472469,1089
527803,Mouse,5600,66
527846,Mouse,3973,64
527924,Mouse,5226,69
527948,Mouse,3330,67
528046,Elephant,177253,661
528157,Elephant,163285,735
528185,Mouse,3967,64
528242,Mouse,3625,64
528286,Mouse,3212,65
528311,Mouse,3392,64
528365,Mouse,3440,64
528400,Mouse,3752,64
528424,Mouse,5469,66
528435,Mouse,3821,64
528540,Mouse,4729,68
528592,Mouse,5434,71
528661,Mouse,3881,65
528718,Mouse,5124,68
528810,Mouse,4973,65
528936,Elephant,147335,552
529094,Mouse,4353,65
529102,Mouse,4467,65
529124,Mouse,4150,64
529147,Mouse,4412,65
529305,Mouse,5661,66
529382,Mouse,3418,64
529404,Mouse,5276,65
529485,Mouse,5772,68
529488,Mouse,4398,68
529501,Mouse,4587,69
529521,Mouse,4841,73
529564,Mouse,3182,73
529602,Mouse,4236,67
529606,Mouse,3730,70
529634,Mouse,5181,76
529671,Mouse,4847,78
529783,Mouse,5262,88
529854,Mouse,3860,93
529862,Mouse,3585,96
529900,Mouse,3160,103
529923,Mouse,5442,101
529969,Mouse,4072,104
530012,Mouse,5746,87
530044,Mouse,5657,90
530077,Mouse,5562,93
530119,Mouse,3066,91
530141,Mouse,5219,83
530189,Mouse,4878,75
530263,Elephant,580332,1436
530335,Mouse,5364,70
530343,Mouse,3408,75
530367,Mouse,5622,82
530459,Mouse,5032,70
530469,Mouse,3792,73
530496,Mouse,5035,78
530503,Mouse,4013,81
530508,Elephant,328798,1227
530525,Mouse,5261,78
530589,Mouse,5330,74
530665,Mouse,4040,67
530734,Mouse,3745,67
530745,Mouse,4215,73
530749,Mouse,5237,77
530808,Mouse,4631,84
530855,Mouse,5631,72
530903,Mouse,4539,83
530964,Mouse,4236,89
530977,Elephant,333683,1287
531007,Mouse,4303,89
531039,Elephant,434069,1490
531054,Mouse,3790,66
531101,Mouse,5084,65
531109,Elephant,41613,309
531126,Mouse,3184,64
531140,Mouse,5762,67
531143,Mouse,4338,67
531167,Mouse,4299,65
531206,Mouse,3296,64
531235,Mouse,4392,67
531236,Mouse,4285,68
531499,Mouse,4605,65
531570,Mouse,5034,65
531574,Mouse,3026,64
531606,Mouse,3966,68
531613,Mouse,3225,64
531617,Mouse,4015,65
531627,Mouse,3942,64
531776,Mouse,3193,66
531833,Mouse,4062,67
531894,Mouse,3643,64
531983,Mouse,3582,64
532099,Mouse,5566,72
532149,Elephant,128744,512
532164,Mouse,5430,69
532184,Mouse,5284,70
532285,Mouse,3751,64
532415,Mouse,5440,77
532591,Elephant,58830,358
532605,Mouse,3831,84
532656,Mouse,4854,90
532722,Mouse,3882,88
532776,Elephant,552708,1239
532913,Elephant,157502,654
532981,Mouse,5704,66
533057,Mouse,5062,68
533078,Mouse,4227,67
533133,Mouse,4791,69
533181,Mouse,3147,64
533278,Mouse,4793,65
533351,Mouse,3884,67
533361,Mouse,5137,65
533417,Mouse,5555,69
533432,Mouse,4456,77
533495,Mouse,5059,72
533518,Mouse,3504,70
533536,Mouse,5492,71
533696,Elephant,527663,1370
533709,Mouse,3695,65
533751,Mouse,4742,65
533775,Mouse,3045,64
533862,Mouse,3880,67
534007,Mouse,3227,64
534149,Mouse,3185,66
534265,Mouse,3547,72
534269,Elephant,383036,964
534318,Mouse,4785,65
534339,Mouse,3177,66
534349,Mouse,5614,67
534355,Mouse,3042,67
534401,Mouse,5665,68
534420,Mouse,4256,65
534427,Mouse,5711,69
534436,Mouse,4328,72
534444,Mouse,4659,73
534588,Mouse,3626,64
534676,Mouse,3024,64
534712,Mouse,5767,72
534834,Elephant,85133,424
534871,Mouse,5506,76
534996,Mouse,4011,75
535012,Mouse,3830,80
535042,Mouse,3346,86
535071,Mouse,3407,88
535109,Mouse,4935,103
535113,Mouse,4153,104
535169,Mouse,4922,103
535178,Mouse,3791,106
535190,Mouse,3882,110
535244,Mouse,3422,100
535247,Elephant,551516,1281
535266,Mouse,4977,102
535275,Mouse,5582,102
535316,Mouse,5516,80
535334,Mouse,5687,70
535352,Mouse,3128,64
535362,Mouse,5342,67
535382,Mouse,5278,67
535436,Mouse,5387,72
535445,Mouse,5821,75
535505,Mouse,4967,70
535514,Mouse,5687,72
535533,Mouse,5054,69
535540,Mouse,5814,73
535544,Mouse,4650,73
535557,Mouse,3681,74
535570,Mouse,3748,71
535629,Mouse,4881,69
535663,Elephant,326784,1132
535714,Mouse,5508,66
535732,Mouse,3461,66
535742,Mouse,4954,65
535756,Mouse,4944,65
535788,Mouse,3333,64
535811,Mouse,3927,67
535838,Mouse,4439,65
535962,Mouse,4181,69
536084,Mouse,5247,80
536145,Mouse,4626,91
536176,Elephant,517624,1409
536194,Mouse,4652,83
536217,Mouse,4424,81
536301,Mouse,3574,64
536366,Mouse,5592,69
536371,Mouse,5129,69
536474,Elephant,214186,729
536498,Mouse,4753,65
536588,Mouse,5712,66
536597,Mouse,3398,64
536648,Elephant,116482,671
536686,Mouse,3462,64
536731,Mouse,3972,64
536777,Mouse,4045,64
536796,Elephant,194464,844
536800,Mouse,3215,64
536808,Mouse,4737,65
536852,Mouse,3736,65
536876,Mouse,5346,65
536880,Mouse,3699,64
536884,Mouse,3278,64
536951,Mouse,3414,64
536997,Mouse,3238,64
537081,Mouse,5184,65
537090,Mouse,3942,64
537126,Mouse,5341,66
537134,Mouse,4962,66
537208,Mouse,4500,65
537272,Mouse,4366,65
537358,Mouse,4583,65
537495,Mouse,3845,67
537503,Mouse,3528,68
537530,Elephant,65639,362
537542,Mouse,4708,69
537547,Mouse,3604,64
537567,Mouse,4557,65
537604,Mouse,5277,65
537634,Mouse,5754,66
537680,Mouse,5568,66
537702,Mouse,4970,65
537729,Mouse,3259,64
537741,Mouse,4053,64
537873,Mouse,4781,65
537896,Mouse,3786,64
537979,Mouse,3256,64
537989,Mouse,5593,68
537991,Mouse,4514,68
538070,Mouse,4707,65
538175,Mouse,5292,65
538196,Mouse,4483,65
538316,Mouse,4979,70
538325,Mouse,5053,74
538338,Mouse,4090,79
538450,Mouse,3910,66
538501,Mouse,5156,69
538521,Elephant,77988,400
538525,Mouse,5376,76
538570,Mouse,3586,73
538620,Mouse,4277,70
538659,Mouse,5027,68
538663,Mouse,4196,70
538672,Mouse,5758,75
538689,Mouse,4747,66
538726,Elephant,286537,823
538731,Mouse,5812,66
538823,Mouse,3208,64
538997,Mouse,5779,66
539089,Mouse,3667,67
539223,Mouse,4621,73
539271,Elephant,85886,420
539330,Mouse,5142,70
539340,Mouse,5797,76
539390,Mouse,3965,69
539393,Mouse,3289,70
539408,Mouse,5305,67
539410,Mouse,3509,67
539465,Mouse,3414,68
539554,Mouse,3503,66
539624,Mouse,3648,65
539706,Mouse,4729,73
539719,Mouse,3301,74
539750,Mouse,3435,73
539776,Elephant,254008,779
539782,Mouse,4061,74
539850,Mouse,3876,68
539853,Elephant,263179,790
539897,Mouse,3067,65
539983,Mouse,3133,64
540028,Mouse,4417,65
540058,Mouse,3063,72
540058,Mouse,3892,73
540131,Mouse,3521,66
540151,Mouse,3478,76
540154,Mouse,5178,76
540214,Mouse,5533,70
540339,Mouse,4354,78
540353,Elephant,185758,645
540388,Mouse,4398,68
540428,Mouse,4515,68
540484,Mouse,3467,64
540537,Mouse,4312,68
540623,Mouse,4600,77
540645,Mouse,3156,74
540666,Mouse,4076,78
540718,Mouse,5840,84
540795,Mouse,3697,86
540950,Elephant,343520,1010
541020,Mouse,4030,74
541072,Mouse,3321,70
541191,Mouse,4298,71
541201,Elephant,469680,1313
541202,Mouse,5696,78
541340,Mouse,3475,66
541442,Mouse,3158,70
541479,Mouse,3787,65
541485,Elephant,371339,1042
541491,Mouse,3036,71
541505,Mouse,4838,69
541517,Mouse,3284,64
541642,Mouse,4666,68
541643,Mouse,5630,70
541829,Elephant,55669,326
541856,Mouse,5244,71
541949,Mouse,3054,73
541995,Mouse,4746,75
542144,Elephant,439699,201739
542212,Mouse,3697,67
542224,Mouse,3062,69
542248,Mouse,5827,72
542484,Mouse,4516,72
542514,Mouse,5338,86
542522,Mouse,3024,85
542559,Mouse,5447,92
542568,Mouse,3693,96
542594,Mouse,4919,103
542654,Mouse,5296,88
542671,Mouse,3808,85
542738,Mouse,3599,82
542758,Mouse,3633,86
542776,Mouse,3156,86
542799,Mouse,4455,94
542894,Mouse,5304,90
542922,Mouse,4330,86
542923,Mouse,5368,88
542953,Mouse,3730,87
542979,Elephant,478032,1284
542987,Mouse,5406,92
543005,Mouse,3581,79
543090,Mouse,3818,67
543130,Mouse,4169,66
543147,Mouse,3125,67
543154,Mouse,4744,65
543194,Mouse,3357,68
543331,Elephant,198571,957
543352,Elephant,579228,1530
543394,Mouse,3993,65
543399,Mouse,5439,67
543498,Mouse,5200,65
543562,Mouse,3015,64
543648,Mouse,4946,65
543709,Mouse,4396,69
543717,Mouse,4339,65
543738,Mouse,3306,64
543747,Mouse,4885,68
543752,Mouse,3386,70
543781,Mouse,5784,66
543870,Mouse,4504,65
543885,Mouse,5353,70
543890,Mouse,5139,73
543944,Mouse,3152,73
543946,Mouse,4886,72
543994,Mouse,5046,65
544095,Mouse,5674,67
544101,Mouse,4657,68
544151,Mouse,5336,69
544179,Mouse,3347,64
544203,Mouse,5650,72
544378,Mouse,4518,65
544420,Mouse,3353,67
544508,Mouse,4543,68
544550,Elephant,475695,1082
544805,Mouse,3667,64
544809,Mouse,4695,66
544909,Mouse,4603,69
544915,Mouse,3660,70
544983,Mouse,4806,69
545092,Mouse,4077,68
545098,Mouse,5053,69
545184,Mouse,5111,72
545306,Mouse,4756,79
545338,Mouse,4259,87
545390,Mouse,3781,92
545509,Elephant,316106,929
545512,Mouse,4714,104
545525,Elephant,554256,1380
545549,Mouse,3897,84
545618,Mouse,5512,66
545648,Mouse,4877,69
545658,Mouse,3084,65
545749,Mouse,4058,64
545803,Mouse,3564,66
545912,Mouse,4296,68
546035,Mouse,3874,67
546056,Mouse,3433,71
546189,Mouse,3477,68
546229,Mouse,3979,68
546254,Mouse,5070,70
546283,Mouse,4514,75
546284,Elephant,490149,1174
546316,Mouse,5399,75
546329,Mouse,3963,73
546332,Mouse,5294,67
546346,Mouse,3981,66
546375,Mouse,4316,69
546378,Mouse,3692,65
546433,Mouse,3734,64
546440,Elephant,118091,512
546644,Mouse,4842,65
546695,Mouse,4193,64
546774,Mouse,5738,74
546780,Mouse,3751,67
546838,Mouse,3223,65
547056,Mouse,4571,91
547065,Mouse,3929,97
547117,Mouse,5383,111
547234,Elephant,275599,989
547340,Mouse,4963,68
547388,Elephant,320710,1100
547416,Mouse,5591,66
547435,Mouse,5349,69
547460,Mouse,3850,65
547486,Mouse,4197,70
547511,Mouse,4846,72
547538,Mouse,3229,73
547609,Mouse,5528,68
547667,Elephant,143392,765
547672,Mouse,3715,76
547673,Mouse,5406,80
547684,Mouse,3453,65
547733,Mouse,3642,64
547754,Mouse,4703,67
547755,Mouse,3412,66
547769,Mouse,5248,68
547856,Mouse,3409,67
547868,Mouse,3024,65
547946,Elephant,265698,1044
548027,Mouse,4775,66
548029,Mouse,3694,66
548067,Mouse,4169,67
548150,Mouse,3530,68
548185,Mouse,3916,70
548192,Mouse,4467,76
548264,Mouse,3285,67
548358,Mouse,4221,66
548510,Elephant,183201,731
548542,Mouse,3865,72
548558,Mouse,4661,77
548601,Mouse,4090,75
548641,Mouse,5279,70
548740,Mouse,5288,86
548792,Mouse,5676,102
548841,Mouse,5378,104
548860,Mouse,4886,105
548937,Mouse,4620,89
548967,Elephant,571177,1291
549001,Mouse,5102,79
549006,Mouse,3281,79
549025,Mouse,4981,83
549056,Mouse,5201,77
549147,Mouse,3030,70
549300,Mouse,3190,97
549323,Mouse,5297,108
549441,Mouse,5731,95
549472,Mouse,4864,90
549485,Mouse,5626,86
549492,Elephant,272858,201542
549511,Mouse,3845,89
549521,Mouse,3385,92
549544,Elephant,305947,1293
549596,Mouse,4757,72
549661,Elephant,284737,1081
549685,Mouse,4449,65
549775,Mouse,4506,65
549903,Mouse,5193,73
550004,Mouse,4406,69
550050,Mouse,5081,76
550066,Mouse,3051,80
550090,Mouse,3376,83
550156,Mouse,4820,86
550161,Mouse,3153,86
550169,Mouse,3478,90
550285,Mouse,3022,69
550307,Mouse,5482,77
550393,Mouse,3939,83
550419,Mouse,3586,84
550478,Mouse,5007,107
550655,Mouse,4769,91
550665,Elephant,506380,1755
550684,Mouse,3868,87
550745,Mouse,5284,75
550795,Mouse,5611,76
550841,Mouse,5405,85
550886,Mouse,5300,94
550917,Mouse,5233,105
550948,Elephant,74247,708
550965,Mouse,4076,95
550979,Mouse,5740,104
550992,Mouse,3724,102
550994,Mouse,4225,103
551052,Mouse,5702,90
551092,Mouse,4087,76
551157,Elephant,507400,2058
551191,Elephant,168517,1212
551214,Mouse,3696,71
551281,Mouse,4594,82
551337,Mouse,3768,85
551345,Elephant,97902,654
551359,Mouse,3598,82
551365,Elephant,492987,1920
551451,Mouse,5025,66
551457,Mouse,3650,69
551466,Elephant,54844,367
551640,Mouse,5610,72
551641,Mouse,5753,73
551794,Mouse,3376,64
551824,Mouse,3413,69
551898,Mouse,3308,67
552000,Mouse,3984,71
552047,Mouse,5445,71
552177,Mouse,4086,66
552237,Elephant,368478,1042
552353,Mouse,5212,65
552372,Mouse,4471,65
552393,Mouse,5178,65
552583,Mouse,5061,65
552663,Mouse,4836,65
552726,Mouse,5006,65
552880,Mouse,4678,69
552947,Mouse,4665,65
552967,Mouse,5283,68
552985,Mouse,4747,69
553017,Mouse,4845,70
553035,Mouse,5319,72
553053,Mouse,5586,69
553080,Mouse,4901,69
553122,Mouse,5087,71
553125,Mouse,3151,71
553136,Mouse,4436,67
553161,Mouse,4959,74
553178,Mouse,3682,66
553353,Mouse,4740,96
553429,Mouse,4643,104
553522,Mouse,3701,104
553615,Mouse,5808,67
553689,Mouse,3135,68
553721,Mouse,4456,69
553768,Mouse,5710,70
553816,Mouse,3683,69
553924,Mouse,4617,79
553988,Mouse,5767,91
553990,Elephant,465291,1379
554021,Mouse,4187,83
554052,Elephant,422259,1325
554134,Mouse,4725,72
554164,Mouse,4939,72
554164,Mouse,3456,71
554257,Mouse,5164,68
554268,Mouse,3757,70
554326,Mouse,4907,68
554341,Mouse,4674,72
554430,Mouse,3896,67
554468,Elephant,403000,1320
554603,Mouse,5790,66
554633,Mouse,4866,67
554652,Mouse,4027,64
554660,Mouse,3908,67
554709,Mouse,3845,70
554728,Mouse,4197,64
554792,Mouse,5136,67
554797,Mouse,3529,66
554873,Mouse,3335,67
554921,Mouse,5358,71
554929,Mouse,4782,71
554939,Mouse,3087,71
554942,Mouse,3841,74
554957,Mouse,5496,82
555015,Mouse,3751,78
555040,Elephant,412371,1028
555075,Mouse,5106,69
555110,Mouse,3333,64
555184,Mouse,3713,64
555200,Mouse,5768,66
555213,Mouse,5753,69
555242,Mouse,5717,67
555272,Mouse,5682,69
555279,Mouse,5456,66
555311,Mouse,3767,68
555352,Mouse,4931,69
555422,Mouse,4892,65
555460,Mouse,5579,66
555535,Mouse,3140,70
555551,Mouse,5231,72
555571,Mouse,4237,68
555592,Elephant,268143,809
555716,Mouse,3834,64
555778,Mouse,3357,64
555788,Mouse,3304,64
555844,Mouse,3913,64
555851,Mouse,5060,65
555862,Mouse,5723,66
556064,Mouse,5018,65
556091,Mouse,4080,64
556174,Mouse,3988,64
556228,Mouse,3818,64
556297,Mouse,3777,64
556310,Mouse,4363,65
556325,Mouse,5672,66
556378,Mouse,3586,64
556395,Mouse,5244,67
556561,Mouse,3589,64
556575,Mouse,3528,64
556607,Mouse,4291,67
556650,Mouse,3267,66
556674,Mouse,3335,64
556765,Mouse,4321,65
556770,Mouse,3753,64
556804,Mouse,4182,64
556830,Mouse,3172,64
556841,Mouse,4118,64
556862,Mouse,5738,67
556992,Mouse,3210,64
557021,Mouse,5529,66
557025,Mouse,5475,66
557046,Mouse,3105,64
557125,Mouse,3199,64
557187,Mouse,3842,64
557233,Mouse,3464,64
557269,Mouse,4385,67
557357,Mouse,3165,65
557443,Mouse,4086,67
557458,Mouse,5666,67
557509,Mouse,3792,64
557706,Mouse,3639,67
557720,Mouse,5832,74
557780,Mouse,5715,68
557851,Mouse,3671,64
557857,Mouse,4850,65
557941,Mouse,5684,66
557974,Mouse,4064,67
558007,Mouse,4529,69
558018,Elephant,407797,991
558095,Mouse,5211,65
558234,Mouse,5432,67
558247,Mouse,3222,64
558271,Mouse,5544,67
558309,Mouse,5099,65
558395,Mouse,3089,64
558497,Mouse,4371,69
558501,Mouse,5188,67
558567,Mouse,4265,65
558634,Mouse,5805,66
558667,Mouse,3915,68
558758,Mouse,3397,67
558792,Mouse,3278,67
558882,Mouse,4045,65
558943,Mouse,5355,69
558971,Mouse,4797,67
558986,Mouse,4123,69
559026,Elephant,315768,862
559055,Mouse,4711,65
559071,Mouse,4138,66
559120,Mouse,3356,64
559171,Mouse,4247,69
559264,Mouse,3021,66
559312,Mouse,3778,69
559320,Mouse,5582,75
559328,Mouse,3346,79
559395,Elephant,201496,682
559435,Mouse,4213,65
559438,Mouse,3585,65
559475,Mouse,3846,64
559687,Mouse,4483,65
559693,Mouse,5428,65
559698,Mouse,4999,65
559709,Mouse,4939,65
559740,Mouse,4521,65
559817,Mouse,4683,65
559976,Mouse,5724,68
559984,Mouse,4285,65
560022,Mouse,5448,66
560091,Mouse,5208,65
560100,Mouse,5458,68
560144,Mouse,4886,69
560187,Mouse,3923,65
560257,Mouse,3586,64
560263,Mouse,5648,66
560277,Mouse,3553,66
560292,Mouse,5404,66
560303,Mouse,4803,65
560458,Mouse,5238,70
560500,Mouse,3410,68
560536,Mouse,3371,64
560581,Mouse,5150,69
560582,Mouse,5088,69
560648,Mouse,3299,69
560654,Mouse,3582,64
560667,Mouse,3759,64
560684,Mouse,5758,74
560754,Mouse,3070,64
560792,Mouse,4940,72
560838,Mouse,5180,74
560978,Mouse,5584,73
561065,Elephant,351249,931
561090,Mouse,4395,77
561150,Mouse,3017,64
561163,Mouse,4987,69
561187,Mouse,3914,67
561244,Mouse,5473,70
561345,Mouse,5741,73
561378,Mouse,3213,76
561689,Mouse,4787,103
561765,Mouse,5522,91
561828,Mouse,3433,77
561881,Mouse,4404,79
561925,Elephant,245950,1025
561928,Elephant,554502,1365
561931,Mouse,3767,78
561948,Mouse,3573,78
561968,Mouse,5538,79
562058,Mouse,4293,66
562106,Mouse,3515,65
562137,Mouse,4335,69
562160,Mouse,3481,65
562174,Mouse,4821,69
562214,Mouse,5279,68
562264,Mouse,3401,69
562285,Mouse,3424,71
562338,Mouse,4016,76
562349,Elephant,327911,1133
562363,Mouse,3917,68
562458,Mouse,5814,68
562476,Mouse,4621,69
562605,Mouse,5463,67
562644,Mouse,5717,78
562696,Mouse,3289,82
562816,Mouse,3713,85
563005,Mouse,3723,96
563048,Mouse,4228,95
563094,Mouse,4557,95
563124,Mouse,4610,92
563151,Mouse,3664,90
563164,Elephant,47408,374
563172,Mouse,3905,94
563227,Mouse,5120,82
563240,Mouse,4459,85
563386,Mouse,4380,88
563401,Mouse,4428,95
563457,Elephant,265268,1168
563467,Mouse,5669,100
563500,Mouse,4054,97
563539,Elephant,343038,1434
563555,Mouse,4839,73
563561,Elephant,563728,1562
563621,Mouse,4132,64
563625,Mouse,4010,64
563647,Mouse,3722,65
563673,Mouse,3854,64
563743,Mouse,4879,69
563754,Mouse,4369,65
563793,Mouse,4871,69
563798,Mouse,4093,65
563925,Mouse,5202,65
564130,Mouse,5680,70
564576,Mouse,4523,108
564622,Mouse,4012,113
564635,Mouse,3624,116
564639,Mouse,4455,119
564652,Mouse,3652,122
564691,Mouse,4904,106
564752,Mouse,5608,78
564832,Mouse,3007,81
564920,Mouse,4463,91
564956,Elephant,522555,1785
564964,Mouse,4453,91
564999,Mouse,3048,92
565042,Mouse,5559,83
565130,Mouse,4288,76
565177,Mouse,3992,86
565309,Mouse,3898,93
565317,Mouse,4589,94
565366,Mouse,5286,105
565456,Mouse,3531,96
565594,Mouse,3482,88
565631,Mouse,5786,100
565704,Mouse,5426,102
565771,Elephant,313074,1656
565787,Mouse,5639,99
565807,Mouse,3523,97
565817,Elephant,127679,926
565948,Mouse,4385,76
566001,Mouse,4943,71
566039,Elephant,441237,1969
566043,Mouse,3420,75
566095,Mouse,4880,73
566103,Mouse,5109,76
566136,Mouse,3016,77
566149,Mouse,4442,78
566178,Elephant,511870,2239
566300,Mouse,5765,71
566384,Mouse,5064,71
566403,Elephant,462305,1762
566471,Mouse,3337,67
566478,Mouse,4622,65
566532,Mouse,4768,65
566630,Mouse,4348,66
566698,Mouse,5371,70
566745,Mouse,3006,63
566766,Mouse,4469,69
566776,Elephant,91629,423
566792,Mouse,3380,66
566942,Mouse,5489,66
566964,Mouse,3472,67
567031,Mouse,5598,67
567089,Mouse,3452,67
567102,Mouse,3664,68
567173,Mouse,4175,67
567191,Elephant,236003,739
567300,Mouse,5510,70
567432,Mouse,4707,68
567540,Mouse,5285,69
567563,Mouse,5706,82
567598,Mouse,4036,79
567617,Mouse,4760,83
567632,Mouse,5575,87
567727,Mouse,4077,67
567759,Mouse,3511,75
567820,Mouse,4951,86
567846,Mouse,4797,86
567958,Mouse,5194,96
568048,Mouse,4299,85
568054,Mouse,4076,88
568080,Mouse,3999,89
568087,Elephant,121727,652
568132,Mouse,3948,94
568355,Elephant,384300,1186
568374,Mouse,5295,82
568409,Mouse,3272,75
568464,Mouse,5519,74
568470,Mouse,4203,73
568478,Mouse,5137,78
568494,Mouse,4139,84
568494,Mouse,4666,87
568528,Mouse,3995,82
568543,Mouse,3483,85
568550,Mouse,4810,85
568593,Mouse,5691,69
568651,Mouse,3446,68
568716,Mouse,4746,74
568755,Mouse,4359,74
568759,Mouse,3331,75
568837,Elephant,512274,1578
568875,Mouse,5840,69
568986,Mouse,5271,70
569047,Elephant,594228,1818
569088,Mouse,4524,65
569092,Mouse,4105,64
569110,Mouse,3323,64
569182,Mouse,3703,64
569240,Mouse,5420,65
569269,Mouse,4178,64
569325,Mouse,5768,66
569345,Mouse,4732,65
569358,Mouse,3019,64
569373,Mouse,4517,72
569403,Mouse,3992,64
569473,Mouse,3106,64
569504,Elephant,46687,282
569598,Mouse,3403,64
569660,Mouse,4463,65
569700,Mouse,4614,65
569718,Mouse,3187,65
569796,Mouse,4784,67
569933,Mouse,5519,66
569995,Mouse,4448,65
570005,Mouse,3982,68
570059,Mouse,5012,71
570104,Mouse,5710,71
570152,Mouse,4765,65
570175,Mouse,5687,68
570231,Mouse,5769,72
570294,Mouse,5280,74
570341,Mouse,4095,66
570394,Mouse,4537,68
570407,Elephant,232198,727
570427,Mouse,5536,68
570461,Mouse,3578,68
570475,Mouse,4757,71
570512,Mouse,3202,70
570525,Mouse,4173,64
570571,Mouse,3420,64
570599,Mouse,5702,69
570611,Mouse,4714,72
570684,Mouse,4848,66
570717,Mouse,4586,66
570721,Mouse,3969,67
570755,Mouse,5239,66
570809,Mouse,5614,67
570902,Mouse,5285,69
571070,Mouse,3997,70
571109,Mouse,3375,73
571132,Elephant,403159,1000
571180,Mouse,3114,68
571235,Mouse,5092,68
571317,Mouse,3629,69
571336,Mouse,3711,69
571745,Mouse,4753,105
571786,Mouse,5233,111
571850,Mouse,5562,112
571867,Mouse,4247,113
571885,Mouse,4933,102
571906,Mouse,3362,99
571980,Mouse,4889,95
572105,Mouse,3179,72
572374,Mouse,5416,126
572487,Mouse,4016,107
572495,Mouse,5731,93
572536,Elephant,447794,1726
572597,Mouse,4421,91
572703,Mouse,3120,85
572704,Mouse,4637,89
572803,Elephant,562114,1866
572844,Elephant,149529,1047
572849,Mouse,5577,81
572872,Mouse,5695,85
573092,Mouse,5318,95
573212,Mouse,4335,122
573223,Mouse,3609,123
573261,Mouse,4314,113
573293,Elephant,390908,2097
573333,Mouse,5044,123
573358,Mouse,3654,131
573421,Mouse,5285,117
573422,Mouse,3165,116
573429,Mouse,4921,106
573439,Elephant,117429,959
573446,Mouse,3307,97
573463,Mouse,3052,99
573539,Mouse,3653,102
573623,Mouse,4842,79
573645,Mouse,5120,71
573746,Mouse,4076,78
573895,Mouse,4593,89
573937,Mouse,4970,96
573945,Elephant,153254,1232
573987,Mouse,3666,94
574024,Elephant,128573,942
574038,Elephant,544139,2709
574164,Mouse,4667,70
574301,Mouse,3902,67
574447,Mouse,5457,70
574476,Mouse,5546,80
574627,Mouse,3142,83
574687,Mouse,4275,91
574719,Elephant,219274,1054
574759,Mouse,4610,95
574855,Mouse,4525,70
574905,Mouse,5777,80
575012,Elephant,237187,932
575063,Mouse,3777,67
575170,Mouse,3981,70
575174,Mouse,5387,73
575269,Mouse,4066,68
575378,Mouse,5705,70
575454,Mouse,3270,66
575590,Mouse,4038,66
575656,Elephant,42110,278
575687,Mouse,3039,69
575745,Mouse,4562,66
575871,Mouse,4702,68
575886,Mouse,5762,71
575934,Mouse,3855,70
575982,Mouse,4053,70
576030,Mouse,3144,68
576211,Mouse,3848,67
576289,Mouse,5102,71
576300,Mouse,3301,66
576341,Mouse,5394,71
576389,Mouse,3990,69
576423,Mouse,3532,73
576453,Elephant,318864,880
576602,Mouse,5526,66
576681,Mouse,4934,68
576811,Mouse,4742,65
576854,Mouse,4044,65
576878,Mouse,5352,65
576984,Mouse,5210,65
577027,Mouse,5468,67
577110,Mouse,3628,64
577321,Mouse,3518,64
577354,Mouse,4486,65
577365,Mouse,5474,67
577428,Mouse,5393,68
577446,Mouse,3995,64
577467,Mouse,4660,69
577538,Mouse,4485,65
577551,Mouse,4791,69
577640,Mouse,4559,67
577676,Mouse,5735,70
577699,Mouse,5716,66
577745,Mouse,5570,68
577761,Mouse,4052,69
577763,Mouse,4332,70
577813,Elephant,223512,721
577815,Mouse,5089,71
577892,Mouse,3156,64
577950,Mouse,3237,64
577995,Mouse,4765,65
578015,Mouse,5106,65
578115,Mouse,5329,65
578129,Mouse,4212,67
578323,Mouse,4413,65
578379,Mouse,4069,64
578404,Mouse,4042,64
578429,Elephant,100315,458
578440,Mouse,5632,66
578509,Mouse,5011,65
578592,Mouse,3307,64
578681,Mouse,3918,64
578686,Mouse,5332,67
578707,Mouse,4587,65
578765,Mouse,5400,68
578779,Mouse,3159,64
578795,Mouse,4688,65
578813,Mouse,5512,68
578921,Mouse,5133,65
579057,Mouse,5712,68
579111,Mouse,5614,66
579159,Mouse,4316,68
579221,Mouse,5277,65
579362,Mouse,3684,64
579474,Mouse,3286,67
579501,Mouse,3411,64
579607,Mouse,3698,67
579696,Mouse,5492,69
579748,Mouse,5033,76
579751,Mouse,5452,72
579756,Mouse,5795,70
579821,Mouse,4331,66
579931,Mouse,5243,74
579950,Mouse,3522,64
580039,Mouse,5502,68
580058,Mouse,5399,71
580132,Mouse,4704,70
580142,Mouse,4901,76
580176,Mouse,3949,78
580196,Mouse,5584,86
580226,Mouse,4157,94
580241,Elephant,434492,1051
580254,Mouse,4212,84
580285,Mouse,3122,74
580286,Elephant,94353,483
580359,Mouse,4499,72
580416,Mouse,4333,65
580420,Mouse,4720,65
580443,Mouse,4239,72
580469,Mouse,3723,64
580540,Mouse,3526,66
580587,Mouse,3201,70
580590,Mouse,4938,72
580626,Elephant,63967,344
580679,Mouse,5755,70
580778,Mouse,5592,67
580834,Mouse,5673,70
580913,Mouse,5089,69
580962,Mouse,4409,73
580990,Elephant,85915,411
581046,Mouse,3219,66
581064,Mouse,5395,70
581078,Mouse,4891,74
581116,Mouse,4286,73
581150,Mouse,4759,69
581212,Mouse,4770,67
581235,Mouse,3487,70
581239,Mouse,5479,73
581268,Elephant,571923,1241
581269,Mouse,3321,73
581374,Mouse,3219,64
581421,Mouse,5642,70
581481,Mouse,3377,64
581836,Mouse,3891,67
581844,Mouse,3453,64
581980,Mouse,5538,77
582062,Mouse,3530,75
582076,Mouse,3140,71
582134,Mouse,5586,78
582301,Mouse,4065,85
582362,Elephant,343867,951
582399,Mouse,3257,80
582413,Mouse,4065,84
582414,Mouse,5089,87
582450,Mouse,3682,73
582529,Mouse,5693,73
582570,Mouse,4068,73
582614,Mouse,3528,75
582621,Mouse,3545,83
582637,Mouse,4540,86
582660,Mouse,4091,88
582705,Mouse,5364,90
582860,Mouse,5472,73
582906,Mouse,5672,80
582929,Mouse,4491,81
582938,Mouse,4097,83
583029,Elephant,442940,1262
583043,Mouse,5312,83
583082,Mouse,3270,73
583159,Mouse,4961,80
583260,Elephant,406251,1275
583323,Mouse,5696,69
583329,Mouse,4590,67
583349,Mouse,3408,69
583437,Mouse,3212,67
583458,Mouse,5243,70
583472,Mouse,3928,67
583491,Elephant,101358,474
583533,Mouse,4641,72
583614,Mouse,3606,70
583682,Elephant,518051,1828
583796,Mouse,3616,64
583855,Mouse,5517,66
583932,Mouse,4913,65
583937,Mouse,5503,67
583999,Mouse,3189,67
584108,Mouse,4904,71
584112,Mouse,5012,66
584156,Mouse,4354,66
584165,Mouse,5330,70
584196,Mouse,3853,72
584216,Mouse,4870,74
584239,Mouse,3091,78
584254,Mouse,5643,82
584285,Mouse,5794,82
584327,Mouse,3450,76
584354,Mouse,3261,79
584440,Elephant,362207,988
584737,Mouse,4978,74
584768,Mouse,4941,80
584782,Mouse,3972,85
584853,Mouse,4387,97
584902,Mouse,4397,99
584903,Mouse,5465,100
584945,Mouse,4327,94
585067,Mouse,4150,66
585084,Mouse,4697,70
585102,Elephant,525085,1394
585126,Mouse,5175,69
585162,Mouse,5580,67
585182,Mouse,4272,70
585218,Elephant,236094,960
585289,Mouse,4918,69
585359,Mouse,3242,64
585390,Mouse,3841,64
585579,Elephant,389280,1274
585583,Mouse,3709,65
585616,Mouse,4998,65
585736,Mouse,4411,65
585781,Mouse,4627,69
585818,Mouse,4829,65
585932,Mouse,4007,64
585946,Mouse,5754,68
586067,Mouse,4738,65
586176,Mouse,5421,66
586218,Mouse,3470,64
586509,Mouse,4781,65
586545,Mouse,3567,64
586560,Mouse,5743,66
586687,Mouse,3128,64
586697,Mouse,3072,64
586715,Mouse,3985,64
586755,Mouse,3999,64
586790,Mouse,3269,66
586791,Mouse,5270,68
586843,Mouse,3399,64
586868,Mouse,5429,65
586900,Mouse,5542,67
586971,Mouse,4972,65
587067,Mouse,3578,64
587078,Mouse,3904,67
587322,Mouse,5053,65
587337,Mouse,4896,67
587352,Mouse,4906,70
587479,Mouse,5591,69
587613,Elephant,373896,947
587655,Mouse,3018,72
587682,Mouse,3958,68
587702,Mouse,4863,69
587737,Mouse,4348,69
587827,Elephant,38076,245
587845,Mouse,4141,68
587860,Mouse,4124,69
587871,Elephant,59966,344
587916,Mouse,4102,73
587957,Mouse,5809,69
587976,Mouse,3519,66
587982,Mouse,3642,68
588204,Elephant,480155,1083
588293,Mouse,3499,64
588349,Mouse,3246,66
588354,Mouse,4820,68
588395,Mouse,4085,68
588437,Mouse,4823,70
588541,Mouse,4898,65
588562,Mouse,3152,66
588692,Mouse,4685,68
588696,Mouse,3015,68
588740,Mouse,5462,71
588769,Mouse,4585,65
588777,Mouse,3992,64
589012,Elephant,389284,995
589048,Mouse,3456,77
589077,Mouse,4269,69
589145,Mouse,3885,68
589175,Mouse,4181,67
589241,Mouse,4320,71
589268,Mouse,5780,80
589276,Mouse,4811,81
589279,Elephant,65395,401
589416,Mouse,3370,68
589419,Mouse,3556,70
589545,Mouse,4338,77
589612,Mouse,3921,83
589660,Mouse,5261,90
589693,Elephant,496500,1188
589702,Mouse,3865,88
589765,Mouse,4283,69
589831,Mouse,5623,72
589832,Mouse,5649,73
589839,Mouse,4286,70
589879,Mouse,4291,73
589885,Mouse,4367,72
589917,Mouse,3738,65
589951,Mouse,5572,68
589963,Elephant,428184,1152
589980,Mouse,4174,65
590269,Mouse,5378,65
590363,Mouse,4634,65
590452,Mouse,5284,65
590465,Mouse,5511,66
590477,Mouse,5387,65
590503,Mouse,5303,65
590522,Mouse,4876,65
590562,Mouse,3580,64
590614,Mouse,4273,65
590649,Mouse,3562,64
590677,Mouse,3840,64
590718,Mouse,4267,65
590737,Mouse,3597,66
590836,Mouse,3417,67
590858,Mouse,3862,64
590912,Mouse,4400,65
591052,Mouse,4758,67
591235,Mouse,4534,65
591242,Mouse,4543,68
591244,Mouse,5344,70
591435,Mouse,5381,79
591546,Mouse,3287,88
591557,Mouse,5045,93
591582,Elephant,58272,378
591608,Mouse,5776,88
591674,Mouse,4834,72
591703,Mouse,5705,74
591766,Mouse,4793,68
591891,Mouse,3019,69
591899,Elephant,521073,1231
591934,Mouse,4566,70
592039,Elephant,472227,1271
592041,Mouse,4673,67
592069,Mouse,4385,65
592192,Mouse,3131,64
592204,Mouse,3867,64
592237,Mouse,5219,66
592270,Mouse,3919,64
592361,Mouse,3952,64
592387,Mouse,4646,65
592447,Mouse,5113,66
592555,Mouse,3057,64
592692,Mouse,5487,68
592694,Mouse,4862,69
592941,Mouse,3199,64
593004,Mouse,3562,65
593028,Mouse,5154,65
593061,Mouse,3507,69
593157,Mouse,3318,64
593216,Mouse,4090,66
593245,Mouse,5620,66
593316,Mouse,5348,69
593371,Mouse,5313,74
593382,Elephant,435716,1093
593387,Mouse,5230,69
593424,Mouse,3510,72
593449,Mouse,4042,64
593452,Mouse,3742,65
593474,Mouse,3392,64
593521,Mouse,5049,65
593673,Mouse,4768,65
593777,Mouse,5539,70
593813,Mouse,3095,67
593819,Elephant,106946,467
593838,Mouse,5254,69
593870,Mouse,3673,66
593872,Mouse,5110,68
593883,Mouse,4334,70
593942,Mouse,4459,65
594015,Mouse,3142,64
594018,Mouse,3291,64
594096,Elephant,74889,372
594099,Mouse,5116,67
594274,Mouse,5064,65
594306,Mouse,3444,64
594332,Mouse,4647,65
594389,Mouse,5165,65
594405,Mouse,3404,64
594450,Mouse,4052,64
594458,Mouse,4745,65
594517,Mouse,5017,69
594518,Mouse,5394,69
594523,Mouse,5655,66
594598,Mouse,4452,65
594633,Mouse,4947,65
594712,Mouse,3897,64
594790,Mouse,3287,64
594913,Mouse,4444,65
594958,Mouse,3428,65
594966,Mouse,3737,64
594984,Mouse,5473,66
595022,Mouse,5209,65
595038,Mouse,3949,64
595104,Mouse,4543,65
595182,Mouse,5079,65
595208,Mouse,5829,66
595343,Mouse,5317,65
595374,Mouse,3293,64
595401,Mouse,5486,66
595470,Mouse,3480,64
595516,Mouse,5332,66
595526,Mouse,3922,64
595604,Mouse,5129,65
595635,Mouse,3158,65
595665,Elephant,38386,236
595769,Mouse,5011,65
595827,Mouse,5267,65
595928,Mouse,5415,68
595932,Elephant,84749,413
596041,Mouse,3293,64
596130,Mouse,4349,65
596142,Mouse,4882,65
596157,Mouse,4257,65
596197,Mouse,5209,65
596242,Mouse,3775,64
596297,Mouse,4666,65
596333,Mouse,3038,64
596356,Mouse,4755,67
596357,Mouse,4571,68
596383,Mouse,3114,64
596495,Mouse,5786,66
596562,Mouse,5758,69
596666,Mouse,5144,65
596671,Mouse,3027,64
596708,Mouse,5277,65
596730,Mouse,4009,67
596803,Mouse,4608,65
596944,Mouse,4797,70
597043,Mouse,4388,69
597062,Mouse,3931,66
597064,Mouse,5200,69
597069,Mouse,5699,70
597075,Mouse,4679,72
597085,Mouse,4368,72
597145,Mouse,4892,70
597170,Mouse,4692,70
597183,Mouse,3305,70
597296,Mouse,4650,68
597310,Mouse,3645,66
597326,Mouse,3738,69
597378,Elephant,371483,974
597451,Mouse,4807,65
597472,Mouse,3051,64
597489,Mouse,4716,65
597508,Mouse,4453,65
597511,Mouse,3074,64
597565,Mouse,4717,65
597573,Mouse,3256,64
597604,Mouse,5395,65
597609,Mouse,3440,65
597615,Mouse,3309,64
597637,Mouse,3341,64
597720,Mouse,5815,66
597796,Mouse,3057,64
597900,Mouse,3414,67
597927,Mouse,4627,65
597947,Mouse,5222,69
597983,Mouse,3976,67
598096,Mouse,3718,67
598098,Mouse,5150,68
598142,Mouse,3591,64
598248,Mouse,3600,67
598260,Mouse,5742,71
598431,Mouse,3314,70
598481,Mouse,5668,66
598635,Mouse,4059,73
598697,Mouse,3402,80
598717,Mouse,4165,86
598743,Mouse,3202,94
598751,Mouse,5608,94
598761,Mouse,3686,97
598766,Mouse,4482,102
598845,Elephant,503668,1185
598882,Mouse,3960,79
598894,Mouse,3913,67
598916,Elephant,368837,1030
599010,Mouse,5840,66
599135,Mouse,3561,64
599255,Mouse,5478,70
599324,Mouse,3260,66
599400,Mouse,3027,64
599439,Mouse,5324,67
599471,Mouse,4712,69
599490,Mouse,4375,69
599541,Mouse,3490,66
599643,Mouse,5753,73
599758,Mouse,4307,67
600112,Mouse,3325,101
600188,Mouse,4598,108
600222,Mouse,5422,109
600251,Elephant,523348,1290
600361,Mouse,4369,69
600390,Mouse,3702,71
600398,Mouse,3943,75
600410,Elephant,574120,1363
600436,Mouse,4489,69
600484,Elephant,85859,601
600562,Mouse,4433,65
600668,Mouse,5630,66
600773,Mouse,4839,69
600843,Mouse,5250,78
600847,Elephant,174257,656
600878,Mouse,4415,75
600932,Mouse,5158,75
600990,Mouse,5223,65
601119,Mouse,3100,78
601155,Mouse,4192,72
601192,Mouse,3444,76
601229,Mouse,5386,79
601244,Mouse,4055,86
601305,Mouse,5527,90
601335,Mouse,4796,97
601349,Mouse,3935,102
601352,Mouse,5836,105
601493,Mouse,4176,79
601532,Mouse,5202,86
601618,Mouse,5556,94
601630,Mouse,4120,99
601705,Elephant,417539,1446
601711,Elephant,330247,1084
601742,Mouse,4836,83
601753,Mouse,5819,80
601757,Mouse,4549,70
601832,Mouse,5659,69
601971,Mouse,4586,65
602068,Mouse,3969,65
602093,Mouse,5827,80
602094,Mouse,3409,79
602114,Mouse,4358,80
602180,Mouse,4621,80
602189,Mouse,3442,81
602197,Mouse,3375,85
602254,Mouse,3886,90
602255,Elephant,384475,1281
602279,Mouse,3766,84
602317,Mouse,4751,67
602340,Mouse,4350,65
602439,Mouse,5072,70
602461,Mouse,3955,74
602598,Mouse,5044,78
602603,Mouse,3067,78
602610,Mouse,3168,83
602611,Mouse,5675,86
602624,Mouse,3826,88
602664,Mouse,5580,102
602671,Mouse,3318,106
602728,Mouse,5091,104
602749,Elephant,500233,1710
602756,Mouse,5833,92
602774,Mouse,4450,76
602813,Mouse,3640,80
602819,Mouse,4289,70
602905,Mouse,5206,70
602968,Mouse,5310,70
603078,Mouse,5379,73
603109,Mouse,4248,70
603216,Elephant,169076,833
603219,Mouse,5598,76
603237,Mouse,3380,70
603247,Mouse,5221,76
603271,Mouse,5336,75
603276,Mouse,3951,70
603364,Mouse,4584,65
603467,Mouse,4246,68
603481,Mouse,4764,73
603509,Elephant,581135,1524
603590,Mouse,5706,66
603742,Mouse,4106,64
603758,Mouse,5599,66
603879,Mouse,5413,65
603952,Mouse,4462,65
603971,Mouse,3549,64
604011,Mouse,3497,64
604093,Mouse,4792,65
604165,Mouse,5559,66
604249,Mouse,3575,64
604258,Mouse,4910,68
604260,Mouse,5736,68
604440,Mouse,4857,65
604510,Mouse,4376,65
604563,Mouse,5123,65
604577,Mouse,3236,64
604592,Mouse,4290,65
604613,Mouse,4002,64
604633,Mouse,5281,65
604650,Mouse,4956,65
604767,Mouse,4466,65
604967,Mouse,3988,64
605190,Mouse,3273,64
605216,Mouse,3929,64
605367,Mouse,5497,69
605368,Mouse,4904,69
605396,Mouse,5721,67
605399,Mouse,5238,68
605472,Mouse,5331,65
605493,Mouse,5297,65
605570,Mouse,4012,64
605600,Mouse,3245,64
605720,Mouse,3804,64
605922,Mouse,5212,65
606032,Mouse,4844,65
606091,Mouse,3684,64
606202,Mouse,4262,65
606298,Mouse,5006,65
606313,Mouse,3001,63
606335,Mouse,4218,64
606533,Mouse,3760,65
606536,Mouse,4763,66
606552,Mouse,3460,64
606557,Mouse,3842,64
606636,Mouse,5623,66
606656,Mouse,4033,64
606677,Mouse,4551,66
606679,Mouse,4081,67
606766,Mouse,5763,66
606782,Mouse,4344,65
606829,Mouse,3513,64
606927,Mouse,5157,65
607091,Mouse,3573,64
607190,Mouse,5742,66
607206,Mouse,3440,64
607255,Mouse,3777,66
607256,Mouse,4571,68
607379,Mouse,3604,68
607517,Mouse,4058,64
607617,Mouse,4891,65
607690,Mouse,3212,69
607801,Elephant,271122,793
608119,Elephant,177487,629
608133,Mouse,5826,66
608336,Mouse,3752,64
608618,Mouse,4606,65
608774,Mouse,4770,67
608851,Mouse,3925,64
608883,Mouse,5702,67
608927,Mouse,4262,66
609000,Mouse,3843,68
609003,Mouse,3313,70
609135,Mouse,5073,68
609208,Mouse,4056,68
609249,Mouse,4072,71
609276,Mouse,3967,71
609323,Mouse,5517,73
609437,Mouse,5804,75
609454,Mouse,3858,76
609469,Mouse,4507,76
609502,Mouse,5341,81
609534,Mouse,4132,84
609573,Mouse,4358,84
609612,Mouse,3236,88
609663,Mouse,5095,88
609680,Mouse,4402,88
609690,Elephant,31331,251
609713,Elephant,224940,1091
609739,Mouse,3808,74
609746,Elephant,513377,1421
609753,Mouse,4752,78
609823,Mouse,5547,66
609858,Mouse,4812,65
609930,Mouse,3498,67
609944,Mouse,4880,69
609979,Mouse,3395,67
610088,Mouse,4378,65
610107,Mouse,4093,66
610140,Mouse,5340,66
610149,Mouse,4368,69
610249,Mouse,3308,67
610257,Mouse,5814,69
610301,Mouse,3487,66
610356,Mouse,5505,68
610365,Mouse,3520,66
610387,Mouse,4312,65
610414,Mouse,3489,69
610505,Elephant,576117,1717
610792,Mouse,5430,65
610980,Mouse,4981,65
611158,Mouse,3788,64
611168,Mouse,5292,65
611216,Mouse,3447,64
611247,Mouse,5604,66
611257,Mouse,5438,66
611345,Mouse,3962,64
611526,Mouse,3918,64
611562,Mouse,4440,65
611577,Mouse,5708,66
611583,Mouse,5163,65
611613,Mouse,4650,65
611632,Mouse,3273,64
611661,Mouse,3185,64
611732,Mouse,3834,66
611785,Mouse,5281,65
611791,Mouse,4863,65
611866,Mouse,5143,67
611905,Mouse,5161,68
611917,Mouse,5836,66
611981,Mouse,3316,64
612033,Mouse,5314,70
612089,Mouse,4530,70
612093,Mouse,3175,64
612219,Mouse,5283,69
612304,Mouse,4504,69
612319,Mouse,3092,64
612325,Mouse,3732,68
612333,Elephant,197326,669
612366,Mouse,3416,67
612382,Mouse,4667,65
612402,Mouse,3662,64
612427,Mouse,5757,67
612446,Mouse,4562,65
612457,Mouse,3040,67
612599,Mouse,5807,76
612729,Mouse,4726,75
612749,Mouse,3495,68
612794,Mouse,4276,78
612798,Mouse,3247,74
612811,Mouse,5183,75
612832,Mouse,3209,76
612840,Mouse,3368,80
612855,Mouse,4807,92
612873,Mouse,5750,95
612880,Mouse,4229,97
612966,Mouse,3532,113
613005,Mouse,3382,108
613081,Mouse,5800,99
613098,Mouse,5722,97
613189,Mouse,5045,74
613248,Mouse,3965,75
613290,Elephant,34025,288
613342,Mouse,5069,86
613361,Elephant,176807,928
613418,Mouse,3602,75
613520,Mouse,4195,83
613563,Mouse,5200,90
613658,Mouse,4550,93
613678,Mouse,5770,96
613688,Mouse,3508,94
613756,Elephant,389262,1455
613784,Elephant,219485,941
613855,Mouse,4505,66
613877,Mouse,3350,73
613924,Mouse,3723,71
614029,Elephant,511790,1771
614074,Mouse,4459,65
614101,Mouse,4880,72
614219,Mouse,4177,68
614290,Mouse,5690,72
614330,Mouse,5607,74
614350,Mouse,4209,67
614367,Mouse,3020,74
614376,Mouse,4773,79
614433,Elephant,172921,634
614463,Mouse,3437,68
614814,Mouse,5022,82
614969,Mouse,3489,87
614979,Mouse,3509,91
615057,Elephant,369136,1030
615070,Mouse,4042,86
615138,Mouse,3162,68
615178,Mouse,5574,71
615194,Elephant,434238,1292
615250,Mouse,5763,74
615285,Mouse,4753,71
615329,Mouse,4494,71
615357,Mouse,5547,69
615393,Mouse,3894,79
615405,Mouse,4435,87
615411,Mouse,5102,90
615503,Mouse,3979,88
615514,Mouse,4068,84
615587,Mouse,5715,78
615609,Mouse,3674,70
615636,Mouse,5443,77
615678,Mouse,3650,90
615715,Mouse,3900,98
615736,Mouse,4813,110
615763,Mouse,4006,113
615772,Elephant,140506,736
615787,Mouse,3484,109
615815,Mouse,3160,101
615819,Mouse,3186,93
615847,Elephant,276724,1330
615935,Mouse,3389,68
615963,Mouse,5135,65
615976,Mouse,4966,72
616102,Mouse,3214,65
616106,Elephant,231607,1065
616152,Mouse,3585,65
616161,Mouse,3074,66
616173,Mouse,3837,67
616202,Mouse,5315,69
616273,Mouse,3166,66
616446,Mouse,3743,65
616504,Elephant,285284,1278
616516,Mouse,5103,71
616622,Mouse,3915,66
616711,Mouse,5132,70
616733,Mouse,3031,66
616735,Mouse,5070,70
616755,Elephant,478125,1459
616778,Mouse,3968,68
616789,Mouse,5379,71
616800,Mouse,3163,66
616847,Mouse,3358,64
616916,Mouse,3070,64
616933,Mouse,4033,64
617001,Mouse,4098,64
617028,Mouse,4925,69
617057,Mouse,4853,65
617251,Mouse,3314,66
617314,Mouse,4176,64
617424,Mouse,4909,66
617436,Mouse,5498,71
617462,Elephant,251974,762
617503,Mouse,3773,65
617619,Mouse,3886,64
617626,Mouse,4647,65
617658,Mouse,5204,65
617714,Mouse,3445,64
617835,Mouse,4333,78
617851,Mouse,5524,67
617940,Elephant,71245,200740
618125,Mouse,3490,78
618228,Mouse,3094,93
618395,Mouse,4249,80
618475,Mouse,4595,97
618529,Mouse,3595,98
618582,Mouse,3730,94
618596,Mouse,4910,90
618609,Mouse,3389,90
618661,Mouse,3957,85
618694,Mouse,4803,87
618756,Mouse,3192,82
618802,Mouse,3179,78
618804,Elephant,320822,1147
618855,Mouse,3315,80
618856,Mouse,4092,77
618878,Mouse,4571,83
618952,Mouse,4544,84
618957,Mouse,4190,82
619035,Mouse,3488,89
619121,Elephant,352936,1456
619129,Elephant,480072,1593
619167,Mouse,5059,85
619233,Mouse,3448,64
619253,Mouse,3139,72
619255,Elephant,377093,201962
619278,Mouse,5373,66
619376,Mouse,5815,69
619413,Mouse,4198,66
619481,Mouse,3143,69
619526,Mouse,5274,69
619562,Mouse,5375,73
619668,Mouse,4777,65
619700,Mouse,4051,70
619726,Mouse,4808,69
619762,Mouse,3139,67
619811,Mouse,3709,67
619816,Elephant,300911,201918
619959,Mouse,4566,71
619961,Mouse,5459,72
619994,Mouse,5752,68
620006,Mouse,5011,71
620063,Mouse,4326,68
620122,Mouse,3824,71
620138,Elephant,327716,915
620213,Elephant,117964,511
620218,Mouse,4825,66
620222,Mouse,5402,68
620257,Mouse,4232,65
620336,Mouse,5425,65
620381,Mouse,3700,65
620391,Mouse,3435,64
620448,Mouse,3700,64
620584,Mouse,3557,64
620616,Mouse,4203,64
620864,Mouse,5756,66
620909,Mouse,4146,65
621023,Mouse,3329,64
621050,Mouse,3530,64
621161,Mouse,3777,64
621181,Mouse,4306,65
621188,Mouse,4519,65
621265,Mouse,3199,64
621279,Mouse,3046,64
621300,Mouse,3427,64
621450,Mouse,5344,65
621470,Mouse,4230,65
621490,Mouse,5220,65
621515,Mouse,4324,67
621568,Mouse,3680,64
621581,Mouse,3293,64
621590,Mouse,3407,64
621630,Mouse,4660,65
621687,Mouse,3449,64
621717,Mouse,5060,65
621742,Mouse,3481,64
621764,Mouse,3158,64
621830,Mouse,4489,65
621844,Mouse,5099,68
621845,Mouse,4524,68
621864,Mouse,3484,64
621984,Mouse,5624,67
622034,Mouse,3585,64
622107,Mouse,5534,66
622117,Mouse,5316,65
622148,Mouse,3551,65
622166,Mouse,5425,65
622265,Mouse,4185,64
622368,Mouse,3045,64
622397,Mouse,5074,65
622402,Mouse,3338,64
622416,Mouse,4833,65
622452,Mouse,3235,66
622463,Mouse,4764,65
622470,Mouse,5390,65
622524,Mouse,5053,65
622569,Mouse,4680,65
622607,Mouse,4208,64
622636,Mouse,5506,66
622648,Mouse,4943,65
622680,Mouse,4836,66
622753,Mouse,4654,67
622920,Mouse,3961,64
622980,Mouse,5754,66
623039,Mouse,4726,65
623192,Mouse,3937,64
623212,Mouse,4794,65
623317,Mouse,5094,65
623349,Mouse,3321,64
623376,Mouse,3334,64
623383,Mouse,4635,65
623415,Mouse,3567,64
623442,Mouse,3596,66
623443,Mouse,4883,68
623481,Mouse,4389,65
623555,Mouse,4144,64
623599,Mouse,4354,65
623689,Mouse,3787,64
623759,Mouse,4569,65
623916,Mouse,3785,64
623933,Mouse,5820,66
623979,Mouse,4003,64
623986,Mouse,4528,65
624038,Mouse,4194,64
624042,Mouse,4502,65
624148,Mouse,5491,71
624153,Mouse,4611,74
624160,Mouse,3234,72
624184,Mouse,3441,66
624202,Mouse,3506,76
624219,Mouse,4348,66
624235,Mouse,4698,72
624238,Mouse,3338,71
624330,Mouse,4825,68
624427,Mouse,3138,68
624430,Mouse,3448,70
624496,Elephant,249031,808
624512,Mouse,3305,65
624580,Elephant,43433,281
624653,Elephant,135676,591
624707,Mouse,3877,64
624759,Elephant,69314,373
624763,Mouse,4443,66
624791,Mouse,4761,65
624869,Mouse,5263,65
624879,Mouse,4403,65
624925,Mouse,5596,67
624959,Mouse,5567,66
625004,Mouse,3451,69
625068,Mouse,4211,67
625220,Mouse,4332,69
625326,Mouse,3543,67
625478,Mouse,3067,69
625559,Elephant,355008,935
625594,Mouse,4661,71
625627,Mouse,3494,66
625628,Mouse,3798,67
625760,Elephant,324203,886
625821,Mouse,5284,65
625886,Mouse,3049,66
625911,Mouse,4066,64
626090,Mouse,4339,67
626104,Mouse,3343,67
626191,Mouse,5294,82
626193,Elephant,130164,544
626336,Mouse,3050,67
626380,Mouse,3791,75
626388,Mouse,5230,78
626466,Mouse,4773,87
626594,Mouse,5734,95
626652,Mouse,3441,96
626783,Mouse,4682,84
626795,Mouse,5287,87
626810,Mouse,3098,90
626825,Mouse,4385,90
626947,Mouse,3030,71
626976,Mouse,3782,73
627032,Elephant,356723,1199
627061,Mouse,4089,77
627166,Elephant,438231,1292
627211,Elephant,35056,259
627355,Mouse,4609,67
627356,Mouse,3548,67
627405,Elephant,562604,1567
627432,Mouse,3859,64
627528,Mouse,3109,64
627549,Mouse,5524,66
627565,Mouse,5149,69
627681,Mouse,4945,65
627756,Mouse,4622,65
627805,Mouse,5735,66
627870,Mouse,4297,66
627904,Mouse,3545,67
627965,Mouse,5458,68
627983,Mouse,5685,66
628041,Elephant,141036,546
628082,Mouse,3071,64
628141,Mouse,4521,66
628194,Mouse,3515,64
628212,Mouse,3678,64
628236,Mouse,4490,65
628272,Mouse,4773,65
628376,Mouse,4321,65
628387,Mouse,4293,65
628413,Mouse,3929,64
628448,Mouse,5473,66
628528,Mouse,3407,64
628541,Mouse,4051,64
628562,Mouse,5693,66
628574,Mouse,5026,65
628581,Mouse,4795,65
628643,Mouse,4198,67
628644,Mouse,4044,67
628714,Mouse,3086,64
628728,Mouse,3902,64
628874,Mouse,4101,67
628876,Mouse,4829,68
628966,Mouse,3598,64
628980,Mouse,4722,67
628982,Mouse,4745,68
629019,Mouse,5303,65
629034,Mouse,3702,64
629058,Mouse,4859,65
629095,Mouse,4348,65
629100,Mouse,5105,65
629125,Mouse,4774,65
629185,Mouse,5182,65
629217,Mouse,3666,64
629232,Mouse,3707,64
629260,Mouse,4679,66
629265,Mouse,3611,64
629468,Mouse,4273,65
629521,Mouse,4113,64
629565,Mouse,3414,65
629610,Mouse,3669,64
629744,Mouse,5798,66
629790,Mouse,5808,66
629976,Mouse,5838,66
629998,Mouse,3193,64
630096,Mouse,5438,68
630175,Mouse,5689,66
630201,Mouse,3158,69
630235,Mouse,5710,75
630369,Mouse,3028,100
630389,Elephant,185579,684
630413,Mouse,4781,103
630440,Mouse,4968,90
630458,Mouse,4287,85
630467,Mouse,3272,86
630484,Mouse,4919,74
630545,Mouse,4708,66
630578,Mouse,3446,66
630616,Mouse,4081,64
630783,Mouse,4483,83
630835,Mouse,5250,97
630853,Mouse,4628,106
630919,Mouse,3881,122
630947,Elephant,197242,991
630966,Mouse,3136,101
631039,Mouse,4050,78
631047,Mouse,3146,74
631198,Mouse,5534,84
631238,Mouse,3212,91
631276,Elephant,295723,1290
631324,Mouse,3527,89
631351,Mouse,4582,79
631383,Mouse,3544,70
631398,Mouse,3649,77
631412,Mouse,4635,80
631478,Mouse,5499,87
631484,Mouse,4082,87
631542,Mouse,3856,88
631551,Mouse,5069,93
631600,Mouse,5269,98
631695,Elephant,328316,1531
631738,Mouse,3926,66
631759,Mouse,4464,70
631893,Mouse,3663,68
631909,Mouse,4834,78
631943,Mouse,5466,86
632037,Mouse,3781,90
632073,Mouse,5407,92
632093,Elephant,508205,1940
632114,Mouse,4577,96
632132,Mouse,4802,96
632137,Mouse,3327,99
632154,Mouse,3624,107
632162,Mouse,4228,97
632238,Mouse,5166,88
632254,Mouse,3241,79
632264,Mouse,5043,82
632284,Mouse,5440,79
632355,Elephant,529004,2282
632427,Mouse,5528,70
632445,Elephant,57899,441
632487,Mouse,5659,78
632599,Mouse,5050,66
632627,Mouse,5093,72
632641,Mouse,5829,70
632690,Mouse,4012,69
632792,Mouse,3282,69
632808,Mouse,5646,78
632822,Mouse,4601,84
632913,Mouse,5542,93
633000,Mouse,4300,80
633016,Mouse,3489,80
633130,Mouse,4770,99
633166,Mouse,5548,95
633266,Mouse,4038,90
633283,Mouse,5208,89
633294,Mouse,3098,88
633401,Elephant,505910,1360
633468,Mouse,3938,75
633494,Mouse,5739,72
633503,Mouse,3361,76
633633,Mouse,3177,64
633730,Mouse,4727,81
633789,Mouse,3622,87
633811,Mouse,5208,97
633871,Mouse,3716,106
633915,Mouse,3918,110
633937,Mouse,5834,114
633977,Mouse,4784,102
634059,Mouse,4697,77
634084,Elephant,133242,873
634160,Mouse,5525,81
634202,Mouse,3671,78
634261,Mouse,5143,83
634324,Mouse,3717,85
634376,Mouse,3228,93
634446,Mouse,4178,95
634474,Elephant,435215,2007
634527,Mouse,3761,79
634542,Mouse,4425,82
634693,Mouse,3311,82
634711,Mouse,4411,90
634819,Mouse,3368,97
634849,Mouse,4126,96
634978,Mouse,4174,91
635007,Mouse,4956,107
635035,Mouse,5772,98
635058,Mouse,5289,101
635203,Mouse,4020,82
635243,Elephant,283613,1707
635245,Mouse,5812,90
635347,Mouse,5004,81
635432,Elephant,594536,2277
635612,Elephant,267526,1377
635634,Mouse,4929,69
635635,Mouse,5668,71
635682,Elephant,220642,838
635692,Mouse,3485,70
635703,Mouse,4051,64
635776,Mouse,3385,64
635788,Mouse,3877,64
635859,Mouse,4136,64
635885,Mouse,5690,66
635931,Mouse,5176,67
636005,Mouse,5651,67
636015,Mouse,5576,66
636099,Mouse,3582,67
636221,Mouse,4069,66
636386,Mouse,4223,79
636400,Mouse,3693,81
636422,Mouse,4222,91
636531,Mouse,5040,103
636540,Elephant,129450,597
636677,Mouse,5280,70
636747,Mouse,4671,74
636760,Mouse,4332,77
636799,Mouse,4956,77
636816,Mouse,4277,82
636818,Mouse,4895,85
636839,Elephant,268033,996
636842,Mouse,4764,82
636846,Mouse,3018,82
636863,Mouse,3343,82
636904,Mouse,3064,85
636928,Mouse,5110,65
636938,Mouse,3671,66
636990,Mouse,3821,67
637055,Mouse,4632,74
637210,Mouse,5818,74
637242,Mouse,4498,70
637315,Elephant,56716,334
637357,Mouse,5676,71
637368,Mouse,4322,71
637523,Mouse,5784,76
637552,Mouse,5058,72
637600,Mouse,4773,72
637605,Mouse,3353,75
637636,Mouse,3143,77
637642,Mouse,5214,80
637706,Mouse,4185,74
637713,Elephant,473562,1635
637736,Mouse,4691,65
637789,Mouse,4853,65
637990,Mouse,4576,65
638060,Mouse,3801,67
638080,Mouse,3389,64
638198,Mouse,4950,65
638214,Mouse,4198,64
638249,Mouse,3416,64
638319,Mouse,3658,64
638405,Mouse,3892,64
638419,Mouse,3294,64
638454,Mouse,4183,64
638527,Mouse,3002,63
638717,Mouse,4235,64
638749,Mouse,4742,66
638759,Mouse,5581,66
638850,Mouse,5331,65
639029,Mouse,4322,65
639045,Mouse,4245,67
639046,Mouse,5625,69
639080,Mouse,4253,64
639136,Mouse,3551,66
639226,Mouse,4288,65
639283,Mouse,4013,64
639383,Mouse,4522,65
639403,Mouse,5722,66
639442,Mouse,3396,64
639530,Mouse,4835,65
639625,Mouse,4840,65
639642,Mouse,3445,66
639653,Mouse,4543,71
639859,Mouse,3697,66
639935,Elephant,264052,783
639996,Mouse,4782,69
640027,Mouse,3348,66
640067,Mouse,5320,66
640084,Mouse,3106,69
640111,Mouse,5156,70
640164,Mouse,3863,68
640354,Mouse,5486,70
640425,Mouse,5193,77
640450,Mouse,5741,80
640526,Mouse,3739,85
640537,Mouse,3883,76
640586,Mouse,3602,67
640604,Mouse,4454,71
640619,Mouse,4005,75
640716,Mouse,3951,64
640724,Mouse,4825,70
640743,Mouse,5444,72
640789,Mouse,3877,72
640868,Mouse,5506,73
640964,Mouse,4832,72
641014,Mouse,3147,78
641055,Mouse,4856,86
641122,Mouse,3718,91
641214,Mouse,5703,99
641296,Elephant,584198,1436
641308,Mouse,5443,97
641316,Mouse,5502,100
641342,Mouse,4706,95
641506,Mouse,4624,67
641566,Mouse,3277,67
641578,Mouse,3532,69
641786,Elephant,569249,1443
641890,Mouse,3960,64
641916,Mouse,4231,64
641943,Mouse,5402,67
641967,Mouse,5058,70
642024,Mouse,3995,64
642056,Mouse,4617,68
642203,Mouse,5007,65
642320,Mouse,4186,68
642343,Mouse,5349,65
642418,Mouse,3074,65
642506,Mouse,3448,67
642522,Mouse,3883,66
642594,Mouse,3355,64
642609,Elephant,328457,883
642727,Mouse,5141,67
642742,Mouse,5161,74
642752,Mouse,5598,74
642754,Mouse,3929,74
642768,Mouse,4756,65
642826,Mouse,5192,70
642842,Mouse,4935,66
642849,Mouse,3094,64
642888,Mouse,3929,64
643056,Mouse,4522,72
643119,Mouse,5750,69
643125,Mouse,3712,70
643135,Elephant,187383,642
643262,Mouse,4389,65
643405,Mouse,4605,70
643445,Mouse,4530,78
643446,Mouse,3063,80
643448,Elephant,271136,823
643527,Mouse,5583,70
643607,Mouse,5428,66
643659,Mouse,5649,70
643714,Mouse,3105,70
643931,Mouse,3207,92
644097,Mouse,4478,83
644213,Mouse,3479,104
644260,Mouse,5246,96
644274,Mouse,4596,100
644363,Elephant,397057,1216
644372,Mouse,5380,90
644400,Elephant,85535,733
644446,Mouse,5196,67
644461,Mouse,4811,72
644461,Mouse,4465,71
644554,Elephant,557071,1440
644630,Mouse,4717,70
644674,Mouse,3061,65
644733,Mouse,3092,64
644906,Mouse,3915,69
644917,Mouse,3957,67
644948,Mouse,5359,72
645042,Mouse,3263,71
645208,Mouse,4529,94
645228,Mouse,4348,101
645246,Mouse,4397,103
645269,Mouse,4489,105
645323,Mouse,4295,105
645356,Elephant,233361,848
645367,Mouse,5831,89
645446,Mouse,4884,67
645504,Elephant,298827,993
645528,Mouse,4613,76
645636,Mouse,5015,70
645642,Mouse,3711,68
645643,Mouse,3011,68
645804,Elephant,141772,821
645806,Mouse,5054,71
645810,Mouse,4550,72
645903,Mouse,4618,69
645944,Mouse,4696,68
645959,Mouse,5370,73
646095,Mouse,3875,67
646134,Mouse,4978,69
646194,Mouse,5096,70
646198,Elephant,495252,1361
646239,Mouse,5230,70
646263,Mouse,4276,66
646299,Mouse,4158,68
646324,Mouse,5436,67
646328,Mouse,5729,68
646607,Elephant,338121,905
646685,Mouse,4143,67
646726,Mouse,3667,67
646746,Mouse,3177,66
646849,Mouse,3182,70
646912,Mouse,4212,79
646918,Mouse,5550,84
646963,Mouse,3986,88
647059,Mouse,4599,92
647105,Mouse,4148,84
647152,Elephant,141612,651
647264,Mouse,5174,71
647342,Mouse,4715,70
647399,Mouse,5420,79
647402,Elephant,223921,1016
647496,Mouse,3750,71
647558,Mouse,4088,79
647594,Mouse,5838,85
647635,Mouse,3575,86
647653,Mouse,3481,91
647747,Elephant,593979,1495
647791,Mouse,5147,69
647826,Mouse,4761,65
647933,Elephant,352509,1271
647945,Mouse,5373,70
647952,Mouse,5624,70
647956,Mouse,3168,64
647982,Mouse,3907,68
648030,Mouse,3389,64
648045,Mouse,3061,64
648060,Mouse,3940,64
648132,Mouse,4358,65
648176,Mouse,3098,65
648201,Mouse,5635,67
648216,Mouse,3633,64
648252,Mouse,3139,64
648434,Mouse,3089,76
648549,Elephant,355948,1122
648599,Mouse,5775,66
648604,Mouse,3203,66
648670,Mouse,5572,74
648695,Elephant,118088,514
648732,Mouse,3690,64
648765,Mouse,3678,64
648786,Mouse,4356,65
648818,Mouse,4301,65
648845,Mouse,5796,69
648899,Mouse,5354,65
648944,Mouse,4517,65
649021,Mouse,4476,67
649056,Mouse,3723,67
649078,Mouse,4490,65
649119,Mouse,5413,76
649134,Mouse,4213,67
649235,Mouse,4445,70
649268,Mouse,3462,65
649298,Mouse,5316,73
649358,Mouse,3922,76
649552,Mouse,5581,90
649563,Mouse,5817,97
649615,Mouse,3904,103
649631,Mouse,4301,108
649652,Mouse,3108,114
649660,Mouse,4369,119
649687,Mouse,5433,121
649708,Mouse,5399,112
649724,Mouse,5355,116
649746,Mouse,3021,107
649765,Mouse,3323,100
649831,Elephant,530382,1325
649860,Mouse,5118,70
649924,Elephant,192249,884
649932,Mouse,4748,65
650012,Mouse,4361,65
650037,Mouse,4541,65
650079,Mouse,4629,68
650148,Elephant,277999,1125
650222,Mouse,3391,65
650224,Mouse,4167,67
650229,Mouse,3726,64
650289,Mouse,5654,66
650343,Mouse,4694,69
650364,Mouse,3264,68
650365,Mouse,4388,69
650368,Mouse,4969,69
650523,Mouse,5724,67
650526,Mouse,4734,66
650538,Mouse,4781,65
650656,Mouse,5777,66
650685,Mouse,3944,68
650720,Mouse,4631,66
650782,Mouse,4614,69
650827,Elephant,169026,599
650835,Mouse,3953,64
650898,Mouse,3891,64
650908,Mouse,5645,66
650971,Mouse,4060,64
650991,Mouse,4077,64
651134,Mouse,3187,64
651283,Mouse,3558,64
651368,Mouse,3136,64
651396,Mouse,3094,77
651396,Mouse,4446,71
651503,Elephant,95423,448
651523,Elephant,51732,295
651536,Mouse,4635,69
651557,Mouse,5095,66
651598,Mouse,5685,66
651633,Mouse,5638,72
651694,Mouse,4434,65
651722,Mouse,3905,65
651817,Mouse,4798,69
651832,Mouse,4464,70
651896,Mouse,4624,76
651925,Mouse,3211,67
651930,Elephant,325152,892
651989,Mouse,3117,64
652263,Mouse,3053,64
652397,Mouse,5789,71
652499,Mouse,3622,68
652529,Mouse,3373,67
652537,Mouse,5617,73
652618,Mouse,4336,74
652674,Mouse,3706,71
652687,Mouse,5763,81
652720,Elephant,576322,1212
652798,Mouse,3399,64
652802,Mouse,4662,65
652898,Mouse,3441,65
652948,Mouse,5272,67
653110,Mouse,3772,65
653199,Mouse,4940,71
653206,Mouse,3762,70
653228,Mouse,5161,71
653233,Elephant,316045,894
653365,Mouse,3510,67
653386,Mouse,3701,67
653427,Mouse,3160,67
653529,Mouse,3327,73
653578,Mouse,4327,78
653597,Mouse,3988,75
653610,Mouse,4362,79
653688,Mouse,4769,98
653931,Mouse,4983,94
653954,Elephant,365014,1103
653986,Mouse,3205,109
653993,Mouse,5162,113
654040,Mouse,3058,94
654081,Mouse,5028,74
654167,Mouse,4339,80
654194,Mouse,3814,80
654248,Mouse,4680,97
654269,Mouse,5808,103
654317,Mouse,5800,94
654379,Mouse,3361,75
654513,Mouse,5202,81
654620,Mouse,3605,100
654722,Mouse,4605,95
654784,Mouse,3057,100
654826,Mouse,3326,101
654870,Mouse,3306,100
654890,Elephant,442596,1656
654891,Mouse,3006,96
654972,Mouse,4135,95
654996,Mouse,3556,95
655013,Mouse,5187,100
655021,Mouse,5190,101
655111,Mouse,5234,117
655200,Mouse,3423,117
655223,Mouse,4681,118
655237,Mouse,4617,121
655348,Mouse,5278,93
655360,Mouse,5731,93
655384,Mouse,4745,101
655387,Elephant,411256,2183
655396,Mouse,5681,104
655487,Mouse,5710,75
655526,Elephant,256012,1667
655532,Mouse,3372,68
655537,Mouse,4052,71
655539,Mouse,5052,72
655592,Mouse,4748,73
655635,Mouse,5672,71
655669,Mouse,3446,77
655703,Elephant,373938,2078
655743,Mouse,3651,72
655889,Mouse,5336,72
655910,Mouse,4166,72
656034,Elephant,581631,2627
656104,Mouse,4945,68
656157,Mouse,3099,68
656333,Mouse,5814,70
656352,Mouse,4302,67
656475,Elephant,470320,1724
656701,Mouse,5739,68
656704,Mouse,4546,68
656713,Mouse,5033,72
656773,Mouse,5637,66
656829,Mouse,4998,65
656868,Mouse,4655,67
656870,Mouse,4778,68
656917,Mouse,3979,70
656931,Mouse,3217,67
656961,Mouse,3627,66
657079,Mouse,3648,64
657191,Mouse,5769,74
657381,Mouse,4009,67
657537,Mouse,3357,76
657549,Mouse,3682,77
657583,Mouse,4082,84
657650,Mouse,3214,94
657748,Mouse,3863,74
657752,Mouse,5298,72
657787,Mouse,3603,76
657790,Mouse,5760,80
657821,Elephant,282842,919
657870,Mouse,4925,67
657876,Mouse,3823,67
657958,Mouse,5073,66
658023,Elephant,271108,950
658128,Mouse,5501,68
658196,Mouse,3478,67
658251,Mouse,3319,68
658260,Mouse,5621,66
658300,Mouse,3803,69
658324,Mouse,5829,71
658357,Elephant,408854,1246
658486,Mouse,4723,77
658504,Mouse,4338,65
658532,Mouse,3778,72
658537,Mouse,4965,65
658626,Mouse,4435,65
658654,Mouse,4590,69
658790,Mouse,5806,74
658801,Mouse,4985,74
658854,Mouse,3493,67
658912,Mouse,4421,72
658925,Mouse,5449,78
658942,Mouse,3189,75
658945,Mouse,4308,78
658999,Mouse,4192,79
659106,Mouse,3246,68
659213,Elephant,482294,1161
659215,Mouse,3248,66
659234,Mouse,3489,69
659423,Mouse,3393,67
659512,Elephant,473496,1107
659571,Mouse,3069,67
659574,Mouse,3244,69
659574,Mouse,4915,70
659619,Mouse,3588,64
659755,Mouse,5650,66
659855,Mouse,3196,65
659856,Mouse,5700,68
659886,Mouse,5466,66
659908,Mouse,4719,72
659919,Mouse,4620,76
659974,Mouse,3835,64
660083,Mouse,3400,67
660094,Mouse,3200,67
660259,Mouse,3441,66
660299,Mouse,3426,64
660350,Mouse,5801,69
660359,Mouse,3098,70
660377,Mouse,5640,67
660454,Mouse,4620,69
660559,Mouse,4919,69
660593,Mouse,5033,72
660604,Mouse,3364,71
660645,Mouse,4354,71
660678,Mouse,4568,73
660687,Mouse,4215,71
660694,Elephant,533020,1156
660737,Mouse,4146,69
660756,Mouse,3655,67
660824,Mouse,3513,64
660844,Mouse,5200,69
660945,Mouse,4287,67
660947,Mouse,5081,68
660972,Mouse,4840,68
660988,Mouse,5731,69
661017,Mouse,4067,68
661063,Mouse,4819,68
661194,Mouse,5055,71
661240,Mouse,5834,73
661256,Mouse,4176,73
661285,Mouse,4661,69
661305,Mouse,3314,73
661379,Mouse,5624,71
661521,Mouse,3761,77
661573,Elephant,462992,1104
661595,Mouse,4635,79
661662,Mouse,4301,72
661665,Mouse,5523,73
661811,Mouse,3797,64
661840,Mouse,4749,69
661882,Mouse,4027,72
661911,Elephant,375683,969
661922,Mouse,4721,71
661979,Mouse,3499,64
661982,Mouse,4039,64
662049,Mouse,4339,68
662067,Mouse,3390,64
662134,Mouse,5508,67
662166,Mouse,4187,65
662223,Mouse,5005,66
662291,Mouse,3480,65
662297,Mouse,3708,68
662309,Mouse,4677,65
662342,Mouse,3198,68
662406,Mouse,3581,69
662515,Elephant,426224,1080
662675,Mouse,3574,64
662801,Mouse,3007,67
662815,Mouse,4849,65
662867,Mouse,5147,65
662943,Mouse,3438,64
662990,Mouse,5230,67
663059,Mouse,5766,72
663099,Elephant,389816,983
663121,Mouse,3418,69
663132,Mouse,5677,75
663150,Mouse,5369,68
663171,Elephant,59138,330
663212,Mouse,4162,65
663223,Mouse,3969,65
663243,Mouse,4916,65
663247,Mouse,4703,65
663287,Mouse,5251,73
663288,Mouse,4349,70
663292,Mouse,3640,69
663295,Mouse,4257,69
663312,Mouse,4478,66
663324,Mouse,4652,71
663335,Mouse,4912,73
663365,Mouse,3807,69
663430,Mouse,4222,64
663565,Mouse,5789,66
663608,Mouse,3155,64
663643,Mouse,4953,68
663706,Mouse,3767,69
663722,Mouse,5665,74
663733,Mouse,4540,77
663853,Elephant,434619,1048
663858,Mouse,4311,66
663947,Mouse,5560,68
664109,Mouse,3831,72
664248,Mouse,4712,79
664279,Mouse,3989,85
664385,Mouse,4755,85
664387,Mouse,3349,81
664397,Mouse,5670,88
664437,Mouse,3564,83
664561,Mouse,5074,85
664636,Mouse,5611,106
664674,Mouse,3880,110
664696,Mouse,3435,119
664702,Mouse,3846,121
664803,Elephant,404208,1169
664845,Mouse,3494,82
664902,Mouse,4404,67
664907,Mouse,5713,71
664948,Mouse,4803,76
664994,Elephant,323766,1286
665050,Mouse,4999,80
665058,Mouse,4833,84
665159,Mouse,4093,87
665179,Mouse,4884,87
665181,Elephant,84080,502
665191,Mouse,4510,86
665201,Mouse,4305,89
665233,Elephant,277425,1353
665236,Mouse,3414,82
665321,Mouse,4156,64
665412,Mouse,5636,67
665453,Mouse,4305,75
665486,Mouse,4342,72
665490,Elephant,248520,1420
665699,Mouse,5453,68
665734,Mouse,4285,78
665747,Mouse,3009,76
665786,Mouse,3280,81
665884,Mouse,5234,92
665959,Mouse,4596,97
666021,Mouse,5254,86
666036,Mouse,4646,86
666072,Mouse,5447,95
666080,Mouse,5044,99
666123,Elephant,325604,1246
666133,Elephant,444533,1674
666173,Mouse,4641,92
666177,Mouse,4310,74
666184,Mouse,3445,67
666296,Mouse,3136,70
666306,Mouse,4611,65
666319,Mouse,4964,68
666360,Mouse,4952,69
666620,Mouse,4543,115
666696,Mouse,3786,91
666801,Mouse,5238,86
666847,Elephant,167981,889
666861,Elephant,64981,538
666868,Elephant,180378,1323
666928,Mouse,5036,68
666933,Elephant,186844,1301
666969,Mouse,5108,69
666974,Mouse,3450,69
667047,Mouse,4313,70
667141,Mouse,5195,86
667153,Mouse,3264,85
667200,Mouse,5646,98
667280,Mouse,4908,101
667325,Mouse,4635,121
667372,Elephant,293171,1662
667391,Mouse,5406,113
667444,Mouse,5209,86
667453,Mouse,3499,84
667461,Mouse,3062,82
667470,Mouse,3548,79
667530,Mouse,3572,76
667737,Mouse,5147,101
667773,Mouse,4905,112
668021,Mouse,3336,86
668051,Mouse,4331,87
668285,Elephant,450233,2006
668320,Mouse,3921,92
668457,Mouse,4492,89
668508,Mouse,3885,96
668529,Mouse,3677,98
668548,Mouse,5773,109
668609,Mouse,3600,108
668613,Elephant,239547,1803
668690,Mouse,4476,81
668701,Mouse,4576,77
668749,Mouse,3736,75
668754,Mouse,5264,77
669030,Mouse,5780,104
669110,Elephant,271292,1537
669146,Mouse,4264,104
669169,Mouse,3708,91
669170,Elephant,417239,2307
669186,Mouse,5003,89
669342,Mouse,4577,68
669416,Mouse,4202,71
669460,Elephant,553223,2473
669483,Mouse,5322,72
669639,Mouse,4703,73
669668,Elephant,183712,853
669805,Mouse,3909,68
669837,Mouse,5817,68
669985,Mouse,3102,64
670051,Mouse,3781,67
670054,Mouse,5784,69
670135,Mouse,5307,65
670146,Mouse,5177,65
670241,Mouse,4863,65
670245,Mouse,4676,66
670250,Mouse,4851,66
670253,Mouse,4447,66
670282,Mouse,4344,65
670296,Mouse,4760,68
670757,Mouse,5043,65
670874,Mouse,3253,66
670905,Mouse,4557,65
670912,Mouse,4921,66
671319,Mouse,5711,70
671388,Mouse,3271,67
671397,Mouse,4189,69
671451,Mouse,4056,66
671505,Mouse,3574,70
671511,Mouse,5797,74
671602,Mouse,4579,69
671677,Elephant,492342,1172
671682,Mouse,3024,70
671691,Mouse,3212,70
671695,Mouse,4334,70
671755,Mouse,5460,68
671775,Mouse,3612,65
671790,Mouse,3442,65
671817,Mouse,4248,66
672080,Mouse,3020,66
672239,Elephant,594440,1234
672304,Mouse,5549,66
672320,Mouse,4269,69
672406,Mouse,3030,67
672472,Mouse,4608,65
672619,Mouse,3066,71
672622,Mouse,5559,74
672707,Mouse,3282,70
672716,Mouse,3731,68
672875,Mouse,3308,90
672881,Elephant,334729,942
672968,Mouse,5053,65
673011,Mouse,4792,71
673069,Mouse,5727,70
673103,Elephant,189237,690
673132,Mouse,4342,72
673199,Mouse,3587,64
673216,Mouse,4266,69
673254,Mouse,5044,69
673331,Mouse,4834,75
673371,Mouse,5418,76
673405,Mouse,4267,67
673487,Elephant,199676,710
673492,Elephant,385022,1122
673495,Mouse,3889,65
673568,Mouse,5755,66
673612,Mouse,3063,64
673681,Mouse,3348,64
673756,Mouse,3918,64
673823,Mouse,5608,70
673830,Mouse,5442,70
673987,Mouse,5453,68
674011,Mouse,3175,66
674038,Mouse,4776,75
674060,Mouse,4915,76
674155,Mouse,3286,79
674234,Mouse,3751,91
674298,Elephant,132634,613
674308,Mouse,5017,100
674337,Mouse,3948,101
674365,Mouse,3899,81
674407,Mouse,5396,75
674424,Mouse,5433,76
674521,Mouse,5238,69
674547,Mouse,5804,77
674555,Mouse,3228,79
674585,Mouse,3317,79
674714,Mouse,4897,95
674777,Elephant,442109,1239
674780,Mouse,5159,104
674798,Elephant,492412,1289
674981,Mouse,5411,69
675085,Mouse,5721,66
675330,Mouse,4480,69
675358,Mouse,5365,68
675377,Mouse,5001,73
675392,Mouse,3122,75
675420,Mouse,4062,74
675495,Mouse,5223,79
675510,Mouse,4132,82
675523,Mouse,4171,87
675551,Elephant,350126,996
675682,Elephant,52432,339
675783,Mouse,5239,67
675788,Mouse,3159,65
675873,Mouse,5732,72
675922,Mouse,5572,74
675996,Mouse,5160,72
676014,Mouse,5831,78
676071,Mouse,5490,92
676098,Mouse,3174,89
676134,Mouse,5477,97
676235,Mouse,5221,97
676244,Mouse,3285,100
676267,Mouse,3519,95
676315,Mouse,4986,96
676345,Mouse,3608,97
676378,Elephant,480777,1381
676519,Mouse,5105,74
676559,Mouse,5357,78
676725,Elephant,289835,1189
676732,Mouse,4519,80
676771,Mouse,3246,83
676787,Mouse,4268,73
676802,Mouse,4151,76
676835,Mouse,3360,84
676836,Mouse,3441,84
676875,Mouse,4875,89
676892,Elephant,161904,911
676937,Mouse,3413,72
676968,Mouse,4239,73
676991,Mouse,4614,71
677038,Mouse,3085,80
677132,Elephant,400619,1346
677153,Elephant,279507,1057
677210,Mouse,5127,69
677228,Mouse,5114,70
677358,Mouse,5134,69
677386,Mouse,3044,67
677391,Mouse,4641,66
677466,Mouse,3012,70
677506,Elephant,90520,451
677513,Mouse,5305,71
677675,Mouse,4882,75
677781,Elephant,252016,831
677790,Mouse,4039,75
677796,Mouse,4695,79
677900,Elephant,355105,1024
677909,Mouse,3299,68
677920,Mouse,3041,68
678072,Mouse,3812,64
678260,Mouse,3761,67
678347,Elephant,247561,786
678413,Mouse,4109,64
678416,Mouse,3072,64
678534,Mouse,3446,64
678671,Mouse,5000,65
678717,Mouse,5466,67
678734,Mouse,3394,64
678778,Mouse,3008,64
678949,Mouse,3891,69
678955,Mouse,5576,73
678973,Mouse,3246,66
679000,Mouse,4648,67
679003,Mouse,3104,64
679101,Mouse,3202,64
679215,Mouse,3835,68
679219,Mouse,3695,67
679279,Mouse,3005,71
679406,Mouse,5195,74
679437,Mouse,5212,83
679486,Mouse,3824,93
679562,Mouse,5040,107
679580,Mouse,3631,97
679612,Mouse,3715,88
679651,Mouse,3641,77
679704,Mouse,3122,73
679740,Mouse,5173,72
679754,Elephant,378533,1089
679813,Mouse,3849,67
679823,Mouse,5804,76
679838,Mouse,3485,80
679854,Mouse,4486,72
679872,Mouse,4693,80
679954,Mouse,3106,65
680070,Mouse,3581,71
680100,Mouse,4843,85
680166,Mouse,3901,89
680185,Mouse,4585,95
680211,Elephant,93741,483
680225,Mouse,4577,98
680244,Mouse,3851,96
680257,Mouse,4314,102
680293,Mouse,5153,93
680347,Mouse,3475,73
680362,Mouse,4208,77
680374,Mouse,4720,82
680404,Mouse,5129,82
680440,Mouse,5110,81
680485,Elephant,473905,1408
680510,Elephant,549528,1650
680543,Mouse,5750,66
680550,Mouse,3912,64
680560,Mouse,4496,65
680604,Mouse,5329,66
680623,Mouse,4524,69
680630,Mouse,4183,64
680672,Mouse,4003,68
680678,Mouse,4024,69
680680,Mouse,5209,70
680692,Mouse,4905,65
680944,Mouse,4890,65
680989,Mouse,3777,69
681039,Mouse,4146,65
681042,Mouse,3566,65
681409,Elephant,85476,459
681458,Mouse,4588,100
681511,Elephant,477141,401706
681515,Mouse,5451,90
681517,Elephant,231421,816
681596,Mouse,4216,64
681620,Mouse,4542,65
681665,Mouse,3157,64
681713,Mouse,5656,67
681717,Mouse,5358,67
681828,Elephant,139509,597
681873,Mouse,3934,64
681933,Mouse,4298,65
681941,Mouse,5028,65
681945,Mouse,3405,64
681961,Mouse,3766,64
682055,Mouse,5439,66
682089,Mouse,4353,65
682292,Mouse,4439,65
682397,Mouse,3397,64
682448,Mouse,5589,66
682468,Mouse,5363,65
682579,Mouse,5788,66
682855,Mouse,5061,65
682889,Mouse,4012,67
682893,Mouse,4019,64
682898,Mouse,3118,64
682955,Mouse,4248,68
682974,Mouse,5115,69
682989,Mouse,4540,65
683028,Mouse,4662,65
683175,Mouse,3080,67
683325,Elephant,558812,1170
683361,Mouse,4473,69
683383,Mouse,3972,64
683408,Mouse,3765,67
683417,Mouse,5301,65
683617,Mouse,3511,67
683631,Mouse,4740,65
683884,Mouse,3387,67
684033,Mouse,5456,66
684038,Mouse,3514,64
684082,Mouse,3468,65
684108,Elephant,316619,858
684161,Mouse,4319,65
684398,Mouse,4936,65
684443,Mouse,5203,66
684475,Mouse,3021,64
684482,Mouse,3577,64
684514,Mouse,3193,64
684614,Mouse,4691,65
684772,Mouse,4819,65
684830,Mouse,3706,64
684874,Mouse,3367,65
684888,Mouse,5363,65
684918,Mouse,5417,66
684924,Mouse,3514,64
684967,Mouse,3819,65
685016,Mouse,3287,64
685064,Mouse,3536,64
685093,Mouse,4161,64
685128,Mouse,3631,64
685148,Mouse,4354,65
685166,Mouse,3185,64
685248,Mouse,5521,66
685286,Mouse,3536,64
685452,Mouse,5796,66
685497,Mouse,5370,67
685610,Mouse,4736,65
685687,Mouse,4263,65
685765,Mouse,4342,69
685818,Mouse,3921,64
685833,Mouse,4452,66
685893,Mouse,5261,71
685899,Mouse,5433,74
685953,Mouse,4580,81
685959,Mouse,3539,64
685982,Mouse,4670,65
685997,Mouse,5741,72
686005,Mouse,3052,75
686006,Mouse,4286,71
686169,Mouse,5646,69
686200,Elephant,198277,676
686223,Mouse,5298,67
686246,Mouse,5544,67
686259,Mouse,5529,66
686290,Mouse,5524,67
686302,Mouse,3640,65
686336,Mouse,4840,67
686403,Mouse,5403,70
686485,Mouse,4176,66
686569,Elephant,318232,885
686603,Mouse,4046,66
686613,Mouse,5087,65
686682,Mouse,3986,65
686738,Mouse,4903,69
686805,Mouse,4264,67
686923,Mouse,4312,68
687026,Mouse,3208,72
687062,Mouse,4747,83
687097,Mouse,4043,85
687114,Mouse,5055,93
687180,Mouse,3068,103
687230,Mouse,3558,102
687278,Mouse,3108,95
687317,Mouse,5100,98
687352,Mouse,4378,96
687386,Mouse,5355,101
687395,Mouse,3453,105
687418,Mouse,3665,104
687423,Mouse,5745,108
687451,Mouse,4306,103
687504,Mouse,4742,79
687582,Mouse,5305,78
687594,Mouse,4578,82
687759,Mouse,5632,106
687850,Mouse,4834,123
687877,Mouse,5173,122
687897,Mouse,3490,132
687910,Mouse,4433,141
687937,Elephant,352239,1324
687974,Elephant,74691,873
687980,Mouse,5450,107
687999,Mouse,3374,82
688006,Mouse,4745,86
688049,Mouse,5684,76
688198,Mouse,5531,75
688337,Mouse,4983,88
688378,Mouse,3674,97
688450,Mouse,4066,95
688517,Mouse,4344,89
688550,Elephant,578432,2321
688553,Mouse,5373,95
688568,Mouse,5040,96
688594,Mouse,5231,97
688635,Mouse,5729,84
688697,Mouse,5820,84
688740,Mouse,5160,85
688825,Mouse,4626,98
688931,Mouse,5620,91
688963,Elephant,494322,2144
688972,Mouse,5816,89
688985,Elephant,555045,2422
689086,Mouse,5362,68
689145,Mouse,3805,67
689179,Mouse,5063,65
689227,Mouse,3138,64
689255,Mouse,3415,65
689266,Mouse,5760,66
689286,Mouse,3915,68
689306,Mouse,5831,67
689313,Mouse,4292,68
689320,Mouse,5248,70
689325,Mouse,3994,70
689351,Mouse,4716,74
689360,Mouse,4417,68
689407,Mouse,3722,65
689426,Mouse,3035,67
689466,Mouse,5361,70
689485,Mouse,4021,75
689521,Mouse,3560,69
689567,Mouse,5731,70
689768,Elephant,437090,1103
689778,Mouse,5644,69
689804,Mouse,4487,67
689840,Mouse,4373,65
689878,Mouse,4370,66
689928,Mouse,3244,64
689943,Mouse,3603,64
689959,Mouse,4143,66
690046,Mouse,3168,64
690055,Mouse,5566,69
690065,Mouse,4704,65
690117,Mouse,3605,64
690329,Mouse,4460,66
690357,Mouse,4617,65
690366,Mouse,4917,69
690386,Mouse,5694,66
690424,Mouse,5494,68
690464,Mouse,5695,67
690475,Mouse,5191,66
690506,Mouse,3062,65
690710,Mouse,5751,70
690895,Mouse,5169,70
690931,Elephant,226772,719
691006,Mouse,4598,65
691029,Mouse,3377,64
691086,Mouse,3767,67
691263,Mouse,3569,64
691312,Mouse,4545,65
691560,Mouse,3978,67
691631,Mouse,4260,77
691638,Mouse,3131,70
691725,Mouse,5212,67
691740,Mouse,3200,67
691767,Mouse,3311,73
691770,Mouse,3583,74
691911,Mouse,3977,73
691913,Elephant,488624,1114
692020,Mouse,4911,65
692086,Mouse,4803,66
692169,Mouse,3670,67
692203,Mouse,3601,67
692211,Elephant,342948,923
692298,Mouse,3514,64
692359,Mouse,5546,66
692386,Mouse,3542,64
692431,Mouse,4088,65
692438,Mouse,3091,64
692465,Mouse,3542,64
692606,Mouse,3359,64
692634,Mouse,4947,65
692738,Mouse,5302,65
692752,Mouse,5702,66
692821,Mouse,4351,65
692878,Mouse,3585,64
692884,Mouse,3181,64
692915,Mouse,3093,64
693031,Mouse,4377,65
693068,Mouse,4831,65
693105,Mouse,5395,65
693130,Mouse,4013,64
693273,Mouse,3138,64
693326,Mouse,3383,64
693332,Mouse,3511,64
693337,Mouse,5733,67
693481,Mouse,3673,64
693542,Mouse,3388,64
693555,Mouse,4906,65
693635,Mouse,3772,64
693728,Mouse,3446,64
693744,Mouse,5816,66
693781,Mouse,3795,64
693861,Mouse,3154,64
693960,Mouse,3906,64
693978,Mouse,4176,64
694061,Mouse,4167,64
694176,Mouse,4883,65
694472,Mouse,3522,64
694539,Mouse,3939,64
694545,Mouse,5706,66
694556,Mouse,4413,65
694569,Mouse,4041,67
694583,Mouse,3758,69
694685,Mouse,3467,64
694706,Elephant,159949,589
694730,Mouse,4835,66
694746,Mouse,3685,64
694798,Mouse,3116,64
694934,Mouse,5240,65
694941,Mouse,5170,65
694955,Mouse,3341,64
695040,Mouse,4599,65
695121,Mouse,3586,64
695136,Mouse,3460,64
695146,Mouse,3477,64
695154,Mouse,5191,65
695192,Mouse,3952,64
695291,Mouse,4711,65
695299,Mouse,5422,65
695325,Mouse,4636,68
695349,Mouse,5482,67
695413,Mouse,4002,66
695456,Mouse,4841,68
695567,Mouse,4094,77
695706,Mouse,3378,100
695707,Mouse,5357,102
695837,Mouse,4143,92
696156,Mouse,5764,117
696164,Mouse,5646,111
696208,Mouse,5036,113
696418,Mouse,4595,105
696421,Mouse,3584,105
696476,Mouse,3984,103
696512,Mouse,4086,103
696534,Mouse,3010,104
696598,Mouse,4325,80
696798,Mouse,4573,108
696834,Mouse,5379,114
696848,Mouse,4538,121
696890,Mouse,4259,110
696932,Mouse,4591,104
696968,Mouse,4266,94
697012,Mouse,5622,97
697028,Mouse,5265,99
697084,Mouse,5548,110
697164,Mouse,5067,89
697257,Mouse,5259,92
697353,Mouse,3352,94
697392,Mouse,4790,92
697685,Mouse,5694,96
697699,Elephant,358068,2414
697736,Mouse,3044,97
697748,Elephant,408867,2487
697754,Mouse,4876,101
697781,Elephant,267357,2296
697813,Mouse,4059,101
697815,Mouse,4646,103
697859,Elephant,255964,2442
697862,Mouse,3091,83
697889,Mouse,4098,77
697988,Mouse,5695,73
698066,Elephant,146470,1011
698200,Mouse,3247,71
698244,Elephant,571618,3033
698262,Mouse,4527,68
698273,Mouse,4901,72
698313,Elephant,466179,2936
698357,Mouse,3706,64
698372,Mouse,3478,64
698429,Mouse,5697,66
698496,Mouse,3796,64
698695,Mouse,4338,65
698775,Mouse,4208,71
698789,Mouse,4473,65
698830,Mouse,4794,65
698877,Mouse,3036,64
698950,Mouse,4201,68
698953,Mouse,4964,70
698962,Mouse,4062,73
699059,Elephant,116900,497
699095,Mouse,3590,66
699118,Mouse,4559,69
699233,Mouse,3496,71
699280,Mouse,5799,76
699582,Mouse,3712,80
699585,Mouse,4609,81
699603,Elephant,249387,804
699778,Mouse,3910,68
699919,Mouse,3499,66
699927,Mouse,4165,71
699932,Mouse,3024,73
699964,Elephant,423133,1046
699987,Mouse,4691,74
699987,Mouse,4831,75
700013,Mouse,4500,65
700183,Mouse,3050,64
700205,Mouse,4093,65
700285,Mouse,3282,64
700390,Mouse,4753,65
700537,Mouse,5289,69
700538,Mouse,3020,67
700541,Mouse,3944,65
700614,Mouse,5224,68
700670,Mouse,4475,68
700722,Mouse,3153,64
700728,Mouse,4521,65
700760,Mouse,4049,65
700903,Mouse,3096,64
701027,Mouse,4956,65
701066,Mouse,5808,72
701068,Mouse,3156,71
701211,Mouse,4711,65
701255,Mouse,4838,65
701263,Mouse,4039,67
701298,Mouse,5070,75
701306,Mouse,4383,67
701340,Mouse,5214,76
701364,Elephant,470127,1071
701371,Mouse,4691,70
701466,Mouse,4423,65
701483,Mouse,5063,65
701532,Mouse,5298,65
701551,Mouse,5560,68
701564,Mouse,5401,65
701661,Mouse,4072,64
701687,Mouse,5059,65
701693,Mouse,4853,65
701760,Elephant,183341,640
701769,Mouse,5491,67
701809,Mouse,4686,65
701835,Mouse,3966,64
701843,Mouse,5091,65
701911,Mouse,4605,65
701915,Mouse,4438,66
701980,Mouse,3109,64
701995,Mouse,4095,64
701999,Mouse,5365,66
702008,Mouse,5804,66
702010,Mouse,3154,64
702153,Mouse,3429,64
702206,Mouse,5490,66
702257,Mouse,5609,66
702304,Mouse,3796,64
702439,Mouse,5576,66
702519,Mouse,5008,65
702531,Mouse,5031,65
702711,Mouse,3900,64
702737,Mouse,3924,64
702778,Mouse,4349,65
702843,Mouse,5814,66
702889,Mouse,3558,64
702908,Mouse,5352,65
702939,Mouse,5725,66
702952,Mouse,3320,64
703185,Mouse,5795,66
703210,Mouse,4322,65
703248,Mouse,5599,69
703265,Mouse,4935,69
703568,Elephant,125251,503
703679,Mouse,5592,70
703688,Mouse,3237,71
703709,Mouse,4077,64
703808,Mouse,3185,65
703819,Mouse,5206,67
703943,Mouse,3724,67
703949,Mouse,3190,70
704004,Mouse,3879,78
704148,Mouse,5815,97
704192,Elephant,515490,1186
704213,Mouse,3616,102
704218,Mouse,5722,95
704222,Mouse,4421,93
704264,Mouse,5268,95
704311,Mouse,5725,83
704571,Mouse,5187,71
704602,Elephant,144836,714
704604,Elephant,150366,801
704637,Mouse,5365,67
704697,Mouse,4553,65
704797,Mouse,4357,69
704847,Mouse,3055,69
704857,Mouse,5016,72
704937,Mouse,3778,67
705021,Mouse,5800,71
705115,Mouse,4077,69
705117,Mouse,4925,71
705154,Mouse,5384,74
705242,Elephant,484110,1446
705418,Mouse,3997,64
705486,Elephant,232029,201289
705559,Mouse,5127,68
705601,Mouse,4490,69
705615,Mouse,4224,64
705651,Mouse,5581,73
705714,Mouse,4290,65
705776,Mouse,4452,68
705844,Mouse,3983,64
705907,Mouse,4335,67
706185,Mouse,3270,78
706213,Elephant,257932,802
706228,Elephant,393255,201613
706344,Elephant,79852,428
706392,Mouse,4155,64
706417,Mouse,3165,64
706500,Mouse,5155,65
706594,Mouse,4995,65
706615,Mouse,3927,64
706778,Mouse,3565,64
706857,Mouse,4777,66
706859,Mouse,3882,66
706904,Mouse,5316,68
706909,Mouse,4843,65
706982,Mouse,5778,67
706985,Mouse,3831,67
706988,Mouse,4401,68
707014,Mouse,5621,66
707041,Mouse,4634,65
707051,Mouse,3272,64
707107,Mouse,3211,64
707141,Mouse,4334,65
707184,Mouse,4753,65
707195,Mouse,4391,68
707219,Mouse,5394,65
707224,Mouse,3065,64
707340,Mouse,3845,64
707386,Mouse,4329,65
707412,Mouse,4555,66
707458,Mouse,3626,64
707525,Mouse,4465,65
707576,Elephant,117585,495
707605,Mouse,4344,65
707643,Mouse,3301,64
707754,Mouse,3460,64
707793,Mouse,4137,64
707827,Mouse,3746,64
707848,Mouse,3601,64
707906,Mouse,4842,65
707931,Mouse,4845,65
707957,Mouse,3847,64
708068,Mouse,3376,64
708091,Mouse,3053,66
708091,Mouse,3502,66
708315,Mouse,3008,64
708422,Mouse,3142,64
708452,Mouse,4327,65
708540,Mouse,5566,66
708665,Mouse,3803,64
708676,Mouse,5111,65
708773,Mouse,3892,64
708874,Mouse,4110,64
708978,Mouse,5351,65
708981,Mouse,3636,66
709057,Mouse,3750,67
709135,Mouse,4756,65
709262,Mouse,4218,64
709308,Mouse,5650,67
709356,Mouse,4499,71
709392,Mouse,5395,65
709414,Elephant,57994,336
709417,Mouse,3991,72
709421,Elephant,53131,319
709455,Elephant,122971,506
709489,Mouse,3173,64
709534,Mouse,4340,65
709542,Mouse,4302,65
709578,Mouse,3735,64
709640,Mouse,4627,65
709737,Mouse,3638,64
709759,Mouse,3177,64
709830,Mouse,3943,64
709842,Mouse,3986,67
709848,Mouse,3062,66
709910,Mouse,4136,64
709915,Mouse,3891,64
709928,Mouse,5204,68
710082,Mouse,5037,65
710170,Mouse,3694,64
710266,Mouse,3150,65
710287,Mouse,3626,69
710291,Mouse,5551,72
710336,Mouse,3577,64
710426,Mouse,5141,65
710455,Elephant,259826,766
710464,Mouse,5372,65
710471,Mouse,4661,66
710476,Mouse,4102,64
710555,Mouse,3759,64
710563,Mouse,4397,65
710618,Mouse,5789,67
710632,Mouse,5134,65
710642,Mouse,4939,65
710670,Mouse,4504,71
710727,Mouse,4897,65
710736,Mouse,5014,65
710916,Mouse,5777,66
710983,Mouse,5500,66
711273,Mouse,3171,66
711341,Mouse,3398,72
711342,Mouse,5394,78
711346,Mouse,4602,70
711386,Mouse,4246,74
711404,Mouse,4777,70
711484,Elephant,364851,1015
711545,Mouse,4308,68
711675,Mouse,3529,72
711753,Elephant,34665,238
711846,Mouse,5496,68
711856,Mouse,4543,71
711870,Mouse,5243,71
711884,Mouse,3396,71
711947,Mouse,4182,66
712026,Mouse,4752,75
712091,Elephant,292258,843
712093,Mouse,3654,74
712149,Elephant,233731,744
712222,Mouse,5328,65
712369,Mouse,3091,64
712416,Mouse,5712,66
712465,Mouse,3274,64
712473,Mouse,5701,66
712577,Mouse,4404,65
712673,Mouse,4458,65
712747,Mouse,5096,65
712827,Mouse,4389,65
712922,Mouse,5240,65
713004,Mouse,5386,65
713015,Mouse,3817,64
713023,Mouse,4853,65
713039,Mouse,3426,67
713132,Mouse,4286,68
713186,Mouse,3284,64
713195,Mouse,4126,64
713261,Mouse,3309,66
713316,Mouse,5201,69
713319,Mouse,4077,69
713453,Mouse,4222,66
713468,Mouse,5280,71
713541,Mouse,3131,85
713545,Mouse,4671,88
713554,Mouse,5068,93
713595,Mouse,4204,93
713669,Mouse,5546,70
713688,Elephant,494087,1153
713690,Mouse,5670,76
713774,Mouse,4403,65
713793,Mouse,3057,68
713939,Mouse,3142,66
713980,Mouse,3195,68
714083,Mouse,5009,71
714139,Mouse,4734,71
714147,Mouse,5396,75
714246,Elephant,292468,1017
714284,Mouse,3384,67
714340,Mouse,3841,67
714408,Elephant,385150,1053
714463,Mouse,4513,65
714547,Mouse,3209,64
714576,Mouse,5442,66
714615,Mouse,4573,68
714616,Mouse,4979,69
714683,Mouse,3320,64
714743,Mouse,4186,64
714861,Elephant,55481,320
714891,Mouse,5774,66
714934,Mouse,3737,65
714937,Mouse,5628,68
714961,Mouse,5493,66
714984,Mouse,4096,64
715035,Mouse,3306,64
715038,Mouse,3076,64
715112,Mouse,4412,65
715155,Mouse,4990,66
715171,Mouse,3467,64
715190,Mouse,5063,65
715304,Mouse,5284,65
715337,Mouse,4520,65
715382,Mouse,5214,66
715441,Mouse,3912,64
715512,Mouse,5839,66
715669,Mouse,3239,67
715730,Mouse,5520,71
715887,Mouse,4062,66
715906,Mouse,3359,67
715965,Mouse,5554,70
715974,Elephant,304081,845
716015,Mouse,4859,68
716024,Mouse,3779,64
716187,Mouse,5204,65
716289,Mouse,4576,65
716352,Mouse,5661,70
716613,Mouse,5191,70
716634,Mouse,3100,64
716800,Mouse,5651,71
716815,Elephant,374378,1009
716849,Mouse,4916,71
716866,Mouse,4092,74
716872,Mouse,5416,71
716938,Mouse,5434,67
717013,Mouse,5316,76
717036,Mouse,5643,70
717077,Mouse,5776,82
717088,Mouse,5332,79
717130,Mouse,3254,81
717384,Mouse,5779,112
717403,Mouse,4692,116
717502,Mouse,4256,76
717511,Mouse,4366,84
717546,Mouse,5501,77
717655,Mouse,3594,76
717674,Mouse,4893,84
717903,Mouse,4541,94
718000,Mouse,3880,99
718053,Mouse,4057,93
718126,Mouse,3788,104
718175,Mouse,5647,109
718197,Mouse,5676,99
718202,Elephant,247871,1419
718264,Elephant,461841,1652
718322,Elephant,504776,1683
718334,Mouse,3957,65
718374,Mouse,3503,75
718425,Mouse,4263,66
718597,Mouse,4940,74
718672,Mouse,3942,79
718684,Mouse,3893,83
718694,Mouse,4935,88
718870,Mouse,4052,75
718881,Mouse,3481,84
718893,Mouse,5452,89
718900,Elephant,592474,2061
718909,Mouse,5446,87
718924,Mouse,5719,91
719207,Mouse,3700,70
719282,Elephant,334237,1104
719330,Mouse,5362,70
719370,Mouse,3559,78
719435,Elephant,530979,1867
719449,Mouse,5403,71
719458,Mouse,4792,72
719528,Mouse,4607,69
719561,Mouse,5643,66
719722,Elephant,87043,427
719731,Mouse,4492,70
719732,Mouse,5517,70
719747,Mouse,3004,67
719764,Mouse,4835,66
719952,Elephant,186533,716
719959,Mouse,3712,67
719961,Mouse,5679,69
719993,Mouse,3220,64
720031,Mouse,4213,64
720041,Mouse,4869,65
720186,Mouse,4258,67
720208,Mouse,3366,64
720271,Mouse,5829,68
720401,Mouse,4073,65
720404,Mouse,3625,64
720424,Mouse,3791,64
720452,Mouse,4378,65
720497,Mouse,4058,65
720514,Mouse,5572,66
720529,Mouse,4823,65
720597,Mouse,5790,66
720675,Mouse,5530,66
720717,Mouse,3760,65
720768,Mouse,3887,64
720848,Mouse,3422,67
720933,Mouse,5098,69
721070,Mouse,3047,65
721121,Mouse,5527,68
721204,Mouse,4572,67
721241,Mouse,4146,67
721251,Mouse,4108,69
721292,Mouse,4214,70
721310,Mouse,5600,66
721336,Mouse,5617,70
721373,Mouse,4316,68
721475,Mouse,3589,64
721484,Mouse,5644,66
721601,Mouse,3006,68
721654,Mouse,3060,68
721684,Mouse,5567,70
721724,Mouse,4739,70
721866,Elephant,519303,1129
721918,Mouse,4831,65
721938,Mouse,4377,65
722010,Mouse,4685,66
722012,Mouse,4145,66
722060,Elephant,69056,370
722065,Mouse,3784,67
722068,Mouse,3911,68
722091,Mouse,5735,66
722129,Mouse,4356,65
722171,Mouse,5369,65
722223,Mouse,5152,65
722255,Mouse,3636,64
722308,Mouse,4480,65
722313,Mouse,3035,65
722314,Mouse,3396,66
722488,Mouse,3900,64
722644,Mouse,5542,66
722698,Mouse,4919,65
722846,Mouse,5264,65
722895,Mouse,3127,64
723024,Mouse,3217,64
723081,Mouse,5132,65
723161,Mouse,4193,64
723167,Mouse,5776,66
723224,Mouse,5320,65
723234,Mouse,5283,65
723279,Mouse,4227,65
723307,Mouse,4773,65
723367,Mouse,4617,65
723490,Mouse,4372,65
723564,Mouse,4622,65
723606,Mouse,3359,64
723642,Mouse,5395,65
723663,Mouse,4715,65
723697,Mouse,4715,67
723698,Mouse,4164,67
723816,Mouse,4825,65
723851,Mouse,4911,65
723888,Mouse,3101,64
723902,Mouse,3488,64
723934,Mouse,5566,66
724119,Mouse,4864,65
724126,Mouse,3263,64
724170,Mouse,3495,64
724203,Mouse,5621,66
724244,Mouse,4314,66
724347,Mouse,3986,64
724602,Mouse,4374,65
724605,Mouse,4373,65
724700,Mouse,5270,65
724732,Mouse,3885,64
724738,Mouse,5327,65
724789,Mouse,5328,65
724793,Mouse,4558,65
724835,Mouse,4061,66
724877,Mouse,4548,65
724890,Mouse,3437,64
724998,Mouse,4105,64
725003,Mouse,4434,65
725071,Mouse,5070,68
725080,Mouse,3714,72
725181,Mouse,3802,64
725318,Mouse,5104,65
725330,Mouse,4072,67
725397,Mouse,4732,65
725405,Mouse,3445,64
725424,Mouse,5839,71
725477,Mouse,3491,71
725497,Mouse,3799,64
725502,Mouse,3800,67
725570,Mouse,4148,68
725650,Elephant,374507,944
725664,Mouse,3460,64
725673,Mouse,4167,65
725689,Mouse,4843,65
725763,Mouse,4528,65
725803,Mouse,3707,64
725816,Mouse,3183,64
725991,Mouse,5266,69
726077,Mouse,5840,70
726203,Mouse,3871,67
726235,Mouse,3257,64
726239,Mouse,4597,66
726260,Mouse,3139,64
726263,Elephant,113358,492
726268,Mouse,5388,66
726337,Mouse,4573,69
726353,Mouse,4165,67
726359,Mouse,4842,65
726363,Mouse,4701,66
726550,Mouse,4443,68
726598,Mouse,5247,73
726644,Mouse,4544,71
726656,Mouse,5475,72
726729,Mouse,5077,80
726773,Mouse,3194,74
726787,Mouse,4708,79
726955,Mouse,3292,99
726989,Mouse,3277,90
727012,Mouse,5833,101
727043,Mouse,4288,101
727058,Mouse,3596,97
727107,Mouse,3605,89
727146,Mouse,5298,88
727157,Mouse,5372,89
727310,Mouse,4514,73
727365,Mouse,4352,76
727407,Mouse,4170,82
727408,Elephant,589681,1487
727411,Mouse,4922,85
727433,Mouse,5309,79
727514,Mouse,3311,71
727614,Mouse,3892,72
727621,Mouse,3818,77
727633,Mouse,3526,79
727716,Elephant,537348,1525
727781,Mouse,3549,76
727783,Elephant,214201,996
727805,Mouse,4414,80
727830,Mouse,3880,89
727856,Mouse,3272,76
727868,Mouse,3224,81
727876,Mouse,5138,87
727884,Mouse,4817,90
727953,Mouse,3637,79
727956,Mouse,4482,80
727979,Mouse,4346,81
728002,Mouse,4878,75
728010,Mouse,5055,82
728113,Elephant,81194,485
728143,Mouse,5284,75
728207,Mouse,3830,70
728275,Mouse,3141,83
728385,Mouse,5573,101
728392,Mouse,4825,103
728402,Mouse,5716,106
728431,Mouse,4516,94
728440,Mouse,5313,96
728612,Mouse,5565,68
728657,Mouse,5808,74
728774,Mouse,3029,75
728829,Mouse,4479,88
728867,Mouse,3840,92
728892,Mouse,5208,93
728915,Mouse,3804,90
728925,Elephant,284271,1262
728936,Mouse,3357,86
728939,Elephant,140210,935
728958,Mouse,5454,82
728963,Mouse,5522,85
728967,Mouse,3264,82
728985,Mouse,5192,85
729004,Mouse,5593,75
729089,Mouse,3091,66
729189,Mouse,3230,70
729325,Mouse,3539,76
729464,Mouse,3093,91
729549,Elephant,318394,1437
729647,Mouse,3130,67
729674,Mouse,4390,80
729741,Mouse,5731,90
729746,Elephant,436874,1324
729763,Mouse,3424,74
729767,Mouse,5005,72
729821,Mouse,4322,67
729829,Mouse,4274,68
729855,Mouse,5235,66
729909,Mouse,3145,68
729911,Mouse,4019,69
729930,Mouse,3736,64
729977,Mouse,3245,64
730127,Mouse,5045,65
730177,Mouse,4723,66
730190,Mouse,4886,73
730223,Mouse,5575,69
730256,Mouse,4410,65
730267,Mouse,4970,69
730267,Mouse,3898,68
730305,Mouse,5066,68
730340,Elephant,451222,1290
730425,Mouse,5319,67
730555,Mouse,4516,69
730585,Mouse,5017,68
730643,Mouse,3186,68
730663,Mouse,5809,73
730818,Mouse,4238,71
730861,Elephant,94217,473
730903,Mouse,3007,75
730913,Mouse,3946,68
730920,Mouse,3302,68
731023,Mouse,5362,70
731070,Mouse,5839,80
731158,Mouse,4435,96
731167,Mouse,3437,98
731189,Mouse,5007,102
731218,Elephant,324463,929
731229,Mouse,4119,103
731337,Mouse,3197,65
731354,Mouse,5830,71
731355,Mouse,5508,71
731364,Elephant,331228,1023
731368,Mouse,3439,69
731412,Mouse,4490,71
731443,Mouse,5737,66
731510,Mouse,3028,66
731722,Mouse,3010,64
731736,Mouse,3621,71
731753,Elephant,138788,751
731849,Mouse,4419,71
731893,Mouse,3713,65
732023,Mouse,5345,72
732037,Elephant,89176,415
732099,Mouse,5241,70
732155,Mouse,3817,66
732210,Mouse,4389,69
732350,Elephant,393451,986
732355,Mouse,4359,65
732364,Mouse,4759,65
732405,Mouse,5025,65
732465,Mouse,4813,65
732477,Mouse,3293,64
732545,Mouse,3995,64
732655,Mouse,3254,64
732679,Mouse,4833,65
732766,Mouse,5776,66
732794,Mouse,4901,68
732795,Mouse,4616,68
732823,Mouse,4423,67
732825,Mouse,5716,69
732950,Mouse,4958,65
732967,Mouse,4001,65
732972,Mouse,5531,66
732995,Mouse,4317,65
733097,Mouse,4265,67
733107,Mouse,4042,64
733205,Mouse,5268,65
733256,Mouse,3814,67
733269,Mouse,4961,71
733282,Mouse,4759,67
733289,Mouse,3959,64
733402,Mouse,4895,77
733500,Mouse,3155,71
733545,Mouse,3917,83
733566,Mouse,3013,85
733581,Mouse,4099,92
733754,Mouse,3559,68
733888,Mouse,5078,84
733905,Mouse,3112,90
733942,Mouse,4625,99
733960,Elephant,128055,687
733979,Elephant,427373,1168
734000,Elephant,269355,1027
734006,Mouse,4140,83
734023,Mouse,3926,75
734029,Mouse,3519,64
734042,Elephant,97515,634
734255,Mouse,4915,65
734364,Mouse,3788,67
734405,Mouse,3461,66
734479,Mouse,3986,64
734607,Mouse,4788,65
734614,Mouse,4324,65
734719,Elephant,233347,723
734762,Mouse,5267,66
734824,Mouse,5669,66
734839,Mouse,5348,65
734918,Mouse,5734,66
734922,Mouse,5249,66
734933,Mouse,4848,65
735028,Mouse,4720,65
735045,Mouse,5541,66
735070,Mouse,4615,65
735105,Mouse,5381,65
735188,Mouse,3957,64
735507,Mouse,4205,64
735564,Mouse,5103,65
735598,Mouse,4219,67
735711,Mouse,5742,66
735746,Mouse,3327,64
735761,Elephant,33311,232
735762,Mouse,4342,66
735869,Mouse,5683,66
735978,Mouse,3607,64
735994,Mouse,5149,70
736006,Mouse,4863,65
736012,Mouse,3725,64
736132,Mouse,4477,65
736175,Mouse,5027,68
736179,Mouse,3930,69
736265,Mouse,4124,64
736396,Mouse,4388,68
736427,Mouse,3702,67
736534,Mouse,4093,64
736542,Mouse,5043,65
736603,Elephant,373010,937
736651,Mouse,3276,64
736663,Mouse,3981,64
736665,Mouse,3058,64
736697,Mouse,5203,66
736728,Mouse,3158,64
736785,Mouse,5754,66
736929,Mouse,3565,64
737042,Mouse,4103,64
737057,Mouse,3259,64
737132,Mouse,4640,65
737140,Mouse,4592,65
737146,Mouse,4556,65
737160,Mouse,4055,64
737172,Mouse,5636,66
737264,Mouse,4160,64
737316,Mouse,5637,66
737372,Mouse,4220,64
737391,Mouse,4425,65
737397,Mouse,4793,65
737403,Mouse,3606,64
737525,Mouse,4370,65
737598,Mouse,4531,65
737653,Mouse,5016,65
737668,Mouse,5576,66
737731,Mouse,3711,67
737741,Mouse,3504,64
737784,Mouse,5520,72
737789,Mouse,5518,71
737813,Mouse,5471,67
737817,Elephant,57201,324
737938,Mouse,3977,64
738175,Mouse,5610,66
738213,Mouse,3888,64
738287,Mouse,5212,67
738349,Mouse,3383,64
738358,Mouse,5622,69
738359,Mouse,5377,69
738395,Mouse,5665,66
738403,Elephant,110926,491
738532,Mouse,4299,65
738560,Mouse,5671,66
738673,Mouse,3158,64
738689,Mouse,4208,67
738792,Mouse,5011,65
738917,Mouse,4925,65
738927,Mouse,3643,64
738954,Mouse,4903,65
738984,Mouse,4540,67
739036,Mouse,4925,72
739056,Mouse,5192,65
739120,Mouse,4684,65
739151,Mouse,3469,64
739213,Elephant,161274,593
739333,Mouse,3938,68
739385,Mouse,5112,65
739401,Mouse,4233,64
739635,Mouse,3385,67
739645,Mouse,5485,73
739719,Mouse,3596,70
739759,Mouse,3390,72
739815,Elephant,176493,637
739820,Mouse,5040,74
739823,Mouse,4697,75
739894,Mouse,4189,72
739948,Mouse,3019,74
740040,Elephant,58982,347
740077,Mouse,3149,79
740087,Elephant,127669,535
740090,Mouse,4088,84
740108,Elephant,144113,558
740152,Mouse,5415,68
740167,Mouse,3597,64
740207,Mouse,3565,64
740235,Mouse,3771,65
740263,Mouse,5802,66
740281,Elephant,62319,335
740283,Mouse,5380,66
740552,Mouse,4694,66
740813,Mouse,4627,88
740817,Mouse,5297,91
740856,Elephant,54230,357
740877,Mouse,4257,99
740914,Mouse,4541,106
740927,Mouse,3264,101
740949,Mouse,4960,94
740987,Mouse,4010,93
741063,Mouse,3072,66
741185,Mouse,5562,78
741203,Mouse,3803,84
741321,Mouse,3801,99
741343,Elephant,193289,926
741438,Mouse,3903,74
741510,Mouse,5500,75
741514,Mouse,5093,77
741541,Mouse,5287,79
741592,Mouse,3425,88
741593,Mouse,5254,90
741602,Mouse,3979,91
741772,Mouse,3783,99
741883,Mouse,5224,118
741961,Mouse,3017,116
741982,Mouse,5757,117
742066,Mouse,4102,88
742084,Mouse,5557,97
742104,Mouse,3440,93
742160,Elephant,393736,1515
742198,Mouse,4881,105
742251,Elephant,246761,1675
742319,Mouse,4469,75
742449,Elephant,111382,848
742497,Elephant,410864,2080
742520,Mouse,5633,76
742565,Mouse,3586,73
742639,Elephant,536496,2202
742767,Mouse,4537,65
742801,Mouse,3721,68
742851,Mouse,3216,65
743099,Mouse,3476,64
743115,Mouse,5631,66
743161,Mouse,3244,64
743211,Mouse,3254,67
743240,Mouse,4126,72
743256,Mouse,3693,68
743293,Mouse,3788,77
743415,Mouse,3073,69
743416,Mouse,3562,69
743480,Mouse,5383,75
743591,Mouse,4153,72
743808,Mouse,4079,91
743881,Mouse,4430,102
743890,Elephant,470192,1303
743894,Mouse,4630,92
743899,Mouse,4758,92
743932,Mouse,5629,92
744024,Mouse,3188,72
744071,Mouse,4175,74
744079,Mouse,5646,73
744131,Mouse,4773,71
744251,Mouse,5009,72
744274,Mouse,4865,75
744309,Mouse,5751,83
744346,Mouse,4659,88
744357,Elephant,399811,1290
744377,Elephant,192520,858
744472,Mouse,3778,65
744485,Mouse,4994,66
744603,Mouse,4862,67
744622,Mouse,4812,65
744632,Mouse,4362,65
744655,Mouse,5086,65
744796,Mouse,5278,65
744858,Mouse,3178,64
744959,Mouse,3857,65
744976,Mouse,5235,65
744990,Mouse,4559,65
745031,Mouse,5182,65
745041,Mouse,4503,65
745133,Mouse,4448,65
745173,Mouse,5543,67
745193,Mouse,4552,65
745291,Mouse,4361,66
745293,Mouse,3988,66
745302,Mouse,4703,66
745389,Mouse,4189,66
745493,Mouse,5696,66
745529,Mouse,4295,65
745655,Mouse,5755,66
745735,Mouse,4788,65
745749,Mouse,4033,66
745753,Mouse,5680,67
745825,Mouse,3108,64
745861,Mouse,3777,64
745927,Mouse,4023,67
745948,Mouse,5669,66
745997,Mouse,3411,64
746040,Mouse,4208,65
746080,Mouse,3400,64
746100,Mouse,4329,65
746160,Mouse,5356,65
746168,Mouse,5642,66
746172,Mouse,3971,64
746179,Elephant,70008,365
746185,Mouse,5021,66
746192,Mouse,4979,65
746257,Mouse,3473,64
746288,Mouse,4033,64
746316,Mouse,4269,65
746332,Mouse,3894,65
746415,Mouse,5246,65
746521,Mouse,5610,66
746566,Mouse,4517,65
746582,Mouse,3137,64
746706,Mouse,5071,66
746782,Mouse,3622,64
746922,Mouse,5231,66
747027,Mouse,4858,65
747069,Mouse,3428,64
747092,Mouse,4484,65
747203,Mouse,4403,65
747262,Mouse,4060,68
747316,Mouse,5576,67
747370,Mouse,3083,66
747404,Mouse,3768,69
747408,Mouse,4328,71
747541,Mouse,4494,73
747565,Elephant,41883,291
747577,Mouse,5417,72
747660,Mouse,5527,83
747668,Mouse,5326,88
747696,Mouse,3894,89
747726,Mouse,3302,106
747795,Mouse,3905,108
747825,Mouse,4246,90
747871,Mouse,3556,70
747919,Mouse,4277,67
747949,Mouse,4832,73
747971,Mouse,3825,72
748157,Elephant,244498,201341
748170,Mouse,3408,79
748174,Elephant,127877,618
748213,Mouse,3001,78
748224,Mouse,3762,75
748287,Elephant,301157,1155
748340,Mouse,3054,64
748392,Mouse,5652,67
748403,Mouse,4412,67
748475,Mouse,5083,65
748624,Mouse,4045,67
748701,Mouse,5688,68
748711,Mouse,4475,65
748723,Mouse,4954,71
748772,Mouse,4465,73
748844,Elephant,221584,725
748847,Mouse,3487,66
748877,Mouse,3002,64
748915,Mouse,4711,68
748951,Mouse,4732,65
748974,Mouse,5083,65
748988,Mouse,4694,65
749083,Mouse,3104,65
749092,Mouse,3310,64
749231,Mouse,3995,65
749384,Mouse,4688,68
749429,Mouse,4237,68
749492,Mouse,4984,71
749528,Mouse,4478,70
749557,Mouse,3671,68
749585,Mouse,5221,72
749813,Mouse,3710,79
749855,Mouse,3493,84
749918,Mouse,4016,92
750080,Elephant,529378,1337
750084,Mouse,3204,100
750215,Mouse,5055,67
750253,Elephant,45607,351
750499,Mouse,3613,72
750505,Mouse,4085,72
750514,Mouse,3552,77
750550,Elephant,537765,1389
750589,Mouse,5367,84
750645,Mouse,5227,73
750808,Mouse,4859,67
750844,Mouse,4089,69
750881,Mouse,3637,69
750954,Mouse,3252,72
751009,Mouse,4747,85
751018,Mouse,3393,85
751075,Mouse,5608,97
751087,Mouse,4852,102
751200,Mouse,4538,73
751284,Mouse,4108,78
751291,Mouse,4253,81
751420,Mouse,3996,87
751476,Mouse,3355,74
751503,Mouse,5137,80
751522,Mouse,4376,74
751529,Mouse,4934,79
751543,Mouse,4911,83
751561,Elephant,159509,704
751564,Mouse,4073,76
751574,Mouse,3116,73
751643,Mouse,4646,67
751688,Mouse,4178,67
751825,Mouse,4765,67
751831,Elephant,490202,1440
751838,Mouse,3008,64
751863,Mouse,3524,64
751960,Mouse,4623,65
752005,Mouse,4541,69
752094,Mouse,4660,65
752108,Mouse,3574,67
752130,Mouse,4471,65
752183,Mouse,4095,64
752202,Mouse,4035,67
752265,Mouse,3291,64
752327,Mouse,3693,68
752400,Mouse,4118,76
752428,Mouse,3374,68
752456,Elephant,142800,546
752567,Mouse,4567,72
752657,Mouse,4499,72
752665,Mouse,4233,72
752684,Mouse,4864,76
752979,Mouse,3325,97
752994,Mouse,4651,106
753039,Mouse,5049,104
753109,Mouse,4625,85
753167,Elephant,515999,1290
753277,Mouse,4893,73
753372,Mouse,5048,84
753451,Mouse,3854,97
753495,Mouse,5467,111
753532,Mouse,3416,88
753632,Mouse,3085,75
753644,Mouse,3447,80
753704,Mouse,3324,90
753758,Mouse,3162,92
753797,Mouse,4358,95
753818,Mouse,5830,99
753883,Mouse,4557,102
753968,Mouse,5286,88
753977,Mouse,5077,91
753978,Mouse,4253,88
754008,Mouse,3563,109
754023,Mouse,4602,94
754064,Mouse,3839,119
754145,Mouse,3466,90
754159,Mouse,4937,95
754195,Elephant,541793,1925
754292,Mouse,5626,70
754321,Mouse,3997,76
754342,Mouse,5481,79
754465,Mouse,4650,87
754492,Mouse,4543,98
754537,Mouse,3221,107
754577,Mouse,3357,108
754600,Mouse,3705,111
754601,Mouse,3715,112
754635,Mouse,3239,110
754652,Mouse,3963,104
754653,Mouse,3595,104
754660,Elephant,447556,2256
754804,Mouse,5439,73
754929,Mouse,5322,86
754966,Elephant,430106,2175
755018,Mouse,3361,81
755281,Mouse,5019,99
755322,Mouse,3102,107
755329,Mouse,5684,110
755406,Mouse,4160,86
755415,Mouse,3271,83
755419,Mouse,3940,86
755672,Mouse,3298,95
755706,Mouse,5229,104
755785,Mouse,5759,94
755794,Mouse,5543,95
755903,Mouse,3850,91
755928,Elephant,570544,2920
755934,Elephant,310083,1763
755946,Mouse,4112,79
755988,Mouse,4837,76
756025,Mouse,4535,66
756033,Elephant,419087,2202
756050,Mouse,5229,70
756069,Mouse,3828,74
756085,Mouse,3768,66
756141,Mouse,3333,70
756141,Mouse,3654,72
756143,Elephant,539226,2365
756163,Mouse,3360,73
756168,Mouse,4333,76
756172,Mouse,5184,70
756216,Mouse,3173,65
756226,Mouse,4697,65
756232,Elephant,139750,893
756337,Mouse,3940,71
756342,Mouse,3529,64
756403,Elephant,52152,321
756500,Mouse,3861,67
756564,Mouse,4092,72
756574,Mouse,5684,75
756575,Mouse,5367,75
756607,Mouse,5037,72
756654,Mouse,4644,72
756796,Mouse,4956,68
756801,Mouse,3563,69
757060,Mouse,4627,94
757104,Mouse,3473,100
757201,Mouse,5769,93
757223,Mouse,3433,85
757244,Mouse,5025,80
757261,Mouse,3669,83
757331,Mouse,5151,69
757355,Mouse,4719,76
757419,Elephant,482745,1248
757425,Mouse,3527,67
757437,Mouse,3942,71
757451,Elephant,317695,1048
757488,Mouse,5118,68
757507,Mouse,3177,67
757513,Mouse,5769,68
757592,Mouse,5437,71
757634,Mouse,5811,70
757647,Mouse,5308,67
757685,Mouse,3289,69
757686,Mouse,3370,70
757694,Mouse,3725,67
757740,Mouse,4455,65
757746,Mouse,3743,65
757822,Elephant,329179,1331
757837,Mouse,3825,67
757920,Mouse,5828,68
757921,Mouse,4916,68
758031,Mouse,4679,69
758044,Mouse,4792,73
758065,Mouse,5506,70
758081,Mouse,3251,72
758089,Mouse,3411,75
758095,Mouse,5565,76
758191,Mouse,4524,70
758197,Mouse,5201,73
758284,Elephant,305333,858
758357,Mouse,3121,66
758477,Mouse,4716,65
758492,Mouse,5140,69
758549,Mouse,3351,73
758613,Mouse,5728,68
758708,Elephant,329724,1059
758727,Mouse,3749,64
758764,Mouse,4496,65
758768,Mouse,3986,65
758835,Mouse,5382,65
759044,Mouse,3113,64
759055,Mouse,3200,67
759061,Mouse,3024,69
759071,Mouse,3752,64
759155,Mouse,3074,64
759259,Mouse,5485,66
759279,Mouse,5555,69
759292,Mouse,3250,72
759301,Mouse,3801,65
759340,Mouse,3105,64
759418,Elephant,210528,686
759433,Mouse,4345,65
759458,Mouse,5544,68
759463,Mouse,3111,64
759483,Mouse,4025,64
759777,Mouse,5222,65
759792,Mouse,3251,67
759886,Mouse,4055,64
759937,Mouse,3950,64
759945,Mouse,4496,65
760036,Mouse,4493,65
760038,Mouse,3192,64
760068,Mouse,3385,71
760073,Mouse,3993,65
760118,Mouse,5803,66
760183,Mouse,3663,69
760187,Elephant,63495,339
760195,Mouse,3638,72
760231,Mouse,3288,71
760257,Mouse,4476,78
760267,Mouse,4481,82
760327,Mouse,5559,77
760370,Mouse,3755,71
760434,Mouse,5028,71
760496,Mouse,3260,81
760519,Elephant,421580,1055
760521,Mouse,4858,88
760524,Mouse,3932,82
760621,Mouse,3360,64
760634,Mouse,5519,70
760701,Mouse,3768,71
760786,Mouse,4166,69
760823,Mouse,3906,68
760889,Mouse,4304,75
760938,Mouse,4877,76
760955,Mouse,4044,79
760959,Mouse,4058,82
760971,Mouse,5458,88
761005,Mouse,5462,90
761089,Elephant,289106,904
761105,Mouse,4615,89
761177,Elephant,383472,1074
761222,Mouse,4847,70
761259,Mouse,3575,64
761303,Mouse,3341,64
761398,Mouse,5630,67
761537,Mouse,4172,66
761562,Mouse,5473,66
761593,Mouse,3233,69
761620,Mouse,3050,64
761637,Mouse,5557,70
761647,Mouse,3899,68
761753,Mouse,3801,66
761760,Mouse,4776,69
761764,Mouse,4241,71
761792,Mouse,4544,67
761841,Mouse,3470,69
761957,Mouse,5159,68
761997,Mouse,3182,67
762027,Mouse,3664,73
762241,Mouse,4516,82
762245,Mouse,4926,83
762254,Mouse,3362,86
762325,Mouse,4014,101
762390,Mouse,4354,100
762416,Elephant,466010,1153
762441,Mouse,4179,88
762464,Mouse,4534,83
762550,Mouse,3998,66
762655,Mouse,4514,72
762658,Mouse,3318,73
762705,Mouse,5498,84
762722,Mouse,4043,90
762755,Mouse,3685,95
762772,Mouse,5444,101
762783,Mouse,4967,100
762826,Mouse,3517,104
762828,Mouse,4552,107
762875,Mouse,5734,104
762893,Mouse,3808,100
762949,Elephant,53412,408
762961,Mouse,4963,80
762984,Mouse,4317,82
762985,Mouse,5054,86
763059,Elephant,88169,684
763158,Mouse,3714,65
763184,Mouse,5186,70
763304,Mouse,4226,71
763330,Mouse,3592,75
763349,Mouse,4153,86
763350,Mouse,5703,87
763417,Elephant,558832,1793
763427,Mouse,3881,73
763444,Mouse,5432,83
763447,Mouse,5121,83
763482,Mouse,4897,71
763511,Mouse,3533,70
763531,Mouse,4865,69
763538,Mouse,3963,68
763618,Mouse,5794,72
763627,Mouse,3678,66
763724,Mouse,3994,68
763738,Mouse,3833,72
763866,Mouse,3751,88
763959,Mouse,4708,117
763976,Mouse,4795,121
764047,Mouse,3378,117
764078,Mouse,4544,121
764108,Mouse,4997,118
764223,Mouse,4049,75
764277,Mouse,3105,80
764415,Mouse,4003,83
764473,Mouse,5017,102
764516,Mouse,5039,113
764529,Mouse,3611,122
764637,Mouse,5514,119
764699,Mouse,3168,103
764700,Mouse,4216,103
764761,Mouse,4247,92
764785,Elephant,409772,1639
764797,Mouse,5014,87
764862,Mouse,4968,77
764921,Mouse,5511,76
764955,Elephant,79336,607
764967,Mouse,5478,78
765009,Mouse,3510,83
765073,Mouse,3587,79
765123,Mouse,3259,85
765128,Mouse,3577,86
765151,Mouse,5589,89
765226,Elephant,273323,1443
765252,Mouse,3101,79
765375,Mouse,5802,89
765431,Mouse,3367,93
765465,Mouse,5004,97
765485,Mouse,4708,87
765507,Mouse,5565,96
765543,Mouse,5141,87
765575,Mouse,5723,88
765679,Mouse,4634,79
765721,Mouse,5633,90
765751,Mouse,4097,93
765782,Mouse,4941,100
765939,Mouse,4058,83
765971,Elephant,598473,2563
766022,Elephant,72274,461
766046,Mouse,4830,85
766064,Mouse,5734,88
766113,Mouse,4096,80
766116,Mouse,3818,73
766117,Mouse,4230,71
766149,Mouse,4342,71
766230,Mouse,3900,70
766237,Mouse,5557,69
766243,Mouse,3046,70
766349,Mouse,4413,71
766353,Mouse,5621,72
766396,Elephant,553359,2672
766419,Mouse,3488,64
766503,Mouse,4523,69
766526,Mouse,5246,65
766568,Mouse,3910,65
766603,Mouse,4665,65
766633,Mouse,3922,68
766738,Mouse,4101,64
766915,Mouse,4249,64
766922,Mouse,5824,66
766942,Mouse,5160,65
766994,Mouse,5581,66
767083,Mouse,4299,66
767211,Mouse,4267,66
767231,Mouse,4149,66
767286,Mouse,5237,65
767299,Mouse,5840,67
767336,Mouse,3748,64
767402,Mouse,4352,66
767405,Mouse,3072,66
767421,Mouse,3271,64
767512,Mouse,3602,66
767593,Mouse,4218,64
767605,Mouse,5304,69
767619,Mouse,4442,69
767626,Mouse,5392,65
767688,Mouse,4925,67
767736,Mouse,4199,67
767766,Mouse,4870,65
768096,Mouse,3677,68
768131,Mouse,3276,77
768132,Mouse,5062,80
768138,Mouse,3534,81
768214,Mouse,3830,86
768319,Mouse,4979,74
768350,Elephant,99607,490
768440,Mouse,3930,78
768461,Mouse,5735,86
768607,Mouse,4428,95
768681,Mouse,3198,93
768713,Elephant,529411,1391
768738,Mouse,3011,82
768781,Mouse,3299,70
768785,Mouse,4736,69
768833,Mouse,3508,66
768973,Mouse,4754,72
769122,Mouse,5766,88
769407,Mouse,3112,103
769415,Elephant,162686,1094
769572,Elephant,511642,1776
769617,Mouse,3710,84
769632,Mouse,3175,81
769642,Mouse,3930,83
769667,Mouse,4991,90
769733,Elephant,107116,695
769739,Elephant,300668,1383
769757,Mouse,4393,78
769757,Mouse,3550,76
769829,Mouse,5500,74
769858,Mouse,5043,70
769880,Mouse,4937,67
769918,Mouse,4719,79
770040,Elephant,435745,1814
770135,Mouse,5811,71
770168,Elephant,176238,685
770220,Mouse,3020,64
770237,Mouse,5578,69
770245,Mouse,3230,64
770501,Mouse,5676,71
770522,Mouse,5368,65
770538,Mouse,3170,67
770582,Mouse,4516,68
770682,Mouse,5149,66
770715,Mouse,5812,67
770727,Mouse,3741,69
770730,Mouse,4364,67
770737,Mouse,4047,64
770815,Mouse,5671,70
770901,Mouse,4872,68
771024,Mouse,5571,69
771145,Mouse,3027,67
771189,Elephant,580911,1207
771210,Mouse,5608,66
771224,Mouse,5382,67
771288,Mouse,4034,64
771399,Mouse,4357,69
771447,Mouse,3525,71
771595,Mouse,4847,70
771619,Mouse,4146,67
771643,Mouse,3264,64
771688,Mouse,3364,71
771692,Mouse,5007,67
771743,Mouse,4012,66
771751,Mouse,4355,69
771761,Mouse,3728,70
771822,Mouse,4660,79
771831,Mouse,5507,84
771849,Mouse,4959,90
771878,Mouse,3818,86
771881,Mouse,3039,88
771954,Elephant,37939,295
771962,Mouse,5813,90
771979,Mouse,4152,73
772022,Mouse,3629,65
772038,Mouse,4219,68
772154,Elephant,364724,1038
772169,Mouse,5103,74
772188,Mouse,5404,67
772208,Elephant,288514,947
772256,Mouse,4001,64
772294,Mouse,3578,67
772370,Mouse,3598,66
772437,Mouse,3767,71
772502,Elephant,112097,499
772578,Mouse,3830,65
772598,Mouse,3522,67
772604,Mouse,3725,66
772634,Mouse,4786,70
772684,Mouse,4241,71
772825,Mouse,4439,69
772888,Mouse,4731,75
772903,Mouse,5383,82
772955,Mouse,3114,82
773028,Mouse,5500,87
773035,Mouse,3717,89
773149,Mouse,4106,90
773193,Mouse,4774,88
773381,Mouse,5306,81
773536,Mouse,5556,99
773551,Elephant,406128,1241
773558,Mouse,3334,104
773564,Mouse,3815,105
773567,Mouse,3271,96
773575,Elephant,297395,1111
773606,Mouse,3079,91
773618,Mouse,3134,75
773718,Mouse,3975,65
773735,Mouse,5179,69
773759,Elephant,462025,1326
773834,Mouse,4051,64
774038,Mouse,4067,68
774096,Mouse,5254,65
774099,Mouse,3123,64
774112,Mouse,4368,69
774171,Mouse,4550,72
774208,Mouse,4639,70
774233,Mouse,3184,68
774339,Mouse,4745,71
774425,Elephant,130171,553
774483,Mouse,3480,68
774545,Mouse,3255,77
774656,Elephant,297830,896
774689,Mouse,5189,110
774837,Mouse,3279,64
774843,Elephant,295663,966
774924,Mouse,3220,64
774928,Mouse,4199,64
774971,Mouse,4493,68
775091,Mouse,5153,71
775147,Mouse,4775,75
775374,Mouse,4783,87
775494,Mouse,4796,111
775513,Mouse,3970,96
775566,Mouse,4361,105
775571,Mouse,3907,98
775634,Mouse,5314,77
775668,Mouse,3598,70
775732,Mouse,5429,74
775787,Mouse,3933,80
775922,Mouse,3264,83
775934,Mouse,3273,85
776025,Mouse,5116,88
776039,Mouse,4716,89
776043,Mouse,3815,88
776066,Mouse,4336,91
776095,Mouse,3057,90
776097,Elephant,575059,1608
776127,Mouse,5687,92
776184,Mouse,3693,73
776185,Mouse,5488,75
776200,Mouse,3829,70
776364,Mouse,5187,78
776518,Elephant,253703,896
776544,Mouse,3177,90
776547,Elephant,382300,1498
776553,Mouse,4725,79
776631,Mouse,5799,71
776794,Mouse,4879,69
776863,Mouse,4882,67
776991,Mouse,3603,67
776997,Mouse,4652,66
777202,Mouse,4459,73
777217,Mouse,4522,77
777271,Mouse,5176,81
777302,Elephant,514496,1195
777338,Mouse,4363,77
777343,Mouse,3196,75
777429,Mouse,4126,64
777442,Mouse,4323,71
777471,Mouse,3499,66
777500,Mouse,3521,64
777625,Mouse,4367,65
777748,Mouse,4530,73
777756,Mouse,3122,74
777889,Mouse,5693,70
777954,Mouse,4157,75
777986,Mouse,4856,84
777994,Mouse,4240,81
778139,Mouse,4164,84
778143,Mouse,4031,87
778173,Mouse,5652,91
778177,Elephant,462864,1144
778181,Mouse,4795,87
778203,Mouse,5589,81
778258,Mouse,3722,68
778342,Elephant,336910,1015
778346,Mouse,4613,67
778358,Mouse,4523,65
778468,Mouse,5429,65
778495,Mouse,3605,65
778497,Mouse,3547,66
778571,Mouse,4044,64
778635,Mouse,3406,69
778638,Mouse,4096,70
778647,Mouse,3711,73
778756,Mouse,4693,65
778991,Mouse,3544,65
779045,Mouse,4700,68
779063,Elephant,269440,844
779100,Mouse,4199,64
779105,Mouse,4800,65
779266,Mouse,4517,65
779309,Mouse,3106,64
779380,Mouse,3814,64
779434,Mouse,4070,64
779471,Mouse,3417,64
779507,Mouse,5672,73
779516,Mouse,4412,71
779521,Mouse,4371,72
779526,Mouse,4820,70
779606,Mouse,3354,64
779649,Mouse,4574,71
779774,Mouse,4172,72
779843,Mouse,5118,71
779931,Mouse,3803,77
779945,Mouse,5231,78
780060,Mouse,5614,77
780079,Mouse,4058,81
780221,Elephant,436457,1139
780375,Mouse,5258,73
780404,Mouse,4993,76
780406,Mouse,4824,78
780455,Elephant,569008,1246
780547,Mouse,4407,65
780595,Mouse,5255,65
780640,Mouse,3979,64
780688,Mouse,4983,65
780692,Mouse,3947,64
780764,Mouse,3867,64
780817,Mouse,4624,65
781077,Mouse,4440,65
781164,Mouse,4512,73
781216,Mouse,3470,76
781236,Mouse,4448,83
781306,Mouse,5155,92
781326,Mouse,4707,94
781385,Elephant,162694,668
781391,Mouse,3786,82
781419,Mouse,5519,80
781486,Mouse,3611,68
781493,Mouse,3113,71
781635,Mouse,4007,82
781757,Mouse,3603,88
781774,Mouse,3593,93
781828,Mouse,5420,105
781887,Elephant,536297,1419
781928,Mouse,4681,89
781942,Mouse,4298,83
781953,Mouse,5810,71
782068,Elephant,30876,226
782079,Mouse,3503,71
782117,Mouse,3904,68
782146,Mouse,3335,67
782154,Mouse,4136,66
782178,Elephant,172496,876
782182,Mouse,3729,72
782317,Mouse,3254,66
782390,Mouse,5334,70
782408,Mouse,5691,76
782413,Elephant,440062,1559
782483,Mouse,4569,67
782548,Mouse,3298,67
782569,Mouse,5188,69
782575,Mouse,3355,69
782629,Mouse,4253,72
782748,Mouse,5707,76
782766,Mouse,5580,79
782784,Mouse,3577,78
782811,Elephant,363985,1329
782845,Mouse,4378,79
782893,Mouse,3111,64
782898,Mouse,5121,65
782956,Mouse,4454,69
783039,Mouse,3301,66
783051,Elephant,227210,789
783061,Mouse,5298,72
783122,Mouse,5299,76
783125,Mouse,5819,78
783179,Mouse,4863,65
783206,Mouse,4597,69
783256,Mouse,5522,69
783279,Mouse,3133,67
783313,Mouse,3773,67
783334,Mouse,5465,71
783383,Mouse,3508,71
783428,Mouse,3870,69
783455,Mouse,5606,78
783499,Elephant,59968,338
783579,Mouse,4035,69
783654,Elephant,450724,1079
783697,Mouse,4859,66
783950,Mouse,3692,64
783963,Mouse,4373,65
784076,Mouse,3008,64
784178,Mouse,3276,67
784207,Mouse,3534,64
784245,Elephant,379058,960
784391,Mouse,4155,64
784437,Mouse,4711,65
784705,Mouse,4428,65
784724,Mouse,3071,65
784753,Mouse,3585,68
784761,Mouse,4950,72
784946,Mouse,4746,69
784979,Elephant,277726,810
785037,Mouse,3421,64
785077,Mouse,3921,64
785160,Mouse,4852,65
785290,Mouse,3073,64
785320,Mouse,3150,64
785454,Mouse,5164,70
785462,Mouse,4906,65
785544,Mouse,4846,65
785755,Mouse,3480,69
785795,Elephant,511471,1133
785825,Mouse,3936,64
785866,Mouse,4171,68
786039,Mouse,3515,66
786086,Mouse,3704,69
786097,Mouse,3417,64
786243,Mouse,3039,67
786273,Mouse,5626,66
786293,Mouse,5760,72
786301,Mouse,4289,73
786462,Mouse,5227,70
786485,Mouse,4772,72
786512,Mouse,3972,72
786541,Mouse,5622,80
786640,Elephant,460283,1063
786656,Mouse,4841,72
786659,Mouse,3931,73
786686,Mouse,5795,66
786815,Mouse,4627,66
786924,Mouse,4873,69
786951,Mouse,3863,66
786967,Mouse,5717,73
787021,Mouse,3970,67
787026,Mouse,3990,70
787038,Mouse,4916,73
787087,Mouse,3076,69
787104,Mouse,5512,70
787110,Mouse,3981,72
787295,Mouse,4707,80
787299,Mouse,5511,82
787332,Elephant,336341,927
787380,Mouse,4288,85
787443,Mouse,4590,69
787462,Mouse,5244,73
787470,Mouse,3291,64
787568,Mouse,5676,80
787595,Mouse,3165,79
787743,Mouse,4897,89
787761,Mouse,3788,93
787895,Mouse,3251,89
787990,Elephant,532444,1289
787991,Mouse,3564,76
788008,Mouse,5334,80
788123,Mouse,4461,66
788134,Mouse,3019,67
788139,Elephant,253173,1066
788217,Mouse,3439,64
788271,Mouse,3596,65
788344,Mouse,4371,76
788512,Elephant,100582,471
788556,Mouse,4969,73
788568,Mouse,4240,74
788725,Mouse,5638,85
788751,Mouse,5839,93
788846,Mouse,4432,107
788903,Mouse,4871,99
788935,Mouse,5658,104
788943,Mouse,3909,108
788965,Mouse,4753,108
789044,Mouse,4447,114
789065,Mouse,5100,114
789140,Mouse,4710,89
789154,Elephant,488791,1732
789156,Mouse,4913,82
789158,Elephant,522262,1749
789165,Mouse,3949,69
789170,Mouse,3616,67
789203,Mouse,3842,66
789230,Mouse,5075,71
789242,Mouse,4067,69
789411,Mouse,3579,67
789566,Mouse,4992,67
789608,Mouse,4317,85
789614,Elephant,100394,689
789690,Mouse,5257,97
789705,Mouse,3947,102
789813,Mouse,3442,73
789821,Mouse,3847,73
789859,Mouse,4812,77
789868,Mouse,5557,83
789949,Mouse,4956,87
789965,Mouse,3546,85
789985,Mouse,4478,84
789985,Mouse,3417,84
789995,Mouse,3539,83
790039,Mouse,3429,89
790058,Mouse,5738,90
790061,Mouse,3956,91
790075,Mouse,3351,94
790144,Mouse,4515,82
790195,Mouse,4701,78
790216,Mouse,4777,88
790307,Mouse,3212,94
790324,Mouse,4303,88
790329,Mouse,5625,95
790360,Mouse,4644,95
790417,Mouse,5229,94
790472,Mouse,3307,84
790484,Mouse,5375,87
790587,Mouse,3630,72
790614,Mouse,3920,77
790678,Mouse,3938,81
790695,Mouse,4411,89
790749,Elephant,523668,2113
790842,Mouse,5737,77
790962,Mouse,3030,83
790986,Elephant,364684,1627
791058,Mouse,3070,74
791059,Mouse,3593,75
791075,Mouse,4845,69
791082,Mouse,3266,70
791132,Mouse,4184,73
791152,Mouse,4179,72
791215,Mouse,3842,78
791378,Mouse,5832,84
791408,Mouse,3234,88
791432,Mouse,5143,90
791603,Elephant,509759,2099
791680,Mouse,5425,74
791721,Mouse,5777,78
791739,Mouse,3418,83
791741,Mouse,5273,86
791772,Elephant,90540,639
791808,Mouse,3804,78
791821,Mouse,4107,73
791841,Mouse,4574,72
791864,Mouse,3347,79
791906,Mouse,4666,77
791921,Mouse,3501,70
791962,Mouse,4624,73
792022,Mouse,4145,67
792038,Mouse,5292,74
792127,Mouse,4491,90
792128,Mouse,3224,90
792131,Mouse,5671,93
792257,Mouse,4915,78
792296,Mouse,4214,70
792416,Mouse,3368,74
792547,Elephant,417367,1242
792634,Mouse,3565,67
792738,Mouse,4751,70
792754,Mouse,5821,67
792864,Mouse,4237,68
792868,Elephant,294234,878
793031,Mouse,5015,65
793331,Mouse,3436,64
793381,Mouse,4051,64
793403,Mouse,3052,64
793423,Mouse,4204,65
793446,Mouse,4840,65
793452,Mouse,4416,65
793478,Mouse,4503,65
793700,Mouse,3809,64
793716,Mouse,5105,69
793766,Mouse,3479,64
793860,Mouse,3234,65
793915,Mouse,3937,65
793961,Mouse,3302,64
794025,Mouse,4921,69
794035,Mouse,5470,76
794274,Mouse,3175,78
794320,Mouse,3311,88
794392,Elephant,268926,830
794429,Mouse,3559,86
794903,Mouse,3845,93
794972,Mouse,3963,99
795057,Mouse,4363,88
795075,Mouse,5816,97
795078,Mouse,5748,97
795110,Mouse,3132,100
795175,Mouse,4022,93
795181,Mouse,4080,96
795189,Elephant,545254,1370
795193,Mouse,3376,85
795197,Mouse,4089,84
795216,Mouse,4063,82
795223,Mouse,3410,84
795246,Mouse,4752,78
795252,Mouse,5472,80
795340,Mouse,4945,67
795364,Mouse,4354,80
795375,Mouse,4226,83
795400,Elephant,485346,1684
795409,Mouse,3920,76
795469,Mouse,5306,68
795539,Mouse,4269,65
795560,Mouse,3932,66
795581,Mouse,4545,75
795585,Mouse,4701,77
796031,Mouse,5628,100
796064,Elephant,389139,1512
796112,Mouse,3195,92
796121,Mouse,4975,96
796292,Mouse,4348,94
796339,Mouse,5334,107
796393,Elephant,277121,1118
796476,Elephant,364813,1404
796502,Mouse,5453,82
796615,Mouse,5660,67
796695,Mouse,3584,67
796761,Mouse,4632,73
796817,Mouse,5634,73
796851,Mouse,4464,80
796854,Mouse,4615,83
797017,Mouse,3218,72
797027,Elephant,46588,368
797050,Mouse,5164,76
797150,Mouse,4275,85
797218,Mouse,5146,89
797294,Mouse,5124,105
797337,Mouse,3929,116
797403,Mouse,3909,123
797418,Mouse,5390,121
797466,Mouse,5800,132
797506,Elephant,433516,1903
797515,Mouse,3705,138
797562,Mouse,4403,137
797571,Mouse,5689,139
797616,Mouse,3959,107
797640,Mouse,3920,90
797677,Mouse,5665,87
797724,Mouse,5023,85
797746,Mouse,3175,82
797964,Mouse,3701,87
798081,Mouse,3856,99
798110,Mouse,4804,100
798167,Elephant,468307,2173
798199,Mouse,5348,103
798216,Mouse,4710,104
798225,Mouse,5453,97
798242,Mouse,4503,91
798249,Mouse,4213,88
798334,Mouse,3791,71
798344,Mouse,4897,68
798361,Mouse,4117,75
798374,Mouse,3342,75
798381,Elephant,456527,2293
798391,Mouse,4793,71
798435,Mouse,4002,67
798492,Mouse,3112,73
798600,Mouse,4052,68
798674,Mouse,5617,69
798676,Mouse,3277,69
798735,Mouse,4286,75
798747,Mouse,5199,80
798939,Mouse,3961,84
798976,Elephant,149081,635
798981,Mouse,5671,82
798998,Mouse,5417,80
799006,Mouse,3632,81
799079,Mouse,5566,84
799118,Mouse,5708,72
799176,Mouse,5007,71
799226,Elephant,548999,1669
799258,Mouse,4452,72
799357,Mouse,4763,69
799415,Mouse,3551,67
799416,Mouse,5096,69
799472,Elephant,52699,323
799508,Mouse,3739,64
799541,Mouse,4794,66
799556,Mouse,5461,67
799645,Mouse,3325,65
799673,Mouse,5777,71
799687,Mouse,3348,66
799723,Mouse,4618,68
799762,Mouse,5672,72
799857,Mouse,3141,66
799895,Mouse,4746,70
799907,Mouse,5502,72
799912,Mouse,4909,65
799949,Mouse,5475,75
799989,Mouse,4359,73
800113,Mouse,3833,69
800141,Mouse,3491,66
800156,Mouse,4782,72
800346,Mouse,3108,80
800402,Mouse,4305,92
800425,Elephant,493315,1134
800436,Mouse,5401,81
800544,Mouse,3772,67
800551,Mouse,4803,68
800554,Mouse,3871,66
800569,Mouse,4569,66
800597,Mouse,5756,80
800604,Mouse,5490,71
800645,Mouse,5794,84
800656,Mouse,5508,87
800658,Mouse,3534,85
800663,Mouse,4611,84
800696,Mouse,5711,87
800712,Mouse,3863,99
800726,Mouse,3318,91
800733,Elephant,98486,695
800761,Mouse,3388,90
800803,Mouse,4494,68
800831,Mouse,4736,67
800980,Elephant,145734,601129
801030,Mouse,5627,66
801052,Mouse,5327,69
801100,Mouse,5201,72
801136,Mouse,4778,69
801153,Mouse,5684,73
801239,Mouse,3169,69
801276,Mouse,4379,71
801336,Mouse,5207,77
801440,Mouse,5374,67
801440,Elephant,377184,1264
801519,Mouse,3957,65
801523,Mouse,4987,67
801556,Mouse,4901,69
801663,Mouse,4120,64
801725,Elephant,370231,1219
801957,Mouse,4696,65
801995,Mouse,4609,65
802023,Mouse,5824,66
802078,Mouse,4784,65
802089,Mouse,4267,65
802118,Mouse,4249,65
802241,Mouse,3461,65
802260,Mouse,4511,66
802263,Mouse,5507,68
802271,Mouse,4314,68
802289,Mouse,3422,66
802364,Mouse,4674,69
802411,Mouse,3825,70
802428,Mouse,3466,64
802490,Mouse,3264,66
802498,Mouse,5771,71
802632,Mouse,3925,67
802675,Mouse,4592,70
802694,Mouse,4453,67
802695,Mouse,3755,67
802713,Mouse,3560,67
802731,Mouse,3146,64
802822,Mouse,5693,66
802828,Mouse,5572,67
802869,Mouse,5779,71
802901,Mouse,3846,71
802925,Elephant,309635,849
802953,Mouse,5263,71
802999,Mouse,4083,68
803008,Mouse,3221,64
803025,Mouse,4139,66
803065,Mouse,5314,70
803258,Mouse,3599,64
803315,Mouse,5498,66
803324,Mouse,3321,66
803325,Mouse,3614,70
803348,Mouse,3449,68
803438,Mouse,5309,72
803496,Mouse,4558,65
803551,Mouse,5219,69
803561,Elephant,286157,823
803564,Mouse,5234,72
803584,Mouse,4417,65
803701,Mouse,4691,69
803753,Mouse,3436,64
803783,Mouse,5476,68
803795,Mouse,4472,70
803938,Mouse,4703,65
804019,Mouse,3254,67
804116,Mouse,3790,66
804183,Mouse,4423,67
804223,Mouse,4059,68
804261,Mouse,3525,71
804345,Mouse,3480,70
804478,Mouse,5017,72
804507,Mouse,4305,74
804539,Elephant,496094,1126
804594,Mouse,5169,65
804620,Mouse,3126,64
804661,Mouse,5115,68
804704,Mouse,4699,71
804711,Mouse,5673,72
804748,Elephant,165460,621
804749,Mouse,3897,73
804766,Mouse,4454,65
804772,Mouse,4202,64
804787,Mouse,3114,70
804804,Mouse,4098,64
804833,Mouse,5003,68
804834,Mouse,3533,67
804879,Mouse,3480,71
805003,Mouse,3377,66
805005,Mouse,5784,68
805063,Mouse,4112,64
805229,Mouse,4924,65
805295,Mouse,4127,68
805306,Mouse,5063,73
805323,Mouse,5819,78
805344,Mouse,3423,70
805391,Mouse,3635,68
805409,Mouse,3125,66
805440,Mouse,5788,71
805442,Elephant,257838,775
805472,Mouse,3713,65
805486,Mouse,3671,68
805491,Mouse,5332,66
805495,Mouse,4883,66
805532,Mouse,3522,65
805636,Mouse,5291,65
805812,Mouse,3406,64
805843,Mouse,5640,66
806067,Mouse,4086,64
806101,Mouse,3800,68
806173,Mouse,4293,66
806218,Mouse,3814,66
806243,Mouse,4135,64
806370,Mouse,3521,64
806376,Mouse,5702,66
806458,Mouse,5429,65
806610,Mouse,3626,67
806613,Elephant,507446,1112
806707,Mouse,3008,64
806794,Mouse,3422,64
806884,Mouse,4646,65
807032,Mouse,3855,64
807184,Mouse,5584,66
807318,Mouse,5032,65
807366,Mouse,3062,64
807422,Mouse,4566,67
807426,Mouse,4303,70
807453,Mouse,5383,65
807477,Mouse,4169,72
807519,Mouse,5812,69
807614,Mouse,3119,66
807735,Mouse,3801,67
807753,Mouse,4558,66
807777,Mouse,5740,70
807906,Mouse,5072,74
808006,Mouse,3008,71
808007,Mouse,3533,72
808023,Elephant,201284,690
808034,Mouse,3182,67
808071,Mouse,3590,67
808093,Mouse,3257,64
808135,Mouse,5432,70
808286,Mouse,4036,67
808341,Mouse,4577,72
808403,Mouse,3304,74
808522,Mouse,3314,92
808525,Mouse,4498,93
808540,Mouse,5043,91
808569,Mouse,5119,95
808573,Mouse,3780,74
808597,Mouse,4832,81
808656,Mouse,3444,75
808659,Mouse,4593,79
808872,Elephant,410532,1049
808922,Mouse,5424,72
808938,Mouse,3177,73
809073,Mouse,5776,71
809153,Elephant,63896,341
809296,Mouse,3056,68
809376,Mouse,4949,73
809476,Mouse,5329,73
809490,Elephant,329144,920
809528,Mouse,3623,75
809545,Elephant,369941,1223
809590,Mouse,4000,65
809603,Mouse,3710,64
809612,Mouse,3998,64
809712,Mouse,3029,67
809713,Mouse,4152,69
809716,Mouse,4297,66
809724,Mouse,4353,65
809728,Mouse,3923,65
809773,Mouse,5086,67
809936,Mouse,4615,71
809981,Mouse,3676,70
809992,Mouse,4738,65
810012,Mouse,4513,69
810074,Mouse,4064,69
810135,Mouse,3344,67
810163,Mouse,3329,73
810216,Mouse,5407,65
810313,Mouse,5440,68
810357,Mouse,3438,73
810383,Mouse,5603,78
810413,Mouse,5288,86
810432,Mouse,4331,88
810444,Elephant,139156,584
810478,Mouse,5817,84
810529,Mouse,5389,67
810543,Mouse,3342,67
810575,Mouse,5566,67
810652,Mouse,5825,71
810656,Elephant,509610,1147
810685,Mouse,4053,67
810749,Elephant,85496,534
810813,Mouse,4132,64
810816,Mouse,3322,64
810838,Mouse,4463,65
810849,Mouse,4210,64
810882,Mouse,4388,66
810904,Mouse,3192,64
810964,Mouse,4937,65
810980,Mouse,5756,66
811011,Mouse,5575,66
811047,Mouse,5190,65
811061,Mouse,3021,64
811170,Mouse,4576,65
811176,Mouse,5061,65
811401,Mouse,4145,69
811404,Mouse,5055,70
811415,Mouse,3058,70
811421,Mouse,5813,74
811424,Elephant,133222,545
811440,Mouse,3403,67
811450,Elephant,55797,324
811470,Mouse,5313,74
811485,Mouse,4186,69
811584,Mouse,4703,65
811616,Mouse,4240,68
811793,Mouse,5180,69
811864,Mouse,4765,66
811959,Elephant,251921,759
812007,Mouse,3077,66
812177,Mouse,5211,68
812287,Mouse,4632,65
812291,Mouse,5003,66
812295,Mouse,3604,64
812382,Mouse,5665,66
812421,Mouse,4127,64
812452,Mouse,4861,65
812478,Mouse,3356,67
812528,Mouse,5049,72
812539,Elephant,167517,599
812545,Mouse,5642,66
812585,Mouse,5311,73
812702,Mouse,5352,69
812733,Mouse,5777,66
812753,Mouse,5073,73
812842,Mouse,4700,66
813025,Mouse,4797,68
813030,Mouse,5449,67
813041,Mouse,3467,67
813092,Mouse,4608,71
813209,Mouse,4427,73
813295,Mouse,3728,83
813298,Mouse,5530,87
813320,Mouse,5158,92
813343,Mouse,3099,94
813460,Mouse,4202,81
813503,Mouse,3917,75
813537,Mouse,5761,85
813540,Mouse,4554,87
813658,Mouse,4106,77
813781,Mouse,4050,87
813795,Mouse,3427,94
813900,Mouse,3380,88
813915,Mouse,3262,86
814073,Mouse,4513,96
814124,Mouse,3478,92
814149,Mouse,4687,97
814161,Mouse,4424,105
814172,Elephant,327001,1327
814177,Elephant,481494,1590
814211,Mouse,5117,96
814219,Mouse,4734,87
814241,Mouse,3718,84
814243,Mouse,3490,84
814257,Mouse,3257,72
814292,Mouse,5494,73
814319,Mouse,3584,67
814338,Elephant,501530,1701
814342,Elephant,39708,508
814354,Mouse,5200,65
814367,Mouse,5528,71
814385,Mouse,4839,65
814394,Mouse,4789,66
814409,Mouse,5455,70
814419,Mouse,3705,64
814441,Mouse,4271,65
814465,Mouse,4596,65
814634,Mouse,3504,64
814826,Mouse,5167,65
814908,Mouse,3276,64
814932,Elephant,426562,1534
814993,Mouse,4912,65
815041,Mouse,4482,65
815052,Mouse,5030,65
815085,Mouse,3961,65
815130,Mouse,5749,67
815153,Mouse,5303,68
815156,Mouse,5688,69
815303,Mouse,4155,64
815312,Mouse,3381,64
815372,Mouse,3558,64
815420,Mouse,3044,64
815541,Mouse,3291,64
815602,Mouse,3429,64
815707,Mouse,3919,64
815807,Mouse,3143,64
815852,Mouse,3834,64
815938,Mouse,3263,64
816022,Mouse,3202,64
816040,Mouse,3298,64
816172,Mouse,4097,64
816251,Mouse,3645,64
816320,Mouse,4294,65
816374,Mouse,4656,65
816383,Mouse,5398,65
816413,Mouse,5236,65
816444,Mouse,5279,65
816454,Mouse,4917,65
816555,Mouse,4382,65
816574,Mouse,3208,64
816601,Mouse,5133,66
816668,Mouse,4849,65
816729,Mouse,5073,65
816739,Mouse,4678,65
816794,Mouse,3492,64
816815,Mouse,4507,65
816839,Mouse,3846,64
816889,Mouse,3519,64
816944,Mouse,5285,65
817035,Mouse,4683,65
817060,Mouse,5108,65
817084,Mouse,4551,65
817180,Mouse,3535,64
817280,Mouse,4513,65
817296,Mouse,4401,65
817333,Mouse,4283,65
817339,Mouse,4455,66
817436,Mouse,5100,65
817501,Mouse,5204,65
817584,Mouse,4313,65
817604,Mouse,3790,67
817605,Mouse,5113,68
817659,Mouse,5522,66
817686,Mouse,5834,67
817687,Mouse,3250,66
817749,Mouse,3250,64
817774,Mouse,5412,66
817816,Mouse,3514,64
817886,Mouse,4085,64
817970,Mouse,3172,64
818008,Mouse,3738,64
818015,Mouse,5719,66
818047,Mouse,4349,69
818115,Mouse,4948,65
818346,Mouse,3425,67
818352,Mouse,3784,70
818366,Mouse,4298,70
818477,Mouse,4175,68
818503,Mouse,3445,70
818663,Mouse,3549,85
818691,Mouse,5091,93
818768,Mouse,3942,103
818829,Mouse,5299,92
818858,Mouse,4782,88
818897,Mouse,5672,85
818936,Mouse,4671,81
818974,Mouse,4375,93
819022,Mouse,5774,94
819034,Mouse,4112,98
819066,Elephant,346441,1134
819076,Mouse,3675,90
819102,Mouse,4389,86
819162,Mouse,4317,70
819241,Mouse,5269,69
819295,Mouse,4646,77
819402,Mouse,5074,91
819420,Mouse,3189,96
819496,Mouse,3039,94
819510,Mouse,5647,100
819581,Mouse,3464,92
819609,Mouse,5672,103
819630,Elephant,265396,1332
819655,Mouse,4853,101
819719,Mouse,5180,78
819737,Mouse,3850,69
819809,Mouse,3375,72
819870,Mouse,3426,73
819912,Mouse,5410,80
819948,Mouse,4302,87
820005,Elephant,379350,1763
820026,Mouse,4978,78
820039,Mouse,5410,83
820071,Mouse,3111,83
820073,Mouse,3639,82
820162,Elephant,524598,1947
820171,Mouse,3879,65
820240,Elephant,173151,1050
820294,Mouse,3631,66
820357,Mouse,3269,67
820362,Mouse,4095,69
820498,Mouse,3687,66
820527,Mouse,3427,66
820533,Mouse,3575,67
820565,Elephant,318039,1296
820577,Mouse,4012,67
820587,Mouse,3752,65
820610,Mouse,5215,66
820649,Mouse,4897,65
820686,Mouse,4124,71
820687,Mouse,5742,74
820690,Mouse,3963,67
820695,Mouse,5534,67
820714,Mouse,4178,64
820918,Mouse,4578,65
821086,Mouse,4053,67
821169,Mouse,5404,68
821174,Mouse,3358,71
821220,Mouse,3505,74
821286,Mouse,4879,66
821392,Mouse,3296,67
821453,Mouse,3905,71
821484,Mouse,4158,68
821497,Mouse,5306,76
821557,Elephant,266217,785
821567,Mouse,3363,70
821629,Mouse,4861,69
821650,Elephant,222149,718
821796,Mouse,3407,64
821824,Mouse,4335,65
821944,Mouse,5142,65
821954,Mouse,5009,65
822075,Mouse,3171,64
822078,Mouse,4306,65
822086,Mouse,4000,64
822092,Mouse,5395,65
822154,Mouse,3156,64
822176,Mouse,4864,65
822210,Mouse,3385,64
822231,Mouse,3575,64
822289,Mouse,3676,64
822306,Mouse,3338,64
822368,Mouse,4386,65
822398,Mouse,3007,64
822451,Mouse,3726,64
822476,Mouse,5742,66
822634,Mouse,5738,66
822670,Mouse,3067,64
822691,Mouse,5403,65
822817,Mouse,5631,70
822877,Mouse,5425,70
822887,Mouse,5224,71
822950,Mouse,4842,66
822998,Mouse,4895,68
822999,Mouse,3936,67
823119,Mouse,4845,69
823183,Mouse,4125,68
823192,Mouse,3136,71
823205,Mouse,3006,68
823224,Mouse,4813,71
823250,Mouse,3003,71
823310,Mouse,3158,64
823327,Mouse,3739,67
823435,Mouse,3891,72
823506,Mouse,3546,78
823539,Elephant,305856,878
823542,Mouse,5181,84
823575,Mouse,4124,81
823677,Mouse,3190,65
823681,Mouse,4650,66
823770,Mouse,5746,66
823782,Mouse,4864,69
823796,Mouse,5812,66
823816,Elephant,67554,382
823922,Mouse,5378,65
824058,Mouse,4506,65
824077,Mouse,5537,66
824135,Mouse,3797,66
824136,Mouse,4445,68
824307,Mouse,4936,65
824397,Mouse,3302,64
824443,Mouse,3958,64
824532,Mouse,3945,64
824576,Mouse,3195,64
824609,Mouse,4467,70
824641,Mouse,5394,68
824759,Mouse,4241,67
824810,Mouse,4525,65
824819,Mouse,4228,67
824851,Mouse,5370,70
824869,Elephant,338888,894
824970,Mouse,3098,66
824982,Mouse,3025,64
825047,Elephant,114408,505
825071,Mouse,3190,64
825093,Mouse,5119,66
825174,Mouse,4744,66
825176,Mouse,3430,66
825196,Mouse,3228,64
825223,Mouse,5075,67
825269,Mouse,4638,65
825276,Mouse,5770,67
825295,Mouse,5233,68
825312,Mouse,4558,66
825317,Mouse,4997,68
825367,Mouse,5076,65
825374,Elephant,112415,491
825452,Mouse,4800,65
825462,Mouse,4026,64
825569,Mouse,5762,66
825579,Mouse,4056,64
825619,Mouse,4585,65
825635,Mouse,4011,64
825650,Mouse,3092,64
825679,Mouse,3396,64
825682,Mouse,3519,65
825717,Mouse,5828,68
825883,Elephant,33449,233
825892,Mouse,5057,65
825897,Mouse,4205,64
825913,Mouse,3721,65
826096,Mouse,3479,64
826106,Mouse,4706,65
826169,Mouse,4240,66
826234,Mouse,3038,64
826342,Mouse,4297,65
826374,Mouse,5474,66
826476,Mouse,4477,65
826557,Mouse,5696,66
826602,Mouse,3269,64
826691,Mouse,3234,64
826704,Mouse,5011,65
826712,Mouse,5609,68
826745,Mouse,3703,65
826780,Mouse,4921,65
826922,Mouse,5334,65
826938,Mouse,3859,68
827003,Mouse,4888,65
827081,Mouse,3675,64
827084,Mouse,3303,65
827107,Mouse,4291,68
827134,Mouse,3350,64
827347,Mouse,4825,65
827514,Elephant,480276,1080
827518,Mouse,4936,73
827563,Mouse,4130,67
827961,Mouse,4086,66
828029,Mouse,4473,73
828041,Mouse,5750,78
828060,Elephant,162070,591
828094,Mouse,3728,70
828126,Mouse,4778,66
828188,Mouse,5775,66
828424,Mouse,3252,66
828528,Mouse,4369,68
828603,Elephant,540957,1166
828627,Mouse,4181,68
828747,Mouse,5267,65
828842,Mouse,4387,69
828861,Mouse,4465,70
828933,Mouse,4587,70
828962,Mouse,5475,66
828975,Mouse,4382,72
828997,Mouse,5676,76
829064,Mouse,5747,70
829146,Elephant,389016,981
829152,Mouse,4046,66
829164,Mouse,5759,69
829198,Mouse,4242,68
829294,Mouse,3169,64
829323,Mouse,4055,64
829387,Mouse,4861,65
829497,Mouse,4228,67
829506,Mouse,3298,71
829648,Mouse,5388,68
829686,Mouse,3785,76
829724,Elephant,315275,866
829978,Mouse,3885,68
830013,Mouse,5332,65
830017,Elephant,97936,456
830105,Mouse,4414,65
830359,Mouse,3360,64
830376,Mouse,4782,67
830409,Mouse,5446,71
830486,Mouse,5333,65
830539,Mouse,5539,66
830581,Mouse,5564,70
830585,Mouse,3321,71
830596,Mouse,3097,66
830643,Mouse,3464,65
830653,Mouse,3761,69
830669,Mouse,4064,72
830678,Mouse,3031,73
830683,Mouse,3399,72
830823,Mouse,4587,75
831030,Mouse,4781,93
831079,Mouse,4292,103
831092,Mouse,5687,110
831122,Mouse,4785,108
831143,Mouse,3999,117
831195,Elephant,588658,1314
831306,Mouse,4041,64
831337,Mouse,5288,70
831349,Mouse,3022,71
831548,Mouse,4331,68
831572,Elephant,424779,1274
831604,Mouse,5053,68
831647,Mouse,3249,67
831649,Mouse,4524,69
831653,Mouse,3656,64
831657,Mouse,4342,65
831735,Mouse,3188,64
831801,Mouse,3123,66
831811,Mouse,4095,70
831824,Mouse,5752,67
831944,Elephant,396493,1217
832002,Mouse,3149,64
832066,Mouse,4633,65
832155,Mouse,4088,67
832159,Mouse,3262,66
832228,Mouse,3906,64
832235,Mouse,4621,66
832244,Mouse,4523,71
832332,Mouse,4091,67
832334,Mouse,5251,69
832437,Mouse,5096,65
832441,Mouse,4197,65
832457,Mouse,5671,70
832521,Mouse,4970,65
832527,Mouse,4793,65
832564,Mouse,3638,65
832586,Mouse,5661,72
832591,Mouse,5811,73
832637,Mouse,3956,72
832719,Mouse,3711,67
832720,Mouse,3071,66
832730,Elephant,181688,644
832823,Mouse,4319,68
832834,Mouse,4152,69
832837,Mouse,3319,69
832884,Mouse,4762,74
832967,Mouse,4571,73
833013,Mouse,3442,80
833044,Mouse,4469,73
833084,Mouse,5793,81
833108,Mouse,3579,78
833117,Mouse,5085,80
833204,Mouse,4220,87
833293,Mouse,4777,95
833345,Mouse,4497,92
833348,Mouse,5099,94
833372,Mouse,4873,99
833379,Mouse,4628,103
833387,Elephant,85338,497
833391,Mouse,5361,104
833400,Mouse,4041,95
833410,Mouse,3745,93
833439,Mouse,4309,91
833444,Mouse,4382,91
833444,Elephant,278106,950
833557,Mouse,3934,64
833702,Mouse,3489,65
833749,Mouse,3584,69
833754,Mouse,3681,66
833981,Mouse,4226,74
833994,Mouse,5263,76
834003,Mouse,3311,78
834010,Mouse,4181,81
834034,Mouse,3328,90
834132,Mouse,4078,81
834142,Mouse,4989,77
834163,Mouse,4636,78
834168,Mouse,3525,80
834202,Mouse,5202,88
834210,Elephant,479701,1522
834214,Mouse,4660,86
834363,Mouse,4484,69
834388,Mouse,4269,73
834391,Mouse,3435,73
834450,Mouse,5331,68
834459,Mouse,3362,67
834478,Mouse,5790,79
834539,Elephant,514710,1612
834574,Mouse,4697,72
834577,Mouse,5070,73
834586,Mouse,4231,72
834599,Mouse,4794,66
834690,Mouse,4849,67
834741,Mouse,4986,71
834751,Mouse,4602,69
834783,Mouse,4801,70
834785,Elephant,335253,1107
834805,Mouse,4660,68
834845,Mouse,4444,65
835033,Mouse,5736,66
835234,Mouse,5774,66
835253,Mouse,4839,65
835298,Mouse,3334,64
835336,Mouse,5535,66
835374,Mouse,4674,65
835566,Mouse,3176,64
835776,Mouse,3743,66
835877,Mouse,3768,70
835885,Mouse,5603,76
835932,Mouse,4881,65
836039,Mouse,3264,66
836081,Mouse,3821,66
836094,Mouse,5504,73
836120,Mouse,5510,76
836149,Mouse,4144,74
836157,Mouse,3189,78
836191,Mouse,5213,70
836208,Mouse,4034,72
836285,Mouse,4335,70
836414,Elephant,477888,1098
836441,Mouse,5614,68
836479,Mouse,3291,67
836505,Mouse,5059,69
836516,Mouse,4175,69
836553,Mouse,5152,69
836570,Mouse,3437,68
836611,Mouse,5207,74
836683,Mouse,5487,66
836713,Mouse,5291,70
836735,Mouse,3156,64
836799,Mouse,4567,72
836800,Mouse,4019,71
836860,Elephant,457756,1232
836986,Mouse,3285,64
837060,Mouse,5184,65
837130,Mouse,4085,68
837156,Mouse,5506,66
837336,Mouse,5316,65
837356,Mouse,4868,65
837375,Mouse,5625,66
837396,Elephant,140484,635
837427,Mouse,3289,65
837492,Mouse,3524,64
837784,Mouse,5268,65
837795,Mouse,4302,65
837863,Mouse,3521,64
837898,Mouse,3445,65
837900,Mouse,3566,66
837907,Mouse,5429,66
837955,Mouse,3581,64
837992,Mouse,5612,66
838019,Mouse,4509,67
838037,Mouse,4567,66
838052,Mouse,5692,70
838095,Mouse,4691,69
838097,Elephant,40647,244
838103,Mouse,3868,72
838162,Mouse,4256,64
838190,Mouse,4652,67
838253,Mouse,5119,71
838391,Mouse,4351,65
838712,Mouse,5315,69
838845,Mouse,5787,82
838895,Mouse,3888,83
838898,Mouse,5489,86
838907,Elephant,420299,1130
838918,Mouse,4356,75
838972,Mouse,4602,68
839087,Mouse,4517,70
839143,Mouse,5208,73
839151,Mouse,5283,73
839178,Mouse,4778,68
839231,Mouse,3527,72
839434,Mouse,5754,108
839456,Mouse,5798,103
839545,Mouse,3700,69
839553,Mouse,5051,74
839576,Mouse,4900,77
839592,Mouse,5565,88
839631,Mouse,5480,91
839638,Mouse,4164,95
839648,Mouse,5457,98
839672,Mouse,3515,98
839736,Mouse,3703,91
839744,Mouse,5708,97
839747,Mouse,4331,98
839773,Mouse,3357,93
839794,Mouse,4785,95
839811,Mouse,4109,93
839844,Mouse,4901,99
839937,Mouse,3217,77
839940,Mouse,4394,81
839956,Elephant,517486,1545
839993,Mouse,4423,75
840001,Mouse,3892,76
840003,Mouse,3355,70
840065,Mouse,4843,72
840080,Mouse,3131,78
840148,Mouse,4037,68
840212,Mouse,4251,75
840307,Mouse,3481,84
840338,Elephant,516654,1637
840363,Mouse,5725,92
840368,Elephant,261829,1199
840369,Mouse,4302,96
840402,Mouse,5403,81
840419,Elephant,186617,1297
840425,Mouse,4121,83
840436,Mouse,5686,75
840646,Mouse,5175,69
840671,Mouse,4535,65
840719,Elephant,92425,483
840742,Mouse,4109,67
840812,Mouse,5149,65
840834,Mouse,3264,67
840888,Mouse,4857,73
840898,Mouse,4370,65
840920,Mouse,4603,65
840975,Mouse,4658,68
841056,Mouse,4224,68
841074,Mouse,4626,69
841096,Mouse,5787,70
841160,Mouse,4680,74
841189,Mouse,4194,72
841265,Mouse,3224,75
841424,Mouse,3282,90
841431,Mouse,4381,95
841495,Mouse,3995,104
841532,Elephant,65740,449
841551,Mouse,3172,91
841650,Elephant,370561,1068
841714,Mouse,5368,70
841798,Mouse,5403,71
841846,Elephant,572670,1343
841933,Mouse,4855,65
841976,Mouse,4960,66
842027,Mouse,3017,64
842092,Mouse,4006,68
842128,Mouse,4972,69
842176,Mouse,4004,70
842198,Mouse,3800,68
842234,Mouse,4541,71
842337,Mouse,5358,70
842355,Mouse,4980,69
842465,Mouse,3346,70
842515,Mouse,3456,72
842554,Mouse,5822,82
842643,Mouse,5030,98
842652,Mouse,3994,101
842716,Elephant,392940,1056
842765,Mouse,4816,80
842831,Mouse,4857,68
843010,Elephant,567514,1489
843049,Mouse,5467,66
843074,Mouse,5109,66
843109,Mouse,4585,65
843144,Mouse,3838,64
843149,Mouse,5606,66
843157,Mouse,3414,64
843165,Mouse,5599,68
843486,Mouse,4079,66
843558,Mouse,3412,68
843579,Mouse,5243,74
843602,Mouse,3056,68
843653,Mouse,4466,70
843674,Mouse,4804,68
843739,Mouse,4494,69
843765,Mouse,3217,64
843768,Mouse,3369,64
843789,Mouse,4653,74
843839,Mouse,3527,73
843894,Mouse,4045,65
843970,Mouse,5060,68
843996,Mouse,5068,69
844025,Mouse,3740,71
844077,Mouse,5209,74
844093,Elephant,459538,1126
844154,Mouse,3176,64
844197,Mouse,5298,67
844270,Mouse,4149,67
844460,Mouse,3679,64
844687,Mouse,3174,74
844698,Elephant,115058,201034
844779,Mouse,5442,74
844787,Mouse,5297,82
844788,Mouse,4216,77
844800,Mouse,5372,74
844804,Mouse,5511,74
844887,Mouse,5512,67
844908,Mouse,5656,73
844923,Mouse,5306,73
844931,Elephant,332499,908
844948,Mouse,5042,67
844982,Mouse,5834,70
844983,Mouse,4997,69
845203,Mouse,3094,64
845238,Mouse,5605,66
845555,Mouse,4490,67
845574,Mouse,5490,66
845615,Mouse,4976,65
845731,Mouse,4243,66
845737,Mouse,5534,66
845840,Mouse,4024,67
845847,Mouse,3299,64
845969,Mouse,3152,65
845979,Mouse,3353,64
846088,Mouse,5542,70
846174,Mouse,3148,67
846198,Elephant,217180,709
846311,Mouse,5558,68
846319,Elephant,39151,248
846343,Mouse,5347,67
846345,Mouse,3239,66
846425,Mouse,5467,70
846430,Mouse,5271,71
846443,Mouse,3476,64
846515,Mouse,3281,67
846574,Mouse,3844,68
846653,Mouse,4152,68
846684,Mouse,4997,78
846727,Mouse,3551,80
846783,Mouse,5627,92
846824,Mouse,3714,84
846841,Mouse,3867,85
846849,Elephant,460338,1119
846942,Mouse,5172,65
847025,Mouse,5129,69
847031,Mouse,4744,65
847045,Mouse,3561,65
847098,Mouse,3862,72
847118,Mouse,3203,70
847119,Mouse,4145,72
847148,Mouse,3138,74
847194,Mouse,4177,80
847319,Mouse,3860,86
847418,Mouse,5106,105
847542,Mouse,3052,68
847642,Elephant,285123,1225
847737,Mouse,3838,68
847773,Mouse,4731,76
847783,Mouse,4594,76
847819,Mouse,5335,87
847844,Mouse,3142,91
847845,Mouse,4126,92
847934,Mouse,5343,83
847950,Mouse,3016,81
847966,Mouse,4061,84
848167,Mouse,3514,79
848223,Mouse,3165,86
848235,Mouse,4281,91
848262,Mouse,5628,98
848275,Mouse,5610,103
848317,Mouse,5433,107
848348,Elephant,543344,1841
848367,Mouse,4032,96
848371,Mouse,5515,99
848376,Elephant,513524,1630
848378,Mouse,4093,102
848382,Mouse,4666,87
848618,Mouse,4779,70
848626,Mouse,5344,66
848642,Mouse,5386,65
848699,Elephant,67189,384
848837,Mouse,5392,65
848871,Mouse,5623,69
848929,Mouse,4906,68
848945,Mouse,4015,64
848949,Mouse,3525,65
848984,Mouse,4992,65
848993,Mouse,5015,68
849028,Mouse,3464,65
849046,Mouse,5322,71
849262,Mouse,4258,66
849297,Elephant,351666,1314
849354,Mouse,4616,65
849383,Mouse,4250,64
849412,Mouse,4553,65
849461,Mouse,3224,65
849479,Mouse,5329,65
849547,Mouse,3760,67
849635,Mouse,4331,65
849656,Mouse,5572,66
849702,Mouse,5560,67
849738,Mouse,3358,64
849760,Mouse,5378,69
849807,Mouse,5732,71
849847,Mouse,4329,67
849853,Mouse,5521,70
849924,Mouse,3088,64
849970,Elephant,337730,1206
849974,Mouse,5568,69
850037,Mouse,5735,66
850182,Mouse,4455,65
850198,Mouse,5000,65
850204,Mouse,4386,65
850289,Mouse,3894,64
850361,Mouse,4976,65
850387,Mouse,5287,65
850438,Mouse,3814,67
850446,Mouse,3406,69
850453,Mouse,4810,65
850460,Mouse,3561,64
850497,Mouse,3391,65
850508,Mouse,3396,64
850722,Mouse,3147,64
850896,Mouse,5450,80
850964,Elephant,30812,203
850990,Mouse,4434,73
851054,Mouse,3856,68
851057,Mouse,3440,69
851064,Mouse,4376,72
851104,Mouse,4342,84
851165,Mouse,3814,90
851304,Mouse,5417,111
851343,Elephant,383068,1056
851351,Mouse,5182,114
851425,Mouse,3240,72
851481,Mouse,4692,76
851494,Mouse,3772,72
851499,Mouse,4415,76
851525,Mouse,3893,79
851592,Mouse,3662,80
851609,Elephant,265779,1015
851612,Mouse,3139,72
851617,Mouse,3777,77
851680,Mouse,5454,76
851726,Elephant,144809,656
851775,Mouse,5262,67
851902,Mouse,5750,66
851912,Mouse,3853,67
851940,Mouse,5657,75
851953,Mouse,5708,79
851978,Elephant,267122,886
851992,Mouse,4895,76
852004,Mouse,5496,70
852125,Mouse,4795,69
852201,Mouse,3232,66
852244,Mouse,3739,67
852260,Mouse,4577,69
852311,Elephant,381097,1351
852318,Mouse,4480,71
852448,Mouse,5018,65
852496,Mouse,3147,64
852558,Mouse,3780,65
852561,Mouse,5410,68
852591,Mouse,5046,65
852685,Mouse,3365,64
852751,Mouse,4433,65
852806,Mouse,3264,64
852857,Mouse,5278,65
852914,Mouse,4686,65
853001,Mouse,5424,65
853046,Mouse,4320,65
853098,Mouse,4031,64
853188,Mouse,3785,64
853196,Mouse,4574,65
853211,Mouse,3857,68
853233,Mouse,5473,69
853286,Mouse,4036,64
853338,Mouse,5538,68
853403,Mouse,5437,69
853459,Mouse,5615,70
853537,Mouse,4404,78
853542,Mouse,3379,79
853600,Elephant,87557,438
853607,Mouse,3971,77
853697,Mouse,5321,72
853735,Elephant,144109,577
853777,Mouse,5836,77
853781,Mouse,4198,70
853787,Mouse,4067,72
853832,Mouse,5109,72
853850,Mouse,3053,75
853946,Mouse,3468,67
854013,Mouse,5736,82
854020,Elephant,274580,919
854060,Mouse,3017,75
854122,Mouse,3958,68
854188,Mouse,4114,73
854241,Elephant,264445,836
854271,Mouse,5107,69
854360,Mouse,4114,66
854380,Mouse,3809,66
854393,Mouse,5051,67
854401,Mouse,3567,68
854440,Mouse,5519,70
854469,Mouse,4048,66
854511,Mouse,5017,70
854592,Mouse,5332,68
854767,Mouse,5759,68
854775,Elephant,521391,1376
854857,Mouse,4481,65
855245,Mouse,4744,67
855287,Mouse,5236,68
855306,Mouse,5761,66
855354,Mouse,3648,64
855470,Mouse,5303,68
855542,Mouse,5255,65
855645,Mouse,4059,67
855709,Mouse,3844,64
855749,Mouse,3268,64
855833,Mouse,4399,65
855871,Mouse,5594,69
855906,Mouse,4305,68
855964,Mouse,3941,64
855988,Mouse,4046,68
855991,Mouse,3350,70
856003,Mouse,4343,73
856071,Mouse,4023,67
856077,Mouse,3703,68
856131,Mouse,5525,73
856171,Mouse,5569,68
856190,Mouse,4949,73
856207,Mouse,5682,77
856227,Mouse,3267,77
856228,Mouse,4793,79
856317,Elephant,555641,1180
856325,Mouse,4545,68
856333,Mouse,3968,69
856431,Mouse,5111,65
856438,Mouse,4995,65
856564,Mouse,3900,64
856650,Mouse,5561,66
856678,Mouse,4886,69
856692,Elephant,214650,706
856696,Mouse,4988,66
856724,Mouse,4863,70
856741,Mouse,4282,65
856774,Mouse,4732,65
856845,Mouse,4655,65
856882,Mouse,4015,64
857093,Mouse,3988,64
857141,Mouse,5703,66
857160,Mouse,4842,65
857333,Mouse,5428,65
857337,Mouse,3921,64
857384,Mouse,3962,64
857471,Mouse,5408,67
857473,Mouse,4279,66
857480,Mouse,4355,65
857546,Mouse,5659,66
857611,Mouse,5119,65
857646,Mouse,3055,64
857813,Mouse,3980,64
857858,Mouse,5070,66
857933,Mouse,4609,65
858032,Mouse,3578,66
858081,Mouse,5425,72
858103,Mouse,3507,68
858130,Elephant,83111,414
858246,Mouse,4684,69
858332,Mouse,4852,68
858343,Mouse,4670,70
858359,Mouse,4970,79
858457,Mouse,4384,80
858528,Mouse,3893,87
858551,Mouse,5306,88
858583,Mouse,3726,92
858832,Mouse,4075,83
858853,Mouse,3701,85
858891,Mouse,4122,87
859001,Mouse,4999,86
859063,Elephant,153548,774
859068,Mouse,3035,93
859198,Mouse,5042,76
859251,Mouse,3103,88
859307,Mouse,4220,98
859319,Mouse,3279,95
859379,Mouse,3697,102
859416,Mouse,4813,105
859442,Elephant,300203,1379
859469,Elephant,525872,1634
859476,Mouse,3503,89
859485,Mouse,5678,81
859640,Mouse,4650,71
859645,Elephant,497930,1745
859740,Mouse,4827,69
859877,Elephant,272172,1032
859911,Mouse,5534,70
859957,Mouse,5070,75
860007,Mouse,4812,68
860066,Mouse,4611,71
860069,Mouse,3985,72
860103,Mouse,3667,67
860134,Mouse,4879,69
860140,Mouse,4072,71
860157,Mouse,3584,70
860205,Mouse,3753,72
860221,Mouse,5226,77
860275,Mouse,3154,72
860285,Mouse,3676,72
860343,Elephant,189718,662
860348,Elephant,358212,988
860379,Mouse,4745,68
860389,Mouse,4704,66
860409,Mouse,5213,65
860426,Mouse,5663,66
860475,Mouse,4571,65
860493,Mouse,4718,65
860515,Mouse,5013,65
860541,Mouse,3363,67
860545,Mouse,5514,71
860547,Mouse,5412,72
860644,Elephant,64470,337
860647,Mouse,4301,66
860888,Mouse,4946,65
861031,Mouse,3920,64
861142,Mouse,5236,65
861161,Mouse,4215,64
861246,Mouse,5435,66
861318,Mouse,4639,65
861328,Mouse,3992,64
861347,Mouse,5642,66
861366,Mouse,5331,65
861471,Mouse,4949,65
861521,Mouse,3467,64
861524,Mouse,3601,65
861559,Mouse,4230,64
861643,Mouse,4339,65
861681,Mouse,4307,65
861723,Mouse,5769,66
861772,Mouse,5547,66
861831,Mouse,3269,64
861862,Mouse,3727,66
861890,Mouse,3039,64
861926,Mouse,3312,64
861970,Mouse,4978,65
861994,Mouse,3385,64
862084,Mouse,4395,65
862103,Mouse,5454,66
862168,Mouse,4451,65
862238,Mouse,4945,65
862247,Mouse,5564,69
862266,Mouse,4564,65
862273,Mouse,4574,65
862307,Mouse,5094,65
862423,Mouse,5333,68
862510,Mouse,4515,65
862538,Mouse,5136,67
862542,Mouse,4305,67
862558,Mouse,4574,68
862595,Mouse,4247,68
862635,Mouse,3923,68
862709,Mouse,4456,68
862755,Mouse,3000,71
862768,Mouse,5216,76
862810,Mouse,4526,89
862828,Mouse,3711,86
862876,Mouse,4815,91
862888,Elephant,452000,1096
862914,Mouse,5272,78
862945,Mouse,4663,65
863062,Mouse,3431,69
863080,Mouse,4901,81
863171,Mouse,3003,73
863230,Mouse,4231,72
863233,Elephant,341338,942
863258,Mouse,5000,67
863331,Mouse,4034,69
863381,Mouse,4644,69
863392,Mouse,5757,71
863468,Mouse,3134,64
863498,Mouse,4491,70
863584,Mouse,5258,74
863707,Mouse,5414,80
863824,Mouse,4687,94
863867,Elephant,271173,874
863871,Mouse,4718,104
863967,Mouse,5281,77
864028,Mouse,5806,77
864053,Mouse,3036,70
864067,Mouse,4740,78
864118,Mouse,5319,82
864136,Mouse,5119,82
864142,Mouse,3812,83
864234,Elephant,548446,1568
864317,Mouse,4958,69
864324,Mouse,5127,71
864394,Elephant,300679,1055
864406,Mouse,3430,74
864417,Mouse,4619,66
864457,Mouse,3882,65
864503,Mouse,5204,68
864514,Mouse,5402,68
864518,Mouse,3225,67
864521,Mouse,3712,68
864539,Mouse,5282,72
864563,Mouse,3088,68
864646,Mouse,3272,64
864781,Mouse,5165,68
864822,Mouse,4709,71
864878,Mouse,4047,71
864897,Elephant,213866,703
864939,Mouse,5614,71
864944,Elephant,194442,684
865022,Mouse,3278,64
865044,Mouse,3357,64
865172,Mouse,5710,69
865232,Mouse,3105,69
865276,Mouse,4068,69
865365,Mouse,3451,66
865405,Mouse,5415,70
865416,Mouse,3787,72
865465,Mouse,4492,68
865473,Mouse,3369,69
865482,Mouse,4413,74
865507,Mouse,5133,67
865539,Mouse,5306,70
865621,Elephant,153881,587
865799,Mouse,5256,66
865803,Mouse,4566,66
865867,Mouse,4014,68
865891,Mouse,4121,66
865905,Elephant,299163,845
865942,Mouse,3435,64
865986,Mouse,3708,65
866086,Mouse,3893,64
866092,Mouse,3381,65
866138,Mouse,3524,68
866200,Mouse,5486,66
866206,Mouse,3762,64
866237,Mouse,5249,68
866238,Mouse,4429,67
866270,Elephant,40921,242
866362,Mouse,4226,64
866365,Mouse,3290,65
866438,Mouse,5607,66
866503,Mouse,3039,64
866555,Mouse,4765,65
866674,Mouse,3747,64
866819,Mouse,3695,64
866884,Mouse,5291,68
866886,Mouse,5222,68
866973,Mouse,4745,65
866988,Mouse,3307,64
867129,Mouse,5408,70
867143,Mouse,5671,72
867234,Elephant,33817,233
867268,Mouse,5483,76
867346,Mouse,5083,73
867386,Mouse,4507,79
867499,Elephant,50251,318
867558,Mouse,5628,89
867600,Mouse,4963,93
867855,Mouse,4437,91
867942,Mouse,4282,98
867949,Elephant,331817,1065
867960,Mouse,4702,109
867993,Mouse,4162,93
868006,Mouse,3571,89
868105,Mouse,4850,67
868138,Mouse,4022,66
868178,Mouse,3664,68
868256,Mouse,5790,77
868282,Mouse,4696,75
868365,Mouse,4518,73
868374,Mouse,3742,73
868382,Mouse,4187,76
868391,Mouse,4221,80
868416,Elephant,577006,1488
868537,Mouse,3672,68
868715,Mouse,3215,64
868788,Mouse,5598,68
868843,Mouse,3805,66
868901,Elephant,543800,1697
868976,Mouse,3015,64
868993,Mouse,4162,67
869047,Mouse,3511,64
869115,Mouse,4916,65
869158,Mouse,4435,65
869190,Mouse,4147,64
869235,Mouse,4673,67
869270,Mouse,5341,65
869365,Mouse,5808,66
869376,Mouse,3634,65
869386,Mouse,3118,68
869405,Mouse,3603,76
869461,Mouse,4917,75
869694,Elephant,192122,680
869753,Mouse,4135,66
869850,Mouse,5181,67
869970,Mouse,5136,70
870003,Mouse,5012,70
870009,Elephant,438090,1082
870101,Mouse,4787,65
870120,Mouse,4469,65
870177,Mouse,4201,68
870198,Mouse,4137,64
870273,Mouse,5806,66
870363,Mouse,3030,64
870432,Mouse,3233,67
870449,Mouse,4607,65
870489,Mouse,5403,72
870505,Mouse,3551,66
870541,Mouse,5451,68
870555,Mouse,3051,71
870594,Mouse,5143,72
870626,Elephant,365874,1288
870650,Mouse,4898,68
870685,Mouse,4433,67
870696,Mouse,5665,70
870766,Elephant,135059,544
870780,Mouse,4304,66
870820,Mouse,3407,64
870840,Mouse,3376,64
870885,Mouse,3531,64
870976,Mouse,3987,64
871090,Mouse,5589,66
871115,Mouse,3029,64
871280,Mouse,4874,65
871344,Mouse,4097,66
871440,Mouse,4682,65
871472,Mouse,4469,66
871491,Mouse,3145,64
871721,Mouse,4217,64
871744,Mouse,4363,67
871879,Mouse,5422,66
871883,Mouse,4069,65
872045,Mouse,3758,67
872061,Mouse,3118,70
872062,Mouse,3059,70
872358,Mouse,5253,71
872362,Mouse,3867,72
872379,Mouse,4339,76
872461,Elephant,39367,246
872473,Elephant,573159,1193
872486,Mouse,4393,66
872632,Mouse,4429,65
872641,Mouse,5829,66
872650,Mouse,4769,65
872700,Mouse,3722,64
872746,Mouse,5461,66
872859,Mouse,5058,65
872878,Mouse,3715,64
872898,Mouse,4382,66
872938,Mouse,3495,68
872966,Mouse,4140,64
873084,Mouse,4826,65
873124,Mouse,5213,65
873163,Mouse,4819,69
873169,Mouse,3598,68
873231,Mouse,4482,65
873257,Mouse,5136,69
873304,Mouse,3551,70
873322,Mouse,4708,68
873375,Mouse,4724,69
873387,Mouse,3698,68
873466,Mouse,3134,67
873606,Mouse,3229,80
873606,Mouse,4820,81
873612,Elephant,338162,914
873620,Mouse,3361,78
873688,Mouse,3295,64
873690,Mouse,3319,64
873735,Mouse,3256,64
873739,Mouse,5121,66
873889,Mouse,5512,71
873957,Mouse,5756,82
874161,Mouse,4400,96
874219,Mouse,5638,106
874229,Elephant,490875,1198
874233,Mouse,4274,88
874237,Mouse,5347,91
874275,Mouse,4148,90
874444,Mouse,3893,74
874450,Mouse,5703,78
874462,Mouse,5392,74
874555,Mouse,3916,68
874641,Mouse,3772,82
874688,Elephant,430880,1280
874729,Mouse,3731,77
874733,Mouse,3991,72
874793,Elephant,264248,993
874817,Mouse,5247,71
874821,Mouse,3127,66
874907,Mouse,5254,73
874917,Mouse,5416,78
874959,Mouse,5053,78
874971,Mouse,4053,66
874982,Mouse,3350,65
875032,Mouse,4584,68
875116,Mouse,3633,66
875154,Mouse,3817,67
875182,Mouse,3215,66
875246,Elephant,372790,975
875284,Mouse,3860,65
875347,Mouse,4604,70
875361,Mouse,3467,64
875394,Mouse,3207,64
875431,Mouse,5201,68
875447,Mouse,5403,66
875460,Mouse,3648,64
875490,Mouse,4758,66
875499,Elephant,51190,286
875522,Mouse,4574,65
875585,Mouse,4260,65
875606,Mouse,3928,64
875624,Mouse,5008,65
875654,Mouse,5036,65
875808,Mouse,4673,65
875816,Mouse,5492,71
875834,Mouse,3571,70
875878,Mouse,4411,74
876037,Mouse,5278,68
876054,Mouse,5425,71
876158,Mouse,3947,69
876321,Mouse,5348,106
876416,Mouse,3092,110
876445,Elephant,511684,1213
876453,Mouse,4225,94
876476,Mouse,4655,84
876490,Mouse,4056,80
876652,Mouse,5194,69
876660,Mouse,4907,71
876682,Mouse,4060,68
876713,Mouse,4963,70
876765,Mouse,5532,72
876827,Mouse,4791,73
876901,Mouse,3515,79
877014,Mouse,4041,92
877132,Mouse,3909,87
877197,Elephant,494300,1548
877314,Mouse,5707,73
877337,Mouse,3665,70
877356,Mouse,4647,85
877356,Mouse,4770,85
877390,Mouse,5266,80
877443,Mouse,5283,86
877464,Mouse,3986,80
877542,Mouse,5152,83
877557,Mouse,5588,83
877649,Elephant,55655,380
877735,Mouse,3593,71
877886,Mouse,5530,92
877891,Elephant,436329,1502
877922,Mouse,3608,83
877939,Mouse,5214,84
877965,Mouse,4730,80
877982,Mouse,4449,74
877995,Mouse,3602,73
878051,Mouse,4986,71
878158,Mouse,4061,71
878179,Mouse,5593,73
878261,Mouse,4110,78
878475,Mouse,3372,88
878497,Mouse,4671,95
878613,Mouse,3949,106
878686,Mouse,3596,100
878705,Elephant,576363,1927
878707,Elephant,42399,374
878768,Mouse,4867,69
878845,Mouse,3926,66
878871,Mouse,4549,69
878886,Mouse,3201,67
878889,Mouse,4336,71
878949,Elephant,324893,1210
879087,Mouse,3240,64
879137,Mouse,3580,66
879160,Mouse,3464,67
879248,Mouse,3549,70
879447,Mouse,4110,72
879484,Mouse,4449,81
879644,Mouse,5308,87
879712,Mouse,3345,90
879867,Mouse,4817,91
879918,Mouse,4018,83
879946,Mouse,3236,87
879973,Mouse,3792,80
880018,Elephant,322386,1148
880115,Mouse,3096,67
880171,Elephant,444026,1253
880174,Mouse,4959,69
880248,Mouse,3160,75
880253,Mouse,3418,71
880300,Mouse,3355,68
880300,Elephant,270613,1145
880406,Mouse,3566,66
880456,Mouse,4664,67
880506,Mouse,3368,65
880526,Mouse,3393,67
880625,Mouse,4307,68
880641,Mouse,5035,67
880697,Mouse,3266,64
880700,Elephant,153587,590
880705,Mouse,5147,65
880721,Mouse,3218,68
880757,Mouse,3309,64
880985,Mouse,5442,66
881010,Mouse,3064,64
881040,Mouse,4636,65
881161,Mouse,5422,65
881180,Mouse,3914,64
881193,Mouse,3796,65
881253,Mouse,5758,66
881292,Mouse,4962,65
881337,Mouse,5108,70
881342,Mouse,4770,65
881434,Mouse,5570,66
881463,Mouse,5154,65
881538,Mouse,3440,67
881610,Mouse,5231,65
881626,Mouse,5747,69
881656,Mouse,5600,67
881669,Mouse,3138,70
881670,Mouse,5588,73
881807,Mouse,3220,64
881842,Mouse,4339,70
881846,Mouse,5698,72
881883,Mouse,3897,68
882047,Elephant,151645,578
882050,Mouse,3116,66
882282,Mouse,4760,65
882320,Mouse,3034,64
882432,Mouse,5524,66
882477,Mouse,3673,65
882670,Mouse,3486,67
882841,Mouse,4488,67
882857,Mouse,5172,66
882861,Mouse,5301,66
882962,Mouse,4339,66
882996,Mouse,4178,64
883034,Mouse,4101,69
883100,Mouse,4965,70
883175,Mouse,4723,79
883175,Mouse,3705,73
883198,Mouse,5583,78
883336,Mouse,3691,75
883352,Mouse,5104,82
883363,Elephant,591331,1244
883416,Mouse,5315,65
883437,Mouse,4785,66
883485,Mouse,4177,66
883508,Mouse,5584,66
883566,Mouse,5030,67
883592,Mouse,3851,64
883608,Mouse,4967,69
883614,Mouse,5074,72
883618,Mouse,4120,68
883690,Mouse,3019,67
883845,Mouse,3503,67
883868,Mouse,5520,71
883880,Mouse,3315,71
883928,Mouse,4238,75
883941,Mouse,5425,77
884017,Mouse,3324,69
884031,Mouse,4807,70
884043,Elephant,565357,1227
884050,Mouse,4708,66
884106,Mouse,3888,64
884218,Mouse,5550,70
884225,Elephant,93589,433
884236,Mouse,5019,65
884240,Mouse,4595,65
884280,Mouse,4170,65
884296,Mouse,4512,65
884371,Mouse,5522,66
884412,Mouse,3332,65
884423,Mouse,4614,65
884462,Mouse,5638,66
884504,Mouse,5146,65
884586,Mouse,5680,66
884634,Mouse,3686,64
884698,Mouse,3382,64
884713,Mouse,4873,65
884765,Mouse,4720,65
884813,Mouse,3584,64
884817,Mouse,4118,65
884900,Mouse,4163,64
884980,Mouse,4581,65
884996,Mouse,5524,66
885106,Mouse,4040,64
885131,Mouse,5288,65
885139,Mouse,5428,65
885253,Mouse,4005,64
885407,Mouse,5566,66
885420,Mouse,4891,65
885452,Mouse,3254,64
885505,Mouse,5386,65
885572,Mouse,3958,64
885613,Mouse,3638,64
885617,Mouse,3678,64
885637,Mouse,4862,68
885669,Mouse,3638,64
885801,Mouse,4088,64
885871,Mouse,5126,70
885953,Mouse,3526,66
886088,Mouse,3048,69
886103,Mouse,4999,66
886106,Mouse,4636,66
886162,Elephant,164433,592
886507,Mouse,4447,65
886709,Mouse,5685,70
886759,Mouse,3736,72
886862,Elephant,572817,1192
886894,Mouse,4101,64
886959,Mouse,4370,65
887034,Mouse,5313,65
887045,Mouse,5098,65
887085,Mouse,4373,65
887099,Mouse,4759,65
887154,Mouse,4462,65
887173,Mouse,3312,64
887208,Mouse,5255,65
887399,Mouse,3674,64
887541,Mouse,3892,64
887560,Mouse,3109,65
887562,Mouse,4703,67
887672,Mouse,4302,66
887675,Mouse,5743,67
887680,Mouse,5738,66
887687,Mouse,3758,64
887782,Mouse,3623,64
887799,Mouse,5309,65
887863,Mouse,3679,64
887983,Mouse,5789,66
888036,Mouse,3093,64
888158,Mouse,3864,64
888253,Mouse,3521,67
888307,Mouse,4089,64
888326,Mouse,5391,70
888529,Mouse,4956,76
888547,Mouse,5160,84
888565,Mouse,5520,86
888668,Mouse,5819,76
888682,Elephant,197379,724
888710,Mouse,4162,67
888713,Mouse,5073,69
888749,Elephant,158044,775
888793,Mouse,3251,67
888799,Mouse,4062,64
888816,Elephant,155036,682
888860,Mouse,3601,66
888896,Mouse,4406,67
888904,Mouse,3798,67
888992,Mouse,5031,65
889033,Mouse,3066,64
889126,Mouse,5322,68
889131,Mouse,5694,66
889134,Mouse,3382,64
889172,Mouse,3931,67
889209,Elephant,185167,853
889219,Mouse,4573,65
889229,Mouse,5713,66
889314,Mouse,5267,68
889377,Mouse,4309,65
889469,Mouse,4349,67
889478,Mouse,5712,74
889530,Mouse,4282,66
889582,Mouse,4350,65
889619,Mouse,5460,70
889696,Mouse,5305,68
889776,Mouse,5611,73
889870,Mouse,3611,70
889873,Mouse,4904,70
889937,Mouse,3167,70
889956,Mouse,3987,64
890060,Elephant,360102,960
890088,Mouse,4722,65
890193,Mouse,4217,64
890252,Mouse,3287,66
890273,Mouse,3197,64
890378,Mouse,3463,67
890442,Mouse,4461,69
890486,Mouse,3544,70
890516,Mouse,4965,69
890581,Mouse,5386,75
890581,Mouse,3877,73
890633,Mouse,3467,75
890643,Mouse,4138,76
890719,Mouse,4390,71
890732,Mouse,5276,74
890744,Mouse,5554,76
890765,Mouse,3688,75
890793,Mouse,5717,79
890811,Mouse,3887,81
890851,Mouse,3685,74
890867,Mouse,3508,72
890924,Elephant,383448,1266
890944,Mouse,3334,70
891004,Mouse,5090,69
891202,Mouse,5717,82
891454,Mouse,5571,87
891462,Mouse,3810,86
891479,Elephant,42348,407
891493,Mouse,4690,95
891536,Mouse,5445,96
891555,Mouse,5383,99
891608,Mouse,3720,83
891713,Mouse,4859,78
891723,Mouse,4747,82
891751,Mouse,3807,84
891797,Mouse,5007,93
891855,Elephant,510387,1697
891872,Mouse,3272,80
891892,Mouse,4092,82
891897,Mouse,3441,87
891919,Mouse,4013,75
891948,Mouse,4848,78
891966,Mouse,4158,82
891977,Mouse,3611,84
891982,Elephant,552645,1891
892159,Mouse,4966,76
892166,Mouse,5792,69
892178,Mouse,5026,68
892194,Mouse,5320,79
892207,Elephant,210016,1261
892261,Mouse,5068,73
892309,Mouse,4368,73
892333,Mouse,3246,66
892353,Mouse,5060,69
892367,Mouse,3029,66
892437,Mouse,3468,67
892449,Mouse,5209,70
892527,Mouse,5412,69
892539,Mouse,4124,70
892551,Mouse,4407,73
892613,Mouse,4311,67
892755,Mouse,5730,77
892820,Elephant,548910,1439
892839,Mouse,5021,74
893015,Mouse,5359,74
893111,Mouse,5273,65
893135,Mouse,3164,69
893136,Mouse,4018,70
893199,Mouse,4074,77
893208,Mouse,5726,69
893254,Mouse,4252,74
893336,Mouse,3454,72
893339,Mouse,5137,73
893395,Mouse,4697,65
893507,Mouse,5711,71
893516,Mouse,3687,72
893535,Elephant,371446,965
893592,Mouse,5724,66
893598,Mouse,4006,64
893652,Mouse,4592,67
893702,Mouse,4044,64
893773,Mouse,4339,66
893804,Mouse,5026,68
893805,Mouse,3969,67
893866,Mouse,3947,64
893937,Mouse,5519,66
893954,Mouse,3254,64
894068,Mouse,3035,64
894152,Mouse,3605,66
894153,Mouse,5770,69
894172,Mouse,3438,64
894233,Mouse,5359,65
894283,Mouse,5505,66
894304,Mouse,3449,64
894338,Mouse,5532,66
894352,Mouse,3414,64
894367,Mouse,5062,65
894399,Mouse,5475,66
894418,Mouse,4440,65
894471,Mouse,5085,65
894498,Mouse,4443,65
894533,Mouse,4515,65
894613,Mouse,3040,64
894618,Mouse,4467,65
894633,Mouse,3585,64
894688,Mouse,5418,66
894692,Mouse,4509,66
894709,Mouse,4399,65
894745,Mouse,3508,64
894755,Mouse,5499,66
894799,Mouse,5652,66
894810,Mouse,5377,65
894822,Mouse,4678,65
894831,Mouse,3864,65
894834,Mouse,5175,67
894904,Mouse,5403,65
895136,Mouse,3290,64
895181,Mouse,4492,65
895204,Mouse,3470,64
895212,Mouse,5198,70
895289,Mouse,3019,64
895392,Mouse,4873,65
895397,Mouse,3817,64
895404,Mouse,4546,65
895524,Mouse,5532,66
895622,Mouse,3908,64
895669,Mouse,4034,64
895724,Mouse,5782,70
895736,Mouse,5610,73
895824,Mouse,3756,66
895975,Mouse,4704,68
896007,Mouse,3578,76
896049,Mouse,5234,80
896072,Mouse,4273,86
896148,Mouse,3359,80
896225,Elephant,514959,1168
896271,Mouse,4507,68
896330,Mouse,5446,76
896349,Mouse,5413,74
896379,Mouse,3428,76
896420,Mouse,3643,74
896424,Mouse,5768,78
896448,Mouse,3673,73
896473,Mouse,4120,80
896609,Elephant,64551,358
896615,Mouse,4757,76
896676,Elephant,566964,1236
896772,Mouse,3231,66
896817,Mouse,4238,69
896829,Mouse,3589,64
896916,Mouse,5576,66
896921,Mouse,3562,64
896959,Mouse,3193,65
897010,Mouse,5411,65
897035,Mouse,3171,66
897119,Mouse,3401,65
897181,Mouse,3023,65
897184,Mouse,4099,66
897195,Mouse,4431,66
897263,Mouse,5646,70
897321,Mouse,3527,68
897392,Mouse,5671,70
897412,Mouse,3001,69
897499,Mouse,4207,71
897510,Mouse,4590,79
897515,Mouse,4090,81
897522,Elephant,474582,201748
897537,Mouse,4772,71
897543,Elephant,145155,200983
897669,Mouse,4064,64
897747,Elephant,206843,201551
897780,Mouse,3794,64
897794,Mouse,3239,64
897803,Mouse,4184,64
897890,Mouse,3188,64
897935,Mouse,5701,67
897999,Mouse,3522,64
898054,Mouse,5495,71
898150,Mouse,3898,64
898173,Mouse,5219,67
898252,Mouse,5613,68
898263,Elephant,114779,496
898388,Mouse,3321,64
898477,Mouse,4068,64
898558,Mouse,5634,66
898635,Mouse,5068,70
898766,Mouse,5283,69
898825,Elephant,210770,688
898867,Mouse,3596,68
898884,Mouse,3333,64
898920,Mouse,5619,73
898996,Mouse,4418,66
899082,Mouse,5132,68
899088,Mouse,3325,67
899103,Mouse,3804,64
899313,Elephant,231252,736
899454,Mouse,3892,64
899499,Mouse,3899,67
899501,Mouse,3838,67
899514,Mouse,3952,64
899649,Mouse,4060,64
899688,Mouse,4442,65
899697,Mouse,5600,66
899736,Mouse,4900,65
899808,Mouse,3276,67
899815,Mouse,4878,65
899954,Mouse,4668,66
900043,Mouse,3952,65
900124,Mouse,4521,69
900166,Elephant,351729,917
900266,Mouse,5103,70
900318,Elephant,181688,646
900378,Mouse,4563,65
900501,Mouse,3361,64
900585,Mouse,5274,65
900609,Mouse,3881,64
900662,Mouse,4041,64
900682,Mouse,3295,67
900706,Mouse,4564,67
900708,Mouse,3465,67
900759,Mouse,3175,64
900826,Mouse,3368,64
900864,Elephant,56337,325
900890,Mouse,3051,64
900893,Elephant,96845,449
900908,Mouse,4075,68
900923,Mouse,4215,64
900931,Mouse,3824,64
900941,Mouse,5157,65
900956,Mouse,5811,66
901023,Mouse,5782,66
901049,Mouse,5460,66
901117,Mouse,3106,64
901179,Mouse,3188,64
901185,Mouse,5483,66
901236,Mouse,3056,64
901265,Mouse,3138,64
901387,Mouse,5542,66
901453,Mouse,5126,65
901542,Mouse,5326,65
901593,Mouse,3143,64
901599,Mouse,3729,64
901646,Mouse,5291,65
901727,Mouse,3582,64
901742,Mouse,3327,64
901750,Mouse,4355,65
901777,Mouse,5457,66
901862,Mouse,3192,64
901912,Mouse,5496,66
901959,Mouse,5445,66
901993,Mouse,3022,64
902066,Mouse,5562,70
902153,Mouse,4605,70
902207,Mouse,3756,69
902244,Mouse,5257,70
902274,Mouse,5128,79
902347,Mouse,3380,68
902504,Mouse,3152,93
902510,Mouse,4969,97
902554,Elephant,251287,818
902764,Mouse,3853,81
902826,Mouse,4217,81
902846,Mouse,4368,85
902872,Mouse,4992,75
902888,Mouse,4940,80
902956,Mouse,5311,86
902991,Mouse,4705,87
903029,Mouse,5560,96
903053,Mouse,4534,99
903069,Mouse,5319,109
903116,Mouse,5327,95
903232,Mouse,4345,70
903247,Mouse,4852,73
903266,Mouse,5706,82
903283,Elephant,119345,652
903304,Mouse,4169,89
903444,Mouse,4464,72
903472,Mouse,4963,82
903613,Mouse,4710,92
903659,Mouse,3324,99
903672,Mouse,3024,102
903698,Mouse,5636,103
903919,Mouse,3546,96
903983,Elephant,277823,1412
904081,Elephant,572095,1932
904104,Mouse,4646,80
904107,Mouse,5830,81
904114,Mouse,3985,82
904128,Mouse,3907,79
904325,Mouse,3878,80
904353,Mouse,3649,90
904475,Elephant,547246,2192
904492,Elephant,60196,526
904498,Mouse,3429,81
904541,Mouse,4688,70
904580,Mouse,4893,75
904584,Mouse,3382,69
904641,Mouse,5743,73
904656,Elephant,415500,1849
904659,Mouse,5724,75
904818,Mouse,5261,83
904824,Mouse,3315,79
904943,Mouse,3580,94
904964,Mouse,3280,92
905047,Mouse,5767,79
905051,Mouse,3601,80
905068,Mouse,5380,87
905077,Mouse,3103,83
905165,Mouse,3019,81
905207,Mouse,3336,78
905259,Mouse,3659,80
905268,Mouse,4710,74
905435,Mouse,3942,100
905453,Mouse,5750,105
905583,Mouse,5690,113
905622,Elephant,336935,1458
905682,Mouse,4627,78
905698,Elephant,227794,1200
905773,Mouse,5304,74
905822,Elephant,182691,1199
905874,Mouse,5001,75
905886,Mouse,3276,72
905905,Mouse,4870,81
905913,Mouse,3371,82
906019,Mouse,4707,76
906044,Elephant,124051,614
906060,Mouse,4868,83
906104,Elephant,565428,1904
906234,Mouse,4210,64
906246,Mouse,4916,69
906370,Mouse,3160,66
906411,Mouse,5460,69
906413,Mouse,5200,70
906490,Mouse,5032,71
906507,Mouse,5526,70
906533,Elephant,463671,1822
906577,Mouse,3249,64
906679,Mouse,4847,65
906718,Mouse,3192,64
906736,Mouse,3271,67
906805,Mouse,4986,75
906820,Mouse,5430,67
906853,Mouse,5217,65
906862,Elephant,192896,681
906969,Mouse,5049,65
906983,Mouse,5108,65
907045,Mouse,4967,65
907196,Mouse,3364,64
907210,Mouse,5449,66
907248,Mouse,5433,66
907287,Mouse,3690,64
907364,Mouse,3557,67
907366,Mouse,3124,70
907412,Mouse,5245,66
907459,Mouse,5026,65
907496,Mouse,4589,65
907521,Mouse,3863,64
907547,Mouse,4898,67
907584,Mouse,5253,67
907605,Mouse,3563,65
907691,Mouse,5533,68
907694,Mouse,5492,68
907896,Mouse,5287,74
907922,Mouse,5237,78
907947,Elephant,228580,740
907955,Mouse,5784,77
907997,Mouse,3019,65
908005,Mouse,5467,73
908022,Mouse,3678,70
908088,Mouse,3591,67
908175,Mouse,3082,77
908204,Mouse,3200,81
908237,Mouse,5139,89
908261,Mouse,4796,93
908263,Elephant,127837,583
908274,Mouse,5685,88
908275,Mouse,5760,90
908300,Elephant,30940,230
908325,Mouse,3592,78
908371,Elephant,106069,556
908438,Mouse,3111,66
908450,Mouse,5139,65
908476,Mouse,5476,69
908488,Mouse,3801,73
908541,Mouse,4479,65
908609,Mouse,5830,73
908648,Elephant,374502,1171
908684,Mouse,3404,64
908728,Mouse,5104,65
908874,Mouse,3733,65
908893,Mouse,4611,66
908902,Mouse,5496,66
908909,Mouse,4130,64
908938,Mouse,3891,69
908978,Mouse,4976,70
908991,Mouse,5572,78
908993,Mouse,5415,79
908997,Mouse,4498,76
909043,Mouse,5390,75
909048,Mouse,3700,64
909072,Mouse,3915,68
909075,Mouse,3479,69
909139,Mouse,4581,70
909149,Mouse,3831,71
909195,Elephant,177630,639
909231,Mouse,5144,65
909249,Mouse,4442,65
909276,Mouse,4978,66
909320,Mouse,4672,66
909403,Mouse,3751,67
909403,Mouse,3660,67
909476,Mouse,5549,67
909601,Mouse,4065,66
909613,Mouse,3161,66
909672,Mouse,4666,69
909711,Mouse,4426,69
909746,Mouse,4626,67
909786,Mouse,4635,68
909899,Mouse,4477,67
909995,Elephant,389116,972
909998,Mouse,4307,67
910001,Mouse,3485,64
910050,Mouse,3403,64
910078,Mouse,3437,66
910080,Mouse,4653,68
910083,Mouse,3280,68
910121,Mouse,3368,66
910153,Mouse,3068,66
910159,Mouse,5045,65
910175,Mouse,3660,64
910226,Mouse,3784,64
910275,Mouse,5159,68
910284,Mouse,3067,65
910371,Mouse,5150,71
910391,Mouse,4316,67
910398,Mouse,5257,70
910407,Mouse,3459,72
910523,Mouse,5522,69
910559,Mouse,4749,67
910666,Mouse,3659,68
910678,Mouse,5466,72
910730,Mouse,3158,75
910854,Elephant,117479,529
910956,Mouse,3819,71
911027,Mouse,3255,79
911152,Mouse,5224,85
911188,Elephant,468377,1150
911214,Mouse,4352,82
911219,Mouse,3088,84
911273,Mouse,5324,67
911324,Mouse,4714,65
911406,Mouse,5303,68
911409,Mouse,4122,66
911424,Elephant,439310,1133
911440,Mouse,4344,66
911442,Mouse,3416,67
911477,Mouse,4777,65
911497,Mouse,4502,65
911583,Mouse,5067,65
911984,Mouse,4838,65
912008,Mouse,5143,65
912031,Mouse,3599,64
912093,Mouse,5663,66
912222,Mouse,5408,65
912353,Mouse,3294,64
912569,Mouse,4752,69
912607,Mouse,4131,70
912712,Mouse,3477,68
912824,Mouse,5649,72
912879,Mouse,3261,80
912886,Mouse,3476,85
912938,Mouse,3755,87
912942,Elephant,327288,929
913055,Mouse,5076,72
913075,Mouse,4579,76
913167,Mouse,3314,83
913419,Mouse,4081,78
913435,Mouse,4356,84
913467,Mouse,4878,90
913521,Mouse,4132,98
913528,Elephant,289287,1022
913603,Mouse,5306,82
913610,Mouse,3577,86
913636,Mouse,5205,87
913708,Mouse,5202,94
913755,Mouse,5676,75
913805,Mouse,3467,75
913881,Mouse,5606,87
913997,Mouse,4124,98
914147,Mouse,5136,98
914282,Mouse,3842,96
914317,Mouse,3647,99
914351,Mouse,3748,106
914552,Mouse,5033,113
914576,Elephant,480824,1965
914579,Elephant,287568,1498
914612,Mouse,5658,106
915066,Elephant,405220,2494
915073,Mouse,3074,102
915143,Mouse,4470,88
915218,Mouse,3949,91
915221,Mouse,5465,92
915251,Mouse,4227,95
915397,Mouse,4716,82
915406,Mouse,5500,89
915450,Mouse,3475,103
915468,Mouse,5794,112
915480,Mouse,3878,112
915530,Mouse,3016,123
915568,Mouse,3293,105
915604,Elephant,172098,1311
915619,Mouse,5595,82
915659,Mouse,3778,68
915699,Elephant,345071,1999
915831,Mouse,3285,77
915862,Mouse,4333,86
915882,Elephant,541246,2526
915883,Mouse,4096,92
915936,Mouse,5079,91
915970,Mouse,4970,78
916094,Mouse,3532,75
916106,Elephant,68953,432
916216,Elephant,234686,1179
916235,Mouse,4450,81
916270,Elephant,269112,1280
916357,Mouse,3437,75
916361,Mouse,5637,77
916439,Mouse,3026,72
916539,Elephant,429793,1817
916605,Elephant,128074,547
916620,Mouse,5194,70
916632,Mouse,4944,66
916663,Mouse,4168,69
916677,Mouse,5381,66
916688,Mouse,4465,65
916838,Mouse,5737,70
916847,Mouse,5718,74
916883,Mouse,4471,70
916917,Mouse,3493,67
916939,Mouse,4044,69
916949,Mouse,3065,67
916952,Mouse,5505,69
917008,Mouse,4161,67
917074,Mouse,3491,71
917119,Mouse,4343,71
917127,Mouse,3563,74
917143,Mouse,4917,70
917227,Mouse,5442,74
917304,Mouse,3645,70
917441,Elephant,193536,705
917461,Elephant,536168,1189
917572,Mouse,4415,65
917594,Mouse,4628,65
917721,Mouse,3528,64
917824,Mouse,3437,64
917862,Mouse,5740,66
917867,Mouse,4102,66
917937,Mouse,5034,69
918069,Mouse,4282,66
918074,Mouse,4211,67
918117,Mouse,3197,66
918206,Mouse,5702,73
918258,Mouse,3313,64
918352,Mouse,4142,71
918398,Mouse,4213,75
918693,Mouse,5394,86
918700,Mouse,5738,84
918707,Elephant,333311,968
918730,Mouse,3080,69
918735,Mouse,3990,73
918743,Mouse,3072,74
918820,Mouse,4903,68
918869,Mouse,4269,71
918871,Mouse,4605,72
918884,Mouse,5230,76
918961,Mouse,3116,77
918965,Mouse,4501,81
918996,Mouse,4071,73
919044,Elephant,290123,953
919047,Mouse,3461,74
919078,Mouse,4016,70
919145,Mouse,5837,72
919155,Mouse,4490,74
919183,Mouse,4023,67
919342,Elephant,210421,907
919345,Mouse,5665,71
919426,Mouse,3183,64
919437,Mouse,5087,65
919454,Mouse,5775,71
919458,Mouse,5720,74
919557,Mouse,4374,69
919597,Mouse,3703,67
919608,Mouse,4758,73
919623,Mouse,5676,74
919635,Elephant,515019,1406
919816,Mouse,5080,65
919822,Mouse,5652,66
919972,Mouse,5084,65
919994,Mouse,3742,64
920068,Mouse,4173,64
920454,Mouse,4126,78
920499,Mouse,4784,86
920543,Mouse,3793,90
920614,Mouse,3294,87
920618,Mouse,4685,87
920620,Mouse,3035,88
920658,Mouse,4915,83
920668,Mouse,4462,83
920717,Elephant,200420,770
920740,Mouse,5012,76
920769,Mouse,3054,66
920948,Elephant,191187,958
921003,Mouse,5660,71
921035,Mouse,3551,73
921038,Elephant,39642,271
921073,Mouse,5576,75
921080,Mouse,4135,73
921193,Mouse,5378,70
921208,Mouse,5476,78
921225,Mouse,3539,81
921250,Mouse,5308,85
921257,Elephant,451644,1358
921269,Mouse,3390,85
921272,Mouse,5094,87
921347,Mouse,3184,66
921355,Mouse,4962,73
921407,Mouse,4757,76
921490,Mouse,3958,68
921499,Mouse,5183,72
921543,Mouse,3388,73
921641,Elephant,331380,1354
921673,Mouse,4874,76
921708,Mouse,3965,68
921731,Mouse,3650,76
921764,Mouse,3670,76
921764,Mouse,3787,76
921783,Mouse,3063,72
921787,Elephant,286739,993
921811,Mouse,3009,69
921843,Mouse,4364,72
921928,Elephant,179244,647
921944,Mouse,4948,65
922019,Mouse,4991,65
922053,Mouse,3271,64
922246,Mouse,3716,64
922271,Mouse,4160,64
922361,Mouse,4907,65
922446,Mouse,3310,64
922475,Mouse,3893,64
922482,Mouse,5590,66
922587,Mouse,3562,64
922619,Mouse,4361,65
922622,Mouse,3387,65
922686,Mouse,4330,65
922719,Mouse,4410,67
922851,Mouse,3214,64
922865,Mouse,5797,66
922973,Elephant,74885,369
922990,Mouse,5727,66
923139,Mouse,5693,66
923171,Mouse,5203,65
923184,Mouse,5536,67
923202,Mouse,5375,67
923203,Mouse,3028,66
923222,Mouse,3216,64
923334,Mouse,4193,64
923364,Mouse,4152,64
923421,Mouse,4120,64
923527,Mouse,3383,64
923644,Mouse,3300,66
923792,Mouse,4105,64
923819,Mouse,3478,64
923875,Mouse,4814,65
923962,Mouse,5189,65
923994,Mouse,5008,67
924018,Mouse,3352,64
924034,Mouse,3357,67
924055,Mouse,4929,65
924116,Mouse,4291,67
924170,Elephant,190115,640
924223,Mouse,4722,65
924231,Mouse,5580,66
924325,Mouse,3847,64
924331,Mouse,5028,65
924380,Mouse,4497,65
924519,Mouse,5766,66
924570,Mouse,3554,64
924607,Mouse,4986,65
924733,Mouse,3844,68
924760,Mouse,5329,65
924791,Mouse,5393,65
924805,Mouse,3711,64
924832,Mouse,5094,65
924917,Mouse,3508,64
924955,Mouse,3151,65
924985,Mouse,4391,67
925065,Mouse,5292,69
925095,Mouse,5305,71
925096,Mouse,4827,71
925151,Mouse,5265,66
925163,Mouse,4995,72
925208,Mouse,5763,74
925241,Mouse,4516,80
925269,Mouse,5643,88
925341,Mouse,4910,88
925355,Mouse,4343,90
925365,Mouse,4475,90
925386,Mouse,4396,96
925391,Mouse,5574,98
925513,Mouse,3618,96
925552,Mouse,4426,85
925562,Mouse,3361,87
925611,Mouse,5262,80
925663,Mouse,3839,96
925756,Mouse,4601,93
925798,Mouse,4447,94
925831,Mouse,3705,95
925892,Mouse,4149,97
925922,Elephant,118295,800
926042,Mouse,5194,86
926080,Mouse,3943,99
926087,Elephant,562813,1640
926110,Mouse,5101,96
926267,Mouse,5658,76
926293,Mouse,4024,78
926317,Mouse,4545,82
926333,Mouse,3883,85
926442,Elephant,295870,1575
926500,Mouse,4125,80
926530,Elephant,144201,1045
926547,Mouse,3812,77
926574,Mouse,5309,82
926581,Mouse,3864,74
926627,Mouse,3504,70
926792,Mouse,3752,90
926798,Mouse,5596,90
926839,Elephant,348540,1746
926888,Mouse,5167,73
927049,Elephant,361457,1755
927073,Elephant,102916,509
927146,Mouse,3002,66
927224,Elephant,442447,1417
927275,Mouse,3219,64
927287,Mouse,3346,67
927301,Mouse,4890,65
927371,Mouse,4956,68
927418,Elephant,58906,329
927447,Mouse,4741,65
927576,Mouse,4922,65
927784,Mouse,4231,64
927948,Mouse,5775,66
927969,Mouse,5532,70
927986,Mouse,4565,65
928139,Mouse,3961,65
928290,Mouse,3444,64
928331,Mouse,4608,65
928548,Mouse,3274,64
928571,Mouse,3123,66
928617,Mouse,3953,68
928633,Mouse,4622,70
928778,Mouse,5337,65
928810,Mouse,3935,67
928837,Mouse,3250,66
928855,Mouse,3674,73
928856,Mouse,5341,75
928911,Mouse,3659,70
928930,Mouse,3377,66
928981,Mouse,4144,70
929181,Elephant,571292,1282
929191,Mouse,4920,66
929228,Mouse,5505,66
929254,Mouse,4487,66
929269,Mouse,5057,65
929299,Mouse,3814,68
929375,Mouse,3546,64
929423,Mouse,4046,64
929439,Mouse,5756,70
929531,Mouse,3878,67
929656,Mouse,3464,67
929664,Mouse,5691,68
929666,Elephant,297748,1066
929690,Mouse,4594,66
929701,Mouse,3762,64
929721,Mouse,3921,64
929735,Mouse,4008,65
929756,Mouse,5012,65
929774,Mouse,4997,65
929804,Mouse,5505,66
929867,Mouse,5818,66
929882,Mouse,3511,64
930001,Mouse,3014,64
930005,Mouse,4702,66
930049,Mouse,3247,66
930190,Mouse,3512,64
930299,Mouse,3380,68
930310,Mouse,3043,74
930414,Mouse,5503,66
930553,Mouse,5469,72
930698,Mouse,5218,76
930715,Mouse,5481,72
930726,Mouse,3629,76
930741,Mouse,5502,84
930798,Elephant,298901,865
930810,Mouse,3329,79
930875,Mouse,3402,69
930912,Mouse,3155,70
931054,Mouse,4729,67
931071,Elephant,436153,1054
931176,Mouse,3511,67
931208,Mouse,3802,74
931229,Mouse,5356,65
931236,Mouse,4390,65
931249,Mouse,4045,66
931356,Mouse,3472,66
931491,Mouse,3580,64
931532,Mouse,5795,71
931557,Mouse,5736,72
931593,Mouse,5713,71
931623,Mouse,5174,76
931647,Mouse,5072,74
931665,Mouse,5732,80
931697,Mouse,4584,78
931724,Mouse,5630,87
931765,Mouse,4347,85
931772,Elephant,396711,1034
931795,Mouse,3302,77
931799,Mouse,5489,82
931813,Mouse,5518,75
931828,Mouse,3372,67
931852,Mouse,3784,73
931873,Mouse,4524,69
931930,Mouse,5415,68
932007,Mouse,5606,70
932021,Mouse,5703,71
932031,Mouse,3321,70
932044,Mouse,5485,68
932071,Mouse,3115,71
932257,Mouse,3890,64
932271,Elephant,573745,1223
932329,Mouse,5359,65
932333,Mouse,4938,65
932409,Mouse,3139,64
932413,Mouse,3246,64
932419,Mouse,5780,66
932488,Mouse,5535,66
932586,Mouse,3110,64
932636,Mouse,4758,65
932705,Mouse,4754,68
932791,Mouse,4703,65
932809,Mouse,5179,65
932884,Mouse,5043,65
932922,Mouse,3143,67
933004,Mouse,5683,70
933068,Mouse,3786,64
933074,Mouse,4657,65
933089,Mouse,5561,69
933121,Mouse,4462,65
933138,Mouse,3468,67
933157,Mouse,5574,73
933158,Mouse,4489,73
933283,Mouse,5220,71
933299,Mouse,5577,67
933367,Mouse,5235,69
933603,Mouse,5217,69
933672,Mouse,4318,69
933699,Mouse,3355,67
933703,Elephant,578315,1198
933709,Mouse,3607,65
933734,Mouse,4431,65
933797,Mouse,5042,65
933814,Mouse,4654,69
934006,Elephant,36026,234
934050,Mouse,5634,66
934088,Mouse,4265,65
934130,Mouse,3547,64
934160,Elephant,127094,507
934200,Mouse,3671,65
934226,Mouse,3985,64
934409,Mouse,4243,64
934432,Mouse,3492,64
934509,Mouse,5094,65
934513,Mouse,3341,64
934549,Mouse,5034,65
934588,Mouse,3875,64
934611,Mouse,5495,66
934658,Mouse,5179,67
934679,Mouse,4602,67
934808,Mouse,4292,70
934905,Mouse,4168,70
935013,Mouse,3597,67
935079,Mouse,5721,74
935088,Mouse,3329,72
935214,Elephant,407765,1006
935366,Mouse,4793,68
935427,Mouse,3410,77
935452,Mouse,3139,75
935465,Mouse,4329,86
935496,Mouse,5453,96
935509,Mouse,5350,101
935634,Mouse,3735,95
935687,Mouse,3153,86
935697,Mouse,4042,93
935861,Mouse,4732,91
935922,Elephant,104178,666
935966,Elephant,132985,814
935974,Mouse,4771,84
935974,Elephant,529160,1374
936060,Mouse,4678,66
936072,Mouse,4214,70
936124,Mouse,4140,64
936240,Mouse,4793,71
936362,Mouse,4453,69
936368,Mouse,4286,71
936430,Mouse,5621,78
936456,Mouse,4111,65
936463,Elephant,317127,1131
936464,Elephant,33986,242
936471,Mouse,3339,69
936510,Mouse,4363,67
936590,Mouse,4802,65
936749,Mouse,3206,64
936802,Mouse,4409,68
936811,Mouse,3164,68
936856,Mouse,4675,67
936866,Mouse,4526,65
936910,Mouse,4748,65
936940,Mouse,3845,64
937020,Mouse,4540,66
937024,Mouse,3513,66
937072,Mouse,5788,66
937212,Mouse,3653,64
937241,Mouse,3797,67
937349,Mouse,5510,68
937354,Mouse,4386,70
937355,Mouse,5438,71
937377,Mouse,5355,70
937475,Mouse,3607,64
937520,Mouse,4880,66
937641,Mouse,3713,68
937662,Mouse,4855,68
937774,Mouse,4599,69
937826,Mouse,5441,70
937882,Mouse,3500,66
937907,Mouse,4174,66
937983,Elephant,592208,1249
938020,Mouse,4042,64
938123,Mouse,3360,64
938143,Mouse,5297,65
938223,Mouse,5769,66
938231,Mouse,5442,66
938265,Mouse,3571,64
938290,Mouse,5400,65
938482,Mouse,3058,64
938503,Mouse,4269,65
938574,Mouse,3313,64
938581,Mouse,3321,65
938582,Mouse,4571,68
938598,Mouse,3578,64
938623,Mouse,4224,66
938637,Mouse,5743,66
938700,Mouse,4797,65
938711,Mouse,5022,65
938758,Mouse,4251,64
938775,Mouse,4990,69
938807,Mouse,5027,65
938825,Mouse,5335,73
938846,Mouse,5339,65
938890,Mouse,4632,66
938934,Mouse,3006,64
938991,Mouse,3261,67
939017,Mouse,5097,65
939039,Mouse,3417,70
939101,Mouse,4659,65
939171,Mouse,3015,66
939359,Mouse,5578,75
939372,Mouse,5141,81
939377,Mouse,4977,77
939412,Mouse,5465,78
939430,Mouse,5816,68
939500,Mouse,4102,66
939632,Mouse,3628,66
939679,Elephant,390847,1058
939692,Mouse,5732,67
939732,Mouse,3385,64
939742,Mouse,4549,65
939763,Mouse,4369,66
939939,Elephant,253950,1014
939949,Mouse,5189,65
939972,Mouse,5541,67
940001,Mouse,4945,65
940116,Mouse,4791,65
940185,Mouse,3895,66
940193,Mouse,5106,65
940200,Mouse,4709,65
940210,Mouse,3244,64
940228,Mouse,5467,69
940248,Mouse,4345,65
940468,Mouse,5481,66
940484,Mouse,3908,67
940619,Mouse,4374,68
940761,Mouse,3701,67
940816,Mouse,4150,64
940850,Mouse,3084,65
940901,Mouse,5342,65
940982,Mouse,4129,66
941072,Mouse,5721,66
941090,Elephant,433384,1019
941121,Mouse,4146,64
941156,Mouse,3725,65
941241,Mouse,5652,67
941306,Mouse,4637,67
941307,Mouse,3890,67
941379,Mouse,5436,70
941399,Mouse,3282,64
941427,Mouse,4150,73
941435,Mouse,4311,65
941543,Elephant,98263,451
941602,Mouse,4640,65
941706,Mouse,5775,70
941879,Mouse,4858,67
941962,Mouse,3987,67
942002,Mouse,4254,67
942014,Mouse,5121,73
942027,Mouse,3858,64
942098,Mouse,3976,66
942108,Mouse,4496,69
942308,Mouse,4557,67
942315,Mouse,5332,72
942319,Mouse,5676,75
942327,Mouse,5668,76
942369,Mouse,3761,77
942414,Mouse,3038,64
942470,Mouse,4001,68
942492,Mouse,3810,65
942639,Mouse,5561,70
942652,Elephant,492940,1102
942669,Mouse,3269,64
942757,Mouse,4340,65
942790,Mouse,5022,65
942800,Mouse,4009,64
942837,Mouse,3653,64
942930,Mouse,3296,66
942933,Mouse,5497,68
942956,Mouse,3212,64
942990,Mouse,5804,66
943068,Mouse,3173,64
943085,Mouse,5041,65
943101,Mouse,3439,64
943143,Mouse,3763,67
943145,Mouse,4650,68
943234,Mouse,3741,64
943323,Mouse,4259,65
943473,Mouse,4566,65
943496,Mouse,3097,64
943545,Mouse,3881,64
943571,Mouse,5506,66
943621,Mouse,5402,65
943661,Mouse,5433,66
943899,Mouse,5476,68
943958,Mouse,4496,65
943962,Mouse,4167,65
944023,Mouse,5732,70
944133,Mouse,5556,66
944194,Mouse,4412,67
944252,Mouse,4748,69
944392,Mouse,5198,69
944465,Mouse,3508,65
944498,Mouse,5378,68
944499,Elephant,272744,800
944508,Mouse,4663,65
944578,Mouse,5345,65
944581,Mouse,4024,65
944601,Mouse,3547,64
944638,Mouse,4125,64
944662,Mouse,4041,64
944678,Mouse,5149,65
944710,Mouse,4859,65
944723,Mouse,3218,64
944814,Mouse,3628,64
944823,Mouse,3582,64
944861,Mouse,3814,64
944890,Mouse,5416,65
945185,Mouse,3587,64
945195,Mouse,4067,68
945269,Mouse,4668,65
945309,Mouse,4213,64
945478,Mouse,4110,64
945482,Mouse,3244,64
945529,Mouse,3079,64
945548,Elephant,185928,634
945557,Mouse,3443,64
945567,Mouse,5215,65
945614,Mouse,5679,67
945621,Mouse,4146,64
945695,Mouse,3496,65
945697,Mouse,4487,67
945793,Mouse,5539,66
945963,Mouse,3557,64
946204,Mouse,5460,66
946216,Mouse,4067,64
946329,Mouse,4780,65
946364,Mouse,5456,66
946409,Mouse,5837,66
946431,Mouse,4753,65
946471,Mouse,5617,66
946521,Mouse,3491,64
946570,Mouse,3797,64
946630,Mouse,3882,66
946642,Mouse,5835,66
946716,Mouse,5504,70
946726,Mouse,4574,65
946761,Elephant,76195,374
946766,Mouse,4690,65
946803,Mouse,4731,66
946922,Mouse,4023,67
947118,Mouse,3291,69
947153,Mouse,3563,68
947163,Mouse,3763,67
947181,Mouse,4014,69
947236,Mouse,4683,72
947291,Mouse,3097,71
947334,Mouse,5114,72
947454,Mouse,4974,85
947468,Mouse,5025,89
947491,Elephant,113424,533
947495,Elephant,206145,789
947590,Mouse,3370,68
947591,Mouse,3851,69
947714,Mouse,5783,72
947770,Mouse,3889,75
947786,Mouse,4238,73
947795,Mouse,3692,70
947811,Mouse,4997,75
947829,Mouse,5264,80
947876,Elephant,404549,1153
947887,Mouse,4436,73
947951,Mouse,5791,71
947970,Mouse,4332,73
947974,Mouse,4648,72
948094,Mouse,5742,73
948136,Mouse,4785,71
948141,Mouse,4150,74
948243,Mouse,4263,74
948333,Mouse,5644,86
948365,Mouse,4611,94
948366,Mouse,5346,95
948407,Mouse,5701,102
948515,Mouse,3735,97
948543,Mouse,5372,83
948597,Mouse,3814,77
948619,Mouse,5719,86
948636,Elephant,492524,1271
948657,Mouse,4341,89
948661,Mouse,3309,90
948674,Mouse,4903,95
948725,Mouse,4641,98
948861,Mouse,4826,72
948877,Elephant,383568,1269
948931,Mouse,5502,68
948981,Mouse,5058,70
949041,Mouse,4157,71
949070,Mouse,5718,76
949122,Elephant,151600,652
949390,Mouse,3357,68
949406,Mouse,5829,75
949418,Mouse,3989,76
949424,Elephant,52601,342
949454,Mouse,4215,75
949552,Mouse,5646,70
949660,Mouse,4643,75
949678,Mouse,3322,77
949693,Elephant,588046,1661
949712,Elephant,290251,1034
949814,Mouse,4841,70
949824,Mouse,3052,64
949833,Mouse,3332,64
949896,Mouse,3206,65
950080,Mouse,5288,71
950164,Mouse,4716,69
950219,Mouse,3414,69
950225,Mouse,5619,73
950271,Mouse,4059,65
950309,Mouse,3174,68
950330,Mouse,3815,67
950342,Elephant,212508,693
950392,Mouse,3083,67
950457,Mouse,3091,64
950506,Mouse,4303,65
950583,Mouse,3278,67
950621,Mouse,5768,71
950646,Mouse,3772,64
950654,Mouse,4651,66
950659,Mouse,4805,70
950696,Mouse,4558,67
950725,Mouse,5542,70
950812,Mouse,4941,71
950813,Mouse,4500,72
950861,Mouse,5076,75
950877,Elephant,334973,897
950917,Mouse,4684,65
950924,Mouse,3129,64
950930,Mouse,4029,64
950936,Mouse,5245,65
950978,Mouse,3440,64
951056,Mouse,4383,65
951207,Mouse,3136,64
951293,Mouse,5654,66
951326,Mouse,4741,69
951351,Mouse,3026,66
951399,Mouse,5629,66
951643,Mouse,4047,66
951646,Mouse,3967,68
951660,Mouse,3911,71
951686,Mouse,4658,76
951718,Mouse,5552,77
951751,Mouse,3051,67
951769,Mouse,3582,72
951855,Mouse,3967,68
951861,Mouse,4359,71
951920,Mouse,5839,76
952163,Elephant,444324,1097
952167,Mouse,3152,100
952169,Mouse,3667,99
952203,Mouse,3262,83
952212,Mouse,3236,85
952251,Mouse,5774,66
952314,Mouse,4722,68
952366,Mouse,5106,70
952491,Elephant,546452,1320
952669,Mouse,4748,67
952699,Mouse,5046,68
952812,Mouse,5357,67
952862,Mouse,4561,72
952868,Mouse,5479,75
952895,Mouse,3512,70
952905,Mouse,3665,70
952963,Mouse,5230,69
953081,Mouse,4384,81
953122,Mouse,3803,91
953199,Mouse,5016,90
953209,Elephant,500863,1236
953256,Mouse,3153,84
953272,Mouse,4762,85
953326,Mouse,4977,77
953343,Mouse,4897,68
953520,Elephant,110954,586
953565,Mouse,4595,84
953627,Mouse,4924,98
953684,Mouse,3224,102
953831,Mouse,4698,75
953896,Mouse,5772,82
953899,Mouse,5632,84
953923,Mouse,4295,90
954012,Mouse,5425,94
954034,Mouse,3132,87
954034,Mouse,3663,92
954098,Mouse,4148,95
954317,Elephant,386328,1611
954429,Elephant,414474,1547
954469,Mouse,4142,76
954557,Mouse,3450,80
954669,Mouse,5225,108
954774,Mouse,5314,107
954833,Mouse,5094,94
954844,Mouse,5352,99
954886,Mouse,4967,102
955008,Mouse,3081,68
955051,Mouse,4182,79
955057,Mouse,5149,84
955141,Mouse,4055,96
955181,Mouse,3480,98
955259,Mouse,4696,95
955306,Mouse,4478,104
955372,Mouse,5438,106
955416,Elephant,367442,2125
955528,Elephant,255356,1629
955741,Mouse,4211,104
955785,Elephant,360330,402589
955791,Mouse,4058,103
955853,Mouse,3990,86
955864,Mouse,3868,93
955893,Mouse,3973,89
955904,Mouse,3864,94
955921,Elephant,487169,2484
956006,Elephant,430270,202416
956023,Mouse,5063,70
956185,Mouse,4829,66
956281,Elephant,588418,403208
956410,Mouse,4591,71
956489,Mouse,4430,68
956537,Mouse,3511,69
956590,Mouse,3326,72
956600,Mouse,3392,79
956601,Mouse,3458,79
956667,Mouse,4434,84
956690,Mouse,3663,86
956741,Mouse,3614,88
956796,Mouse,5215,100
956878,Mouse,4226,110
956909,Mouse,3171,102
956911,Elephant,387837,1109
956919,Mouse,3046,90
956964,Mouse,5397,73
957056,Mouse,5510,70
957162,Elephant,438517,1666
957290,Mouse,5720,78
957293,Mouse,4634,77
957304,Mouse,4322,75
957349,Mouse,4942,78
957379,Mouse,3799,69
957405,Mouse,4540,71
957432,Mouse,5511,76
957528,Mouse,4933,80
957544,Mouse,5839,83
957559,Mouse,3798,87
957578,Mouse,5694,95
957712,Mouse,4023,77
957719,Mouse,3226,81
957734,Mouse,3789,79
957849,Mouse,5065,84
957873,Mouse,3151,87
958192,Mouse,3612,98
958204,Elephant,543445,1555
958216,Elephant,593534,1778
958229,Mouse,3295,78
958271,Mouse,5667,77
958365,Mouse,4324,67
958413,Mouse,3068,69
958466,Mouse,3939,66
958480,Mouse,3653,68
958531,Mouse,4156,71
958546,Elephant,157710,1167
958571,Mouse,4339,67
958597,Elephant,192244,769
958634,Mouse,5702,68
958637,Mouse,3246,65
958664,Mouse,5018,69
958666,Mouse,5089,70
958719,Mouse,4073,68
958748,Mouse,5113,66
958784,Mouse,5709,66
958864,Elephant,61512,325
958879,Mouse,3383,64
958899,Mouse,4639,69
958951,Mouse,3925,64
958965,Mouse,4764,65
959040,Mouse,5768,67
959042,Mouse,3841,66
959060,Mouse,5617,68
959141,Mouse,3761,64
959239,Mouse,3658,66
959249,Mouse,3088,70
959300,Mouse,4004,74
959353,Mouse,4831,72
959357,Mouse,3192,70
959389,Mouse,3202,69
959435,Mouse,3288,74
959449,Mouse,3360,73
959480,Mouse,3543,81
959564,Elephant,414438,1188
959605,Elephant,49742,303
959608,Mouse,3556,68
959674,Mouse,5144,67
959762,Mouse,5303,67
959786,Mouse,3971,64
959898,Mouse,4187,69
959901,Mouse,4238,71
959926,Mouse,4307,74
959961,Mouse,5561,75
959979,Mouse,3319,78
959982,Mouse,4212,78
960029,Mouse,4427,75
960114,Mouse,3789,70
960135,Mouse,5727,75
960157,Mouse,5558,76
960260,Mouse,4547,76
960274,Mouse,3994,84
960343,Mouse,4314,98
960362,Mouse,4615,100
960449,Mouse,4506,102
960484,Mouse,4854,99
960502,Mouse,3127,90
960602,Mouse,3186,82
960648,Elephant,533084,1357
960681,Mouse,4004,74
960728,Mouse,3439,77
960795,Mouse,5323,83
960828,Mouse,4415,87
960855,Mouse,4482,95
960880,Mouse,5330,97
960889,Mouse,5500,104
960900,Mouse,5763,104
960977,Mouse,4897,98
961062,Mouse,4097,75
961089,Elephant,188251,852
961093,Mouse,4629,66
961132,Elephant,171828,1081
961229,Mouse,4578,71
961319,Mouse,3090,68
961438,Mouse,3584,71
961468,Mouse,4779,73
961515,Mouse,3574,72
961586,Mouse,5023,78
961623,Elephant,437517,1773
961630,Mouse,5228,80
961654,Mouse,5774,78
961670,Mouse,4791,79
961919,Mouse,5588,78
962041,Mouse,4852,91
962057,Mouse,4049,95
962104,Mouse,4516,97
962110,Mouse,5713,100
962120,Mouse,4848,105
962163,Elephant,554272,1787
962166,Mouse,3225,100
962207,Mouse,3019,90
962213,Mouse,4492,90
962217,Mouse,4903,81
962316,Mouse,5563,70
962519,Mouse,5492,74
962520,Mouse,3441,73
962532,Mouse,5420,76
962721,Mouse,5286,86
962776,Mouse,3545,95
962859,Mouse,3024,90
962958,Mouse,4938,86
963219,Mouse,3361,98
963242,Mouse,4364,106
963479,Mouse,5514,112
963587,Mouse,5596,129
963597,Mouse,3924,134
963641,Mouse,5188,131
963660,Elephant,595117,2067
963710,Mouse,4395,124
963726,Mouse,4773,131
963727,Mouse,3764,130
963753,Mouse,4514,124
963802,Elephant,497782,2063
963853,Mouse,5298,82
963859,Mouse,5137,80
963863,Mouse,3880,86
963887,Mouse,4469,76
963920,Mouse,5047,84
963947,Mouse,5180,83
963955,Mouse,3473,67
964005,Mouse,4114,69
964035,Mouse,5343,71
964079,Mouse,5494,70
964097,Mouse,4918,76
964140,Elephant,521708,2440
964230,Elephant,139196,931
964284,Mouse,4165,67
964447,Mouse,5255,71
964480,Mouse,5799,72
964504,Mouse,3957,74
964519,Mouse,5545,75
964587,Mouse,3283,75
964604,Mouse,5777,85
964637,Mouse,3543,79
964669,Mouse,5335,83
964707,Mouse,5356,92
964764,Mouse,5551,93
964840,Mouse,3980,89
964892,Mouse,3105,85
964934,Mouse,4253,89
964938,Mouse,4164,91
965050,Mouse,4034,103
965073,Mouse,4494,104
965184,Mouse,4084,85
965197,Mouse,3973,88
965228,Mouse,4120,95
965242,Mouse,4869,96
965280,Mouse,3282,95
965300,Mouse,4993,94
965325,Mouse,4181,87
965375,Mouse,3766,79
965403,Mouse,3902,76
965526,Mouse,3967,98
965582,Mouse,4001,103
965641,Mouse,4135,99
965704,Mouse,4928,92
965718,Mouse,4194,95
965744,Mouse,3788,99
965773,Mouse,3558,96
965838,Mouse,3631,99
965865,Mouse,5374,108
965879,Elephant,512699,1821
965887,Mouse,5263,102
965969,Mouse,3784,85
965981,Mouse,5376,82
966021,Mouse,5412,72
966055,Mouse,5278,79
966149,Mouse,4093,68
966175,Mouse,3030,66
966261,Mouse,4352,72
966291,Elephant,594857,2143
966295,Mouse,3435,69
966303,Mouse,4703,70
966347,Mouse,4184,67
966366,Mouse,3052,67
966512,Mouse,3719,71
966529,Mouse,4328,74
966571,Mouse,5210,72
966614,Mouse,4027,74
966627,Mouse,5103,75
966670,Mouse,4314,88
966679,Mouse,3415,90
966698,Mouse,4981,93
966756,Mouse,4402,92
966855,Mouse,4437,79
966914,Mouse,5209,73
966948,Mouse,5068,69
966985,Mouse,5590,75
967011,Mouse,4358,70
967040,Mouse,4521,69
967050,Mouse,4573,73
967090,Mouse,4195,70
967105,Mouse,4359,79
967355,Mouse,3803,100
967469,Mouse,3093,89
967496,Mouse,4137,84
967524,Mouse,3878,87
967533,Mouse,4905,92
967640,Mouse,3842,69
967652,Mouse,4380,76
967692,Elephant,335139,1380
967704,Mouse,5222,79
967728,Elephant,365749,1464
967730,Mouse,5012,78
967763,Mouse,5511,72
967780,Mouse,5021,67
967824,Mouse,3834,64
967847,Mouse,3768,65
967873,Mouse,4424,68
967943,Mouse,5394,68
968054,Mouse,4317,65
968061,Mouse,5713,67
968117,Mouse,4357,67
968267,Mouse,5541,68
968268,Mouse,4200,68
968291,Mouse,3835,70
968294,Mouse,5337,73
968349,Mouse,4440,80
968350,Mouse,5433,81
968369,Mouse,3735,84
968380,Mouse,3299,72
968403,Mouse,5252,79
968432,Mouse,3408,67
968536,Mouse,4941,69
968622,Mouse,3629,67
968632,Mouse,3899,67
968644,Mouse,5266,69
968760,Mouse,3526,64
968804,Mouse,4758,68
968820,Elephant,435373,1036
968849,Mouse,3874,66
968871,Mouse,4418,66
968885,Mouse,5073,70
968896,Mouse,4840,67
968938,Mouse,3280,72
969146,Mouse,4580,67
969155,Mouse,5194,70
969282,Mouse,5332,66
969301,Mouse,3513,66
969357,Mouse,3143,65
969366,Mouse,3873,67
969369,Mouse,3117,64
969410,Mouse,3478,66
969415,Mouse,3870,64
969504,Mouse,4935,66
969542,Mouse,4548,68
969564,Mouse,3808,71
969594,Elephant,115375,495
969728,Mouse,3217,77
969733,Mouse,5162,73
969748,Mouse,4708,69
969827,Mouse,5513,79
969830,Mouse,3745,77
969906,Mouse,4757,78
969962,Mouse,4881,74
970081,Mouse,3465,72
970151,Mouse,4173,75
970224,Elephant,435411,1118
970248,Mouse,4908,69
970276,Mouse,5406,74
970296,Mouse,5651,76
970421,Mouse,3891,71
970450,Elephant,277468,852
970457,Mouse,4587,66
970489,Mouse,4529,77
970495,Mouse,4418,71
970512,Mouse,5775,67
970562,Mouse,5363,70
970585,Mouse,3730,64
970593,Mouse,4413,65
970689,Mouse,4640,65
970697,Mouse,3015,66
970707,Mouse,5103,71
970831,Elephant,196214,699
970845,Mouse,5727,69
970878,Mouse,4629,65
970920,Mouse,3097,67
970923,Mouse,5686,69
970956,Mouse,4259,65
971094,Mouse,4689,65
971193,Mouse,3240,64
971200,Mouse,4031,64
971223,Mouse,3001,72
971242,Mouse,5677,66
971333,Mouse,5764,66
971401,Mouse,3366,69
971436,Mouse,3326,70
971484,Mouse,5464,75
971545,Mouse,3043,79
971740,Mouse,3701,91
971779,Mouse,5491,94
971880,Mouse,5094,92
971892,Mouse,3655,89
971900,Mouse,4401,94
972024,Elephant,304529,1047
972137,Mouse,5605,73
972167,Mouse,4205,72
972182,Elephant,356282,1122
972315,Mouse,3916,68
972323,Mouse,5244,70
972367,Mouse,5471,74
972587,Mouse,5270,96
972627,Mouse,5135,98
972728,Mouse,3484,106
972786,Mouse,4311,104
972797,Mouse,4848,106
972846,Mouse,4361,92
972856,Mouse,3412,89
972913,Mouse,3486,84
972979,Mouse,4714,78
973177,Mouse,4528,93
973203,Elephant,593777,1815
973274,Elephant,458077,1936
973353,Mouse,5196,68
973585,Mouse,4408,78
973649,Mouse,3981,78
973738,Mouse,5642,87
973814,Mouse,4513,99
973822,Mouse,4354,101
973857,Mouse,4581,107
973949,Mouse,3384,91
974069,Mouse,3987,106
974088,Mouse,4292,106
974273,Mouse,5636,97
974365,Mouse,3793,110
974370,Elephant,120364,977
974452,Mouse,3788,98
974474,Mouse,4075,101
974503,Mouse,5755,101
974624,Elephant,470914,2295
974676,Mouse,4945,74
974706,Mouse,3031,79
974723,Mouse,4580,78
974755,Elephant,580527,2432
974941,Elephant,463079,2342
974991,Mouse,5468,67
975026,Mouse,4311,65
975045,Mouse,4180,64
975065,Mouse,4151,67
975075,Mouse,4477,65
975092,Mouse,5149,68
975276,Mouse,4279,68
975320,Mouse,5248,68
975395,Mouse,4376,66
975428,Mouse,5442,68
975474,Mouse,4653,67
975498,Mouse,4179,69
975508,Mouse,4822,65
975750,Mouse,5785,71
975854,Mouse,3496,70
975874,Mouse,5286,68
975935,Mouse,4862,69
975970,Elephant,136721,545
975978,Mouse,3874,69
975999,Mouse,3254,66
976042,Mouse,4029,67
976153,Mouse,3927,64
976191,Mouse,3009,65
976250,Mouse,5058,70
976255,Mouse,3008,71
976309,Mouse,3286,64
976314,Mouse,5684,67
976330,Mouse,5580,68
976334,Mouse,3140,67
976357,Mouse,4500,66
976428,Mouse,4510,69
976455,Mouse,3674,66
976511,Mouse,4733,68
976716,Mouse,5453,67
976806,Mouse,4214,69
976812,Mouse,5216,72
976877,Mouse,5632,66
976962,Mouse,3854,64
977087,Mouse,4940,72
977097,Mouse,4636,70
977152,Mouse,4143,68
977157,Mouse,3631,70
977226,Elephant,52387,324
977241,Mouse,5143,66
977280,Mouse,3832,65
977317,Mouse,4559,74
977485,Mouse,4508,68
977541,Mouse,3570,67
977557,Mouse,4168,69
977567,Elephant,442116,1040
977582,Mouse,5737,70
977611,Mouse,3189,68
977773,Mouse,3417,64
977895,Elephant,134991,553
977992,Mouse,3896,65
978038,Mouse,3494,71
978094,Mouse,5320,78
978114,Mouse,4843,84
978210,Mouse,5688,94
978244,Elephant,139736,605
978274,Mouse,3179,76
978306,Mouse,3740,67
978343,Mouse,5826,71
978363,Mouse,3299,73
978375,Mouse,3688,68
978470,Mouse,4533,70
978508,Elephant,181450,831
978556,Mouse,3424,71
978698,Mouse,4342,69
978705,Mouse,4002,70
978723,Mouse,5348,80
978781,Mouse,3251,81
978785,Mouse,3921,83
978799,Mouse,3548,88
978817,Elephant,284146,1028
978852,Mouse,5544,77
978895,Mouse,3934,65
979018,Elephant,569749,1389
979050,Mouse,3824,65
979085,Mouse,3705,74
979088,Mouse,5286,76
979132,Mouse,3518,68
979251,Mouse,3722,67
979302,Mouse,3742,73
979327,Mouse,3973,67
979409,Mouse,3774,72
979411,Mouse,5549,75
979486,Mouse,3096,73
979489,Mouse,3397,75
979499,Mouse,5058,82
979576,Mouse,5491,83
979631,Mouse,5668,80
979665,Elephant,82551,443
979669,Mouse,3869,80
979721,Mouse,4277,70
979806,Mouse,5802,81
979935,Elephant,337096,974
979998,Elephant,347313,1091
980195,Mouse,3017,68
980246,Mouse,5599,72
980259,Mouse,4662,70
980298,Mouse,3975,72
980313,Mouse,3251,73
980364,Elephant,148592,616
980590,Mouse,4026,74
980694,Mouse,3634,69
980727,Mouse,4130,80
980730,Mouse,4624,82
980796,Mouse,3011,97
980840,Mouse,5336,104
980842,Mouse,4642,106
980947,Mouse,3793,88
980947,Mouse,3808,89
980971,Elephant,326698,983
981358,Mouse,3811,68
981410,Mouse,3344,66
981421,Elephant,482199,1316
981509,Mouse,3928,67
981564,Mouse,5832,75
981611,Mouse,5500,66
981705,Mouse,5602,66
981726,Mouse,3688,67
981736,Mouse,5049,73
981747,Mouse,3114,66
981879,Mouse,3908,70
981884,Mouse,5661,74
981891,Mouse,3952,71
981914,Mouse,3033,74
981943,Mouse,5269,75
981999,Elephant,599031,1586
982015,Mouse,5754,67
982092,Mouse,3742,64
982122,Mouse,3885,65
982217,Mouse,4912,65
982255,Mouse,5021,65
982269,Mouse,3374,66
982271,Mouse,5072,68
982288,Mouse,5340,70
982396,Mouse,3373,64
982546,Mouse,3449,67
982556,Mouse,5021,71
982644,Mouse,5143,66
982702,Mouse,4022,68
982711,Elephant,358284,931
982765,Mouse,5465,66
982776,Mouse,3543,64
982924,Mouse,4454,65
982949,Mouse,3859,64
982981,Mouse,3793,64
983008,Mouse,5310,65
983074,Mouse,4266,65
983099,Mouse,3626,65
983102,Mouse,5135,67
983233,Mouse,3461,64
983317,Mouse,5151,65
983355,Mouse,3159,64
983361,Mouse,3491,65
983416,Mouse,3301,64
983627,Mouse,3539,67
983704,Mouse,5260,65
983723,Mouse,4219,64
983749,Mouse,3646,69
983766,Mouse,5580,68
983872,Mouse,4809,65
983903,Elephant,86203,411
983931,Mouse,4964,70
984080,Mouse,4884,70
984163,Mouse,3837,70
984206,Elephant,273047,815
984317,Mouse,4267,67
984368,Elephant,139699,557
984396,Mouse,4831,66
984452,Mouse,3150,67
984528,Mouse,3660,64
984556,Mouse,3908,67
984574,Mouse,4302,71
984581,Mouse,5229,73
984703,Mouse,4093,76
984784,Mouse,5420,82
984821,Mouse,5257,89
984852,Mouse,5300,94
984871,Mouse,4625,100
984903,Mouse,4192,98
984939,Mouse,4769,104
984967,Mouse,3968,102
985224,Mouse,5387,78
985275,Mouse,4927,81
985321,Mouse,4751,93
985341,Elephant,586981,1480
985431,Mouse,5326,76
985471,Elephant,481290,1353
985522,Mouse,5490,68
985575,Mouse,3453,71
985640,Mouse,4639,69
985663,Mouse,4748,69
985685,Mouse,4615,71
985693,Mouse,3030,72
986008,Mouse,3343,91
986107,Mouse,3850,96
986117,Elephant,269667,917
986124,Mouse,3698,101
986128,Elephant,402157,1559
986215,Mouse,3884,64
986289,Mouse,4057,67
986430,Mouse,5650,69
986479,Mouse,4399,69
986482,Elephant,368489,1202
986496,Mouse,3780,65
986545,Mouse,4829,65
986570,Mouse,4404,65
986597,Mouse,4453,69
986611,Mouse,3384,68
986680,Elephant,174118,660
986698,Mouse,5091,65
986756,Mouse,3466,64
986823,Mouse,4491,65
986927,Mouse,4026,64
986933,Mouse,3313,64
987093,Mouse,3457,64
987192,Mouse,4700,65
987229,Mouse,3784,64
987244,Mouse,3805,68
987265,Mouse,5676,66
987302,Mouse,4245,65
987412,Elephant,148374,576
987470,Mouse,4463,68
987472,Mouse,3206,67
987690,Mouse,5180,70
987762,Mouse,5126,67
987768,Mouse,5058,70
987783,Mouse,3086,68
988000,Mouse,5207,69
988051,Mouse,4095,71
988076,Mouse,4015,68
988114,Mouse,5290,66
988134,Mouse,3254,66
988136,Elephant,319466,868
988342,Mouse,4316,65
988351,Mouse,4185,64
988424,Mouse,3225,64
988467,Mouse,3481,68
988555,Mouse,5420,69
988605,Mouse,3388,67
988608,Mouse,3372,64
988676,Mouse,3485,67
988702,Mouse,4189,64
988711,Mouse,4451,69
988856,Elephant,214644,685
988910,Mouse,4158,68
988994,Mouse,4968,68
989037,Mouse,5399,67
989045,Mouse,5534,67
989069,Mouse,4158,64
989115,Mouse,4514,66
989126,Mouse,3149,64
989164,Mouse,3245,68
989189,Mouse,4013,65
989235,Mouse,5733,66
989320,Mouse,4359,72
989459,Elephant,52037,322
989508,Elephant,126010,519
989582,Elephant,509530,1493
989602,Mouse,3858,65
989607,Mouse,3663,65
989638,Mouse,5057,65
989656,Mouse,4123,64
989794,Mouse,4270,69
989889,Mouse,4647,69
989902,Mouse,4388,65
990030,Mouse,3164,64
990037,Mouse,3025,64
990122,Mouse,4577,65
990204,Mouse,3631,70
990213,Mouse,5738,73
990216,Mouse,3378,71
990290,Mouse,4959,65
990328,Mouse,4474,68
990345,Mouse,5083,65
990379,Mouse,5597,67
990402,Elephant,400620,980
990419,Mouse,4277,65
990468,Mouse,4688,65
990491,Mouse,3024,64
990560,Mouse,5085,65
990576,Mouse,5384,65
990647,Mouse,4214,64
990676,Mouse,3617,64
990716,Mouse,5704,71
990773,Mouse,3182,64
990852,Mouse,3951,64
990873,Mouse,3213,64
990928,Mouse,4016,67
990960,Mouse,4035,64
990973,Mouse,4461,70
991014,Mouse,4556,69
991031,Mouse,3583,64
991061,Elephant,88682,416
991097,Mouse,3237,64
991129,Mouse,3380,64
991140,Mouse,3770,65
991206,Mouse,3820,64
991249,Mouse,4670,66
991311,Mouse,4464,65
991313,Mouse,3024,64
991582,Mouse,4390,65
991585,Mouse,3774,65
991592,Mouse,4960,65
991763,Mouse,4379,65
991768,Mouse,5280,65
991779,Mouse,5623,70
991832,Mouse,3693,64
991890,Mouse,3735,64
991928,Mouse,4332,65
991960,Mouse,3609,64
991994,Mouse,3786,67
992009,Mouse,5800,66
992030,Mouse,4874,66
992187,Mouse,5795,66
992233,Mouse,4351,65
992252,Mouse,3667,67
992272,Mouse,3081,64
992343,Mouse,3493,69
992354,Mouse,4512,74
992437,Mouse,4237,68
992492,Mouse,4991,71
992501,Mouse,3786,66
992544,Mouse,3118,66
992706,Mouse,5120,70
992709,Mouse,3991,69
992804,Mouse,5267,70
992843,Mouse,4246,68
992848,Elephant,572494,1267
992889,Mouse,5192,69
992927,Mouse,3668,64
992935,Mouse,5469,71
992965,Mouse,4760,69
992998,Mouse,3624,64
993005,Mouse,3240,67
993035,Mouse,4255,64
993066,Mouse,3869,64
993147,Mouse,3799,64
993304,Mouse,5700,67
993361,Mouse,3270,70
993379,Mouse,4544,65
993384,Mouse,5792,66
993398,Mouse,4710,70
993411,Mouse,3772,71
993470,Mouse,5007,65
993509,Mouse,3673,64
993604,Mouse,3839,64
993749,Mouse,4940,73
993750,Mouse,5537,75
993814,Mouse,5597,75
993834,Mouse,3697,64
993850,Mouse,3669,67
993906,Mouse,4937,70
993934,Elephant,511503,1123
993949,Mouse,3769,68
993994,Mouse,5714,66
994001,Mouse,3541,64
994008,Mouse,4967,65
994031,Mouse,4161,64
994092,Mouse,3553,64
994106,Mouse,4443,65
994119,Mouse,4768,65
994356,Mouse,5481,67
994357,Mouse,3233,66
994524,Mouse,5318,66
994676,Mouse,5066,70
994700,Mouse,3257,70
994737,Mouse,4539,75
994792,Mouse,3409,78
994839,Mouse,4567,87
995056,Mouse,4084,84
995077,Mouse,4535,90
995147,Mouse,5275,98
995171,Elephant,473473,1210
995208,Mouse,4373,83
995251,Mouse,5173,78
995352,Mouse,4478,70
995390,Elephant,346276,1055
995424,Mouse,4386,74
995437,Mouse,5308,70
995554,Mouse,4569,71
995584,Elephant,99272,482
995626,Mouse,5600,75
995633,Mouse,4999,65
995702,Mouse,4933,69
995797,Mouse,4355,71
995822,Mouse,3592,75
995850,Elephant,573125,1618
995924,Mouse,4876,70
995933,Mouse,4870,69
995950,Elephant,41057,247
995962,Mouse,4126,67
995969,Elephant,88179,435
995993,Mouse,3883,64
996011,Mouse,3370,66
996065,Mouse,3157,66
996066,Mouse,5141,68
996070,Mouse,4535,67
996186,Mouse,4757,65
996261,Mouse,4384,67
996326,Mouse,4400,65
996344,Mouse,3871,65
996376,Mouse,4319,65
996391,Mouse,3986,65
996430,Mouse,4811,68
996493,Mouse,3964,64
996534,Mouse,5180,68
996573,Mouse,3380,67
996665,Mouse,4048,76
996725,Mouse,4723,80
996764,Mouse,4913,76
996804,Mouse,5029,85
996875,Mouse,3187,90
996920,Mouse,4989,100
996920,Mouse,5296,98
996952,Mouse,5349,99
996987,Mouse,3092,98
997017,Mouse,4466,94
997024,Mouse,4767,93
997038,Mouse,3160,86
997106,Mouse,3517,74
997122,Mouse,3144,74
997135,Mouse,3488,72
997143,Mouse,3959,79
997151,Mouse,3568,83
997183,Elephant,342581,1037
997231,Mouse,5202,73
997246,Elephant,163883,776
997321,Mouse,4708,67
997375,Elephant,36665,256
997405,Mouse,5256,69
997415,Mouse,3900,67
997423,Mouse,4154,68
997469,Mouse,4693,67
997551,Mouse,4047,70
997618,Mouse,5175,70
997650,Mouse,4016,76
997678,Mouse,5225,78
997699,Mouse,3424,87
997715,Mouse,5686,87
997729,Mouse,4819,87
997771,Mouse,3685,102
997867,Mouse,4974,84
997889,Mouse,3995,84
997896,Mouse,4199,87
997940,Mouse,3942,92
997946,Mouse,5519,96
997967,Mouse,5107,103
998010,Mouse,4062,91
998023,Mouse,3186,97
998029,Mouse,4853,100
998054,Mouse,3650,85
998086,Mouse,5279,93
998089,Mouse,5750,96
998128,Elephant,508016,1838
998134,Mouse,3736,83
998171,Mouse,4317,79
998244,Elephant,432175,1710
998248,Mouse,4313,66
998262,Mouse,3184,64
998382,Mouse,5447,68
998415,Mouse,5254,69
998541,Mouse,5210,70
998601,Mouse,4040,70
998638,Mouse,4765,72
998687,Mouse,5665,75
998737,Elephant,276521,1261
998775,Mouse,5568,66
998803,Mouse,5764,66
998890,Mouse,3738,64
998946,Mouse,5241,67
998950,Mouse,5475,67
998965,Mouse,3814,68
999027,Mouse,3715,64
999051,Mouse,3737,66
999088,Mouse,4442,65
999119,Mouse,5800,66
999248,Mouse,5783,66
999292,Mouse,4424,65
999300,Mouse,5424,65
999362,Mouse,5503,69
999371,Mouse,4276,72
999385,Mouse,4689,72
999631,Mouse,4801,69
999640,Elephant,521388,1135
999649,Mouse,3725,64
999754,Mouse,5632,69
999821,Mouse,4762,69
999850,Mouse,5750,66
999955,Mouse,4857,68
1000013,Mouse,4223,65
1000359,Elephant,224737,721
1000476,Elephant,374619,945
