CompletionTime_us,FlowType,SizeBytes,FCT_us
100088,Mouse,3059,88
100089,Mouse,3829,89
100090,Mouse,3779,90
100091,Mouse,4186,91
100091,Mouse,3783,91
100095,Mouse,4569,95
100101,Mouse,4920,101
100103,Mouse,5213,103
100105,Mouse,5781,105
100113,Mouse,3950,105
100166,Mouse,5358,65
100212,Mouse,5611,66
100278,Mouse,3180,64
100322,Mouse,4229,65
100352,Mouse,3825,64
100356,Mouse,3830,67
100388,Mouse,4670,73
100456,Mouse,5469,66
100531,Mouse,5421,74
100683,Mouse,3105,76
100724,Mouse,5271,75
100754,Mouse,3888,77
100930,Mouse,5015,105
100959,Mouse,3048,110
101031,Elephant,347076,1031
101134,Mouse,5334,82
101138,Mouse,5611,84
101193,Elephant,353536,1056
101200,Mouse,4925,96
101219,Mouse,3291,94
101233,Mouse,3659,88
101279,Mouse,4630,69
101344,Elephant,261644,908
101384,Mouse,4889,66
101445,Mouse,4120,68
101651,Elephant,233680,925
101699,Mouse,5211,65
101769,Mouse,4176,67
101905,Mouse,3495,67
101911,Mouse,4090,70
101915,Mouse,3501,71
102051,Elephant,62357,333
102082,Mouse,4553,70
102113,Mouse,5114,70
102172,Mouse,4644,72
102268,Mouse,4939,71
102269,Mouse,3935,70
102310,Mouse,3466,69
102351,Mouse,4169,68
102373,Mouse,3191,67
102507,Mouse,3122,69
102514,Mouse,3042,72
102532,Mouse,3616,74
102604,Mouse,5031,92
102677,Mouse,5480,103
102702,Mouse,5300,108
102773,Elephant,549387,1333
102821,Mouse,5621,98
102838,Mouse,5638,85
102856,Mouse,3920,79
102880,Mouse,4081,86
102945,Mouse,3591,93
103089,Mouse,4751,98
103092,Mouse,4885,100
103224,Mouse,3265,127
103316,Mouse,3516,134
103326,Elephant,554074,1577
103425,Mouse,5377,112
103441,Mouse,5806,108
103509,Mouse,5166,114
103627,Elephant,69957,597
103692,Mouse,3919,106
103734,Mouse,3426,108
103862,Mouse,3538,120
103905,Mouse,3756,119
103969,Elephant,583302,1682
103972,Mouse,3043,114
104026,Mouse,4430,112
104027,Mouse,5678,101
104055,Mouse,3866,100
104122,Mouse,3660,99
104149,Mouse,4794,100
104179,Mouse,5073,101
104198,Mouse,5273,108
104216,Elephant,565643,1715
104234,Mouse,4847,96
104238,Mouse,3314,95
104248,Mouse,3419,93
104280,Mouse,4833,72
104346,Mouse,3933,67
104381,Mouse,3917,66
104455,Mouse,5578,73
104471,Mouse,4785,74
104536,Elephant,357893,1250
104596,Mouse,4048,64
104600,Mouse,4497,65
104881,Mouse,5693,74
104894,Mouse,3678,76
104915,Mouse,3406,80
104925,Mouse,3182,84
104999,Mouse,5464,100
105014,Mouse,4743,102
105143,Elephant,447797,1234
105190,Mouse,5653,114
105223,Mouse,5523,103
105492,Mouse,3414,101
105681,Mouse,4399,136
105693,Elephant,335923,1222
105779,Mouse,5422,123
105827,Mouse,3112,118
105944,Elephant,522495,1479
105948,Mouse,4942,139
105966,Elephant,76094,624
106005,Mouse,4347,142
106014,Mouse,5718,132
106038,Mouse,5298,121
106135,Mouse,5544,78
106181,Mouse,5218,83
106223,Mouse,3673,92
106255,Mouse,4441,97
106316,Mouse,5834,104
106493,Mouse,3796,129
106623,Elephant,469683,1626
106643,Mouse,4783,154
106671,Mouse,4397,151
106715,Elephant,415851,1719
106751,Mouse,5444,121
106755,Elephant,51162,502
106906,Mouse,5574,83
106915,Mouse,4576,86
107045,Mouse,3864,94
107148,Mouse,3526,112
107236,Elephant,422085,1512
107251,Mouse,4694,114
107349,Mouse,5431,98
107498,Mouse,4002,102
107643,Mouse,4372,130
107728,Mouse,5010,139
107735,Mouse,3898,141
107784,Elephant,319684,1312
107803,Mouse,5500,146
107912,Mouse,5813,117
107924,Elephant,461109,1618
107927,Mouse,4159,111
107948,Mouse,4658,99
107951,Mouse,3384,100
108075,Elephant,393556,1368
108151,Mouse,4922,69
108226,Mouse,4364,70
108230,Mouse,5211,72
108326,Mouse,3938,66
108451,Mouse,3185,75
108478,Elephant,128855,554
108500,Mouse,4193,84
108529,Mouse,3790,81
108557,Mouse,3544,83
108612,Mouse,4993,75
108681,Mouse,3272,79
108736,Elephant,474267,1369
108770,Mouse,3016,79
108818,Mouse,3088,65
108858,Mouse,3922,66
108926,Mouse,3012,67
109052,Mouse,3431,66
109098,Mouse,3072,70
109149,Mouse,4307,73
109160,Elephant,484287,1148
109222,Elephant,169541,624
109320,Mouse,5815,66
109334,Mouse,5192,65
109377,Mouse,3792,65
109459,Mouse,5216,69
109515,Mouse,5084,65
109615,Mouse,5833,66
109682,Mouse,3682,64
109928,Mouse,5268,69
109956,Mouse,4194,64
110015,Mouse,4914,66
110063,Mouse,4753,70
110075,Mouse,4117,65
110160,Mouse,4250,72
110217,Mouse,4499,77
110285,Mouse,4730,65
110298,Mouse,3354,67
110322,Mouse,4131,68
110362,Mouse,4971,70
110370,Mouse,4028,73
110480,Mouse,3642,67
110521,Mouse,4163,71
110525,Mouse,5797,75
110552,Mouse,5109,79
110562,Mouse,4537,82
110641,Mouse,4459,78
110660,Mouse,4489,82
110662,Mouse,3145,78
110690,Elephant,320994,903
110693,Mouse,5058,83
110759,Mouse,5241,82
110803,Mouse,5399,71
110864,Mouse,4586,65
110925,Elephant,470359,1109
110943,Mouse,5037,65
110953,Mouse,3888,64
111068,Mouse,5179,65
111104,Mouse,4423,65
111159,Mouse,5141,65
111195,Mouse,4010,64
111201,Mouse,4426,65
111294,Mouse,3808,64
111306,Mouse,5338,65
111324,Mouse,5478,66
111339,Mouse,3617,64
111368,Mouse,3219,64
111405,Mouse,4027,66
111480,Mouse,4570,65
111620,Mouse,5730,68
111631,Mouse,3295,68
111635,Mouse,3262,64
111645,Mouse,4904,65
111653,Mouse,5383,67
111674,Mouse,3915,70
111766,Mouse,3297,64
111775,Mouse,4311,65
111932,Mouse,4617,70
111996,Mouse,4894,70
112001,Mouse,5689,67
112060,Mouse,4285,66
112128,Mouse,4606,67
112129,Mouse,3968,68
112252,Mouse,4909,65
112288,Elephant,408371,990
112355,Mouse,4992,65
112376,Mouse,3187,64
112388,Mouse,3764,64
112400,Mouse,4029,64
112425,Mouse,5348,65
112662,Mouse,3695,66
112671,Mouse,4945,72
112744,Mouse,3166,66
112764,Mouse,3450,67
112807,Mouse,4524,67
112820,Mouse,4319,69
112913,Mouse,4356,67
112939,Mouse,3871,69
112986,Mouse,5619,74
113008,Mouse,3513,70
113081,Mouse,3815,73
113121,Mouse,5270,80
113156,Mouse,3383,87
113204,Mouse,4136,88
113252,Mouse,5707,89
113296,Mouse,4847,92
113371,Mouse,3134,91
113408,Mouse,3077,100
113434,Mouse,3866,99
113463,Elephant,526849,1254
113469,Mouse,4133,105
113478,Mouse,5614,104
113504,Elephant,443669,1129
113516,Mouse,5124,87
113522,Mouse,3663,82
113557,Mouse,5227,65
113563,Mouse,3406,64
113732,Mouse,5037,65
113753,Mouse,4618,65
113777,Mouse,4699,65
113806,Mouse,4386,65
113817,Mouse,5426,65
113834,Mouse,5075,70
113842,Mouse,5001,65
113891,Mouse,5423,65
113985,Mouse,4909,66
113986,Mouse,3050,66
114067,Mouse,5561,66
114182,Mouse,3787,67
114206,Mouse,3131,64
114209,Mouse,3339,64
114264,Mouse,4852,69
114316,Mouse,5158,73
114329,Mouse,5380,65
114380,Mouse,5298,65
114392,Mouse,4737,68
114413,Mouse,5419,70
114436,Mouse,3028,66
114442,Mouse,4738,67
114448,Mouse,3535,67
114471,Elephant,243204,749
114505,Mouse,4804,66
114536,Mouse,3007,64
114556,Mouse,4915,65
114609,Mouse,5514,66
114639,Mouse,5123,65
114672,Mouse,4867,65
114738,Mouse,5703,66
114768,Mouse,5150,65
114858,Mouse,5509,66
114873,Mouse,5433,66
114906,Mouse,4854,65
114947,Mouse,3554,65
114959,Mouse,4067,64
114993,Mouse,3371,64
115037,Mouse,3806,66
115119,Mouse,4557,66
115121,Mouse,4164,66
115299,Mouse,3427,67
115329,Mouse,4586,65
115342,Mouse,5000,69
115355,Mouse,5002,65
115359,Mouse,4312,65
115418,Mouse,5635,66
115449,Mouse,5026,66
115466,Mouse,3397,65
115722,Mouse,5752,66
115840,Mouse,3026,67
115853,Mouse,4467,68
115894,Mouse,4429,71
115953,Mouse,4526,72
116061,Mouse,5662,78
116101,Mouse,3011,80
116176,Elephant,547873,1204
116387,Mouse,5796,66
116409,Mouse,4509,69
116418,Mouse,3023,70
116430,Mouse,5571,75
116435,Mouse,5620,74
116607,Mouse,3092,70
116630,Elephant,589804,1245
116649,Mouse,3569,67
116691,Mouse,5439,66
116751,Mouse,3825,64
116797,Mouse,3453,64
116971,Mouse,3985,64
117058,Mouse,5719,66
117092,Mouse,5788,75
117133,Mouse,5308,69
117151,Mouse,4159,65
117361,Mouse,3514,64
117426,Mouse,4108,67
117485,Mouse,4539,66
117500,Mouse,4579,69
117510,Mouse,5674,74
117582,Mouse,3168,67
117687,Elephant,544065,1247
117754,Mouse,3145,65
117756,Mouse,3706,66
117788,Mouse,3850,64
117898,Mouse,3348,64
117934,Mouse,3262,64
118012,Mouse,3147,64
118030,Mouse,4470,65
118046,Mouse,3656,64
118061,Mouse,5018,65
118161,Mouse,3516,64
118166,Mouse,5282,65
118205,Mouse,4520,67
118207,Mouse,3526,66
118227,Mouse,4782,65
118255,Mouse,4430,65
118295,Mouse,3840,65
118298,Mouse,5608,68
118388,Mouse,3108,65
118486,Mouse,4955,65
118546,Mouse,3503,64
118560,Mouse,4038,67
118584,Mouse,4703,65
118609,Mouse,3304,67
118674,Mouse,3070,64
118742,Mouse,4941,68
118775,Mouse,3253,66
118793,Mouse,4221,64
119170,Mouse,3276,66
119278,Mouse,5263,68
119324,Mouse,3189,67
119325,Mouse,3336,67
119337,Mouse,3506,65
119411,Mouse,3063,72
119435,Mouse,5478,68
119451,Mouse,4747,69
119576,Mouse,5717,70
119590,Elephant,559355,1268
119613,Mouse,5575,66
119691,Mouse,3777,64
119704,Mouse,4960,69
119745,Mouse,4672,67
119753,Mouse,3631,69
119917,Mouse,5796,69
119927,Mouse,4460,65
119932,Mouse,4678,65
119941,Mouse,3135,64
119944,Mouse,3571,64
119956,Mouse,3113,67
119967,Mouse,4225,66
119995,Elephant,61373,361
120026,Mouse,5323,65
120101,Mouse,5623,66
120123,Mouse,3497,67
120141,Mouse,5177,65
120145,Mouse,3372,64
120158,Mouse,4290,65
120170,Mouse,4772,70
120220,Mouse,4911,65
120263,Mouse,5333,66
120288,Mouse,3158,64
120297,Mouse,4230,68
120332,Elephant,78669,404
120441,Mouse,5579,66
120454,Mouse,3105,64
120466,Mouse,4935,65
120549,Mouse,4938,70
120551,Mouse,5339,72
120552,Mouse,4504,71
120558,Mouse,3954,64
120571,Mouse,4438,67
120764,Mouse,4110,64
120942,Mouse,5295,65
121032,Mouse,5588,70
121076,Mouse,5159,79
121121,Mouse,3468,78
121216,Elephant,62822,360
121248,Mouse,3807,80
121259,Mouse,4325,83
121294,Mouse,3781,84
121301,Elephant,311785,887
121322,Mouse,4995,79
121345,Mouse,4238,76
121385,Mouse,4238,64
121425,Mouse,4043,67
121510,Mouse,5076,71
121576,Elephant,155800,631
121694,Mouse,5290,71
121738,Mouse,5493,71
121787,Mouse,4552,69
121810,Mouse,4732,70
121864,Mouse,3712,72
121915,Elephant,479305,1130
121943,Mouse,4494,72
122000,Mouse,4169,64
122036,Mouse,3519,67
122042,Mouse,3279,64
122087,Mouse,4037,64
122097,Mouse,5672,67
122136,Mouse,3604,65
122198,Elephant,233132,742
122200,Mouse,4709,68
122208,Mouse,4739,69
122226,Mouse,3755,65
122285,Mouse,4342,65
122436,Elephant,146054,563
122438,Mouse,3153,65
122551,Mouse,5378,65
122554,Mouse,3964,64
122608,Mouse,4721,65
122676,Mouse,3670,64
122742,Mouse,4116,64
122820,Mouse,3039,64
122957,Mouse,5803,66
122962,Mouse,3971,64
123042,Mouse,3174,64
123058,Mouse,4792,65
123138,Mouse,4601,65
123149,Mouse,4365,65
123338,Mouse,3723,64
123381,Mouse,4234,65
123448,Mouse,5619,66
123482,Mouse,5011,65
123492,Mouse,4778,66
123513,Mouse,3320,64
123583,Mouse,5131,65
123594,Mouse,5800,66
123759,Mouse,3813,64
123892,Mouse,5776,66
123905,Mouse,5265,65
123922,Mouse,5719,66
123966,Mouse,3676,64
124167,Mouse,3813,64
124188,Mouse,4142,64
124311,Mouse,3183,64
124368,Mouse,4393,65
124641,Mouse,5630,66
124671,Mouse,5591,66
124704,Mouse,5556,66
124718,Mouse,5249,65
124742,Mouse,5674,66
124830,Mouse,3675,64
124931,Mouse,4470,65
124975,Mouse,3331,64
124999,Mouse,4474,65
125210,Mouse,3923,64
125218,Mouse,4173,64
125236,Mouse,5666,66
125491,Mouse,5354,69
125516,Mouse,5712,66
125573,Mouse,3036,66
125596,Mouse,4540,74
125615,Mouse,4325,76
125708,Mouse,3168,75
125709,Elephant,94852,461
125713,Mouse,4162,66
125768,Mouse,4089,67
125825,Elephant,133898,556
125849,Mouse,4092,72
125863,Mouse,4783,70
125945,Elephant,202730,690
125965,Mouse,5046,67
126169,Mouse,3497,64
126173,Mouse,4955,65
126207,Mouse,3037,66
126234,Mouse,5366,69
126369,Mouse,3041,67
126372,Mouse,4136,69
126441,Mouse,5434,70
126495,Mouse,4819,74
126602,Mouse,5236,74
126639,Mouse,3330,67
126691,Mouse,3427,67
126706,Elephant,567246,1218
126709,Mouse,3050,66
126778,Elephant,72143,379
126805,Mouse,4069,64
126812,Mouse,4793,65
126841,Mouse,3684,64
126869,Mouse,3506,64
126894,Mouse,5322,70
126924,Mouse,3576,69
127019,Mouse,3934,65
127256,Mouse,3593,64
127290,Mouse,5248,68
127336,Mouse,4104,65
127396,Mouse,4613,65
127433,Mouse,3442,64
127483,Mouse,3336,64
127494,Mouse,4250,68
127526,Mouse,3745,64
127539,Mouse,4738,69
127564,Mouse,3468,64
127646,Mouse,4352,65
127697,Mouse,3885,65
127700,Mouse,5682,68
127811,Mouse,5530,71
127848,Mouse,3957,70
127876,Elephant,406540,1096
127881,Mouse,5620,73
127896,Mouse,3472,69
127966,Mouse,5220,67
127980,Mouse,5665,70
127986,Mouse,4860,71
128019,Mouse,5542,70
128091,Mouse,5793,66
128255,Mouse,3143,69
128263,Mouse,5099,74
128349,Mouse,3441,67
128446,Elephant,274912,981
128461,Mouse,4993,70
128482,Mouse,5200,70
128518,Mouse,5254,75
128522,Elephant,348735,927
128551,Mouse,5625,67
128602,Mouse,3898,64
128617,Mouse,5548,69
128709,Mouse,4348,65
128730,Mouse,4736,65
128737,Mouse,3352,64
128746,Mouse,3122,66
128772,Mouse,5064,65
128786,Elephant,58648,325
128851,Mouse,5292,65
128863,Mouse,4864,65
128869,Mouse,4836,65
128884,Mouse,3502,64
128958,Mouse,4117,64
128972,Mouse,3951,64
128978,Mouse,4775,65
129021,Mouse,3192,65
129030,Mouse,4102,68
129077,Mouse,4281,70
129085,Mouse,3874,64
129262,Mouse,4961,65
129330,Elephant,135207,538
129358,Mouse,4457,65
129383,Mouse,4482,65
129420,Mouse,5288,65
129521,Mouse,3471,64
129560,Mouse,3858,64
129579,Mouse,3176,64
129588,Mouse,5824,66
129667,Mouse,4656,65
129680,Mouse,3105,64
129833,Mouse,4873,65
129926,Mouse,4598,69
130024,Mouse,5680,66
130115,Mouse,4821,65
130228,Mouse,5815,72
130255,Mouse,5822,78
130313,Mouse,5438,69
130419,Mouse,3484,77
130440,Mouse,3075,78
130560,Mouse,4159,95
130803,Mouse,4724,122
130836,Mouse,4107,125
130847,Mouse,5799,133
130870,Mouse,5682,138
130919,Mouse,4782,147
131022,Mouse,3669,149
131093,Mouse,3685,154
131140,Elephant,140943,859
131227,Mouse,3161,155
131260,Mouse,4245,155
131273,Mouse,3836,161
131293,Mouse,3123,165
131303,Mouse,4232,164
131327,Mouse,3327,169
131339,Mouse,3004,167
131438,Elephant,470135,1543
131445,Mouse,4431,181
131449,Elephant,129829,1003
131518,Mouse,4561,113
131526,Mouse,3776,115
131560,Elephant,518721,1830
131675,Mouse,3374,71
131721,Elephant,470369,1605
131805,Mouse,4035,64
131851,Mouse,3917,70
131856,Mouse,4060,64
131887,Mouse,5162,81
131896,Mouse,4664,82
131899,Mouse,3210,74
132017,Mouse,4114,74
132313,Mouse,5735,91
132369,Elephant,294646,950
132427,Mouse,4458,85
132459,Mouse,4697,87
132505,Mouse,5208,95
132538,Mouse,3273,103
132641,Mouse,4145,105
132751,Mouse,3297,117
132782,Elephant,479494,1554
132814,Mouse,4470,124
132891,Mouse,5770,93
132897,Mouse,4212,92
132963,Mouse,5823,100
133060,Elephant,108695,670
133105,Mouse,3853,110
133109,Mouse,3599,112
133122,Mouse,5762,116
133148,Mouse,4649,113
133161,Mouse,5832,120
133235,Mouse,5410,114
133301,Mouse,4510,104
133316,Elephant,579921,1556
133342,Mouse,3456,92
133488,Mouse,3055,91
133504,Elephant,251599,1189
133649,Mouse,3997,89
133883,Mouse,3584,129
134013,Mouse,4675,154
134027,Elephant,354322,1373
134095,Mouse,3093,113
134132,Mouse,5097,119
134196,Elephant,62431,564
134251,Mouse,4774,139
134308,Elephant,206254,1040
134335,Mouse,4498,129
134348,Mouse,4313,129
134360,Mouse,4614,134
134426,Mouse,4213,129
134443,Mouse,4525,133
134483,Mouse,5288,135
134517,Elephant,288366,1265
134561,Mouse,5155,142
134647,Mouse,3789,120
134694,Mouse,4242,117
134709,Mouse,5592,120
134739,Mouse,3951,125
134765,Mouse,4541,129
134813,Elephant,343813,1611
134843,Mouse,3514,115
134872,Mouse,3491,115
134918,Mouse,5506,99
134933,Mouse,4373,107
134960,Mouse,3543,108
134997,Mouse,3532,114
135011,Mouse,4039,118
135040,Mouse,3665,122
135054,Mouse,5652,129
135262,Elephant,483904,1903
135265,Mouse,5053,134
135282,Mouse,5685,114
135376,Mouse,3783,107
135398,Mouse,3599,105
135461,Mouse,5414,111
135508,Mouse,5819,126
135538,Mouse,4732,129
135540,Mouse,3677,128
135602,Mouse,5558,139
135622,Mouse,3514,138
135637,Mouse,5563,141
135754,Mouse,4112,141
135796,Mouse,4008,144
135804,Mouse,4933,147
135844,Mouse,5714,154
135872,Mouse,3745,158
135905,Mouse,5800,169
135914,Elephant,410579,1703
136030,Mouse,5512,145
136066,Mouse,5545,94
136069,Elephant,415384,1733
136076,Mouse,5785,100
136130,Mouse,5221,79
136133,Elephant,457894,1745
136213,Mouse,4488,67
136220,Mouse,4113,64
136309,Mouse,3227,64
136336,Elephant,140819,787
136394,Mouse,3001,63
136495,Mouse,4517,65
136614,Mouse,3540,64
136677,Mouse,4217,64
136728,Mouse,4822,65
136739,Mouse,3039,64
136764,Mouse,3100,64
136836,Mouse,3742,64
136840,Mouse,3097,64
136861,Mouse,5187,65
136923,Mouse,4483,65
136934,Mouse,5493,66
136942,Mouse,5821,66
137023,Mouse,3367,64
137030,Mouse,3291,64
137076,Mouse,3044,64
137087,Mouse,3017,64
137176,Mouse,5267,65
137183,Mouse,4070,64
137224,Mouse,3803,65
137273,Mouse,3366,64
137276,Mouse,3420,64
137442,Mouse,4463,69
137596,Mouse,4935,65
137639,Mouse,5229,67
137665,Mouse,5610,66
137809,Mouse,3704,64
137871,Mouse,4990,69
137926,Mouse,3675,74
137959,Mouse,3233,67
138034,Mouse,4599,71
138049,Mouse,4582,71
138126,Mouse,4215,73
138138,Mouse,5344,76
138213,Mouse,3996,82
138220,Mouse,4019,85
138234,Mouse,3648,89
138291,Elephant,321517,926
138316,Mouse,4054,80
138360,Mouse,5718,73
138361,Mouse,5692,74
138374,Mouse,4223,76
138433,Mouse,4585,83
138446,Mouse,5157,86
138472,Mouse,5132,86
138511,Elephant,367163,1357
138512,Mouse,4109,88
138536,Mouse,4688,83
138540,Mouse,3915,79
138561,Mouse,4192,76
138711,Mouse,3603,70
138764,Mouse,5789,81
138827,Elephant,348531,1015
138840,Mouse,4986,88
138867,Mouse,5717,83
138887,Elephant,143404,621
138983,Mouse,3012,67
139012,Mouse,3197,64
139015,Mouse,4028,64
139139,Mouse,5705,66
139162,Mouse,4357,69
139277,Mouse,3693,71
139281,Mouse,5791,74
139294,Mouse,4479,73
139382,Mouse,4674,73
139392,Mouse,3384,71
139401,Elephant,272424,851
139448,Mouse,3998,74
139450,Mouse,3812,67
139465,Mouse,4064,67
139523,Mouse,3081,68
139655,Elephant,375039,982
139685,Mouse,4173,68
139693,Mouse,3278,66
139714,Mouse,4437,65
139797,Mouse,4194,64
139800,Mouse,3536,66
139818,Mouse,4732,69
139889,Mouse,5104,65
139970,Mouse,5010,65
139993,Mouse,4371,68
140004,Mouse,4948,74
140008,Mouse,5408,77
140124,Mouse,5004,68
140142,Mouse,3750,67
140214,Mouse,3877,74
140229,Mouse,5348,69
140292,Mouse,5514,75
140325,Mouse,4564,77
140345,Mouse,5301,82
140403,Mouse,5129,91
140419,Mouse,5004,95
140456,Mouse,3519,94
140468,Mouse,5076,99
140513,Elephant,410673,1074
140555,Mouse,5652,96
140573,Mouse,4519,90
140631,Elephant,130548,635
140651,Mouse,5258,68
140737,Mouse,3757,65
140820,Mouse,3446,64
140829,Mouse,5097,66
140850,Mouse,4503,69
140953,Mouse,3869,69
140981,Mouse,4750,68
141002,Mouse,5007,73
141066,Mouse,4955,70
141111,Mouse,4042,73
141126,Mouse,5402,80
141377,Mouse,5782,127
141428,Mouse,3567,143
141458,Mouse,3170,155
141633,Elephant,552277,1740
141641,Mouse,5082,183
141658,Mouse,4147,188
141673,Elephant,319732,1362
141692,Mouse,4462,191
141705,Mouse,3605,181
141749,Mouse,5552,168
141789,Mouse,4964,157
141905,Mouse,3926,146
142041,Mouse,4280,172
142068,Mouse,4460,180
142165,Mouse,5078,201
142206,Mouse,4022,206
142255,Mouse,3006,217
142315,Mouse,4283,224
142334,Mouse,3503,226
142377,Mouse,5793,239
142457,Mouse,3177,249
142532,Mouse,3525,258
142596,Mouse,4876,267
142610,Elephant,413584,1820
142624,Mouse,5833,265
142740,Mouse,5509,247
142860,Mouse,5593,257
142873,Mouse,5616,235
142881,Mouse,4633,239
142894,Mouse,3769,238
142951,Mouse,4854,250
142965,Elephant,246483,1819
143029,Mouse,4935,241
143076,Mouse,4789,250
143080,Mouse,4457,252
143141,Mouse,3586,226
143159,Mouse,3437,231
143226,Mouse,3382,234
143251,Mouse,4296,240
143273,Mouse,3024,244
143285,Mouse,5571,249
143340,Elephant,347635,2206
143398,Mouse,3717,251
143409,Elephant,268587,2115
143416,Mouse,3839,256
143418,Mouse,3057,257
143442,Mouse,3417,217
143518,Mouse,5175,228
143529,Mouse,3400,224
143547,Mouse,4024,216
143561,Mouse,3535,195
143569,Mouse,5345,202
143571,Mouse,5159,202
143666,Mouse,5823,200
143888,Elephant,397561,2575
143896,Mouse,3986,175
143939,Mouse,4083,178
143951,Mouse,3893,181
143984,Mouse,4644,179
143985,Mouse,4200,170
144034,Elephant,490390,2813
144037,Mouse,3541,170
144159,Mouse,5660,133
144215,Elephant,471420,2963
144261,Mouse,3504,110
144272,Mouse,5629,99
144289,Mouse,4871,89
144426,Mouse,4881,106
144502,Mouse,3047,97
144588,Elephant,567926,2749
144773,Mouse,3846,112
144782,Mouse,3720,117
144820,Mouse,5178,132
144924,Mouse,3173,140
144996,Elephant,447394,2022
145015,Elephant,35343,395
145065,Mouse,4142,116
145180,Mouse,4939,107
145216,Mouse,4230,110
145226,Elephant,91526,655
145249,Mouse,3798,118
145270,Mouse,4327,127
145372,Mouse,4822,125
145483,Mouse,4885,150
145552,Mouse,3821,172
145602,Elephant,182215,1072
145646,Mouse,4266,186
145656,Mouse,5043,192
145689,Mouse,4136,168
145701,Mouse,3346,172
145711,Mouse,5584,177
145773,Mouse,4294,176
145791,Mouse,3581,162
145865,Mouse,3209,171
145909,Elephant,509166,1929
145916,Mouse,4922,173
145927,Mouse,5423,175
145983,Mouse,5616,174
146080,Mouse,4215,179
146152,Mouse,3324,175
146205,Mouse,4123,182
146221,Elephant,342051,1666
146222,Mouse,3956,191
146230,Mouse,3507,188
146290,Elephant,32105,477
146406,Mouse,5123,147
146426,Mouse,4768,154
146432,Mouse,3657,152
146442,Elephant,200973,1600
146656,Mouse,4475,138
146886,Elephant,128341,1109
146971,Mouse,5207,200
147010,Mouse,5156,200
147155,Mouse,3057,200
147279,Mouse,3733,211
147323,Mouse,3824,214
147350,Mouse,4928,224
147417,Mouse,4796,236
147445,Mouse,5046,238
147456,Mouse,4672,239
147519,Mouse,5659,250
147546,Mouse,3592,251
147554,Mouse,3797,255
147594,Elephant,282648,2374
147642,Mouse,5780,249
147657,Mouse,5649,251
147743,Mouse,5584,246
147753,Elephant,462781,2465
147759,Mouse,3581,230
147768,Elephant,305569,2037
147805,Elephant,514878,2657
147809,Mouse,3304,208
147863,Mouse,3858,139
147875,Mouse,3508,134
147905,Mouse,4835,147
147917,Mouse,5558,131
148050,Mouse,5390,127
148077,Mouse,5149,130
148086,Elephant,235017,1840
148101,Mouse,5731,129
148124,Mouse,4128,134
148159,Mouse,3221,138
148163,Mouse,3067,129
148176,Mouse,4023,132
148243,Elephant,209310,1561
148272,Mouse,4737,114
148299,Mouse,3219,110
148488,Mouse,3406,103
148498,Mouse,5176,111
148545,Mouse,3930,117
148648,Mouse,4214,129
148760,Mouse,4063,143
148799,Mouse,3489,148
148804,Mouse,3813,151
148822,Elephant,423946,2128
148884,Mouse,3161,134
148921,Mouse,5355,122
148949,Mouse,5493,125
148964,Mouse,4079,124
149052,Mouse,3141,134
149117,Mouse,4221,136
149223,Mouse,4537,141
149258,Mouse,4953,149
149268,Mouse,3586,150
149332,Mouse,4727,160
149363,Mouse,4909,166
149393,Mouse,3897,172
149405,Elephant,379601,1656
149458,Mouse,5684,174
149476,Mouse,4064,172
149494,Elephant,437132,2476
149506,Mouse,5027,156
149510,Mouse,3405,154
149524,Mouse,5266,154
149567,Mouse,5134,112
149595,Mouse,4180,101
149606,Mouse,5798,100
149637,Elephant,546044,2081
149660,Mouse,5060,83
149674,Mouse,4718,86
149677,Mouse,3591,85
149678,Mouse,4096,85
149683,Mouse,5425,81
149687,Mouse,5194,67
149706,Elephant,140812,909
149750,Mouse,3357,64
149957,Mouse,5024,65
150003,Mouse,3639,65
150005,Mouse,4268,67
150055,Mouse,5523,66
150060,Mouse,3500,64
150066,Mouse,3811,66
150068,Mouse,4717,68
150102,Mouse,4801,65
150172,Mouse,3312,64
150177,Mouse,5444,66
150217,Mouse,5005,66
150280,Mouse,5746,66
150392,Mouse,5164,69
150417,Mouse,5272,65
150427,Mouse,5381,67
150442,Mouse,3609,68
150530,Elephant,64501,337
150630,Mouse,3191,67
150646,Mouse,5485,68
150719,Mouse,3374,67
150724,Mouse,3065,69
150730,Mouse,3645,73
150734,Mouse,4871,75
150751,Mouse,5604,78
150753,Mouse,3631,75
150772,Mouse,3506,73
150810,Mouse,5282,77
150815,Mouse,3221,78
150828,Mouse,4053,71
150850,Mouse,4707,71
150906,Mouse,5328,68
150960,Mouse,3546,71
150998,Mouse,3440,69
151001,Mouse,5089,73
151049,Mouse,3880,76
151070,Elephant,186493,664
151088,Mouse,5767,79
151092,Mouse,4779,81
151125,Mouse,3700,68
151224,Mouse,3173,65
151254,Mouse,4997,69
151280,Elephant,518483,1162
151593,Mouse,5200,70
151863,Mouse,3207,66
151872,Mouse,4670,73
151875,Mouse,4211,74
151892,Mouse,5026,76
151945,Mouse,3470,77
152030,Mouse,5459,70
152098,Mouse,5430,72
152108,Mouse,4269,71
152112,Mouse,5531,75
152121,Mouse,5101,79
152149,Mouse,4623,83
152334,Elephant,490590,1166
152348,Elephant,352474,1157
152352,Mouse,4524,66
152401,Mouse,3603,64
152443,Mouse,4670,65
152554,Mouse,4391,65
152577,Mouse,4556,65
152669,Mouse,3240,64
152753,Mouse,4305,65
152835,Mouse,3793,64
152840,Mouse,3185,64
152868,Mouse,3133,64
152879,Mouse,4683,65
152952,Mouse,3930,64
153029,Mouse,4071,64
153036,Mouse,4795,65
153198,Mouse,3972,64
153251,Mouse,3971,64
153299,Mouse,3613,64
153396,Mouse,5492,66
153432,Mouse,5046,65
153521,Mouse,4383,65
153555,Mouse,3659,64
153576,Mouse,5816,67
153741,Mouse,4230,64
153774,Mouse,5729,71
153816,Mouse,5699,70
153880,Mouse,4777,69
154048,Mouse,4696,75
154131,Mouse,5489,78
154179,Elephant,532435,1182
154224,Mouse,3287,68
154313,Mouse,3517,64
154321,Mouse,4933,65
154340,Mouse,4811,74
154360,Mouse,3846,76
154371,Mouse,4531,80
154435,Mouse,5291,75
154475,Mouse,3163,74
154542,Mouse,3071,66
154613,Elephant,422319,1060
154668,Mouse,4376,83
154761,Mouse,3663,69
154829,Mouse,4834,79
154832,Elephant,121852,562
154869,Mouse,4904,78
154880,Mouse,4066,79
154902,Mouse,3948,85
154920,Mouse,4993,93
155035,Mouse,3013,82
155077,Mouse,3417,88
155123,Mouse,3800,92
155129,Mouse,3979,96
155152,Mouse,3010,105
155276,Mouse,4711,114
155285,Elephant,151946,784
155294,Mouse,5038,112
155319,Mouse,5586,120
155624,Mouse,4525,122
155681,Mouse,4505,137
155761,Elephant,337961,1225
155764,Mouse,3278,142
155787,Mouse,5569,132
155801,Elephant,568044,1536
155806,Mouse,5049,102
155828,Mouse,4494,94
155842,Mouse,3653,96
155851,Mouse,5087,98
156008,Mouse,4007,67
156052,Mouse,5650,71
156058,Mouse,5186,74
156061,Mouse,3991,79
156080,Mouse,3263,77
156215,Elephant,520314,1465
156267,Mouse,4270,75
156271,Mouse,3302,68
156305,Mouse,3399,71
156467,Mouse,3753,68
156472,Mouse,3573,70
156528,Mouse,3061,81
156771,Elephant,107511,581
156791,Elephant,171086,751
156810,Mouse,4328,125
156866,Mouse,5444,126
156867,Mouse,5510,127
156871,Mouse,4981,130
156872,Mouse,5322,131
156936,Mouse,5508,121
156972,Mouse,4612,126
157006,Mouse,3174,131
157029,Mouse,5402,123
157030,Elephant,321263,1081
157080,Mouse,4620,106
157092,Mouse,4493,110
157106,Mouse,4524,109
157134,Mouse,4173,99
157366,Mouse,4581,123
157395,Mouse,4985,131
157476,Mouse,3089,145
157516,Mouse,5126,157
157564,Mouse,5162,162
157712,Mouse,4949,166
157748,Mouse,5807,177
157805,Mouse,3021,179
157835,Elephant,332975,1463
157897,Mouse,5543,190
157907,Elephant,264504,1347
157910,Mouse,5143,193
157928,Mouse,4682,192
157943,Mouse,3386,173
157959,Mouse,3197,175
157993,Mouse,5166,185
157999,Mouse,3515,170
158165,Elephant,280391,1471
158205,Mouse,3393,135
158218,Mouse,4133,137
158272,Elephant,512187,1887
158288,Mouse,4140,126
158296,Mouse,4396,131
158390,Mouse,5529,71
158457,Mouse,4741,77
158507,Elephant,283788,1363
158509,Mouse,5808,83
158516,Mouse,4403,78
158638,Mouse,5442,71
158646,Mouse,5647,69
158858,Mouse,4534,71
158938,Mouse,4227,79
158965,Mouse,4857,84
159001,Mouse,5242,89
159095,Mouse,3243,91
159140,Mouse,5144,100
159157,Mouse,3813,102
159239,Mouse,5530,121
159344,Elephant,461397,1392
159350,Elephant,598596,1739
159379,Mouse,3671,98
159384,Mouse,3228,96
159459,Mouse,3149,64
159494,Mouse,5041,70
159497,Mouse,3501,71
159740,Mouse,4077,68
159779,Mouse,3465,66
159829,Elephant,140725,584
159941,Mouse,5097,75
159955,Mouse,4194,65
160022,Mouse,4786,69
160029,Elephant,338603,1026
160038,Mouse,5197,69
160040,Mouse,5371,70
160102,Mouse,3345,64
160246,Mouse,3971,64
160271,Mouse,3628,64
160292,Mouse,5689,66
160317,Mouse,4104,64
160352,Mouse,5259,65
160377,Mouse,4284,65
160432,Mouse,5256,65
160445,Mouse,5060,65
160465,Mouse,4841,65
160725,Mouse,4602,65
160736,Mouse,5225,65
160759,Mouse,5549,66
160780,Mouse,3930,65
160802,Mouse,4478,65
160908,Mouse,4886,65
160920,Mouse,3395,64
161020,Mouse,5008,65
161065,Mouse,5572,66
161111,Mouse,5612,66
161130,Mouse,3181,64
161237,Mouse,4380,65
161356,Mouse,5213,65
161419,Mouse,3924,64
161465,Elephant,138167,576
161505,Mouse,3653,64
161708,Mouse,5039,65
161735,Mouse,4262,65
161798,Mouse,3796,64
162027,Mouse,5835,66
162050,Mouse,3579,64
162134,Mouse,3628,64
162142,Mouse,5460,66
162172,Mouse,3960,64
162208,Mouse,3333,64
162293,Mouse,4151,64
162323,Mouse,5641,66
162396,Mouse,4337,65
162563,Mouse,4082,64
162644,Mouse,4891,65
162710,Mouse,3379,70
162731,Mouse,3132,69
162732,Mouse,3880,69
162776,Mouse,4661,72
162819,Mouse,4822,70
162874,Mouse,3110,65
162892,Mouse,4730,75
162914,Mouse,3377,80
162973,Mouse,4387,80
163004,Mouse,4264,79
163009,Mouse,3053,81
163011,Elephant,212154,718
163088,Mouse,4048,69
163096,Mouse,5463,71
163124,Mouse,4154,70
163161,Elephant,247764,788
163168,Mouse,4851,71
163177,Mouse,3479,68
163196,Mouse,3124,66
163238,Mouse,5371,70
163320,Mouse,4931,69
163385,Mouse,3309,64
163431,Mouse,4340,65
163476,Mouse,4249,65
163513,Mouse,4858,68
163531,Mouse,4563,69
163692,Mouse,4607,65
163772,Mouse,4419,68
163790,Elephant,535399,1180
163795,Mouse,5580,67
163882,Mouse,4816,65
163961,Mouse,3861,64
163971,Mouse,3005,63
164059,Mouse,3922,65
164066,Mouse,3658,69
164084,Mouse,4918,66
164184,Mouse,3519,64
164191,Mouse,4334,69
164199,Mouse,3016,69
164220,Mouse,5312,69
164224,Mouse,4817,68
164240,Mouse,5656,73
164345,Mouse,4141,70
164404,Mouse,3713,66
164571,Mouse,5682,74
164606,Mouse,5625,75
164721,Mouse,3244,78
164767,Elephant,394756,1021
164823,Elephant,355430,956
164857,Mouse,4352,65
164969,Mouse,4993,65
164972,Elephant,35949,245
165022,Mouse,3342,64
165225,Mouse,5229,69
165322,Mouse,5021,65
165358,Mouse,3189,65
165446,Mouse,4327,66
165454,Mouse,5820,70
165480,Mouse,5412,68
165492,Mouse,5335,73
165503,Mouse,5339,73
165542,Elephant,240499,735
165546,Mouse,4289,68
165575,Mouse,3550,64
165663,Mouse,3076,64
165666,Mouse,3170,64
165686,Mouse,3669,64
165702,Mouse,5483,66
165852,Mouse,3967,64
165900,Mouse,5319,65
165909,Mouse,4313,71
165910,Mouse,5210,71
165911,Mouse,3274,70
165915,Mouse,4854,68
165970,Mouse,4648,69
166008,Mouse,3449,67
166031,Mouse,4411,65
166115,Mouse,5186,65
166135,Mouse,4478,68
166183,Mouse,4709,70
166224,Elephant,132760,545
166234,Mouse,5418,69
166260,Mouse,4778,65
166268,Mouse,3353,66
166369,Mouse,4828,65
166442,Mouse,3341,66
166443,Mouse,4753,67
166554,Mouse,4081,64
166704,Mouse,3909,64
166715,Mouse,5199,65
166784,Mouse,4867,65
166799,Mouse,5471,66
166815,Mouse,3244,64
166856,Mouse,4914,65
166964,Mouse,5487,66
167005,Mouse,3177,64
167018,Mouse,5655,66
167087,Mouse,5111,65
167127,Mouse,3271,64
167206,Mouse,3703,64
167220,Mouse,5257,65
167239,Mouse,3582,64
167282,Mouse,4064,66
167305,Mouse,4956,65
167327,Mouse,4491,66
167370,Mouse,5807,66
167381,Mouse,4946,65
167424,Mouse,3345,65
167443,Mouse,4207,64
167513,Mouse,3799,65
167652,Mouse,3720,72
167657,Mouse,3496,65
167699,Mouse,3346,65
167840,Mouse,5050,72
167865,Mouse,3898,70
167944,Mouse,3592,72
167986,Mouse,3361,68
168024,Mouse,3554,77
168045,Mouse,5390,72
168062,Mouse,3975,77
168069,Mouse,3753,81
168129,Mouse,3236,90
168178,Mouse,3941,85
168230,Mouse,4029,94
168251,Mouse,3671,104
168347,Mouse,3313,121
168378,Mouse,3326,119
168406,Mouse,3578,126
168415,Elephant,124098,646
168550,Elephant,435041,1209
168598,Mouse,5135,95
168606,Elephant,396288,1158
168609,Mouse,3552,80
168625,Mouse,4988,74
168684,Mouse,4128,69
168690,Mouse,5201,66
168851,Mouse,4024,69
168875,Mouse,4119,78
169110,Mouse,5452,82
169130,Mouse,3310,85
169184,Mouse,5591,97
169187,Mouse,3523,98
169206,Elephant,304272,1058
169208,Mouse,5316,105
169226,Mouse,5217,93
169282,Mouse,4381,83
169324,Mouse,3308,72
169360,Mouse,3911,74
169391,Mouse,3459,67
169432,Mouse,3336,71
169435,Mouse,3310,73
169447,Mouse,3891,76
169479,Mouse,3101,78
169509,Mouse,5323,84
169547,Mouse,3504,94
169671,Mouse,3304,97
169714,Mouse,5586,106
169722,Elephant,503968,1310
169770,Mouse,4405,95
169773,Mouse,3804,90
169796,Mouse,5284,90
169817,Elephant,351702,1067
169821,Mouse,4321,86
169833,Mouse,4111,76
169911,Mouse,4540,67
169956,Elephant,47994,329
170037,Mouse,4547,68
170093,Mouse,5008,65
170126,Mouse,5036,67
170172,Mouse,5449,66
170223,Mouse,3883,64
170313,Mouse,4227,64
170352,Mouse,4119,64
170385,Mouse,3353,67
170390,Mouse,3342,65
170492,Elephant,386259,1061
170588,Mouse,3540,64
170614,Mouse,5160,65
170653,Mouse,3499,64
170681,Mouse,4068,64
170726,Mouse,5129,66
170816,Mouse,5390,65
170855,Mouse,4316,65
170924,Mouse,3543,65
171149,Mouse,3280,68
171428,Mouse,5605,73
171432,Mouse,3979,68
171467,Mouse,5778,83
171490,Mouse,3795,71
171521,Mouse,3009,80
171534,Mouse,4866,76
171583,Elephant,306148,858
171588,Mouse,3395,75
171625,Mouse,4630,67
171679,Elephant,149549,605
171699,Mouse,4402,66
171703,Mouse,3831,64
171770,Mouse,5629,66
171814,Mouse,5840,70
171864,Mouse,3752,65
171918,Elephant,39141,334
171969,Mouse,5778,66
172010,Mouse,5688,67
172068,Mouse,3985,67
172124,Mouse,4723,71
172145,Mouse,4630,73
172165,Mouse,3816,68
172196,Mouse,4376,71
172300,Mouse,3286,70
172309,Mouse,5020,73
172321,Mouse,3943,75
172393,Mouse,4967,82
172396,Elephant,433875,1062
172429,Mouse,4711,69
172526,Mouse,5650,66
172538,Mouse,5605,69
172604,Mouse,3337,64
172626,Mouse,4472,66
172692,Mouse,3686,68
172812,Mouse,4304,69
172846,Elephant,460773,1086
172847,Mouse,5335,71
172909,Mouse,5426,65
172928,Mouse,4929,65
172955,Mouse,4934,66
172973,Mouse,4064,65
172982,Mouse,4780,65
173052,Mouse,3615,64
173072,Mouse,4834,65
173078,Mouse,5607,66
173081,Mouse,3440,64
173358,Mouse,4109,64
173434,Mouse,4281,72
173445,Mouse,3772,68
173454,Mouse,4036,64
173634,Mouse,5469,67
173733,Mouse,3982,77
173785,Mouse,5438,94
173826,Mouse,5549,96
173842,Mouse,3877,103
173978,Elephant,261887,876
174035,Mouse,3715,101
174046,Mouse,4298,101
174148,Mouse,5333,99
174396,Mouse,3580,116
174428,Mouse,4271,123
174474,Mouse,4364,133
174543,Mouse,3889,144
174546,Mouse,5778,148
174584,Mouse,4572,154
174592,Mouse,3338,157
174594,Mouse,3076,158
174666,Elephant,558298,1566
174673,Mouse,3418,168
174717,Elephant,310452,1299
174769,Mouse,4940,131
174806,Mouse,3871,108
174835,Mouse,4018,94
174855,Mouse,3602,100
174855,Elephant,187732,1015
175087,Mouse,5298,92
175139,Elephant,438369,1498
175143,Mouse,3471,90
175149,Mouse,3938,94
175151,Mouse,3515,100
175176,Mouse,3800,94
175193,Mouse,3484,93
175193,Mouse,3698,97
175204,Mouse,5267,85
175241,Mouse,4607,80
175257,Mouse,4966,78
175329,Mouse,4894,76
175399,Mouse,5420,77
175427,Mouse,5305,85
175430,Mouse,4732,87
175512,Elephant,231275,1061
175541,Mouse,3647,85
175547,Mouse,3139,88
175570,Mouse,4326,80
175593,Mouse,5304,86
175611,Mouse,5135,91
175687,Mouse,4281,79
175690,Elephant,252178,927
175811,Mouse,4694,72
175814,Mouse,4658,73
175839,Mouse,5688,66
176021,Mouse,4090,68
176039,Mouse,4829,71
176161,Mouse,4374,69
176281,Mouse,3199,69
176295,Mouse,3720,74
176316,Mouse,4919,81
176319,Elephant,547309,1576
176328,Mouse,3799,80
176350,Mouse,3542,78
176389,Mouse,4676,83
176390,Mouse,5061,83
176480,Mouse,5198,68
176516,Mouse,5110,77
176591,Mouse,5826,77
176663,Mouse,3993,84
176693,Mouse,4112,88
176705,Mouse,5238,91
176744,Mouse,5413,101
176781,Mouse,5283,112
176899,Mouse,5521,123
176931,Mouse,4620,125
176958,Mouse,3112,132
176999,Mouse,4702,144
177043,Mouse,3452,149
177077,Mouse,5690,164
177083,Mouse,3199,167
177195,Mouse,5573,180
177221,Mouse,5703,180
177227,Mouse,3360,182
177330,Mouse,4265,193
177384,Elephant,578279,1606
177445,Mouse,5301,178
177479,Elephant,385676,1421
177484,Mouse,4323,151
177487,Mouse,3976,138
177561,Mouse,4006,101
177623,Mouse,5238,102
177634,Mouse,5446,107
177664,Mouse,5304,118
177695,Mouse,4113,124
177710,Mouse,3668,126
177764,Mouse,3280,139
177797,Mouse,4441,143
177803,Mouse,5638,145
177951,Elephant,474348,1708
177958,Mouse,5557,131
177977,Mouse,5080,133
178022,Mouse,3703,116
178140,Elephant,218236,1311
178171,Mouse,5288,90
178195,Mouse,5326,86
178202,Mouse,3445,85
178239,Elephant,351191,1583
178242,Elephant,220371,1255
178246,Mouse,4613,77
178285,Mouse,5406,77
178300,Mouse,4176,64
178377,Mouse,3947,64
178416,Mouse,3873,67
178475,Mouse,5360,65
178523,Mouse,4514,65
178544,Mouse,5754,69
178551,Mouse,4467,65
178813,Mouse,3539,72
178914,Mouse,4493,72
178925,Mouse,5693,77
178935,Mouse,3396,71
178956,Mouse,5165,76
178976,Mouse,4874,90
178977,Mouse,5300,90
178981,Mouse,5608,92
179000,Mouse,3118,89
179032,Mouse,5762,97
179108,Mouse,5102,80
179241,Mouse,5834,94
179294,Mouse,5732,108
179358,Mouse,5723,122
179388,Elephant,382101,1085
179433,Mouse,3520,100
179439,Mouse,3492,101
179495,Mouse,4979,83
179549,Mouse,4120,86
179616,Mouse,5510,101
179637,Mouse,4566,100
179653,Mouse,3393,104
179726,Mouse,5673,108
179805,Mouse,5334,105
179822,Mouse,3718,107
179869,Mouse,5553,117
180043,Mouse,3052,106
180079,Elephant,555017,1558
180122,Mouse,5197,87
180137,Mouse,5091,72
180240,Elephant,288683,1103
180248,Mouse,3595,66
180267,Mouse,4628,66
180363,Mouse,5503,67
180433,Mouse,4406,65
180439,Mouse,5822,66
180542,Mouse,3713,67
180580,Mouse,5271,67
180673,Mouse,3038,66
180691,Mouse,5622,73
180703,Mouse,5119,77
180833,Elephant,246931,821
180856,Mouse,4544,79
180877,Mouse,3507,84
180900,Mouse,3130,71
180931,Mouse,5324,80
181216,Mouse,4716,121
181229,Mouse,3313,126
181375,Mouse,5405,151
181398,Mouse,5275,155
181446,Mouse,4542,170
181463,Mouse,4634,174
181469,Elephant,314729,1124
181499,Mouse,3785,173
181569,Elephant,168772,897
181614,Mouse,3658,162
181630,Mouse,4974,164
181641,Mouse,5194,152
181658,Mouse,3990,136
181846,Mouse,4275,129
181927,Mouse,4733,142
182023,Elephant,369101,1468
182096,Mouse,5405,138
182140,Mouse,5025,132
182312,Mouse,3892,154
182430,Mouse,5193,163
182488,Mouse,3771,171
182566,Elephant,533397,1928
182568,Mouse,3840,178
182598,Elephant,218199,1417
182616,Mouse,3202,143
182636,Mouse,4411,134
182671,Mouse,4043,105
182680,Mouse,4773,109
182709,Mouse,4698,104
182739,Mouse,3032,108
182743,Elephant,477635,1896
182798,Mouse,4385,81
182800,Elephant,105150,814
182875,Mouse,4662,71
182893,Mouse,3433,65
182915,Elephant,213462,1148
183014,Mouse,5317,67
183042,Mouse,3915,64
183084,Mouse,3419,65
183183,Mouse,5481,66
183206,Mouse,4617,65
183212,Mouse,3942,64
183240,Mouse,4943,69
183374,Mouse,3156,65
183445,Mouse,5377,74
183446,Mouse,5525,75
183449,Mouse,3388,76
183460,Mouse,3359,76
183498,Mouse,4956,80
183530,Mouse,5574,68
183667,Mouse,5624,68
183669,Elephant,206197,687
183692,Mouse,4063,69
183730,Mouse,5297,70
183736,Mouse,3570,72
183795,Mouse,4668,68
183855,Mouse,5416,69
183863,Mouse,3118,65
183993,Mouse,4077,65
184036,Mouse,4068,70
184043,Mouse,3724,72
184053,Mouse,3598,73
184089,Elephant,428929,1046
184133,Mouse,3592,72
184178,Mouse,3836,64
184286,Mouse,4451,66
184321,Mouse,4389,69
184394,Mouse,4382,79
184403,Mouse,3269,82
184429,Mouse,3081,95
184453,Mouse,3875,99
184454,Mouse,4182,99
184464,Mouse,4690,107
184526,Mouse,5386,120
184542,Mouse,4745,123
184546,Mouse,3771,124
184676,Mouse,5536,124
184748,Elephant,167320,758
184772,Elephant,370609,1120
184815,Mouse,4481,108
184920,Mouse,5460,83
184936,Mouse,4024,88
185026,Mouse,5357,107
185046,Mouse,5271,116
185083,Elephant,192893,932
185094,Mouse,4196,112
185180,Mouse,3486,96
185210,Mouse,3216,101
185230,Mouse,5248,105
185244,Mouse,5498,112
185270,Mouse,5787,120
185278,Mouse,5266,125
185351,Mouse,5658,134
185361,Mouse,4950,138
185404,Mouse,4483,142
185435,Mouse,4846,137
185468,Mouse,3962,150
185476,Mouse,5603,156
185491,Mouse,4465,159
185570,Elephant,163842,972
185644,Mouse,4573,155
185755,Mouse,5271,144
185774,Mouse,5109,152
185946,Mouse,4408,174
185994,Mouse,4920,176
186054,Mouse,5763,187
186108,Mouse,3903,197
186190,Mouse,3462,207
186236,Elephant,516033,1957
186267,Elephant,587235,2037
186279,Mouse,5636,195
186281,Mouse,3845,196
186336,Mouse,4527,135
186340,Mouse,5592,138
186388,Mouse,3166,96
186396,Mouse,5136,100
186536,Elephant,198204,1310
186550,Mouse,5051,93
186583,Mouse,5596,100
186596,Mouse,5088,102
186608,Mouse,3445,103
186677,Mouse,5015,99
186708,Elephant,392466,1807
186780,Mouse,5418,76
186833,Mouse,5342,75
186863,Mouse,4131,73
186877,Mouse,4321,80
186881,Mouse,5798,84
186904,Mouse,5578,82
187155,Mouse,4708,106
187222,Mouse,5673,116
187295,Mouse,4339,124
187376,Mouse,5219,130
187425,Mouse,3631,135
187488,Mouse,5004,154
187533,Elephant,242580,1196
187610,Mouse,4677,177
187671,Mouse,3458,166
187690,Mouse,3963,172
187708,Mouse,3478,175
187721,Mouse,4430,180
187766,Elephant,544556,2240
187775,Mouse,4181,167
187846,Mouse,3246,145
187976,Elephant,159778,1021
187989,Elephant,418724,1543
187994,Mouse,3683,114
188025,Mouse,3333,113
188033,Mouse,4238,114
188089,Mouse,4455,88
188228,Mouse,4816,92
188282,Mouse,4210,95
188374,Mouse,4643,110
188383,Mouse,5332,113
188427,Mouse,3379,119
188596,Mouse,4966,136
188724,Mouse,5098,155
188748,Mouse,5623,161
188757,Mouse,3645,163
188796,Mouse,4472,169
188847,Mouse,5401,172
189113,Mouse,4605,182
189131,Mouse,4122,186
189151,Elephant,403456,1790
189262,Mouse,5764,164
189278,Mouse,3175,168
189300,Mouse,5021,174
189306,Elephant,465090,1974
189425,Mouse,5836,101
189447,Elephant,347721,1539
189472,Elephant,598557,2154
189476,Mouse,5676,95
189496,Mouse,3392,84
189499,Mouse,5160,84
189523,Mouse,5671,77
189623,Mouse,3808,64
189684,Mouse,5460,66
189704,Mouse,3266,64
189709,Mouse,4450,65
189900,Mouse,5222,65
189923,Mouse,4936,65
189966,Mouse,5556,67
189993,Mouse,3993,64
190149,Mouse,4506,65
190254,Mouse,4637,65
190268,Mouse,5000,66
190346,Mouse,4938,65
190464,Mouse,3229,66
190519,Mouse,4241,68
190553,Mouse,3757,72
190597,Mouse,3372,79
190660,Mouse,5282,78
190696,Mouse,4806,86
190761,Mouse,5063,90
190834,Mouse,5678,92
190863,Mouse,4475,104
190898,Mouse,4693,107
190973,Mouse,3369,114
190985,Mouse,3138,119
191024,Mouse,3575,124
191079,Mouse,5634,132
191101,Mouse,4162,138
191149,Mouse,4207,137
191239,Mouse,3958,151
191293,Mouse,4894,157
191314,Mouse,5149,159
191327,Mouse,4382,166
191462,Mouse,3944,156
191464,Elephant,547963,1545
191471,Mouse,5259,141
191548,Mouse,3358,115
191639,Mouse,3287,117
191720,Mouse,5407,125
191743,Mouse,3041,127
191919,Mouse,5537,134
191963,Mouse,3019,108
192020,Elephant,482647,1816
192046,Mouse,3016,93
192058,Mouse,3871,98
192135,Elephant,473218,1676
192152,Mouse,3999,99
192203,Mouse,5601,80
192234,Elephant,543234,1822
192299,Mouse,3655,64
192369,Mouse,4425,70
192418,Mouse,4741,65
192505,Mouse,5159,65
192532,Mouse,3301,67
192542,Mouse,3437,69
192550,Mouse,3577,65
192590,Mouse,4624,65
192626,Mouse,5259,70
192681,Mouse,4945,72
192717,Mouse,3147,66
192724,Mouse,4282,70
192740,Mouse,5139,65
192767,Mouse,4708,70
192792,Mouse,3043,65
192807,Mouse,5309,68
192866,Mouse,3302,64
192885,Mouse,3567,66
192910,Mouse,3265,64
193006,Elephant,361457,1070
193040,Mouse,3275,64
193070,Mouse,5486,66
193103,Mouse,5797,66
193145,Mouse,3415,65
193195,Mouse,3091,64
193282,Mouse,4870,65
193417,Mouse,3675,64
193430,Mouse,4350,65
193466,Mouse,4489,65
193470,Mouse,3199,66
193491,Mouse,3128,64
193661,Mouse,3903,67
193761,Mouse,4515,65
193824,Mouse,3289,69
193952,Elephant,136390,546
194004,Mouse,4172,73
194005,Mouse,5506,75
194010,Mouse,4499,73
194242,Mouse,3774,67
194349,Mouse,3900,68
194385,Mouse,4187,71
194394,Mouse,5379,77
194438,Mouse,3842,79
194493,Mouse,5350,80
194504,Mouse,5817,75
194629,Elephant,506961,1208
194694,Mouse,4183,66
194734,Mouse,5424,70
194768,Mouse,5665,70
194898,Mouse,5399,67
194940,Mouse,4969,70
195006,Mouse,5709,70
195067,Mouse,3651,72
195077,Elephant,563569,1412
195205,Mouse,4054,64
195242,Mouse,5767,71
195345,Mouse,3401,67
195369,Mouse,5747,70
195374,Mouse,3226,67
195403,Mouse,4803,69
195416,Mouse,3321,70
195422,Mouse,5348,73
195587,Mouse,3356,66
195814,Elephant,423645,1089
196083,Mouse,4353,90
196178,Mouse,3272,109
196232,Elephant,349649,1211
196259,Mouse,5227,104
196281,Mouse,5527,89
196303,Mouse,5432,87
196323,Elephant,312662,1010
196326,Mouse,5667,95
196344,Mouse,5803,84
196442,Mouse,5083,69
196460,Elephant,104388,810
196606,Mouse,4710,68
196612,Mouse,4928,69
196674,Mouse,5198,71
196709,Elephant,378862,1082
196797,Mouse,4971,65
196851,Mouse,4621,66
196883,Mouse,4518,65
196949,Elephant,71469,370
196962,Mouse,4825,65
196997,Mouse,5505,66
197087,Mouse,5722,66
197106,Mouse,4274,65
197125,Mouse,3055,64
197137,Mouse,3271,64
197196,Mouse,3326,64
197381,Mouse,3618,64
197583,Mouse,3661,64
197620,Mouse,4318,68
197649,Mouse,3147,64
197755,Mouse,5603,67
197782,Elephant,95292,448
197895,Mouse,5492,69
197907,Mouse,3889,64
198031,Mouse,5189,66
198090,Mouse,3322,64
198147,Mouse,3359,67
198175,Mouse,5640,68
198190,Mouse,4162,68
198219,Mouse,5262,72
198229,Mouse,5269,65
198253,Mouse,4838,69
198320,Mouse,3010,67
198448,Mouse,5105,73
198473,Mouse,3261,67
198484,Mouse,4442,74
198498,Mouse,5102,81
198683,Elephant,488745,1117
198709,Mouse,3103,68
198730,Mouse,3142,70
198908,Mouse,5800,70
198972,Mouse,4529,84
199072,Mouse,4492,93
199121,Mouse,3888,108
199182,Mouse,3598,122
199227,Mouse,3542,131
199286,Elephant,93471,563
199314,Elephant,478329,1257
199383,Elephant,87343,583
199393,Mouse,3745,121
199426,Mouse,5658,80
199585,Mouse,5130,83
199674,Mouse,5656,102
199753,Mouse,4160,114
199807,Elephant,160812,864
199883,Mouse,5148,131
200187,Mouse,4315,176
200190,Elephant,211576,1117
200291,Mouse,4937,183
200313,Mouse,4502,190
200325,Elephant,469284,1698
200346,Mouse,5675,193
200388,Mouse,4162,173
200457,Mouse,3847,161
200498,Mouse,3911,147
200518,Elephant,302939,1464
200522,Mouse,4207,139
200641,Mouse,4206,121
200830,Mouse,4375,147
200859,Mouse,3411,153
200910,Mouse,3691,162
200948,Elephant,100197,944
200949,Elephant,145734,1098
201028,Mouse,5720,177
201037,Mouse,4445,157
201134,Mouse,4811,146
201251,Mouse,4513,154
201346,Mouse,5440,169
201359,Elephant,303026,1707
201373,Mouse,3437,166
201412,Mouse,4160,162
201427,Mouse,5162,172
201516,Mouse,5047,174
201561,Mouse,4444,173
201626,Mouse,3260,186
201647,Mouse,5296,189
201670,Mouse,4592,192
201695,Mouse,3371,191
201705,Elephant,459998,2116
201764,Mouse,3550,169
201796,Mouse,3878,156
201804,Mouse,5748,157
201816,Mouse,4599,159
201828,Mouse,4719,166
201872,Mouse,5279,165
201968,Mouse,5554,170
202026,Elephant,349182,1983
202029,Mouse,4714,161
202055,Elephant,374393,2266
202117,Mouse,5806,126
202196,Mouse,3208,111
202239,Mouse,3003,118
202287,Elephant,135772,1114
202346,Mouse,5825,132
202353,Elephant,76852,725
202570,Mouse,3948,109
202629,Mouse,5786,124
202629,Elephant,324729,1873
202651,Mouse,3699,119
202752,Mouse,4410,126
202771,Mouse,5106,114
202845,Mouse,5757,132
202858,Mouse,3918,129
202864,Mouse,3957,131
202917,Mouse,4864,137
202921,Elephant,304813,1604
202933,Mouse,4954,116
202942,Mouse,4844,119
203202,Mouse,4408,142
203236,Elephant,331563,1506
203308,Mouse,5773,143
203358,Mouse,5132,143
203367,Mouse,5377,139
203462,Mouse,3492,144
203499,Mouse,4715,152
203551,Mouse,5410,164
203555,Mouse,5237,162
203739,Elephant,145488,1089
203760,Mouse,3063,158
203761,Elephant,458664,1851
203782,Mouse,5576,157
203801,Mouse,3822,154
203817,Mouse,3127,141
203828,Mouse,5805,144
203851,Mouse,5356,140
203888,Mouse,5700,139
204035,Mouse,5405,127
204152,Elephant,339785,1604
204155,Mouse,4269,128
204161,Mouse,3938,132
204195,Mouse,3840,130
204223,Mouse,3818,127
204240,Mouse,4324,122
204295,Mouse,4973,113
204301,Mouse,3893,114
204436,Mouse,5409,112
204584,Mouse,4184,124
204600,Mouse,4729,130
204627,Mouse,3210,136
204633,Mouse,5020,140
204683,Mouse,3390,150
204714,Mouse,5318,157
204760,Mouse,3306,167
204802,Mouse,3703,172
204830,Elephant,457971,1948
204883,Elephant,478384,1957
204923,Mouse,5214,88
204927,Mouse,3097,77
205006,Mouse,3317,71
205042,Mouse,4436,76
205100,Elephant,514587,1895
205111,Mouse,3169,72
205145,Mouse,3977,65
205362,Mouse,3381,65
205424,Mouse,3352,65
205495,Mouse,3261,66
205591,Mouse,3731,64
205680,Elephant,386502,1151
205991,Mouse,3341,64
206033,Mouse,4498,65
206044,Mouse,5327,65
206114,Mouse,3239,64
206196,Mouse,5219,65
206209,Mouse,3110,64
206304,Mouse,5632,66
206346,Mouse,4992,66
206371,Mouse,4703,71
206503,Mouse,5250,65
206509,Mouse,4464,65
206527,Mouse,5382,65
206642,Mouse,3820,64
206724,Mouse,4120,64
206728,Mouse,3930,64
206738,Mouse,3351,64
206754,Elephant,140973,543
206770,Mouse,5816,67
206836,Mouse,3217,65
206909,Mouse,5829,66
206923,Mouse,3066,64
206936,Mouse,4570,68
206941,Mouse,5815,69
207036,Mouse,4171,64
207094,Mouse,5165,70
207102,Mouse,4225,66
207191,Mouse,3445,64
207368,Mouse,4046,64
207393,Mouse,5506,69
207441,Mouse,5422,72
207449,Elephant,206876,682
207498,Mouse,5076,65
207530,Mouse,4014,64
207589,Mouse,3949,64
207603,Mouse,3336,66
207604,Mouse,4367,67
207649,Mouse,5726,69
207667,Mouse,4020,64
207690,Mouse,5170,68
207753,Mouse,3239,66
207754,Mouse,4197,67
207865,Mouse,3532,72
207870,Mouse,5746,69
207913,Mouse,3901,70
207958,Mouse,4497,67
207988,Mouse,3174,68
208044,Mouse,5578,73
208258,Elephant,203056,683
208264,Mouse,3852,67
208337,Mouse,3420,67
208397,Mouse,3964,64
208458,Mouse,4347,67
208482,Mouse,5000,69
208514,Mouse,5455,74
208549,Mouse,4439,71
208553,Mouse,3318,73
208564,Mouse,5249,78
208579,Mouse,3612,79
208601,Elephant,269465,813
208636,Mouse,4739,77
208666,Mouse,5187,65
208670,Mouse,4282,65
208690,Mouse,3538,72
208758,Mouse,3541,66
208759,Mouse,5243,68
208855,Mouse,4190,70
208886,Mouse,4038,82
208898,Mouse,4355,80
208898,Mouse,4612,89
208919,Mouse,3060,75
208955,Mouse,5020,83
208992,Mouse,4525,87
209006,Elephant,149903,617
209054,Mouse,4097,87
209147,Mouse,5499,86
209249,Mouse,3853,96
209256,Mouse,4180,102
209317,Mouse,3321,105
209406,Mouse,4266,122
209409,Mouse,5471,126
209447,Elephant,157392,746
209463,Elephant,77199,521
209470,Mouse,3541,126
209485,Mouse,4531,132
209561,Mouse,5696,105
209716,Mouse,4290,89
209799,Mouse,4077,96
209841,Mouse,5397,109
209876,Elephant,466518,1400
209917,Mouse,4599,98
209949,Elephant,255363,1141
209967,Mouse,4651,67
209982,Mouse,4295,69
210276,Elephant,503121,1359
210358,Mouse,4425,65
210374,Mouse,4189,64
210468,Mouse,4790,67
210471,Mouse,3961,67
210536,Mouse,5144,65
210576,Mouse,4717,65
210669,Mouse,4640,66
210778,Mouse,3008,64
210787,Mouse,5058,65
210793,Mouse,4301,65
210948,Mouse,3581,65
210950,Mouse,4693,67
211015,Mouse,3407,67
211042,Mouse,4354,69
211054,Mouse,5090,73
211073,Mouse,5788,73
211080,Mouse,4351,69
211163,Mouse,5746,76
211198,Mouse,5682,77
211249,Mouse,3931,79
211302,Elephant,201025,740
211340,Mouse,3253,78
211355,Mouse,5286,87
211372,Mouse,5215,73
211445,Mouse,4048,69
211485,Mouse,3225,71
211501,Mouse,3167,72
211540,Mouse,3213,76
211608,Mouse,3078,82
211609,Mouse,3899,83
211747,Mouse,5017,96
211809,Elephant,320345,1049
211861,Mouse,3454,76
211947,Mouse,4493,76
211967,Mouse,5277,77
211993,Mouse,4946,86
212107,Elephant,413612,1137
212310,Elephant,517552,1277
212361,Mouse,4872,71
212363,Mouse,4760,71
212380,Mouse,4377,65
212406,Mouse,4265,70
212477,Mouse,3091,67
212534,Mouse,5025,65
212547,Mouse,4921,65
212673,Mouse,3112,64
212678,Mouse,5526,66
212784,Elephant,202137,686
212793,Mouse,5621,67
212797,Mouse,3829,64
212823,Mouse,3080,64
212857,Mouse,5748,66
212899,Mouse,5193,66
212943,Mouse,5458,67
212945,Mouse,4062,67
213042,Mouse,3907,64
213198,Mouse,3753,64
213263,Mouse,3325,64
213312,Mouse,3071,64
213351,Mouse,3104,64
213395,Mouse,5208,66
213518,Mouse,4227,64
213574,Mouse,4570,65
213696,Mouse,4647,65
213812,Mouse,5541,70
213929,Mouse,5003,68
214027,Mouse,3659,66
214038,Mouse,5641,75
214069,Mouse,5776,91
214072,Mouse,3870,91
214083,Elephant,91498,440
214151,Mouse,4050,80
214319,Mouse,5548,100
214334,Mouse,4104,103
214462,Elephant,101038,577
214470,Mouse,4871,119
214474,Mouse,4183,121
214610,Mouse,5291,117
214617,Mouse,4144,117
214632,Mouse,3158,121
214678,Mouse,4300,131
214715,Mouse,3735,138
214767,Elephant,242054,1006
214790,Mouse,4322,122
214814,Mouse,3891,124
214843,Mouse,4370,126
214844,Mouse,3281,125
214859,Mouse,4977,125
214993,Mouse,5791,118
215004,Mouse,4806,121
215107,Mouse,5198,132
215125,Elephant,346647,1294
215139,Mouse,3986,130
215147,Mouse,3253,130
215176,Mouse,5425,120
215270,Mouse,3648,91
215279,Mouse,3414,93
215286,Elephant,550663,1675
215327,Mouse,5333,82
215539,Mouse,5287,72
215625,Mouse,3525,68
215646,Mouse,3944,74
215676,Mouse,5213,81
215677,Mouse,5542,82
215682,Elephant,555594,1596
215692,Mouse,4319,78
215699,Mouse,4816,83
215707,Mouse,4220,78
215816,Elephant,132192,562
215857,Mouse,5582,66
215893,Mouse,3550,64
215943,Mouse,4918,65
216030,Mouse,4070,67
216030,Mouse,3561,67
216052,Mouse,4742,65
216060,Mouse,4919,65
216134,Mouse,5077,65
216160,Mouse,5157,65
216626,Mouse,3759,67
216781,Mouse,3171,71
216821,Elephant,74791,373
216878,Elephant,272187,796
216895,Mouse,4663,66
216899,Mouse,4090,65
216906,Mouse,5576,66
216911,Mouse,3159,66
217036,Mouse,4669,65
217188,Mouse,3666,64
217220,Mouse,4785,69
217327,Mouse,4370,65
217455,Mouse,4731,68
217522,Mouse,4681,67
217543,Mouse,4431,65
217626,Mouse,3570,66
217743,Elephant,473055,1073
217815,Mouse,4889,65
217820,Mouse,4919,65
217842,Mouse,4792,65
217851,Mouse,5346,65
217867,Mouse,3793,64
217882,Mouse,4852,65
218105,Mouse,4299,65
218173,Mouse,4405,69
218263,Mouse,3740,64
218319,Mouse,5315,65
218341,Mouse,4085,67
218357,Mouse,5306,65
218405,Mouse,3420,64
218419,Mouse,3194,64
218673,Mouse,5434,66
218677,Mouse,4477,65
218691,Elephant,309065,848
218743,Mouse,5072,66
218767,Mouse,3609,64
218846,Mouse,5605,66
218854,Mouse,3016,64
218930,Mouse,3368,64
218937,Mouse,5205,65
218996,Mouse,3229,64
219052,Mouse,3374,68
219181,Mouse,4782,67
219523,Mouse,4018,90
219561,Mouse,5648,100
219633,Mouse,3645,122
219676,Mouse,5399,138
219716,Elephant,173996,756
219761,Mouse,4196,136
219824,Elephant,207527,838
219841,Mouse,5598,121
219860,Mouse,4989,122
219994,Mouse,3009,105
220200,Elephant,586841,1607
220214,Mouse,5588,139
220239,Mouse,3093,129
220249,Mouse,4119,135
220325,Elephant,128163,825
220369,Mouse,5714,102
220533,Mouse,4940,89
220561,Mouse,3896,96
220669,Mouse,3376,102
220768,Mouse,5586,119
220810,Mouse,5647,127
220891,Mouse,3767,133
220932,Mouse,5429,136
221026,Elephant,474900,1647
221056,Mouse,5096,135
221102,Mouse,4091,115
221181,Mouse,5594,100
221198,Mouse,5682,105
221214,Mouse,3146,108
221215,Mouse,3982,110
221237,Elephant,519456,1763
221264,Mouse,4346,113
221271,Mouse,5744,116
221415,Mouse,3766,68
221465,Mouse,4400,72
221480,Elephant,548399,1674
221526,Mouse,5581,70
221753,Mouse,4640,71
221775,Mouse,3392,74
221782,Mouse,4301,65
221793,Mouse,3732,68
221828,Mouse,4884,72
221850,Elephant,199899,725
221872,Mouse,3972,70
221896,Mouse,4555,72
221897,Mouse,3379,70
221901,Mouse,5234,66
221905,Mouse,3511,64
221986,Mouse,5758,66
222086,Mouse,5691,70
222126,Mouse,5590,69
222132,Mouse,4072,71
222138,Mouse,4210,69
222156,Mouse,4816,65
222245,Mouse,4839,65
222368,Mouse,5053,70
222422,Mouse,4661,75
222455,Elephant,273026,815
222537,Mouse,4065,68
222592,Mouse,4849,71
222625,Mouse,5734,70
222652,Mouse,4838,69
222697,Elephant,94096,431
222771,Mouse,3101,64
222839,Mouse,3365,67
222972,Elephant,470707,1087
223009,Mouse,3266,64
223022,Mouse,3778,64
223041,Mouse,5019,69
223162,Mouse,3836,64
223259,Mouse,3487,64
223303,Mouse,4997,69
223377,Elephant,79647,405
223390,Mouse,3752,65
223537,Mouse,4597,65
223615,Mouse,5776,66
223761,Mouse,5424,65
223794,Mouse,4383,65
223847,Mouse,5170,65
223864,Mouse,4126,64
223896,Mouse,3495,64
224140,Mouse,5456,66
224258,Mouse,4370,65
224362,Mouse,3297,67
224374,Mouse,4833,72
224382,Mouse,5453,71
224420,Mouse,5622,74
224430,Mouse,5394,65
224453,Mouse,5345,68
224470,Mouse,3825,67
224477,Mouse,3487,64
224495,Mouse,5240,68
224496,Elephant,133432,542
224501,Mouse,5612,69
224507,Mouse,5562,66
224686,Mouse,3048,64
224782,Elephant,150100,579
224879,Mouse,4236,64
224919,Mouse,5266,65
225085,Mouse,4910,69
225193,Mouse,3408,74
225239,Mouse,4232,74
225288,Elephant,240360,821
225292,Mouse,5537,73
225304,Mouse,5073,74
225324,Mouse,5769,79
225331,Mouse,4719,82
225342,Mouse,5831,80
225358,Mouse,3714,74
225448,Mouse,5263,76
225512,Mouse,5354,77
225549,Elephant,437054,1052
225584,Mouse,5637,74
225640,Mouse,4127,72
225703,Mouse,3179,64
225719,Elephant,179498,659
225722,Mouse,4197,65
225827,Mouse,3240,64
226006,Mouse,3605,64
226202,Mouse,4746,65
226261,Mouse,4454,65
226265,Mouse,3936,66
226272,Mouse,3008,70
226274,Mouse,5800,74
226276,Mouse,4818,73
226292,Mouse,3160,64
226396,Mouse,3749,64
226436,Mouse,3544,64
226463,Mouse,5266,65
226553,Mouse,4457,65
226645,Mouse,5522,66
226751,Mouse,4734,70
226807,Mouse,3339,64
226809,Mouse,3102,64
226838,Mouse,5768,69
226844,Mouse,3751,71
226853,Mouse,3733,72
226906,Mouse,5776,66
226946,Mouse,4629,65
226953,Mouse,3742,64
227041,Mouse,5518,66
227070,Mouse,4328,69
227121,Mouse,3636,71
227167,Mouse,3402,64
227205,Mouse,3405,67
227220,Mouse,3246,67
227264,Mouse,4926,77
227268,Mouse,4600,78
227365,Elephant,431622,1029
227473,Mouse,5320,71
227535,Mouse,3908,64
227677,Mouse,4099,64
227771,Mouse,4229,66
227869,Mouse,3327,67
227982,Elephant,297857,840
228010,Mouse,4889,66
228020,Mouse,3019,64
228116,Mouse,4131,64
228173,Mouse,3051,64
228227,Mouse,3143,64
228294,Mouse,4026,64
228324,Mouse,4179,67
228421,Mouse,5036,67
228461,Mouse,5725,71
228542,Mouse,3757,68
228602,Mouse,4275,70
228668,Mouse,3749,67
228708,Mouse,3000,66
228850,Mouse,3357,67
228865,Mouse,5246,69
228998,Mouse,3590,71
229091,Mouse,5205,80
229104,Mouse,5475,84
229112,Mouse,5058,89
229156,Elephant,483195,1117
229168,Elephant,258001,817
229203,Mouse,5056,81
229266,Mouse,5768,66
229366,Mouse,3635,66
229371,Mouse,4138,64
229482,Mouse,3707,64
229501,Mouse,5362,70
229578,Mouse,5591,69
229590,Mouse,3206,76
229613,Mouse,4568,73
229690,Mouse,4259,69
229827,Mouse,4969,78
229959,Mouse,5744,91
229985,Mouse,3979,96
230060,Mouse,4092,108
230179,Mouse,4000,115
230341,Elephant,231129,915
230491,Mouse,5744,115
230499,Elephant,497737,1368
230504,Mouse,4697,111
230549,Mouse,4571,96
230550,Mouse,5022,92
230567,Elephant,508259,1358
230612,Mouse,5696,73
230638,Mouse,4676,65
230684,Mouse,5072,65
230700,Mouse,4670,65
230723,Mouse,4423,71
230726,Mouse,5377,73
230739,Mouse,4081,64
230823,Mouse,3151,64
230861,Mouse,4257,65
231110,Elephant,288165,951
231316,Mouse,3903,64
231344,Mouse,3959,64
231467,Mouse,4098,64
231510,Mouse,3124,64
231538,Mouse,3774,64
231615,Mouse,4950,70
231635,Mouse,4644,69
231646,Mouse,4275,68
231647,Mouse,5265,69
231651,Mouse,4978,69
231664,Mouse,3246,66
231758,Mouse,3043,67
231812,Mouse,3112,64
231820,Mouse,3683,64
231994,Mouse,3474,64
232093,Mouse,3377,67
232161,Mouse,4005,71
232247,Mouse,3502,72
232258,Mouse,4663,77
232283,Mouse,4819,72
232377,Mouse,5165,70
232413,Mouse,3060,76
232697,Mouse,3923,107
232732,Mouse,4068,113
232746,Mouse,3691,116
232824,Mouse,5625,129
232847,Elephant,575302,1343
232946,Mouse,4065,78
232969,Elephant,584784,1447
232990,Mouse,3256,79
233022,Elephant,75733,494
233032,Mouse,3809,73
233056,Mouse,3941,64
233273,Mouse,4519,65
233328,Mouse,5529,68
233586,Mouse,4302,73
233615,Mouse,5070,72
233672,Mouse,3917,81
233699,Mouse,3360,81
233711,Mouse,5506,87
233774,Mouse,5656,94
233812,Mouse,4867,100
233821,Mouse,4078,101
234037,Elephant,479887,1211
234068,Mouse,3462,76
234074,Mouse,3681,76
234098,Mouse,5728,75
234135,Elephant,562131,1353
234150,Mouse,4660,74
234270,Mouse,5578,66
234307,Mouse,3220,64
234320,Elephant,47801,291
234403,Mouse,4410,65
234547,Mouse,3931,67
234559,Mouse,4855,72
234607,Mouse,3464,70
234694,Mouse,4411,68
234749,Mouse,3194,64
234773,Mouse,5235,68
234833,Mouse,5744,69
234871,Elephant,322617,897
235057,Mouse,3619,64
235128,Mouse,5400,68
235130,Mouse,4266,67
235156,Mouse,5182,65
235175,Mouse,5134,72
235266,Mouse,4556,70
235271,Mouse,4722,73
235323,Mouse,5152,75
235356,Mouse,5491,68
235370,Mouse,5820,72
235405,Elephant,105022,465
235455,Mouse,3924,66
235459,Mouse,5531,68
235477,Mouse,4950,68
235529,Mouse,5767,71
235574,Mouse,4781,65
235585,Mouse,4071,64
235589,Mouse,4021,64
235652,Mouse,5705,70
235676,Mouse,3563,64
235744,Mouse,5185,69
235759,Mouse,3368,64
235814,Mouse,5445,66
235934,Mouse,4084,64
235978,Mouse,3361,64
236022,Mouse,3604,65
236083,Elephant,198671,673
236089,Mouse,3273,65
236216,Mouse,4827,66
236267,Mouse,4081,66
236289,Mouse,3645,64
236320,Mouse,5243,68
236363,Mouse,3974,66
236375,Mouse,4499,69
236390,Mouse,4535,69
236495,Mouse,5305,74
236498,Mouse,3343,75
236589,Elephant,93385,429
236643,Elephant,76662,381
236744,Mouse,3547,67
236870,Mouse,4384,69
236944,Mouse,4601,71
236946,Mouse,5412,71
237039,Elephant,495221,1108
237045,Mouse,4453,65
237075,Mouse,4980,65
237110,Mouse,3228,64
237133,Mouse,3909,64
237215,Mouse,3910,64
237327,Mouse,3631,66
237353,Mouse,3174,64
237409,Elephant,59986,324
237473,Mouse,5115,67
237475,Mouse,3584,65
237481,Mouse,5576,66
237538,Mouse,3525,66
237539,Mouse,3798,67
237544,Mouse,5285,68
237608,Mouse,5253,65
237630,Mouse,3578,64
237677,Mouse,3797,64
237696,Mouse,4851,65
237741,Mouse,4848,65
237756,Mouse,3537,64
237955,Mouse,4974,69
237964,Mouse,4126,64
238018,Mouse,3515,64
238219,Mouse,4778,73
238316,Mouse,5557,71
238368,Mouse,4448,74
238391,Mouse,5334,82
238445,Mouse,5573,85
238477,Mouse,3042,90
238505,Mouse,3502,97
238532,Mouse,5657,106
238571,Elephant,294477,907
238578,Mouse,5470,117
238591,Mouse,3942,115
238601,Elephant,255411,853
238659,Mouse,4455,70
238688,Mouse,5770,68
238689,Mouse,4098,68
238735,Elephant,113493,567
238741,Mouse,4893,65
238787,Mouse,5839,67
238872,Mouse,4444,65
238916,Mouse,3382,65
238921,Mouse,4740,65
238946,Mouse,3455,64
238951,Mouse,3011,64
238979,Mouse,5780,71
239003,Mouse,3397,64
239036,Mouse,3553,66
239085,Mouse,3160,64
239105,Mouse,4662,65
239123,Mouse,3453,72
239171,Mouse,4671,76
239174,Mouse,3449,81
239204,Mouse,5372,71
239303,Mouse,3091,65
239358,Mouse,4123,67
239379,Mouse,5142,71
239433,Mouse,4618,74
239464,Mouse,3155,75
239544,Mouse,5227,85
239609,Mouse,5174,95
239695,Elephant,582171,1328
239744,Elephant,175965,697
239753,Mouse,5142,81
239825,Mouse,4956,65
239836,Mouse,4267,67
239837,Mouse,4188,68
239960,Mouse,5559,66
239978,Mouse,5072,69
240074,Mouse,4211,67
240147,Mouse,3187,70
240205,Mouse,3775,67
240343,Mouse,5700,75
240376,Mouse,3156,75
240520,Mouse,5648,87
240573,Mouse,5395,97
240584,Mouse,4668,100
240627,Mouse,5584,106
240668,Elephant,524485,1295
240732,Elephant,432716,1155
240762,Mouse,4748,66
240773,Mouse,3245,65
240841,Mouse,4386,75
240865,Mouse,4527,67
240890,Mouse,5355,77
241033,Mouse,4400,65
241124,Mouse,4461,72
241133,Mouse,4221,68
241176,Mouse,4697,76
241188,Mouse,3044,73
241203,Mouse,4296,79
241370,Mouse,3625,96
241431,Elephant,206830,765
241478,Mouse,4551,117
241548,Mouse,4752,110
241615,Mouse,3565,105
241618,Mouse,3338,107
241628,Mouse,5610,113
241705,Mouse,5527,124
241770,Mouse,4399,128
241864,Mouse,3318,132
241953,Mouse,4538,148
241960,Mouse,5452,153
241968,Mouse,5018,158
241990,Elephant,488193,1457
242053,Mouse,3038,148
242121,Mouse,4117,119
242177,Elephant,430600,1415
242201,Elephant,38742,418
242225,Mouse,4341,83
242230,Mouse,5542,84
242235,Mouse,4711,86
242265,Mouse,5001,83
242340,Mouse,4495,76
242349,Elephant,265881,1150
242421,Mouse,3927,69
242594,Mouse,4938,69
242646,Mouse,3916,72
242669,Mouse,5807,71
242703,Elephant,426865,1369
242746,Mouse,5638,66
242828,Mouse,5752,66
242839,Mouse,4197,64
242877,Mouse,4259,65
242954,Mouse,4556,65
243051,Mouse,3677,64
243169,Mouse,4158,67
243171,Mouse,4467,67
243371,Mouse,3015,64
243394,Elephant,75895,372
243530,Mouse,5670,68
243547,Mouse,4422,65
243593,Mouse,5239,66
243648,Mouse,5243,65
243682,Mouse,4526,65
243720,Mouse,5096,72
243731,Mouse,5780,66
243774,Mouse,4526,75
243864,Mouse,3513,72
243988,Mouse,3441,68
244010,Mouse,3220,69
244094,Mouse,3579,71
244095,Mouse,4189,72
244113,Mouse,3476,82
244201,Mouse,3756,76
244221,Mouse,4937,87
244292,Mouse,5377,97
244371,Mouse,5569,106
244376,Mouse,4590,110
244432,Mouse,4656,121
244472,Mouse,3795,120
244488,Mouse,5382,122
244524,Elephant,484944,1230
244533,Mouse,4684,122
244590,Mouse,3101,88
244600,Mouse,4842,86
244634,Mouse,3211,69
244684,Mouse,4863,74
244744,Mouse,3568,73
244760,Mouse,5204,79
244776,Mouse,4038,81
244836,Mouse,5617,83
244841,Mouse,3030,83
244950,Mouse,4989,65
245005,Mouse,4812,70
245066,Mouse,3306,67
245183,Mouse,5491,66
245206,Mouse,3810,64
245314,Elephant,362607,1335
245357,Mouse,3781,64
245432,Mouse,3092,64
245469,Mouse,3371,64
245525,Mouse,3213,64
245604,Mouse,4888,65
245624,Mouse,5831,71
245629,Mouse,3560,74
245785,Mouse,5809,67
245837,Mouse,3879,69
245855,Mouse,4862,75
245881,Mouse,3295,70
245933,Mouse,3455,72
245936,Mouse,3211,76
245936,Mouse,3354,74
246038,Mouse,4520,83
246039,Mouse,5596,86
246086,Mouse,3838,89
246116,Mouse,5818,97
246144,Mouse,5682,104
246156,Mouse,5663,110
246176,Mouse,4247,105
246201,Mouse,5596,112
246244,Mouse,5245,120
246259,Elephant,213052,830
246310,Mouse,3177,83
246425,Mouse,5409,85
246487,Mouse,3470,92
246559,Elephant,320818,1093
246614,Elephant,465907,1231
246634,Mouse,4160,74
246718,Mouse,4074,64
246779,Mouse,4604,68
246904,Mouse,3934,67
246942,Mouse,3968,68
246947,Elephant,226249,843
246952,Mouse,4539,66
246956,Mouse,5016,66
247014,Mouse,4360,65
247078,Mouse,5542,66
247112,Mouse,5703,66
247128,Mouse,4791,65
247241,Mouse,5696,66
247249,Mouse,5077,65
247264,Mouse,5552,66
247306,Mouse,4027,65
247311,Mouse,4689,65
247433,Mouse,5081,65
247453,Mouse,3103,64
247541,Mouse,4110,64
247570,Mouse,4061,64
247693,Mouse,4672,65
247880,Mouse,5127,65
248225,Mouse,5552,66
248243,Mouse,4782,69
248281,Elephant,182077,630
248338,Mouse,5782,66
248383,Mouse,4263,66
248386,Mouse,5003,67
248401,Mouse,4894,65
248422,Mouse,3831,64
248491,Mouse,5818,66
248565,Mouse,4533,65
248630,Mouse,4807,65
248662,Mouse,3275,65
248664,Mouse,3357,65
248697,Mouse,3847,64
248737,Mouse,5622,66
248815,Mouse,3283,64
248876,Mouse,4897,65
249015,Mouse,3724,64
249051,Mouse,3786,64
249072,Mouse,4994,65
249247,Mouse,4471,65
249296,Mouse,3986,64
249367,Mouse,3805,64
249428,Mouse,3570,64
249441,Mouse,3269,64
249493,Mouse,3886,64
249523,Mouse,5605,66
249635,Mouse,5444,66
249762,Mouse,4914,69
249820,Mouse,4745,69
249834,Mouse,3913,64
249852,Mouse,3312,67
249859,Mouse,3943,69
249887,Mouse,3054,66
249902,Mouse,5437,70
249983,Mouse,3115,65
250016,Mouse,5463,68
250088,Mouse,5298,70
250146,Mouse,4846,68
250148,Elephant,133636,541
250153,Mouse,5267,66
250167,Elephant,112440,502
250224,Mouse,5579,66
250475,Mouse,3053,67
250553,Mouse,5464,69
250569,Mouse,4328,73
250587,Mouse,4797,79
250587,Mouse,4927,80
250652,Mouse,4389,69
250682,Mouse,3688,67
250694,Mouse,5573,71
250788,Mouse,3836,68
250799,Mouse,4947,72
250830,Mouse,3455,71
250864,Mouse,5026,82
250947,Mouse,4309,79
250975,Elephant,140863,599
251132,Elephant,362612,1081
251183,Mouse,3733,80
251250,Mouse,5332,76
251291,Mouse,4525,84
251297,Mouse,5362,87
251395,Mouse,3633,99
251462,Mouse,4518,104
251474,Mouse,3402,108
251622,Mouse,5690,123
251768,Mouse,4234,140
251824,Mouse,4622,152
251836,Mouse,3388,155
251914,Elephant,308386,1180
251941,Mouse,3380,150
251970,Mouse,5308,159
251986,Mouse,3060,163
251987,Mouse,3769,163
252004,Mouse,5244,159
252054,Mouse,5511,147
252194,Mouse,4663,140
252327,Mouse,3739,153
252328,Elephant,555712,1966
252338,Mouse,4981,156
252358,Mouse,3365,147
252376,Elephant,31079,399
252400,Mouse,4558,137
252424,Mouse,3904,127
252515,Mouse,5732,101
252530,Mouse,4927,101
252541,Elephant,475527,1668
252550,Mouse,4542,95
252577,Mouse,4610,93
252697,Mouse,4148,68
252700,Elephant,550415,1740
252738,Mouse,5749,70
252740,Mouse,5822,71
252787,Mouse,3689,66
252790,Mouse,5718,71
252801,Mouse,5206,73
252815,Mouse,3528,64
252976,Mouse,4840,65
252997,Mouse,4132,64
253091,Mouse,4732,67
253199,Mouse,4454,65
253211,Mouse,3161,64
253223,Mouse,5013,68
253266,Mouse,3566,68
253267,Mouse,5687,70
253356,Mouse,5688,67
253440,Mouse,4405,65
253475,Mouse,3021,64
253565,Mouse,3776,64
253570,Mouse,4324,65
253577,Elephant,328055,898
253578,Mouse,3946,68
253664,Mouse,5470,66
253697,Mouse,4241,64
253766,Mouse,4769,67
253777,Mouse,5808,66
253799,Elephant,49363,285
253805,Mouse,3900,65
253905,Mouse,4195,67
253930,Mouse,4765,65
253976,Mouse,3005,63
254036,Mouse,5476,72
254106,Mouse,4851,65
254114,Mouse,5453,69
254140,Mouse,5146,72
254149,Mouse,3796,73
254151,Mouse,4023,74
254204,Mouse,5083,68
254372,Mouse,4637,81
254374,Mouse,4940,82
254392,Mouse,5036,83
254465,Elephant,195125,712
254472,Mouse,4073,78
254475,Mouse,3261,79
254550,Mouse,3685,67
254562,Mouse,4714,66
254587,Mouse,3419,71
254641,Mouse,3633,74
254698,Mouse,4197,73
254838,Mouse,5702,86
254866,Mouse,3802,91
254874,Mouse,4760,96
254881,Mouse,4668,99
254918,Mouse,4376,113
254955,Mouse,4546,124
254996,Elephant,592789,1339
255015,Mouse,4126,92
255040,Mouse,5414,80
255048,Mouse,5588,78
255052,Mouse,4462,67
255142,Elephant,245883,860
255170,Mouse,4707,71
255172,Elephant,107945,733
255179,Mouse,3572,67
255332,Mouse,4011,65
255470,Mouse,5138,69
255481,Mouse,5214,68
255613,Mouse,3528,67
255635,Mouse,5159,69
255750,Mouse,4010,72
255787,Elephant,200040,688
255813,Mouse,4054,74
255868,Elephant,322309,873
255923,Mouse,5305,72
255935,Mouse,4611,65
255994,Mouse,5425,65
256127,Mouse,3359,66
256184,Mouse,3815,66
256232,Mouse,3177,68
256233,Mouse,4476,67
256243,Mouse,4870,70
256328,Mouse,3117,65
256340,Mouse,4449,65
256385,Mouse,3601,67
256426,Mouse,5409,74
256432,Mouse,3390,71
256460,Mouse,5478,82
256542,Mouse,4897,82
256551,Mouse,4114,85
256669,Mouse,5230,95
256692,Mouse,5207,97
256714,Elephant,324492,954
256733,Mouse,4717,99
256749,Mouse,3279,90
256833,Mouse,4880,78
256860,Mouse,4137,76
256997,Mouse,4298,101
257020,Mouse,3853,109
257075,Mouse,3779,126
257203,Mouse,3886,129
257261,Mouse,3601,135
257278,Elephant,242260,995
257296,Mouse,5599,143
257376,Mouse,3847,129
257430,Mouse,3480,121
257532,Mouse,5449,137
257561,Elephant,480167,1429
257621,Mouse,4630,126
257672,Mouse,3605,121
257743,Mouse,5379,104
257773,Mouse,4968,96
257842,Elephant,184693,1002
257955,Mouse,3886,71
258011,Mouse,4341,79
258019,Mouse,5814,84
258075,Elephant,500822,1757
258104,Mouse,3713,98
258121,Mouse,3698,78
258150,Mouse,5567,81
258161,Elephant,147595,743
258224,Mouse,5102,74
258430,Mouse,5061,78
258488,Mouse,5253,83
258512,Mouse,5241,81
258544,Elephant,432014,1712
258601,Mouse,5672,71
258635,Mouse,4328,67
258750,Mouse,4615,67
258757,Mouse,5688,72
258776,Mouse,4220,80
258808,Mouse,3514,74
258880,Mouse,3875,71
258903,Mouse,5230,77
258952,Mouse,4244,82
258982,Elephant,368725,1038
258994,Mouse,3675,80
259028,Elephant,299168,917
259041,Mouse,5070,68
259114,Mouse,3864,64
259153,Mouse,5659,66
259214,Mouse,3333,64
259572,Mouse,4942,65
259619,Mouse,3896,65
259621,Mouse,4633,67
259651,Mouse,4021,70
259675,Mouse,4167,64
259747,Mouse,3262,64
259780,Mouse,3104,70
259811,Elephant,43320,276
259882,Mouse,4817,65
260085,Elephant,154498,587
260141,Mouse,3527,64
260150,Mouse,3144,66
260160,Elephant,124130,504
260204,Mouse,3162,67
260282,Mouse,5163,65
260336,Mouse,4924,65
260369,Mouse,4139,64
260403,Mouse,3330,64
260410,Mouse,5577,66
260454,Mouse,5097,66
260538,Mouse,4278,65
260609,Elephant,103086,454
260669,Mouse,4547,65
260694,Mouse,3270,64
260703,Mouse,3945,64
260844,Mouse,5535,66
260860,Mouse,5049,65
260966,Mouse,4031,64
260992,Mouse,3594,64
261038,Mouse,4066,64
261069,Mouse,3353,67
261073,Mouse,4322,65
261087,Mouse,4183,68
261095,Mouse,3637,71
261159,Mouse,5135,68
261233,Mouse,4565,66
261368,Mouse,4415,68
261459,Mouse,3627,70
261530,Mouse,3779,79
261569,Elephant,248647,784
261618,Mouse,5776,74
261626,Mouse,4209,67
261655,Mouse,4903,71
261667,Mouse,5672,72
261743,Mouse,3875,70
261822,Mouse,4893,74
261861,Mouse,4365,75
261903,Mouse,5249,84
261965,Mouse,4924,88
262019,Mouse,3135,86
262057,Elephant,480998,1166
262145,Mouse,4566,65
262157,Mouse,3052,68
262223,Mouse,4054,74
262246,Mouse,3208,66
262256,Mouse,4547,71
262337,Elephant,501240,1197
262386,Mouse,3211,64
262547,Mouse,4267,68
262709,Mouse,5555,69
262770,Elephant,110819,512
262783,Mouse,5787,66
262838,Mouse,3371,66
262860,Mouse,5499,66
262868,Mouse,5201,65
262880,Mouse,3145,67
262889,Mouse,3727,67
262904,Mouse,4271,65
262997,Mouse,4139,71
263008,Mouse,4883,70
263036,Mouse,5703,73
263046,Mouse,3808,70
263149,Elephant,540519,1202
263239,Mouse,4622,65
263262,Mouse,5111,69
263384,Mouse,5271,70
263455,Mouse,3549,76
263555,Mouse,4807,73
263567,Elephant,130090,564
263570,Mouse,3441,79
263575,Mouse,3749,76
263619,Elephant,225586,750
263659,Mouse,4775,65
263827,Mouse,3245,64
263891,Mouse,3513,66
263956,Mouse,4998,73
263973,Elephant,170537,637
263974,Mouse,3140,66
264027,Mouse,4078,66
264029,Mouse,3280,66
264102,Mouse,4334,68
264129,Mouse,5406,69
264217,Elephant,209374,781
264288,Mouse,3404,64
264298,Mouse,4852,65
264445,Mouse,3674,64
264573,Mouse,4787,69
264579,Mouse,5071,68
264643,Mouse,5168,65
264710,Mouse,5669,66
264732,Mouse,5621,66
264753,Mouse,4053,65
264891,Mouse,4822,65
264936,Mouse,4659,66
264974,Mouse,3253,66
265012,Elephant,293216,812
265037,Mouse,5405,65
265083,Mouse,4335,65
265542,Mouse,3402,66
265685,Mouse,4567,69
265725,Mouse,4839,70
265741,Mouse,3607,73
265805,Mouse,5824,81
265811,Mouse,5746,83
265823,Mouse,3806,74
265872,Mouse,5730,82
265929,Mouse,3849,81
265995,Mouse,4581,85
266004,Elephant,220814,772
266032,Mouse,4577,82
266047,Mouse,5145,84
266063,Elephant,336564,928
266107,Mouse,4267,68
266252,Mouse,4633,69
266297,Mouse,5507,70
266371,Mouse,5238,69
266422,Mouse,3010,70
266480,Elephant,240817,774
266497,Mouse,3691,67
266506,Mouse,4780,72
266582,Mouse,3641,67
266589,Mouse,5784,72
266754,Mouse,3442,65
266762,Mouse,4991,68
266868,Mouse,5601,71
266870,Mouse,4651,72
266949,Mouse,3848,73
266976,Mouse,5617,72
267016,Mouse,5343,73
267120,Mouse,4872,73
267241,Elephant,553944,1203
267323,Mouse,4063,64
267361,Mouse,3211,64
267367,Mouse,4270,66
267494,Mouse,4420,65
267506,Mouse,4911,68
267534,Mouse,3788,64
267567,Mouse,5063,72
267623,Mouse,3738,72
267629,Mouse,5752,75
267668,Mouse,3816,69
267695,Mouse,4752,70
267755,Mouse,5378,74
267785,Mouse,5363,68
267793,Elephant,592877,1251
267853,Mouse,4462,65
267952,Mouse,3483,64
268103,Mouse,5379,65
268247,Mouse,5236,65
268386,Mouse,3721,64
268460,Mouse,5451,69
268460,Mouse,4814,69
268491,Mouse,3225,64
268513,Mouse,4173,64
268557,Mouse,4900,66
268628,Mouse,4977,65
268633,Mouse,5599,66
268695,Mouse,3172,64
268708,Mouse,4575,65
268737,Mouse,3795,64
268755,Mouse,3867,64
268772,Mouse,3320,66
268777,Mouse,4328,69
268805,Mouse,5388,65
268841,Mouse,5635,66
268903,Mouse,4667,65
268993,Mouse,5718,66
269054,Mouse,5171,69
269110,Mouse,4451,65
269151,Mouse,4472,73
269385,Mouse,4679,69
269526,Mouse,4384,78
269593,Mouse,5453,89
269607,Elephant,133743,578
269615,Mouse,5679,91
269662,Mouse,4523,80
269689,Mouse,3330,81
269733,Mouse,3212,74
269757,Elephant,308496,899
269882,Mouse,3084,65
269952,Mouse,5383,70
269959,Elephant,372382,984
269960,Mouse,3071,70
270019,Mouse,5446,66
270283,Mouse,5456,66
270297,Mouse,3034,64
270361,Mouse,3554,67
270380,Mouse,4312,65
270387,Mouse,3957,64
270565,Elephant,196968,667
270582,Mouse,3448,66
270592,Mouse,4442,65
270637,Mouse,4950,70
270639,Mouse,4796,70
270665,Mouse,3879,65
270670,Mouse,4726,69
270675,Mouse,4426,72
270849,Mouse,5578,69
271204,Mouse,3388,89
271211,Mouse,3887,92
271243,Mouse,5662,102
271430,Mouse,3949,116
271444,Mouse,3290,118
271463,Elephant,394231,1116
271548,Mouse,3186,85
271588,Mouse,4267,86
271605,Elephant,338423,1065
271643,Mouse,5578,100
271646,Mouse,4724,101
271704,Mouse,4708,79
271768,Elephant,36321,295
271781,Mouse,4581,79
271872,Mouse,5807,81
271903,Mouse,3589,81
271951,Mouse,4161,86
272056,Elephant,584375,1443
272062,Mouse,4252,83
272194,Mouse,4570,72
272208,Elephant,141815,644
272489,Mouse,5230,68
272498,Mouse,5760,73
272591,Mouse,5806,71
272627,Mouse,4682,78
272634,Elephant,441213,1169
272660,Mouse,3458,70
272683,Mouse,4887,78
272698,Mouse,4722,75
272812,Mouse,3622,66
272901,Mouse,5623,70
272928,Mouse,4100,68
272928,Mouse,3064,67
272949,Mouse,4420,72
273061,Mouse,4655,65
273082,Mouse,4927,72
273085,Elephant,428314,1080
273085,Mouse,5018,74
273108,Mouse,3614,64
273130,Mouse,4107,73
273170,Mouse,5283,65
273208,Mouse,3720,64
273266,Mouse,4433,65
273375,Mouse,5750,66
273421,Mouse,5479,66
273435,Mouse,5576,66
273445,Mouse,3237,66
273524,Mouse,4089,64
273631,Mouse,4021,64
273688,Mouse,5132,65
273702,Mouse,4265,68
273863,Mouse,5684,66
273909,Mouse,4167,64
273930,Mouse,3062,66
273945,Mouse,5757,66
273984,Mouse,5730,66
273999,Mouse,3813,64
274021,Mouse,3716,68
274029,Mouse,4379,72
274072,Mouse,4102,72
274214,Mouse,5820,66
274349,Mouse,4489,68
274385,Mouse,4953,66
274407,Mouse,4159,70
274422,Elephant,464504,1172
274425,Mouse,4297,69
274488,Mouse,3733,67
274541,Mouse,5028,70
274607,Mouse,3576,64
274693,Mouse,5567,66
274738,Mouse,3877,65
274746,Mouse,4688,65
274883,Mouse,4675,65
274891,Mouse,3060,67
274923,Mouse,3471,64
274933,Elephant,355230,948
274948,Mouse,4706,68
274994,Mouse,3641,64
275066,Mouse,4274,65
275161,Mouse,4791,65
275229,Mouse,3025,64
275245,Mouse,4081,64
275252,Mouse,5263,65
275271,Mouse,3098,64
275335,Mouse,4124,64
275350,Mouse,5052,65
275420,Mouse,4044,64
275576,Mouse,3546,64
275633,Mouse,3801,64
275661,Mouse,5371,69
275661,Mouse,5357,70
275665,Mouse,3764,64
275693,Mouse,5798,66
275761,Mouse,3646,64
275794,Mouse,3516,64
275876,Mouse,3699,64
275930,Mouse,5345,65
275964,Mouse,5598,70
275970,Mouse,3339,65
276049,Mouse,3086,64
276080,Mouse,4281,65
276264,Mouse,3702,67
276276,Mouse,3786,74
276331,Mouse,5669,66
276354,Mouse,5183,70
276393,Mouse,4954,72
276396,Mouse,4926,74
276431,Mouse,3640,70
276432,Mouse,3667,70
276465,Mouse,5190,77
276468,Mouse,4962,79
276483,Elephant,172784,635
276490,Mouse,3924,65
276579,Mouse,3249,64
276611,Elephant,146335,582
276615,Elephant,61862,365
276677,Mouse,4138,64
276707,Mouse,3853,64
276811,Mouse,5226,65
276849,Mouse,5313,65
276871,Mouse,4602,65
276937,Mouse,4371,65
277008,Mouse,4304,65
277078,Mouse,3493,64
277084,Mouse,5223,65
277120,Mouse,4668,65
277205,Mouse,3227,64
277240,Mouse,4415,65
277367,Mouse,3701,64
277391,Mouse,4118,64
277425,Mouse,3427,64
277537,Mouse,4268,65
277541,Mouse,4263,65
277688,Mouse,5601,67
277693,Mouse,5310,65
277744,Mouse,5832,66
277750,Mouse,4383,65
277829,Mouse,3918,64
277840,Mouse,4545,68
277840,Mouse,4767,69
277946,Mouse,3332,67
277957,Mouse,4756,73
277963,Mouse,3732,64
278224,Mouse,5328,65
278249,Mouse,4407,67
278256,Mouse,5814,71
278270,Mouse,4052,73
278399,Mouse,3546,67
278406,Mouse,4681,65
278476,Elephant,443758,1031
278533,Mouse,3906,64
278543,Mouse,4831,65
278658,Mouse,3231,64
278791,Mouse,3584,64
278863,Mouse,5214,70
279148,Mouse,5488,66
279157,Mouse,5217,69
279425,Elephant,281995,894
279438,Mouse,4792,68
279454,Mouse,4816,71
279463,Mouse,5650,66
279487,Mouse,3079,69
279613,Mouse,5387,68
279618,Mouse,3862,66
279637,Mouse,4419,67
279669,Mouse,3927,70
279699,Mouse,5475,70
279784,Mouse,3627,69
279807,Mouse,3976,67
279992,Mouse,4823,84
280023,Mouse,4060,92
280029,Mouse,4324,96
280045,Mouse,4413,102
280071,Mouse,5561,109
280095,Mouse,5663,118
280148,Mouse,3031,127
280182,Mouse,4709,133
280321,Mouse,3480,150
280336,Mouse,3149,151
280345,Mouse,3616,155
280393,Mouse,3612,166
280407,Elephant,527809,1426
280408,Mouse,3311,171
280449,Mouse,3661,152
280462,Mouse,5699,160
280494,Mouse,5454,159
280712,Mouse,4692,137
280879,Mouse,3669,163
280908,Mouse,4323,167
281172,Elephant,470080,1686
281180,Mouse,3389,185
281237,Mouse,4365,179
281353,Mouse,3248,161
281391,Mouse,3699,161
281425,Mouse,5741,167
281501,Mouse,3986,177
281607,Mouse,3242,187
281627,Elephant,453678,1917
281640,Mouse,4086,176
281704,Mouse,4767,170
281714,Mouse,5599,171
281834,Elephant,477141,2029
281922,Elephant,412981,1959
281934,Mouse,5680,115
281964,Mouse,3681,87
281971,Mouse,4883,87
282044,Mouse,4127,65
282070,Elephant,469783,2017
282222,Mouse,3253,64
282231,Mouse,4740,65
282249,Mouse,4158,64
282395,Mouse,3878,67
282407,Mouse,5658,66
282414,Mouse,5286,65
282547,Mouse,5294,65
282579,Mouse,5403,71
282723,Mouse,5046,79
282943,Elephant,349171,925
282948,Mouse,5716,77
282960,Mouse,4909,79
283014,Mouse,4787,74
283029,Mouse,5550,73
283106,Elephant,101077,474
283122,Mouse,3232,67
283185,Mouse,3876,66
283251,Mouse,4670,68
283256,Mouse,5525,67
283274,Mouse,3432,67
283413,Mouse,5215,65
283429,Mouse,3735,64
283480,Mouse,4237,66
283541,Mouse,4667,69
283545,Mouse,3064,67
283576,Elephant,464274,1197
283612,Mouse,5492,66
283626,Mouse,4570,65
283711,Mouse,3751,64
283765,Mouse,3969,64
283920,Mouse,3104,64
283981,Mouse,4403,65
284051,Mouse,3212,64
284054,Mouse,3823,65
284103,Mouse,4943,65
284140,Mouse,3885,64
284167,Mouse,5679,66
284258,Mouse,5517,66
284340,Mouse,5072,65
284459,Mouse,5550,67
284473,Mouse,4077,64
284518,Mouse,3101,64
284543,Mouse,4139,65
284614,Mouse,4505,65
284629,Mouse,3182,64
284833,Mouse,4584,65
284836,Mouse,4023,64
284895,Mouse,3761,68
284976,Elephant,325042,880
285122,Mouse,3704,64
285133,Mouse,5324,65
285157,Mouse,5207,68
285286,Mouse,3445,68
285343,Mouse,4398,65
285354,Mouse,4146,64
285388,Mouse,3079,64
285424,Mouse,5141,75
285445,Mouse,3484,64
285564,Mouse,4730,75
285570,Mouse,5783,68
285656,Mouse,3959,74
285662,Elephant,193289,663
285681,Mouse,3696,64
285758,Mouse,5814,66
285838,Mouse,4476,65
285844,Mouse,5023,65
285933,Mouse,3309,64
286099,Mouse,4610,65
286112,Mouse,4915,69
286161,Mouse,4078,70
286205,Mouse,5663,69
286277,Mouse,4368,71
286302,Mouse,5606,71
286456,Mouse,3427,75
286468,Elephant,594723,1249
286480,Mouse,5373,77
286480,Mouse,4008,78
286591,Mouse,3701,74
286639,Mouse,4140,64
286644,Mouse,4337,67
286648,Mouse,3560,70
286669,Mouse,5707,69
286687,Mouse,5819,68
286694,Mouse,4908,72
286747,Mouse,5800,74
286755,Mouse,4930,74
286824,Elephant,328279,911
286836,Mouse,4912,65
286850,Mouse,5196,69
286963,Mouse,4914,65
287026,Mouse,4427,66
287037,Mouse,3069,68
287058,Mouse,3863,66
287245,Elephant,34257,242
287253,Mouse,4202,66
287346,Mouse,3193,68
287523,Mouse,5782,95
287570,Mouse,5689,112
287600,Mouse,3877,119
287731,Mouse,5563,142
287865,Elephant,562924,1405
287882,Mouse,4159,153
287902,Mouse,4659,138
287984,Elephant,231116,963
288034,Mouse,4979,99
288040,Mouse,5622,94
288143,Mouse,5097,84
288233,Mouse,5258,101
288360,Mouse,4626,103
288400,Mouse,3280,113
288520,Elephant,521231,1526
288541,Mouse,5493,124
288770,Mouse,4988,70
288827,Mouse,5689,78
288873,Mouse,4412,86
288879,Mouse,5034,86
288895,Mouse,5782,92
288930,Mouse,3394,96
288975,Mouse,3992,98
288998,Mouse,5547,102
289011,Elephant,548430,1608
289102,Elephant,458542,1625
289109,Mouse,4912,67
289237,Mouse,3621,65
289360,Mouse,4328,66
289447,Mouse,5336,70
289580,Mouse,3606,67
289963,Mouse,5178,114
290005,Mouse,4153,121
290224,Mouse,3743,148
290263,Mouse,3079,154
290304,Mouse,3910,160
290340,Mouse,5427,178
290377,Mouse,5389,184
290422,Mouse,5362,185
290447,Mouse,5748,191
290494,Mouse,3391,188
290518,Mouse,3095,180
290565,Elephant,534958,1570
290573,Mouse,3324,154
290722,Elephant,245490,1225
290842,Mouse,3195,118
290845,Elephant,448251,1555
290858,Elephant,453945,1814
290921,Mouse,4245,64
290962,Mouse,5037,70
290980,Mouse,4495,69
291012,Mouse,5132,65
291095,Mouse,5838,77
291109,Mouse,4838,68
291164,Mouse,4562,70
291208,Mouse,5671,72
291256,Mouse,5128,81
291314,Mouse,5810,80
291366,Mouse,3446,78
291516,Mouse,4524,98
291546,Elephant,280208,1054
291586,Mouse,3670,84
291632,Mouse,4932,81
291638,Mouse,5437,83
291694,Elephant,338943,1078
291739,Mouse,5768,67
291838,Elephant,328800,1130
291867,Mouse,4204,68
291917,Mouse,4094,64
292091,Mouse,3472,64
292144,Mouse,4679,65
292209,Mouse,4207,70
292212,Mouse,5537,73
292365,Mouse,4187,64
292433,Elephant,203256,680
292511,Mouse,5549,66
292563,Mouse,4714,65
292620,Mouse,3922,64
292652,Mouse,3492,64
292655,Mouse,3652,64
292683,Mouse,4780,65
292752,Mouse,5789,67
292755,Mouse,4763,67
292785,Mouse,4173,66
292792,Mouse,3687,69
292807,Mouse,4049,66
292808,Mouse,3352,66
292883,Mouse,4845,65
292907,Mouse,5348,65
292958,Mouse,3536,67
293008,Mouse,3662,69
293110,Mouse,5416,65
293143,Mouse,4455,67
293257,Mouse,5453,67
293267,Mouse,3949,68
293274,Mouse,4381,74
293298,Mouse,5213,65
293319,Mouse,4367,75
293332,Mouse,4296,65
293428,Mouse,4777,66
293433,Mouse,5327,68
293443,Mouse,4534,68
293446,Elephant,228658,725
293649,Mouse,3313,64
293683,Mouse,3050,64
293709,Mouse,5246,69
293721,Mouse,3701,65
293723,Mouse,3746,66
293747,Mouse,4512,67
293792,Mouse,3651,69
293805,Mouse,4554,65
293850,Mouse,4925,69
293876,Mouse,3589,66
293898,Mouse,3388,67
294190,Mouse,4552,69
294220,Elephant,270231,800
294297,Mouse,5325,65
294370,Mouse,3801,67
294421,Mouse,4664,72
294470,Mouse,4961,72
294659,Elephant,285873,836
294683,Mouse,4780,65
294788,Mouse,5549,67
294986,Mouse,3684,68
295049,Elephant,122020,513
295056,Mouse,5331,75
295206,Mouse,4526,68
295277,Mouse,3917,72
295300,Mouse,5804,78
295340,Mouse,4684,80
295382,Elephant,227317,749
295421,Mouse,5003,80
295502,Mouse,5005,70
295575,Mouse,5304,67
295591,Mouse,4331,65
295661,Mouse,4149,71
295672,Mouse,4242,76
295717,Mouse,4582,75
295733,Mouse,4033,74
295736,Mouse,4901,79
295791,Mouse,4971,80
295831,Mouse,3948,83
295837,Mouse,4930,84
295866,Elephant,395643,1319
295948,Mouse,4239,67
296018,Elephant,473180,1139
296023,Mouse,4325,66
296077,Mouse,3472,64
296131,Mouse,4578,65
296182,Mouse,3174,64
296278,Mouse,5775,66
296313,Mouse,5238,65
296384,Mouse,5251,69
296388,Mouse,5304,66
296549,Mouse,3959,67
296704,Mouse,3341,66
296712,Mouse,3431,68
296833,Mouse,5515,67
296902,Mouse,4462,74
296918,Mouse,5701,78
296937,Mouse,4507,80
296948,Mouse,4739,84
296962,Mouse,3705,92
297078,Mouse,5676,87
297149,Mouse,3915,96
297205,Mouse,5817,85
297206,Mouse,4997,86
297230,Mouse,3385,92
297244,Elephant,394602,1103
297295,Elephant,325166,953
297307,Mouse,3731,71
297322,Mouse,4331,69
297391,Elephant,112064,571
297414,Mouse,4281,65
297430,Elephant,41108,253
297578,Mouse,5451,71
297675,Mouse,4714,65
297842,Mouse,4493,74
297889,Mouse,5432,73
298046,Mouse,3412,64
298134,Mouse,4951,73
298162,Mouse,5296,75
298204,Mouse,4274,72
298228,Mouse,3754,77
298276,Mouse,4982,77
298310,Mouse,4418,85
298323,Mouse,5757,86
298326,Elephant,262810,821
298330,Elephant,358078,958
298346,Mouse,3260,72
298352,Mouse,3605,75
298380,Mouse,5443,73
298383,Mouse,3205,67
298400,Mouse,5086,65
298414,Mouse,4794,65
298466,Mouse,5043,65
298544,Mouse,4342,65
298581,Mouse,3294,64
298600,Mouse,5184,65
298631,Mouse,5098,65
298665,Mouse,4186,64
298827,Mouse,3485,64
298834,Mouse,3112,64
298865,Mouse,4727,65
298887,Mouse,3237,64
298894,Mouse,4310,65
298946,Mouse,3392,64
298951,Mouse,5110,65
299035,Mouse,5015,65
299103,Mouse,5016,65
299191,Mouse,4429,65
299256,Mouse,3931,64
299386,Mouse,5114,65
299421,Mouse,5500,66
299449,Mouse,4529,70
299546,Mouse,5186,65
299599,Mouse,3856,64
299653,Mouse,4265,66
299689,Mouse,4591,65
299712,Elephant,212758,682
299755,Mouse,4303,65
299775,Mouse,3379,66
299777,Mouse,5505,68
299906,Mouse,3882,65
299925,Mouse,5811,66
300011,Mouse,3222,65
300087,Mouse,4620,66
300211,Mouse,4580,65
300219,Mouse,5153,67
300256,Mouse,5042,66
300365,Mouse,5391,70
300409,Mouse,4573,73
300514,Mouse,4189,64
300524,Mouse,3890,67
300538,Elephant,32367,207
300557,Mouse,5418,66
300563,Mouse,4688,66
300721,Mouse,4872,69
300736,Elephant,452630,1056
300775,Mouse,4991,68
300790,Mouse,5771,66
300842,Mouse,4099,64
300871,Mouse,4849,69
300872,Mouse,5715,70
300949,Mouse,3994,64
300955,Mouse,4033,64
301071,Mouse,5219,65
301074,Mouse,3984,65
301254,Mouse,3516,64
301283,Mouse,5631,67
301530,Elephant,53234,318
301580,Mouse,3375,64
301612,Mouse,4827,65
301641,Mouse,3270,64
301653,Mouse,4069,64
301663,Mouse,5513,66
301755,Mouse,5223,68
301757,Mouse,5089,68
301822,Mouse,3110,64
301946,Mouse,5576,66
302036,Mouse,3469,64
302164,Mouse,4092,64
302194,Mouse,4640,66
302237,Mouse,4325,65
302290,Mouse,3670,64
302309,Mouse,4964,65
302327,Mouse,4188,64
302382,Mouse,3118,64
302430,Mouse,5109,65
302537,Mouse,3425,66
302562,Mouse,5671,69
302563,Mouse,5066,69
302586,Mouse,5745,70
302594,Mouse,3605,71
302643,Mouse,5018,65
302674,Mouse,4581,68
302907,Mouse,5592,68
302990,Mouse,5360,74
303048,Mouse,4323,69
303080,Mouse,5541,76
303195,Mouse,5255,85
303275,Mouse,4013,107
303287,Mouse,5571,113
303327,Mouse,3233,121
303339,Mouse,5658,126
303373,Mouse,4144,125
303411,Mouse,3243,129
303435,Mouse,3305,122
303451,Elephant,434432,1156
303490,Elephant,51621,426
303513,Mouse,4032,94
303540,Mouse,4280,87
303542,Mouse,4373,89
303587,Mouse,4054,73
303612,Elephant,395271,1137
303679,Mouse,5292,65
303714,Mouse,3431,64
303722,Mouse,4875,66
303735,Mouse,3550,67
303953,Mouse,4314,66
304013,Mouse,5064,71
304144,Mouse,3122,67
304152,Mouse,5787,73
304162,Elephant,422223,1164
304163,Mouse,4081,69
304171,Mouse,3043,71
304176,Mouse,4552,74
304294,Mouse,3666,65
304350,Mouse,3686,67
304364,Mouse,4274,65
304377,Mouse,4515,65
304383,Mouse,3349,64
304453,Mouse,4514,66
304509,Mouse,5415,67
304559,Mouse,5611,70
304619,Mouse,3712,69
304687,Mouse,3770,64
304696,Mouse,3341,67
304719,Mouse,5785,71
304732,Mouse,5292,67
304749,Mouse,3998,68
304801,Elephant,268352,788
304896,Mouse,4452,69
304903,Elephant,143227,556
304966,Mouse,4420,65
304981,Mouse,4292,65
305291,Mouse,5360,65
305403,Mouse,4659,65
305557,Mouse,3789,64
305575,Mouse,5309,65
305747,Mouse,5056,65
305783,Mouse,3171,64
305789,Mouse,5773,66
305933,Mouse,3741,67
305949,Mouse,4705,71
305967,Mouse,3841,64
306007,Mouse,5033,65
306015,Elephant,195849,666
306017,Mouse,4408,67
306182,Mouse,3451,64
306214,Mouse,4013,64
306222,Mouse,5440,66
306328,Mouse,4487,65
306376,Mouse,3383,64
306400,Mouse,3536,64
306434,Mouse,3595,64
306457,Mouse,4409,65
306489,Mouse,5834,66
306492,Mouse,3869,65
306687,Mouse,4870,65
306805,Mouse,4444,65
306914,Mouse,3711,64
307022,Mouse,3399,64
307129,Mouse,4710,68
307160,Mouse,3817,64
307174,Mouse,3174,69
307206,Mouse,3240,66
307318,Mouse,4743,69
307347,Mouse,3507,66
307463,Mouse,5649,66
307483,Elephant,188119,640
307503,Mouse,4985,73
307504,Mouse,3881,71
307530,Mouse,5267,67
307551,Mouse,4885,74
307566,Mouse,4725,65
307624,Elephant,135236,546
307874,Mouse,5809,66
307878,Mouse,5022,66
307883,Mouse,5276,66
308031,Mouse,3830,64
308056,Mouse,3757,64
308130,Mouse,4098,64
308200,Mouse,3530,65
308203,Mouse,5475,67
308247,Mouse,3146,64
308344,Mouse,4338,65
308390,Mouse,3377,64
308444,Mouse,3141,64
308451,Mouse,5299,65
308494,Mouse,4770,66
308540,Mouse,3717,68
308541,Mouse,4176,69
308568,Mouse,4994,65
308691,Mouse,4437,65
308718,Mouse,5281,65
308740,Mouse,4749,65
308764,Mouse,3571,65
308765,Mouse,3039,66
308802,Mouse,3347,65
308805,Mouse,4934,67
308847,Mouse,4281,66
309042,Mouse,4575,65
309074,Mouse,3771,65
309077,Mouse,4790,67
309287,Mouse,5409,66
309377,Mouse,4084,71
309443,Mouse,4833,69
309460,Mouse,5356,74
309483,Mouse,4202,77
309541,Mouse,4713,90
309725,Mouse,3302,90
309805,Elephant,379598,1079
309808,Mouse,4176,106
309822,Mouse,4550,110
309848,Mouse,5139,116
309925,Mouse,5831,116
309959,Mouse,4008,108
310036,Mouse,4906,123
310067,Mouse,4940,129
310146,Mouse,4780,142
310153,Mouse,5394,146
310214,Mouse,5608,148
310243,Mouse,4984,157
310367,Elephant,382148,1281
310451,Mouse,4506,133
310476,Elephant,102919,793
310482,Mouse,4766,138
310520,Mouse,5776,122
310529,Elephant,382303,1343
310568,Mouse,3732,110
310628,Mouse,5516,71
310641,Elephant,252160,1228
310672,Mouse,3222,69
310757,Mouse,5173,71
310858,Mouse,5261,65
310947,Mouse,5729,68
311019,Mouse,5558,79
311107,Mouse,4239,86
311230,Mouse,4401,96
311280,Mouse,4065,101
311294,Mouse,3527,106
311323,Elephant,483486,1474
311354,Mouse,4193,108
311370,Mouse,3767,95
311393,Mouse,5390,92
311413,Mouse,4222,72
311422,Mouse,3234,73
311448,Mouse,5520,71
311456,Mouse,5219,75
311485,Mouse,5209,82
311513,Elephant,357192,1101
311546,Mouse,3012,72
311581,Mouse,5813,66
311624,Mouse,3138,64
311674,Elephant,221816,831
311775,Mouse,4462,65
311779,Mouse,3759,67
311782,Mouse,5534,68
311801,Mouse,4000,64
311816,Mouse,5667,66
311831,Mouse,4485,65
311849,Mouse,4029,64
311939,Mouse,5595,66
312019,Mouse,4349,65
312108,Mouse,5027,65
312127,Mouse,5549,66
312167,Mouse,5568,66
312192,Mouse,3227,64
312347,Mouse,5146,65
312426,Mouse,4590,65
312517,Mouse,4096,64
312530,Mouse,3716,64
312555,Mouse,3623,64
312569,Mouse,4536,65
312584,Mouse,3608,64
312639,Mouse,5134,65
312825,Mouse,4686,68
312869,Mouse,5720,69
312955,Mouse,5645,70
312993,Mouse,5219,69
313051,Mouse,3830,70
313088,Mouse,4220,67
313107,Mouse,3978,76
313297,Mouse,5318,90
313317,Mouse,3060,91
313362,Mouse,3709,101
313431,Mouse,4422,117
313432,Mouse,4162,118
313512,Mouse,4841,123
313582,Mouse,5712,138
313736,Elephant,363861,1153
313797,Elephant,355075,1170
313843,Mouse,3691,89
313871,Mouse,3514,69
313881,Mouse,4504,74
313924,Elephant,270887,1068
313970,Mouse,3732,64
313990,Mouse,5661,69
314053,Mouse,3831,73
314095,Mouse,5058,70
314100,Mouse,4178,74
314117,Mouse,3473,68
314172,Elephant,65675,390
314322,Mouse,4607,68
314341,Mouse,5345,70
314388,Elephant,466437,1305
314404,Mouse,4839,65
314417,Mouse,3567,65
314434,Mouse,5460,66
314544,Mouse,3118,64
314691,Mouse,5493,66
314696,Mouse,5002,65
314724,Mouse,5241,65
314740,Mouse,5481,66
314919,Mouse,3460,64
315026,Mouse,4235,64
315070,Mouse,3676,68
315071,Mouse,4348,69
315177,Elephant,52611,320
315191,Mouse,3499,67
315203,Mouse,4968,65
315360,Mouse,5332,67
315397,Mouse,3320,67
315422,Mouse,3253,64
315485,Elephant,145741,548
315542,Mouse,3640,67
315605,Mouse,5397,65
315622,Mouse,4523,68
315638,Mouse,4679,70
315698,Mouse,3059,65
315699,Mouse,4088,67
315704,Mouse,3342,66
315706,Mouse,4749,68
315715,Mouse,3136,66
315722,Mouse,3090,68
315734,Mouse,5187,69
315764,Mouse,5342,69
315776,Mouse,4674,72
315823,Mouse,4008,71
315874,Mouse,4367,69
315904,Mouse,4860,67
315999,Mouse,3417,68
316068,Elephant,545894,1157
316100,Mouse,4144,64
316153,Mouse,4548,65
316183,Mouse,3148,64
316197,Mouse,4663,65
316288,Mouse,4879,65
316387,Mouse,3163,67
316538,Mouse,4673,65
316565,Mouse,4896,68
316616,Mouse,3394,70
316649,Mouse,3590,68
316789,Mouse,4989,80
316825,Mouse,4735,80
316857,Mouse,3703,93
316878,Mouse,5215,99
317084,Mouse,5439,131
317089,Elephant,508153,1245
317293,Mouse,5027,114
317324,Mouse,4345,125
317345,Mouse,5384,135
317410,Mouse,5403,146
317420,Mouse,3452,151
317569,Mouse,4239,161
317647,Mouse,5387,171
317749,Mouse,5662,190
317819,Mouse,5225,194
317823,Elephant,71804,735
317894,Mouse,4671,212
317905,Elephant,310273,1368
317933,Mouse,3389,215
317942,Mouse,4360,222
318004,Mouse,5386,210
318017,Mouse,5377,206
318043,Mouse,4400,197
318108,Mouse,4922,185
318207,Mouse,5461,175
318290,Elephant,347605,1631
318318,Mouse,5745,172
318328,Mouse,3126,172
318456,Mouse,4958,142
318912,Mouse,5787,191
318931,Mouse,3754,196
318940,Mouse,4168,202
318970,Mouse,4161,207
319007,Mouse,5695,217
319061,Elephant,550848,2392
319099,Mouse,5313,223
319110,Mouse,3752,222
319125,Mouse,4417,223
319197,Mouse,5817,211
319200,Elephant,565707,2440
319209,Mouse,4825,182
319210,Mouse,4139,178
319231,Elephant,471400,2416
319237,Mouse,5427,163
319284,Mouse,4498,128
319310,Mouse,3468,107
319379,Mouse,5423,84
319416,Elephant,283912,1756
319685,Mouse,3627,68
319723,Elephant,320393,1437
319765,Mouse,4282,91
319778,Mouse,4440,79
319789,Mouse,5671,88
319876,Mouse,4486,76
319886,Mouse,5078,81
319900,Mouse,4351,79
320031,Mouse,3803,83
320066,Mouse,3848,93
320108,Mouse,4110,103
320175,Mouse,5541,116
320225,Elephant,431568,1742
320324,Mouse,4777,87
320337,Mouse,4115,80
320371,Mouse,5045,89
320444,Mouse,3599,89
320521,Mouse,3487,102
320559,Elephant,194993,938
320604,Mouse,3902,112
320667,Mouse,3279,104
320678,Mouse,3728,96
320686,Mouse,4263,101
320763,Mouse,3566,116
320882,Mouse,4895,138
320891,Mouse,4658,143
320925,Mouse,3857,147
321031,Elephant,86017,669
321033,Mouse,3906,165
321099,Elephant,456999,1493
321106,Elephant,58369,572
321113,Mouse,5204,139
321182,Elephant,475333,1525
321204,Mouse,4429,83
321215,Mouse,5705,72
321301,Mouse,5297,70
321410,Mouse,5206,69
321482,Mouse,5719,76
321559,Mouse,3203,73
321601,Mouse,5618,78
321623,Mouse,4347,84
321641,Mouse,3986,89
321760,Elephant,262264,1032
321768,Mouse,3156,88
321802,Mouse,4834,85
321849,Mouse,4944,72
322042,Mouse,3427,84
322065,Elephant,504808,1430
322071,Mouse,5336,80
322145,Mouse,3302,64
322320,Elephant,351627,1000
322324,Mouse,4959,68
322411,Mouse,3732,64
322444,Mouse,5410,70
322466,Mouse,4459,65
322520,Mouse,3504,67
322547,Mouse,3391,64
322582,Mouse,5695,70
322594,Mouse,3931,64
322633,Mouse,5556,75
322674,Mouse,4641,69
322722,Mouse,3210,67
322790,Mouse,5053,69
322794,Elephant,314237,887
322816,Mouse,5524,66
322853,Mouse,4426,65
322981,Mouse,3997,64
323009,Mouse,5613,66
323040,Mouse,3122,64
323071,Mouse,5247,65
323204,Mouse,5722,66
323224,Mouse,5538,66
323245,Mouse,3694,64
323254,Mouse,5573,66
323270,Mouse,3978,64
323299,Mouse,4998,66
323385,Mouse,3648,64
323412,Mouse,3733,64
323430,Mouse,3733,64
323532,Mouse,4440,65
323627,Mouse,4808,66
323694,Mouse,4872,65
323804,Mouse,3315,64
323830,Mouse,4661,66
323877,Mouse,5088,65
323933,Mouse,5647,66
324081,Mouse,3597,67
324137,Mouse,3047,70
324222,Mouse,3633,67
324260,Mouse,3428,67
324321,Mouse,4315,69
324357,Mouse,5605,70
324401,Mouse,5351,69
324408,Mouse,4019,73
324494,Mouse,3215,65
324543,Mouse,4045,72
324601,Mouse,5734,86
324635,Mouse,5662,92
324661,Mouse,5373,98
324667,Mouse,3005,98
324705,Mouse,4621,108
324732,Mouse,3329,115
324755,Elephant,569414,1261
324775,Mouse,5280,100
324812,Mouse,4677,77
324826,Mouse,3643,73
324970,Mouse,4560,79
324976,Mouse,4259,81
324989,Elephant,261983,862
325024,Mouse,4354,87
325049,Mouse,5710,83
325120,Mouse,3514,76
325137,Mouse,4950,80
325149,Mouse,4229,82
325210,Elephant,187417,757
325302,Mouse,4081,67
325342,Mouse,3088,78
325409,Mouse,4899,92
325477,Mouse,4938,100
325501,Mouse,3234,108
325518,Mouse,3553,114
325582,Mouse,4771,119
325589,Elephant,171424,763
325674,Mouse,4270,100
325691,Mouse,4000,104
325722,Mouse,3256,106
325822,Mouse,4337,129
325840,Mouse,4311,130
325870,Mouse,4811,135
325953,Mouse,3026,143
326007,Mouse,3182,148
326036,Mouse,3811,151
326093,Mouse,4510,158
326118,Mouse,3408,161
326176,Mouse,4951,172
326234,Mouse,4640,180
326301,Mouse,4046,185
326317,Mouse,5627,193
326319,Elephant,304548,1308
326332,Mouse,3188,184
326356,Mouse,5333,185
326359,Elephant,565591,1751
326379,Mouse,3538,175
326420,Mouse,4131,141
326450,Mouse,3390,93
326466,Mouse,4065,99
326475,Mouse,3481,103
326535,Mouse,3518,103
326577,Mouse,4074,101
326667,Elephant,173212,1102
326707,Mouse,3884,87
326766,Mouse,5396,78
326813,Mouse,5564,80
326889,Mouse,4307,93
326931,Mouse,3449,97
327009,Elephant,533486,1754
327071,Mouse,5072,68
327086,Mouse,5659,73
327142,Mouse,3944,75
327147,Mouse,3054,77
327162,Elephant,75811,462
327168,Mouse,4223,80
327238,Mouse,3891,71
327260,Mouse,4168,68
327273,Elephant,500279,1850
327290,Mouse,4808,73
327391,Mouse,4043,64
327606,Mouse,5547,71
327693,Mouse,3455,67
327740,Mouse,5573,71
327796,Mouse,5498,82
327854,Mouse,3920,91
327896,Mouse,4661,100
327991,Mouse,4871,104
328025,Mouse,3931,111
328038,Elephant,471035,1244
328069,Mouse,4737,108
328097,Elephant,57791,421
328100,Mouse,5679,92
328118,Mouse,3408,88
328182,Mouse,3493,77
328186,Mouse,3795,79
328195,Mouse,4803,79
328280,Mouse,4262,69
328349,Mouse,3207,73
328450,Elephant,232375,859
328464,Elephant,392915,1098
328554,Mouse,3967,64
328578,Mouse,5181,65
328591,Mouse,3984,64
328617,Mouse,4488,65
328639,Mouse,3884,64
328645,Mouse,3676,64
328703,Mouse,3557,64
328721,Mouse,5319,65
328782,Mouse,3383,64
328862,Mouse,3274,64
329007,Mouse,3831,64
329111,Mouse,3339,64
329133,Mouse,5290,65
329257,Mouse,4544,65
329305,Mouse,3045,64
329354,Mouse,4046,66
329546,Mouse,4381,69
329591,Mouse,3563,64
329599,Mouse,5638,66
329671,Mouse,5008,69
329683,Mouse,3339,70
329729,Mouse,4528,69
329810,Mouse,3993,68
329866,Mouse,5697,67
329906,Mouse,5166,69
329915,Mouse,5215,68
329951,Mouse,3882,68
329992,Mouse,3237,64
330021,Mouse,5488,71
330037,Mouse,3817,65
330061,Mouse,4195,71
330187,Mouse,4780,66
330193,Mouse,5201,66
330274,Mouse,4927,76
330294,Mouse,4173,67
330375,Elephant,577728,1248
330378,Mouse,3976,69
330455,Mouse,3182,66
330538,Mouse,3604,66
330607,Mouse,5667,74
330638,Elephant,208201,699
330652,Mouse,5479,68
330744,Mouse,4348,65
330756,Mouse,3487,70
330789,Mouse,4977,66
330857,Mouse,3199,65
330886,Mouse,4534,69
330943,Mouse,4040,68
330958,Mouse,4999,65
331028,Mouse,4157,70
331036,Mouse,5402,75
331039,Mouse,3029,73
331089,Mouse,5286,79
331131,Mouse,4200,81
331236,Elephant,347544,946
331304,Mouse,3388,76
331333,Mouse,4569,69
331346,Mouse,4074,72
331372,Mouse,4711,70
331444,Mouse,3720,73
331632,Mouse,3562,76
331868,Mouse,5680,106
331926,Elephant,464798,1241
331932,Mouse,3542,113
331949,Mouse,4136,109
331991,Mouse,5594,91
332026,Mouse,5489,92
332097,Mouse,3811,79
332130,Mouse,5632,83
332165,Mouse,3052,86
332230,Mouse,4984,95
332242,Mouse,4370,98
332304,Mouse,3898,101
332312,Elephant,540035,1365
332315,Mouse,3306,99
332340,Mouse,4013,90
332359,Mouse,5048,82
332375,Mouse,5315,73
332586,Mouse,5443,70
332590,Elephant,533963,1352
332598,Mouse,3497,64
332612,Mouse,4254,64
332664,Mouse,3238,64
332712,Mouse,3132,64
332724,Mouse,4974,65
332737,Mouse,5551,66
332746,Mouse,3429,64
332832,Mouse,3699,64
332854,Mouse,4835,65
332879,Mouse,5041,65
332999,Mouse,4145,64
333021,Mouse,5775,66
333192,Mouse,3862,64
333221,Mouse,4109,64
333293,Mouse,3194,64
333330,Mouse,4636,65
333424,Mouse,5196,65
333517,Mouse,4009,64
333538,Mouse,5307,65
333607,Mouse,3760,64
333634,Mouse,3480,64
333817,Mouse,3293,64
333900,Mouse,4298,67
334317,Mouse,4841,76
334321,Elephant,110185,471
334387,Elephant,222124,727
334434,Mouse,3496,64
334445,Mouse,4709,65
334474,Mouse,4402,67
334510,Mouse,3949,71
334527,Mouse,3215,64
334572,Mouse,4359,69
334635,Mouse,4946,65
334658,Mouse,3307,67
334814,Mouse,5427,72
334818,Mouse,4897,68
334826,Mouse,3427,66
334847,Mouse,3646,71
334858,Elephant,401081,1081
334920,Mouse,5409,66
334943,Mouse,4756,68
334964,Mouse,4036,65
335031,Mouse,5550,69
335145,Mouse,3701,68
335264,Elephant,323188,878
335315,Mouse,4234,72
335323,Mouse,5221,69
335504,Mouse,4620,70
335510,Mouse,4799,73
335519,Mouse,5062,78
335529,Mouse,4799,87
335545,Mouse,4430,84
335555,Mouse,4081,86
335733,Mouse,4485,93
335810,Mouse,5558,107
335975,Mouse,3901,122
336232,Mouse,4222,146
336240,Mouse,4253,149
336279,Mouse,4079,160
336303,Mouse,3518,161
336321,Mouse,4833,171
336425,Mouse,3565,180
336438,Mouse,3493,181
336488,Mouse,5838,192
336505,Mouse,3875,191
336523,Elephant,458527,1494
336527,Mouse,5045,187
336538,Mouse,3576,170
336598,Mouse,3294,179
336610,Mouse,4753,182
336709,Mouse,5288,145
336727,Elephant,542337,1684
336833,Mouse,3026,81
336842,Elephant,493971,1662
336921,Mouse,4418,66
336966,Mouse,5341,69
337005,Mouse,5424,69
337018,Mouse,3563,65
337126,Mouse,4394,69
337134,Mouse,4035,71
337180,Elephant,471554,1591
337307,Mouse,3596,64
337338,Mouse,3937,64
337351,Mouse,3604,65
337396,Mouse,3419,64
337536,Elephant,137012,553
337594,Mouse,4441,65
337809,Mouse,4055,64
337927,Mouse,5817,66
337978,Mouse,3439,64
337983,Mouse,5660,66
338291,Mouse,4746,68
338298,Elephant,181372,632
338372,Mouse,3177,66
338374,Mouse,4978,68
338403,Mouse,4777,65
338418,Mouse,4132,69
338444,Mouse,4183,65
338470,Mouse,5119,65
338580,Mouse,3314,66
338641,Mouse,5509,67
338653,Mouse,5354,68
338683,Mouse,5248,72
338739,Mouse,3616,75
338740,Mouse,5759,82
338778,Mouse,4713,78
338808,Elephant,111022,509
338837,Mouse,5446,83
338926,Mouse,3800,67
338947,Mouse,5798,74
338986,Mouse,5264,78
339105,Mouse,5702,83
339133,Mouse,4920,90
339153,Mouse,4912,99
339305,Mouse,3880,116
339439,Mouse,3557,144
339466,Mouse,3833,148
339474,Mouse,3643,152
339549,Elephant,495607,1348
339553,Mouse,3863,156
339567,Elephant,325153,1131
339578,Mouse,3913,143
339593,Elephant,51231,500
339615,Mouse,5178,91
339650,Mouse,4670,69
339662,Elephant,234981,961
339719,Mouse,4478,68
339874,Mouse,3383,64
339902,Mouse,3432,64
340132,Mouse,4646,80
340150,Mouse,3342,87
340205,Mouse,4338,93
340242,Mouse,3343,97
340254,Mouse,4457,103
340270,Elephant,295821,1057
340281,Mouse,3405,96
340338,Mouse,4646,86
340339,Mouse,5450,85
340342,Mouse,4137,82
340462,Mouse,3751,79
340720,Mouse,5657,131
340743,Mouse,5348,137
340800,Mouse,4510,149
340866,Mouse,5429,161
340913,Mouse,4867,163
340931,Mouse,3445,162
340967,Mouse,4102,168
340998,Mouse,3641,174
341068,Mouse,3774,181
341074,Mouse,4464,183
341141,Mouse,5684,203
341192,Mouse,3808,209
341233,Mouse,5686,221
341387,Mouse,3878,251
341390,Mouse,5765,254
341395,Elephant,565681,1779
341468,Mouse,3451,232
341516,Mouse,5392,244
341546,Elephant,317810,1530
341612,Mouse,4783,223
341647,Mouse,3631,196
341723,Mouse,5520,209
341782,Elephant,41784,785
341804,Mouse,5788,186
341884,Mouse,5363,198
342023,Mouse,3722,208
342098,Mouse,3406,221
342121,Elephant,500494,2134
342137,Mouse,3782,223
342195,Mouse,4217,230
342230,Mouse,3691,227
342255,Mouse,3244,220
342288,Mouse,3911,217
342319,Mouse,5064,226
342331,Elephant,111760,1368
342336,Mouse,4889,218
342361,Mouse,5743,208
342445,Mouse,3637,190
342549,Mouse,3416,190
342572,Mouse,3656,192
342700,Mouse,4409,211
342760,Mouse,4202,220
342775,Mouse,3799,223
342819,Mouse,4156,216
342858,Elephant,439699,2454
342989,Mouse,3169,179
342990,Mouse,5335,180
343067,Mouse,4226,156
343160,Mouse,3667,167
343178,Mouse,5550,178
343188,Mouse,5619,179
343232,Elephant,161716,1515
343252,Mouse,4770,184
343258,Elephant,286312,2131
343296,Mouse,5266,144
343311,Mouse,4330,101
343347,Mouse,3923,84
343369,Mouse,3602,80
343395,Mouse,5430,87
343511,Mouse,5144,94
343600,Elephant,129133,946
343708,Mouse,4538,107
343826,Mouse,3676,108
343855,Mouse,3211,106
343866,Mouse,3096,111
343975,Elephant,481028,2166
344022,Mouse,4103,94
344085,Mouse,4920,75
344098,Elephant,273876,1254
344102,Mouse,4660,72
344203,Elephant,361954,1385
344231,Mouse,5029,67
344276,Mouse,3967,67
344291,Elephant,34704,240
344321,Mouse,3144,64
344325,Mouse,5142,66
344337,Mouse,4964,65
344378,Mouse,5435,66
344538,Mouse,4875,65
344574,Mouse,4913,65
344641,Mouse,4644,65
344709,Mouse,5308,66
344757,Mouse,5342,65
344775,Mouse,4523,65
344797,Mouse,3277,65
344807,Mouse,5559,66
344911,Mouse,5768,66
344922,Mouse,4227,68
344932,Mouse,4500,75
344940,Mouse,3770,73
344985,Mouse,3676,68
345072,Mouse,4102,64
345076,Mouse,4295,65
345256,Mouse,4907,75
345319,Mouse,5007,79
345376,Mouse,4215,81
345378,Elephant,176105,657
345402,Mouse,4985,78
345416,Mouse,3859,85
345425,Mouse,3193,81
345439,Mouse,3163,70
345485,Mouse,4241,73
345490,Mouse,3271,74
345579,Mouse,4343,72
345664,Elephant,470485,1113
345740,Mouse,4459,66
345748,Mouse,3424,64
345785,Mouse,3317,68
345787,Mouse,3223,65
345864,Mouse,5216,72
345878,Mouse,5047,77
345887,Mouse,5821,67
345968,Mouse,3236,67
345971,Mouse,3565,66
346002,Mouse,4692,69
346079,Mouse,3139,74
346119,Elephant,395114,1067
346134,Mouse,5010,67
346176,Mouse,5267,65
346186,Mouse,4558,65
346218,Mouse,4525,69
346341,Mouse,5160,68
346397,Mouse,3669,69
346443,Mouse,3575,69
346449,Mouse,3899,67
346454,Mouse,5400,69
346608,Elephant,345326,913
346613,Mouse,5795,67
346624,Mouse,5181,65
346646,Mouse,4920,66
346807,Mouse,4141,64
346876,Mouse,5090,65
346941,Mouse,5819,66
346947,Mouse,3475,64
346999,Mouse,4321,65
347063,Mouse,4993,73
347065,Mouse,5826,75
347090,Mouse,5817,66
347109,Mouse,4250,74
347201,Mouse,4822,65
347363,Mouse,5271,70
347396,Mouse,3315,64
347419,Mouse,4307,69
347428,Mouse,4220,64
347437,Mouse,4517,65
347493,Mouse,5364,67
347545,Mouse,4519,70
347601,Mouse,4427,65
347621,Elephant,222676,716
347695,Mouse,5597,66
347755,Mouse,5190,65
347817,Mouse,5308,65
347903,Mouse,3570,64
347910,Mouse,4826,68
347915,Mouse,3696,70
348014,Mouse,4598,66
348071,Mouse,4584,65
348139,Mouse,3109,67
348154,Mouse,3952,74
348227,Mouse,3606,67
348247,Mouse,5090,76
348249,Mouse,5812,75
348349,Mouse,4932,78
348419,Mouse,3007,88
348484,Mouse,4904,99
348507,Mouse,4852,106
348566,Mouse,3634,126
348827,Mouse,3933,163
348889,Mouse,5150,166
349041,Mouse,3301,180
349097,Mouse,5705,195
349120,Mouse,5045,196
349157,Mouse,3381,198
349190,Mouse,4727,204
349206,Mouse,4611,212
349213,Elephant,272858,1263
349226,Mouse,5152,210
349337,Elephant,103037,963
349385,Mouse,4402,182
349393,Mouse,4075,180
349433,Mouse,5116,166
349509,Mouse,3602,172
349612,Mouse,5137,173
349639,Mouse,5434,175
349757,Elephant,499818,1915
349829,Mouse,4609,178
349841,Elephant,454103,1855
349845,Mouse,4384,146
349848,Mouse,3565,144
349852,Mouse,5095,144
349921,Mouse,4983,102
349931,Elephant,239737,1524
349963,Mouse,3951,110
349973,Mouse,3177,93
349976,Mouse,3087,87
350008,Elephant,525978,2018
350100,Mouse,4782,69
350252,Mouse,4392,81
350299,Mouse,4976,84
350323,Mouse,4219,78
350416,Mouse,5770,82
350454,Mouse,4911,87
350549,Mouse,3047,96
350584,Mouse,3196,103
350594,Elephant,267854,1128
350639,Mouse,4463,107
350744,Mouse,4715,86
350824,Mouse,3061,92
350836,Mouse,5648,96
350891,Mouse,4555,101
350933,Mouse,4506,113
350945,Mouse,3919,114
351003,Mouse,4249,120
351054,Mouse,4224,127
351172,Mouse,4285,143
351176,Mouse,5200,146
351212,Mouse,4018,150
351277,Mouse,5123,157
351295,Mouse,5814,164
351299,Mouse,4247,164
351329,Mouse,4874,173
351389,Elephant,523118,1554
351415,Mouse,4917,178
351436,Mouse,3993,180
351475,Mouse,5607,144
351497,Mouse,5624,155
351578,Elephant,375260,1411
351780,Mouse,5202,92
351815,Elephant,563413,1690
351874,Mouse,5686,70
351951,Elephant,221488,1087
351960,Mouse,3375,64
352005,Mouse,3971,65
352016,Mouse,3516,64
352135,Mouse,3919,64
352188,Elephant,104962,491
352202,Mouse,4051,65
352230,Mouse,5015,66
352266,Mouse,3462,64
352372,Mouse,3389,64
352381,Mouse,5038,68
352403,Mouse,3167,64
352408,Mouse,3145,64
352412,Mouse,3884,64
352487,Mouse,3187,65
352531,Mouse,3334,66
352581,Mouse,4654,65
352637,Mouse,5623,67
352706,Mouse,5152,70
352812,Mouse,4707,76
352825,Mouse,3750,74
352850,Mouse,4486,89
352879,Mouse,3819,89
352959,Mouse,5080,103
352990,Mouse,5310,106
353049,Elephant,557531,1580
353112,Mouse,3567,82
353151,Mouse,4756,91
353161,Mouse,3138,83
353164,Mouse,3429,85
353241,Mouse,4623,99
353310,Mouse,5465,101
353335,Elephant,171230,782
353436,Mouse,3226,78
353541,Mouse,3848,93
353561,Mouse,5455,98
353568,Mouse,3233,100
353614,Mouse,4046,112
353753,Mouse,5518,132
353827,Mouse,5628,141
353852,Mouse,3139,143
353895,Elephant,493773,1449
353901,Mouse,3743,144
353970,Mouse,4630,119
353987,Mouse,4073,107
354029,Mouse,4343,105
354120,Elephant,270187,1164
354126,Mouse,4249,107
354213,Mouse,3114,86
354251,Mouse,3096,97
354265,Elephant,491697,1554
354275,Mouse,4363,96
354692,Mouse,3890,107
354697,Mouse,3187,110
354732,Mouse,3475,119
354794,Mouse,3272,130
354839,Mouse,4267,138
354866,Mouse,5667,141
354912,Mouse,5205,149
354920,Mouse,5023,152
354995,Mouse,5372,163
355006,Mouse,3374,166
355070,Mouse,5229,173
355104,Elephant,470155,1635
355107,Mouse,3277,166
355267,Mouse,3790,111
355308,Mouse,4606,125
355335,Mouse,5444,129
355369,Mouse,4175,139
355389,Mouse,3729,143
355402,Elephant,347913,1387
355441,Mouse,4049,150
355472,Mouse,5015,131
355477,Mouse,5292,134
355488,Mouse,4393,139
355554,Mouse,4867,114
355626,Mouse,4774,106
355743,Elephant,430335,1575
355765,Elephant,514300,1698
355871,Mouse,4730,70
355906,Mouse,3286,66
355925,Mouse,4947,65
356015,Mouse,3165,64
356046,Mouse,4622,69
356067,Mouse,3590,64
356075,Mouse,4051,65
356129,Mouse,5246,69
356243,Mouse,5016,66
356332,Elephant,300512,1153
356427,Mouse,3390,64
356490,Mouse,4956,70
356565,Mouse,4679,65
356615,Mouse,4688,69
356705,Mouse,4820,68
356886,Mouse,5534,70
356908,Mouse,4550,65
357003,Mouse,5204,69
357063,Mouse,3331,71
357109,Elephant,240660,733
357141,Mouse,4709,66
357154,Mouse,4030,68
357252,Mouse,5259,65
357308,Mouse,3975,65
357349,Mouse,5226,70
357452,Mouse,3875,64
357479,Mouse,3790,67
357554,Mouse,5690,66
357569,Mouse,5132,68
357583,Mouse,5776,66
357592,Mouse,3346,64
357643,Mouse,5411,67
357671,Mouse,4125,64
357717,Mouse,3974,64
357834,Mouse,4087,68
357843,Mouse,5030,70
358183,Elephant,441856,1032
358287,Mouse,4882,69
358312,Mouse,4676,76
358318,Mouse,4463,71
358345,Elephant,102090,480
358366,Mouse,3237,73
358401,Mouse,3846,64
358476,Mouse,3715,67
358642,Mouse,5020,72
358683,Mouse,3191,84
358733,Mouse,3714,98
358741,Mouse,3095,101
358834,Mouse,3636,107
358835,Elephant,315299,934
358930,Mouse,3485,67
358995,Elephant,249574,849
359007,Mouse,5067,70
359010,Mouse,4404,71
359185,Mouse,3329,66
359308,Mouse,3085,74
359414,Mouse,5131,71
359417,Elephant,497463,1198
359437,Mouse,5027,67
359441,Mouse,3996,64
359496,Elephant,71209,374
359507,Mouse,3039,65
359558,Mouse,5202,69
359559,Mouse,5695,69
359571,Mouse,3147,64
359641,Mouse,4170,64
359703,Mouse,3036,64
359736,Mouse,3666,64
359813,Mouse,3204,64
359866,Mouse,3665,64
359884,Mouse,5235,65
359893,Mouse,4439,65
360150,Mouse,3796,64
360181,Mouse,3692,64
360188,Mouse,5592,66
360254,Mouse,5129,65
360289,Mouse,5352,67
360291,Mouse,4389,66
360345,Mouse,3135,64
360518,Mouse,4803,65
360630,Mouse,4410,66
360641,Mouse,4708,65
360740,Mouse,3410,64
360787,Mouse,4503,65
360899,Mouse,3015,64
360930,Mouse,4542,69
361026,Mouse,3806,68
361037,Mouse,4556,65
361076,Mouse,4196,72
361115,Mouse,3320,72
361127,Mouse,3274,72
361151,Mouse,5602,73
361172,Mouse,5381,76
361226,Mouse,5299,69
361244,Mouse,3154,77
361264,Elephant,453649,1054
361295,Mouse,5172,75
361319,Mouse,4947,66
361441,Mouse,4118,64
361539,Mouse,5085,67
361550,Mouse,4152,68
361584,Mouse,4335,66
361681,Mouse,3140,67
361855,Mouse,3551,74
361870,Mouse,4047,81
361935,Mouse,4206,95
361945,Mouse,3814,99
362031,Elephant,223884,797
362059,Mouse,4713,92
362220,Mouse,3045,106
362229,Elephant,549711,1285
362238,Mouse,5656,105
362298,Mouse,3346,95
362390,Mouse,5149,82
362418,Mouse,5054,76
362489,Mouse,3081,88
362520,Elephant,240440,981
362568,Mouse,3134,85
362569,Mouse,3799,88
362614,Mouse,3543,89
362710,Mouse,5695,94
362821,Mouse,4317,105
362826,Mouse,4527,109
362838,Elephant,185180,802
362874,Elephant,180745,811
363021,Mouse,4515,72
363073,Mouse,5361,78
363082,Mouse,3204,80
363084,Elephant,286471,996
363172,Elephant,209452,1084
363199,Mouse,3109,66
363227,Mouse,5571,66
363272,Mouse,3685,64
363296,Mouse,4517,65
363336,Mouse,5185,65
363369,Elephant,106193,529
363487,Mouse,5045,65
363517,Mouse,3009,64
363549,Mouse,5100,69
363557,Mouse,4206,64
363598,Mouse,3387,66
363698,Mouse,3886,64
363758,Mouse,5635,67
363783,Mouse,3907,64
363788,Mouse,5145,65
363819,Mouse,3836,64
363827,Mouse,3197,64
363921,Mouse,4907,65
363991,Mouse,5452,70
363998,Mouse,3857,68
364045,Mouse,3629,71
364047,Mouse,5670,69
364112,Mouse,3004,67
364166,Mouse,3594,65
364186,Mouse,4270,65
364217,Mouse,3378,69
364228,Mouse,3250,71
364232,Mouse,5664,73
364240,Mouse,5084,72
364387,Mouse,4679,74
364454,Mouse,4509,76
364474,Mouse,3725,80
364506,Mouse,3531,83
364514,Mouse,4068,88
364525,Mouse,4688,94
364532,Elephant,494034,1137
364544,Mouse,3458,91
364574,Mouse,5187,90
364585,Mouse,4709,81
364594,Mouse,5521,76
364745,Mouse,4704,70
364779,Elephant,45380,311
364825,Mouse,4949,75
364887,Mouse,4969,72
364899,Mouse,4616,80
364955,Elephant,198849,740
364965,Mouse,4480,82
364999,Mouse,5781,83
365012,Mouse,4619,79
365021,Mouse,4693,71
365079,Mouse,3940,71
365170,Mouse,5353,78
365243,Mouse,4554,89
365310,Mouse,3696,95
365376,Mouse,4709,110
365406,Elephant,409681,1255
365501,Mouse,3935,94
365546,Mouse,5453,98
365626,Elephant,289719,974
365686,Mouse,4636,82
365777,Mouse,4176,81
365894,Mouse,5266,98
365936,Mouse,5687,104
366078,Mouse,4221,113
366114,Mouse,4485,119
366197,Mouse,3317,141
366209,Mouse,5296,146
366246,Mouse,4558,152
366319,Mouse,5663,163
366342,Mouse,4875,164
366407,Elephant,505239,1545
366412,Mouse,4528,164
366451,Elephant,398168,1412
366456,Mouse,5286,142
366480,Mouse,5073,115
366568,Mouse,3058,71
366608,Elephant,363505,1353
366643,Mouse,4922,68
366770,Mouse,5715,70
366813,Mouse,3457,68
366823,Mouse,4423,73
366954,Elephant,259758,1012
367003,Mouse,4023,64
367043,Mouse,5625,66
367064,Mouse,3464,64
367072,Mouse,5506,66
367146,Mouse,3787,64
367183,Mouse,3400,64
367293,Mouse,5146,65
367298,Mouse,5291,65
367303,Mouse,5371,65
367447,Mouse,4667,71
367558,Elephant,34868,233
367625,Mouse,4566,68
367716,Mouse,3017,67
367861,Mouse,5716,73
367877,Mouse,4205,76
367902,Mouse,5163,79
367956,Elephant,163878,614
367965,Mouse,3777,80
367981,Mouse,3953,85
368032,Elephant,203230,704
368038,Mouse,4835,77
368044,Mouse,5729,73
368063,Mouse,3677,67
368091,Elephant,173197,653
368114,Mouse,3128,64
368128,Mouse,5195,65
368276,Mouse,4712,65
368304,Mouse,4028,64
368308,Mouse,4161,64
368394,Mouse,3588,64
368478,Mouse,4450,65
368491,Mouse,5546,66
368609,Mouse,3165,64
368625,Mouse,5784,66
368686,Mouse,4417,65
368754,Mouse,5434,66
368985,Mouse,5790,66
369131,Mouse,5165,70
369134,Mouse,3632,69
369194,Mouse,4403,65
369211,Elephant,104415,456
369295,Mouse,3773,66
369324,Mouse,4934,68
369327,Mouse,5769,69
369352,Mouse,4823,65
369392,Mouse,3402,64
369468,Mouse,4388,69
369525,Mouse,5563,66
369532,Mouse,4580,69
369533,Mouse,5357,70
369584,Mouse,4766,73
369591,Mouse,4171,70
369606,Mouse,5312,69
369626,Mouse,4353,68
369653,Mouse,4342,75
369670,Mouse,5254,70
369705,Mouse,4667,74
369706,Mouse,5151,79
369841,Mouse,5821,68
369925,Mouse,5574,78
370196,Mouse,5212,128
370308,Elephant,160430,739
370369,Mouse,4012,131
370407,Mouse,4219,124
370441,Elephant,341972,1100
370443,Mouse,5305,133
370448,Mouse,5431,131
370473,Mouse,3308,127
370671,Elephant,566725,1442
370674,Mouse,4045,89
370770,Elephant,134614,773
370776,Mouse,3831,65
370802,Mouse,5509,70
370810,Mouse,4192,72
370886,Mouse,3467,66
370934,Mouse,3893,66
371038,Mouse,3900,73
371045,Mouse,4001,79
371069,Mouse,5830,82
371152,Mouse,5282,76
371305,Mouse,5275,82
371320,Elephant,471978,1357
371339,Mouse,3893,84
371353,Mouse,3914,89
371558,Mouse,5518,84
371597,Mouse,4375,84
371695,Elephant,274701,1161
371850,Mouse,3796,78
371925,Mouse,3265,89
372059,Mouse,5658,105
372075,Mouse,3231,108
372115,Mouse,3788,116
372143,Mouse,3839,122
372174,Mouse,5005,130
372344,Mouse,3208,138
372356,Elephant,211395,933
372362,Mouse,3736,141
372378,Mouse,3693,143
372406,Mouse,4299,150
372456,Elephant,575859,1535
372461,Mouse,4437,130
372531,Mouse,4118,82
372621,Mouse,3902,88
372634,Mouse,4432,97
372771,Mouse,3265,102
372804,Mouse,4023,118
372839,Elephant,567156,1604
372881,Mouse,4394,109
372982,Mouse,3444,83
372987,Mouse,3117,83
373009,Elephant,99135,620
373020,Mouse,4697,88
373020,Mouse,4769,89
373032,Mouse,3714,91
373073,Elephant,200203,965
373254,Mouse,5386,68
373269,Mouse,5053,69
373297,Mouse,5281,76
373412,Mouse,4393,77
373431,Mouse,4055,72
373471,Mouse,4153,81
373486,Mouse,4588,77
373530,Elephant,385770,1188
373542,Mouse,4049,75
373561,Mouse,3188,72
373575,Mouse,4870,67
373580,Mouse,4208,69
373648,Mouse,5686,70
373734,Mouse,4963,72
373737,Mouse,3477,74
373818,Mouse,3264,69
373907,Mouse,5624,75
373956,Mouse,4906,78
373986,Mouse,4513,86
374032,Mouse,5664,94
374049,Mouse,3650,94
374108,Elephant,547056,1492
374143,Mouse,4079,92
374154,Mouse,4765,80
374224,Mouse,4804,71
374283,Mouse,4168,75
374468,Mouse,4939,73
374504,Mouse,4536,83
374535,Mouse,3082,84
374555,Mouse,4220,90
374562,Mouse,3374,94
374613,Mouse,3978,97
374741,Elephant,523735,1272
374754,Mouse,4075,92
374778,Elephant,400590,1117
374788,Mouse,4091,78
374821,Mouse,3607,64
374881,Mouse,5019,69
374882,Mouse,5792,70
374951,Mouse,4280,65
374961,Mouse,3732,64
374974,Mouse,4593,69
375000,Mouse,5220,65
375023,Mouse,3147,67
375060,Mouse,3232,65
375093,Mouse,4445,65
375257,Mouse,3761,64
375306,Mouse,3566,64
375326,Mouse,3091,64
375355,Mouse,4589,66
375366,Mouse,4337,72
375600,Mouse,4407,66
375623,Mouse,5068,70
375731,Mouse,4906,76
375825,Elephant,378182,964
375892,Mouse,3558,64
375903,Elephant,51767,297
375915,Mouse,5187,65
375925,Mouse,4381,69
376022,Mouse,3529,67
376111,Mouse,5068,68
376128,Mouse,5339,65
376177,Mouse,5675,69
376178,Mouse,4034,67
376508,Mouse,4037,84
376602,Mouse,5527,100
376606,Mouse,3945,102
376616,Mouse,4244,106
376651,Mouse,3458,118
376731,Mouse,3701,121
376739,Mouse,3514,127
376778,Mouse,4838,110
376794,Elephant,570239,1331
376805,Elephant,76992,503
376817,Mouse,5312,107
376938,Mouse,3570,65
376951,Mouse,3449,72
376975,Mouse,3582,74
377085,Mouse,4095,68
377225,Mouse,5755,80
377280,Mouse,3941,93
377342,Mouse,3915,106
377366,Elephant,397703,1164
377411,Mouse,5187,94
377417,Mouse,4761,94
377456,Mouse,4347,96
377456,Mouse,4516,99
377569,Mouse,3475,71
377626,Mouse,4590,84
377651,Mouse,3177,93
377667,Elephant,522920,1378
377716,Mouse,3637,89
377779,Mouse,4148,69
377835,Mouse,5080,73
377901,Mouse,4761,75
377972,Mouse,4597,85
377993,Mouse,5395,86
378014,Mouse,4000,89
378105,Mouse,4644,101
378298,Mouse,5149,118
378418,Mouse,5174,129
378552,Elephant,236378,990
378559,Mouse,5619,133
378591,Mouse,5430,129
378621,Mouse,4511,113
378641,Mouse,3853,118
378662,Mouse,5409,125
378664,Elephant,540742,1538
378666,Mouse,3284,87
378740,Mouse,5425,70
378776,Elephant,541031,1588
378800,Mouse,4060,65
378894,Mouse,3193,64
378899,Mouse,3814,64
378933,Mouse,4037,64
378970,Mouse,4465,65
379084,Mouse,4188,64
379092,Mouse,3682,64
379426,Mouse,3138,64
379484,Mouse,3721,65
379542,Mouse,5671,72
379550,Mouse,4173,76
379570,Mouse,5495,66
379608,Mouse,4530,71
379681,Mouse,3139,66
379689,Elephant,121994,516
379712,Mouse,4417,70
379769,Mouse,5212,71
379776,Mouse,5748,70
379940,Mouse,3809,64
380097,Elephant,428519,1018
380145,Mouse,5073,65
380178,Mouse,5255,70
380262,Mouse,3419,67
380341,Mouse,3302,67
380402,Mouse,4874,69
380426,Mouse,4174,66
380447,Mouse,3847,68
380454,Mouse,5212,65
380494,Mouse,3153,72
380721,Mouse,5688,67
380810,Mouse,4852,77
380820,Mouse,4674,79
380853,Elephant,408272,1013
380872,Mouse,5072,76
381077,Mouse,3975,67
381155,Mouse,3547,72
381214,Mouse,5700,70
381254,Mouse,4702,73
381487,Elephant,276487,871
381492,Mouse,3523,92
381501,Mouse,3110,92
381545,Elephant,32739,287
381556,Mouse,3226,84
381578,Mouse,3466,94
381601,Mouse,5338,97
381646,Elephant,523281,1226
381791,Mouse,4420,68
381858,Mouse,5526,66
381932,Elephant,121048,562
381961,Elephant,124329,545
382054,Mouse,3005,63
382063,Mouse,3997,64
382090,Mouse,3202,64
382107,Mouse,5601,66
382134,Mouse,4237,68
382135,Mouse,5556,69
382202,Mouse,5699,66
382233,Mouse,3417,64
382247,Mouse,4827,66
382384,Mouse,4428,65
382416,Mouse,5807,66
382529,Mouse,5334,65
382590,Mouse,3249,64
382754,Mouse,4503,65
382774,Mouse,3847,67
382791,Mouse,4314,65
382910,Mouse,3260,64
383163,Mouse,3718,67
383170,Mouse,3734,71
383173,Elephant,209981,685
383175,Mouse,3641,73
383258,Mouse,5341,65
383271,Mouse,4958,69
383290,Mouse,5615,66
383327,Mouse,5692,66
383376,Mouse,5417,65
383411,Mouse,5351,65
383572,Elephant,139162,541
383595,Mouse,4639,66
383622,Mouse,3781,64
383666,Mouse,5175,66
383698,Mouse,4644,65
383729,Mouse,3943,69
383746,Mouse,5460,66
383802,Elephant,45098,277
383904,Mouse,4856,67
383917,Mouse,4205,64
383993,Mouse,5250,68
384002,Mouse,5318,73
384005,Mouse,3674,75
384015,Mouse,5185,72
384019,Mouse,5412,71
384070,Mouse,3395,66
384120,Mouse,3539,68
384150,Mouse,3277,66
384171,Mouse,4771,72
384246,Mouse,4907,68
384283,Mouse,3570,69
384297,Mouse,3121,70
384395,Mouse,5595,70
384487,Mouse,3451,67
384496,Mouse,3230,70
384528,Mouse,3980,67
384591,Elephant,188519,746
384608,Mouse,4009,67
384677,Mouse,4324,71
384776,Elephant,551721,1204
384877,Mouse,5606,66
385004,Mouse,5785,66
385128,Mouse,3216,64
385163,Mouse,5021,69
385167,Mouse,3071,64
385177,Mouse,3221,64
385201,Elephant,94049,420
385218,Mouse,5089,65
385232,Mouse,4046,66
385236,Mouse,5577,68
385246,Elephant,59439,334
385263,Mouse,4540,66
385318,Mouse,4008,64
385462,Mouse,5455,66
385512,Mouse,3628,64
385534,Mouse,3319,64
385549,Mouse,3183,64
385556,Mouse,5078,65
385568,Mouse,4267,65
385633,Mouse,4576,65
385636,Mouse,3252,64
385717,Mouse,5839,66
385755,Mouse,3560,64
385772,Mouse,5611,66
385777,Mouse,4249,64
385840,Mouse,3747,64
385860,Mouse,3464,64
385863,Mouse,4102,64
385871,Mouse,3270,64
385913,Mouse,5178,65
385964,Mouse,4932,70
386030,Mouse,4537,65
386174,Mouse,5384,67
386271,Mouse,3859,67
386298,Mouse,4300,65
386416,Mouse,4585,69
386419,Mouse,3589,69
386473,Mouse,4073,64
386485,Elephant,251648,760
386536,Mouse,3830,64
386544,Mouse,3190,66
386590,Mouse,5044,66
386619,Mouse,5622,66
386636,Mouse,5350,69
386657,Mouse,3219,64
386683,Mouse,4564,65
386739,Mouse,3911,67
386792,Mouse,5496,75
386798,Mouse,3885,72
386812,Mouse,3294,67
386910,Mouse,3608,68
386915,Mouse,4618,70
387158,Mouse,5827,76
387193,Mouse,3392,88
387313,Mouse,3533,97
387360,Elephant,269308,973
387380,Mouse,5289,101
387548,Mouse,4654,103
387623,Elephant,291518,994
387665,Mouse,3715,107
387712,Elephant,50426,414
387819,Mouse,4768,94
388037,Mouse,3026,125
388126,Elephant,262120,1084
388138,Mouse,4924,141
388176,Mouse,4506,152
388176,Mouse,3389,151
388198,Mouse,3438,149
388259,Mouse,5448,138
388297,Mouse,5093,129
388322,Mouse,4042,133
388354,Mouse,3685,136
388373,Elephant,114361,875
388426,Mouse,3177,138
388495,Mouse,3106,128
388512,Mouse,5221,127
388586,Mouse,4116,142
388608,Mouse,4289,148
388639,Mouse,4251,158
388692,Mouse,4898,164
388784,Mouse,5605,173
388831,Mouse,5796,177
388862,Elephant,586733,1864
388882,Mouse,4440,172
388898,Mouse,4238,172
388913,Mouse,4777,178
388949,Mouse,5004,172
388977,Elephant,47132,580
388984,Mouse,5266,161
388993,Mouse,3352,162
389019,Mouse,4187,167
389025,Mouse,4283,168
389093,Mouse,5281,147
389120,Mouse,3614,143
389148,Elephant,579858,1987
389160,Mouse,3795,131
389219,Mouse,4152,103
389224,Mouse,5797,105
389341,Elephant,72602,667
389356,Mouse,5052,97
389367,Mouse,3218,98
389413,Mouse,5498,96
389437,Mouse,3078,99
389464,Mouse,5658,100
389532,Elephant,402793,1691
389580,Mouse,5353,70
389590,Mouse,3686,72
389595,Elephant,243415,1266
389610,Mouse,5135,69
389646,Mouse,4165,64
389690,Mouse,3401,64
389712,Mouse,5347,69
389721,Mouse,4509,72
389750,Mouse,3587,66
389863,Mouse,4923,69
389933,Mouse,5828,68
389987,Mouse,4200,67
390094,Mouse,4992,70
390285,Mouse,4558,86
390317,Elephant,470934,1229
390331,Mouse,4268,80
390362,Mouse,4165,81
390391,Mouse,3200,68
390478,Mouse,4879,66
390531,Mouse,4934,66
390534,Mouse,3548,66
390534,Elephant,65025,385
390563,Mouse,3357,66
390686,Mouse,5619,70
390693,Mouse,3497,71
390756,Mouse,4500,66
390816,Elephant,477164,1134
390944,Mouse,3760,64
390990,Mouse,4655,65
391000,Mouse,4244,64
391131,Mouse,3357,64
391194,Mouse,3097,64
391222,Mouse,3306,64
391253,Mouse,3485,64
391299,Mouse,4293,65
391487,Mouse,3671,64
391543,Mouse,3174,64
391592,Mouse,5126,65
391673,Mouse,4531,65
391716,Mouse,5062,66
391749,Mouse,3061,64
391762,Mouse,5750,66
391777,Mouse,4819,65
391787,Mouse,5236,71
391799,Mouse,5529,69
391802,Mouse,3274,66
391841,Mouse,3510,68
391855,Mouse,4393,65
391875,Mouse,4673,66
391934,Mouse,5648,66
392027,Mouse,5188,65
392072,Mouse,3074,64
392097,Mouse,4878,69
392122,Mouse,4990,70
392158,Mouse,4231,72
392236,Mouse,3569,70
392239,Mouse,5428,74
392244,Mouse,3527,74
392284,Mouse,4658,81
392330,Mouse,3626,85
392525,Mouse,5115,97
392565,Mouse,4685,106
392585,Mouse,3266,111
392598,Elephant,436853,1225
392740,Mouse,3105,106
392815,Mouse,4707,122
392865,Mouse,3031,130
392933,Mouse,4060,132
392984,Mouse,3103,139
392987,Mouse,3866,142
393008,Elephant,262476,1161
393076,Mouse,3163,128
393088,Mouse,3660,122
393119,Mouse,3696,128
393135,Mouse,5653,136
393155,Mouse,4195,131
393164,Mouse,4990,132
393215,Mouse,5305,144
393286,Mouse,4565,148
393298,Mouse,5533,154
393381,Elephant,455692,1492
393407,Mouse,5135,134
393445,Mouse,3987,142
393447,Mouse,5041,142
393475,Elephant,135569,921
393524,Mouse,4042,110
393592,Mouse,5641,95
393664,Mouse,5510,108
393672,Elephant,401968,1484
393810,Mouse,5646,79
393832,Elephant,81283,590
393870,Elephant,341149,1361
393912,Mouse,3511,66
393948,Mouse,3258,66
393971,Elephant,79316,471
393994,Mouse,5154,67
394018,Mouse,4572,65
394034,Mouse,5714,70
394178,Mouse,3070,64
394435,Elephant,188264,653
394442,Mouse,4844,65
394495,Mouse,4345,65
394605,Mouse,4891,66
394609,Mouse,3459,64
394770,Mouse,4182,67
394853,Mouse,4967,70
395087,Mouse,4210,68
395138,Mouse,5808,77
395162,Elephant,390114,983
395177,Mouse,5459,75
395204,Mouse,5072,81
395211,Mouse,4452,65
395227,Mouse,4846,65
395322,Mouse,4440,69
395374,Mouse,5182,72
395415,Mouse,4787,68
395449,Elephant,153945,594
395455,Mouse,5333,67
395461,Mouse,3095,67
395532,Mouse,5653,66
395569,Mouse,4882,70
395583,Mouse,5000,65
395599,Mouse,4222,67
395619,Mouse,4504,74
395656,Mouse,4547,70
395660,Mouse,5306,73
395662,Mouse,3157,71
395728,Mouse,3005,65
395756,Mouse,3259,67
395773,Mouse,4537,65
395859,Mouse,4429,67
395967,Mouse,4244,66
395978,Mouse,3165,67
396020,Mouse,4317,68
396066,Mouse,4090,66
396080,Elephant,459592,1086
396082,Mouse,5387,70
396215,Mouse,4799,65
396593,Mouse,4193,67
396771,Mouse,4435,65
396895,Mouse,4464,69
396908,Mouse,3184,66
396949,Mouse,5200,74
397037,Mouse,5393,67
397137,Mouse,4778,74
397166,Mouse,5262,65
397357,Elephant,452288,1049
397465,Mouse,3293,66
397465,Mouse,3030,66
397490,Mouse,3623,64
397541,Mouse,4857,65
397607,Mouse,3390,64
397643,Mouse,3966,64
397747,Mouse,5600,69
397748,Mouse,5484,69
397804,Mouse,5503,67
397815,Mouse,4035,69
397955,Mouse,3145,72
397962,Mouse,4114,75
397987,Mouse,5269,68
398073,Mouse,3506,65
398086,Mouse,3702,67
398125,Mouse,4007,68
398168,Mouse,4151,71
398171,Mouse,5643,75
398222,Mouse,4531,81
398236,Mouse,4810,78
398279,Mouse,5397,93
398301,Mouse,5698,81
398493,Mouse,3334,89
398572,Mouse,5084,98
398575,Mouse,3213,99
398627,Mouse,4690,109
398678,Mouse,5147,115
398739,Mouse,3587,116
398759,Mouse,3700,121
398765,Mouse,3001,123
398777,Mouse,5359,129
398818,Mouse,3453,131
398867,Mouse,4918,136
398917,Elephant,440481,1432
399096,Elephant,454000,1316
399103,Mouse,5290,95
399147,Mouse,5376,83
399148,Mouse,5587,90
399217,Elephant,549981,1436
399232,Mouse,4469,69
399246,Mouse,4709,65
399276,Mouse,3901,65
399334,Mouse,3096,64
399339,Mouse,3490,66
399487,Mouse,5787,69
399569,Mouse,3781,67
399654,Mouse,4829,69
399678,Mouse,4308,69
399689,Mouse,4635,70
399808,Mouse,3988,71
399937,Mouse,5257,77
400066,Mouse,3078,91
400158,Elephant,507314,1255
400189,Elephant,294041,881
400253,Mouse,3837,67
400293,Mouse,5294,69
400520,Mouse,5619,70
400584,Mouse,4148,79
400765,Mouse,4235,72
400786,Mouse,5697,82
400794,Mouse,3933,84
400842,Mouse,3036,90
400949,Mouse,3762,96
401026,Mouse,4857,111
401051,Elephant,438358,1196
401074,Mouse,4100,110
401101,Mouse,4401,116
401108,Mouse,5414,108
401133,Mouse,4195,104
401160,Mouse,5651,106
401172,Elephant,323928,1023
401175,Mouse,3910,92
401185,Mouse,4461,95
401288,Mouse,3686,64
401333,Mouse,3879,64
401358,Mouse,3085,66
401468,Mouse,3448,71
401469,Elephant,297715,973
401498,Mouse,4825,68
401560,Mouse,3373,68
401657,Mouse,5376,66
401667,Mouse,3761,64
401678,Mouse,4771,69
401704,Mouse,4826,70
401709,Mouse,5469,66
401730,Elephant,233019,823
401779,Mouse,3136,64
401819,Mouse,3543,64
401860,Mouse,5227,65
401991,Mouse,3606,64
402036,Mouse,3864,64
402045,Mouse,3533,67
402072,Mouse,3782,64
402193,Mouse,5776,66
402229,Mouse,5787,71
402240,Mouse,4806,67
402284,Mouse,3046,64
402300,Elephant,268884,852
402461,Mouse,3534,64
402920,Mouse,5571,70
402955,Elephant,291319,811
402973,Mouse,3237,64
403010,Mouse,5642,66
403038,Mouse,4615,65
403049,Mouse,3623,64
403095,Mouse,5667,66
403158,Mouse,3409,64
403293,Mouse,4105,64
403329,Mouse,5692,66
403358,Mouse,3804,69
403359,Mouse,3783,69
403361,Mouse,5316,72
403455,Mouse,3258,64
403471,Mouse,4091,64
403529,Mouse,3271,64
403603,Mouse,4022,64
403671,Mouse,5175,65
403674,Mouse,3034,64
403686,Mouse,4436,65
403690,Mouse,4780,66
403708,Mouse,4453,65
403725,Mouse,5763,66
403741,Mouse,3629,64
403771,Mouse,5671,66
403952,Mouse,4689,65
404048,Mouse,3836,67
404050,Mouse,5443,69
404093,Mouse,5007,69
404214,Mouse,4546,69
404217,Elephant,38679,243
404241,Mouse,3654,64
404286,Mouse,3872,64
404294,Mouse,4018,67
404322,Mouse,5088,65
404468,Mouse,5164,68
404497,Mouse,5581,66
404522,Mouse,5181,71
404533,Mouse,4375,73
404668,Mouse,4997,65
404720,Elephant,45983,279
404753,Mouse,3240,64
404791,Mouse,3460,66
404887,Mouse,4474,65
404912,Mouse,4793,69
404993,Elephant,466436,1067
405098,Mouse,5568,66
405163,Mouse,3625,64
405218,Mouse,3032,64
405262,Mouse,3063,64
405293,Mouse,4461,65
405323,Mouse,5796,66
405337,Mouse,5541,67
405341,Mouse,3616,66
405429,Mouse,4041,67
405486,Mouse,5675,67
405609,Mouse,4143,69
405646,Elephant,51074,372
405655,Mouse,4228,65
405668,Mouse,5210,67
405673,Mouse,5476,67
405809,Mouse,4661,65
405857,Mouse,3449,64
405929,Mouse,5505,70
405937,Mouse,3221,70
406117,Mouse,5193,67
406185,Mouse,3734,65
406190,Elephant,284063,810
406338,Mouse,4703,67
406347,Mouse,4565,71
406354,Mouse,3638,66
406366,Mouse,4035,64
406444,Mouse,4438,65
406504,Mouse,3636,64
406774,Mouse,4233,67
406805,Mouse,4816,65
406900,Mouse,5731,66
407039,Mouse,3381,64
407083,Mouse,5535,66
407238,Mouse,3018,64
407302,Mouse,3822,64
407510,Mouse,3066,66
407702,Elephant,191360,649
407746,Mouse,3066,69
407866,Mouse,3000,63
408003,Mouse,4812,65
408057,Mouse,4930,65
408110,Mouse,3263,68
408129,Mouse,5388,75
408149,Elephant,132109,537
408164,Mouse,3067,67
408217,Mouse,5787,69
408235,Mouse,4670,66
408251,Mouse,4166,64
408268,Mouse,3883,72
408273,Mouse,4765,74
408379,Mouse,4994,69
408417,Mouse,4436,68
408510,Mouse,4210,65
408590,Mouse,3001,67
408680,Mouse,5549,70
408745,Elephant,472234,1170
408750,Mouse,5736,70
408818,Mouse,3179,66
408849,Mouse,4578,65
408852,Mouse,4010,65
408857,Mouse,5118,66
408916,Mouse,5715,70
409063,Mouse,4272,69
409121,Elephant,298457,853
409261,Mouse,5682,66
409369,Mouse,5394,66
409373,Mouse,5078,66
409410,Mouse,3020,64
409500,Mouse,4634,65
409516,Mouse,4791,65
409527,Mouse,4035,67
409548,Mouse,4915,65
409694,Mouse,4163,67
409784,Elephant,89915,414
409855,Mouse,3020,64
409933,Mouse,3108,64
409943,Mouse,5542,68
409954,Mouse,4748,65
410118,Mouse,3432,65
410163,Mouse,3684,66
410198,Mouse,4970,65
410209,Mouse,4558,65
410212,Mouse,3157,65
410255,Mouse,4951,66
410281,Mouse,3203,66
410294,Mouse,4925,65
410306,Mouse,5502,68
410332,Mouse,4889,68
410379,Mouse,3772,72
410533,Mouse,4427,80
410572,Mouse,3013,74
410585,Mouse,5835,80
410592,Mouse,5139,83
410634,Elephant,241848,781
410746,Mouse,4194,64
410787,Mouse,5082,66
410838,Mouse,3586,66
410879,Mouse,5816,75
410897,Mouse,5152,70
410980,Elephant,151012,626
411014,Mouse,4423,69
411029,Mouse,5637,74
411074,Mouse,4004,74
411077,Mouse,3762,67
411117,Mouse,4450,70
411148,Elephant,510969,1167
411170,Mouse,3023,66
411345,Mouse,3034,70
411356,Mouse,3349,78
411358,Elephant,77492,387
411402,Mouse,4528,74
411501,Mouse,4075,67
411520,Mouse,5612,66
411616,Mouse,5766,66
411635,Mouse,3353,64
411648,Mouse,5595,70
411681,Mouse,3064,64
411723,Mouse,4002,65
411767,Mouse,3523,66
411792,Mouse,4304,67
411818,Mouse,4571,68
411964,Mouse,4529,70
412002,Mouse,4114,73
412020,Mouse,5002,78
412109,Mouse,4894,87
412147,Mouse,5365,85
412154,Mouse,3118,89
412200,Elephant,396560,1029
412248,Mouse,5211,93
412328,Elephant,446127,1096
412334,Mouse,3417,70
412383,Mouse,3053,69
412412,Mouse,5093,65
412438,Mouse,3382,65
412453,Mouse,5784,66
412499,Mouse,4438,65
412534,Mouse,4056,64
412570,Mouse,5456,72
412581,Mouse,3178,64
412603,Mouse,5677,70
412687,Elephant,159368,622
412695,Mouse,3301,68
412751,Elephant,161461,628
412843,Mouse,4113,64
412856,Mouse,3948,64
412908,Mouse,5564,66
412939,Mouse,4509,65
412957,Mouse,4499,65
412995,Mouse,5059,65
413012,Mouse,4949,65
413078,Mouse,4691,65
413139,Mouse,3110,64
413183,Mouse,3084,65
413207,Mouse,5623,70
413229,Mouse,3305,64
413276,Mouse,3773,64
413313,Mouse,5775,66
413328,Mouse,3964,67
413361,Mouse,3683,64
413428,Mouse,3970,67
413480,Mouse,4330,72
413496,Mouse,4546,76
413502,Mouse,5589,74
413549,Mouse,4859,76
413561,Mouse,3469,76
413563,Mouse,4484,78
413599,Mouse,5602,73
413631,Mouse,3126,75
413657,Mouse,4942,69
413676,Mouse,4408,73
413766,Mouse,3457,69
413811,Mouse,5437,77
413814,Mouse,5534,79
413829,Mouse,4637,84
414072,Mouse,5776,71
414209,Mouse,5483,70
414272,Mouse,3194,81
414275,Mouse,3106,79
414293,Elephant,521325,1314
414297,Elephant,542490,1378
414341,Mouse,3247,79
414415,Mouse,3651,64
414447,Mouse,5616,70
414592,Mouse,4996,69
414621,Mouse,3269,72
414622,Mouse,4282,73
414631,Mouse,4543,77
414680,Mouse,3100,77
414700,Mouse,3345,77
414736,Elephant,216431,725
414745,Mouse,5063,76
414771,Mouse,5474,75
414772,Mouse,3132,72
414776,Mouse,4567,72
414817,Mouse,3971,69
414843,Mouse,4643,69
414895,Mouse,4614,73
414969,Mouse,3222,67
414979,Mouse,4301,68
414994,Mouse,3554,70
415074,Mouse,4618,69
415127,Mouse,4239,72
415197,Mouse,5773,76
415253,Mouse,4862,78
415303,Mouse,5653,78
415346,Elephant,439627,1135
415373,Elephant,84073,440
415463,Mouse,5714,67
415502,Mouse,3528,67
415513,Mouse,4529,65
415674,Mouse,5792,71
415679,Mouse,4572,73
415687,Mouse,5056,75
415735,Mouse,4021,78
415761,Mouse,5373,72
415797,Mouse,4158,73
415843,Mouse,3304,71
415847,Elephant,499580,1428
415880,Mouse,4806,68
415994,Mouse,4587,65
416028,Mouse,3815,65
416030,Mouse,3488,66
416093,Elephant,139090,563
416098,Mouse,4775,67
416101,Mouse,4456,68
416114,Mouse,5532,66
416119,Mouse,3095,65
416123,Mouse,5447,68
416126,Mouse,4224,68
416200,Mouse,4221,64
416206,Mouse,3601,64
416211,Mouse,3855,64
416215,Mouse,4384,65
416237,Mouse,3205,67
416271,Mouse,4711,67
416288,Mouse,5083,73
416292,Mouse,3892,70
416346,Mouse,5377,65
416351,Mouse,3869,64
416484,Mouse,3760,67
416535,Mouse,5041,72
416548,Mouse,4604,73
416577,Mouse,4767,70
416609,Mouse,4224,72
416684,Mouse,5208,69
416708,Mouse,3688,69
416757,Elephant,141236,553
416802,Mouse,4131,65
416830,Elephant,341144,919
416845,Mouse,3994,65
416867,Mouse,5497,73
416909,Mouse,4681,68
416917,Mouse,5042,69
416943,Mouse,4065,64
416952,Mouse,5583,68
417068,Mouse,4507,68
417100,Mouse,3630,66
417103,Mouse,3270,66
417284,Mouse,5292,78
417324,Mouse,4467,80
417556,Mouse,5724,127
417585,Mouse,3061,131
417610,Mouse,3594,141
417669,Mouse,3582,147
417685,Mouse,3523,152
417724,Mouse,3444,165
417739,Mouse,3063,169
417807,Mouse,5584,169
417837,Mouse,3804,191
417850,Mouse,3370,194
417895,Mouse,5151,193
417964,Mouse,3123,213
418035,Elephant,71245,836
418056,Mouse,3617,212
418076,Mouse,3735,223
418094,Mouse,4770,228
418127,Mouse,4145,233
418132,Mouse,5477,237
418269,Mouse,3090,246
418349,Mouse,5285,254
418454,Mouse,4807,253
418482,Elephant,322450,1546
418500,Mouse,4209,259
418626,Mouse,3974,239
418633,Elephant,542944,1937
418654,Mouse,4452,215
418686,Mouse,5326,222
418740,Mouse,5822,181
418775,Mouse,3371,183
418827,Mouse,4299,201
418873,Elephant,505493,2175
418899,Mouse,4431,181
418908,Mouse,5804,185
418969,Mouse,5520,175
419171,Mouse,4906,159
419216,Mouse,3901,161
419246,Mouse,5175,169
419252,Mouse,4173,170
419286,Mouse,3456,182
419315,Mouse,3835,187
419412,Mouse,5536,206
419482,Mouse,5267,208
419585,Mouse,4490,214
419609,Mouse,5598,220
419610,Elephant,377093,2317
419646,Mouse,5377,225
419670,Mouse,3030,224
419713,Mouse,4142,227
419733,Mouse,3673,202
419790,Mouse,3661,203
419817,Mouse,4334,180
419835,Mouse,3360,184
419965,Mouse,3718,187
419997,Mouse,4205,203
420037,Mouse,5454,214
420091,Elephant,329201,2350
420095,Mouse,5320,215
420130,Mouse,4652,212
420176,Mouse,5809,227
420218,Mouse,4464,203
420240,Elephant,300911,2342
420262,Mouse,5139,190
420295,Mouse,3062,186
420330,Mouse,5815,180
420338,Mouse,5129,176
420364,Mouse,3368,171
420387,Mouse,4754,176
420387,Mouse,4920,177
420420,Elephant,419743,3059
420423,Mouse,3239,164
420448,Elephant,428012,2619
420532,Mouse,5289,95
420613,Mouse,3993,87
420650,Mouse,3696,91
420676,Mouse,3256,96
420686,Mouse,5047,102
420769,Mouse,5175,117
420776,Mouse,4869,121
420794,Mouse,5145,128
420796,Elephant,296504,2127
420821,Elephant,224297,1724
420851,Mouse,5599,89
420910,Elephant,102465,698
420924,Mouse,4034,68
421010,Mouse,5127,67
421206,Mouse,5208,65
421314,Mouse,5449,70
421330,Mouse,3826,76
421351,Mouse,3044,76
421390,Mouse,3703,76
421402,Mouse,4437,77
421404,Mouse,3176,75
421428,Mouse,5339,76
421453,Elephant,572014,1772
421523,Mouse,4443,65
421662,Mouse,4554,65
421786,Mouse,3066,66
421816,Mouse,5471,70
421825,Elephant,42089,280
421880,Mouse,4843,65
421927,Mouse,5533,66
421981,Elephant,276314,814
421986,Mouse,3607,65
422105,Mouse,3933,64
422123,Mouse,5478,66
422168,Mouse,4329,69
422182,Mouse,5133,65
422256,Mouse,3451,64
422371,Mouse,4507,65
422400,Mouse,5087,65
422519,Mouse,5235,65
422642,Mouse,4914,65
422741,Mouse,5458,70
422790,Mouse,3691,72
422819,Mouse,5758,66
422843,Mouse,4364,70
422880,Mouse,3810,67
422904,Mouse,4352,75
422953,Mouse,4662,75
422963,Mouse,4645,76
423087,Mouse,3384,74
423223,Mouse,3630,94
423246,Elephant,218456,766
423270,Mouse,4706,102
423272,Mouse,3171,97
423386,Elephant,338555,969
423444,Elephant,199946,751
423569,Elephant,92201,480
423747,Mouse,3149,64
423757,Mouse,4275,65
423868,Mouse,4313,73
424085,Mouse,3139,65
424132,Mouse,4276,70
424190,Mouse,3421,70
424212,Mouse,3855,71
424387,Mouse,5716,88
424393,Mouse,4023,91
424459,Mouse,3009,110
424663,Elephant,588328,1365
424689,Elephant,309217,992
424734,Mouse,5389,72
424892,Mouse,5808,72
425070,Mouse,4193,74
425175,Mouse,5338,86
425261,Mouse,4805,96
425275,Mouse,3680,100
425494,Mouse,5531,116
425522,Mouse,4130,122
425534,Mouse,3810,124
425542,Elephant,472743,1479
425592,Mouse,3590,121
425635,Mouse,5455,113
425643,Mouse,5255,115
425697,Mouse,5189,94
425859,Mouse,5412,103
425936,Mouse,3926,65
425959,Mouse,5749,71
426038,Mouse,5289,80
426093,Mouse,3960,79
426103,Mouse,4056,83
426291,Elephant,522869,1428
426329,Mouse,3790,88
426380,Mouse,5792,97
426513,Mouse,5656,79
426621,Mouse,4094,85
426654,Mouse,3405,93
426669,Mouse,5013,99
426691,Mouse,5293,105
426806,Elephant,401522,1239
426823,Mouse,4182,114
426827,Mouse,5458,113
426977,Mouse,4881,90
427149,Elephant,45525,591
427155,Mouse,3531,114
427261,Mouse,5652,130
427282,Mouse,5395,133
427309,Mouse,4797,142
427427,Elephant,379318,1317
427433,Mouse,4717,142
427489,Mouse,4781,123
427493,Elephant,528839,1542
427509,Mouse,4128,111
427514,Mouse,3918,113
427518,Mouse,5511,112
427540,Mouse,4297,105
427543,Mouse,5363,107
427550,Mouse,4899,93
427605,Mouse,3973,66
427679,Mouse,5010,69
427706,Mouse,3951,72
427786,Mouse,3394,70
427920,Mouse,4170,82
428029,Mouse,5572,99
428046,Mouse,3654,97
428115,Elephant,454912,1437
428131,Mouse,5641,98
428185,Mouse,4358,73
428195,Mouse,5049,74
428213,Mouse,3888,73
428248,Mouse,3718,75
428264,Mouse,3716,79
428278,Mouse,3781,82
428301,Mouse,5753,80
428350,Mouse,3642,84
428407,Mouse,4003,87
428445,Mouse,4710,103
428461,Mouse,3111,104
428554,Elephant,509943,1533
428577,Mouse,5709,103
428705,Mouse,3291,85
428719,Mouse,3801,90
428901,Mouse,5692,108
428918,Mouse,3476,109
429003,Mouse,4088,126
429054,Mouse,4263,140
429080,Mouse,4438,138
429093,Elephant,394019,1312
429097,Mouse,4845,136
429134,Mouse,4595,137
429208,Mouse,4296,105
429216,Mouse,3304,102
429229,Mouse,5539,101
429252,Mouse,3421,105
429297,Elephant,124079,731
429381,Mouse,5700,93
429406,Mouse,5483,88
429490,Mouse,4604,94
429524,Mouse,4366,94
429619,Elephant,549621,1588
429638,Mouse,4341,91
429639,Mouse,5010,92
429683,Mouse,3699,79
429800,Mouse,4633,69
429803,Elephant,532985,1533
429835,Mouse,3917,64
429848,Mouse,4554,69
429968,Mouse,3693,64
429992,Mouse,3586,64
430022,Mouse,3020,64
430060,Mouse,3907,64
430148,Mouse,4771,65
430307,Mouse,5181,67
430319,Mouse,3113,64
430369,Mouse,5587,66
430378,Mouse,5831,66
430428,Mouse,4781,65
430438,Mouse,3610,67
430549,Mouse,3585,64
430600,Mouse,4918,65
430619,Mouse,3293,65
430658,Mouse,5192,70
430674,Mouse,3234,64
430681,Mouse,3836,64
430827,Mouse,5521,69
430836,Mouse,5030,70
430858,Mouse,3015,67
430878,Mouse,4897,70
431122,Mouse,3764,68
431132,Mouse,4357,73
431187,Elephant,396138,987
431213,Mouse,3523,65
431351,Mouse,3601,67
431362,Mouse,5591,72
431525,Elephant,258092,780
431536,Mouse,4439,65
431576,Mouse,4889,65
431600,Mouse,5732,66
431614,Mouse,3342,64
431688,Mouse,3527,64
431807,Mouse,4751,65
431827,Mouse,4910,65
431865,Mouse,5736,66
431874,Mouse,4023,64
431911,Mouse,4603,66
431963,Mouse,3039,64
431999,Mouse,3014,64
432005,Mouse,5573,66
432069,Mouse,3740,64
432086,Mouse,3683,64
432090,Mouse,4357,65
432399,Mouse,4302,66
432426,Mouse,4095,64
432441,Mouse,4794,69
432607,Mouse,5185,69
432620,Mouse,4738,65
432656,Elephant,88252,415
432723,Mouse,5531,66
432829,Mouse,4792,65
432883,Mouse,5151,65
432984,Mouse,4683,65
433120,Mouse,3551,66
433120,Mouse,3150,66
433172,Mouse,5399,65
433246,Mouse,3120,64
433260,Mouse,4276,65
433285,Mouse,5108,69
433299,Mouse,5636,66
433444,Mouse,4542,65
433499,Mouse,3334,66
433516,Mouse,3062,64
433539,Mouse,4593,68
433546,Mouse,3597,69
433556,Mouse,3223,73
433557,Mouse,5085,76
433610,Mouse,4634,79
433619,Mouse,3594,77
433621,Mouse,5477,83
433739,Mouse,5559,68
433802,Mouse,5283,69
433855,Mouse,3633,72
433886,Mouse,5689,69
434000,Mouse,5494,72
434013,Elephant,523269,1144
434086,Mouse,3134,64
434114,Mouse,5437,66
434139,Mouse,4975,65
434176,Mouse,5071,68
434179,Mouse,5606,70
434200,Mouse,4178,64
434265,Elephant,107568,473
434297,Mouse,5776,66
434312,Mouse,3395,64
434385,Mouse,4645,66
434388,Mouse,4987,66
434594,Mouse,4116,64
434679,Mouse,3641,64
434754,Mouse,4738,65
434770,Mouse,4230,65
434823,Mouse,4495,69
434994,Mouse,3407,66
435124,Mouse,3260,67
435193,Mouse,4802,71
435249,Mouse,4555,68
435303,Mouse,5275,70
435375,Mouse,5596,75
435445,Mouse,4057,74
435813,Mouse,4877,69
435817,Mouse,3276,66
435927,Mouse,3412,65
435949,Mouse,5049,65
436013,Mouse,3075,66
436066,Elephant,498919,1358
436083,Mouse,4910,65
436192,Mouse,4353,65
436252,Mouse,4831,65
436265,Mouse,3139,64
436291,Mouse,3035,64
436315,Mouse,4267,65
436329,Mouse,5077,66
436332,Mouse,5343,68
436337,Mouse,3194,64
436375,Mouse,5453,71
436453,Mouse,3709,64
436489,Mouse,5454,69
436510,Mouse,4742,65
436522,Mouse,4463,66
436530,Mouse,4699,71
436678,Mouse,4617,65
436699,Mouse,4597,69
436709,Mouse,4811,72
436722,Mouse,3954,66
436731,Mouse,4999,65
436747,Mouse,4411,74
436748,Mouse,5053,74
436919,Mouse,5452,72
436970,Mouse,4225,74
437037,Mouse,4178,76
437042,Mouse,3563,76
437087,Mouse,4450,76
437131,Mouse,5116,81
437154,Mouse,3474,83
437239,Mouse,5020,85
437348,Mouse,4468,93
437424,Mouse,5585,102
437488,Mouse,3222,108
437501,Elephant,277379,986
437509,Mouse,3510,110
437548,Mouse,4854,116
437559,Mouse,5759,118
437563,Mouse,3573,113
437615,Mouse,3358,100
437625,Elephant,195085,823
437648,Mouse,5711,88
437706,Elephant,565931,1333
437740,Mouse,3173,64
437752,Mouse,5837,67
437833,Mouse,3438,64
437845,Mouse,3437,64
437912,Mouse,5414,65
437963,Mouse,3818,64
437989,Mouse,4325,65
438012,Mouse,3705,64
438032,Mouse,3379,65
438081,Mouse,4426,65
438114,Mouse,4468,65
438135,Mouse,5003,66
438166,Mouse,5621,66
438275,Mouse,3491,64
438442,Elephant,103115,455
438530,Mouse,4906,65
438564,Mouse,3731,64
438588,Mouse,3991,67
438615,Mouse,3113,64
438638,Mouse,3238,65
438764,Mouse,5413,71
438767,Mouse,3769,72
438773,Mouse,3408,75
438782,Mouse,5563,66
438789,Mouse,3485,64
438851,Mouse,4064,64
438894,Mouse,3741,65
438917,Mouse,3290,64
438951,Mouse,4721,69
438967,Mouse,4495,65
438986,Mouse,3941,66
439064,Mouse,4280,68
439087,Mouse,3813,67
439097,Mouse,5690,66
439141,Mouse,3761,64
439147,Mouse,3877,67
439228,Mouse,4711,65
439303,Mouse,5202,69
439315,Mouse,3564,64
439422,Mouse,5697,67
439433,Mouse,5314,69
439448,Mouse,3873,69
439486,Mouse,3518,65
439494,Mouse,5397,70
439562,Elephant,554962,1168
439584,Mouse,4264,65
439674,Mouse,4346,65
439685,Mouse,4050,64
439721,Mouse,5783,66
439739,Mouse,5302,65
439827,Mouse,4411,65
439914,Mouse,5143,65
439995,Mouse,4089,64
440021,Mouse,5589,66
440035,Mouse,4237,65
440066,Mouse,3425,64
440081,Mouse,4007,64
440152,Mouse,4587,65
440192,Mouse,5030,65
440218,Mouse,5708,66
440295,Mouse,4694,65
440411,Mouse,4433,65
440421,Mouse,4198,64
440457,Mouse,5449,66
440470,Mouse,3782,64
440502,Mouse,4591,65
440577,Mouse,5208,65
440594,Mouse,3771,67
440617,Mouse,4014,64
440648,Mouse,3994,67
440728,Mouse,5203,65
440735,Mouse,4661,70
440753,Mouse,3502,64
440807,Mouse,4857,70
440856,Mouse,4436,72
440920,Mouse,3750,67
440926,Mouse,3513,72
440967,Mouse,3463,72
440998,Mouse,5245,69
441009,Mouse,5590,76
441081,Mouse,3119,75
441306,Mouse,3721,77
441359,Mouse,4444,79
441423,Elephant,263906,942
441441,Mouse,3226,82
441628,Mouse,3628,77
441669,Elephant,562317,1258
441696,Mouse,3708,80
441700,Elephant,237680,810
441731,Mouse,5046,66
441794,Mouse,3303,64
441814,Mouse,5469,66
441859,Mouse,4116,64
442026,Mouse,5429,75
442037,Mouse,4951,78
442078,Mouse,5642,79
442095,Mouse,4686,65
442139,Mouse,4426,68
442140,Mouse,5333,69
442151,Mouse,3360,71
442158,Mouse,5737,75
442167,Mouse,3507,68
442378,Mouse,4210,75
442411,Mouse,3363,84
442466,Mouse,3135,100
442499,Mouse,3766,106
442550,Mouse,3858,110
442594,Mouse,3541,123
442606,Mouse,3419,126
442618,Mouse,4346,129
442623,Mouse,5299,131
442704,Mouse,4660,144
442857,Elephant,82273,626
443056,Mouse,3102,148
443146,Mouse,3219,156
443166,Elephant,308910,1215
443186,Mouse,3603,157
443201,Elephant,544764,1550
443204,Mouse,3267,126
443214,Mouse,4202,127
443227,Mouse,3691,127
443234,Mouse,5815,134
443258,Mouse,3343,97
443260,Mouse,5518,99
443284,Mouse,3663,91
443328,Mouse,5656,85
443350,Mouse,4659,83
443364,Mouse,3094,85
443369,Mouse,4565,84
443414,Mouse,5549,86
443541,Mouse,3805,92
443581,Elephant,282612,1267
443648,Mouse,3383,71
443687,Mouse,4760,69
443783,Elephant,549085,1654
443784,Mouse,4728,76
443810,Mouse,4449,74
443816,Mouse,3404,75
443822,Mouse,3804,65
443993,Elephant,63166,352
443995,Mouse,5093,75
444018,Mouse,3131,66
444038,Mouse,4186,72
444210,Mouse,4136,64
444227,Mouse,5192,70
444318,Mouse,4868,70
444351,Mouse,5500,76
444385,Mouse,4082,78
444399,Mouse,3510,83
444405,Mouse,5469,88
444477,Mouse,4469,95
444556,Elephant,267351,845
444596,Mouse,4979,84
444622,Mouse,4180,89
444666,Elephant,585306,1355
444727,Mouse,4935,65
444794,Mouse,5546,69
445056,Mouse,4635,71
445061,Elephant,185561,705
445069,Mouse,5468,75
445148,Elephant,65439,369
445173,Mouse,3498,68
445175,Mouse,4256,69
445177,Mouse,3325,67
445198,Mouse,4320,65
445238,Mouse,3926,64
445417,Mouse,4484,69
445436,Mouse,5167,70
445460,Mouse,3082,68
445503,Mouse,3739,67
445541,Mouse,4922,68
445548,Mouse,4526,71
445595,Mouse,3225,69
445626,Mouse,3379,66
445702,Mouse,3352,67
445712,Mouse,3907,70
445729,Elephant,271450,800
445736,Mouse,3576,67
445737,Mouse,4319,68
445820,Mouse,5113,65
445894,Mouse,5563,70
445947,Mouse,4817,74
445962,Mouse,5308,74
445973,Mouse,5008,78
445983,Mouse,5517,69
446002,Mouse,5562,72
446088,Mouse,3802,69
446091,Mouse,5484,70
446118,Mouse,5188,71
446178,Mouse,4531,66
446187,Mouse,3091,67
446236,Mouse,3785,71
446268,Mouse,4900,77
446288,Mouse,5164,75
446323,Elephant,134621,602
446354,Mouse,3911,68
446377,Mouse,3727,66
446440,Elephant,547378,1177
446479,Mouse,5364,66
446497,Mouse,3339,64
446513,Mouse,3632,64
446530,Mouse,4829,65
446537,Mouse,3973,64
446596,Mouse,3507,64
446622,Mouse,5257,65
446635,Elephant,48900,285
446642,Mouse,5042,66
446674,Mouse,4222,66
446695,Mouse,4536,66
446699,Mouse,5448,67
446732,Mouse,4162,64
446762,Mouse,4729,65
446806,Mouse,4870,67
446809,Mouse,5114,67
446821,Mouse,5045,69
446881,Mouse,4869,65
446924,Mouse,3638,65
446956,Mouse,3306,64
446986,Mouse,4019,67
447009,Mouse,5494,66
447051,Mouse,4063,65
447081,Mouse,3233,70
447084,Mouse,4434,72
447137,Mouse,3784,67
447149,Mouse,5778,66
447181,Mouse,5418,70
447188,Mouse,4871,70
447232,Mouse,4183,65
447252,Mouse,5180,65
447314,Mouse,3298,66
447403,Mouse,5570,69
447416,Mouse,4373,71
447545,Mouse,3101,67
447549,Mouse,5158,69
447603,Mouse,4583,73
447671,Elephant,448760,1058
447719,Mouse,3782,64
447756,Mouse,3501,64
447789,Mouse,3725,64
447799,Mouse,4501,69
447932,Mouse,5274,66
447959,Mouse,5739,66
447972,Mouse,5806,69
448058,Mouse,4259,68
448088,Mouse,3962,64
448103,Mouse,4532,69
448117,Mouse,5686,66
448182,Mouse,3927,68
448249,Mouse,4871,70
448297,Mouse,5111,68
448300,Mouse,5717,69
448346,Mouse,5758,70
448387,Mouse,3627,65
448417,Mouse,3753,69
448534,Elephant,79339,410
448571,Mouse,5129,69
448662,Mouse,5564,70
448741,Mouse,5048,66
448789,Mouse,4462,69
448792,Elephant,495724,1107
448839,Mouse,3383,64
448960,Mouse,4223,64
448990,Mouse,4264,69
449072,Mouse,3741,65
449106,Mouse,4253,64
449129,Mouse,4529,69
449140,Mouse,3769,64
449157,Mouse,4712,67
449314,Mouse,3581,69
449477,Mouse,5593,73
449552,Mouse,3875,77
449562,Mouse,4958,82
449604,Mouse,4476,87
449732,Elephant,281712,891
449738,Mouse,3778,103
449808,Mouse,4029,87
449848,Mouse,5202,88
449903,Mouse,3354,92
449918,Mouse,4931,96
449939,Elephant,416531,1103
449953,Mouse,5450,99
449973,Mouse,3900,100
450022,Mouse,4437,92
450059,Mouse,3550,67
450102,Mouse,5641,72
450105,Mouse,3232,72
450186,Mouse,3448,69
450223,Mouse,3057,65
450343,Mouse,3096,76
450458,Mouse,5520,92
450486,Mouse,3424,98
450557,Mouse,3490,107
450569,Mouse,3842,113
450580,Mouse,3932,119
450598,Mouse,5071,125
450628,Mouse,4814,129
450636,Mouse,3452,130
450641,Mouse,3823,131
450668,Mouse,4477,143
450759,Mouse,3068,156
450785,Mouse,4464,149
450840,Mouse,4270,154
450850,Mouse,5771,160
451029,Mouse,4238,166
451035,Mouse,5467,171
451044,Mouse,4950,169
451059,Mouse,3497,174
451140,Elephant,134916,924
451183,Elephant,554752,1894
451208,Mouse,5732,167
451223,Mouse,3715,142
451294,Elephant,590760,1762
451296,Mouse,3611,126
451311,Mouse,5099,119
451337,Mouse,3848,124
451346,Mouse,3505,120
451348,Mouse,4800,123
451385,Mouse,3800,105
451399,Mouse,4249,101
451469,Mouse,4291,76
451548,Elephant,140489,972
451565,Mouse,3154,87
451579,Mouse,4102,91
451705,Elephant,453983,1565
451785,Mouse,3654,67
451844,Mouse,4109,68
451864,Mouse,5200,69
451896,Mouse,4035,69
451940,Mouse,5439,79
451999,Mouse,3703,74
452019,Mouse,3163,80
452212,Mouse,3977,105
452302,Mouse,5562,123
452322,Mouse,5600,127
452357,Mouse,3151,135
452413,Elephant,49666,427
452447,Elephant,415497,1289
452472,Mouse,3257,133
452498,Mouse,5477,109
452559,Mouse,5632,88
452593,Mouse,5450,94
452617,Mouse,3188,101
452721,Mouse,5700,114
452762,Mouse,3244,114
452858,Mouse,4677,88
452869,Elephant,476234,1469
452870,Mouse,5008,82
452871,Mouse,5423,85
452879,Mouse,4201,77
452895,Mouse,4145,83
452948,Mouse,5508,92
452981,Mouse,5211,100
452986,Mouse,5248,100
453019,Mouse,3604,95
453080,Mouse,5301,105
453223,Mouse,4760,123
453233,Mouse,3735,116
453307,Mouse,4755,124
453449,Elephant,588714,1687
453515,Elephant,193863,1002
453550,Mouse,3291,85
453647,Mouse,4492,71
453703,Mouse,5387,73
453719,Elephant,413454,1381
453733,Mouse,4636,72
453788,Mouse,3272,64
453798,Mouse,4907,65
453845,Mouse,4850,65
453975,Mouse,4220,64
454097,Mouse,5020,73
454101,Elephant,346116,1130
454129,Mouse,3309,69
454145,Mouse,3321,75
454228,Mouse,3874,64
454276,Mouse,5119,65
454281,Mouse,3295,64
454362,Mouse,4852,68
454364,Mouse,4613,68
454689,Mouse,5216,69
454705,Mouse,4466,70
454739,Mouse,3367,71
454742,Elephant,405584,995
454814,Mouse,4262,65
454819,Mouse,4545,65
454845,Mouse,4026,64
454938,Mouse,5215,65
454951,Mouse,3541,64
454976,Mouse,4674,65
455006,Mouse,5344,65
455021,Mouse,4891,66
455047,Mouse,3457,65
455150,Mouse,4899,65
455158,Mouse,3417,64
455302,Mouse,3766,67
455303,Mouse,5474,69
455316,Mouse,4533,69
455347,Mouse,3110,64
455399,Mouse,3793,66
455408,Mouse,5367,71
455420,Mouse,3367,64
455447,Mouse,4879,70
455453,Mouse,4786,72
455597,Elephant,169752,608
455599,Mouse,5362,71
455678,Mouse,3128,64
455727,Mouse,4240,64
455734,Mouse,5658,66
455743,Mouse,5266,65
455774,Mouse,4825,65
455792,Mouse,4091,64
455962,Mouse,5566,66
455967,Mouse,4171,64
455987,Mouse,5480,73
455990,Mouse,5140,75
455998,Mouse,3743,64
456051,Mouse,5182,65
456099,Mouse,3026,64
456143,Mouse,5567,66
456172,Mouse,3288,64
456197,Mouse,5683,68
456266,Mouse,3580,64
456286,Mouse,4380,67
456309,Mouse,4067,65
456363,Mouse,5328,65
456557,Elephant,309173,854
456590,Mouse,5624,70
456650,Mouse,3370,67
456702,Mouse,3399,70
456709,Mouse,5114,73
456852,Mouse,4082,67
456891,Elephant,120574,515
456983,Mouse,4455,65
457103,Mouse,3688,67
457108,Mouse,3624,69
457127,Mouse,3566,65
457160,Mouse,5568,66
457184,Elephant,317214,864
457202,Mouse,4705,66
457241,Mouse,4486,65
457277,Mouse,4954,65
457590,Mouse,4972,65
457646,Mouse,4011,64
457656,Mouse,4903,65
457662,Mouse,5360,65
457691,Mouse,4799,66
457738,Mouse,4262,65
457817,Mouse,4732,65
457955,Mouse,5387,65
458035,Mouse,4903,65
458114,Mouse,5764,66
458146,Mouse,5263,66
458161,Mouse,4090,64
458167,Mouse,4954,65
458180,Mouse,3439,64
458350,Mouse,5158,65
458473,Mouse,5680,66
458501,Mouse,4832,68
458553,Mouse,5094,65
458606,Mouse,3443,64
458620,Mouse,5580,68
458682,Mouse,5371,67
458731,Mouse,5628,66
458746,Mouse,4312,65
458765,Mouse,4810,70
458836,Mouse,3826,66
458862,Mouse,4840,69
459022,Elephant,342817,897
459064,Mouse,5355,66
459089,Mouse,4329,65
459096,Mouse,3559,64
459106,Mouse,3865,66
459109,Mouse,4439,67
459116,Mouse,4322,65
459156,Mouse,3212,64
459247,Mouse,5477,66
459264,Mouse,4366,65
459286,Mouse,5053,65
459347,Mouse,5392,65
459385,Mouse,3535,64
459441,Mouse,3345,70
459457,Mouse,5736,66
459525,Mouse,3324,67
459635,Mouse,3932,64
459655,Mouse,4468,67
459685,Mouse,3894,79
459689,Mouse,4678,65
459695,Mouse,4768,67
459722,Mouse,5703,79
459779,Mouse,3114,66
459785,Mouse,3918,67
459840,Mouse,3736,66
459877,Mouse,4282,66
459913,Elephant,190335,665
459977,Elephant,231728,732
459984,Mouse,3331,64
460141,Mouse,4793,65
460154,Mouse,5564,66
460222,Mouse,4584,65
460227,Mouse,3824,64
460277,Mouse,4600,65
460311,Mouse,3517,64
460338,Mouse,4836,65
460427,Mouse,4693,68
460573,Mouse,5324,68
460624,Mouse,4764,65
460724,Elephant,90220,413
460749,Mouse,5601,66
460760,Mouse,4838,66
460828,Mouse,3041,66
460850,Mouse,4098,64
460861,Mouse,4192,64
460907,Mouse,3993,66
460918,Mouse,4978,73
460922,Mouse,5203,73
461001,Mouse,4906,68
461111,Mouse,3723,64
461154,Mouse,3147,65
461199,Mouse,4494,69
461230,Mouse,3519,67
461246,Mouse,4307,65
461292,Mouse,5101,66
461352,Mouse,3638,65
461405,Elephant,406030,990
461438,Mouse,4022,64
461493,Mouse,5607,66
461501,Mouse,4410,65
461678,Mouse,5750,66
461816,Mouse,4727,65
461894,Mouse,5831,66
461905,Mouse,5400,65
461928,Mouse,5177,68
462059,Elephant,30413,197
462066,Mouse,5569,66
462079,Mouse,3501,64
462136,Mouse,3104,64
462145,Mouse,5781,66
462188,Mouse,4816,66
462201,Mouse,3919,64
462207,Mouse,3939,64
462231,Mouse,3560,65
462313,Mouse,3239,64
462467,Mouse,4201,64
462558,Mouse,4293,65
462570,Mouse,3646,64
462579,Mouse,3529,67
462585,Mouse,5224,72
462610,Mouse,4190,68
462629,Elephant,122302,545
462664,Mouse,3400,67
462694,Mouse,4963,65
462740,Mouse,4160,64
462746,Mouse,3732,66
462780,Mouse,5225,65
462789,Mouse,5462,69
462805,Mouse,5061,79
462852,Mouse,5171,66
462907,Mouse,3892,65
462909,Mouse,3952,66
463034,Mouse,5111,72
463101,Mouse,5235,69
463126,Mouse,5667,72
463214,Mouse,3532,70
463266,Mouse,4708,78
463359,Mouse,5618,91
463419,Mouse,4214,96
463461,Mouse,4441,106
463740,Mouse,3822,125
463817,Mouse,4826,141
463869,Mouse,4791,147
463883,Mouse,4991,156
463903,Mouse,3246,166
463922,Elephant,391894,1243
463925,Mouse,3603,168
463928,Mouse,3315,166
463951,Mouse,5127,152
464000,Elephant,532264,1446
464049,Elephant,330481,1187
464089,Mouse,3206,64
464127,Mouse,4105,67
464138,Mouse,3285,66
464162,Mouse,5027,72
464205,Mouse,4665,72
464229,Mouse,3046,64
464279,Mouse,4835,69
464324,Mouse,5318,70
464396,Mouse,5421,78
464415,Mouse,4196,84
464431,Mouse,5202,80
464434,Mouse,3181,80
464481,Mouse,5007,94
464590,Mouse,5008,98
464659,Mouse,5228,104
464675,Mouse,4376,111
464688,Mouse,5008,110
464690,Elephant,267150,1032
464729,Mouse,4313,119
464736,Mouse,4093,116
464742,Mouse,4211,111
464749,Mouse,5273,107
464798,Mouse,4064,124
464804,Mouse,4956,118
464813,Elephant,159085,722
464819,Mouse,3395,102
464819,Mouse,5075,104
464852,Elephant,124166,660
464892,Mouse,4878,83
464976,Mouse,3102,66
465044,Mouse,4656,68
465091,Elephant,279098,1033
465134,Mouse,3804,65
465146,Mouse,3852,68
465263,Mouse,5086,66
465317,Mouse,5734,70
465324,Elephant,186766,729
465450,Mouse,3313,64
465629,Mouse,5304,65
465636,Elephant,248911,765
465767,Mouse,5364,65
465807,Mouse,3296,65
465955,Mouse,5174,70
466107,Mouse,5026,68
466145,Mouse,5441,66
466187,Mouse,3196,64
466287,Mouse,3373,64
466342,Mouse,5834,71
466349,Elephant,140072,549
466455,Mouse,4816,69
466480,Mouse,3991,65
466521,Mouse,3240,66
466632,Mouse,4787,67
466694,Mouse,5451,68
466761,Mouse,3809,72
466763,Mouse,4795,73
466795,Mouse,5778,77
466892,Mouse,4384,84
466895,Mouse,4179,84
466904,Mouse,3576,83
466954,Elephant,204540,720
467081,Mouse,5495,77
467085,Elephant,417099,1045
467165,Mouse,4944,65
467267,Mouse,4335,65
467359,Elephant,173051,662
467412,Mouse,3730,65
467414,Mouse,3649,65
467426,Mouse,3468,64
467459,Mouse,4921,67
467544,Mouse,3468,64
467547,Mouse,3437,64
467552,Mouse,5507,66
467645,Mouse,5377,65
467748,Mouse,3610,64
467754,Mouse,5548,66
468031,Mouse,4377,69
468116,Mouse,3794,65
468216,Mouse,4621,65
468260,Mouse,5480,66
468282,Mouse,3012,65
468312,Mouse,3548,64
468338,Mouse,5219,71
468350,Mouse,5459,66
468360,Mouse,4443,65
468375,Mouse,4199,67
468439,Mouse,5809,71
468443,Mouse,5495,67
468479,Elephant,144691,560
468489,Mouse,5036,66
468531,Mouse,3935,64
468536,Mouse,4912,65
468538,Mouse,3238,64
468557,Mouse,3379,64
468609,Mouse,4444,65
468650,Mouse,5204,65
468701,Mouse,4815,66
468776,Mouse,4762,71
468781,Elephant,88610,428
468871,Mouse,3475,64
468927,Mouse,3728,64
468961,Mouse,4943,65
469012,Mouse,5004,65
469198,Mouse,3515,67
469223,Mouse,3640,72
469244,Mouse,3573,69
469269,Mouse,4914,77
469327,Mouse,5797,75
469368,Mouse,5541,74
469390,Mouse,4116,79
469444,Mouse,5057,80
469532,Mouse,5644,84
469565,Elephant,512464,1169
469786,Mouse,4018,64
469895,Mouse,3264,66
469908,Mouse,5097,72
469922,Mouse,5447,66
470026,Elephant,544892,1197
470032,Mouse,4155,66
470036,Mouse,4275,66
470122,Mouse,5072,65
470159,Mouse,5262,65
470170,Mouse,5742,66
470215,Mouse,3537,64
470242,Mouse,3529,64
470270,Mouse,3959,64
470352,Mouse,3905,64
470422,Mouse,3718,64
470442,Mouse,4673,65
470450,Mouse,3728,64
470657,Mouse,5509,66
470741,Mouse,3742,64
470770,Mouse,3584,64
470774,Mouse,4191,64
470846,Mouse,5500,66
470975,Mouse,5600,66
471055,Mouse,3147,67
471061,Mouse,4610,65
471139,Mouse,4732,70
471253,Mouse,4335,65
471274,Mouse,4328,67
471344,Mouse,5654,66
471486,Mouse,3224,67
471575,Mouse,4372,67
471598,Mouse,5437,66
471683,Mouse,3293,75
471702,Mouse,3059,66
471753,Mouse,4250,67
471769,Mouse,5537,75
471824,Mouse,3085,74
471869,Elephant,32798,301
471974,Mouse,5222,70
471994,Mouse,4838,76
472013,Mouse,5633,83
472019,Mouse,4087,82
472127,Elephant,577076,1229
472183,Mouse,3889,67
472349,Elephant,242569,791
472428,Mouse,5408,67
472475,Mouse,3559,69
472477,Mouse,3800,71
472535,Mouse,5123,73
472670,Mouse,5559,67
472689,Mouse,4296,68
472758,Mouse,3302,73
472800,Elephant,128078,516
472810,Mouse,3679,67
472841,Mouse,4629,71
472862,Mouse,4270,70
472875,Mouse,4180,65
472884,Mouse,3360,67
472992,Mouse,5692,69
473034,Mouse,4636,69
473103,Mouse,3349,71
473122,Mouse,3184,71
473392,Mouse,5148,87
473482,Elephant,474534,1124
473487,Mouse,4926,92
473570,Mouse,4973,65
473585,Elephant,465116,1127
473649,Mouse,5140,65
473656,Mouse,5351,65
473772,Mouse,5383,65
473967,Mouse,3638,64
473980,Mouse,4717,65
474063,Mouse,4673,65
474138,Mouse,3125,64
474144,Mouse,5070,65
474164,Mouse,3427,64
474177,Mouse,5466,70
474457,Mouse,5020,73
474467,Mouse,5604,73
474549,Mouse,4102,79
474603,Elephant,237574,754
474712,Mouse,3631,65
474845,Elephant,382767,967
474854,Mouse,3706,69
474876,Mouse,5305,76
474877,Mouse,5805,77
474880,Mouse,3086,67
475005,Mouse,3865,65
475019,Mouse,4084,64
475298,Elephant,320920,978
475336,Mouse,4211,65
475397,Mouse,3341,67
475481,Mouse,3150,66
475495,Mouse,3596,64
475502,Mouse,4684,69
475754,Mouse,5521,70
475864,Elephant,233036,731
475883,Mouse,5711,71
475897,Mouse,3666,68
475959,Mouse,4080,67
475994,Mouse,4509,65
476009,Elephant,362810,1221
476011,Mouse,5657,72
476119,Mouse,5155,65
476149,Mouse,3378,64
476266,Mouse,3933,64
476289,Mouse,5381,65
476364,Mouse,5622,68
476366,Mouse,4858,68
476379,Mouse,3124,64
476488,Mouse,3489,66
476489,Mouse,5602,69
476498,Mouse,3528,64
476548,Mouse,3905,64
476557,Mouse,5679,70
476569,Mouse,4394,76
476569,Mouse,3060,76
476617,Mouse,3704,74
476744,Mouse,3190,66
476761,Mouse,4531,65
476816,Mouse,5185,66
476845,Mouse,5061,65
476919,Mouse,4853,70
476969,Mouse,3592,72
477014,Mouse,5150,69
477021,Mouse,5423,74
477027,Mouse,5700,67
477084,Mouse,3878,67
477087,Elephant,310304,855
477129,Mouse,5037,69
477153,Mouse,3554,64
477195,Mouse,5260,65
477200,Mouse,4850,65
477273,Mouse,3636,64
477280,Mouse,3044,64
477291,Mouse,5110,65
477306,Mouse,3580,64
477312,Mouse,4722,65
477336,Mouse,4509,65
477365,Mouse,5663,68
477366,Mouse,3631,67
477436,Mouse,4955,65
477445,Mouse,5393,65
477506,Mouse,4775,65
477558,Mouse,4627,65
477604,Mouse,5303,65
477625,Mouse,4142,64
477636,Mouse,4786,65
477703,Mouse,3600,64
477706,Mouse,3392,64
477743,Mouse,4518,65
477865,Mouse,3046,64
477893,Mouse,3482,64
477908,Mouse,3923,65
477942,Mouse,3322,64
477954,Mouse,3402,64
477986,Mouse,5458,69
477996,Mouse,3129,65
477997,Mouse,4399,67
478001,Mouse,4598,69
478123,Mouse,3977,64
478143,Mouse,4550,65
478212,Mouse,3843,64
478225,Mouse,4803,65
478346,Mouse,5710,68
478379,Mouse,4782,70
478393,Mouse,5476,71
478545,Mouse,3723,67
478565,Mouse,3129,78
478571,Mouse,3647,80
478620,Mouse,5325,85
478880,Mouse,3852,103
478923,Mouse,5270,116
478939,Mouse,5530,122
478983,Mouse,4759,136
479062,Mouse,5675,155
479109,Elephant,226544,915
479131,Elephant,468448,1261
479149,Elephant,111675,701
479335,Elephant,75327,507
479377,Mouse,3073,64
479460,Mouse,5208,67
479474,Mouse,5060,65
479757,Mouse,3090,67
479800,Elephant,538741,1359
479842,Mouse,5360,71
479846,Mouse,3525,69
479868,Mouse,4632,65
479948,Mouse,4941,65
479979,Mouse,4648,68
480075,Mouse,5229,65
480080,Mouse,5304,67
480087,Mouse,5829,67
480170,Mouse,4916,70
480171,Mouse,3965,70
480209,Mouse,4289,69
480311,Mouse,4258,76
480342,Mouse,4562,76
480347,Mouse,3123,78
480374,Mouse,5402,89
480403,Mouse,5526,91
480440,Mouse,4672,92
480457,Mouse,3637,95
480485,Elephant,332325,936
480502,Mouse,5278,87
480670,Mouse,4342,69
480674,Mouse,3736,71
480690,Mouse,5668,74
480719,Mouse,5331,75
480740,Elephant,112731,558
480743,Mouse,3483,70
480770,Mouse,5360,78
480784,Mouse,3739,74
480799,Mouse,3380,67
480855,Mouse,4375,71
480906,Mouse,5465,72
480912,Elephant,478508,1143
480917,Mouse,5812,69
480921,Mouse,4988,69
481010,Mouse,5786,66
481056,Mouse,3637,64
481068,Mouse,4887,66
481071,Mouse,3612,65
481134,Mouse,5287,65
481171,Mouse,3314,65
481196,Mouse,3449,67
481203,Mouse,5183,65
481248,Mouse,4054,65
481337,Mouse,4626,65
481342,Elephant,36173,235
481414,Mouse,5806,72
481428,Mouse,3670,64
481469,Mouse,4911,65
481514,Mouse,3480,67
481634,Elephant,184164,636
481724,Mouse,4679,65
481800,Mouse,4636,65
481867,Mouse,3601,67
481893,Mouse,3434,67
481953,Elephant,56448,322
482115,Mouse,4553,65
482255,Mouse,4693,81
482335,Mouse,5750,68
482453,Mouse,4875,74
482485,Mouse,5188,75
482493,Mouse,3048,79
482547,Mouse,4295,92
482570,Mouse,3144,91
482609,Mouse,4098,94
482657,Mouse,3197,97
482677,Mouse,5607,100
482790,Mouse,5791,119
482806,Mouse,3687,118
482841,Mouse,4246,117
482908,Mouse,5201,132
482935,Elephant,91738,594
482947,Elephant,129452,716
482984,Elephant,388226,1159
482992,Mouse,5470,103
483014,Mouse,3868,84
483099,Mouse,4368,69
483106,Elephant,314254,1029
483143,Mouse,5784,69
483165,Mouse,4435,65
483169,Mouse,5802,66
483248,Mouse,3212,66
483411,Mouse,3181,64
483428,Mouse,3985,64
483442,Mouse,3237,67
483486,Mouse,5176,70
483495,Mouse,4504,71
483613,Mouse,4888,68
483629,Mouse,5598,68
483633,Mouse,4092,67
483663,Mouse,3910,68
483670,Mouse,4220,71
483687,Mouse,3550,70
483705,Elephant,177468,634
483746,Mouse,5181,75
483749,Mouse,3473,73
483754,Mouse,4572,65
483815,Mouse,3592,67
483919,Mouse,4725,72
483975,Mouse,3747,76
484053,Mouse,3220,67
484069,Mouse,5360,75
484086,Mouse,4709,76
484090,Elephant,254004,777
484190,Mouse,5465,66
484201,Mouse,4150,67
484233,Mouse,4293,66
484326,Mouse,5602,69
484329,Mouse,5178,70
484335,Mouse,3072,71
484456,Mouse,5737,73
484499,Elephant,364351,964
484667,Mouse,5565,68
484740,Mouse,3526,64
484919,Mouse,5329,67
484944,Mouse,3410,67
484977,Mouse,3003,66
485042,Mouse,3739,65
485180,Mouse,4698,66
485194,Mouse,5277,72
485203,Elephant,79764,418
485316,Mouse,3163,66
485322,Elephant,538557,1159
485366,Mouse,4914,66
485401,Mouse,3904,64
485477,Mouse,4578,68
485477,Mouse,5006,69
485501,Mouse,5193,65
485525,Mouse,4328,65
485578,Mouse,4032,64
485646,Mouse,3973,64
485797,Mouse,3274,64
486022,Mouse,5106,67
486024,Mouse,3656,66
486033,Mouse,3730,64
486037,Mouse,3143,64
486073,Mouse,3819,64
486138,Mouse,5106,66
486213,Mouse,4668,65
486295,Mouse,5029,66
486308,Mouse,3073,64
486317,Mouse,5180,70
486430,Mouse,3420,70
486473,Mouse,3187,73
486497,Mouse,3842,79
486500,Mouse,5833,82
486518,Elephant,230438,743
486524,Mouse,3450,69
486587,Mouse,4129,64
486591,Mouse,3466,64
486744,Mouse,5314,70
486803,Mouse,4340,77
486819,Mouse,4314,82
486833,Mouse,3149,71
486878,Mouse,4311,78
486884,Mouse,5490,81
486927,Mouse,4458,77
486945,Mouse,5468,79
486983,Mouse,5416,87
487059,Mouse,5308,82
487078,Elephant,394008,1042
487106,Mouse,3924,75
487184,Mouse,3822,67
487252,Mouse,4751,66
487255,Mouse,4594,67
487382,Mouse,4602,71
487438,Mouse,4136,77
487472,Elephant,556765,1236
487494,Mouse,4648,72
487693,Mouse,4137,68
487715,Mouse,4923,77
487730,Mouse,5093,77
487836,Mouse,3340,69
487859,Mouse,5691,75
487872,Mouse,5783,79
487950,Mouse,5026,86
487966,Mouse,3430,89
487972,Mouse,3440,91
488006,Mouse,3740,97
488067,Mouse,5224,115
488103,Mouse,3063,115
488132,Mouse,5506,122
488200,Mouse,3198,126
488273,Elephant,284818,981
488286,Elephant,332350,1059
488294,Mouse,3116,120
488350,Mouse,3293,79
488417,Mouse,5585,73
488435,Mouse,4969,73
488438,Mouse,3655,73
488506,Mouse,3969,81
488645,Elephant,153035,755
488659,Mouse,3159,78
488763,Mouse,5481,75
488816,Elephant,459235,1274
488841,Mouse,4667,82
488923,Mouse,3361,84
488936,Mouse,3104,83
489091,Mouse,4169,91
489171,Mouse,4510,106
489200,Mouse,3506,114
489265,Mouse,5145,127
489279,Mouse,5066,136
489280,Mouse,5515,138
489360,Mouse,5432,150
489417,Elephant,385307,1274
489435,Mouse,3734,136
489514,Mouse,4430,116
489539,Mouse,4739,114
489544,Mouse,3127,116
489672,Mouse,3285,130
489673,Mouse,4052,131
489684,Mouse,3979,135
489690,Mouse,3320,138
489701,Mouse,3625,138
489736,Mouse,3022,141
489834,Mouse,3196,156
489844,Mouse,4236,160
489890,Mouse,5839,160
489965,Mouse,4869,172
489995,Mouse,4273,177
490022,Mouse,4802,180
490026,Elephant,265653,1258
490043,Mouse,3664,180
490142,Mouse,3828,160
490150,Mouse,5196,162
490217,Mouse,3160,147
490218,Mouse,3807,147
490265,Mouse,4620,157
490342,Mouse,3191,164
490410,Mouse,5097,186
490482,Mouse,5320,183
490498,Mouse,4124,185
490521,Elephant,381890,1730
490550,Elephant,517590,1896
490592,Mouse,3505,108
490611,Mouse,4310,100
490641,Mouse,3574,90
490662,Elephant,470546,1891
490770,Mouse,3839,65
490812,Mouse,3079,64
490940,Mouse,5462,72
490944,Mouse,3915,68
491034,Mouse,5816,70
491101,Elephant,292425,1170
491532,Mouse,5801,68
491606,Elephant,590410,1476
491636,Mouse,4944,70
491682,Mouse,4274,68
491747,Mouse,3980,67
491749,Mouse,5210,69
491762,Mouse,3101,68
491832,Mouse,3367,66
491833,Mouse,4666,68
491848,Mouse,4773,67
491863,Mouse,5676,66
492078,Mouse,3431,70
492079,Mouse,4163,70
492105,Mouse,4390,71
492113,Mouse,4765,73
492192,Mouse,5618,76
492252,Elephant,402293,1000
492280,Mouse,5462,73
492363,Mouse,4667,67
492420,Mouse,5220,69
492525,Mouse,3597,68
492535,Mouse,4016,70
492556,Mouse,4747,76
492638,Mouse,5599,75
492693,Mouse,5163,80
492702,Elephant,235859,806
492783,Mouse,4672,65
492866,Mouse,3079,72
492876,Mouse,5496,72
492964,Mouse,3821,67
493010,Elephant,383430,998
493014,Mouse,4952,67
493072,Mouse,4438,65
493123,Mouse,4116,67
493202,Mouse,4359,65
493222,Mouse,3706,70
493272,Mouse,4285,73
493317,Mouse,4980,69
493366,Elephant,312788,897
493538,Mouse,4721,65
493661,Mouse,5440,68
493821,Mouse,3183,71
493836,Mouse,4336,70
494079,Mouse,5563,92
494097,Mouse,3894,97
494100,Mouse,4826,99
494228,Mouse,5003,116
494322,Mouse,5719,122
494327,Mouse,4813,125
494372,Mouse,3058,132
494392,Elephant,171941,791
494394,Elephant,557238,1331
494438,Mouse,5350,98
494450,Mouse,5146,81
494468,Mouse,4088,66
494513,Mouse,5753,69
494546,Elephant,347441,1055
494585,Mouse,3228,64
494594,Mouse,3603,64
494601,Mouse,4508,65
494643,Mouse,4605,65
494666,Mouse,4189,64
494687,Mouse,3925,66
494737,Mouse,3642,64
494777,Mouse,4465,65
494793,Mouse,3551,64
494816,Mouse,3741,64
494882,Mouse,4117,64
494967,Mouse,4935,65
495000,Mouse,4016,64
495062,Mouse,4681,69
495070,Mouse,3813,66
495071,Mouse,5672,69
495117,Mouse,3208,64
495268,Mouse,4255,69
495285,Mouse,5722,79
495354,Mouse,5275,70
495382,Mouse,5320,65
495521,Mouse,3948,65
495624,Mouse,3359,65
495641,Mouse,3807,73
495704,Elephant,247588,763
495839,Mouse,5455,66
495949,Elephant,406359,1001
495995,Mouse,3104,64
496022,Mouse,3017,64
496033,Mouse,3616,64
496108,Mouse,4531,65
496121,Mouse,5389,65
496159,Mouse,4592,65
496188,Mouse,5720,66
496221,Mouse,4659,65
496276,Mouse,4269,65
496397,Mouse,3731,64
496537,Mouse,3946,64
496685,Mouse,4298,68
496753,Mouse,3433,64
496804,Mouse,3577,65
496840,Mouse,3114,64
496852,Mouse,4804,69
496869,Mouse,5027,70
497058,Mouse,4061,64
497245,Elephant,429497,1018
497270,Mouse,3144,70
497335,Mouse,3439,64
497352,Mouse,4235,67
497428,Mouse,3143,64
497443,Mouse,4737,70
497530,Mouse,4167,70
497542,Mouse,4347,69
497552,Mouse,5213,65
497557,Mouse,3509,64
497704,Mouse,3624,65
497816,Mouse,4365,68
497860,Mouse,3288,70
498163,Elephant,442272,1094
498266,Mouse,5020,69
498306,Elephant,158674,643
498345,Mouse,5256,73
498353,Mouse,4179,64
498375,Mouse,3506,66
498644,Mouse,3745,72
498647,Mouse,3222,74
498654,Mouse,5631,76
498722,Mouse,3347,67
498808,Elephant,544795,1354
498817,Mouse,4138,65
498897,Mouse,3554,64
498925,Mouse,5335,67
498943,Mouse,3709,66
498954,Mouse,5764,70
498991,Mouse,4310,67
499039,Mouse,3500,67
499271,Mouse,3451,77
499322,Mouse,4184,86
499370,Elephant,322002,926
499383,Mouse,3992,93
499398,Mouse,5780,98
499412,Mouse,4700,99
499431,Elephant,131794,588
499442,Mouse,4131,79
499462,Elephant,135768,600
499518,Mouse,4584,65
499644,Mouse,3570,64
499805,Mouse,4147,71
499816,Mouse,3183,76
499872,Mouse,5167,65
499914,Mouse,5650,77
499979,Mouse,5302,71
500055,Mouse,5670,85
500079,Mouse,4799,96
500237,Mouse,3864,113
500250,Mouse,3069,115
500375,Mouse,5266,139
500427,Mouse,3963,136
500495,Mouse,5665,158
500517,Mouse,5304,164
500585,Mouse,5749,173
500731,Mouse,5192,174
500750,Elephant,533719,1544
500752,Mouse,5609,181
500801,Mouse,4119,172
500837,Mouse,4298,150
500872,Mouse,4755,164
500963,Mouse,3342,136
501100,Mouse,3117,146
501184,Elephant,457199,1626
501253,Mouse,3272,137
501265,Mouse,4762,140
501293,Elephant,254209,1359
501332,Elephant,324140,1557
501336,Mouse,5532,99
501354,Mouse,4545,87
501441,Mouse,4995,70
501630,Elephant,488021,1684
501650,Mouse,4652,66
501749,Mouse,3218,64
501785,Mouse,3257,64
501858,Mouse,3700,64
501929,Mouse,4940,65
501997,Mouse,3554,64
502004,Mouse,4107,64
502050,Mouse,4673,66
502161,Mouse,5541,66
502232,Mouse,4794,65
502290,Mouse,3178,64
502415,Mouse,5339,65
502419,Mouse,4200,66
502431,Mouse,4834,65
502439,Mouse,3391,64
502448,Mouse,4746,65
502477,Mouse,5742,66
502481,Mouse,4558,65
502486,Mouse,5144,65
502554,Mouse,3934,64
502568,Mouse,4725,65
502797,Mouse,4756,65
502849,Mouse,5272,65
502861,Mouse,4668,65
502955,Mouse,5386,65
503086,Mouse,5556,66
503089,Mouse,4232,65
503107,Mouse,5043,65
503283,Mouse,3896,64
503333,Mouse,5554,66
503394,Mouse,3641,64
503410,Mouse,3473,64
503521,Mouse,4709,65
503525,Mouse,4565,66
503593,Mouse,3269,64
503628,Mouse,5164,68
503679,Mouse,5776,71
503737,Mouse,4314,65
503815,Mouse,4197,66
503818,Mouse,5005,67
503952,Mouse,3178,64
504026,Mouse,3752,67
504186,Mouse,4196,71
504208,Mouse,3795,73
504249,Mouse,3261,83
504302,Mouse,5046,91
504311,Mouse,4187,93
504371,Mouse,4004,103
504388,Mouse,4570,106
504442,Mouse,4357,107
504458,Mouse,4043,104
504574,Mouse,3151,118
504596,Mouse,5572,133
504651,Mouse,3451,133
504661,Mouse,3339,138
504716,Mouse,4927,161
504765,Elephant,425963,1245
504799,Mouse,5181,155
504810,Mouse,3360,158
504822,Mouse,4950,163
504896,Mouse,4509,151
505020,Mouse,3574,149
505048,Mouse,4268,151
505076,Mouse,5017,148
505177,Mouse,5525,168
505211,Mouse,3944,182
505238,Mouse,4761,194
505239,Mouse,3290,193
505367,Mouse,5275,225
505392,Mouse,5581,236
505405,Mouse,3508,237
505410,Elephant,404819,1562
505416,Mouse,4334,240
505446,Mouse,5775,237
505467,Mouse,4104,235
505492,Mouse,4127,237
505500,Mouse,3022,239
505530,Mouse,3443,221
505606,Mouse,3529,220
505685,Mouse,3531,203
505705,Mouse,3428,201
505867,Mouse,5139,233
505870,Mouse,4540,234
505963,Mouse,5427,252
506031,Mouse,4599,263
506152,Mouse,4071,276
506179,Mouse,5488,280
506206,Mouse,5554,286
506229,Elephant,538697,2374
506240,Mouse,4553,293
506252,Mouse,4845,298
506270,Elephant,92028,1249
506293,Mouse,3691,289
506363,Mouse,4429,300
506368,Elephant,232029,2172
506377,Mouse,4448,283
506397,Mouse,3419,275
506519,Mouse,3933,234
506686,Mouse,5570,232
506788,Mouse,4940,255
506920,Mouse,3732,273
506953,Elephant,215147,2006
507049,Mouse,4454,277
507079,Mouse,3865,292
507096,Mouse,3715,268
507229,Mouse,4224,277
507237,Mouse,4860,255
507264,Mouse,3677,254
507331,Mouse,5319,269
507499,Mouse,5580,279
507540,Mouse,3498,280
507561,Mouse,3422,292
507639,Mouse,3008,296
507679,Mouse,4676,299
507683,Elephant,393255,3068
507692,Elephant,194289,2229
507744,Mouse,4636,312
507791,Elephant,556431,3331
507824,Mouse,4066,284
507827,Mouse,3109,265
507969,Mouse,3575,223
507979,Mouse,5701,224
508019,Elephant,268412,2587
508071,Mouse,3033,194
508088,Mouse,3946,194
508132,Mouse,3632,182
508166,Mouse,4121,183
508177,Mouse,4208,177
508209,Mouse,4078,177
508274,Mouse,5511,186
508284,Mouse,5630,189
508292,Mouse,5260,192
508356,Mouse,3422,198
508468,Elephant,81149,1206
508479,Mouse,3682,197
508628,Mouse,4882,187
508662,Mouse,3302,190
508688,Mouse,4620,198
508705,Elephant,565094,3661
508861,Mouse,5656,164
508870,Mouse,3465,167
508892,Mouse,3768,173
508894,Mouse,5732,177
508960,Mouse,4310,175
509033,Elephant,295873,2395
509048,Mouse,4607,159
509328,Mouse,3224,156
509364,Elephant,431621,3337
509372,Mouse,4348,152
509406,Mouse,5105,157
509438,Mouse,3849,161
509483,Mouse,3321,139
509589,Elephant,467168,2718
509655,Mouse,3229,115
509693,Elephant,471745,3129
509720,Mouse,5269,87
509735,Mouse,4993,85
509814,Mouse,5377,77
509896,Mouse,4566,83
509903,Mouse,5685,86
509979,Mouse,5092,92
509987,Mouse,4422,97
509996,Elephant,42884,334
510035,Elephant,587623,2318
510044,Mouse,3893,85
510200,Mouse,4522,69
510259,Mouse,4662,65
510302,Elephant,241934,929
510328,Mouse,4035,66
510411,Mouse,5119,65
510455,Mouse,4873,66
510539,Mouse,5817,70
510573,Mouse,5275,69
510587,Mouse,5737,71
510626,Mouse,3203,71
510649,Mouse,4993,65
510724,Mouse,3820,64
510810,Mouse,3316,64
511007,Mouse,5745,71
511075,Mouse,5763,67
511092,Elephant,394563,978
511157,Mouse,3507,64
511161,Mouse,3624,65
511214,Mouse,5168,65
511275,Mouse,4768,66
511281,Mouse,3388,69
511298,Mouse,5059,65
511347,Mouse,5332,65
511353,Mouse,5763,66
511377,Mouse,5747,66
511420,Mouse,4970,65
511679,Mouse,5067,65
511700,Mouse,5011,65
511708,Elephant,136598,540
511759,Mouse,5001,65
511790,Mouse,3821,64
511812,Mouse,3015,64
511829,Mouse,3015,64
511864,Mouse,5668,66
511956,Mouse,5219,65
511992,Mouse,3829,67
512033,Mouse,5802,72
512040,Mouse,5119,73
512046,Mouse,5570,76
512049,Mouse,4315,73
512102,Mouse,4617,67
512212,Mouse,5386,66
512214,Mouse,3118,64
512298,Mouse,4777,67
512320,Mouse,5131,70
512341,Mouse,4450,69
512426,Mouse,3541,66
512463,Mouse,3211,66
512476,Mouse,3028,66
512480,Mouse,4228,68
512549,Mouse,5357,72
512689,Elephant,238376,811
512716,Mouse,4875,66
512727,Mouse,4692,65
512828,Mouse,3637,67
512852,Elephant,344967,908
512865,Mouse,4288,65
512888,Mouse,4982,70
512897,Mouse,3670,64
512943,Mouse,3227,64
512990,Mouse,5510,66
513027,Mouse,5741,66
513036,Mouse,5575,66
513073,Mouse,4409,65
513156,Mouse,5151,65
513161,Mouse,5435,66
513245,Mouse,3172,64
513345,Elephant,199595,669
513386,Mouse,3401,65
513523,Mouse,3257,65
513536,Mouse,5466,66
513693,Mouse,3887,64
513703,Mouse,5088,65
513715,Mouse,3283,64
513803,Mouse,3133,64
514028,Mouse,4520,65
514043,Mouse,3727,64
514050,Mouse,5419,65
514085,Mouse,3999,65
514095,Mouse,4485,68
514168,Mouse,5539,71
514172,Mouse,4497,73
514179,Mouse,4040,64
514192,Mouse,3134,67
514223,Mouse,3290,64
514229,Mouse,4002,64
514314,Mouse,4993,65
514425,Mouse,4528,70
514443,Mouse,5051,70
514466,Mouse,3083,69
514478,Mouse,3759,72
514512,Mouse,5296,73
514519,Mouse,3190,76
514522,Mouse,3907,77
514597,Mouse,5702,82
514609,Mouse,3233,82
514621,Mouse,4224,76
514694,Elephant,183491,726
514706,Mouse,4575,88
514717,Mouse,4709,90
514725,Mouse,5363,94
514797,Elephant,91063,462
514884,Elephant,450880,1101
514888,Mouse,3649,78
514919,Elephant,31421,228
514933,Mouse,4481,73
515153,Mouse,5442,66
515202,Mouse,3497,64
515238,Mouse,3861,64
515473,Mouse,5194,65
515534,Mouse,5782,72
515540,Mouse,5624,75
515608,Mouse,4751,68
515620,Mouse,5301,72
515691,Elephant,171520,621
515721,Mouse,5686,66
515749,Mouse,4690,65
515816,Mouse,5153,65
515962,Mouse,5080,65
515977,Mouse,3196,66
516072,Mouse,5720,66
516107,Mouse,3562,66
516115,Mouse,3578,70
516219,Mouse,3287,64
516237,Mouse,5272,67
516249,Mouse,3331,68
516269,Mouse,5763,70
516421,Mouse,4651,69
516441,Mouse,3887,69
516480,Mouse,5006,76
516498,Elephant,101917,468
516518,Mouse,5639,75
516538,Mouse,4212,75
516580,Mouse,4506,68
516701,Mouse,5433,70
516767,Mouse,4139,67
516777,Mouse,3112,66
516779,Elephant,442157,1084
516817,Mouse,5148,65
516973,Mouse,4583,69
517043,Mouse,4576,65
517056,Mouse,5179,68
517079,Mouse,4916,65
517137,Mouse,3754,64
517180,Mouse,3845,65
517237,Elephant,309626,867
517295,Mouse,3619,64
517441,Mouse,5531,69
517441,Mouse,5341,69
517548,Mouse,3303,70
517554,Mouse,4770,71
517606,Mouse,3861,64
517715,Mouse,3802,67
517765,Mouse,5164,72
517785,Mouse,4307,65
517813,Mouse,4561,72
517833,Mouse,3087,72
517886,Mouse,3342,67
517946,Mouse,5167,65
518054,Mouse,4994,73
518161,Mouse,5144,70
518184,Mouse,3109,81
518185,Mouse,3924,80
518229,Mouse,3872,85
518253,Mouse,5395,93
518268,Mouse,3283,94
518311,Mouse,3662,93
518342,Elephant,429427,1084
518353,Mouse,3333,86
518495,Elephant,442759,1107
518608,Mouse,5083,65
518664,Mouse,4116,69
518667,Mouse,3645,67
518695,Mouse,4292,65
518795,Mouse,3272,64
518813,Mouse,3484,64
518862,Mouse,3865,64
518875,Mouse,4088,68
519028,Mouse,4203,64
519081,Mouse,5304,65
519203,Mouse,5259,69
519209,Mouse,3444,64
519232,Elephant,255318,769
519380,Mouse,5475,67
519461,Mouse,3364,64
519472,Mouse,5091,68
519503,Mouse,3485,70
519601,Mouse,4072,69
519606,Mouse,4781,73
519641,Mouse,4643,69
519650,Mouse,4758,74
519813,Elephant,129306,540
519818,Mouse,5257,71
519923,Elephant,361109,933
520000,Mouse,4097,64
520003,Mouse,3029,64
520062,Mouse,3599,64
520066,Mouse,4733,65
520075,Mouse,4741,65
520115,Mouse,3809,64
520139,Mouse,4579,65
520313,Mouse,4003,64
520328,Mouse,4945,65
520520,Mouse,5709,66
520604,Mouse,4534,65
520733,Mouse,4713,65
520746,Mouse,4919,65
520795,Mouse,5061,65
520850,Mouse,4880,66
520852,Mouse,4351,66
520883,Mouse,4839,65
520918,Mouse,3541,67
520972,Mouse,4610,65
521081,Mouse,5622,66
521087,Mouse,4041,68
521091,Mouse,5122,72
521143,Mouse,5180,67
521159,Mouse,5625,66
521201,Mouse,3148,65
521248,Mouse,3381,64
521288,Mouse,4419,65
521565,Mouse,4318,68
521589,Mouse,5051,73
521671,Elephant,283371,820
521707,Elephant,91305,424
521912,Mouse,3932,64
522003,Mouse,4492,65
522059,Mouse,4782,65
522100,Mouse,4031,70
522121,Mouse,5048,65
522262,Elephant,46555,278
522403,Mouse,3554,64
522491,Mouse,4407,65
522500,Mouse,5155,67
522610,Elephant,212221,692
522665,Mouse,5049,65
522779,Mouse,4782,70
522858,Mouse,3067,67
522874,Mouse,4362,70
522977,Mouse,5784,66
523017,Mouse,3805,74
523029,Mouse,3077,66
523208,Mouse,3597,75
523414,Mouse,4961,99
523414,Mouse,3678,98
523486,Mouse,4788,102
523539,Mouse,5397,114
523568,Mouse,3765,108
523618,Elephant,485322,1217
523619,Mouse,4186,122
523628,Mouse,3365,115
523674,Mouse,3090,79
523750,Mouse,5654,77
523766,Mouse,3127,75
523784,Mouse,4223,76
523808,Elephant,474932,1228
523879,Mouse,4947,68
523932,Mouse,4693,72
523997,Mouse,3778,68
524099,Mouse,3363,68
524107,Mouse,3771,71
524115,Mouse,3753,72
524127,Mouse,4489,73
524307,Mouse,5071,88
524315,Mouse,3441,90
524439,Mouse,3761,97
524509,Mouse,3994,108
524534,Elephant,543446,1389
524596,Mouse,3262,90
524629,Mouse,4522,77
524630,Mouse,4617,77
524646,Elephant,188363,749
524654,Mouse,3397,76
524703,Mouse,3440,75
524729,Mouse,4675,73
524756,Elephant,131037,660
524775,Mouse,4249,68
524824,Mouse,5058,71
524889,Mouse,3003,64
524927,Mouse,4269,67
524971,Mouse,4518,66
525005,Mouse,4248,68
525111,Mouse,3547,65
525249,Mouse,3352,64
525395,Mouse,3551,64
525401,Elephant,444300,1266
525459,Mouse,3616,64
525465,Mouse,5338,65
525607,Mouse,4218,64
525735,Mouse,5142,65
525770,Mouse,5396,69
525793,Mouse,4461,65
525802,Mouse,4874,65
525819,Mouse,4558,68
525855,Mouse,3184,66
525954,Mouse,4790,65
526104,Mouse,3658,64
526376,Mouse,5229,69
526430,Mouse,3810,72
526441,Mouse,5604,77
526457,Mouse,3306,65
526720,Mouse,4902,69
526752,Mouse,4895,66
526816,Elephant,508164,1115
526909,Mouse,3424,64
526953,Mouse,5380,66
527078,Mouse,5420,65
527123,Mouse,3686,64
527199,Mouse,4624,65
527207,Mouse,5461,68
527208,Mouse,4244,68
527213,Mouse,5263,67
527274,Mouse,3646,67
527284,Mouse,5770,75
527428,Mouse,3906,64
527542,Mouse,3275,76
527600,Mouse,3015,74
527610,Mouse,3615,69
527716,Mouse,4460,76
527725,Elephant,472469,1089
527803,Mouse,5600,66
527846,Mouse,3973,64
527925,Mouse,5226,70
527947,Mouse,3330,67
528037,Elephant,163285,616
528047,Elephant,177253,663
528185,Mouse,3967,64
528242,Mouse,3625,64
528286,Mouse,3212,65
528311,Mouse,3392,64
528365,Mouse,3440,64
528400,Mouse,3752,64
528424,Mouse,5469,66
528435,Mouse,3821,64
528540,Mouse,4729,68
528592,Mouse,5434,71
528661,Mouse,3881,65
528718,Mouse,5124,68
528810,Mouse,4973,65
528936,Elephant,147335,552
529094,Mouse,4353,65
529102,Mouse,4467,65
529124,Mouse,4150,64
529147,Mouse,4412,65
529305,Mouse,5661,66
529382,Mouse,3418,64
529404,Mouse,5276,65
529485,Mouse,5772,68
529488,Mouse,4398,68
529501,Mouse,4587,69
529521,Mouse,4841,73
529564,Mouse,3182,73
529602,Mouse,4236,67
529606,Mouse,3730,70
529634,Mouse,5181,76
529671,Mouse,4847,78
529783,Mouse,5262,88
529857,Mouse,3860,95
529865,Mouse,3585,98
529905,Mouse,3160,108
529910,Mouse,4121,109
529937,Mouse,5442,116
529988,Mouse,4072,122
530054,Mouse,5746,128
530087,Mouse,5657,133
530120,Mouse,5562,136
530164,Mouse,3066,135
530203,Mouse,5219,144
530245,Elephant,580332,1418
530248,Mouse,4878,134
530357,Mouse,3408,89
530360,Mouse,5364,96
530381,Mouse,5622,96
530423,Elephant,328798,1142
530471,Mouse,5032,82
530481,Mouse,3792,84
530505,Mouse,5035,87
530506,Mouse,4013,84
530524,Mouse,5261,77
530592,Mouse,5330,76
530673,Mouse,4040,76
530742,Mouse,3745,75
530749,Mouse,4215,77
530811,Mouse,4631,87
530871,Mouse,5631,89
530895,Elephant,434069,1346
530900,Elephant,333683,1210
530904,Mouse,4539,84
530946,Mouse,4236,71
530983,Mouse,4303,66
531052,Mouse,3790,64
531101,Mouse,5084,65
531102,Elephant,41613,303
531126,Mouse,3184,64
531140,Mouse,5762,67
531143,Mouse,4338,67
531167,Mouse,4299,65
531206,Mouse,3296,64
531235,Mouse,4392,67
531236,Mouse,4285,68
531499,Mouse,4605,65
531570,Mouse,5034,65
531574,Mouse,3026,64
531606,Mouse,3966,68
531613,Mouse,3225,64
531617,Mouse,4015,65
531627,Mouse,3942,64
531776,Mouse,3193,66
531833,Mouse,4062,67
531894,Mouse,3643,64
531983,Mouse,3582,64
532099,Mouse,5566,72
532149,Elephant,128744,512
532164,Mouse,5430,69
532184,Mouse,5284,70
532285,Mouse,3751,64
532415,Mouse,5440,77
532591,Elephant,58830,358
532605,Mouse,3831,84
532656,Mouse,4854,90
532722,Mouse,3882,88
532776,Elephant,552708,1239
532915,Elephant,157502,656
532985,Mouse,5704,70
533057,Mouse,5062,68
533079,Mouse,4227,68
533136,Mouse,4791,73
533187,Mouse,3147,69
533278,Mouse,4793,65
533352,Mouse,3884,68
533362,Mouse,5137,66
533419,Mouse,5555,70
533436,Mouse,4456,81
533444,Mouse,4280,86
533506,Mouse,5059,83
533519,Mouse,3504,71
533537,Mouse,5492,72
533554,Elephant,527663,1227
533708,Mouse,3695,64
533751,Mouse,4742,66
533778,Mouse,3045,67
533862,Mouse,3880,67
534010,Mouse,3227,67
534148,Mouse,3185,65
534264,Mouse,3547,71
534281,Elephant,383036,975
534323,Mouse,4785,71
534339,Mouse,3177,67
534350,Mouse,5614,68
534353,Mouse,3042,65
534399,Mouse,5665,66
534422,Mouse,4256,66
534430,Mouse,5711,71
534439,Mouse,4328,75
534445,Mouse,4659,75
534588,Mouse,3626,64
534680,Mouse,3024,67
534713,Mouse,5767,73
534847,Elephant,85133,437
534871,Mouse,5506,76
534996,Mouse,4011,75
535010,Mouse,3830,77
535042,Mouse,3346,86
535070,Mouse,3407,87
535112,Mouse,4935,106
535113,Mouse,4153,105
535173,Mouse,4922,107
535182,Mouse,3791,110
535193,Mouse,3882,113
535232,Elephant,551516,1266
535246,Mouse,3422,102
535267,Mouse,4977,102
535279,Mouse,5582,106
535316,Mouse,5516,80
535338,Mouse,5687,74
535356,Mouse,3128,67
535368,Mouse,5342,74
535393,Mouse,5278,78
535440,Mouse,5387,76
535451,Mouse,5821,82
535512,Mouse,4967,76
535520,Mouse,5687,78
535538,Elephant,326784,1007
535544,Mouse,5054,80
535550,Mouse,5814,82
535551,Mouse,4650,81
535555,Mouse,3681,71
535574,Mouse,3748,75
535630,Mouse,4881,69
535716,Mouse,5508,67
535731,Mouse,3461,66
535742,Mouse,4954,65
535759,Mouse,4944,68
535791,Mouse,3333,67
535810,Mouse,3927,66
535846,Mouse,4439,72
535958,Mouse,4181,64
536078,Mouse,5247,74
536138,Mouse,4626,85
536142,Elephant,517624,1374
536192,Mouse,4652,81
536214,Mouse,4424,78
536308,Mouse,3574,71
536365,Mouse,5592,68
536373,Mouse,5129,71
536477,Elephant,214186,731
536508,Mouse,4753,75
536523,Elephant,116482,546
536592,Mouse,5712,70
536600,Mouse,3398,67
536663,Elephant,194464,711
536686,Mouse,3462,64
536731,Mouse,3972,64
536777,Mouse,4045,64
536799,Mouse,3215,64
536808,Mouse,4737,65
536852,Mouse,3736,65
536876,Mouse,5346,65
536880,Mouse,3699,64
536884,Mouse,3278,64
536951,Mouse,3414,64
536997,Mouse,3238,64
537081,Mouse,5184,65
537090,Mouse,3942,64
537126,Mouse,5341,66
537134,Mouse,4962,66
537208,Mouse,4500,65
537272,Mouse,4366,65
537358,Mouse,4583,65
537495,Mouse,3845,67
537503,Mouse,3528,68
537530,Elephant,65639,362
537542,Mouse,4708,69
537547,Mouse,3604,64
537567,Mouse,4557,65
537604,Mouse,5277,65
537634,Mouse,5754,66
537680,Mouse,5568,66
537702,Mouse,4970,65
537729,Mouse,3259,64
537741,Mouse,4053,64
537873,Mouse,4781,65
537896,Mouse,3786,64
537979,Mouse,3256,64
537989,Mouse,5593,68
537991,Mouse,4514,68
538070,Mouse,4707,65
538175,Mouse,5292,65
538196,Mouse,4483,65
538316,Mouse,4979,70
538325,Mouse,5053,74
538338,Mouse,4090,79
538450,Mouse,3910,66
538501,Mouse,5156,69
538521,Elephant,77988,400
538525,Mouse,5376,76
538570,Mouse,3586,73
538620,Mouse,4277,70
538659,Mouse,5027,68
538663,Mouse,4196,70
538672,Mouse,5758,75
538689,Mouse,4747,66
538726,Elephant,286537,823
538731,Mouse,5812,66
538823,Mouse,3208,64
538997,Mouse,5779,66
539089,Mouse,3667,67
539223,Mouse,4621,73
539271,Elephant,85886,420
539330,Mouse,5142,70
539340,Mouse,5797,76
539390,Mouse,3965,69
539393,Mouse,3289,70
539408,Mouse,5305,67
539410,Mouse,3509,67
539465,Mouse,3414,68
539554,Mouse,3503,66
539624,Mouse,3648,65
539706,Mouse,4729,73
539719,Mouse,3301,74
539750,Mouse,3435,73
539776,Elephant,254008,779
539782,Mouse,4061,74
539850,Mouse,3876,68
539853,Elephant,263179,790
539897,Mouse,3067,65
539983,Mouse,3133,64
540028,Mouse,4417,65
540058,Mouse,3063,72
540058,Mouse,3892,73
540131,Mouse,3521,66
540151,Mouse,3478,76
540154,Mouse,5178,76
540214,Mouse,5533,70
540339,Mouse,4354,78
540353,Elephant,185758,645
540388,Mouse,4398,68
540428,Mouse,4515,68
540484,Mouse,3467,64
540537,Mouse,4312,68
540623,Mouse,4600,77
540645,Mouse,3156,74
540666,Mouse,4076,78
540718,Mouse,5840,84
540795,Mouse,3697,86
540949,Elephant,343520,1009
541019,Mouse,4030,74
541076,Mouse,3321,74
541181,Elephant,469680,1293
541190,Mouse,4298,69
541195,Mouse,5696,71
541341,Mouse,3475,67
541439,Mouse,3158,67
541477,Elephant,371339,1034
541481,Mouse,3787,66
541484,Mouse,3036,64
541501,Mouse,4838,65
541517,Mouse,3284,64
541642,Mouse,4666,68
541643,Mouse,5630,70
541823,Elephant,55669,320
541853,Mouse,5244,68
541943,Mouse,3054,67
541989,Mouse,4746,68
542215,Mouse,3697,69
542219,Mouse,3062,64
542250,Mouse,5827,75
542487,Mouse,4516,74
542515,Mouse,5338,87
542518,Mouse,3024,81
542561,Mouse,5447,94
542572,Mouse,3693,99
542592,Mouse,4919,101
542670,Mouse,5296,105
542690,Mouse,3808,104
542759,Mouse,3599,103
542781,Mouse,3633,108
542797,Mouse,3156,107
542822,Mouse,4455,116
542928,Mouse,5304,124
542940,Elephant,478032,1246
542959,Mouse,5368,123
542960,Mouse,4330,123
542979,Mouse,3730,113
543001,Mouse,5406,106
543024,Mouse,3581,97
543096,Mouse,3818,72
543140,Mouse,4169,76
543175,Mouse,4744,87
543214,Mouse,3357,88
543236,Elephant,579228,1414
543250,Elephant,198571,875
543395,Mouse,3993,66
543398,Mouse,5439,67
543498,Mouse,5200,65
543562,Mouse,3015,64
543648,Mouse,4946,65
543709,Mouse,4396,69
543717,Mouse,4339,65
543738,Mouse,3306,64
543747,Mouse,4885,68
543752,Mouse,3386,70
543781,Mouse,5784,66
543870,Mouse,4504,65
543885,Mouse,5353,70
543890,Mouse,5139,73
543944,Mouse,3152,73
543946,Mouse,4886,72
543994,Mouse,5046,65
544095,Mouse,5674,67
544101,Mouse,4657,68
544151,Mouse,5336,69
544179,Mouse,3347,64
544203,Mouse,5650,72
544378,Mouse,4518,65
544420,Mouse,3353,67
544508,Mouse,4543,68
544550,Elephant,475695,1082
544805,Mouse,3667,64
544809,Mouse,4695,66
544909,Mouse,4603,69
544915,Mouse,3660,70
544983,Mouse,4806,69
545092,Mouse,4077,68
545098,Mouse,5053,69
545184,Mouse,5111,72
545306,Mouse,4756,79
545338,Mouse,4259,87
545390,Mouse,3781,92
545508,Elephant,316106,927
545511,Mouse,4714,103
545525,Elephant,554256,1380
545548,Mouse,3897,83
545618,Mouse,5512,66
545647,Mouse,4877,68
545658,Mouse,3084,65
545749,Mouse,4058,64
545804,Mouse,3564,67
545912,Mouse,4296,68
546035,Mouse,3874,67
546057,Mouse,3433,73
546189,Mouse,3477,68
546229,Mouse,3979,68
546254,Mouse,5070,70
546282,Mouse,4514,74
546285,Elephant,490149,1175
546314,Mouse,5399,73
546328,Mouse,3963,71
546332,Mouse,5294,67
546348,Mouse,3981,67
546375,Mouse,4316,69
546378,Mouse,3692,65
546435,Mouse,3734,66
546440,Elephant,118091,512
546644,Mouse,4842,65
546695,Mouse,4193,64
546774,Mouse,5738,74
546780,Mouse,3751,67
546838,Mouse,3223,65
547056,Mouse,4571,91
547064,Mouse,3929,97
547117,Mouse,5383,111
547252,Elephant,275599,1008
547379,Mouse,4963,108
547385,Elephant,320710,1097
547441,Mouse,5591,90
547456,Mouse,5349,91
547492,Mouse,3850,96
547510,Mouse,4197,94
547541,Mouse,4846,102
547548,Elephant,63768,500
547567,Mouse,3229,102
547638,Mouse,5528,98
547651,Elephant,143392,748
547680,Mouse,5406,88
547683,Mouse,3715,88
547704,Mouse,3453,84
547747,Mouse,3642,79
547775,Mouse,3412,86
547796,Mouse,5248,94
547799,Elephant,244498,983
547858,Mouse,3409,69
547869,Mouse,3024,66
547920,Elephant,265698,1018
548035,Mouse,4775,74
548038,Mouse,3694,75
548067,Mouse,4169,68
548181,Mouse,3916,67
548186,Mouse,4467,70
548269,Mouse,3285,72
548363,Mouse,4221,70
548450,Elephant,183201,671
548535,Mouse,3865,65
548549,Mouse,4661,68
548596,Mouse,4090,69
548638,Mouse,5279,66
548734,Mouse,5288,80
548782,Mouse,5676,91
548838,Mouse,5378,101
548858,Mouse,4886,103
548954,Mouse,4620,106
548988,Elephant,571177,1312
549011,Mouse,5102,89
549017,Mouse,3281,90
549037,Mouse,4981,95
549065,Mouse,5201,85
549150,Mouse,3030,73
549214,Elephant,305947,962
549267,Mouse,3190,64
549284,Mouse,4005,70
549288,Mouse,5297,73
549421,Mouse,5731,75
549464,Mouse,4864,82
549480,Mouse,5626,82
549525,Mouse,3385,96
549540,Elephant,284737,959
549601,Mouse,4757,77
549689,Mouse,4449,69
549787,Mouse,4506,76
549917,Mouse,5193,87
550036,Mouse,4406,101
550082,Mouse,5081,108
550103,Mouse,3051,117
550125,Mouse,3376,118
550207,Mouse,4820,136
550216,Mouse,3153,141
550219,Mouse,3478,139
550317,Elephant,506380,1407
550351,Mouse,3022,135
550365,Mouse,5482,135
550420,Mouse,3939,110
550444,Mouse,4450,114
550444,Mouse,3586,109
550484,Mouse,5007,113
550538,Elephant,507400,1439
550557,Mouse,4585,104
550634,Mouse,4769,70
550668,Mouse,3868,71
550747,Mouse,5284,77
550811,Mouse,5611,92
550844,Elephant,168517,865
550863,Mouse,5405,107
550876,Elephant,74247,636
550892,Mouse,5300,100
550916,Mouse,5233,104
550947,Mouse,4076,77
550976,Mouse,3724,87
550983,Mouse,4225,92
551018,Elephant,492987,1573
551045,Mouse,5702,83
551084,Mouse,4087,68
551212,Mouse,3696,70
551216,Elephant,97902,525
551269,Mouse,4594,70
551324,Mouse,3768,72
551340,Mouse,3598,64
551422,Elephant,54844,323
551454,Mouse,5025,69
551457,Mouse,3650,69
551532,Elephant,195290,720
551637,Mouse,5610,69
551639,Mouse,5753,70
551796,Mouse,3376,66
551819,Mouse,3413,64
551895,Mouse,3308,64
552044,Mouse,5445,68
552135,Elephant,368478,940
552177,Mouse,4086,65
552353,Mouse,5212,65
552372,Mouse,4471,65
552393,Mouse,5178,65
552583,Mouse,5061,65
552663,Mouse,4836,65
552726,Mouse,5006,65
552880,Mouse,4678,69
552947,Mouse,4665,65
552967,Mouse,5283,68
552985,Mouse,4747,69
553017,Mouse,4845,70
553035,Mouse,5319,72
553053,Mouse,5586,69
553080,Mouse,4901,69
553122,Mouse,5087,71
553125,Mouse,3151,71
553136,Mouse,4436,67
553161,Mouse,4959,74
553178,Mouse,3682,66
553356,Mouse,4740,98
553436,Mouse,4643,111
553545,Mouse,3701,127
553716,Mouse,5808,168
553799,Mouse,3135,178
553841,Mouse,4456,189
553900,Mouse,5710,202
553947,Mouse,3683,200
554062,Mouse,4617,217
554116,Mouse,5767,219
554156,Mouse,4187,218
554160,Elephant,465291,1548
554266,Mouse,4725,205
554293,Mouse,4939,201
554313,Elephant,422259,1586
554366,Mouse,5164,177
554376,Mouse,3757,177
554448,Mouse,4674,178
554531,Mouse,3896,168
554714,Mouse,5790,177
554744,Mouse,4866,178
554770,Mouse,4027,182
554779,Mouse,3908,187
554785,Elephant,137140,1381
554838,Mouse,3845,199
554867,Mouse,4197,204
554926,Mouse,5136,202
554932,Mouse,3529,200
554998,Mouse,3335,191
555048,Mouse,5358,198
555059,Mouse,4782,201
555073,Mouse,3087,205
555076,Mouse,3841,208
555089,Mouse,5496,214
555158,Elephant,360330,1962
555164,Mouse,3751,227
555234,Elephant,403000,2085
555244,Mouse,5106,237
555251,Mouse,3333,205
555315,Mouse,3713,196
555322,Mouse,5768,189
555335,Mouse,5753,191
555342,Mouse,5717,167
555370,Mouse,5682,167
555385,Mouse,5456,172
555413,Mouse,3767,170
555508,Mouse,4892,151
555544,Mouse,5579,149
555577,Elephant,316616,2198
555608,Mouse,3140,142
555628,Mouse,5231,149
555650,Mouse,4237,147
555750,Mouse,3834,98
555777,Elephant,588418,2703
555793,Mouse,3357,79
555796,Mouse,3304,72
555848,Mouse,3913,68
555861,Mouse,5060,75
555873,Mouse,5723,77
556023,Elephant,412371,2010
556068,Mouse,5018,69
556090,Elephant,268143,1306
556093,Mouse,4080,66
556174,Mouse,3988,64
556228,Mouse,3818,64
556297,Mouse,3777,64
556310,Mouse,4363,65
556325,Mouse,5672,66
556378,Mouse,3586,64
556394,Mouse,5244,65
556561,Mouse,3589,64
556575,Mouse,3528,64
556606,Mouse,4291,66
556649,Mouse,3267,65
556674,Mouse,3335,64
556765,Mouse,4321,65
556770,Mouse,3753,64
556804,Mouse,4182,64
556830,Mouse,3172,64
556841,Mouse,4118,64
556861,Mouse,5738,66
556992,Mouse,3210,64
557021,Mouse,5529,66
557025,Mouse,5475,66
557046,Mouse,3105,64
557125,Mouse,3199,64
557187,Mouse,3842,64
557233,Mouse,3464,64
557269,Mouse,4385,67
557357,Mouse,3165,65
557443,Mouse,4086,67
557457,Mouse,5666,66
557509,Mouse,3792,64
557706,Mouse,3639,67
557718,Mouse,5832,73
557780,Mouse,5715,68
557851,Mouse,3671,64
557857,Mouse,4850,65
557941,Mouse,5684,66
557974,Mouse,4064,67
558007,Mouse,4529,69
558018,Elephant,407797,991
558095,Mouse,5211,65
558234,Mouse,5432,67
558247,Mouse,3222,64
558271,Mouse,5544,67
558309,Mouse,5099,65
558395,Mouse,3089,64
558496,Mouse,4371,68
558500,Mouse,5188,66
558567,Mouse,4265,65
558634,Mouse,5805,66
558667,Mouse,3915,68
558758,Mouse,3397,67
558792,Mouse,3278,67
558882,Mouse,4045,65
558943,Mouse,5355,69
558971,Mouse,4797,67
558986,Mouse,4123,69
559025,Elephant,315768,861
559055,Mouse,4711,65
559070,Mouse,4138,65
559124,Mouse,3356,67
559173,Mouse,4247,71
559262,Mouse,3021,65
559309,Mouse,3778,67
559318,Mouse,5582,73
559324,Mouse,3346,75
559396,Elephant,201496,682
559437,Mouse,4213,67
559439,Mouse,3585,66
559475,Mouse,3846,64
559687,Mouse,4483,65
559693,Mouse,5428,65
559698,Mouse,4999,65
559709,Mouse,4939,65
559740,Mouse,4521,65
559818,Mouse,4683,66
559974,Mouse,5724,67
559990,Mouse,4285,70
560028,Mouse,5448,72
560091,Mouse,5208,65
560098,Mouse,5458,66
560140,Mouse,4886,65
560186,Mouse,3923,64
560268,Mouse,3586,75
560273,Mouse,5648,76
560279,Mouse,3553,67
560301,Mouse,5404,75
560318,Mouse,4803,80
560391,Elephant,509541,1136
560453,Mouse,5238,65
560497,Mouse,3410,64
560536,Mouse,3371,64
560581,Mouse,5150,69
560582,Mouse,5088,69
560646,Mouse,3299,66
560654,Mouse,3582,64
560667,Mouse,3759,64
560680,Mouse,5758,70
560755,Mouse,3070,65
560789,Mouse,4940,69
560836,Mouse,5180,72
560975,Mouse,5584,70
561055,Elephant,351249,921
561082,Mouse,4395,70
561154,Mouse,3017,68
561163,Mouse,4987,69
561188,Mouse,3914,68
561248,Mouse,5473,74
561343,Mouse,5741,71
561370,Mouse,3213,68
561681,Mouse,4787,96
561722,Elephant,245950,822
561765,Mouse,5522,92
561820,Mouse,3433,69
561876,Mouse,4404,74
561902,Elephant,554502,1339
561926,Mouse,3767,72
561942,Mouse,3573,72
561955,Mouse,5538,66
562058,Mouse,4293,65
562109,Mouse,3515,69
562135,Mouse,4335,67
562168,Mouse,3481,73
562175,Elephant,327911,960
562179,Mouse,4821,74
562215,Mouse,5279,69
562260,Mouse,3401,65
562278,Mouse,3424,64
562330,Mouse,4016,68
562361,Mouse,3917,66
562461,Mouse,5814,70
562474,Mouse,4621,67
562607,Mouse,5463,70
562638,Mouse,5717,72
562688,Mouse,3289,74
562813,Mouse,3713,82
563026,Mouse,3723,117
563079,Mouse,4228,127
563136,Mouse,4557,137
563176,Mouse,4610,144
563207,Mouse,3664,146
563231,Mouse,3905,153
563270,Elephant,47408,480
563298,Mouse,5120,153
563299,Elephant,265268,1010
563313,Mouse,4459,157
563400,Elephant,343038,1296
563404,Mouse,4695,128
563408,Mouse,4380,110
563412,Mouse,4428,106
563449,Elephant,563728,1449
563474,Mouse,4054,71
563489,Mouse,3646,73
563548,Mouse,4839,65
563622,Mouse,4132,66
563626,Mouse,4010,65
563645,Mouse,3722,64
563673,Mouse,3854,64
563739,Mouse,4879,65
563754,Mouse,4369,65
563793,Mouse,4871,69
563802,Mouse,4093,69
563928,Mouse,5202,69
564126,Mouse,5680,66
564582,Mouse,4523,114
564632,Mouse,4012,123
564650,Mouse,3624,131
564653,Mouse,4455,133
564667,Mouse,3652,137
564702,Elephant,522555,1532
564710,Mouse,4904,126
564772,Mouse,5608,98
564851,Mouse,3007,99
564938,Mouse,4463,109
564990,Mouse,4453,117
565036,Mouse,3048,129
565100,Mouse,5559,141
565209,Mouse,4288,155
565252,Mouse,3992,162
565403,Mouse,3898,187
565411,Mouse,4589,188
565457,Mouse,5286,196
565501,Elephant,313074,1386
565564,Mouse,3531,204
565668,Elephant,511870,1730
565689,Mouse,3482,182
565716,Mouse,5786,185
565759,Elephant,441237,1689
565761,Mouse,5426,160
565814,Mouse,5639,127
565822,Mouse,3523,113
565882,Elephant,127679,991
565948,Mouse,4385,76
566004,Mouse,4943,74
566108,Mouse,4880,86
566111,Mouse,5109,85
566150,Mouse,3016,90
566164,Mouse,4442,94
566267,Elephant,210287,1144
566312,Mouse,5765,84
566357,Elephant,462305,1716
566386,Mouse,5064,73
566472,Mouse,3337,68
566482,Mouse,4622,69
566537,Mouse,4768,70
566596,Elephant,250187,1308
566630,Mouse,4348,66
566694,Mouse,5371,66
566745,Mouse,3006,63
566764,Mouse,4469,67
566772,Elephant,91629,419
566790,Mouse,3380,64
566942,Mouse,5489,66
566963,Mouse,3472,66
567030,Mouse,5598,66
567089,Mouse,3452,67
567099,Mouse,3664,66
567118,Mouse,5483,66
567174,Mouse,4175,68
567182,Elephant,236003,730
567300,Mouse,5510,70
567432,Mouse,4707,68
567540,Mouse,5285,70
567562,Mouse,5706,82
567595,Mouse,4036,76
567620,Mouse,4760,86
567737,Mouse,4077,78
567771,Mouse,3511,87
567837,Mouse,4951,103
567865,Mouse,4797,106
567982,Mouse,5194,120
568095,Mouse,4299,132
568099,Mouse,4076,133
568126,Elephant,121727,691
568131,Mouse,3999,140
568180,Mouse,3948,141
568393,Mouse,5067,134
568411,Elephant,384300,1241
568426,Mouse,5295,135
568461,Mouse,3272,128
568511,Mouse,5519,121
568518,Mouse,4203,121
568526,Mouse,5137,127
568530,Mouse,4666,123
568534,Mouse,4139,124
568555,Mouse,3995,109
568569,Mouse,3483,111
568581,Mouse,4810,116
568649,Mouse,5691,125
568688,Mouse,3446,105
568749,Mouse,4746,107
568790,Mouse,4359,108
568797,Mouse,3331,112
568815,Elephant,512274,1556
568886,Elephant,594228,1657
568890,Mouse,5840,84
568981,Mouse,5271,65
569088,Mouse,4524,65
569092,Mouse,4105,64
569110,Mouse,3323,64
569182,Mouse,3703,64
569240,Mouse,5420,65
569269,Mouse,4178,64
569325,Mouse,5768,66
569345,Mouse,4732,65
569358,Mouse,3019,64
569373,Mouse,4517,72
569403,Mouse,3992,64
569473,Mouse,3106,64
569501,Elephant,46687,280
569598,Mouse,3403,64
569660,Mouse,4463,65
569700,Mouse,4614,65
569717,Mouse,3187,64
569796,Mouse,4784,67
569933,Mouse,5519,66
569995,Mouse,4448,65
570005,Mouse,3982,68
570058,Mouse,5012,70
570103,Mouse,5710,70
570152,Mouse,4765,65
570175,Mouse,5687,68
570231,Mouse,5769,72
570292,Mouse,5280,72
570340,Mouse,4095,65
570394,Mouse,4537,68
570407,Elephant,232198,727
570426,Mouse,5536,68
570463,Mouse,3578,69
570474,Mouse,4757,70
570513,Mouse,3202,71
570525,Mouse,4173,64
570571,Mouse,3420,64
570598,Mouse,5702,69
570608,Mouse,4714,69
570684,Mouse,4848,66
570720,Mouse,4586,69
570722,Mouse,3969,68
570755,Mouse,5239,65
570809,Mouse,5614,67
570901,Mouse,5285,68
571069,Mouse,3997,69
571109,Mouse,3375,73
571128,Elephant,403159,995
571178,Mouse,3114,65
571235,Mouse,5092,68
571320,Mouse,3629,73
571340,Mouse,3711,72
571754,Mouse,4753,115
571797,Mouse,5233,121
571805,Mouse,4854,124
571884,Mouse,5562,145
571901,Mouse,4247,147
571932,Mouse,4933,149
571968,Mouse,3362,161
572161,Elephant,447794,1352
572208,Mouse,3179,175
572557,Mouse,4016,178
572587,Mouse,5731,184
572708,Mouse,4421,202
572726,Elephant,562114,1789
572814,Mouse,4637,199
572816,Mouse,3120,199
572827,Elephant,390908,1632
572918,Mouse,5695,130
573143,Elephant,149529,1346
573147,Mouse,5318,151
573250,Mouse,4335,159
573260,Mouse,3609,160
573325,Mouse,4314,177
573402,Mouse,5044,192
573423,Mouse,3654,196
573491,Elephant,544139,2163
573516,Mouse,3165,210
573517,Mouse,5285,213
573541,Mouse,4921,218
573567,Mouse,3307,219
573588,Mouse,3052,224
573638,Mouse,5736,207
573639,Elephant,117429,1159
573643,Mouse,3653,205
573728,Mouse,4842,184
573750,Mouse,5120,176
573838,Mouse,4076,170
574049,Mouse,4970,208
574097,Elephant,153254,1384
574101,Mouse,3666,208
574310,Mouse,4667,216
574449,Elephant,421245,2327
574454,Mouse,3902,220
574587,Mouse,5457,209
574592,Elephant,128573,1509
574734,Mouse,3142,190
574750,Elephant,515915,2628
574778,Mouse,4275,182
574836,Mouse,4610,172
574959,Mouse,4525,173
575008,Mouse,5777,183
575204,Mouse,3777,209
575313,Mouse,3981,213
575317,Mouse,5387,216
575430,Mouse,4066,228
575517,Elephant,219274,1852
575542,Mouse,5705,234
575623,Mouse,3270,236
575638,Mouse,5568,246
575766,Mouse,4038,242
575839,Elephant,442528,2683
575870,Mouse,3039,252
575898,Elephant,104885,1275
575929,Mouse,4562,250
575947,Elephant,433634,2958
575965,Elephant,123551,1353
576003,Mouse,4702,200
576021,Mouse,5762,206
576029,Elephant,237187,1949
576040,Mouse,3855,176
576062,Mouse,4053,150
576086,Mouse,3144,123
576094,Elephant,493212,2812
576095,Elephant,42110,717
576208,Mouse,3848,64
576283,Mouse,5102,65
576299,Mouse,3301,65
576335,Mouse,5394,65
576384,Mouse,3990,64
576413,Mouse,3532,64
576602,Mouse,5526,66
576678,Mouse,4934,65
576751,Elephant,318864,1178
576811,Mouse,4742,65
576854,Mouse,4044,65
576878,Mouse,5352,65
576984,Mouse,5210,65
577027,Mouse,5468,67
577110,Mouse,3628,64
577321,Mouse,3518,64
577354,Mouse,4486,65
577365,Mouse,5474,67
577426,Mouse,5393,65
577446,Mouse,3995,64
577467,Mouse,4660,69
577538,Mouse,4485,65
577551,Mouse,4791,69
577640,Mouse,4559,67
577676,Mouse,5735,70
577699,Mouse,5716,66
577745,Mouse,5570,68
577761,Mouse,4052,69
577763,Mouse,4332,70
577813,Elephant,223512,721
577815,Mouse,5089,71
577892,Mouse,3156,64
577950,Mouse,3237,64
577995,Mouse,4765,65
578015,Mouse,5106,65
578115,Mouse,5329,65
578129,Mouse,4212,67
578323,Mouse,4413,65
578379,Mouse,4069,64
578404,Mouse,4042,64
578429,Elephant,100315,458
578440,Mouse,5632,66
578509,Mouse,5011,65
578592,Mouse,3307,64
578681,Mouse,3918,64
578686,Mouse,5332,67
578707,Mouse,4587,65
578765,Mouse,5400,68
578779,Mouse,3159,64
578795,Mouse,4688,65
578813,Mouse,5512,68
578921,Mouse,5133,65
579055,Mouse,5712,66
579111,Mouse,5614,66
579159,Mouse,4316,68
579221,Mouse,5277,65
579362,Mouse,3684,64
579474,Mouse,3286,67
579501,Mouse,3411,64
579607,Mouse,3698,67
579696,Mouse,5492,69
579748,Mouse,5033,76
579750,Mouse,5452,70
579755,Mouse,5795,69
579821,Mouse,4331,66
579931,Mouse,5243,74
579950,Mouse,3522,64
580039,Mouse,5502,68
580058,Mouse,5399,71
580131,Mouse,4704,69
580141,Mouse,4901,75
580175,Mouse,3949,77
580193,Mouse,5584,84
580223,Mouse,4157,90
580237,Elephant,434492,1048
580252,Mouse,4212,82
580282,Elephant,94353,479
580283,Mouse,3122,73
580354,Mouse,4499,67
580416,Mouse,4333,65
580420,Mouse,4720,65
580442,Mouse,4239,71
580471,Mouse,3723,67
580537,Mouse,3526,64
580585,Mouse,3201,68
580587,Mouse,4938,70
580627,Elephant,63967,345
580674,Mouse,5755,66
580782,Mouse,5592,71
580838,Mouse,5673,73
580915,Mouse,5089,71
580962,Mouse,4409,73
581000,Elephant,85915,421
581045,Mouse,3219,64
581064,Mouse,5395,70
581078,Mouse,4891,73
581116,Mouse,4286,73
581150,Mouse,4759,69
581213,Mouse,4770,68
581235,Mouse,3487,69
581238,Mouse,5479,72
581267,Elephant,571923,1241
581269,Mouse,3321,72
581374,Mouse,3219,64
581420,Mouse,5642,69
581481,Mouse,3377,64
581836,Mouse,3891,67
581844,Mouse,3453,64
581979,Mouse,5538,75
582062,Mouse,3530,75
582075,Mouse,3140,70
582131,Mouse,5586,75
582307,Mouse,4065,92
582367,Elephant,343867,956
582410,Mouse,3257,91
582420,Mouse,4065,91
582423,Mouse,5089,97
582465,Mouse,3682,88
582537,Mouse,5693,81
582581,Mouse,4068,84
582633,Mouse,3528,95
582654,Mouse,4540,104
582675,Mouse,4091,103
582724,Mouse,5364,109
582892,Mouse,5472,105
582941,Mouse,5672,116
582968,Mouse,4491,119
582980,Mouse,4097,125
583096,Mouse,5312,137
583150,Elephant,442940,1383
583206,Mouse,4961,127
583360,Elephant,406251,1376
583374,Mouse,4590,112
583388,Mouse,3408,108
583392,Elephant,518051,1539
583446,Mouse,3212,76
583453,Mouse,5243,65
583469,Mouse,3928,64
583610,Mouse,3606,67
583618,Elephant,101358,600
583796,Mouse,3616,64
583855,Mouse,5517,66
583932,Mouse,4913,65
583937,Mouse,5503,67
583999,Mouse,3189,67
584107,Mouse,4904,70
584112,Mouse,5012,65
584156,Mouse,4354,65
584162,Mouse,5330,67
584195,Mouse,3853,71
584215,Mouse,4870,72
584237,Mouse,3091,76
584253,Mouse,5643,81
584284,Mouse,5794,80
584322,Mouse,3450,72
584351,Mouse,3261,77
584424,Elephant,362207,972
584744,Mouse,4978,81
584778,Mouse,4941,91
584794,Mouse,3972,97
584865,Mouse,4387,109
584884,Mouse,5609,109
584920,Mouse,4397,117
584921,Mouse,5465,118
584973,Mouse,4327,121
585000,Elephant,525085,1292
585070,Mouse,4150,69
585090,Mouse,4697,75
585130,Mouse,5175,74
585145,Elephant,236094,887
585165,Mouse,5580,71
585185,Mouse,4272,74
585289,Mouse,4918,69
585359,Mouse,3242,64
585390,Mouse,3841,64
585411,Elephant,389280,1106
585582,Mouse,3709,64
585616,Mouse,4998,65
585736,Mouse,4411,65
585781,Mouse,4627,69
585818,Mouse,4829,65
585932,Mouse,4007,64
585944,Mouse,5754,66
586067,Mouse,4738,65
586176,Mouse,5421,66
586218,Mouse,3470,64
586509,Mouse,4781,65
586545,Mouse,3567,64
586560,Mouse,5743,66
586687,Mouse,3128,64
586697,Mouse,3072,64
586715,Mouse,3985,64
586755,Mouse,3999,64
586790,Mouse,3269,66
586791,Mouse,5270,68
586843,Mouse,3399,64
586868,Mouse,5429,65
586900,Mouse,5542,67
586971,Mouse,4972,65
587067,Mouse,3578,64
587078,Mouse,3904,67
587322,Mouse,5053,65
587337,Mouse,4896,67
587352,Mouse,4906,70
587479,Mouse,5591,69
587613,Elephant,373896,947
587655,Mouse,3018,72
587682,Mouse,3958,68
587702,Mouse,4863,69
587737,Mouse,4348,69
587827,Elephant,38076,245
587845,Mouse,4141,68
587860,Mouse,4124,69
587871,Elephant,59966,344
587916,Mouse,4102,73
587957,Mouse,5809,69
587976,Mouse,3519,66
587982,Mouse,3642,68
588204,Elephant,480155,1083
588293,Mouse,3499,64
588349,Mouse,3246,66
588354,Mouse,4820,68
588395,Mouse,4085,68
588437,Mouse,4823,70
588541,Mouse,4898,65
588562,Mouse,3152,66
588692,Mouse,4685,68
588696,Mouse,3015,68
588740,Mouse,5462,71
588769,Mouse,4585,65
588777,Mouse,3992,64
589012,Elephant,389284,995
589048,Mouse,3456,77
589077,Mouse,4269,69
589145,Mouse,3885,68
589175,Mouse,4181,67
589241,Mouse,4320,71
589268,Mouse,5780,80
589276,Mouse,4811,81
589279,Elephant,65395,401
589416,Mouse,3370,68
589419,Mouse,3556,70
589545,Mouse,4338,77
589612,Mouse,3921,83
589660,Mouse,5261,90
589693,Elephant,496500,1188
589702,Mouse,3865,88
589831,Mouse,5623,72
589832,Mouse,5649,73
589840,Mouse,4286,71
589879,Mouse,4291,73
589887,Mouse,4367,73
589896,Elephant,428184,1085
589917,Mouse,3738,65
589949,Mouse,5572,66
589979,Mouse,4174,64
590269,Mouse,5378,65
590363,Mouse,4634,65
590452,Mouse,5284,65
590465,Mouse,5511,66
590477,Mouse,5387,65
590503,Mouse,5303,65
590522,Mouse,4876,65
590562,Mouse,3580,64
590614,Mouse,4273,65
590649,Mouse,3562,64
590677,Mouse,3840,64
590718,Mouse,4267,65
590737,Mouse,3597,66
590836,Mouse,3417,67
590858,Mouse,3862,64
590912,Mouse,4400,65
591052,Mouse,4758,67
591235,Mouse,4534,65
591242,Mouse,4543,68
591244,Mouse,5344,70
591435,Mouse,5381,79
591547,Mouse,3287,89
591559,Mouse,5045,94
591581,Elephant,58272,377
591621,Mouse,5776,101
591696,Mouse,4834,94
591724,Mouse,5705,95
591793,Mouse,4793,96
591918,Mouse,3019,96
591924,Elephant,521073,1256
591951,Mouse,4566,87
591970,Mouse,3747,85
592020,Elephant,472227,1251
592039,Mouse,4673,65
592069,Mouse,4385,65
592192,Mouse,3131,64
592204,Mouse,3867,64
592237,Mouse,5219,66
592270,Mouse,3919,64
592361,Mouse,3952,64
592387,Mouse,4646,65
592447,Mouse,5113,66
592555,Mouse,3057,64
592692,Mouse,5487,68
592694,Mouse,4862,69
592941,Mouse,3199,64
593004,Mouse,3562,65
593028,Mouse,5154,65
593061,Mouse,3507,69
593157,Mouse,3318,64
593216,Mouse,4090,66
593245,Mouse,5620,66
593316,Mouse,5348,69
593371,Mouse,5313,74
593382,Elephant,435716,1093
593387,Mouse,5230,69
593424,Mouse,3510,72
593449,Mouse,4042,64
593452,Mouse,3742,65
593474,Mouse,3392,64
593521,Mouse,5049,65
593673,Mouse,4768,65
593777,Mouse,5539,70
593813,Mouse,3095,67
593819,Elephant,106946,467
593838,Mouse,5254,69
593870,Mouse,3673,66
593872,Mouse,5110,68
593883,Mouse,4334,70
593942,Mouse,4459,65
594015,Mouse,3142,64
594018,Mouse,3291,64
594096,Elephant,74889,372
594099,Mouse,5116,67
594274,Mouse,5064,65
594306,Mouse,3444,64
594332,Mouse,4647,65
594389,Mouse,5165,65
594405,Mouse,3404,64
594450,Mouse,4052,64
594458,Mouse,4745,65
594517,Mouse,5017,69
594518,Mouse,5394,69
594523,Mouse,5655,66
594598,Mouse,4452,65
594633,Mouse,4947,65
594712,Mouse,3897,64
594790,Mouse,3287,64
594913,Mouse,4444,65
594958,Mouse,3428,65
594966,Mouse,3737,64
594984,Mouse,5473,66
595022,Mouse,5209,65
595038,Mouse,3949,64
595104,Mouse,4543,65
595182,Mouse,5079,65
595208,Mouse,5829,66
595343,Mouse,5317,65
595374,Mouse,3293,64
595401,Mouse,5486,66
595470,Mouse,3480,64
595516,Mouse,5332,66
595526,Mouse,3922,64
595604,Mouse,5129,65
595635,Mouse,3158,65
595665,Elephant,38386,236
595769,Mouse,5011,65
595827,Mouse,5267,65
595928,Mouse,5415,68
595932,Elephant,84749,413
596041,Mouse,3293,64
596130,Mouse,4349,65
596142,Mouse,4882,65
596157,Mouse,4257,65
596197,Mouse,5209,65
596242,Mouse,3775,64
596297,Mouse,4666,65
596333,Mouse,3038,64
596356,Mouse,4755,67
596357,Mouse,4571,68
596383,Mouse,3114,64
596495,Mouse,5786,66
596562,Mouse,5758,69
596666,Mouse,5144,65
596671,Mouse,3027,64
596708,Mouse,5277,65
596730,Mouse,4009,67
596803,Mouse,4608,65
596944,Mouse,4797,70
597043,Mouse,4388,69
597062,Mouse,3931,66
597064,Mouse,5200,69
597069,Mouse,5699,70
597075,Mouse,4679,72
597085,Mouse,4368,72
597145,Mouse,4892,70
597170,Mouse,4692,70
597183,Mouse,3305,70
597296,Mouse,4650,68
597310,Mouse,3645,66
597326,Mouse,3738,69
597378,Elephant,371483,974
597451,Mouse,4807,65
597472,Mouse,3051,64
597489,Mouse,4716,65
597508,Mouse,4453,65
597511,Mouse,3074,64
597565,Mouse,4717,65
597573,Mouse,3256,64
597604,Mouse,5395,65
597609,Mouse,3440,65
597615,Mouse,3309,64
597637,Mouse,3341,64
597720,Mouse,5815,66
597796,Mouse,3057,64
597900,Mouse,3414,67
597927,Mouse,4627,65
597947,Mouse,5222,69
597983,Mouse,3976,67
598096,Mouse,3718,67
598098,Mouse,5150,68
598142,Mouse,3591,64
598248,Mouse,3600,67
598260,Mouse,5742,71
598431,Mouse,3314,70
598481,Mouse,5668,66
598635,Mouse,4059,73
598697,Mouse,3402,80
598717,Mouse,4165,86
598743,Mouse,3202,94
598751,Mouse,5608,94
598761,Mouse,3686,97
598766,Mouse,4482,102
598842,Elephant,503668,1182
598880,Mouse,3960,76
598944,Elephant,368837,1058
599010,Mouse,5840,66
599135,Mouse,3561,64
599255,Mouse,5478,70
599324,Mouse,3260,66
599400,Mouse,3027,64
599439,Mouse,5324,67
599471,Mouse,4712,69
599490,Mouse,4375,69
599541,Mouse,3490,66
599643,Mouse,5753,73
599758,Mouse,4307,67
600118,Mouse,3325,107
600199,Mouse,4598,119
600214,Elephant,523348,1253
600228,Mouse,5422,115
600379,Mouse,4369,87
600398,Elephant,574120,1352
600406,Mouse,3702,88
600410,Mouse,3943,87
600417,Elephant,85859,534
600449,Mouse,4489,82
600566,Mouse,4433,68
600668,Mouse,5630,66
600774,Mouse,4839,70
600844,Mouse,5250,79
600864,Elephant,174257,673
600870,Mouse,4415,68
600922,Mouse,5158,65
600994,Mouse,5223,70
601167,Mouse,4192,83
601197,Mouse,3444,80
601232,Mouse,5386,82
601243,Mouse,4055,85
601307,Mouse,5527,91
601334,Mouse,4796,96
601350,Mouse,3935,102
601352,Mouse,5836,106
601367,Elephant,417539,1108
601463,Mouse,5424,69
601494,Mouse,4176,79
601521,Mouse,5202,75
601604,Mouse,5556,80
601610,Mouse,4120,78
601765,Mouse,5819,92
601782,Mouse,4549,95
601853,Elephant,330247,1226
601865,Mouse,5659,102
601975,Mouse,4586,70
602076,Mouse,3969,72
602095,Mouse,5827,82
602101,Mouse,3409,86
602133,Mouse,4358,98
602203,Mouse,4621,103
602222,Mouse,3442,114
602223,Mouse,3375,111
602272,Elephant,384475,1298
602273,Mouse,3886,110
602295,Mouse,3766,101
602327,Mouse,4751,77
602358,Mouse,4350,82
602374,Elephant,500233,1335
602439,Mouse,5072,70
602453,Mouse,3955,67
602595,Mouse,5044,75
602599,Mouse,3067,74
602605,Mouse,3168,77
602608,Mouse,3826,72
602640,Mouse,5580,78
602646,Mouse,3318,81
602692,Mouse,5091,67
602737,Mouse,5833,72
602774,Mouse,4450,76
602806,Mouse,3640,72
602829,Mouse,4289,80
602912,Mouse,5206,76
602986,Mouse,5310,88
603051,Elephant,169076,668
603094,Mouse,5379,89
603124,Mouse,4248,85
603142,Elephant,139496,624
603212,Mouse,5598,70
603233,Mouse,3380,66
603243,Mouse,5221,72
603272,Mouse,5336,76
603275,Mouse,3951,70
603338,Elephant,581135,1353
603364,Mouse,4584,65
603464,Mouse,4246,64
603473,Mouse,4764,65
603590,Mouse,5706,66
603742,Mouse,4106,64
603758,Mouse,5599,66
603879,Mouse,5413,65
603952,Mouse,4462,65
603971,Mouse,3549,64
604011,Mouse,3497,64
604093,Mouse,4792,65
604165,Mouse,5559,66
604249,Mouse,3575,64
604258,Mouse,4910,68
604260,Mouse,5736,68
604440,Mouse,4857,65
604510,Mouse,4376,65
604563,Mouse,5123,65
604577,Mouse,3236,64
604592,Mouse,4290,65
604613,Mouse,4002,64
604633,Mouse,5281,65
604650,Mouse,4956,65
604767,Mouse,4466,65
604967,Mouse,3988,64
605190,Mouse,3273,64
605216,Mouse,3929,64
605367,Mouse,5497,69
605368,Mouse,4904,69
605396,Mouse,5721,67
605399,Mouse,5238,68
605472,Mouse,5331,65
605493,Mouse,5297,65
605570,Mouse,4012,64
605600,Mouse,3245,64
605720,Mouse,3804,64
605922,Mouse,5212,65
606032,Mouse,4844,65
606091,Mouse,3684,64
606202,Mouse,4262,65
606298,Mouse,5006,65
606313,Mouse,3001,63
606335,Mouse,4218,64
606533,Mouse,3760,65
606536,Mouse,4763,66
606552,Mouse,3460,64
606557,Mouse,3842,64
606636,Mouse,5623,66
606656,Mouse,4033,64
606677,Mouse,4551,66
606679,Mouse,4081,67
606766,Mouse,5763,66
606782,Mouse,4344,65
606829,Mouse,3513,64
606927,Mouse,5157,65
607091,Mouse,3573,64
607190,Mouse,5742,66
607206,Mouse,3440,64
607255,Mouse,3777,66
607256,Mouse,4571,68
607379,Mouse,3604,68
607517,Mouse,4058,64
607617,Mouse,4891,65
607690,Mouse,3212,69
607801,Elephant,271122,793
608119,Elephant,177487,629
608133,Mouse,5826,66
608336,Mouse,3752,64
608618,Mouse,4606,65
608774,Mouse,4770,67
608851,Mouse,3925,64
608883,Mouse,5702,67
608927,Mouse,4262,66
609000,Mouse,3843,68
609003,Mouse,3313,70
609135,Mouse,5073,68
609208,Mouse,4056,68
609249,Mouse,4072,71
609276,Mouse,3967,71
609323,Mouse,5517,73
609437,Mouse,5804,75
609454,Mouse,3858,76
609469,Mouse,4507,76
609502,Mouse,5341,81
609534,Mouse,4132,84
609573,Mouse,4358,84
609609,Mouse,3236,86
609664,Mouse,5095,89
609686,Mouse,4402,94
609697,Elephant,31331,257
609726,Elephant,224940,1105
609747,Mouse,3808,82
609752,Elephant,513377,1428
609761,Mouse,4752,85
609823,Mouse,5547,66
609860,Mouse,4812,67
609945,Mouse,4880,69
609978,Mouse,3395,66
610088,Mouse,4378,65
610109,Mouse,4093,67
610141,Mouse,5340,67
610150,Mouse,4368,71
610249,Mouse,3308,67
610255,Mouse,5814,68
610304,Mouse,3487,70
610353,Mouse,5505,66
610366,Mouse,3520,67
610370,Elephant,576117,1582
610388,Mouse,4312,65
610414,Mouse,3489,70
610792,Mouse,5430,65
610980,Mouse,4981,65
611158,Mouse,3788,64
611168,Mouse,5292,65
611216,Mouse,3447,64
611247,Mouse,5604,66
611257,Mouse,5438,66
611345,Mouse,3962,64
611526,Mouse,3918,64
611562,Mouse,4440,65
611577,Mouse,5708,66
611583,Mouse,5163,65
611613,Mouse,4650,65
611632,Mouse,3273,64
611661,Mouse,3185,64
611732,Mouse,3834,66
611785,Mouse,5281,65
611791,Mouse,4863,65
611866,Mouse,5143,67
611905,Mouse,5161,68
611917,Mouse,5836,66
611981,Mouse,3316,64
612033,Mouse,5314,70
612089,Mouse,4530,70
612093,Mouse,3175,64
612219,Mouse,5283,69
612304,Mouse,4504,69
612319,Mouse,3092,64
612325,Mouse,3732,68
612333,Elephant,197326,669
612366,Mouse,3416,67
612382,Mouse,4667,65
612402,Mouse,3662,64
612427,Mouse,5757,67
612446,Mouse,4562,65
612457,Mouse,3040,67
612599,Mouse,5807,76
612729,Mouse,4726,75
612749,Mouse,3495,68
612794,Mouse,4276,78
612798,Mouse,3247,74
612811,Mouse,5183,75
612832,Mouse,3209,76
612840,Mouse,3368,80
612855,Mouse,4807,92
612873,Mouse,5750,95
612880,Mouse,4229,97
612963,Mouse,3532,111
613003,Mouse,3382,106
613109,Mouse,5800,128
613135,Mouse,5722,134
613253,Elephant,176807,821
613267,Mouse,5045,153
613396,Mouse,5069,139
613453,Elephant,34025,451
613479,Mouse,3602,136
613575,Mouse,4195,138
613624,Mouse,5200,152
613683,Elephant,389262,1382
613692,Elephant,140077,931
613700,Mouse,4550,135
613720,Mouse,5770,137
613732,Mouse,3508,139
613781,Elephant,511790,1523
613853,Mouse,4505,65
613871,Mouse,3350,66
613922,Mouse,3723,69
613957,Elephant,219485,1114
614076,Mouse,4459,66
614097,Mouse,4880,68
614219,Mouse,4177,67
614286,Mouse,5690,68
614326,Mouse,5607,70
614350,Mouse,4209,67
614365,Mouse,3020,72
614373,Mouse,4773,76
614427,Elephant,172921,628
614464,Mouse,3437,69
614813,Mouse,5022,81
614982,Mouse,3489,100
614994,Mouse,3509,107
615085,Elephant,369136,1057
615104,Mouse,4042,121
615169,Elephant,434238,1267
615172,Mouse,3162,102
615205,Mouse,5574,98
615255,Mouse,5763,79
615292,Mouse,4753,77
615344,Mouse,4494,86
615381,Mouse,5547,92
615417,Mouse,3894,104
615426,Mouse,4435,108
615432,Mouse,5102,111
615553,Mouse,3979,138
615564,Elephant,276724,1047
615570,Mouse,4068,140
615628,Mouse,5715,119
615656,Mouse,3674,117
615675,Mouse,5443,116
615704,Mouse,3650,116
615739,Mouse,3900,123
615757,Mouse,4813,131
615780,Mouse,4006,131
615814,Mouse,3484,136
615849,Mouse,3160,136
615856,Elephant,140506,821
615862,Mouse,3186,136
615990,Mouse,3389,123
616013,Mouse,5135,116
616024,Mouse,4966,120
616139,Elephant,290382,1250
616155,Elephant,231607,1115
616164,Mouse,3214,126
616194,Mouse,3585,108
616198,Mouse,3074,103
616201,Mouse,3837,95
616227,Mouse,5315,93
616279,Mouse,3166,73
616393,Elephant,285284,1167
616448,Mouse,3743,68
616515,Mouse,5103,70
616623,Mouse,3915,67
616709,Mouse,5132,69
616727,Elephant,478125,1431
616734,Mouse,3031,67
616734,Mouse,5070,69
616778,Mouse,3968,69
616784,Mouse,5379,65
616797,Mouse,3163,64
616847,Mouse,3358,64
616916,Mouse,3070,64
616933,Mouse,4033,64
617001,Mouse,4098,64
617028,Mouse,4925,69
617057,Mouse,4853,65
617251,Mouse,3314,66
617314,Mouse,4176,64
617424,Mouse,4909,66
617436,Mouse,5498,71
617462,Elephant,251974,762
617503,Mouse,3773,65
617619,Mouse,3886,64
617626,Mouse,4647,65
617658,Mouse,5204,65
617714,Mouse,3445,64
617829,Mouse,4333,72
617854,Mouse,5524,69
618118,Mouse,3490,70
618123,Mouse,5412,75
618218,Mouse,3094,83
618400,Mouse,5756,101
618421,Mouse,4249,106
618477,Mouse,5754,117
618501,Mouse,4595,124
618551,Mouse,3595,121
618619,Mouse,3730,130
618636,Mouse,4910,130
618655,Mouse,3389,136
618710,Mouse,3957,134
618717,Elephant,320822,1060
618749,Mouse,4803,142
618798,Mouse,3192,124
618826,Elephant,352936,1162
618833,Mouse,3179,109
618859,Mouse,3315,83
618864,Elephant,480072,1328
618865,Mouse,4092,86
618875,Mouse,4571,81
618933,Mouse,4544,65
618939,Mouse,4190,64
619010,Mouse,3488,64
619147,Mouse,5059,65
619233,Mouse,3448,64
619244,Mouse,3139,64
619278,Mouse,5373,66
619377,Mouse,5815,69
619412,Mouse,4198,64
619475,Mouse,3143,64
619522,Mouse,5274,65
619556,Mouse,5375,67
619669,Mouse,4777,65
619674,Mouse,4984,67
619694,Mouse,4051,64
619728,Mouse,4808,71
619761,Mouse,3139,66
619812,Mouse,3709,68
619957,Mouse,4566,69
619962,Mouse,5459,72
619998,Mouse,5752,72
620010,Mouse,5011,75
620063,Mouse,4326,69
620121,Mouse,3824,70
620127,Elephant,327716,905
620220,Mouse,4825,69
620224,Elephant,117964,522
620226,Mouse,5402,72
620257,Mouse,4232,65
620336,Mouse,5425,65
620381,Mouse,3700,65
620391,Mouse,3435,64
620448,Mouse,3700,64
620584,Mouse,3557,64
620616,Mouse,4203,64
620864,Mouse,5756,66
620909,Mouse,4146,65
621023,Mouse,3329,64
621050,Mouse,3530,64
621161,Mouse,3777,64
621181,Mouse,4306,65
621188,Mouse,4519,65
621265,Mouse,3199,64
621279,Mouse,3046,64
621300,Mouse,3427,64
621450,Mouse,5344,65
621470,Mouse,4230,65
621490,Mouse,5220,65
621514,Mouse,4324,66
621568,Mouse,3680,64
621581,Mouse,3293,64
621590,Mouse,3407,64
621630,Mouse,4660,65
621687,Mouse,3449,64
621717,Mouse,5060,65
621742,Mouse,3481,64
621764,Mouse,3158,64
621830,Mouse,4489,65
621844,Mouse,5099,68
621845,Mouse,4524,68
621864,Mouse,3484,64
621983,Mouse,5624,66
622034,Mouse,3585,64
622107,Mouse,5534,66
622117,Mouse,5316,65
622148,Mouse,3551,65
622166,Mouse,5425,65
622265,Mouse,4185,64
622368,Mouse,3045,64
622397,Mouse,5074,65
622402,Mouse,3338,64
622416,Mouse,4833,65
622451,Mouse,3235,64
622463,Mouse,4764,65
622470,Mouse,5390,65
622524,Mouse,5053,65
622569,Mouse,4680,65
622607,Mouse,4208,64
622636,Mouse,5506,66
622648,Mouse,4943,65
622680,Mouse,4836,66
622750,Mouse,4654,65
622920,Mouse,3961,64
622980,Mouse,5754,66
623039,Mouse,4726,65
623192,Mouse,3937,64
623212,Mouse,4794,65
623317,Mouse,5094,65
623349,Mouse,3321,64
623376,Mouse,3334,64
623383,Mouse,4635,65
623415,Mouse,3567,64
623442,Mouse,3596,66
623443,Mouse,4883,68
623481,Mouse,4389,65
623555,Mouse,4144,64
623599,Mouse,4354,65
623689,Mouse,3787,64
623759,Mouse,4569,65
623916,Mouse,3785,64
623933,Mouse,5820,66
623979,Mouse,4003,64
623986,Mouse,4528,65
624038,Mouse,4194,64
624042,Mouse,4502,65
624148,Mouse,5491,71
624153,Mouse,4611,74
624160,Mouse,3234,72
624184,Mouse,3441,66
624202,Mouse,3506,76
624219,Mouse,4348,66
624235,Mouse,4698,72
624238,Mouse,3338,71
624330,Mouse,4825,68
624427,Mouse,3138,68
624430,Mouse,3448,70
624496,Elephant,249031,808
624512,Mouse,3305,65
624580,Elephant,43433,281
624653,Elephant,135676,591
624707,Mouse,3877,64
624759,Elephant,69314,373
624763,Mouse,4443,66
624791,Mouse,4761,65
624869,Mouse,5263,65
624879,Mouse,4403,65
624925,Mouse,5596,67
624959,Mouse,5567,66
625004,Mouse,3451,69
625068,Mouse,4211,67
625220,Mouse,4332,69
625326,Mouse,3543,67
625478,Mouse,3067,69
625559,Elephant,355008,935
625594,Mouse,4661,71
625627,Mouse,3494,66
625628,Mouse,3798,67
625760,Elephant,324203,886
625821,Mouse,5284,65
625886,Mouse,3049,66
625911,Mouse,4066,64
626090,Mouse,4339,67
626104,Mouse,3343,67
626191,Mouse,5294,82
626193,Elephant,130164,544
626336,Mouse,3050,67
626380,Mouse,3791,75
626388,Mouse,5230,78
626466,Mouse,4773,87
626596,Mouse,5734,97
626662,Mouse,3441,106
626816,Mouse,4682,117
626829,Mouse,5287,122
626846,Mouse,3098,125
626867,Mouse,4385,132
626988,Elephant,356723,1154
626999,Mouse,3030,123
627017,Mouse,3782,114
627086,Mouse,4089,101
627175,Elephant,438231,1300
627262,Elephant,35056,310
627301,Elephant,562604,1462
627355,Mouse,4609,67
627356,Mouse,3548,67
627432,Mouse,3859,64
627528,Mouse,3109,64
627549,Mouse,5524,66
627565,Mouse,5149,69
627681,Mouse,4945,65
627756,Mouse,4622,65
627805,Mouse,5735,66
627870,Mouse,4297,66
627904,Mouse,3545,67
627965,Mouse,5458,68
627983,Mouse,5685,66
628041,Elephant,141036,546
628082,Mouse,3071,64
628141,Mouse,4521,66
628194,Mouse,3515,64
628212,Mouse,3678,64
628236,Mouse,4490,65
628272,Mouse,4773,65
628376,Mouse,4321,65
628387,Mouse,4293,65
628413,Mouse,3929,64
628448,Mouse,5473,66
628528,Mouse,3407,64
628541,Mouse,4051,64
628562,Mouse,5693,66
628574,Mouse,5026,65
628581,Mouse,4795,65
628643,Mouse,4198,67
628644,Mouse,4044,67
628714,Mouse,3086,64
628728,Mouse,3902,64
628874,Mouse,4101,67
628876,Mouse,4829,68
628966,Mouse,3598,64
628980,Mouse,4722,67
628982,Mouse,4745,68
629019,Mouse,5303,65
629034,Mouse,3702,64
629058,Mouse,4859,65
629095,Mouse,4348,65
629100,Mouse,5105,65
629125,Mouse,4774,65
629185,Mouse,5182,65
629217,Mouse,3666,64
629232,Mouse,3707,64
629260,Mouse,4679,66
629265,Mouse,3611,64
629468,Mouse,4273,65
629521,Mouse,4113,64
629565,Mouse,3414,65
629610,Mouse,3669,64
629744,Mouse,5798,66
629790,Mouse,5808,66
629976,Mouse,5838,66
629998,Mouse,3193,64
630096,Mouse,5438,68
630175,Mouse,5689,66
630201,Mouse,3158,69
630235,Mouse,5710,75
630369,Mouse,3028,100
630393,Elephant,185579,688
630419,Mouse,4781,109
630452,Mouse,4968,102
630479,Mouse,4287,105
630490,Mouse,3272,109
630514,Mouse,4919,104
630588,Mouse,4708,109
630667,Mouse,4081,115
630837,Mouse,4483,137
630868,Elephant,197242,911
630873,Mouse,5250,135
630948,Mouse,3881,151
631006,Mouse,3136,141
631019,Mouse,4450,148
631108,Mouse,4050,147
631121,Mouse,3146,148
631234,Elephant,295723,1247
631258,Mouse,5534,144
631284,Mouse,3212,138
631356,Mouse,3527,121
631407,Mouse,4582,135
631445,Mouse,3544,131
631459,Mouse,3649,137
631474,Mouse,4635,142
631545,Mouse,5499,153
631553,Mouse,4082,156
631616,Mouse,3856,162
631624,Mouse,5069,166
631656,Mouse,4405,166
631670,Mouse,5269,168
631695,Elephant,328316,1531
631799,Mouse,3926,127
631815,Mouse,4464,126
631949,Mouse,5466,137
631961,Mouse,3663,137
631975,Mouse,4834,144
631990,Elephant,529004,1917
631995,Mouse,5466,138
632060,Elephant,217782,1319
632062,Mouse,3781,114
632077,Mouse,5407,97
632118,Mouse,4577,101
632125,Mouse,3327,87
632129,Mouse,4802,93
632142,Mouse,3624,95
632145,Elephant,508205,1992
632157,Mouse,4228,91
632220,Mouse,5166,70
632242,Mouse,3241,68
632252,Mouse,5043,70
632272,Mouse,5440,67
632375,Elephant,57899,371
632425,Mouse,5528,68
632480,Mouse,5659,71
632624,Mouse,5050,91
632653,Mouse,5093,98
632680,Mouse,5829,109
632740,Mouse,4012,119
632844,Mouse,3282,121
632861,Mouse,5646,131
632879,Mouse,4601,141
632971,Mouse,5542,151
633074,Mouse,4300,154
633095,Mouse,3489,159
633102,Elephant,328414,1265
633174,Mouse,4770,142
633205,Mouse,5548,134
633316,Mouse,4038,141
633343,Mouse,5208,148
633353,Mouse,3098,148
633575,Mouse,3938,182
633612,Mouse,5739,190
633617,Elephant,489365,1688
633625,Mouse,3361,198
633680,Elephant,123029,1017
633745,Mouse,3177,176
633780,Mouse,4727,131
633812,Elephant,505910,1770
633826,Mouse,3622,124
633846,Mouse,5208,132
633878,Mouse,3716,113
633921,Mouse,3918,116
633944,Mouse,5834,121
633995,Mouse,4784,120
634105,Mouse,4697,123
634218,Mouse,5525,139
634248,Elephant,133242,1037
634259,Mouse,3671,136
634309,Elephant,435215,1842
634313,Mouse,5143,136
634356,Mouse,3717,117
634379,Mouse,3228,96
634447,Mouse,4178,96
634566,Mouse,3761,118
634660,Mouse,4706,126
634736,Mouse,3311,125
634752,Mouse,4411,131
634864,Mouse,4028,148
634873,Mouse,3368,151
634913,Mouse,4126,160
634975,Elephant,283613,1440
635054,Mouse,4174,167
635060,Mouse,4956,160
635093,Mouse,5772,156
635128,Mouse,5289,170
635272,Mouse,4020,150
635306,Mouse,5812,151
635385,Elephant,594536,2230
635418,Mouse,5004,152
635449,Mouse,5410,121
635558,Elephant,105445,881
635598,Elephant,500327,1895
635648,Mouse,4929,83
635649,Mouse,5668,84
635689,Mouse,3485,67
635709,Mouse,4051,70
635776,Mouse,3385,64
635791,Mouse,3877,67
635849,Elephant,267526,1615
635860,Mouse,4136,65
635889,Mouse,5690,70
635913,Elephant,220642,1069
635934,Mouse,5176,70
636004,Mouse,5651,66
636014,Mouse,5576,66
636099,Mouse,3582,67
636223,Mouse,4069,68
636382,Mouse,4223,75
636396,Mouse,3693,77
636416,Mouse,4222,85
636531,Mouse,5040,103
636537,Elephant,129450,593
636696,Mouse,5280,89
636701,Elephant,268033,858
636762,Mouse,4671,89
636778,Mouse,4332,96
636802,Mouse,4956,81
636821,Mouse,4895,89
636822,Mouse,4277,88
636850,Elephant,87025,527
636854,Mouse,4764,94
636860,Mouse,3018,96
636882,Mouse,3343,102
636911,Mouse,3064,92
636952,Mouse,5110,90
636960,Mouse,3671,88
637006,Mouse,3821,83
637061,Mouse,4081,82
637076,Mouse,4632,95
637080,Mouse,5580,100
637253,Mouse,5818,116
637328,Elephant,279194,1064
637387,Mouse,5676,101
637397,Mouse,4322,99
637426,Mouse,5652,103
637434,Elephant,473562,1356
637439,Elephant,56716,458
637512,Mouse,5784,66
637548,Mouse,5058,67
637595,Mouse,4773,68
637597,Mouse,3353,67
637628,Mouse,3143,68
637633,Mouse,5214,72
637679,Elephant,261587,957
637697,Mouse,4185,64
637735,Mouse,4691,65
637789,Mouse,4853,65
637990,Mouse,4576,65
638057,Mouse,3801,64
638080,Mouse,3389,64
638198,Mouse,4950,65
638214,Mouse,4198,64
638249,Mouse,3416,64
638319,Mouse,3658,64
638405,Mouse,3892,64
638419,Mouse,3294,64
638454,Mouse,4183,64
638527,Mouse,3002,63
638717,Mouse,4235,64
638748,Mouse,4742,65
638759,Mouse,5581,66
638850,Mouse,5331,65
639029,Mouse,4322,65
639045,Mouse,4245,67
639046,Mouse,5625,69
639080,Mouse,4253,64
639134,Mouse,3551,64
639226,Mouse,4288,65
639283,Mouse,4013,64
639383,Mouse,4522,65
639403,Mouse,5722,66
639442,Mouse,3396,64
639530,Mouse,4835,65
639625,Mouse,4840,65
639642,Mouse,3445,66
639653,Mouse,4543,71
639859,Mouse,3697,66
639888,Mouse,3068,64
639930,Elephant,264052,779
639994,Mouse,4782,67
640027,Mouse,3348,66
640070,Mouse,5320,68
640086,Mouse,3106,71
640109,Mouse,5156,69
640164,Mouse,3863,68
640353,Mouse,5486,70
640423,Mouse,5193,75
640449,Mouse,5741,80
640492,Elephant,373894,963
640522,Mouse,3739,81
640534,Mouse,3883,73
640583,Mouse,3602,64
640604,Mouse,4454,70
640617,Mouse,4005,73
640719,Mouse,3951,67
640725,Mouse,4825,71
640747,Mouse,5444,76
640792,Mouse,3877,75
640866,Mouse,5506,70
640962,Mouse,4832,69
641010,Mouse,3147,74
641050,Mouse,4856,81
641116,Mouse,3718,84
641213,Mouse,5703,98
641280,Elephant,584198,1420
641308,Mouse,5443,97
641315,Mouse,5502,99
641334,Mouse,4706,87
641436,Mouse,5320,70
641512,Mouse,4624,73
641572,Mouse,3277,73
641583,Mouse,3532,74
641658,Elephant,569249,1314
641684,Elephant,132587,620
641890,Mouse,3960,64
641920,Mouse,4231,68
641941,Mouse,5402,65
641963,Mouse,5058,67
642024,Mouse,3995,64
642057,Mouse,4617,69
642203,Mouse,5007,65
642319,Mouse,4186,67
642343,Mouse,5349,65
642417,Mouse,3074,64
642503,Mouse,3448,64
642524,Mouse,3883,67
642594,Mouse,3355,64
642608,Elephant,328457,883
642727,Mouse,5141,67
642742,Mouse,5161,74
642752,Mouse,5598,74
642754,Mouse,3929,74
642768,Mouse,4756,65
642840,Mouse,4935,65
642849,Mouse,3094,64
642888,Mouse,3929,64
643059,Mouse,4522,74
643119,Mouse,5750,69
643125,Mouse,3712,70
643138,Elephant,187383,645
643262,Mouse,4389,65
643405,Mouse,4605,70
643441,Mouse,4530,74
643444,Elephant,271136,819
643527,Mouse,5583,70
643610,Mouse,5428,70
643662,Mouse,5649,73
643716,Mouse,3105,72
643931,Mouse,3207,91
644129,Mouse,4478,115
644245,Mouse,3479,136
644249,Elephant,85535,582
644312,Mouse,5246,148
644323,Mouse,4596,150
644346,Elephant,397057,1199
644379,Elephant,115058,715
644391,Mouse,5380,109
644451,Mouse,5196,72
644467,Mouse,4811,78
644470,Mouse,4465,80
644524,Elephant,557071,1410
644632,Mouse,4717,72
644683,Mouse,3061,74
644733,Mouse,3092,64
644909,Mouse,3915,71
644920,Mouse,3957,70
644951,Mouse,5359,75
645031,Elephant,203434,971
645034,Mouse,3263,64
645190,Mouse,4529,76
645206,Mouse,4348,80
645226,Mouse,4397,83
645253,Mouse,4489,90
645311,Mouse,4295,94
645332,Elephant,233361,825
645364,Mouse,5831,86
645456,Mouse,4884,77
645545,Mouse,4613,93
645631,Elephant,141772,647
645643,Elephant,298827,1132
645655,Mouse,5015,88
645665,Mouse,3011,90
645665,Mouse,3711,91
645807,Mouse,4550,69
645823,Mouse,3893,73
645905,Mouse,4618,71
645944,Mouse,4696,68
645957,Mouse,5370,72
646094,Mouse,3875,66
646102,Elephant,495252,1265
646131,Mouse,4978,67
646189,Mouse,5096,65
646235,Mouse,5230,65
646263,Mouse,4276,66
646299,Mouse,4158,68
646324,Mouse,5436,67
646328,Mouse,5729,68
646606,Elephant,338121,905
646684,Mouse,4143,67
646725,Mouse,3667,67
646747,Mouse,3177,67
646849,Mouse,3182,70
646910,Mouse,4212,78
646919,Mouse,5550,84
646963,Mouse,3986,87
647066,Mouse,4599,99
647124,Mouse,4148,103
647130,Elephant,141612,629
647283,Mouse,5174,90
647375,Mouse,4715,103
647390,Elephant,223921,1004
647418,Mouse,5420,97
647514,Mouse,3750,88
647569,Mouse,4088,90
647616,Mouse,5838,107
647677,Mouse,3481,115
647685,Elephant,593979,1433
647793,Mouse,5147,71
647808,Elephant,352509,1147
647827,Mouse,4761,65
647941,Mouse,5373,65
647947,Mouse,5624,66
647956,Mouse,3168,64
647981,Mouse,3907,67
648030,Mouse,3389,64
648045,Mouse,3061,64
648064,Mouse,3940,68
648132,Mouse,4358,65
648176,Mouse,3098,65
648203,Mouse,5635,70
648216,Mouse,3633,64
648424,Mouse,3089,65
648439,Elephant,355948,1013
648605,Mouse,5775,72
648608,Mouse,3203,71
648667,Mouse,5572,71
648687,Elephant,118088,505
648732,Mouse,3690,64
648765,Mouse,3678,64
648791,Mouse,4356,69
648818,Mouse,4301,65
648843,Mouse,5796,68
648899,Mouse,5354,65
648944,Mouse,4517,65
649019,Mouse,4476,65
649055,Mouse,3723,67
649078,Mouse,4490,65
649117,Mouse,5413,74
649136,Mouse,4213,70
649235,Mouse,4445,70
649267,Mouse,3462,64
649300,Mouse,5316,75
649356,Mouse,3922,74
649552,Mouse,5581,90
649563,Mouse,5817,97
649614,Mouse,3904,103
649634,Mouse,4301,111
649650,Mouse,3108,112
649659,Mouse,4369,118
649693,Mouse,5433,127
649719,Mouse,5399,123
649738,Mouse,5355,130
649770,Mouse,3021,132
649792,Elephant,530382,1286
649797,Mouse,3323,132
649812,Mouse,5832,129
649861,Elephant,192249,821
649872,Mouse,5118,82
649936,Mouse,4748,69
649976,Elephant,277999,953
650013,Mouse,4361,66
650037,Mouse,4541,65
650076,Mouse,4629,65
650222,Mouse,3391,65
650224,Mouse,4167,67
650229,Mouse,3726,64
650289,Mouse,5654,66
650343,Mouse,4694,69
650364,Mouse,3264,68
650365,Mouse,4388,69
650368,Mouse,4969,69
650523,Mouse,5724,67
650526,Mouse,4734,66
650538,Mouse,4781,65
650656,Mouse,5777,66
650685,Mouse,3944,68
650720,Mouse,4631,66
650782,Mouse,4614,69
650827,Elephant,169026,599
650835,Mouse,3953,64
650898,Mouse,3891,64
650908,Mouse,5645,66
650971,Mouse,4060,64
650991,Mouse,4077,64
651134,Mouse,3187,64
651283,Mouse,3558,64
651368,Mouse,3136,64
651396,Mouse,3094,77
651396,Mouse,4446,71
651503,Elephant,95423,448
651523,Elephant,51732,295
651536,Mouse,4635,69
651557,Mouse,5095,66
651598,Mouse,5685,66
651633,Mouse,5638,72
651694,Mouse,4434,65
651722,Mouse,3905,65
651817,Mouse,4798,69
651832,Mouse,4464,70
651896,Mouse,4624,76
651925,Mouse,3211,67
651930,Elephant,325152,892
651989,Mouse,3117,64
652263,Mouse,3053,64
652397,Mouse,5789,71
652499,Mouse,3622,68
652529,Mouse,3373,67
652537,Mouse,5617,73
652618,Mouse,4336,74
652674,Mouse,3706,71
652687,Mouse,5763,81
652720,Elephant,576322,1212
652798,Mouse,3399,64
652802,Mouse,4662,65
652898,Mouse,3441,65
652948,Mouse,5272,67
653110,Mouse,3772,65
653199,Mouse,4940,71
653206,Mouse,3762,70
653228,Mouse,5161,71
653233,Elephant,316045,894
653365,Mouse,3510,67
653386,Mouse,3701,67
653427,Mouse,3160,67
653529,Mouse,3327,73
653578,Mouse,4327,78
653597,Mouse,3988,75
653610,Mouse,4362,79
653688,Mouse,4769,98
653953,Mouse,4983,116
653993,Elephant,365014,1143
654000,Mouse,3205,123
654008,Mouse,5162,128
654075,Mouse,3058,128
654137,Mouse,5028,130
654217,Mouse,4339,129
654247,Mouse,3814,133
654302,Mouse,4680,150
654318,Mouse,5808,151
654389,Mouse,5800,166
654615,Mouse,5202,183
654703,Mouse,3605,184
654819,Mouse,4605,192
654840,Elephant,442596,1607
654874,Mouse,3057,190
654916,Mouse,3326,191
654956,Mouse,3306,186
654985,Mouse,3006,189
655068,Mouse,4135,191
655093,Mouse,3556,192
655113,Mouse,5187,199
655127,Mouse,5190,206
655147,Elephant,411256,1944
655210,Mouse,5234,216
655294,Mouse,3423,211
655314,Mouse,4681,208
655325,Mouse,4617,209
655443,Mouse,5278,188
655460,Mouse,5731,194
655483,Mouse,4745,200
655498,Mouse,5681,206
655547,Elephant,373938,1922
655614,Mouse,5710,201
655633,Elephant,256012,1774
655642,Mouse,3372,178
655643,Mouse,4052,176
655646,Mouse,5052,179
655685,Mouse,4748,166
655722,Mouse,5672,158
655741,Mouse,3446,150
655794,Elephant,581631,2387
655795,Mouse,5679,161
655814,Mouse,3651,143
655912,Mouse,5520,114
655919,Mouse,5336,102
655941,Mouse,4166,104
656162,Mouse,4945,126
656224,Mouse,3099,135
656339,Elephant,273880,1695
656413,Mouse,5814,149
656422,Mouse,4302,136
656706,Elephant,348357,1774
656764,Mouse,5739,132
656769,Mouse,4546,134
656774,Mouse,5033,133
656798,Elephant,390089,1919
656808,Mouse,5637,100
656832,Elephant,470320,2082
656849,Mouse,4998,85
656869,Mouse,4655,68
656870,Mouse,4778,69
656915,Mouse,3979,68
656928,Mouse,3217,64
656960,Mouse,3627,65
657079,Mouse,3648,64
657194,Mouse,5769,78
657379,Mouse,4009,64
657532,Mouse,3357,71
657546,Mouse,3682,75
657578,Mouse,4082,80
657644,Mouse,3214,88
657769,Mouse,3863,95
657779,Mouse,5298,100
657788,Elephant,282842,886
657810,Mouse,3603,100
657812,Mouse,5760,101
657879,Mouse,4925,76
657885,Mouse,3823,76
657968,Elephant,271108,894
657972,Mouse,5073,80
658134,Mouse,5501,74
658184,Elephant,408854,1074
658193,Mouse,3478,64
658249,Mouse,3319,67
658260,Mouse,5621,66
658298,Mouse,3803,67
658319,Mouse,5829,66
658479,Mouse,4723,69
658508,Mouse,4338,69
658528,Mouse,3778,68
658537,Mouse,4965,65
658626,Mouse,4435,65
658658,Mouse,4590,74
658787,Mouse,5806,71
658801,Mouse,4985,74
658860,Mouse,3493,73
658924,Mouse,5449,77
658943,Mouse,3189,76
658944,Mouse,4308,77
659003,Mouse,4192,83
659109,Mouse,3246,71
659210,Elephant,482294,1158
659216,Mouse,3248,67
659233,Mouse,3489,67
659423,Mouse,3393,67
659521,Elephant,473496,1115
659571,Mouse,3069,67
659574,Mouse,3244,69
659574,Mouse,4915,70
659619,Mouse,3588,64
659755,Mouse,5650,66
659855,Mouse,3196,65
659856,Mouse,5700,68
659886,Mouse,5466,66
659908,Mouse,4719,72
659919,Mouse,4620,76
659974,Mouse,3835,64
660083,Mouse,3400,67
660094,Mouse,3200,67
660259,Mouse,3441,66
660299,Mouse,3426,64
660350,Mouse,5801,69
660359,Mouse,3098,70
660377,Mouse,5640,67
660454,Mouse,4620,69
660559,Mouse,4919,69
660593,Mouse,5033,72
660604,Mouse,3364,71
660645,Mouse,4354,71
660678,Mouse,4568,73
660687,Mouse,4215,71
660694,Elephant,533020,1156
660737,Mouse,4146,69
660756,Mouse,3655,67
660824,Mouse,3513,64
660844,Mouse,5200,69
660945,Mouse,4287,67
660947,Mouse,5081,68
660972,Mouse,4840,68
660988,Mouse,5731,69
661017,Mouse,4067,68
661063,Mouse,4819,68
661194,Mouse,5055,71
661240,Mouse,5834,73
661256,Mouse,4176,73
661285,Mouse,4661,69
661305,Mouse,3314,73
661379,Mouse,5624,71
661521,Mouse,3761,77
661573,Elephant,462992,1104
661595,Mouse,4635,79
661662,Mouse,4301,72
661665,Mouse,5523,73
661811,Mouse,3797,64
661840,Mouse,4749,69
661882,Mouse,4027,72
661911,Elephant,375683,969
661922,Mouse,4721,71
661979,Mouse,3499,64
661982,Mouse,4039,64
662049,Mouse,4339,68
662067,Mouse,3390,64
662134,Mouse,5508,67
662166,Mouse,4187,65
662223,Mouse,5005,66
662291,Mouse,3480,65
662297,Mouse,3708,68
662309,Mouse,4677,65
662342,Mouse,3198,68
662406,Mouse,3581,69
662515,Elephant,426224,1080
662675,Mouse,3574,64
662801,Mouse,3007,67
662815,Mouse,4849,65
662867,Mouse,5147,65
662943,Mouse,3438,64
662990,Mouse,5230,67
663059,Mouse,5766,72
663099,Elephant,389816,983
663121,Mouse,3418,69
663132,Mouse,5677,75
663150,Mouse,5369,68
663171,Elephant,59138,330
663212,Mouse,4162,65
663223,Mouse,3969,65
663243,Mouse,4916,65
663247,Mouse,4703,65
663287,Mouse,5251,73
663288,Mouse,4349,70
663292,Mouse,3640,69
663295,Mouse,4257,69
663312,Mouse,4478,66
663324,Mouse,4652,71
663335,Mouse,4912,73
663365,Mouse,3807,69
663430,Mouse,4222,64
663565,Mouse,5789,66
663608,Mouse,3155,64
663643,Mouse,4953,68
663706,Mouse,3767,69
663722,Mouse,5665,74
663733,Mouse,4540,77
663853,Elephant,434619,1048
663858,Mouse,4311,66
663947,Mouse,5560,68
664109,Mouse,3831,72
664248,Mouse,4712,79
664279,Mouse,3989,85
664401,Mouse,4755,101
664408,Mouse,3349,101
664417,Mouse,5670,107
664470,Mouse,3564,116
664608,Mouse,5074,132
664674,Mouse,5611,144
664716,Mouse,3880,152
664734,Mouse,3435,157
664741,Mouse,3846,160
664910,Elephant,323766,1202
664926,Mouse,3494,164
664964,Elephant,404208,1330
664989,Mouse,4404,154
664993,Mouse,5713,157
665017,Mouse,4803,145
665048,Elephant,277425,1167
665088,Mouse,4999,118
665089,Mouse,4833,116
665153,Mouse,4093,81
665200,Mouse,4305,88
665201,Mouse,4510,96
665219,Elephant,248520,1150
665237,Mouse,3414,83
665287,Mouse,5825,75
665312,Elephant,84080,632
665324,Mouse,4156,68
665414,Mouse,5636,68
665442,Mouse,4305,65
665482,Mouse,4342,68
665718,Mouse,5453,87
665749,Mouse,4285,94
665770,Mouse,3009,98
665816,Mouse,3280,111
665921,Mouse,5234,129
665933,Elephant,444533,1474
665980,Mouse,4596,118
666001,Elephant,325604,1124
666027,Mouse,5254,92
666030,Mouse,4646,80
666061,Mouse,5044,80
666062,Mouse,5447,85
666153,Mouse,4641,73
666185,Mouse,4310,82
666200,Mouse,3445,83
666308,Mouse,3136,81
666332,Mouse,4611,91
666348,Mouse,4964,98
666361,Elephant,180378,816
666396,Mouse,4952,105
666465,Mouse,5737,109
666516,Elephant,186844,884
666711,Mouse,3786,105
666748,Elephant,167981,789
666819,Mouse,5238,103
666857,Elephant,293171,1147
666860,Elephant,64981,537
666862,Mouse,5105,108
666970,Mouse,5108,70
666978,Mouse,3450,73
667057,Mouse,4313,80
667142,Mouse,5195,88
667162,Mouse,3264,94
667297,Mouse,4908,117
667332,Mouse,4635,128
667420,Mouse,5406,142
667512,Mouse,5209,154
667520,Mouse,3499,151
667531,Mouse,3062,153
667552,Mouse,3548,160
667562,Mouse,5148,167
667624,Mouse,3572,170
667820,Mouse,5147,184
667850,Mouse,4905,188
667934,Elephant,305898,1580
668034,Elephant,450233,1756
668077,Elephant,239547,1268
668108,Mouse,3336,173
668132,Mouse,4331,168
668357,Mouse,3921,128
668416,Mouse,4584,139
668522,Mouse,4492,154
668570,Mouse,3885,158
668592,Mouse,3677,162
668606,Mouse,5773,167
668677,Mouse,3600,175
668795,Mouse,4476,186
668806,Mouse,4576,182
668859,Mouse,3736,185
668868,Mouse,5264,191
668930,Elephant,417239,2067
669081,Mouse,5780,155
669214,Mouse,4264,172
669258,Mouse,3708,180
669282,Elephant,447060,2146
669283,Mouse,5003,186
669313,Elephant,271292,1741
669390,Mouse,4577,116
669435,Elephant,282340,1829
669437,Mouse,4202,91
669462,Elephant,553223,2475
669486,Mouse,5322,74
669635,Mouse,4703,68
669757,Elephant,183712,942
669802,Mouse,3909,64
669835,Mouse,5817,66
669985,Mouse,3102,64
670051,Mouse,3781,67
670054,Mouse,5784,69
670135,Mouse,5307,65
670146,Mouse,5177,65
670241,Mouse,4863,65
670245,Mouse,4676,66
670250,Mouse,4851,66
670253,Mouse,4447,66
670282,Mouse,4344,65
670296,Mouse,4760,68
670757,Mouse,5043,65
670874,Mouse,3253,66
670905,Mouse,4557,65
670915,Mouse,4921,69
671319,Mouse,5711,69
671390,Mouse,3271,69
671396,Mouse,4189,69
671448,Mouse,4056,64
671501,Mouse,3574,67
671510,Mouse,5797,73
671601,Mouse,4579,68
671675,Elephant,492342,1170
671682,Mouse,3024,69
671688,Mouse,3212,66
671694,Mouse,4334,69
671756,Mouse,5460,69
671775,Mouse,3612,64
671789,Mouse,3442,64
671818,Mouse,4248,66
672079,Mouse,3020,65
672237,Elephant,594440,1232
672304,Mouse,5549,66
672319,Mouse,4269,68
672407,Mouse,3030,67
672472,Mouse,4608,65
672619,Mouse,3066,71
672622,Mouse,5559,74
672707,Mouse,3282,70
672716,Mouse,3731,68
672875,Mouse,3308,90
672881,Elephant,334729,942
672971,Mouse,5053,68
673017,Mouse,4792,77
673074,Mouse,5727,76
673107,Elephant,189237,694
673135,Mouse,4342,75
673202,Mouse,3587,67
673216,Mouse,4266,69
673258,Mouse,5044,72
673330,Mouse,4834,74
673370,Mouse,5418,75
673386,Elephant,385022,1016
673417,Mouse,4267,79
673486,Elephant,199676,709
673494,Mouse,3889,65
673568,Mouse,5755,66
673612,Mouse,3063,64
673681,Mouse,3348,64
673756,Mouse,3918,64
673823,Mouse,5608,70
673830,Mouse,5442,70
673987,Mouse,5453,68
674011,Mouse,3175,66
674038,Mouse,4776,75
674060,Mouse,4915,76
674155,Mouse,3286,79
674234,Mouse,3751,91
674298,Elephant,132634,613
674308,Mouse,5017,100
674339,Mouse,3948,102
674364,Mouse,3899,80
674411,Mouse,5396,79
674431,Mouse,5433,84
674527,Mouse,5238,75
674550,Mouse,5804,80
674556,Mouse,3228,80
674594,Mouse,3317,89
674699,Elephant,442109,1160
674718,Mouse,4897,99
674761,Mouse,5159,84
674787,Elephant,492412,1278
674978,Mouse,5411,65
675085,Mouse,5721,66
675336,Mouse,4480,75
675360,Mouse,5365,70
675380,Mouse,5001,75
675392,Mouse,3122,75
675423,Mouse,4062,77
675497,Mouse,5223,81
675511,Mouse,4132,83
675525,Mouse,4171,89
675537,Elephant,350126,981
675685,Elephant,52432,342
675782,Mouse,5239,67
675788,Mouse,3159,64
675879,Mouse,5732,78
675925,Mouse,5572,78
676005,Mouse,5160,81
676021,Mouse,5831,85
676070,Mouse,5490,91
676106,Mouse,3174,98
676147,Mouse,5477,110
676191,Elephant,480777,1194
676239,Mouse,3285,94
676269,Mouse,3519,97
676301,Mouse,4986,82
676335,Mouse,3608,86
676486,Elephant,289835,950
676505,Mouse,4059,85
676532,Mouse,5105,86
676561,Mouse,5357,80
676723,Mouse,4519,71
676742,Elephant,161904,761
676757,Mouse,3246,69
676784,Mouse,4268,70
676795,Mouse,4151,69
676821,Mouse,3360,70
676824,Mouse,3441,72
676858,Mouse,4875,72
676933,Mouse,3413,68
676970,Mouse,4239,74
677007,Mouse,4614,87
677020,Elephant,400619,1234
677043,Mouse,3085,85
677113,Elephant,279507,1017
677212,Mouse,5127,70
677228,Mouse,5114,70
677355,Mouse,5134,67
677390,Mouse,3044,71
677402,Mouse,4641,77
677468,Mouse,3012,72
677488,Elephant,90520,433
677516,Mouse,5305,75
677664,Mouse,4217,72
677674,Mouse,4882,75
677766,Elephant,252016,816
677794,Mouse,4695,78
677795,Mouse,4039,81
677860,Elephant,355105,985
677908,Mouse,3299,68
677917,Mouse,3041,65
678072,Mouse,3812,64
678261,Mouse,3761,67
678343,Elephant,247561,782
678413,Mouse,4109,64
678416,Mouse,3072,64
678534,Mouse,3446,64
678671,Mouse,5000,65
678717,Mouse,5466,67
678734,Mouse,3394,64
678778,Mouse,3008,64
678949,Mouse,3891,69
678955,Mouse,5576,73
678973,Mouse,3246,66
679000,Mouse,4648,67
679003,Mouse,3104,64
679101,Mouse,3202,64
679215,Mouse,3835,68
679219,Mouse,3695,67
679279,Mouse,3005,71
679406,Mouse,5195,74
679437,Mouse,5212,83
679486,Mouse,3824,93
679563,Mouse,5040,108
679579,Mouse,3631,96
679625,Mouse,3715,100
679669,Mouse,3641,95
679730,Mouse,3122,99
679777,Mouse,5173,108
679814,Elephant,378533,1149
679845,Mouse,3849,99
679854,Mouse,5804,108
679867,Mouse,3485,109
679877,Mouse,4486,95
679900,Mouse,4693,108
679981,Mouse,3106,93
680092,Mouse,3581,92
680182,Mouse,3901,105
680204,Mouse,4585,113
680244,Mouse,4577,117
680269,Mouse,3851,120
680284,Mouse,4314,129
680284,Mouse,5457,130
680339,Mouse,5153,140
680348,Elephant,93741,620
680361,Elephant,549528,1502
680381,Mouse,3475,108
680390,Mouse,4208,106
680402,Mouse,4720,110
680415,Mouse,5129,92
680432,Mouse,5110,73
680448,Elephant,473905,1371
680543,Mouse,5750,66
680550,Mouse,3912,64
680560,Mouse,4496,65
680604,Mouse,5329,66
680619,Mouse,4524,65
680630,Mouse,4183,64
680668,Mouse,4003,64
680675,Mouse,4024,67
680678,Mouse,5209,69
680692,Mouse,4905,65
680944,Mouse,4890,65
680989,Mouse,3777,69
681039,Mouse,4146,64
681042,Mouse,3566,64
681359,Elephant,85476,409
681428,Mouse,4588,70
681459,Elephant,231421,758
681490,Mouse,5451,66
681596,Mouse,4216,64
681620,Mouse,4542,65
681665,Mouse,3157,64
681713,Mouse,5656,67
681717,Mouse,5358,67
681780,Elephant,139509,549
681787,Mouse,3930,68
681873,Mouse,3934,64
681933,Mouse,4298,65
681941,Mouse,5028,65
681945,Mouse,3405,64
681961,Mouse,3766,64
682055,Mouse,5439,66
682089,Mouse,4353,65
682292,Mouse,4439,65
682397,Mouse,3397,64
682448,Mouse,5589,66
682468,Mouse,5363,65
682579,Mouse,5788,66
682855,Mouse,5061,65
682889,Mouse,4012,67
682893,Mouse,4019,64
682898,Mouse,3118,64
682955,Mouse,4248,68
682974,Mouse,5115,69
682989,Mouse,4540,65
683028,Mouse,4662,65
683175,Mouse,3080,67
683325,Elephant,558812,1170
683361,Mouse,4473,69
683383,Mouse,3972,64
683408,Mouse,3765,67
683417,Mouse,5301,65
683617,Mouse,3511,67
683631,Mouse,4740,65
683884,Mouse,3387,67
684033,Mouse,5456,66
684038,Mouse,3514,64
684082,Mouse,3468,65
684108,Elephant,316619,858
684161,Mouse,4319,65
684398,Mouse,4936,65
684443,Mouse,5203,66
684475,Mouse,3021,64
684482,Mouse,3577,64
684514,Mouse,3193,64
684614,Mouse,4691,65
684772,Mouse,4819,65
684830,Mouse,3706,64
684874,Mouse,3367,65
684888,Mouse,5363,65
684918,Mouse,5417,66
684924,Mouse,3514,64
684967,Mouse,3819,65
685016,Mouse,3287,64
685064,Mouse,3536,64
685093,Mouse,4161,64
685128,Mouse,3631,64
685148,Mouse,4354,65
685166,Mouse,3185,64
685248,Mouse,5521,66
685286,Mouse,3536,64
685452,Mouse,5796,66
685497,Mouse,5370,67
685610,Mouse,4736,65
685687,Mouse,4263,65
685765,Mouse,4342,69
685818,Mouse,3921,64
685833,Mouse,4452,66
685893,Mouse,5261,71
685899,Mouse,5433,74
685953,Mouse,4580,81
685959,Mouse,3539,64
685982,Mouse,4670,65
685997,Mouse,5741,72
686005,Mouse,3052,75
686006,Mouse,4286,71
686169,Mouse,5646,69
686200,Elephant,198277,676
686223,Mouse,5298,67
686246,Mouse,5544,67
686259,Mouse,5529,66
686290,Mouse,5524,67
686302,Mouse,3640,65
686336,Mouse,4840,67
686403,Mouse,5403,70
686485,Mouse,4176,66
686569,Elephant,318232,885
686603,Mouse,4046,66
686613,Mouse,5087,65
686682,Mouse,3986,65
686738,Mouse,4903,69
686805,Mouse,4264,67
686923,Mouse,4312,68
687026,Mouse,3208,72
687062,Mouse,4747,83
687097,Mouse,4043,85
687114,Mouse,5055,93
687179,Mouse,3068,101
687240,Mouse,3558,111
687309,Mouse,3108,126
687355,Mouse,5100,136
687401,Mouse,4378,145
687434,Mouse,5355,149
687448,Mouse,3453,158
687474,Mouse,3665,161
687480,Mouse,5745,166
687514,Mouse,4306,166
687599,Mouse,4742,174
687676,Mouse,5305,173
687689,Mouse,4578,177
687845,Mouse,5632,192
687867,Elephant,74691,766
687933,Mouse,4834,206
687966,Mouse,5173,211
687981,Mouse,3490,216
687989,Mouse,4433,220
688065,Elephant,352239,1452
688130,Mouse,3374,213
688141,Mouse,4745,222
688175,Mouse,5684,202
688295,Mouse,5531,172
688368,Elephant,578432,2138
688413,Mouse,4983,163
688444,Mouse,3674,164
688503,Mouse,4066,148
688572,Mouse,4344,145
688601,Mouse,5373,143
688603,Elephant,555045,2040
688613,Mouse,5040,142
688640,Mouse,5231,143
688676,Mouse,5729,125
688713,Mouse,5456,110
688730,Mouse,5820,117
688772,Mouse,5160,117
688814,Elephant,494322,1995
688833,Mouse,4626,105
688845,Elephant,134046,1147
688952,Mouse,5816,69
689087,Mouse,5362,70
689151,Mouse,3805,73
689188,Mouse,5063,74
689211,Elephant,111881,597
689239,Mouse,3138,76
689259,Mouse,3415,68
689272,Mouse,5760,71
689311,Mouse,5831,72
689320,Mouse,4292,74
689328,Mouse,5248,77
689334,Mouse,3994,78
689361,Mouse,4716,84
689375,Mouse,4417,83
689420,Mouse,3722,79
689430,Mouse,3035,71
689472,Mouse,5361,76
689489,Mouse,4021,78
689532,Mouse,3560,80
689584,Mouse,5731,87
689660,Elephant,512022,2080
689779,Mouse,5644,70
689807,Mouse,4487,69
689836,Elephant,437090,1171
689840,Mouse,4373,65
689876,Mouse,4370,65
689928,Mouse,3244,64
689943,Mouse,3603,64
689958,Mouse,4143,64
690046,Mouse,3168,64
690051,Mouse,5566,66
690065,Mouse,4704,65
690117,Mouse,3605,64
690328,Mouse,4460,65
690357,Mouse,4617,65
690366,Mouse,4917,69
690385,Mouse,5694,66
690421,Mouse,5494,66
690467,Mouse,5695,71
690474,Mouse,5191,65
690505,Mouse,3062,64
690710,Mouse,5751,70
690895,Mouse,5169,70
690931,Elephant,226772,719
691006,Mouse,4598,65
691029,Mouse,3377,64
691086,Mouse,3767,67
691263,Mouse,3569,64
691312,Mouse,4545,65
691560,Mouse,3978,67
691631,Mouse,4260,77
691638,Mouse,3131,70
691725,Mouse,5212,67
691740,Mouse,3200,67
691767,Mouse,3311,73
691770,Mouse,3583,74
691911,Mouse,3977,73
691913,Elephant,488624,1114
692020,Mouse,4911,65
692086,Mouse,4803,66
692169,Mouse,3670,67
692203,Mouse,3601,67
692211,Elephant,342948,923
692298,Mouse,3514,64
692359,Mouse,5546,66
692386,Mouse,3542,64
692431,Mouse,4088,65
692438,Mouse,3091,64
692465,Mouse,3542,64
692606,Mouse,3359,64
692634,Mouse,4947,65
692738,Mouse,5302,65
692752,Mouse,5702,66
692821,Mouse,4351,65
692878,Mouse,3585,64
692884,Mouse,3181,64
692915,Mouse,3093,64
693031,Mouse,4377,65
693068,Mouse,4831,65
693105,Mouse,5395,65
693130,Mouse,4013,64
693273,Mouse,3138,64
693326,Mouse,3383,64
693332,Mouse,3511,64
693337,Mouse,5733,67
693481,Mouse,3673,64
693542,Mouse,3388,64
693555,Mouse,4906,65
693635,Mouse,3772,64
693728,Mouse,3446,64
693744,Mouse,5816,66
693781,Mouse,3795,64
693861,Mouse,3154,64
693960,Mouse,3906,64
693978,Mouse,4176,64
694061,Mouse,4167,64
694176,Mouse,4883,65
694472,Mouse,3522,64
694539,Mouse,3939,64
694545,Mouse,5706,66
694556,Mouse,4413,65
694569,Mouse,4041,67
694583,Mouse,3758,69
694685,Mouse,3467,64
694706,Elephant,159949,589
694730,Mouse,4835,66
694746,Mouse,3685,64
694798,Mouse,3116,64
694934,Mouse,5240,65
694941,Mouse,5170,65
694955,Mouse,3341,64
695040,Mouse,4599,65
695121,Mouse,3586,64
695136,Mouse,3460,64
695146,Mouse,3477,64
695154,Mouse,5191,65
695192,Mouse,3952,64
695291,Mouse,4711,65
695299,Mouse,5422,65
695325,Mouse,4636,68
695349,Mouse,5482,67
695413,Mouse,4002,66
695456,Mouse,4841,68
695567,Mouse,4094,77
695716,Mouse,3378,110
695717,Mouse,5357,112
695872,Mouse,4143,126
696315,Mouse,5036,220
696571,Mouse,3584,255
696633,Mouse,3984,260
696683,Mouse,4086,275
696712,Mouse,3010,282
696812,Mouse,4325,293
696987,Mouse,4573,297
697033,Mouse,5379,313
697049,Mouse,5333,323
697050,Mouse,4538,323
697101,Mouse,4259,321
697158,Mouse,4591,329
697210,Mouse,4266,336
697257,Mouse,5622,342
697259,Elephant,255964,1842
697269,Mouse,5265,341
697327,Mouse,5548,353
697386,Elephant,358068,2102
697407,Mouse,5067,332
697483,Mouse,5259,318
697532,Mouse,4692,295
697544,Mouse,3352,286
697564,Mouse,4790,264
697637,Elephant,267357,2151
697817,Mouse,5694,228
697865,Mouse,3044,226
697885,Mouse,4876,232
697955,Mouse,4059,243
697956,Mouse,4646,245
697990,Elephant,408867,2728
698018,Mouse,3091,239
698048,Mouse,4098,236
698139,Mouse,5695,224
698214,Elephant,466179,2837
698294,Elephant,571618,3083
698317,Mouse,3247,189
698370,Elephant,145155,1809
698376,Mouse,4527,182
698381,Mouse,4901,180
698446,Mouse,3706,153
698458,Mouse,3478,150
698469,Elephant,120219,1525
698495,Elephant,455108,3007
698511,Mouse,5697,148
698539,Mouse,3796,107
698709,Mouse,4338,78
698737,Mouse,4605,86
698800,Mouse,4208,97
698826,Mouse,4473,101
698867,Mouse,4794,102
698929,Mouse,3036,115
699012,Mouse,4201,130
699015,Mouse,4964,132
699019,Mouse,4062,131
699129,Elephant,474582,3355
699158,Mouse,4559,109
699162,Elephant,297768,1531
699212,Mouse,4871,90
699234,Mouse,3496,72
699235,Elephant,116900,673
699281,Mouse,5799,77
699574,Mouse,3712,72
699578,Mouse,4609,74
699714,Elephant,249387,915
699773,Mouse,3910,64
699920,Mouse,3499,67
699926,Mouse,4165,70
699932,Mouse,3024,73
699989,Mouse,4691,76
699989,Mouse,4831,77
700015,Mouse,4500,67
700039,Elephant,423133,1121
700183,Mouse,3050,64
700206,Mouse,4093,66
700285,Mouse,3282,64
700390,Mouse,4753,65
700537,Mouse,5289,69
700538,Mouse,3020,67
700543,Mouse,3944,66
700614,Mouse,5224,68
700672,Mouse,4475,69
700722,Mouse,3153,64
700728,Mouse,4521,65
700761,Mouse,4049,66
700903,Mouse,3096,64
701029,Mouse,4956,67
701065,Mouse,5808,71
701068,Mouse,3156,71
701211,Mouse,4711,65
701255,Mouse,4838,65
701263,Mouse,4039,67
701298,Mouse,5070,75
701308,Mouse,4383,69
701342,Mouse,5214,78
701366,Elephant,470127,1073
701374,Mouse,4691,73
701467,Mouse,4423,66
701483,Mouse,5063,65
701532,Mouse,5298,65
701554,Mouse,5560,71
701564,Mouse,5401,65
701661,Mouse,4072,64
701688,Mouse,5059,66
701693,Mouse,4853,65
701763,Elephant,183341,642
701770,Mouse,5491,68
701809,Mouse,4686,65
701835,Mouse,3966,64
701843,Mouse,5091,65
701911,Mouse,4605,65
701915,Mouse,4438,66
701980,Mouse,3109,64
701995,Mouse,4095,64
701999,Mouse,5365,66
702008,Mouse,5804,66
702010,Mouse,3154,64
702153,Mouse,3429,64
702206,Mouse,5490,66
702257,Mouse,5609,66
702304,Mouse,3796,64
702439,Mouse,5576,66
702519,Mouse,5008,65
702531,Mouse,5031,65
702711,Mouse,3900,64
702737,Mouse,3924,64
702778,Mouse,4349,65
702843,Mouse,5814,66
702889,Mouse,3558,64
702908,Mouse,5352,65
702939,Mouse,5725,66
702952,Mouse,3320,64
703185,Mouse,5795,66
703210,Mouse,4322,65
703248,Mouse,5599,69
703266,Mouse,4935,70
703569,Elephant,125251,504
703679,Mouse,5592,70
703688,Mouse,3237,71
703709,Mouse,4077,64
703808,Mouse,3185,65
703819,Mouse,5206,67
703943,Mouse,3724,67
703949,Mouse,3190,70
704004,Mouse,3879,78
704148,Mouse,5815,97
704191,Elephant,515490,1185
704217,Mouse,3616,106
704223,Mouse,5722,100
704227,Mouse,4421,98
704269,Mouse,5268,100
704312,Mouse,5725,84
704487,Elephant,150366,684
704529,Elephant,144836,641
704567,Mouse,5187,67
704638,Mouse,5365,68
704698,Mouse,4553,66
704794,Mouse,4357,67
704844,Mouse,3055,66
704857,Mouse,5016,72
704937,Mouse,3778,67
704960,Elephant,484110,1165
705016,Mouse,5800,66
705112,Mouse,4077,67
705114,Mouse,4925,69
705146,Mouse,5384,65
705418,Mouse,3997,64
705556,Mouse,5127,65
705596,Mouse,4490,65
705615,Mouse,4224,64
705645,Mouse,5581,67
705714,Mouse,4290,65
705776,Mouse,4452,68
705844,Mouse,3983,64
705906,Mouse,4335,66
706173,Mouse,3270,67
706179,Elephant,257932,768
706320,Elephant,79852,404
706392,Mouse,4155,64
706417,Mouse,3165,64
706500,Mouse,5155,65
706594,Mouse,4995,65
706615,Mouse,3927,64
706778,Mouse,3565,64
706857,Mouse,4777,66
706859,Mouse,3882,66
706904,Mouse,5316,68
706909,Mouse,4843,65
706982,Mouse,5778,67
706985,Mouse,3831,67
706988,Mouse,4401,68
707014,Mouse,5621,66
707041,Mouse,4634,65
707051,Mouse,3272,64
707107,Mouse,3211,64
707141,Mouse,4334,65
707184,Mouse,4753,65
707195,Mouse,4391,68
707219,Mouse,5394,65
707224,Mouse,3065,64
707340,Mouse,3845,64
707386,Mouse,4329,65
707412,Mouse,4555,66
707458,Mouse,3626,64
707525,Mouse,4465,65
707576,Elephant,117585,495
707605,Mouse,4344,65
707643,Mouse,3301,64
707754,Mouse,3460,64
707793,Mouse,4137,64
707827,Mouse,3746,64
707848,Mouse,3601,64
707906,Mouse,4842,65
707931,Mouse,4845,65
707957,Mouse,3847,64
708068,Mouse,3376,64
708091,Mouse,3053,66
708091,Mouse,3502,66
708315,Mouse,3008,64
708422,Mouse,3142,64
708452,Mouse,4327,65
708540,Mouse,5566,66
708665,Mouse,3803,64
708676,Mouse,5111,65
708773,Mouse,3892,64
708874,Mouse,4110,64
708978,Mouse,5351,65
708981,Mouse,3636,66
709057,Mouse,3750,67
709135,Mouse,4756,65
709262,Mouse,4218,64
709308,Mouse,5650,67
709356,Mouse,4499,71
709392,Mouse,5395,65
709414,Elephant,57994,336
709417,Mouse,3991,72
709421,Elephant,53131,319
709455,Elephant,122971,506
709489,Mouse,3173,64
709534,Mouse,4340,65
709542,Mouse,4302,65
709578,Mouse,3735,64
709640,Mouse,4627,65
709737,Mouse,3638,64
709759,Mouse,3177,64
709830,Mouse,3943,64
709842,Mouse,3986,67
709848,Mouse,3062,66
709910,Mouse,4136,64
709915,Mouse,3891,64
709928,Mouse,5204,68
710082,Mouse,5037,65
710170,Mouse,3694,64
710266,Mouse,3150,65
710287,Mouse,3626,69
710291,Mouse,5551,72
710336,Mouse,3577,64
710426,Mouse,5141,65
710455,Elephant,259826,766
710464,Mouse,5372,65
710471,Mouse,4661,66
710476,Mouse,4102,64
710555,Mouse,3759,64
710563,Mouse,4397,65
710618,Mouse,5789,67
710632,Mouse,5134,65
710642,Mouse,4939,65
710670,Mouse,4504,71
710727,Mouse,4897,65
710736,Mouse,5014,65
710916,Mouse,5777,66
710983,Mouse,5500,66
711273,Mouse,3171,66
711341,Mouse,3398,72
711342,Mouse,5394,78
711346,Mouse,4602,70
711386,Mouse,4246,74
711404,Mouse,4777,70
711484,Elephant,364851,1015
711545,Mouse,4308,68
711675,Mouse,3529,72
711753,Elephant,34665,238
711846,Mouse,5496,68
711856,Mouse,4543,71
711870,Mouse,5243,71
711884,Mouse,3396,71
711947,Mouse,4182,66
712026,Mouse,4752,75
712091,Elephant,292258,843
712093,Mouse,3654,74
712149,Elephant,233731,744
712222,Mouse,5328,65
712369,Mouse,3091,64
712416,Mouse,5712,66
712465,Mouse,3274,64
712473,Mouse,5701,66
712577,Mouse,4404,65
712673,Mouse,4458,65
712747,Mouse,5096,65
712827,Mouse,4389,65
712922,Mouse,5240,65
713004,Mouse,5386,65
713015,Mouse,3817,64
713023,Mouse,4853,65
713039,Mouse,3426,67
713132,Mouse,4286,68
713186,Mouse,3284,64
713195,Mouse,4126,64
713261,Mouse,3309,66
713316,Mouse,5201,69
713319,Mouse,4077,69
713453,Mouse,4222,66
713468,Mouse,5280,71
713541,Mouse,3131,85
713545,Mouse,4671,88
713556,Mouse,5068,94
713594,Mouse,4204,92
713673,Mouse,5546,74
713690,Mouse,5670,76
713706,Elephant,494087,1171
713775,Mouse,4403,65
713791,Mouse,3057,66
713945,Mouse,3142,71
713985,Mouse,3195,72
714082,Mouse,5009,71
714116,Elephant,292468,886
714143,Mouse,4734,74
714147,Mouse,5396,74
714281,Mouse,3384,64
714369,Elephant,385150,1014
714463,Mouse,4513,65
714547,Mouse,3209,64
714576,Mouse,5442,66
714615,Mouse,4573,68
714616,Mouse,4979,69
714683,Mouse,3320,64
714743,Mouse,4186,64
714861,Elephant,55481,320
714891,Mouse,5774,66
714934,Mouse,3737,65
714937,Mouse,5628,68
714961,Mouse,5493,66
714984,Mouse,4096,64
715035,Mouse,3306,64
715038,Mouse,3076,64
715112,Mouse,4412,65
715155,Mouse,4990,66
715171,Mouse,3467,64
715190,Mouse,5063,65
715304,Mouse,5284,65
715337,Mouse,4520,65
715382,Mouse,5214,66
715441,Mouse,3912,64
715512,Mouse,5839,66
715669,Mouse,3239,67
715730,Mouse,5520,71
715887,Mouse,4062,66
715906,Mouse,3359,67
715965,Mouse,5554,70
715974,Elephant,304081,845
716015,Mouse,4859,68
716024,Mouse,3779,64
716187,Mouse,5204,65
716289,Mouse,4576,65
716352,Mouse,5661,70
716613,Mouse,5191,70
716634,Mouse,3100,64
716800,Mouse,5651,71
716815,Elephant,374378,1009
716849,Mouse,4916,71
716866,Mouse,4092,74
716872,Mouse,5416,71
716938,Mouse,5434,67
717013,Mouse,5316,76
717036,Mouse,5643,70
717077,Mouse,5776,82
717088,Mouse,5332,79
717130,Mouse,3254,81
717386,Mouse,5779,113
717563,Mouse,4256,137
717565,Mouse,4366,137
717614,Mouse,5501,146
717744,Mouse,3594,165
717755,Mouse,4893,164
717891,Elephant,247871,1108
717972,Mouse,4541,163
718051,Mouse,3880,150
718109,Mouse,4057,149
718152,Elephant,461841,1540
718171,Mouse,3788,149
718206,Mouse,5647,140
718236,Mouse,5676,137
718269,Elephant,504776,1630
718274,Mouse,5450,112
718359,Mouse,3957,90
718380,Mouse,3503,82
718444,Mouse,4263,85
718493,Mouse,5483,81
718609,Mouse,4940,87
718688,Mouse,3942,95
718700,Mouse,3893,99
718710,Mouse,4935,104
718754,Elephant,592474,1915
718867,Mouse,3481,71
718868,Mouse,4052,73
718879,Mouse,5452,75
718893,Mouse,5446,71
718909,Mouse,5719,76
719206,Mouse,3700,69
719347,Mouse,5362,87
719385,Mouse,3559,93
719424,Elephant,530979,1857
719475,Mouse,5403,97
719483,Mouse,4792,97
719514,Elephant,334237,1336
719543,Mouse,4607,83
719574,Mouse,5643,79
719660,Mouse,4638,73
719739,Mouse,4492,78
719742,Mouse,5517,80
719762,Mouse,3004,82
719769,Elephant,297652,946
719782,Mouse,4835,84
719799,Elephant,87043,505
719960,Mouse,3712,68
719963,Mouse,5679,71
719967,Elephant,186533,731
719993,Mouse,3220,64
720031,Mouse,4213,64
720041,Mouse,4869,65
720184,Mouse,4258,65
720208,Mouse,3366,64
720268,Mouse,5829,66
720400,Mouse,4073,64
720403,Mouse,3625,64
720424,Mouse,3791,64
720452,Mouse,4378,65
720497,Mouse,4058,65
720514,Mouse,5572,66
720528,Mouse,4823,65
720597,Mouse,5790,66
720675,Mouse,5530,66
720717,Mouse,3760,65
720768,Mouse,3887,64
720848,Mouse,3422,67
720933,Mouse,5098,69
721070,Mouse,3047,65
721118,Mouse,5527,66
721202,Mouse,4572,66
721241,Mouse,4146,67
721248,Mouse,4108,66
721291,Mouse,4214,68
721310,Mouse,5600,66
721336,Mouse,5617,70
721373,Mouse,4316,68
721475,Mouse,3589,64
721484,Mouse,5644,66
721600,Mouse,3006,67
721649,Mouse,3060,64
721684,Mouse,5567,70
721724,Mouse,4739,70
721866,Elephant,519303,1129
721918,Mouse,4831,65
721938,Mouse,4377,65
722010,Mouse,4685,66
722012,Mouse,4145,66
722060,Elephant,69056,370
722065,Mouse,3784,67
722068,Mouse,3911,68
722091,Mouse,5735,66
722129,Mouse,4356,65
722171,Mouse,5369,65
722223,Mouse,5152,65
722255,Mouse,3636,64
722308,Mouse,4480,65
722313,Mouse,3035,65
722314,Mouse,3396,66
722488,Mouse,3900,64
722644,Mouse,5542,66
722698,Mouse,4919,65
722846,Mouse,5264,65
722895,Mouse,3127,64
723024,Mouse,3217,64
723081,Mouse,5132,65
723161,Mouse,4193,64
723167,Mouse,5776,66
723224,Mouse,5320,65
723234,Mouse,5283,65
723279,Mouse,4227,65
723307,Mouse,4773,65
723367,Mouse,4617,65
723490,Mouse,4372,65
723564,Mouse,4622,65
723606,Mouse,3359,64
723642,Mouse,5395,65
723663,Mouse,4715,65
723697,Mouse,4715,67
723698,Mouse,4164,67
723816,Mouse,4825,65
723851,Mouse,4911,65
723888,Mouse,3101,64
723902,Mouse,3488,64
723934,Mouse,5566,66
724119,Mouse,4864,65
724126,Mouse,3263,64
724170,Mouse,3495,64
724203,Mouse,5621,66
724244,Mouse,4314,66
724347,Mouse,3986,64
724602,Mouse,4374,65
724605,Mouse,4373,65
724700,Mouse,5270,65
724732,Mouse,3885,64
724738,Mouse,5327,65
724789,Mouse,5328,65
724793,Mouse,4558,65
724835,Mouse,4061,66
724877,Mouse,4548,65
724890,Mouse,3437,64
724998,Mouse,4105,64
725003,Mouse,4434,65
725071,Mouse,5070,68
725080,Mouse,3714,72
725181,Mouse,3802,64
725318,Mouse,5104,65
725330,Mouse,4072,67
725397,Mouse,4732,65
725405,Mouse,3445,64
725424,Mouse,5839,71
725477,Mouse,3491,71
725497,Mouse,3799,64
725502,Mouse,3800,67
725570,Mouse,4148,68
725650,Elephant,374507,944
725664,Mouse,3460,64
725673,Mouse,4167,65
725689,Mouse,4843,65
725763,Mouse,4528,65
725803,Mouse,3707,64
725816,Mouse,3183,64
725991,Mouse,5266,69
726077,Mouse,5840,70
726203,Mouse,3871,67
726235,Mouse,3257,64
726239,Mouse,4597,66
726260,Mouse,3139,64
726263,Elephant,113358,492
726268,Mouse,5388,66
726337,Mouse,4573,69
726353,Mouse,4165,67
726359,Mouse,4842,65
726363,Mouse,4701,66
726550,Mouse,4443,68
726598,Mouse,5247,73
726644,Mouse,4544,71
726656,Mouse,5475,72
726729,Mouse,5077,80
726773,Mouse,3194,74
726787,Mouse,4708,79
726956,Mouse,3292,100
726990,Mouse,3277,91
727012,Mouse,5833,101
727040,Mouse,4288,98
727062,Mouse,3596,101
727121,Mouse,3605,103
727167,Mouse,5298,109
727180,Mouse,5372,113
727358,Mouse,4514,121
727380,Elephant,589681,1458
727418,Mouse,4352,129
727438,Mouse,4170,113
727440,Mouse,4922,115
727471,Mouse,5309,117
727541,Mouse,3311,98
727611,Elephant,537348,1420
727634,Mouse,3892,92
727636,Mouse,3818,92
727644,Mouse,3526,89
727718,Elephant,214201,932
727772,Mouse,3549,67
727807,Mouse,4414,81
727810,Mouse,3880,70
727851,Mouse,3272,71
727861,Mouse,3224,74
727866,Mouse,5138,77
727873,Mouse,4817,79
727924,Mouse,4064,80
727959,Mouse,3637,85
727961,Mouse,4482,86
727979,Mouse,4346,81
728016,Mouse,4878,89
728023,Mouse,5055,95
728114,Mouse,5576,103
728133,Elephant,81194,505
728171,Mouse,5284,102
728247,Mouse,3830,110
728315,Mouse,3141,123
728422,Mouse,5573,138
728432,Mouse,4825,143
728443,Mouse,5716,147
728492,Mouse,4516,155
728503,Mouse,5313,159
728612,Elephant,322789,1236
728692,Mouse,5565,148
728737,Mouse,5808,154
728843,Mouse,3029,144
728895,Mouse,4479,154
728907,Elephant,284271,1244
728921,Mouse,3840,146
728944,Mouse,5208,145
728974,Mouse,3804,148
728991,Mouse,3357,141
729016,Mouse,5454,140
729019,Mouse,5522,141
729031,Mouse,3264,146
729049,Mouse,5192,148
729068,Mouse,5593,139
729146,Elephant,140210,1142
729156,Mouse,3091,133
729234,Mouse,3230,115
729245,Elephant,463750,1633
729333,Mouse,3539,83
729456,Mouse,3093,82
729527,Elephant,318394,1415
729652,Mouse,3130,72
729668,Mouse,4390,74
729733,Mouse,5731,82
729764,Mouse,3424,76
729776,Mouse,5005,81
729845,Mouse,4322,91
729854,Mouse,4274,92
729882,Mouse,5235,92
729928,Mouse,3145,87
729932,Mouse,4019,90
729952,Elephant,436874,1530
729957,Mouse,3736,91
729989,Mouse,3245,76
730129,Mouse,5045,67
730182,Mouse,4723,70
730191,Mouse,4886,74
730223,Mouse,5575,69
730258,Mouse,4410,66
730270,Mouse,3898,70
730288,Mouse,3442,70
730308,Mouse,5066,70
730381,Elephant,451222,1331
730423,Mouse,5319,65
730552,Mouse,4516,66
730588,Mouse,5017,70
730599,Mouse,4575,69
730642,Mouse,3186,67
730662,Mouse,5809,72
730818,Mouse,4238,71
730854,Elephant,94217,467
730899,Mouse,3007,72
730911,Mouse,3946,65
730919,Mouse,3302,67
731023,Mouse,5362,70
731066,Mouse,5839,75
731150,Mouse,4435,88
731158,Mouse,3437,88
731179,Mouse,5007,93
731219,Elephant,324463,930
731222,Mouse,4119,96
731287,Elephant,331228,946
731336,Mouse,3197,64
731352,Mouse,5830,70
731353,Mouse,5508,69
731367,Mouse,3439,67
731409,Mouse,4490,69
731444,Mouse,5737,67
731507,Mouse,3028,64
731583,Elephant,138788,581
731722,Mouse,3010,64
731736,Mouse,3621,70
731843,Mouse,4419,65
731892,Mouse,3713,64
732018,Mouse,5345,66
732041,Elephant,89176,419
732099,Mouse,5241,70
732155,Mouse,3817,66
732207,Mouse,4389,66
732334,Elephant,393451,971
732355,Mouse,4359,65
732365,Mouse,4759,66
732405,Mouse,5025,65
732465,Mouse,4813,65
732477,Mouse,3293,64
732545,Mouse,3995,64
732655,Mouse,3254,64
732679,Mouse,4833,65
732766,Mouse,5776,66
732794,Mouse,4901,68
732795,Mouse,4616,68
732823,Mouse,4423,67
732825,Mouse,5716,69
732950,Mouse,4958,65
732967,Mouse,4001,65
732972,Mouse,5531,66
732995,Mouse,4317,65
733097,Mouse,4265,67
733107,Mouse,4042,64
733205,Mouse,5268,65
733256,Mouse,3814,67
733269,Mouse,4961,71
733282,Mouse,4759,67
733289,Mouse,3959,64
733402,Mouse,4895,77
733500,Mouse,3155,71
733545,Mouse,3917,83
733566,Mouse,3013,85
733581,Mouse,4099,92
733792,Mouse,3559,106
733884,Elephant,269355,911
733929,Elephant,128055,656
733934,Mouse,5078,131
733937,Mouse,3112,122
733962,Mouse,4625,119
733991,Elephant,427373,1181
734009,Mouse,4140,86
734017,Elephant,97515,609
734023,Mouse,3926,75
734032,Mouse,3519,67
734255,Mouse,4915,65
734364,Mouse,3788,67
734405,Mouse,3461,66
734479,Mouse,3986,64
734607,Mouse,4788,65
734614,Mouse,4324,65
734720,Elephant,233347,724
734762,Mouse,5267,66
734824,Mouse,5669,66
734839,Mouse,5348,65
734918,Mouse,5734,66
734922,Mouse,5249,66
734933,Mouse,4848,65
735028,Mouse,4720,65
735045,Mouse,5541,66
735070,Mouse,4615,65
735105,Mouse,5381,65
735188,Mouse,3957,64
735507,Mouse,4205,64
735564,Mouse,5103,65
735598,Mouse,4219,67
735711,Mouse,5742,66
735746,Mouse,3327,64
735761,Elephant,33311,232
735762,Mouse,4342,66
735869,Mouse,5683,66
735978,Mouse,3607,64
735994,Mouse,5149,70
736006,Mouse,4863,65
736012,Mouse,3725,64
736132,Mouse,4477,65
736175,Mouse,5027,68
736179,Mouse,3930,69
736265,Mouse,4124,64
736396,Mouse,4388,68
736427,Mouse,3702,67
736534,Mouse,4093,64
736542,Mouse,5043,65
736603,Elephant,373010,937
736651,Mouse,3276,64
736663,Mouse,3981,64
736665,Mouse,3058,64
736697,Mouse,5203,66
736728,Mouse,3158,64
736785,Mouse,5754,66
736929,Mouse,3565,64
737042,Mouse,4103,64
737057,Mouse,3259,64
737132,Mouse,4640,65
737140,Mouse,4592,65
737146,Mouse,4556,65
737160,Mouse,4055,64
737172,Mouse,5636,66
737264,Mouse,4160,64
737316,Mouse,5637,66
737372,Mouse,4220,64
737391,Mouse,4425,65
737397,Mouse,4793,65
737403,Mouse,3606,64
737525,Mouse,4370,65
737598,Mouse,4531,65
737653,Mouse,5016,65
737668,Mouse,5576,66
737731,Mouse,3711,67
737741,Mouse,3504,64
737784,Mouse,5520,72
737789,Mouse,5518,71
737813,Mouse,5471,67
737817,Elephant,57201,324
737938,Mouse,3977,64
738175,Mouse,5610,66
738213,Mouse,3888,64
738287,Mouse,5212,67
738349,Mouse,3383,64
738358,Mouse,5622,69
738359,Mouse,5377,69
738395,Mouse,5665,66
738403,Elephant,110926,491
738532,Mouse,4299,65
738560,Mouse,5671,66
738673,Mouse,3158,64
738689,Mouse,4208,67
738792,Mouse,5011,65
738917,Mouse,4925,65
738927,Mouse,3643,64
738954,Mouse,4903,65
738984,Mouse,4540,67
739036,Mouse,4925,72
739056,Mouse,5192,65
739120,Mouse,4684,65
739151,Mouse,3469,64
739213,Elephant,161274,593
739333,Mouse,3938,68
739385,Mouse,5112,65
739401,Mouse,4233,64
739635,Mouse,3385,67
739645,Mouse,5485,73
739719,Mouse,3596,70
739759,Mouse,3390,72
739815,Elephant,176493,637
739820,Mouse,5040,74
739823,Mouse,4697,75
739894,Mouse,4189,72
739948,Mouse,3019,74
740040,Elephant,58982,347
740077,Mouse,3149,79
740087,Elephant,127669,535
740090,Mouse,4088,84
740108,Elephant,144113,558
740152,Mouse,5415,68
740167,Mouse,3597,64
740207,Mouse,3565,64
740235,Mouse,3771,65
740263,Mouse,5802,66
740281,Elephant,62319,335
740283,Mouse,5380,66
740552,Mouse,4694,66
740813,Mouse,4627,88
740817,Mouse,5297,91
740856,Elephant,54230,357
740879,Mouse,4257,101
740920,Mouse,4541,112
740930,Mouse,3264,104
740960,Mouse,4960,105
741008,Mouse,4010,114
741113,Mouse,3072,116
741248,Mouse,5562,141
741265,Mouse,3803,146
741315,Elephant,193289,897
741368,Mouse,3801,146
741505,Mouse,3903,141
741587,Mouse,5500,152
741625,Mouse,5287,163
741671,Mouse,3425,167
741672,Mouse,5254,169
741682,Mouse,3979,171
741832,Elephant,246761,1255
741840,Mouse,3783,167
741932,Mouse,5224,166
741952,Elephant,410864,1535
742014,Mouse,3017,168
742026,Mouse,5757,161
742103,Mouse,4102,126
742120,Mouse,5557,133
742146,Mouse,3440,134
742243,Mouse,4881,151
742317,Elephant,536496,1879
742345,Elephant,393736,1699
742367,Mouse,4861,134
742371,Mouse,4469,127
742472,Elephant,111382,872
742513,Mouse,5633,70
742564,Mouse,3586,72
742613,Mouse,3088,69
742640,Elephant,174087,992
742770,Mouse,4537,67
742801,Mouse,3721,68
742855,Mouse,3216,68
743108,Mouse,3476,73
743129,Mouse,5631,80
743192,Mouse,3244,95
743245,Mouse,3254,101
743275,Mouse,4126,107
743292,Mouse,3693,104
743311,Mouse,4932,106
743322,Mouse,3788,106
743374,Elephant,192480,1253
743422,Mouse,3073,76
743422,Mouse,3562,76
743469,Elephant,490586,1491
743479,Mouse,5383,74
743589,Mouse,4153,70
743786,Mouse,4079,69
743856,Mouse,4430,78
743880,Mouse,4630,78
743885,Mouse,4758,79
743900,Elephant,470192,1314
743927,Mouse,5629,87
744019,Mouse,3188,67
744065,Mouse,4175,68
744071,Mouse,5646,66
744127,Mouse,4773,67
744214,Elephant,192520,695
744249,Mouse,5009,70
744268,Mouse,4865,69
744296,Mouse,5751,70
744323,Mouse,4659,65
744428,Elephant,399811,1361
744472,Mouse,3778,65
744484,Mouse,4994,65
744601,Mouse,4862,65
744621,Mouse,4812,65
744632,Mouse,4362,65
744655,Mouse,5086,65
744796,Mouse,5278,65
744858,Mouse,3178,64
744958,Mouse,3857,64
744976,Mouse,5235,65
744990,Mouse,4559,65
745031,Mouse,5182,65
745041,Mouse,4503,65
745133,Mouse,4448,65
745172,Mouse,5543,66
745193,Mouse,4552,65
745291,Mouse,4361,66
745293,Mouse,3988,66
745301,Mouse,4703,65
745387,Mouse,4189,64
745493,Mouse,5696,66
745529,Mouse,4295,65
745655,Mouse,5755,66
745735,Mouse,4788,65
745749,Mouse,4033,66
745753,Mouse,5680,67
745825,Mouse,3108,64
745861,Mouse,3777,64
745927,Mouse,4023,67
745948,Mouse,5669,66
745997,Mouse,3411,64
746040,Mouse,4208,65
746080,Mouse,3400,64
746100,Mouse,4329,65
746160,Mouse,5356,65
746168,Mouse,5642,66
746172,Mouse,3971,64
746179,Elephant,70008,365
746185,Mouse,5021,66
746192,Mouse,4979,65
746257,Mouse,3473,64
746288,Mouse,4033,64
746316,Mouse,4269,65
746332,Mouse,3894,65
746415,Mouse,5246,65
746521,Mouse,5610,66
746566,Mouse,4517,65
746582,Mouse,3137,64
746705,Mouse,5071,65
746782,Mouse,3622,64
746922,Mouse,5231,65
747027,Mouse,4858,65
747069,Mouse,3428,64
747092,Mouse,4484,65
747203,Mouse,4403,65
747261,Mouse,4060,67
747315,Mouse,5576,66
747370,Mouse,3083,66
747403,Mouse,3768,68
747405,Mouse,4328,69
747537,Mouse,4494,69
747554,Elephant,41883,279
747577,Mouse,5417,71
747662,Mouse,5527,85
747663,Mouse,5326,83
747692,Mouse,3894,85
747712,Mouse,3302,92
747724,Elephant,229533,749
747761,Mouse,3905,73
747802,Mouse,4246,66
747875,Mouse,3556,74
747925,Mouse,4277,73
747973,Mouse,3825,74
748027,Elephant,301157,895
748157,Mouse,3408,66
748208,Mouse,3001,73
748215,Mouse,3762,67
748226,Mouse,4694,70
748231,Elephant,127877,675
748342,Mouse,3054,66
748395,Mouse,5652,70
748400,Mouse,4412,65
748479,Mouse,5083,69
748625,Mouse,4045,68
748681,Elephant,475808,1122
748705,Mouse,5688,72
748720,Mouse,4475,74
748728,Mouse,4954,76
748771,Mouse,4465,73
748847,Mouse,3487,66
748849,Elephant,221584,730
748876,Mouse,3002,63
748912,Mouse,4711,65
748951,Mouse,4732,65
748974,Mouse,5083,65
748988,Mouse,4694,65
749081,Mouse,3104,64
749092,Mouse,3310,64
749231,Mouse,3995,65
749385,Mouse,4688,69
749490,Mouse,4984,69
749526,Mouse,4478,68
749556,Mouse,3671,67
749582,Mouse,5221,69
749801,Mouse,3710,67
749842,Mouse,3493,71
750009,Mouse,4987,92
750033,Elephant,529378,1290
750071,Mouse,3204,87
750218,Elephant,45607,316
750225,Mouse,5055,77
750248,Mouse,3853,82
750396,Elephant,537765,1234
750491,Mouse,3613,64
750503,Mouse,4085,70
750515,Mouse,3552,77
750589,Mouse,5367,83
750823,Mouse,4859,82
750868,Mouse,4089,93
750915,Mouse,3637,104
750998,Mouse,3252,116
751052,Mouse,4747,128
751066,Mouse,3393,132
751118,Mouse,5608,141
751130,Mouse,4852,145
751279,Mouse,4538,152
751358,Mouse,4108,152
751366,Mouse,4253,156
751388,Elephant,489159,1432
751465,Mouse,3996,132
751516,Mouse,3355,113
751542,Mouse,5137,119
751578,Mouse,4376,129
751582,Mouse,4934,132
751598,Mouse,4911,138
751629,Mouse,4073,141
751643,Mouse,3116,142
751717,Mouse,4646,141
751724,Elephant,568950,1657
751728,Mouse,4178,106
751830,Elephant,159509,973
751830,Mouse,4765,72
751843,Mouse,3008,68
751865,Mouse,3524,66
751919,Elephant,490202,1528
751960,Mouse,4623,65
752005,Mouse,4541,69
752094,Mouse,4660,65
752108,Mouse,3574,67
752130,Mouse,4471,65
752183,Mouse,4095,64
752202,Mouse,4035,67
752265,Mouse,3291,64
752327,Mouse,3693,68
752399,Mouse,4118,75
752428,Mouse,3374,68
752454,Elephant,142800,544
752567,Mouse,4567,71
752656,Mouse,4499,72
752665,Mouse,4233,72
752684,Mouse,4864,76
752993,Mouse,3325,111
753003,Mouse,4651,115
753066,Mouse,5049,131
753167,Mouse,4625,143
753192,Elephant,515999,1315
753304,Mouse,4893,101
753405,Mouse,5048,116
753420,Mouse,4082,124
753483,Mouse,3854,129
753518,Mouse,5467,135
753580,Mouse,3416,136
753697,Mouse,3085,141
753710,Mouse,3447,146
753772,Mouse,3324,159
753830,Mouse,3162,164
753883,Mouse,4358,181
753906,Mouse,5830,187
753933,Elephant,541793,1663
753981,Mouse,4557,200
753994,Elephant,447556,1590
754046,Mouse,5286,165
754060,Mouse,5077,175
754064,Mouse,4253,174
754067,Mouse,3563,168
754082,Mouse,4602,153
754106,Mouse,3839,161
754189,Mouse,3466,134
754196,Mouse,5304,139
754205,Mouse,4937,141
754357,Mouse,5626,134
754379,Mouse,3997,133
754410,Mouse,5481,147
754549,Mouse,4650,170
754569,Mouse,4543,175
754604,Mouse,3221,174
754651,Mouse,3357,181
754678,Mouse,3705,189
754679,Mouse,3715,190
754695,Elephant,430106,1903
754702,Mouse,3239,178
754733,Mouse,3963,185
754738,Mouse,3595,189
755103,Mouse,3361,166
755351,Mouse,4739,190
755378,Mouse,5019,196
755410,Mouse,5466,207
755424,Mouse,3102,209
755436,Mouse,5684,216
755467,Elephant,570544,2458
755527,Mouse,4160,207
755540,Mouse,3271,208
755541,Mouse,3940,208
755557,Mouse,3475,217
755752,Mouse,3298,175
755782,Mouse,5229,180
755837,Elephant,430270,2247
755869,Mouse,5759,178
755887,Mouse,5010,188
755888,Mouse,5543,190
755975,Mouse,3850,164
756028,Mouse,4112,161
756067,Mouse,4837,155
756073,Elephant,310083,1903
756111,Mouse,4535,152
756138,Mouse,5229,159
756153,Mouse,3828,158
756160,Mouse,3768,141
756175,Elephant,419087,2345
756209,Mouse,3654,140
756213,Mouse,3333,142
756233,Mouse,3360,144
756234,Mouse,4333,143
756239,Mouse,5184,137
756265,Elephant,539226,2487
756268,Mouse,3173,117
756272,Mouse,4697,111
756338,Mouse,3940,71
756351,Mouse,3529,73
756386,Elephant,139750,1047
756492,Elephant,52152,410
756500,Mouse,3861,68
756563,Mouse,4092,70
756573,Mouse,5684,74
756573,Mouse,5367,74
756605,Mouse,5037,70
756652,Mouse,4644,70
756742,Mouse,4850,67
756798,Mouse,4956,70
756803,Mouse,3563,72
757057,Mouse,4627,91
757101,Mouse,3473,96
757219,Mouse,5769,111
757251,Mouse,3433,114
757285,Mouse,5025,121
757392,Mouse,5151,130
757415,Mouse,4719,135
757451,Elephant,317695,1048
757491,Mouse,3527,133
757503,Mouse,3942,137
757505,Elephant,482745,1334
757529,Mouse,5118,109
757539,Mouse,3177,98
757546,Mouse,5769,100
757591,Mouse,5437,69
757596,Elephant,329179,1105
757634,Mouse,5811,70
757646,Mouse,5308,65
757680,Mouse,3370,65
757682,Mouse,3289,66
757691,Mouse,3725,64
757740,Mouse,4455,65
757745,Mouse,3743,64
757837,Mouse,3825,67
757920,Mouse,5828,68
757921,Mouse,4916,68
758031,Mouse,4679,69
758041,Mouse,4792,70
758065,Mouse,5506,70
758082,Mouse,3251,73
758090,Mouse,3411,77
758094,Mouse,5565,75
758192,Mouse,4524,70
758196,Mouse,5201,72
758319,Elephant,305333,894
758355,Mouse,3121,64
758481,Mouse,4716,69
758491,Mouse,5140,68
758539,Mouse,3351,64
758615,Mouse,5728,70
758727,Mouse,3749,64
758764,Mouse,4496,65
758768,Mouse,3986,65
758832,Elephant,329724,1184
758837,Mouse,5382,68
759044,Mouse,3113,64
759053,Mouse,3200,65
759059,Mouse,3024,68
759071,Mouse,3752,64
759156,Mouse,3074,64
759259,Mouse,5485,66
759280,Mouse,5555,70
759292,Mouse,3250,71
759301,Mouse,3801,65
759340,Mouse,3105,64
759421,Elephant,210528,688
759433,Mouse,4345,65
759456,Mouse,5544,66
759463,Mouse,3111,64
759483,Mouse,4025,64
759777,Mouse,5222,65
759792,Mouse,3251,67
759886,Mouse,4055,64
759937,Mouse,3950,64
759945,Mouse,4496,65
760036,Mouse,4493,65
760038,Mouse,3192,64
760066,Mouse,3385,68
760073,Mouse,3993,64
760118,Mouse,5803,66
760183,Mouse,3663,69
760187,Elephant,63495,339
760195,Mouse,3638,72
760231,Mouse,3288,71
760255,Mouse,4476,77
760265,Mouse,4481,81
760326,Mouse,5559,76
760370,Mouse,3755,71
760432,Mouse,5028,70
760492,Mouse,3260,77
760511,Elephant,421580,1048
760516,Mouse,4858,83
760519,Mouse,3932,77
760634,Mouse,5519,70
760694,Mouse,3768,64
760784,Mouse,4166,66
760821,Mouse,3906,67
760883,Mouse,4304,70
760937,Mouse,4877,75
760955,Mouse,4044,79
760956,Mouse,4058,79
760970,Mouse,5458,88
761002,Mouse,5462,87
761076,Elephant,289106,891
761094,Mouse,4615,79
761135,Elephant,383472,1032
761139,Mouse,5588,81
761217,Mouse,4847,65
761259,Mouse,3575,64
761304,Mouse,3341,65
761399,Mouse,5630,67
761539,Mouse,4172,67
761571,Mouse,5473,75
761594,Mouse,3233,70
761636,Mouse,3050,79
761648,Mouse,5557,81
761665,Mouse,3899,86
761786,Mouse,3801,99
761799,Mouse,4776,108
761800,Mouse,4241,107
761809,Elephant,225445,833
761827,Mouse,4544,102
761873,Mouse,3470,101
761971,Mouse,5159,82
762017,Mouse,3182,86
762048,Mouse,3664,94
762274,Mouse,4516,115
762279,Mouse,4926,118
762286,Mouse,3362,117
762319,Elephant,506463,1343
762354,Mouse,4014,130
762407,Mouse,4354,117
762439,Mouse,4179,87
762478,Mouse,4534,97
762592,Mouse,3998,108
762640,Elephant,466010,1377
762687,Mouse,4514,104
762688,Mouse,3318,103
762728,Mouse,5498,107
762735,Mouse,4043,104
762756,Mouse,3685,96
762772,Mouse,5444,101
762800,Mouse,4967,117
762841,Mouse,3517,119
762842,Mouse,4552,120
762902,Mouse,5734,131
763019,Mouse,4963,138
763031,Elephant,88169,657
763041,Mouse,5054,142
763048,Mouse,4317,146
763080,Elephant,53412,539
763086,Elephant,42406,471
763211,Mouse,5186,97
763349,Elephant,558832,1725
763362,Mouse,4226,130
763383,Mouse,3592,127
763390,Mouse,4153,127
763393,Mouse,5703,131
763454,Mouse,3881,100
763459,Mouse,5121,96
763502,Mouse,4897,91
763527,Mouse,3533,86
763566,Mouse,4865,104
763579,Mouse,3963,108
763652,Mouse,5794,106
763672,Mouse,3678,111
763766,Mouse,3994,110
763780,Mouse,3833,113
763907,Mouse,3751,129
763990,Mouse,4708,148
764001,Elephant,561387,1831
764011,Mouse,4795,155
764068,Mouse,3378,138
764100,Mouse,4544,144
764127,Mouse,4997,136
764279,Mouse,5087,120
764521,Mouse,5017,150
764564,Mouse,5039,160
764573,Mouse,3611,166
764707,Mouse,5514,189
764789,Mouse,3168,192
764790,Mouse,4216,193
764865,Mouse,4247,197
764909,Elephant,409772,1763
764980,Mouse,4968,194
765018,Elephant,452918,2285
765022,Mouse,5511,177
765060,Mouse,5478,171
765086,Mouse,3510,160
765136,Mouse,3587,142
765180,Mouse,3259,142
765180,Mouse,3577,138
765200,Mouse,5589,137
765247,Elephant,79336,899
765303,Mouse,3101,130
765418,Mouse,5802,132
765441,Elephant,273323,1658
765470,Mouse,3367,132
765505,Mouse,5004,137
765522,Mouse,4708,124
765538,Mouse,5565,128
765582,Mouse,5141,126
765614,Mouse,5723,126
765716,Elephant,598473,2308
765732,Mouse,4634,132
765767,Mouse,5633,136
765778,Mouse,4097,120
765797,Mouse,4941,115
765882,Elephant,553359,2158
765936,Mouse,4058,80
766029,Mouse,4830,69
766055,Mouse,5734,79
766064,Elephant,72274,503
766105,Mouse,4096,72
766110,Mouse,3818,67
766114,Mouse,4230,68
766146,Mouse,4342,69
766183,Elephant,239686,1033
766230,Mouse,3900,69
766242,Mouse,5557,74
766246,Mouse,3046,72
766345,Mouse,4413,66
766350,Mouse,5621,70
766420,Mouse,3488,65
766503,Mouse,4523,70
766526,Mouse,5246,66
766569,Mouse,3910,66
766603,Mouse,4665,65
766634,Mouse,3922,68
766740,Mouse,4101,67
766759,Elephant,405669,1071
766915,Mouse,4249,64
766921,Mouse,5824,66
766942,Mouse,5160,65
766994,Mouse,5581,66
767081,Mouse,4299,65
767210,Mouse,4267,65
767230,Mouse,4149,64
767286,Mouse,5237,65
767298,Mouse,5840,66
767336,Mouse,3748,64
767401,Mouse,4352,65
767404,Mouse,3072,64
767421,Mouse,3271,64
767510,Mouse,3602,64
767593,Mouse,4218,64
767606,Mouse,5304,69
767615,Mouse,4442,65
767626,Mouse,5392,65
767689,Mouse,4925,69
767739,Mouse,4199,70
767766,Mouse,4870,65
768097,Mouse,3677,69
768128,Mouse,3276,74
768128,Mouse,5062,76
768136,Mouse,3534,79
768211,Mouse,3830,83
768336,Mouse,4979,91
768373,Elephant,99607,513
768462,Mouse,3930,99
768480,Mouse,5735,105
768615,Mouse,5251,131
768617,Elephant,529411,1294
768634,Mouse,4428,122
768684,Mouse,3198,96
768733,Mouse,3011,77
768798,Mouse,3299,86
768808,Mouse,4736,92
768866,Mouse,3508,100
769023,Mouse,4754,122
769174,Mouse,5766,140
769245,Elephant,162686,924
769307,Elephant,511642,1511
769387,Mouse,3112,83
769605,Elephant,300668,1249
769616,Mouse,3710,82
769653,Mouse,3175,101
769665,Mouse,3930,106
769671,Mouse,4991,95
769693,Elephant,435745,1466
769755,Mouse,3550,73
769757,Mouse,4393,78
769823,Mouse,5500,68
769825,Elephant,107116,787
769854,Mouse,5043,66
769879,Mouse,4937,65
769910,Mouse,4719,71
770137,Mouse,5811,73
770161,Elephant,176238,678
770220,Mouse,3020,64
770234,Mouse,5578,66
770245,Mouse,3230,64
770496,Mouse,5676,66
770526,Mouse,5368,69
770541,Mouse,3170,70
770587,Mouse,4516,73
770681,Mouse,5149,65
770719,Mouse,5812,71
770724,Mouse,3741,66
770728,Mouse,4364,65
770738,Mouse,4047,66
770813,Mouse,5671,68
770898,Mouse,4872,65
771024,Mouse,5571,70
771145,Mouse,3027,66
771179,Elephant,580911,1197
771210,Mouse,5608,66
771225,Mouse,5382,68
771288,Mouse,4034,64
771399,Mouse,4357,69
771447,Mouse,3525,70
771595,Mouse,4847,70
771620,Mouse,4146,68
771643,Mouse,3264,64
771687,Mouse,3364,71
771693,Mouse,5007,68
771743,Mouse,4012,66
771749,Mouse,4355,67
771760,Mouse,3728,69
771821,Mouse,4660,77
771830,Mouse,5507,83
771849,Mouse,4959,90
771878,Mouse,3818,86
771880,Mouse,3039,87
771936,Elephant,37939,277
771956,Mouse,5813,85
771985,Mouse,4152,79
772033,Mouse,3629,76
772053,Mouse,4219,83
772119,Elephant,364724,1004
772149,Elephant,288514,888
772165,Mouse,5103,69
772189,Mouse,5404,69
772256,Mouse,4001,64
772291,Mouse,3578,64
772369,Mouse,3598,64
772434,Mouse,3767,68
772518,Elephant,112097,515
772579,Mouse,3830,65
772598,Mouse,3522,66
772603,Mouse,3725,64
772634,Mouse,4786,69
772685,Mouse,4241,72
772825,Mouse,4439,69
772886,Mouse,4731,74
772901,Mouse,5383,79
772953,Mouse,3114,80
773025,Mouse,5500,85
773033,Mouse,3717,87
773153,Mouse,4106,95
773213,Mouse,4774,107
773424,Mouse,5306,124
773497,Elephant,406128,1187
773499,Elephant,297395,1035
773538,Mouse,5556,101
773548,Mouse,3334,93
773548,Mouse,3271,78
773549,Mouse,3815,90
773579,Mouse,3079,64
773617,Mouse,3134,73
773687,Elephant,462025,1255
773717,Mouse,3975,64
773733,Mouse,5179,66
773834,Mouse,4051,64
774038,Mouse,4067,68
774096,Mouse,5254,65
774099,Mouse,3123,64
774112,Mouse,4368,69
774171,Mouse,4550,72
774208,Mouse,4639,70
774232,Mouse,3184,66
774339,Mouse,4745,71
774422,Elephant,130171,550
774483,Mouse,3480,67
774545,Mouse,3255,76
774674,Elephant,297830,913
774686,Mouse,5189,107
774785,Mouse,5552,77
774795,Elephant,295663,919
774849,Mouse,3279,76
774929,Mouse,3220,69
774939,Mouse,4199,75
774975,Mouse,4493,71
775097,Mouse,5153,77
775165,Mouse,4775,93
775304,Elephant,263185,925
775391,Mouse,4783,105
775487,Mouse,4796,104
775527,Mouse,3970,109
775587,Mouse,4361,125
775600,Mouse,3907,127
775606,Elephant,306609,1109
775659,Mouse,4209,96
775661,Mouse,5314,105
775698,Mouse,3598,100
775757,Mouse,5429,100
775815,Mouse,3933,108
775960,Mouse,3264,121
775973,Mouse,3273,124
775988,Mouse,3664,131
776073,Mouse,5116,136
776095,Mouse,4716,145
776102,Mouse,3815,147
776108,Elephant,575059,1619
776113,Mouse,4336,137
776167,Mouse,5687,132
776226,Mouse,3693,115
776235,Mouse,3829,105
776405,Mouse,5187,118
776495,Elephant,382300,1447
776552,Mouse,3177,99
776571,Mouse,4725,97
776656,Mouse,5799,97
776797,Elephant,253703,1176
776821,Mouse,4879,96
776822,Elephant,442487,1540
776869,Mouse,4882,73
776988,Mouse,3603,64
776996,Mouse,4652,65
777207,Mouse,4522,67
777256,Mouse,5176,65
777330,Mouse,4571,74
777338,Mouse,4363,77
777438,Mouse,4126,73
777444,Mouse,4323,74
777481,Elephant,514496,1374
777488,Mouse,3499,83
777517,Mouse,3521,81
777628,Mouse,4367,67
777743,Mouse,4530,68
777751,Mouse,3122,69
777888,Mouse,5693,69
777949,Mouse,4157,69
777980,Mouse,4856,78
777988,Mouse,4240,75
778142,Mouse,4031,87
778143,Mouse,4164,88
778175,Mouse,5652,93
778184,Elephant,462864,1150
778188,Mouse,4795,93
778205,Mouse,5589,83
778258,Mouse,3722,69
778290,Elephant,336910,963
778344,Mouse,4613,65
778358,Mouse,4523,65
778468,Mouse,5429,65
778494,Mouse,3605,64
778499,Mouse,3547,68
778571,Mouse,4044,64
778635,Mouse,3406,69
778638,Mouse,4096,70
778647,Mouse,3711,73
778759,Mouse,4693,68
778991,Mouse,3544,65
779043,Mouse,4700,67
779063,Elephant,269440,844
779101,Mouse,4199,66
779106,Mouse,4800,66
779266,Mouse,4517,65
779309,Mouse,3106,64
779380,Mouse,3814,64
779434,Mouse,4070,64
779471,Mouse,3417,64
779507,Mouse,5672,73
779516,Mouse,4412,71
779519,Mouse,4371,71
779523,Mouse,4820,68
779606,Mouse,3354,64
779648,Mouse,4574,70
779773,Mouse,4172,71
779842,Mouse,5118,70
779927,Mouse,3803,74
779944,Mouse,5231,77
780055,Mouse,5614,71
780072,Mouse,4058,75
780242,Elephant,436457,1160
780374,Mouse,5258,72
780402,Mouse,4993,74
780406,Mouse,4824,77
780422,Elephant,569008,1213
780547,Mouse,4407,65
780595,Mouse,5255,65
780640,Mouse,3979,64
780688,Mouse,4983,65
780692,Mouse,3947,64
780764,Mouse,3867,64
780817,Mouse,4624,65
781077,Mouse,4440,65
781164,Mouse,4512,73
781214,Mouse,3470,74
781231,Mouse,4448,78
781302,Mouse,5155,89
781327,Mouse,4707,95
781342,Elephant,162694,626
781393,Mouse,3786,84
781429,Mouse,5519,91
781505,Mouse,4487,90
781505,Mouse,3611,87
781513,Mouse,3113,91
781788,Elephant,536297,1320
781789,Mouse,3603,120
781797,Mouse,3593,115
781828,Mouse,5420,105
781920,Mouse,4681,80
781947,Mouse,4298,88
781976,Mouse,5810,94
782030,Mouse,3090,108
782127,Mouse,3503,119
782134,Elephant,30876,293
782153,Elephant,440062,1299
782158,Elephant,172496,855
782161,Mouse,3904,113
782175,Mouse,3335,97
782186,Mouse,4136,99
782202,Mouse,3729,92
782314,Mouse,3254,64
782388,Mouse,5334,68
782401,Mouse,5691,69
782480,Mouse,4569,65
782550,Mouse,3298,69
782566,Mouse,5188,66
782573,Mouse,3355,66
782625,Elephant,363985,1143
782626,Mouse,4253,69
782741,Mouse,5707,69
782753,Mouse,5580,66
782778,Mouse,3577,72
782832,Mouse,4378,65
782896,Mouse,3111,66
782905,Mouse,5121,72
782966,Mouse,4454,78
782988,Elephant,227210,726
783040,Mouse,3301,67
783055,Mouse,5298,65
783114,Mouse,5299,68
783116,Mouse,5819,69
783179,Mouse,4863,65
783202,Mouse,4597,65
783253,Mouse,5522,66
783279,Mouse,3133,67
783313,Mouse,3773,67
783329,Mouse,5465,67
783376,Mouse,3508,64
783424,Mouse,3870,64
783453,Mouse,5606,76
783499,Elephant,59968,339
783583,Mouse,4035,73
783698,Mouse,4859,66
783735,Elephant,450724,1160
783950,Mouse,3692,64
783967,Mouse,4373,68
784077,Mouse,3008,64
784179,Mouse,3276,67
784207,Mouse,3534,64
784246,Elephant,379058,962
784391,Mouse,4155,64
784437,Mouse,4711,65
784709,Mouse,4428,68
784725,Mouse,3071,66
784752,Mouse,3585,67
784761,Mouse,4950,72
784946,Mouse,4746,69
784976,Elephant,277726,807
785039,Mouse,3421,66
785077,Mouse,3921,64
785160,Mouse,4852,65
785290,Mouse,3073,64
785320,Mouse,3150,64
785453,Mouse,5164,69
785462,Mouse,4906,65
785544,Mouse,4846,65
785756,Mouse,3480,70
785796,Elephant,511471,1135
785826,Mouse,3936,65
785865,Mouse,4171,67
786040,Mouse,3515,67
786084,Mouse,3704,68
786097,Mouse,3417,64
786239,Mouse,3039,64
786273,Mouse,5626,66
786292,Mouse,5760,71
786302,Mouse,4289,73
786460,Mouse,5227,68
786484,Mouse,4772,71
786511,Mouse,3972,71
786539,Mouse,5622,79
786639,Elephant,460283,1063
786655,Mouse,4841,72
786658,Mouse,3931,72
786686,Mouse,5795,66
786815,Mouse,4627,66
786924,Mouse,4873,68
786953,Mouse,3863,68
786968,Mouse,5717,73
787021,Mouse,3970,67
787027,Mouse,3990,71
787038,Mouse,4916,73
787087,Mouse,3076,70
787103,Mouse,5512,69
787110,Mouse,3981,72
787295,Mouse,4707,80
787299,Mouse,5511,81
787332,Elephant,336341,927
787380,Mouse,4288,85
787442,Mouse,4590,69
787462,Mouse,5244,73
787473,Mouse,3291,67
787495,Mouse,5151,81
787578,Mouse,5676,90
787745,Mouse,4897,91
787765,Mouse,3788,97
787912,Mouse,3251,105
788005,Elephant,253173,931
788026,Mouse,3564,111
788048,Mouse,5334,119
788121,Elephant,532444,1421
788149,Mouse,4461,92
788154,Mouse,3019,87
788223,Mouse,3439,69
788279,Mouse,3596,73
788349,Mouse,4371,81
788587,Mouse,4969,104
788632,Elephant,100582,591
788759,Mouse,5638,118
788777,Mouse,5839,120
788875,Mouse,4432,135
788932,Elephant,522262,1523
788935,Elephant,488791,1513
788940,Mouse,4871,136
788953,Mouse,5658,122
788958,Mouse,3909,123
788971,Mouse,4753,114
789012,Mouse,4447,82
789021,Mouse,5100,70
789118,Mouse,4710,67
789143,Mouse,4913,69
789165,Mouse,3949,68
789174,Mouse,3616,71
789212,Mouse,3842,76
789239,Mouse,5075,80
789252,Mouse,4067,79
789435,Mouse,3579,91
789599,Elephant,100394,674
789616,Mouse,4992,117
789655,Mouse,4317,132
789730,Mouse,5257,137
789753,Mouse,3947,150
789890,Mouse,3442,151
789902,Mouse,3847,154
789941,Mouse,4812,160
789948,Mouse,5557,163
790030,Mouse,4956,167
790049,Mouse,3546,169
790082,Mouse,3417,180
790084,Mouse,4478,184
790097,Mouse,3539,185
790139,Mouse,3429,189
790154,Mouse,5738,187
790160,Mouse,3956,190
790174,Mouse,3351,193
790268,Mouse,4515,206
790318,Elephant,535581,1825
790320,Mouse,4701,203
790324,Mouse,4777,195
790393,Mouse,3212,181
790412,Mouse,4303,176
790414,Mouse,5625,180
790437,Mouse,4644,172
790501,Mouse,5229,178
790547,Mouse,3125,169
790567,Mouse,3307,179
790577,Mouse,5375,180
790698,Mouse,3630,183
790723,Mouse,3920,185
790785,Mouse,3938,189
790796,Mouse,4411,190
790983,Mouse,5737,218
791077,Elephant,137621,1498
791115,Mouse,3030,237
791227,Mouse,3593,243
791230,Mouse,3070,245
791257,Mouse,4845,251
791262,Mouse,3266,250
791314,Mouse,4184,255
791341,Mouse,4179,261
791401,Mouse,3842,263
791445,Elephant,523668,2809
791491,Elephant,589900,2686
791517,Elephant,364684,2158
791543,Mouse,5832,249
791551,Mouse,3234,232
791560,Mouse,5143,218
791760,Mouse,5425,154
791786,Elephant,380390,2257
791810,Mouse,5777,166
791835,Mouse,3418,179
791835,Mouse,5273,181
791887,Mouse,3804,158
791920,Mouse,4107,171
791960,Elephant,126975,1342
791962,Mouse,3347,177
791984,Mouse,4666,154
792011,Mouse,3501,160
792041,Mouse,4624,152
792106,Mouse,4145,151
792121,Mouse,5292,157
792137,Elephant,90540,1004
792178,Mouse,4535,147
792191,Mouse,4491,154
792192,Mouse,3224,154
792195,Mouse,5671,157
792329,Mouse,4915,151
792374,Mouse,4214,148
792479,Elephant,509759,2975
792500,Mouse,3368,158
792680,Mouse,3565,112
792716,Elephant,349246,2055
792770,Mouse,4751,102
792799,Mouse,5821,112
792890,Mouse,4237,94
793016,Elephant,242241,1364
793054,Mouse,5015,88
793131,Elephant,417367,1826
793239,Elephant,294234,1249
793331,Mouse,3436,64
793381,Mouse,4051,64
793403,Mouse,3052,64
793423,Mouse,4204,65
793446,Mouse,4840,65
793452,Mouse,4416,65
793478,Mouse,4503,65
793700,Mouse,3809,64
793716,Mouse,5105,69
793766,Mouse,3479,64
793858,Mouse,3234,64
793915,Mouse,3937,65
793961,Mouse,3302,64
794025,Mouse,4921,69
794035,Mouse,5470,76
794270,Mouse,3175,75
794315,Mouse,3311,83
794385,Elephant,268926,823
794421,Mouse,3559,78
794919,Mouse,3845,108
794937,Elephant,485346,1221
794970,Mouse,3963,97
795038,Mouse,4363,70
795057,Mouse,5816,78
795060,Mouse,5748,80
795091,Mouse,3132,81
795148,Elephant,545254,1329
795157,Mouse,4022,74
795159,Mouse,4080,74
795178,Mouse,3376,70
795182,Mouse,4089,68
795205,Mouse,4063,71
795208,Mouse,3410,69
795233,Mouse,4752,65
795242,Mouse,5472,70
795342,Mouse,4945,69
795361,Mouse,4354,77
795370,Mouse,4226,79
795411,Mouse,3920,78
795473,Mouse,5306,72
795550,Mouse,4269,75
795567,Mouse,3932,73
795589,Mouse,4545,84
795596,Mouse,4701,88
795695,Elephant,389139,1144
796036,Mouse,5628,105
796142,Mouse,3195,122
796155,Mouse,4975,130
796183,Elephant,364813,1111
796290,Elephant,277121,1015
796301,Mouse,4348,103
796334,Mouse,5334,102
796527,Mouse,5453,107
796676,Mouse,5660,127
796769,Mouse,3584,141
796770,Elephant,65080,586
796840,Mouse,4632,152
796892,Mouse,5634,148
796934,Mouse,4464,163
796934,Mouse,4615,163
797120,Mouse,3218,175
797152,Mouse,5164,179
797248,Elephant,433516,1644
797251,Mouse,4275,186
797286,Elephant,46588,627
797311,Mouse,5146,182
797348,Mouse,5124,159
797436,Mouse,3909,156
797460,Mouse,5390,163
797482,Elephant,431592,1729
797501,Mouse,5800,167
797538,Mouse,3705,162
797580,Mouse,4403,155
797589,Mouse,5689,158
797661,Mouse,3959,152
797702,Mouse,3920,152
797748,Mouse,5665,158
797797,Mouse,5023,158
797835,Mouse,3175,171
798004,Elephant,468307,2010
798013,Elephant,66692,808
798040,Mouse,3701,162
798106,Elephant,456527,2018
798109,Mouse,3856,127
798121,Mouse,4804,110
798173,Mouse,5348,77
798197,Mouse,4710,85
798218,Mouse,5453,90
798241,Mouse,4503,90
798254,Mouse,4213,93
798358,Mouse,3791,95
798372,Mouse,4897,96
798384,Mouse,4117,97
798399,Mouse,3342,101
798411,Elephant,153087,1239
798424,Mouse,4793,103
798471,Mouse,4002,103
798515,Mouse,3112,96
798587,Elephant,185602,1284
798609,Mouse,4052,77
798677,Mouse,3277,70
798679,Mouse,5617,75
798736,Mouse,4286,76
798752,Mouse,5199,84
798862,Mouse,4666,81
798951,Mouse,3961,97
799003,Mouse,5671,104
799026,Mouse,5417,108
799036,Mouse,3632,111
799077,Elephant,149081,736
799107,Mouse,5566,111
799110,Elephant,470763,1891
799137,Mouse,5708,90
799180,Mouse,5007,74
799230,Mouse,4815,66
799255,Mouse,4452,69
799358,Mouse,4763,70
799387,Elephant,548999,1830
799420,Mouse,3551,72
799421,Mouse,5096,73
799474,Elephant,52699,324
799508,Mouse,3739,64
799544,Mouse,4794,69
799554,Mouse,5461,66
799643,Mouse,3325,64
799673,Mouse,5777,72
799686,Mouse,3348,64
799723,Mouse,4618,68
799758,Mouse,5672,69
799856,Mouse,3141,64
799891,Mouse,4746,66
799905,Mouse,5502,70
799912,Mouse,4909,65
799985,Mouse,4359,69
800111,Mouse,3833,67
800142,Mouse,3491,67
800152,Mouse,4782,68
800336,Mouse,3108,70
800386,Mouse,4305,76
800406,Elephant,493315,1115
800429,Mouse,5401,74
800544,Mouse,3772,66
800551,Mouse,4803,68
800559,Mouse,3871,71
800572,Mouse,4569,69
800584,Mouse,5756,67
800608,Mouse,5490,74
800635,Mouse,5794,74
800644,Mouse,5508,74
800645,Elephant,98486,608
800651,Mouse,3534,78
800657,Mouse,4611,78
800686,Mouse,5711,77
800690,Mouse,3863,76
800709,Mouse,3318,74
800739,Mouse,3388,68
800804,Mouse,4494,69
800831,Mouse,4736,68
801034,Mouse,5627,69
801055,Mouse,5327,73
801110,Mouse,5201,83
801149,Mouse,4778,82
801166,Mouse,5684,85
801181,Elephant,377184,1005
801240,Mouse,3169,70
801272,Mouse,4379,67
801331,Mouse,5207,72
801438,Mouse,5374,65
801523,Mouse,3957,69
801528,Mouse,4987,72
801556,Mouse,4901,69
801721,Elephant,370231,1215
801961,Mouse,4696,69
801999,Mouse,4609,69
802012,Elephant,507413,1405
802023,Mouse,5824,66
802078,Mouse,4784,65
802089,Mouse,4267,65
802117,Mouse,4249,64
802240,Mouse,3461,64
802260,Mouse,4511,66
802263,Mouse,5507,68
802271,Mouse,4314,68
802287,Mouse,3422,64
802364,Mouse,4674,69
802410,Mouse,3825,69
802428,Mouse,3466,64
802490,Mouse,3264,66
802498,Mouse,5771,71
802631,Mouse,3925,66
802675,Mouse,4592,70
802694,Mouse,4453,67
802695,Mouse,3755,67
802713,Mouse,3560,67
802731,Mouse,3146,64
802822,Mouse,5693,66
802828,Mouse,5572,67
802865,Mouse,5779,67
802901,Mouse,3846,71
802925,Elephant,309635,849
802953,Mouse,5263,71
802996,Mouse,4083,64
803008,Mouse,3221,64
803025,Mouse,4139,66
803065,Mouse,5314,70
803258,Mouse,3599,64
803315,Mouse,5498,66
803324,Mouse,3321,66
803325,Mouse,3614,70
803344,Mouse,3449,64
803434,Mouse,5309,68
803496,Mouse,4558,65
803551,Mouse,5219,69
803558,Elephant,286157,820
803563,Mouse,5234,71
803584,Mouse,4417,65
803701,Mouse,4691,69
803753,Mouse,3436,64
803793,Mouse,4472,68
803938,Mouse,4703,65
804016,Mouse,3254,64
804113,Mouse,3790,64
804185,Mouse,4423,69
804223,Mouse,4059,68
804254,Mouse,3525,64
804338,Mouse,3480,64
804471,Mouse,5017,65
804621,Elephant,496094,1208
804624,Mouse,3126,67
804663,Mouse,5115,71
804699,Mouse,4699,66
804705,Mouse,5673,66
804746,Mouse,3897,70
804766,Mouse,4454,65
804773,Mouse,4202,66
804778,Elephant,165460,651
804787,Mouse,3114,70
804804,Mouse,4098,64
804834,Mouse,3533,67
804836,Mouse,5003,71
804883,Mouse,3480,75
805004,Mouse,3377,68
805008,Mouse,5784,71
805063,Mouse,4112,64
805229,Mouse,4924,65
805292,Mouse,4127,64
805302,Mouse,5063,70
805319,Mouse,5819,75
805341,Mouse,3423,66
805390,Mouse,3635,67
805410,Mouse,3125,67
805441,Mouse,5788,72
805445,Elephant,257838,777
805472,Mouse,3713,65
805486,Mouse,3671,68
805491,Mouse,5332,66
805495,Mouse,4883,65
805532,Mouse,3522,65
805636,Mouse,5291,65
805812,Mouse,3406,64
805843,Mouse,5640,66
806067,Mouse,4086,64
806101,Mouse,3800,68
806173,Mouse,4293,66
806218,Mouse,3814,66
806243,Mouse,4135,64
806370,Mouse,3521,64
806376,Mouse,5702,66
806458,Mouse,5429,65
806610,Mouse,3626,67
806613,Elephant,507446,1112
806707,Mouse,3008,64
806794,Mouse,3422,64
806884,Mouse,4646,65
807032,Mouse,3855,64
807184,Mouse,5584,66
807318,Mouse,5032,65
807366,Mouse,3062,64
807422,Mouse,4566,67
807426,Mouse,4303,70
807453,Mouse,5383,65
807477,Mouse,4169,72
807519,Mouse,5812,69
807614,Mouse,3119,66
807735,Mouse,3801,67
807753,Mouse,4558,66
807777,Mouse,5740,70
807906,Mouse,5072,74
808006,Mouse,3008,71
808007,Mouse,3533,72
808023,Elephant,201284,690
808034,Mouse,3182,67
808071,Mouse,3590,67
808093,Mouse,3257,64
808135,Mouse,5432,70
808286,Mouse,4036,67
808341,Mouse,4577,72
808403,Mouse,3304,74
808522,Mouse,3314,92
808525,Mouse,4498,93
808540,Mouse,5043,91
808569,Mouse,5119,95
808573,Mouse,3780,74
808597,Mouse,4832,81
808655,Mouse,3444,74
808659,Mouse,4593,79
808880,Elephant,410532,1057
808925,Mouse,5424,75
808944,Mouse,3177,78
809077,Mouse,5776,74
809163,Elephant,63896,351
809295,Mouse,3056,68
809408,Elephant,369941,1086
809472,Mouse,5329,69
809508,Elephant,329144,937
809521,Mouse,3623,69
809589,Mouse,4000,64
809603,Mouse,3710,64
809612,Mouse,3998,64
809710,Mouse,3029,66
809711,Mouse,4152,67
809715,Mouse,4297,65
809724,Mouse,4353,65
809728,Mouse,3923,65
809773,Mouse,5086,67
809933,Mouse,4615,69
809979,Mouse,3676,68
809992,Mouse,4738,65
810011,Mouse,4513,69
810073,Mouse,4064,68
810135,Mouse,3344,67
810163,Mouse,3329,73
810219,Mouse,5407,69
810317,Mouse,5440,72
810360,Mouse,3438,76
810383,Mouse,5603,79
810415,Mouse,5288,87
810450,Elephant,139156,589
810478,Mouse,5817,84
810533,Mouse,5389,71
810544,Mouse,3342,67
810582,Mouse,5566,74
810654,Mouse,5825,73
810658,Elephant,509610,1149
810665,Elephant,85496,450
810684,Mouse,4053,66
810813,Mouse,4132,64
810816,Mouse,3322,64
810838,Mouse,4463,65
810849,Mouse,4210,64
810882,Mouse,4388,66
810904,Mouse,3192,64
810964,Mouse,4937,65
810980,Mouse,5756,66
811011,Mouse,5575,66
811047,Mouse,5190,65
811061,Mouse,3021,64
811170,Mouse,4576,65
811176,Mouse,5061,65
811401,Mouse,4145,69
811404,Mouse,5055,70
811415,Mouse,3058,70
811421,Mouse,5813,74
811424,Elephant,133222,545
811440,Mouse,3403,67
811450,Elephant,55797,324
811470,Mouse,5313,74
811485,Mouse,4186,69
811584,Mouse,4703,65
811616,Mouse,4240,68
811793,Mouse,5180,69
811864,Mouse,4765,66
811959,Elephant,251921,759
812007,Mouse,3077,66
812177,Mouse,5211,68
812287,Mouse,4632,65
812291,Mouse,5003,66
812295,Mouse,3604,64
812382,Mouse,5665,66
812421,Mouse,4127,64
812452,Mouse,4861,65
812478,Mouse,3356,67
812528,Mouse,5049,72
812539,Elephant,167517,599
812545,Mouse,5642,66
812585,Mouse,5311,73
812702,Mouse,5352,69
812733,Mouse,5777,66
812753,Mouse,5073,73
812842,Mouse,4700,66
813025,Mouse,4797,68
813030,Mouse,5449,67
813041,Mouse,3467,67
813092,Mouse,4608,71
813209,Mouse,4427,73
813295,Mouse,3728,83
813298,Mouse,5530,87
813320,Mouse,5158,92
813343,Mouse,3099,94
813491,Mouse,4202,112
813556,Mouse,3917,128
813589,Mouse,5761,137
813594,Mouse,4554,141
813734,Mouse,4106,153
813863,Mouse,4050,169
813874,Mouse,3427,172
813973,Elephant,76356,704
813996,Mouse,3380,184
814015,Mouse,3262,186
814058,Elephant,481494,1471
814138,Mouse,4513,162
814175,Mouse,3478,143
814192,Mouse,4687,140
814193,Elephant,327001,1348
814196,Mouse,4424,140
814228,Elephant,501530,1590
814232,Mouse,5117,116
814243,Mouse,4734,111
814249,Mouse,3490,90
814250,Mouse,3718,92
814270,Mouse,3257,84
814282,Elephant,39708,449
814292,Mouse,5494,73
814316,Mouse,3584,64
814357,Mouse,5200,68
814362,Mouse,5528,66
814389,Mouse,4839,69
814400,Mouse,4789,73
814410,Mouse,5455,70
814419,Mouse,3705,64
814453,Mouse,4271,76
814465,Mouse,4596,65
814634,Mouse,3504,64
814818,Elephant,426562,1420
814827,Mouse,5167,66
814908,Mouse,3276,64
814993,Mouse,4912,65
815041,Mouse,4482,65
815052,Mouse,5030,65
815085,Mouse,3961,65
815130,Mouse,5749,67
815153,Mouse,5303,68
815156,Mouse,5688,69
815303,Mouse,4155,64
815312,Mouse,3381,64
815372,Mouse,3558,64
815420,Mouse,3044,64
815541,Mouse,3291,64
815602,Mouse,3429,64
815707,Mouse,3919,64
815807,Mouse,3143,64
815852,Mouse,3834,64
815938,Mouse,3263,64
816022,Mouse,3202,64
816040,Mouse,3298,64
816172,Mouse,4097,64
816251,Mouse,3645,64
816320,Mouse,4294,65
816374,Mouse,4656,65
816383,Mouse,5398,65
816413,Mouse,5236,65
816444,Mouse,5279,65
816454,Mouse,4917,65
816555,Mouse,4382,65
816574,Mouse,3208,64
816601,Mouse,5133,66
816668,Mouse,4849,65
816729,Mouse,5073,65
816739,Mouse,4678,65
816794,Mouse,3492,64
816815,Mouse,4507,65
816839,Mouse,3846,64
816889,Mouse,3519,64
816944,Mouse,5285,65
817035,Mouse,4683,65
817060,Mouse,5108,65
817084,Mouse,4551,65
817180,Mouse,3535,64
817280,Mouse,4513,65
817296,Mouse,4401,65
817333,Mouse,4283,65
817339,Mouse,4455,66
817436,Mouse,5100,65
817501,Mouse,5204,65
817584,Mouse,4313,65
817604,Mouse,3790,67
817605,Mouse,5113,68
817659,Mouse,5522,66
817686,Mouse,5834,67
817687,Mouse,3250,66
817749,Mouse,3250,64
817774,Mouse,5412,66
817816,Mouse,3514,64
817886,Mouse,4085,64
817970,Mouse,3172,64
818008,Mouse,3738,64
818015,Mouse,5719,66
818047,Mouse,4349,69
818115,Mouse,4948,65
818346,Mouse,3425,67
818352,Mouse,3784,70
818366,Mouse,4298,70
818477,Mouse,4175,68
818503,Mouse,3445,70
818663,Mouse,3549,85
818691,Mouse,5091,93
818773,Mouse,3942,108
818857,Mouse,5299,120
818900,Mouse,4782,130
818949,Mouse,5672,137
818984,Elephant,346441,1052
818996,Mouse,4671,142
819030,Mouse,4375,149
819063,Mouse,5774,135
819071,Mouse,4112,135
819130,Mouse,3675,144
819150,Mouse,4389,133
819229,Mouse,4317,137
819313,Mouse,5269,141
819376,Mouse,4646,158
819465,Elephant,265396,1166
819486,Mouse,5074,176
819501,Mouse,3189,177
819563,Mouse,3039,162
819578,Mouse,5647,167
819647,Mouse,3464,158
819668,Mouse,5672,162
819726,Elephant,379350,1484
819788,Mouse,5180,147
819812,Mouse,3850,144
819870,Mouse,3685,134
819871,Mouse,3375,134
819932,Mouse,3426,136
819969,Mouse,5410,136
819988,Elephant,524598,1773
819999,Mouse,4302,138
820064,Mouse,4978,116
820074,Mouse,5410,118
820089,Mouse,3974,124
820106,Mouse,3111,118
820107,Mouse,3639,116
820201,Mouse,3879,95
820230,Elephant,202436,1541
820299,Elephant,173151,1110
820306,Mouse,3631,77
820354,Mouse,3269,64
820359,Mouse,4095,66
820427,Elephant,376332,1568
820496,Mouse,3687,64
820525,Mouse,3427,64
820532,Mouse,3575,67
820579,Mouse,4012,69
820586,Mouse,3752,64
820609,Mouse,5215,65
820649,Mouse,4897,65
820681,Mouse,5742,68
820682,Mouse,4124,68
820688,Mouse,3963,64
820694,Mouse,5534,66
820715,Mouse,4178,66
820923,Mouse,4578,69
821091,Mouse,4053,72
821138,Elephant,318039,1869
821168,Mouse,5404,68
821213,Mouse,3505,68
821288,Mouse,4879,68
821392,Mouse,3296,67
821453,Mouse,3905,71
821483,Mouse,4158,66
821494,Mouse,5306,72
821564,Elephant,266217,791
821569,Mouse,3363,72
821627,Mouse,4861,67
821658,Elephant,222149,726
821796,Mouse,3407,64
821824,Mouse,4335,65
821944,Mouse,5142,65
821954,Mouse,5009,65
822075,Mouse,3171,64
822078,Mouse,4306,65
822086,Mouse,4000,64
822092,Mouse,5395,65
822154,Mouse,3156,64
822176,Mouse,4864,65
822210,Mouse,3385,64
822231,Mouse,3575,64
822289,Mouse,3676,64
822306,Mouse,3338,64
822368,Mouse,4386,65
822398,Mouse,3007,64
822451,Mouse,3726,64
822476,Mouse,5742,66
822634,Mouse,5738,66
822670,Mouse,3067,64
822691,Mouse,5403,65
822817,Mouse,5631,70
822877,Mouse,5425,70
822885,Mouse,5224,70
822950,Mouse,4842,66
822998,Mouse,4895,68
822999,Mouse,3936,67
823119,Mouse,4845,69
823183,Mouse,4125,68
823192,Mouse,3136,71
823204,Mouse,3006,67
823224,Mouse,4813,71
823248,Mouse,3003,68
823310,Mouse,3158,64
823327,Mouse,3739,67
823435,Mouse,3891,72
823505,Mouse,3546,77
823533,Elephant,305856,872
823537,Mouse,5181,80
823573,Mouse,4124,79
823635,Elephant,367443,955
823639,Mouse,4959,69
823677,Mouse,3190,65
823681,Mouse,4650,66
823772,Mouse,5746,68
823782,Mouse,4864,69
823796,Mouse,5812,66
823815,Elephant,67554,381
823922,Mouse,5378,65
824058,Mouse,4506,65
824077,Mouse,5537,66
824135,Mouse,3797,66
824136,Mouse,4445,68
824307,Mouse,4936,65
824397,Mouse,3302,64
824443,Mouse,3958,64
824532,Mouse,3945,64
824576,Mouse,3195,64
824609,Mouse,4467,70
824641,Mouse,5394,68
824759,Mouse,4241,67
824810,Mouse,4525,65
824819,Mouse,4228,67
824851,Mouse,5370,70
824869,Elephant,338888,894
824970,Mouse,3098,66
824982,Mouse,3025,64
825047,Elephant,114408,505
825071,Mouse,3190,64
825093,Mouse,5119,66
825174,Mouse,4744,66
825176,Mouse,3430,66
825196,Mouse,3228,64
825223,Mouse,5075,67
825269,Mouse,4638,65
825275,Mouse,5770,66
825295,Mouse,5233,68
825312,Mouse,4558,66
825316,Mouse,4997,67
825367,Mouse,5076,65
825374,Elephant,112415,491
825452,Mouse,4800,65
825462,Mouse,4026,64
825569,Mouse,5762,66
825579,Mouse,4056,64
825619,Mouse,4585,65
825635,Mouse,4011,64
825650,Mouse,3092,64
825679,Mouse,3396,64
825682,Mouse,3519,65
825717,Mouse,5828,68
825883,Elephant,33449,233
825892,Mouse,5057,65
825897,Mouse,4205,64
825912,Mouse,3721,64
826096,Mouse,3479,64
826106,Mouse,4706,65
826168,Mouse,4240,64
826234,Mouse,3038,64
826342,Mouse,4297,65
826374,Mouse,5474,66
826476,Mouse,4477,65
826557,Mouse,5696,66
826602,Mouse,3269,64
826691,Mouse,3234,64
826704,Mouse,5011,65
826712,Mouse,5609,68
826745,Mouse,3703,65
826780,Mouse,4921,65
826922,Mouse,5334,65
826938,Mouse,3859,68
827003,Mouse,4888,65
827081,Mouse,3675,64
827084,Mouse,3303,65
827107,Mouse,4291,68
827134,Mouse,3350,64
827347,Mouse,4825,65
827512,Elephant,480276,1079
827516,Mouse,4936,71
827561,Mouse,4130,65
827961,Mouse,4086,66
828029,Mouse,4473,73
828041,Mouse,5750,78
828059,Elephant,162070,590
828093,Mouse,3728,69
828127,Mouse,4778,68
828188,Mouse,5775,66
828424,Mouse,3252,66
828529,Mouse,4369,69
828600,Elephant,540957,1164
828627,Mouse,4181,68
828747,Mouse,5267,65
828842,Mouse,4387,69
828862,Mouse,4465,71
828933,Mouse,4587,70
828962,Mouse,5475,66
828975,Mouse,4382,72
828998,Mouse,5676,77
829064,Mouse,5747,70
829145,Elephant,389016,980
829152,Mouse,4046,66
829163,Mouse,5759,68
829198,Mouse,4242,68
829294,Mouse,3169,64
829323,Mouse,4055,64
829387,Mouse,4861,65
829497,Mouse,4228,67
829504,Mouse,3298,69
829646,Mouse,5388,66
829684,Mouse,3785,74
829722,Elephant,315275,865
829978,Mouse,3885,68
830013,Mouse,5332,65
830019,Elephant,97936,459
830105,Mouse,4414,65
830359,Mouse,3360,64
830375,Mouse,4782,66
830409,Mouse,5446,71
830486,Mouse,5333,65
830539,Mouse,5539,66
830581,Mouse,5564,70
830585,Mouse,3321,71
830596,Mouse,3097,66
830645,Mouse,3464,68
830656,Mouse,3761,71
830671,Mouse,4064,75
830680,Mouse,3031,76
830685,Mouse,3399,75
830824,Mouse,4587,76
831029,Mouse,4781,93
831079,Mouse,4292,103
831092,Mouse,5687,110
831129,Mouse,4785,115
831210,Elephant,588658,1329
831309,Mouse,4041,67
831343,Mouse,5288,77
831350,Mouse,3022,71
831458,Elephant,424779,1161
831547,Mouse,4331,67
831601,Mouse,5053,65
831646,Mouse,3249,66
831648,Mouse,4524,68
831656,Mouse,3656,67
831663,Mouse,4342,72
831735,Mouse,3188,64
831801,Mouse,3123,66
831812,Mouse,4095,71
831823,Mouse,5752,66
831833,Elephant,396493,1107
832002,Mouse,3149,64
832066,Mouse,4633,65
832155,Mouse,4088,67
832159,Mouse,3262,66
832228,Mouse,3906,64
832235,Mouse,4621,66
832244,Mouse,4523,71
832332,Mouse,4091,67
832334,Mouse,5251,69
832437,Mouse,5096,65
832441,Mouse,4197,65
832457,Mouse,5671,70
832521,Mouse,4970,65
832527,Mouse,4793,65
832564,Mouse,3638,65
832586,Mouse,5661,72
832591,Mouse,5811,73
832637,Mouse,3956,72
832719,Mouse,3711,67
832720,Mouse,3071,66
832730,Elephant,181688,644
832823,Mouse,4319,68
832834,Mouse,4152,69
832837,Mouse,3319,69
832884,Mouse,4762,74
832967,Mouse,4571,73
833013,Mouse,3442,80
833044,Mouse,4469,73
833084,Mouse,5793,81
833108,Mouse,3579,78
833117,Mouse,5085,80
833202,Mouse,4220,84
833292,Mouse,4777,94
833356,Mouse,4497,103
833364,Mouse,5099,110
833393,Mouse,4873,120
833398,Mouse,4628,123
833405,Elephant,85338,515
833412,Elephant,278106,918
833413,Mouse,5361,125
833419,Mouse,4041,115
833428,Mouse,3745,111
833455,Mouse,4309,108
833459,Mouse,4382,107
833560,Mouse,3934,67
833708,Mouse,3489,71
833762,Mouse,3584,82
833773,Mouse,3681,86
833937,Elephant,479701,1249
833989,Mouse,4226,82
834003,Mouse,5263,86
834011,Mouse,3311,86
834017,Mouse,4181,88
834022,Mouse,3328,78
834122,Mouse,4078,70
834142,Mouse,4989,78
834162,Mouse,3525,75
834200,Mouse,5202,86
834216,Mouse,4660,88
834253,Elephant,514710,1325
834361,Mouse,4484,67
834379,Mouse,4269,65
834382,Mouse,3435,65
834450,Mouse,5331,68
834461,Mouse,3362,69
834468,Mouse,5790,70
834573,Mouse,4697,70
834575,Mouse,5070,71
834583,Mouse,4231,70
834600,Mouse,4794,67
834663,Elephant,335253,985
834689,Mouse,4849,65
834735,Mouse,4986,65
834747,Mouse,4602,65
834779,Mouse,4801,65
834802,Mouse,4660,65
834846,Mouse,4444,65
835033,Mouse,5736,66
835234,Mouse,5774,66
835253,Mouse,4839,65
835298,Mouse,3334,64
835336,Mouse,5535,66
835374,Mouse,4674,65
835566,Mouse,3176,64
835776,Mouse,3743,66
835877,Mouse,3768,70
835885,Mouse,5603,76
835932,Mouse,4881,65
836039,Mouse,3264,66
836081,Mouse,3821,66
836094,Mouse,5504,73
836120,Mouse,5510,76
836149,Mouse,4144,74
836157,Mouse,3189,78
836191,Mouse,5213,70
836208,Mouse,4034,72
836285,Mouse,4335,70
836414,Elephant,477888,1098
836441,Mouse,5614,68
836479,Mouse,3291,67
836505,Mouse,5059,69
836516,Mouse,4175,69
836553,Mouse,5152,69
836570,Mouse,3437,68
836611,Mouse,5207,74
836683,Mouse,5487,66
836713,Mouse,5291,70
836735,Mouse,3156,64
836799,Mouse,4567,72
836800,Mouse,4019,71
836860,Elephant,457756,1232
836986,Mouse,3285,64
837060,Mouse,5184,65
837130,Mouse,4085,68
837156,Mouse,5506,66
837336,Mouse,5316,65
837356,Mouse,4868,65
837375,Mouse,5625,66
837396,Elephant,140484,635
837427,Mouse,3289,65
837492,Mouse,3524,64
837784,Mouse,5268,65
837795,Mouse,4302,65
837863,Mouse,3521,64
837898,Mouse,3445,65
837900,Mouse,3566,66
837907,Mouse,5429,66
837955,Mouse,3581,64
837992,Mouse,5612,66
838019,Mouse,4509,67
838037,Mouse,4567,66
838052,Mouse,5692,70
838095,Mouse,4691,69
838097,Elephant,40647,244
838103,Mouse,3868,72
838162,Mouse,4256,64
838190,Mouse,4652,67
838253,Mouse,5119,71
838391,Mouse,4351,65
838712,Mouse,5315,69
838845,Mouse,5787,82
838895,Mouse,3888,83
838898,Mouse,5489,86
838907,Elephant,420299,1130
838918,Mouse,4356,75
838972,Mouse,4602,68
839087,Mouse,4517,70
839143,Mouse,5208,73
839151,Mouse,5283,73
839178,Mouse,4778,68
839231,Mouse,3527,72
839444,Mouse,5754,118
839476,Mouse,5798,122
839611,Mouse,3700,134
839619,Mouse,5051,140
839642,Mouse,4900,143
839652,Mouse,5565,147
839697,Mouse,5480,157
839709,Mouse,4164,165
839718,Mouse,5457,169
839750,Mouse,3515,176
839822,Mouse,3703,178
839827,Elephant,517486,1415
839833,Mouse,5708,186
839834,Mouse,4331,185
839861,Mouse,3357,181
839894,Mouse,4109,176
839907,Mouse,4901,163
839991,Mouse,3217,130
839992,Mouse,4394,133
840053,Mouse,4423,135
840062,Mouse,3892,137
840073,Mouse,3355,140
840099,Elephant,128529,902
840140,Mouse,4843,147
840150,Mouse,3131,148
840215,Mouse,4037,136
840219,Elephant,186617,1097
840256,Mouse,4251,119
840298,Elephant,516654,1596
840317,Mouse,3481,93
840350,Mouse,5725,79
840351,Mouse,4302,78
840390,Mouse,5403,68
840410,Elephant,261829,1241
840414,Mouse,4121,72
840427,Mouse,5686,66
840642,Mouse,5175,66
840675,Mouse,4535,69
840683,Elephant,92425,447
840742,Mouse,4109,67
840812,Mouse,5149,65
840832,Mouse,3264,66
840880,Mouse,4857,65
840898,Mouse,4370,65
840927,Mouse,4603,72
840972,Mouse,4658,65
841059,Mouse,4224,70
841070,Mouse,4626,65
841099,Mouse,5787,74
841163,Mouse,4680,77
841190,Mouse,4194,72
841268,Mouse,3224,78
841426,Mouse,3282,92
841431,Mouse,4381,94
841493,Mouse,3995,102
841535,Elephant,65740,452
841556,Mouse,3172,96
841619,Elephant,370561,1038
841713,Mouse,5368,69
841807,Mouse,5403,80
841813,Elephant,572670,1310
841980,Mouse,4960,70
842027,Mouse,3017,64
842088,Mouse,4006,64
842128,Mouse,4972,70
842178,Mouse,4004,71
842198,Mouse,3800,68
842229,Mouse,4541,66
842340,Mouse,5358,72
842358,Mouse,4980,72
842415,Mouse,3605,72
842466,Mouse,3346,71
842515,Mouse,3456,72
842552,Mouse,5822,80
842637,Mouse,5030,92
842645,Mouse,3994,93
842701,Elephant,392940,1041
842750,Mouse,4816,65
842833,Mouse,4857,70
842935,Elephant,567514,1414
843053,Mouse,5467,70
843074,Mouse,5109,66
843109,Mouse,4585,65
843146,Mouse,3838,66
843150,Mouse,5606,68
843157,Mouse,3414,64
843168,Mouse,5599,71
843493,Mouse,4079,73
843565,Mouse,3412,75
843584,Mouse,5243,79
843614,Mouse,3056,80
843677,Mouse,4466,94
843699,Mouse,4804,94
843752,Elephant,545588,1259
843756,Mouse,4494,85
843776,Mouse,3217,74
843778,Mouse,3369,75
843792,Mouse,4653,76
843838,Mouse,3527,72
843894,Mouse,4045,64
843967,Mouse,5060,65
843997,Mouse,5068,70
844018,Mouse,3740,64
844068,Mouse,5209,65
844156,Mouse,3176,66
844202,Mouse,5298,73
844231,Elephant,459538,1264
844270,Mouse,4149,68
844460,Mouse,3679,64
844677,Mouse,3174,64
844774,Mouse,5442,69
844775,Mouse,5297,69
844778,Mouse,4216,67
844798,Mouse,5372,71
844806,Mouse,5511,76
844886,Mouse,5512,67
844901,Mouse,5656,66
844919,Mouse,5306,69
844920,Elephant,332499,897
844947,Mouse,5042,65
844982,Mouse,5834,70
844983,Mouse,4997,69
845203,Mouse,3094,64
845238,Mouse,5605,66
845555,Mouse,4490,67
845574,Mouse,5490,66
845615,Mouse,4976,65
845731,Mouse,4243,66
845737,Mouse,5534,66
845840,Mouse,4024,67
845847,Mouse,3299,64
845969,Mouse,3152,65
845979,Mouse,3353,64
846088,Mouse,5542,70
846174,Mouse,3148,67
846198,Elephant,217180,709
846311,Mouse,5558,68
846319,Elephant,39151,248
846343,Mouse,5347,67
846345,Mouse,3239,66
846425,Mouse,5467,70
846430,Mouse,5271,71
846443,Mouse,3476,64
846515,Mouse,3281,67
846574,Mouse,3844,68
846653,Mouse,4152,68
846684,Mouse,4997,78
846727,Mouse,3551,80
846788,Mouse,5627,97
846839,Mouse,3714,99
846860,Mouse,3867,104
846861,Elephant,460338,1131
846949,Mouse,5172,72
847051,Mouse,4744,85
847063,Mouse,3561,82
847119,Mouse,3862,93
847152,Mouse,3203,104
847153,Mouse,4145,105
847178,Mouse,3138,104
847222,Mouse,4177,108
847343,Mouse,3860,110
847410,Elephant,285123,993
847411,Mouse,4198,120
847434,Mouse,5106,120
847565,Mouse,3052,91
847782,Mouse,3838,113
847818,Mouse,4731,121
847832,Mouse,4594,124
847836,Elephant,324609,1228
847843,Mouse,5335,111
847868,Mouse,3142,115
847869,Mouse,4126,116
847948,Mouse,5343,97
847958,Mouse,3016,88
847976,Mouse,4061,94
848156,Elephant,543344,1649
848180,Mouse,3514,92
848213,Mouse,3165,77
848223,Mouse,4281,79
848239,Mouse,5628,75
848265,Elephant,513524,1519
848290,Mouse,5433,80
848338,Mouse,4032,67
848340,Mouse,5515,68
848344,Mouse,4093,68
848364,Mouse,4666,70
848613,Mouse,4779,65
848630,Mouse,5344,70
848652,Mouse,5386,75
848686,Elephant,67189,371
848839,Mouse,5392,67
848867,Mouse,5623,66
848930,Mouse,4906,69
848949,Mouse,4015,68
848952,Mouse,3525,68
848988,Mouse,4992,69
848996,Mouse,5015,70
849027,Mouse,3464,64
849033,Elephant,351666,1049
849044,Mouse,5322,69
849262,Mouse,4258,66
849358,Mouse,4616,69
849383,Mouse,4250,64
849415,Mouse,4553,68
849460,Mouse,3224,64
849483,Mouse,5329,69
849548,Mouse,3760,67
849636,Mouse,4331,65
849657,Mouse,5572,67
849661,Elephant,337730,896
849703,Mouse,5560,68
849738,Mouse,3358,64
849757,Mouse,5378,65
849803,Mouse,5732,67
849844,Mouse,4329,65
849849,Mouse,5521,67
849924,Mouse,3088,64
849970,Mouse,5568,66
850037,Mouse,5735,66
850182,Mouse,4455,65
850198,Mouse,5000,65
850204,Mouse,4386,65
850289,Mouse,3894,64
850361,Mouse,4976,65
850387,Mouse,5287,65
850438,Mouse,3814,67
850446,Mouse,3406,69
850453,Mouse,4810,65
850460,Mouse,3561,64
850497,Mouse,3391,65
850508,Mouse,3396,64
850722,Mouse,3147,64
850896,Mouse,5450,80
850964,Elephant,30812,203
850990,Mouse,4434,73
851054,Mouse,3856,68
851057,Mouse,3440,69
851064,Mouse,4376,72
851104,Mouse,4342,84
851165,Mouse,3814,90
851304,Mouse,5417,111
851348,Mouse,3354,123
851353,Elephant,383068,1066
851361,Mouse,5182,124
851440,Mouse,3240,87
851491,Mouse,4692,87
851514,Mouse,3772,92
851519,Mouse,4415,96
851524,Elephant,265779,930
851547,Mouse,3893,100
851597,Mouse,3662,85
851613,Mouse,3139,73
851614,Mouse,3777,73
851684,Mouse,5454,79
851777,Mouse,5158,89
851782,Elephant,144809,713
851797,Mouse,5262,88
851909,Mouse,5750,72
851919,Mouse,3853,74
851957,Mouse,5708,83
851995,Mouse,4895,80
852022,Mouse,5496,87
852084,Elephant,267122,992
852115,Elephant,381097,1154
852121,Mouse,4795,65
852199,Mouse,3232,64
852242,Mouse,3739,65
852249,Mouse,3704,64
852256,Mouse,4577,65
852313,Mouse,4516,67
852314,Mouse,4480,68
852448,Mouse,5018,65
852496,Mouse,3147,64
852558,Mouse,3780,65
852561,Mouse,5410,68
852591,Mouse,5046,65
852685,Mouse,3365,64
852751,Mouse,4433,65
852806,Mouse,3264,64
852857,Mouse,5278,65
852914,Mouse,4686,65
853001,Mouse,5424,65
853046,Mouse,4320,65
853098,Mouse,4031,64
853188,Mouse,3785,64
853196,Mouse,4574,65
853211,Mouse,3857,68
853233,Mouse,5473,69
853286,Mouse,4036,64
853338,Mouse,5538,68
853403,Mouse,5437,69
853459,Mouse,5615,70
853537,Mouse,4404,78
853542,Mouse,3379,79
853600,Elephant,87557,438
853607,Mouse,3971,77
853697,Mouse,5321,72
853735,Elephant,144109,577
853777,Mouse,5836,77
853781,Mouse,4198,70
853787,Mouse,4067,72
853832,Mouse,5109,72
853850,Mouse,3053,75
853946,Mouse,3468,67
854013,Mouse,5736,82
854020,Elephant,274580,919
854060,Mouse,3017,75
854122,Mouse,3958,68
854188,Mouse,4114,73
854241,Elephant,264445,836
854271,Mouse,5107,69
854360,Mouse,4114,66
854380,Mouse,3809,66
854393,Mouse,5051,67
854401,Mouse,3567,68
854440,Mouse,5519,70
854469,Mouse,4048,66
854511,Mouse,5017,70
854592,Mouse,5332,68
854767,Mouse,5759,68
854775,Elephant,521391,1376
854857,Mouse,4481,65
855245,Mouse,4744,67
855287,Mouse,5236,68
855306,Mouse,5761,66
855354,Mouse,3648,64
855470,Mouse,5303,68
855542,Mouse,5255,65
855645,Mouse,4059,67
855709,Mouse,3844,64
855749,Mouse,3268,64
855833,Mouse,4399,65
855871,Mouse,5594,69
855906,Mouse,4305,68
855964,Mouse,3941,64
855988,Mouse,4046,68
855991,Mouse,3350,70
856003,Mouse,4343,73
856071,Mouse,4023,67
856077,Mouse,3703,68
856131,Mouse,5525,73
856171,Mouse,5569,68
856190,Mouse,4949,73
856207,Mouse,5682,77
856227,Mouse,3267,77
856228,Mouse,4793,79
856317,Elephant,555641,1180
856325,Mouse,4545,68
856333,Mouse,3968,69
856431,Mouse,5111,65
856438,Mouse,4995,65
856564,Mouse,3900,64
856650,Mouse,5561,66
856678,Mouse,4886,69
856692,Elephant,214650,706
856696,Mouse,4988,66
856724,Mouse,4863,70
856741,Mouse,4282,65
856774,Mouse,4732,65
856845,Mouse,4655,65
856882,Mouse,4015,64
857093,Mouse,3988,64
857141,Mouse,5703,66
857160,Mouse,4842,65
857333,Mouse,5428,65
857337,Mouse,3921,64
857384,Mouse,3962,64
857471,Mouse,5408,67
857473,Mouse,4279,66
857480,Mouse,4355,65
857546,Mouse,5659,66
857611,Mouse,5119,65
857646,Mouse,3055,64
857813,Mouse,3980,64
857858,Mouse,5070,66
857933,Mouse,4609,65
858032,Mouse,3578,66
858081,Mouse,5425,72
858103,Mouse,3507,68
858130,Elephant,83111,414
858246,Mouse,4684,69
858332,Mouse,4852,68
858343,Mouse,4670,70
858359,Mouse,4970,79
858460,Mouse,4384,82
858535,Mouse,3893,93
858565,Mouse,5306,101
858596,Mouse,3726,105
858790,Mouse,5567,122
858884,Mouse,4075,134
858908,Mouse,3701,140
858953,Mouse,4122,150
859079,Mouse,4999,165
859148,Mouse,3035,174
859272,Elephant,153548,983
859300,Mouse,5042,178
859348,Mouse,3103,185
859348,Elephant,300203,1286
859360,Mouse,4220,150
859377,Mouse,3279,153
859427,Mouse,3697,150
859449,Mouse,4813,138
859464,Elephant,525872,1629
859489,Elephant,497930,1589
859492,Mouse,3503,105
859638,Mouse,4650,69
859740,Mouse,4827,69
859913,Mouse,5534,72
859963,Mouse,5070,81
859994,Elephant,272172,1148
860020,Mouse,4812,82
860065,Mouse,4611,70
860070,Mouse,3985,73
860103,Mouse,3667,67
860143,Mouse,4072,74
860146,Mouse,4879,81
860156,Mouse,3584,69
860205,Mouse,3753,71
860218,Mouse,5226,74
860280,Mouse,3154,77
860291,Mouse,3676,77
860377,Elephant,189718,696
860385,Mouse,4745,75
860387,Elephant,358212,1027
860391,Mouse,4704,68
860411,Mouse,5213,67
860433,Mouse,5663,73
860476,Mouse,4571,66
860493,Mouse,4718,65
860515,Mouse,5013,65
860541,Mouse,3363,67
860545,Mouse,5514,71
860547,Mouse,5412,72
860644,Elephant,64470,337
860647,Mouse,4301,66
860888,Mouse,4946,65
861031,Mouse,3920,64
861142,Mouse,5236,65
861161,Mouse,4215,64
861246,Mouse,5435,66
861318,Mouse,4639,65
861328,Mouse,3992,64
861347,Mouse,5642,66
861366,Mouse,5331,65
861471,Mouse,4949,65
861521,Mouse,3467,64
861524,Mouse,3601,65
861559,Mouse,4230,64
861643,Mouse,4339,65
861681,Mouse,4307,65
861723,Mouse,5769,66
861772,Mouse,5547,66
861831,Mouse,3269,64
861862,Mouse,3727,66
861890,Mouse,3039,64
861926,Mouse,3312,64
861970,Mouse,4978,65
861994,Mouse,3385,64
862084,Mouse,4395,65
862103,Mouse,5454,66
862168,Mouse,4451,65
862238,Mouse,4945,65
862247,Mouse,5564,69
862266,Mouse,4564,65
862273,Mouse,4574,65
862307,Mouse,5094,65
862423,Mouse,5333,68
862510,Mouse,4515,65
862538,Mouse,5136,67
862542,Mouse,4305,67
862558,Mouse,4574,68
862595,Mouse,4247,68
862635,Mouse,3923,68
862709,Mouse,4456,68
862755,Mouse,3000,71
862768,Mouse,5216,76
862810,Mouse,4526,89
862828,Mouse,3711,86
862880,Mouse,4815,94
862887,Elephant,452000,1094
862917,Mouse,5272,80
862945,Mouse,4663,65
863062,Mouse,3431,69
863076,Mouse,4901,76
863167,Mouse,3003,69
863247,Elephant,341338,956
863263,Mouse,5000,71
863327,Mouse,4034,64
863379,Mouse,4644,68
863395,Mouse,5757,74
863472,Mouse,3134,68
863499,Mouse,4491,71
863588,Mouse,5258,78
863724,Mouse,5414,97
863834,Mouse,4687,104
863877,Mouse,4718,110
863937,Elephant,271173,945
863991,Mouse,5281,100
864045,Mouse,5806,94
864049,Elephant,548446,1383
864064,Mouse,3036,82
864077,Mouse,4740,89
864113,Mouse,5319,77
864131,Mouse,5119,76
864134,Mouse,3812,75
864322,Elephant,300679,983
864324,Mouse,4958,75
864328,Mouse,5127,75
864404,Mouse,3430,71
864417,Mouse,4619,66
864456,Mouse,3882,64
864503,Mouse,5204,68
864515,Mouse,5402,69
864521,Mouse,3225,70
864527,Mouse,3712,74
864552,Mouse,5282,85
864654,Mouse,3272,72
864724,Elephant,310073,978
864783,Mouse,5165,70
864818,Mouse,4709,66
864872,Mouse,4047,65
864925,Elephant,213866,731
864941,Mouse,5614,73
864970,Elephant,194442,710
865022,Mouse,3278,64
865044,Mouse,3357,64
865172,Mouse,5710,69
865230,Mouse,3105,66
865273,Mouse,4068,67
865365,Mouse,3451,66
865405,Mouse,5415,70
865413,Mouse,3787,69
865462,Mouse,4492,65
865471,Mouse,3369,67
865479,Mouse,4413,71
865506,Mouse,5133,65
865536,Mouse,5306,68
865549,Mouse,5130,70
865617,Elephant,153881,583
865799,Mouse,5256,65
865803,Mouse,4566,65
865866,Mouse,4014,66
865890,Mouse,4121,64
865898,Elephant,299163,839
865942,Mouse,3435,65
865986,Mouse,3708,65
866086,Mouse,3893,64
866092,Mouse,3381,65
866138,Mouse,3524,68
866200,Mouse,5486,66
866206,Mouse,3762,64
866237,Mouse,5249,68
866238,Mouse,4429,67
866270,Elephant,40921,242
866362,Mouse,4226,64
866365,Mouse,3290,65
866438,Mouse,5607,66
866503,Mouse,3039,64
866555,Mouse,4765,65
866674,Mouse,3747,64
866819,Mouse,3695,64
866884,Mouse,5291,68
866886,Mouse,5222,68
866973,Mouse,4745,65
866988,Mouse,3307,64
867129,Mouse,5408,70
867143,Mouse,5671,72
867234,Elephant,33817,233
867268,Mouse,5483,76
867346,Mouse,5083,73
867386,Mouse,4507,79
867500,Elephant,50251,319
867558,Mouse,5628,89
867607,Mouse,4963,100
867835,Elephant,85123,543
867883,Mouse,4437,119
867948,Elephant,331817,1064
867957,Mouse,4282,113
867966,Mouse,4702,115
868006,Mouse,4162,106
868015,Mouse,3571,99
868129,Mouse,4850,91
868166,Mouse,4022,94
868212,Mouse,3664,101
868297,Mouse,5790,119
868323,Mouse,4696,117
868421,Mouse,4518,128
868428,Mouse,3742,127
868436,Mouse,4187,131
868447,Mouse,4221,135
868483,Elephant,577006,1555
868555,Mouse,3672,86
868590,Elephant,114679,705
868716,Mouse,3215,64
868722,Elephant,543800,1519
868786,Mouse,5598,66
868841,Mouse,3805,64
868976,Mouse,3015,64
868993,Mouse,4162,67
869047,Mouse,3511,64
869115,Mouse,4916,65
869158,Mouse,4435,65
869190,Mouse,4147,64
869235,Mouse,4673,67
869270,Mouse,5341,65
869365,Mouse,5808,66
869376,Mouse,3634,65
869386,Mouse,3118,68
869405,Mouse,3603,76
869461,Mouse,4917,75
869694,Elephant,192122,680
869753,Mouse,4135,66
869850,Mouse,5181,67
869970,Mouse,5136,70
870003,Mouse,5012,70
870009,Elephant,438090,1082
870101,Mouse,4787,65
870120,Mouse,4469,65
870177,Mouse,4201,68
870198,Mouse,4137,64
870273,Mouse,5806,66
870363,Mouse,3030,64
870432,Mouse,3233,67
870449,Mouse,4607,65
870489,Mouse,5403,72
870505,Mouse,3551,66
870541,Mouse,5451,68
870555,Mouse,3051,71
870594,Mouse,5143,72
870626,Elephant,365874,1288
870650,Mouse,4898,68
870685,Mouse,4433,67
870696,Mouse,5665,70
870766,Elephant,135059,544
870780,Mouse,4304,66
870820,Mouse,3407,64
870840,Mouse,3376,64
870885,Mouse,3531,64
870976,Mouse,3987,64
871090,Mouse,5589,66
871115,Mouse,3029,64
871280,Mouse,4874,65
871344,Mouse,4097,66
871440,Mouse,4682,65
871472,Mouse,4469,66
871491,Mouse,3145,64
871721,Mouse,4217,64
871744,Mouse,4363,67
871879,Mouse,5422,66
871883,Mouse,4069,65
872045,Mouse,3758,67
872061,Mouse,3118,70
872062,Mouse,3059,70
872358,Mouse,5253,71
872362,Mouse,3867,72
872379,Mouse,4339,76
872461,Elephant,39367,246
872473,Elephant,573159,1193
872486,Mouse,4393,66
872632,Mouse,4429,65
872641,Mouse,5829,66
872650,Mouse,4769,65
872700,Mouse,3722,64
872746,Mouse,5461,66
872859,Mouse,5058,65
872878,Mouse,3715,64
872898,Mouse,4382,66
872938,Mouse,3495,68
872966,Mouse,4140,64
873084,Mouse,4826,65
873124,Mouse,5213,65
873163,Mouse,4819,69
873169,Mouse,3598,68
873231,Mouse,4482,65
873257,Mouse,5136,69
873304,Mouse,3551,70
873322,Mouse,4708,68
873375,Mouse,4724,69
873387,Mouse,3698,68
873466,Mouse,3134,67
873606,Mouse,3229,80
873606,Mouse,4820,81
873612,Elephant,338162,914
873620,Mouse,3361,78
873688,Mouse,3295,64
873690,Mouse,3319,64
873735,Mouse,3256,64
873739,Mouse,5121,66
873889,Mouse,5512,71
873957,Mouse,5756,82
874161,Mouse,4400,96
874219,Mouse,5638,106
874228,Elephant,490875,1197
874235,Mouse,4274,91
874279,Mouse,4148,94
874447,Mouse,3893,78
874457,Mouse,5703,85
874475,Mouse,5392,88
874569,Elephant,430880,1161
874572,Mouse,3916,85
874625,Mouse,3772,67
874696,Elephant,264248,896
874717,Mouse,3731,64
874729,Mouse,3991,68
874813,Mouse,5247,68
874822,Mouse,3127,67
874907,Mouse,5254,73
874916,Mouse,5416,78
874957,Mouse,5053,76
874973,Mouse,4053,68
874982,Mouse,3350,64
875031,Mouse,4584,68
875116,Mouse,3633,66
875152,Mouse,3817,65
875182,Mouse,3215,66
875267,Elephant,372790,996
875284,Mouse,3860,64
875347,Mouse,4604,70
875364,Mouse,3467,67
875394,Mouse,3207,64
875431,Mouse,5201,68
875448,Mouse,5403,67
875460,Mouse,3648,64
875492,Mouse,4758,69
875499,Elephant,51190,286
875522,Mouse,4574,65
875585,Mouse,4260,65
875606,Mouse,3928,64
875624,Mouse,5008,65
875654,Mouse,5036,65
875808,Mouse,4673,65
875816,Mouse,5492,71
875834,Mouse,3571,70
875878,Mouse,4411,74
876037,Mouse,5278,68
876054,Mouse,5425,71
876158,Mouse,3947,69
876319,Mouse,5348,103
876420,Mouse,3092,114
876440,Elephant,511684,1208
876463,Mouse,4225,103
876490,Mouse,4655,98
876677,Mouse,5194,94
876687,Mouse,4907,98
876721,Mouse,4060,107
876764,Mouse,4963,120
876824,Mouse,5532,130
876886,Mouse,4791,132
876961,Mouse,3515,139
877080,Elephant,494300,1432
877081,Mouse,4041,159
877168,Mouse,3909,123
877379,Mouse,5707,138
877414,Mouse,3665,147
877431,Mouse,4647,160
877434,Mouse,4770,163
877478,Mouse,5266,168
877548,Mouse,5283,191
877580,Mouse,3986,196
877662,Mouse,5152,203
877681,Mouse,5588,208
877719,Mouse,4918,211
877879,Mouse,3593,215
877929,Elephant,422413,1817
877963,Elephant,464519,1854
877983,Mouse,5530,189
878014,Mouse,3608,174
878027,Mouse,5214,171
878035,Mouse,4661,168
878051,Mouse,4730,166
878057,Elephant,55655,788
878066,Mouse,4449,157
878086,Mouse,3602,163
878129,Mouse,4986,149
878136,Elephant,152832,1252
878190,Mouse,4061,103
878201,Mouse,5593,96
878277,Mouse,4110,93
878326,Elephant,436329,1938
878461,Mouse,3372,73
878477,Mouse,4671,76
878601,Mouse,3949,94
878685,Elephant,42399,351
878691,Mouse,3596,105
878803,Mouse,4867,104
878855,Elephant,576363,2077
878868,Mouse,3926,89
878898,Mouse,4549,95
878904,Mouse,3201,85
878906,Mouse,4336,88
878999,Elephant,324893,1260
879089,Mouse,3240,66
879138,Mouse,3580,67
879161,Mouse,3464,67
879473,Mouse,4110,99
879511,Mouse,4449,107
879603,Elephant,365366,1158
879657,Mouse,5308,100
879675,Mouse,4786,92
879714,Mouse,3345,92
879877,Mouse,4817,101
879943,Mouse,4018,109
879948,Elephant,322386,1078
879973,Mouse,3236,114
879994,Mouse,3792,100
880122,Mouse,3096,74
880182,Elephant,444026,1264
880187,Mouse,4959,82
880188,Elephant,270613,1033
880240,Mouse,3160,67
880246,Mouse,3418,64
880296,Mouse,3355,64
880408,Mouse,3566,67
880460,Mouse,4664,72
880505,Mouse,3368,64
880523,Mouse,3393,64
880622,Mouse,4307,66
880640,Mouse,5035,66
880697,Mouse,3266,64
880708,Mouse,5147,68
880711,Elephant,153587,601
880717,Mouse,3218,65
880757,Mouse,3309,64
880985,Mouse,5442,66
881010,Mouse,3064,64
881040,Mouse,4636,65
881161,Mouse,5422,65
881180,Mouse,3914,64
881192,Mouse,3796,64
881253,Mouse,5758,66
881292,Mouse,4962,65
881337,Mouse,5108,70
881342,Mouse,4770,65
881434,Mouse,5570,66
881463,Mouse,5154,65
881538,Mouse,3440,67
881610,Mouse,5231,65
881626,Mouse,5747,69
881656,Mouse,5600,67
881669,Mouse,3138,70
881670,Mouse,5588,73
881807,Mouse,3220,64
881842,Mouse,4339,70
881846,Mouse,5698,72
881883,Mouse,3897,68
882047,Elephant,151645,578
882050,Mouse,3116,66
882282,Mouse,4760,65
882320,Mouse,3034,64
882432,Mouse,5524,66
882477,Mouse,3673,65
882670,Mouse,3486,67
882841,Mouse,4488,67
882857,Mouse,5172,66
882861,Mouse,5301,66
882962,Mouse,4339,66
882996,Mouse,4178,64
883034,Mouse,4101,69
883100,Mouse,4965,70
883175,Mouse,4723,79
883175,Mouse,3705,73
883198,Mouse,5583,78
883336,Mouse,3691,75
883352,Mouse,5104,82
883363,Elephant,591331,1244
883416,Mouse,5315,65
883437,Mouse,4785,66
883485,Mouse,4177,66
883508,Mouse,5584,66
883566,Mouse,5030,67
883592,Mouse,3851,64
883608,Mouse,4967,69
883614,Mouse,5074,72
883618,Mouse,4120,68
883690,Mouse,3019,67
883845,Mouse,3503,67
883868,Mouse,5520,71
883880,Mouse,3315,71
883928,Mouse,4238,75
883941,Mouse,5425,77
884017,Mouse,3324,69
884031,Mouse,4807,70
884043,Elephant,565357,1227
884050,Mouse,4708,66
884106,Mouse,3888,64
884218,Mouse,5550,70
884225,Elephant,93589,433
884236,Mouse,5019,65
884240,Mouse,4595,65
884280,Mouse,4170,65
884296,Mouse,4512,65
884371,Mouse,5522,66
884412,Mouse,3332,65
884423,Mouse,4614,65
884462,Mouse,5638,66
884504,Mouse,5146,65
884586,Mouse,5680,66
884634,Mouse,3686,64
884698,Mouse,3382,64
884713,Mouse,4873,65
884765,Mouse,4720,65
884813,Mouse,3584,64
884817,Mouse,4118,65
884900,Mouse,4163,64
884980,Mouse,4581,65
884996,Mouse,5524,66
885106,Mouse,4040,64
885131,Mouse,5288,65
885139,Mouse,5428,65
885253,Mouse,4005,64
885407,Mouse,5566,66
885420,Mouse,4891,65
885452,Mouse,3254,64
885505,Mouse,5386,65
885572,Mouse,3958,64
885613,Mouse,3638,64
885617,Mouse,3678,64
885637,Mouse,4862,68
885669,Mouse,3638,64
885801,Mouse,4088,64
885871,Mouse,5126,70
885953,Mouse,3526,66
886088,Mouse,3048,69
886103,Mouse,4999,66
886106,Mouse,4636,66
886162,Elephant,164433,592
886507,Mouse,4447,65
886709,Mouse,5685,70
886759,Mouse,3736,72
886862,Elephant,572817,1192
886894,Mouse,4101,64
886959,Mouse,4370,65
887034,Mouse,5313,65
887045,Mouse,5098,65
887085,Mouse,4373,65
887099,Mouse,4759,65
887154,Mouse,4462,65
887173,Mouse,3312,64
887208,Mouse,5255,65
887399,Mouse,3674,64
887541,Mouse,3892,64
887560,Mouse,3109,65
887562,Mouse,4703,67
887672,Mouse,4302,66
887675,Mouse,5743,67
887680,Mouse,5738,66
887687,Mouse,3758,64
887782,Mouse,3623,64
887799,Mouse,5309,65
887863,Mouse,3679,64
887983,Mouse,5789,66
888036,Mouse,3093,64
888158,Mouse,3864,64
888253,Mouse,3521,67
888307,Mouse,4089,64
888326,Mouse,5391,70
888529,Mouse,4956,76
888547,Mouse,5160,84
888565,Mouse,5520,86
888671,Elephant,197379,714
888676,Mouse,5819,84
888716,Elephant,158044,742
888721,Mouse,4162,78
888724,Mouse,5073,79
888784,Elephant,155036,650
888795,Mouse,3251,69
888799,Mouse,4062,64
888860,Mouse,3601,65
888893,Mouse,4406,65
888905,Mouse,3798,68
888993,Mouse,5031,66
889033,Mouse,3066,64
889047,Elephant,185167,690
889120,Mouse,3838,64
889125,Mouse,5322,67
889131,Mouse,5694,66
889134,Mouse,3382,64
889170,Mouse,3931,64
889219,Mouse,4573,65
889229,Mouse,5713,66
889314,Mouse,5267,68
889382,Mouse,4309,69
889467,Mouse,4349,65
889477,Mouse,5712,73
889529,Mouse,4282,65
889582,Mouse,4350,65
889617,Mouse,5460,68
889696,Mouse,5305,68
889777,Mouse,5611,74
889872,Mouse,4904,69
889873,Mouse,3611,72
889936,Mouse,3167,70
889959,Mouse,3987,68
890062,Elephant,360102,962
890089,Mouse,4722,65
890193,Mouse,4217,64
890252,Mouse,3287,66
890273,Mouse,3197,64
890379,Mouse,3463,67
890440,Mouse,4461,68
890485,Mouse,3544,69
890517,Mouse,4965,70
890579,Mouse,5386,73
890581,Mouse,3877,72
890632,Mouse,3467,74
890643,Mouse,4138,77
890720,Mouse,4390,72
890730,Mouse,5276,72
890742,Mouse,5554,74
890764,Mouse,3688,73
890793,Mouse,5717,79
890811,Mouse,3887,81
890851,Mouse,3685,74
890870,Mouse,3508,75
890944,Mouse,3334,70
890993,Elephant,383448,1335
891007,Mouse,5090,72
891198,Mouse,5717,79
891436,Elephant,42348,363
891468,Mouse,5571,101
891479,Mouse,3810,104
891508,Mouse,4690,110
891557,Mouse,5445,117
891576,Mouse,5383,120
891649,Mouse,3720,124
891695,Mouse,5561,130
891773,Mouse,4859,138
891782,Mouse,4747,141
891815,Mouse,3807,148
891821,Elephant,510387,1663
891840,Mouse,5007,135
891909,Mouse,3272,117
891923,Mouse,4092,113
891927,Elephant,210016,982
891929,Mouse,3441,119
891960,Mouse,4013,116
891981,Mouse,4848,111
891998,Mouse,3611,106
892044,Elephant,552645,1953
892149,Mouse,4966,65
892170,Mouse,5792,72
892180,Mouse,5026,70
892189,Mouse,5320,75
892261,Mouse,5068,73
892309,Mouse,4368,73
892336,Mouse,3246,70
892357,Mouse,5060,72
892375,Mouse,3029,75
892447,Mouse,3468,77
892458,Mouse,5209,79
892548,Mouse,5412,90
892561,Mouse,4124,92
892571,Mouse,4407,93
892627,Elephant,520226,1502
892643,Mouse,4311,97
892752,Mouse,5730,75
892982,Elephant,548910,1600
893010,Mouse,5359,68
893114,Mouse,5273,68
893132,Mouse,4018,67
893132,Mouse,3164,66
893190,Mouse,4074,67
893207,Mouse,5726,68
893252,Mouse,4252,72
893332,Mouse,3454,68
893338,Mouse,5137,72
893395,Mouse,4697,65
893506,Mouse,5711,70
893511,Mouse,3687,67
893540,Elephant,371446,970
893592,Mouse,5724,66
893598,Mouse,4006,64
893651,Mouse,4592,65
893702,Mouse,4044,64
893771,Mouse,4339,65
893804,Mouse,5026,68
893805,Mouse,3969,67
893866,Mouse,3947,64
893937,Mouse,5519,66
893954,Mouse,3254,64
894068,Mouse,3035,64
894152,Mouse,3605,66
894153,Mouse,5770,69
894172,Mouse,3438,64
894233,Mouse,5359,65
894283,Mouse,5505,66
894304,Mouse,3449,64
894338,Mouse,5532,66
894352,Mouse,3414,64
894367,Mouse,5062,65
894399,Mouse,5475,66
894418,Mouse,4440,65
894471,Mouse,5085,65
894498,Mouse,4443,65
894533,Mouse,4515,65
894613,Mouse,3040,64
894618,Mouse,4467,65
894633,Mouse,3585,64
894688,Mouse,5418,66
894692,Mouse,4509,66
894709,Mouse,4399,65
894745,Mouse,3508,64
894755,Mouse,5499,66
894799,Mouse,5652,66
894810,Mouse,5377,65
894822,Mouse,4678,65
894831,Mouse,3864,65
894834,Mouse,5175,67
894904,Mouse,5403,65
895136,Mouse,3290,64
895181,Mouse,4492,65
895204,Mouse,3470,64
895212,Mouse,5198,70
895289,Mouse,3019,64
895392,Mouse,4873,65
895397,Mouse,3817,64
895404,Mouse,4546,65
895524,Mouse,5532,66
895622,Mouse,3908,64
895669,Mouse,4034,64
895724,Mouse,5782,70
895736,Mouse,5610,73
895824,Mouse,3756,66
895975,Mouse,4704,68
896007,Mouse,3578,76
896049,Mouse,5234,80
896072,Mouse,4273,86
896148,Mouse,3359,80
896225,Elephant,514959,1168
896271,Mouse,4507,68
896330,Mouse,5446,76
896349,Mouse,5413,74
896379,Mouse,3428,76
896420,Mouse,3643,74
896424,Mouse,5768,78
896448,Mouse,3673,73
896470,Mouse,4120,78
896603,Elephant,64551,352
896611,Mouse,4757,73
896671,Elephant,566964,1231
896770,Mouse,3231,64
896813,Mouse,4238,65
896829,Mouse,3589,64
896916,Mouse,5576,66
896921,Mouse,3562,64
896959,Mouse,3193,65
897010,Mouse,5411,65
897032,Mouse,3171,64
897118,Mouse,3401,64
897181,Mouse,3023,65
897184,Mouse,4099,66
897194,Mouse,4431,65
897259,Mouse,5646,66
897317,Mouse,3527,64
897388,Mouse,5671,66
897407,Mouse,3001,63
897492,Mouse,4207,64
897496,Mouse,4590,65
897499,Mouse,4090,65
897531,Mouse,4772,65
897669,Mouse,4064,64
897780,Mouse,3794,64
897794,Mouse,3239,64
897803,Mouse,4184,64
897890,Mouse,3188,64
897935,Mouse,5701,67
897999,Mouse,3522,64
898054,Mouse,5495,71
898150,Mouse,3898,64
898173,Mouse,5219,67
898252,Mouse,5613,68
898263,Elephant,114779,496
898388,Mouse,3321,64
898477,Mouse,4068,64
898558,Mouse,5634,66
898635,Mouse,5068,70
898766,Mouse,5283,69
898825,Elephant,210770,688
898867,Mouse,3596,68
898884,Mouse,3333,64
898920,Mouse,5619,73
898996,Mouse,4418,66
899082,Mouse,5132,68
899088,Mouse,3325,67
899103,Mouse,3804,64
899313,Elephant,231252,736
899454,Mouse,3892,64
899499,Mouse,3899,67
899501,Mouse,3838,67
899514,Mouse,3952,64
899649,Mouse,4060,64
899688,Mouse,4442,65
899697,Mouse,5600,66
899736,Mouse,4900,65
899808,Mouse,3276,67
899815,Mouse,4878,65
899954,Mouse,4668,66
900043,Mouse,3952,65
900124,Mouse,4521,69
900166,Elephant,351729,917
900266,Mouse,5103,70
900318,Elephant,181688,646
900378,Mouse,4563,65
900501,Mouse,3361,64
900585,Mouse,5274,65
900609,Mouse,3881,64
900662,Mouse,4041,64
900682,Mouse,3295,67
900706,Mouse,4564,67
900708,Mouse,3465,67
900759,Mouse,3175,64
900826,Mouse,3368,64
900864,Elephant,56337,325
900890,Mouse,3051,64
900893,Elephant,96845,449
900908,Mouse,4075,68
900923,Mouse,4215,64
900931,Mouse,3824,64
900941,Mouse,5157,65
900956,Mouse,5811,66
901023,Mouse,5782,66
901049,Mouse,5460,66
901117,Mouse,3106,64
901179,Mouse,3188,64
901185,Mouse,5483,66
901236,Mouse,3056,64
901265,Mouse,3138,64
901387,Mouse,5542,66
901453,Mouse,5126,65
901542,Mouse,5326,65
901593,Mouse,3143,64
901599,Mouse,3729,64
901646,Mouse,5291,65
901727,Mouse,3582,64
901742,Mouse,3327,64
901750,Mouse,4355,65
901777,Mouse,5457,66
901862,Mouse,3192,64
901912,Mouse,5496,66
901959,Mouse,5445,66
901993,Mouse,3022,64
902066,Mouse,5562,70
902153,Mouse,4605,70
902207,Mouse,3756,69
902244,Mouse,5257,70
902274,Mouse,5128,79
902347,Mouse,3380,68
902507,Mouse,3152,96
902512,Mouse,4969,100
902564,Elephant,251287,828
902782,Mouse,3853,99
902784,Elephant,402122,1215
902834,Mouse,4217,90
902856,Mouse,4368,95
902884,Mouse,3779,88
902890,Mouse,4992,92
902902,Mouse,4940,93
902953,Mouse,3813,103
902981,Mouse,5311,111
903023,Mouse,4705,119
903050,Mouse,5560,117
903077,Mouse,4534,124
903092,Mouse,5319,132
903158,Mouse,5327,136
903303,Mouse,4345,140
903321,Mouse,4852,147
903332,Mouse,5706,148
903377,Mouse,4169,162
903445,Elephant,119345,813
903527,Mouse,4464,155
903545,Mouse,4963,155
903682,Mouse,4710,162
903719,Mouse,3324,159
903728,Mouse,3024,158
903768,Mouse,5636,174
904009,Elephant,277823,1438
904012,Mouse,3546,189
904029,Elephant,572095,1880
904124,Mouse,4372,146
904160,Mouse,4646,135
904165,Mouse,3985,133
904167,Mouse,5830,141
904167,Mouse,4464,141
904216,Elephant,547246,1933
904325,Mouse,3878,80
904360,Mouse,3649,97
904485,Elephant,60196,518
904528,Mouse,3429,111
904562,Elephant,415500,1756
904582,Mouse,4688,111
904609,Mouse,4893,104
904612,Mouse,3382,97
904656,Mouse,5743,88
904671,Mouse,5724,87
904855,Mouse,5261,121
904867,Mouse,3315,122
905020,Mouse,3280,147
905125,Mouse,5767,158
905133,Mouse,3601,162
905145,Elephant,332888,1537
905149,Mouse,5380,168
905163,Mouse,3103,169
905240,Mouse,3019,155
905274,Mouse,3336,145
905313,Mouse,3659,134
905336,Mouse,4710,142
905492,Mouse,3942,156
905513,Mouse,5750,164
905653,Mouse,5690,183
905688,Elephant,336935,1524
905690,Mouse,5098,188
905784,Mouse,4627,180
905833,Elephant,227794,1334
905849,Elephant,182691,1226
905859,Mouse,5304,161
905912,Mouse,4160,123
905932,Mouse,3276,117
905948,Mouse,4870,125
905956,Mouse,3371,125
906050,Mouse,4707,107
906086,Mouse,4868,110
906181,Elephant,565428,1981
906267,Mouse,4210,97
906272,Mouse,4916,95
906304,Elephant,124051,875
906372,Mouse,3160,69
906414,Mouse,5460,72
906417,Mouse,5200,74
906467,Elephant,463671,1757
906488,Mouse,5032,70
906502,Mouse,5526,66
906579,Mouse,3249,66
906679,Mouse,4847,65
906721,Mouse,3192,67
906733,Mouse,3271,64
906799,Mouse,4986,69
906819,Mouse,5430,65
906859,Mouse,5217,71
906874,Elephant,192896,693
906969,Mouse,5049,65
906983,Mouse,5108,65
907045,Mouse,4967,65
907196,Mouse,3364,64
907210,Mouse,5449,66
907248,Mouse,5433,66
907287,Mouse,3690,64
907364,Mouse,3557,67
907366,Mouse,3124,70
907412,Mouse,5245,66
907459,Mouse,5026,65
907496,Mouse,4589,65
907521,Mouse,3863,64
907547,Mouse,4898,67
907584,Mouse,5253,67
907604,Mouse,3563,64
907690,Mouse,5533,67
907693,Mouse,5492,67
907896,Mouse,5287,74
907921,Mouse,5237,77
907946,Elephant,228580,739
907955,Mouse,5784,77
907997,Mouse,3019,65
908005,Mouse,5467,73
908023,Mouse,3678,71
908088,Mouse,3591,67
908177,Mouse,3082,78
908203,Mouse,3200,80
908232,Elephant,127837,552
908238,Mouse,5139,89
908261,Mouse,4796,93
908275,Mouse,5685,89
908276,Mouse,5760,91
908302,Elephant,30940,233
908326,Mouse,3592,79
908331,Elephant,106069,516
908439,Mouse,3111,67
908450,Mouse,5139,65
908477,Mouse,5476,70
908486,Mouse,3801,72
908541,Mouse,4479,65
908571,Elephant,374502,1094
908605,Mouse,5830,69
908684,Mouse,3404,64
908729,Mouse,5104,66
908874,Mouse,3733,65
908893,Mouse,4611,66
908902,Mouse,5496,66
908909,Mouse,4130,64
908938,Mouse,3891,69
908977,Mouse,4976,69
908986,Mouse,5572,73
908989,Mouse,5415,74
908992,Mouse,4498,71
909038,Mouse,5390,71
909051,Mouse,3700,67
909070,Mouse,3915,65
909072,Mouse,3479,66
909095,Mouse,4328,69
909140,Mouse,4581,71
909149,Mouse,3831,71
909190,Elephant,177630,635
909232,Mouse,5144,67
909249,Mouse,4442,65
909276,Mouse,4978,66
909320,Mouse,4672,65
909401,Mouse,3751,65
909403,Mouse,3660,66
909478,Mouse,5549,69
909599,Mouse,4065,64
909614,Mouse,3161,67
909672,Mouse,4666,68
909710,Mouse,4426,69
909744,Mouse,4626,65
909783,Mouse,4635,66
909897,Mouse,4477,65
909991,Elephant,389116,967
909996,Mouse,4307,65
910001,Mouse,3485,65
910050,Mouse,3403,64
910078,Mouse,3437,66
910080,Mouse,4653,68
910083,Mouse,3280,68
910121,Mouse,3368,66
910152,Mouse,3068,65
910159,Mouse,5045,65
910175,Mouse,3660,64
910226,Mouse,3784,64
910275,Mouse,5159,68
910283,Mouse,3067,64
910371,Mouse,5150,71
910391,Mouse,4316,67
910398,Mouse,5257,70
910407,Mouse,3459,72
910523,Mouse,5522,69
910558,Mouse,4749,65
910665,Mouse,3659,68
910678,Mouse,5466,71
910728,Mouse,3158,74
910848,Elephant,117479,523
910955,Mouse,3819,70
911025,Mouse,3255,77
911151,Mouse,5224,85
911177,Elephant,468377,1138
911212,Mouse,4352,80
911215,Mouse,3088,80
911276,Mouse,5324,70
911333,Mouse,4714,73
911404,Mouse,5303,66
911409,Mouse,4122,65
911441,Mouse,3416,66
911442,Mouse,4344,67
911454,Elephant,439310,1162
911477,Mouse,4777,65
911497,Mouse,4502,65
911583,Mouse,5067,65
911984,Mouse,4838,65
912008,Mouse,5143,65
912031,Mouse,3599,64
912093,Mouse,5663,66
912222,Mouse,5408,65
912353,Mouse,3294,64
912566,Mouse,4752,66
912604,Mouse,4131,67
912711,Mouse,3477,67
912823,Mouse,5649,70
912876,Mouse,3261,78
912883,Mouse,3476,82
912933,Mouse,3755,82
912939,Elephant,327288,925
913055,Mouse,5076,72
913073,Mouse,4579,74
913474,Mouse,4081,133
913479,Elephant,289287,973
913486,Mouse,4356,134
913522,Mouse,4878,145
913555,Mouse,4132,132
913649,Mouse,5306,128
913655,Mouse,3577,130
913671,Mouse,5542,139
913753,Mouse,5202,139
913878,Mouse,3467,148
913964,Mouse,5606,169
914082,Mouse,4124,183
914254,Mouse,5136,205
914303,Elephant,405220,1732
914375,Elephant,480824,1763
914383,Mouse,3842,197
914400,Mouse,3647,181
914419,Mouse,3748,173
914587,Elephant,272596,1516
914595,Mouse,5033,156
914643,Elephant,287568,1563
914648,Mouse,5658,142
915117,Mouse,3074,146
915118,Elephant,160068,1149
915207,Mouse,4470,152
915301,Mouse,3949,175
915307,Mouse,5465,178
915330,Mouse,4227,175
915467,Elephant,172098,1174
915478,Elephant,345071,1779
915492,Mouse,4716,178
915493,Mouse,5500,176
915517,Mouse,3475,170
915529,Mouse,5794,173
915543,Mouse,3878,174
915559,Mouse,3016,152
915609,Mouse,3293,145
915610,Elephant,541246,2253
915649,Mouse,5595,112
915668,Mouse,3778,77
915837,Mouse,3285,83
915872,Mouse,4333,96
915892,Mouse,4096,101
915958,Mouse,5079,113
916010,Mouse,4970,118
916151,Mouse,3532,131
916205,Elephant,68953,532
916239,Elephant,234686,1202
916281,Mouse,4450,128
916298,Elephant,269112,1308
916372,Mouse,3437,89
916376,Elephant,429793,1654
916379,Mouse,5637,96
916431,Mouse,3026,64
916620,Mouse,5194,70
916635,Mouse,4944,69
916663,Mouse,4168,69
916682,Mouse,5381,72
916683,Elephant,128074,624
916688,Mouse,4465,65
916838,Mouse,5737,70
916845,Mouse,5718,71
916883,Mouse,4471,70
916917,Mouse,3493,67
916941,Mouse,4044,71
916950,Mouse,3065,68
916953,Mouse,5505,71
917010,Mouse,4161,69
917074,Mouse,3491,71
917126,Mouse,4343,78
917129,Mouse,3563,76
917149,Mouse,4917,75
917225,Mouse,5442,72
917306,Mouse,3645,72
917445,Elephant,193536,709
917468,Elephant,536168,1196
917572,Mouse,4415,65
917594,Mouse,4628,65
917721,Mouse,3528,64
917824,Mouse,3437,64
917862,Mouse,5740,66
917867,Mouse,4102,66
917937,Mouse,5034,69
918069,Mouse,4282,66
918074,Mouse,4211,67
918117,Mouse,3197,66
918206,Mouse,5702,73
918258,Mouse,3313,64
918352,Mouse,4142,71
918398,Mouse,4213,75
918690,Mouse,5394,84
918698,Mouse,5738,81
918710,Elephant,333311,971
918730,Mouse,3080,69
918735,Mouse,3990,72
918744,Mouse,3072,74
918827,Mouse,4903,75
918878,Mouse,4269,80
918891,Mouse,5230,83
918977,Mouse,3116,94
918980,Mouse,4501,96
918985,Elephant,290123,894
919011,Mouse,4071,87
919055,Mouse,3461,82
919074,Mouse,4016,66
919143,Mouse,5837,70
919152,Mouse,4490,71
919185,Mouse,4023,69
919239,Elephant,210421,804
919345,Mouse,5665,70
919428,Mouse,3183,66
919442,Mouse,5087,70
919455,Mouse,5775,72
919456,Mouse,5720,72
919557,Mouse,4374,69
919597,Mouse,3703,67
919606,Mouse,4758,71
919617,Mouse,5676,68
919667,Elephant,515019,1438
919816,Mouse,5080,65
919822,Mouse,5652,66
919972,Mouse,5084,65
919994,Mouse,3742,64
920068,Mouse,4173,64
920454,Mouse,4126,78
920499,Mouse,4784,86
920543,Mouse,3793,90
920626,Mouse,3294,99
920631,Mouse,4685,101
920636,Mouse,3035,104
920682,Mouse,4915,107
920701,Mouse,4462,116
920726,Elephant,200420,778
920766,Mouse,5012,102
920790,Mouse,3054,87
921039,Elephant,191187,1050
921055,Mouse,5660,124
921089,Mouse,3551,127
921120,Mouse,5576,122
921128,Mouse,4135,120
921140,Elephant,39642,373
921176,Elephant,451644,1276
921219,Mouse,5378,96
921229,Mouse,3539,86
921232,Mouse,5476,102
921246,Mouse,5308,80
921261,Mouse,3390,78
921264,Mouse,5094,80
921347,Mouse,3184,67
921356,Mouse,4962,74
921407,Mouse,4757,76
921425,Elephant,331380,1139
921489,Mouse,3958,67
921496,Mouse,5183,68
921541,Mouse,3388,71
921665,Mouse,4874,68
921709,Mouse,3965,69
921723,Mouse,3650,68
921756,Mouse,3670,68
921759,Mouse,3787,71
921774,Elephant,286739,979
921781,Mouse,3063,69
921808,Mouse,3009,67
921841,Mouse,4364,69
921919,Elephant,179244,638
921944,Mouse,4948,65
922019,Mouse,4991,65
922053,Mouse,3271,64
922246,Mouse,3716,64
922271,Mouse,4160,64
922361,Mouse,4907,65
922446,Mouse,3310,64
922475,Mouse,3893,64
922482,Mouse,5590,66
922587,Mouse,3562,64
922619,Mouse,4361,65
922622,Mouse,3387,65
922686,Mouse,4330,65
922719,Mouse,4410,67
922851,Mouse,3214,64
922865,Mouse,5797,66
922973,Elephant,74885,369
922990,Mouse,5727,66
923139,Mouse,5693,66
923171,Mouse,5203,65
923184,Mouse,5536,67
923202,Mouse,5375,67
923203,Mouse,3028,66
923222,Mouse,3216,64
923334,Mouse,4193,64
923364,Mouse,4152,64
923421,Mouse,4120,64
923527,Mouse,3383,64
923644,Mouse,3300,66
923792,Mouse,4105,64
923819,Mouse,3478,64
923875,Mouse,4814,65
923962,Mouse,5189,65
923994,Mouse,5008,67
924018,Mouse,3352,64
924034,Mouse,3357,67
924055,Mouse,4929,65
924116,Mouse,4291,67
924170,Elephant,190115,640
924223,Mouse,4722,65
924231,Mouse,5580,66
924325,Mouse,3847,64
924331,Mouse,5028,65
924380,Mouse,4497,65
924519,Mouse,5766,66
924570,Mouse,3554,64
924607,Mouse,4986,65
924733,Mouse,3844,68
924760,Mouse,5329,65
924791,Mouse,5393,65
924805,Mouse,3711,64
924832,Mouse,5094,65
924917,Mouse,3508,64
924955,Mouse,3151,65
924985,Mouse,4391,67
925065,Mouse,5292,69
925095,Mouse,5305,71
925096,Mouse,4827,71
925151,Mouse,5265,66
925163,Mouse,4995,72
925208,Mouse,5763,74
925241,Mouse,4516,80
925269,Mouse,5643,88
925346,Mouse,4910,93
925356,Mouse,4343,91
925370,Mouse,4475,95
925397,Mouse,4396,107
925402,Mouse,5574,109
925543,Mouse,3618,126
925598,Mouse,4426,132
925611,Mouse,3361,137
925686,Mouse,5262,155
925736,Mouse,3839,169
925835,Elephant,48515,543
925841,Mouse,4601,178
925894,Mouse,4447,190
925929,Mouse,3705,194
925982,Elephant,562813,1534
925989,Mouse,4149,194
925993,Elephant,118295,870
926109,Mouse,5194,153
926126,Mouse,3943,146
926135,Elephant,295870,1267
926140,Mouse,5101,127
926274,Mouse,5658,84
926303,Mouse,4024,88
926330,Mouse,4545,95
926344,Mouse,3883,96
926446,Elephant,144201,961
926509,Mouse,4125,89
926513,Elephant,348540,1420
926546,Mouse,3812,76
926572,Mouse,5309,81
926584,Mouse,3864,77
926598,Mouse,4215,64
926772,Mouse,3752,69
926782,Mouse,5596,74
926886,Mouse,5167,71
927045,Elephant,361457,1751
927146,Mouse,3002,66
927221,Elephant,442447,1414
927255,Elephant,102916,692
927275,Mouse,3219,64
927283,Mouse,3346,64
927301,Mouse,4890,65
927369,Mouse,4956,65
927418,Elephant,58906,330
927447,Mouse,4741,65
927576,Mouse,4922,65
927784,Mouse,4231,64
927948,Mouse,5775,66
927969,Mouse,5532,70
927986,Mouse,4565,65
928139,Mouse,3961,65
928290,Mouse,3444,64
928331,Mouse,4608,65
928548,Mouse,3274,64
928571,Mouse,3123,66
928617,Mouse,3953,68
928633,Mouse,4622,70
928778,Mouse,5337,65
928810,Mouse,3935,67
928837,Mouse,3250,66
928855,Mouse,3674,73
928856,Mouse,5341,75
928911,Mouse,3659,70
928930,Mouse,3377,66
928981,Mouse,4144,70
929181,Elephant,571292,1282
929191,Mouse,4920,66
929228,Mouse,5505,66
929254,Mouse,4487,66
929269,Mouse,5057,65
929299,Mouse,3814,68
929375,Mouse,3546,64
929423,Mouse,4046,64
929439,Mouse,5756,70
929531,Mouse,3878,67
929656,Mouse,3464,67
929664,Mouse,5691,68
929666,Elephant,297748,1066
929690,Mouse,4594,66
929701,Mouse,3762,64
929721,Mouse,3921,64
929735,Mouse,4008,65
929756,Mouse,5012,65
929774,Mouse,4997,65
929804,Mouse,5505,66
929867,Mouse,5818,66
929882,Mouse,3511,64
930001,Mouse,3014,64
930005,Mouse,4702,66
930049,Mouse,3247,66
930190,Mouse,3512,64
930299,Mouse,3380,68
930310,Mouse,3043,74
930414,Mouse,5503,66
930553,Mouse,5469,72
930698,Mouse,5218,76
930715,Mouse,5481,72
930726,Mouse,3629,76
930741,Mouse,5502,84
930796,Elephant,298901,863
930810,Mouse,3329,79
930875,Mouse,3402,69
930912,Mouse,3155,70
931054,Mouse,4729,67
931071,Elephant,436153,1054
931176,Mouse,3511,67
931212,Mouse,3802,77
931229,Mouse,5356,65
931236,Mouse,4390,65
931248,Mouse,4045,66
931357,Mouse,3472,67
931492,Mouse,3580,65
931531,Mouse,5795,70
931555,Mouse,5736,70
931592,Mouse,5713,70
931624,Mouse,5174,76
931647,Mouse,5072,73
931665,Mouse,5732,81
931697,Mouse,4584,79
931726,Mouse,5630,89
931766,Mouse,4347,87
931772,Elephant,396711,1034
931796,Mouse,3302,78
931799,Mouse,5489,82
931817,Mouse,5518,80
931826,Mouse,3372,65
931852,Mouse,3784,74
931868,Mouse,4524,65
931929,Mouse,5415,67
932008,Mouse,5606,70
932020,Mouse,5703,71
932030,Mouse,3321,70
932043,Mouse,5485,67
932071,Mouse,3115,71
932257,Mouse,3890,64
932271,Elephant,573745,1223
932329,Mouse,5359,65
932333,Mouse,4938,65
932409,Mouse,3139,64
932413,Mouse,3246,64
932419,Mouse,5780,66
932488,Mouse,5535,66
932586,Mouse,3110,64
932636,Mouse,4758,65
932705,Mouse,4754,68
932791,Mouse,4703,65
932809,Mouse,5179,65
932884,Mouse,5043,65
932922,Mouse,3143,67
933004,Mouse,5683,70
933068,Mouse,3786,64
933074,Mouse,4657,65
933089,Mouse,5561,69
933121,Mouse,4462,65
933138,Mouse,3468,67
933157,Mouse,5574,73
933158,Mouse,4489,73
933283,Mouse,5220,71
933299,Mouse,5577,67
933367,Mouse,5235,69
933603,Mouse,5217,69
933672,Mouse,4318,69
933699,Mouse,3355,67
933703,Elephant,578315,1198
933709,Mouse,3607,65
933734,Mouse,4431,65
933797,Mouse,5042,65
933814,Mouse,4654,69
934006,Elephant,36026,234
934050,Mouse,5634,66
934088,Mouse,4265,65
934130,Mouse,3547,64
934160,Elephant,127094,507
934200,Mouse,3671,65
934226,Mouse,3985,64
934409,Mouse,4243,64
934432,Mouse,3492,64
934509,Mouse,5094,65
934513,Mouse,3341,64
934549,Mouse,5034,65
934588,Mouse,3875,64
934611,Mouse,5495,66
934658,Mouse,5179,67
934679,Mouse,4602,67
934808,Mouse,4292,70
934905,Mouse,4168,70
935013,Mouse,3597,67
935079,Mouse,5721,74
935088,Mouse,3329,72
935214,Elephant,407765,1006
935366,Mouse,4793,68
935427,Mouse,3410,77
935452,Mouse,3139,75
935465,Mouse,4329,86
935496,Mouse,5453,96
935509,Mouse,5350,101
935641,Mouse,3735,102
935695,Mouse,4552,115
935718,Mouse,3153,117
935728,Mouse,4042,124
935863,Elephant,132985,712
935890,Elephant,104178,634
935892,Mouse,4732,123
935952,Elephant,529160,1352
935978,Mouse,4771,89
936059,Mouse,4678,65
936068,Mouse,4214,67
936129,Mouse,4140,70
936133,Elephant,130370,733
936231,Mouse,5327,65
936235,Mouse,4793,66
936358,Mouse,4453,65
936362,Mouse,4286,65
936392,Elephant,317127,1060
936422,Mouse,5621,70
936456,Mouse,4111,64
936457,Elephant,33986,235
936469,Mouse,3339,67
936509,Mouse,4363,66
936590,Mouse,4802,65
936749,Mouse,3206,64
936802,Mouse,4409,68
936811,Mouse,3164,68
936856,Mouse,4675,67
936866,Mouse,4526,65
936910,Mouse,4748,65
936940,Mouse,3845,64
937020,Mouse,4540,66
937024,Mouse,3513,66
937072,Mouse,5788,66
937212,Mouse,3653,64
937241,Mouse,3797,67
937349,Mouse,5510,68
937354,Mouse,4386,70
937355,Mouse,5438,71
937377,Mouse,5355,70
937475,Mouse,3607,64
937520,Mouse,4880,66
937641,Mouse,3713,68
937662,Mouse,4855,68
937774,Mouse,4599,69
937826,Mouse,5441,70
937882,Mouse,3500,66
937907,Mouse,4174,66
937983,Elephant,592208,1249
938020,Mouse,4042,64
938123,Mouse,3360,64
938143,Mouse,5297,65
938223,Mouse,5769,66
938231,Mouse,5442,66
938265,Mouse,3571,64
938290,Mouse,5400,65
938482,Mouse,3058,64
938503,Mouse,4269,65
938574,Mouse,3313,64
938581,Mouse,3321,65
938582,Mouse,4571,68
938598,Mouse,3578,64
938623,Mouse,4224,66
938637,Mouse,5743,66
938700,Mouse,4797,65
938711,Mouse,5022,65
938758,Mouse,4251,64
938775,Mouse,4990,69
938807,Mouse,5027,65
938825,Mouse,5335,73
938846,Mouse,5339,65
938890,Mouse,4632,66
938934,Mouse,3006,64
938991,Mouse,3261,67
939017,Mouse,5097,65
939039,Mouse,3417,70
939101,Mouse,4659,65
939171,Mouse,3015,66
939359,Mouse,5578,75
939372,Mouse,5141,81
939377,Mouse,4977,77
939412,Mouse,5465,78
939430,Mouse,5816,68
939500,Mouse,4102,66
939632,Mouse,3628,66
939679,Elephant,390847,1058
939692,Mouse,5732,67
939732,Mouse,3385,64
939742,Mouse,4549,65
939763,Mouse,4369,66
939939,Elephant,253950,1014
939949,Mouse,5189,65
939972,Mouse,5541,67
940001,Mouse,4945,65
940116,Mouse,4791,65
940185,Mouse,3895,66
940193,Mouse,5106,65
940200,Mouse,4709,65
940210,Mouse,3244,64
940228,Mouse,5467,69
940248,Mouse,4345,65
940468,Mouse,5481,66
940484,Mouse,3908,67
940619,Mouse,4374,68
940761,Mouse,3701,67
940816,Mouse,4150,64
940850,Mouse,3084,65
940901,Mouse,5342,65
940982,Mouse,4129,66
941072,Mouse,5721,66
941090,Elephant,433384,1019
941121,Mouse,4146,64
941156,Mouse,3725,65
941241,Mouse,5652,67
941306,Mouse,4637,67
941307,Mouse,3890,67
941379,Mouse,5436,70
941399,Mouse,3282,64
941427,Mouse,4150,73
941435,Mouse,4311,65
941543,Elephant,98263,451
941602,Mouse,4640,65
941706,Mouse,5775,70
941879,Mouse,4858,67
941962,Mouse,3987,67
942002,Mouse,4254,67
942014,Mouse,5121,73
942027,Mouse,3858,64
942098,Mouse,3976,66
942108,Mouse,4496,69
942308,Mouse,4557,67
942315,Mouse,5332,72
942319,Mouse,5676,75
942327,Mouse,5668,76
942369,Mouse,3761,77
942414,Mouse,3038,64
942470,Mouse,4001,68
942492,Mouse,3810,65
942639,Mouse,5561,70
942652,Elephant,492940,1102
942669,Mouse,3269,64
942757,Mouse,4340,65
942790,Mouse,5022,65
942800,Mouse,4009,64
942837,Mouse,3653,64
942930,Mouse,3296,66
942933,Mouse,5497,68
942956,Mouse,3212,64
942990,Mouse,5804,66
943068,Mouse,3173,64
943085,Mouse,5041,65
943101,Mouse,3439,64
943143,Mouse,3763,67
943145,Mouse,4650,68
943234,Mouse,3741,64
943323,Mouse,4259,65
943473,Mouse,4566,65
943496,Mouse,3097,64
943545,Mouse,3881,64
943571,Mouse,5506,66
943621,Mouse,5402,65
943661,Mouse,5433,66
943899,Mouse,5476,68
943958,Mouse,4496,65
943962,Mouse,4167,65
944023,Mouse,5732,70
944133,Mouse,5556,66
944194,Mouse,4412,67
944252,Mouse,4748,69
944392,Mouse,5198,69
944465,Mouse,3508,65
944498,Mouse,5378,68
944499,Elephant,272744,800
944508,Mouse,4663,65
944578,Mouse,5345,65
944581,Mouse,4024,65
944601,Mouse,3547,64
944638,Mouse,4125,64
944662,Mouse,4041,64
944678,Mouse,5149,65
944710,Mouse,4859,65
944723,Mouse,3218,64
944814,Mouse,3628,64
944823,Mouse,3582,64
944861,Mouse,3814,64
944890,Mouse,5416,65
945185,Mouse,3587,64
945195,Mouse,4067,68
945269,Mouse,4668,65
945309,Mouse,4213,64
945478,Mouse,4110,64
945482,Mouse,3244,64
945529,Mouse,3079,64
945548,Elephant,185928,634
945557,Mouse,3443,64
945567,Mouse,5215,65
945614,Mouse,5679,67
945621,Mouse,4146,64
945695,Mouse,3496,65
945697,Mouse,4487,67
945793,Mouse,5539,66
945963,Mouse,3557,64
946204,Mouse,5460,66
946216,Mouse,4067,64
946329,Mouse,4780,65
946364,Mouse,5456,66
946409,Mouse,5837,66
946431,Mouse,4753,65
946471,Mouse,5617,66
946521,Mouse,3491,64
946570,Mouse,3797,64
946630,Mouse,3882,66
946642,Mouse,5835,66
946716,Mouse,5504,70
946726,Mouse,4574,65
946761,Elephant,76195,374
946766,Mouse,4690,65
946803,Mouse,4731,66
946922,Mouse,4023,67
947118,Mouse,3291,69
947153,Mouse,3563,68
947163,Mouse,3763,67
947181,Mouse,4014,69
947236,Mouse,4683,72
947291,Mouse,3097,71
947334,Mouse,5114,72
947454,Mouse,4974,85
947468,Mouse,5025,89
947491,Elephant,113424,533
947495,Elephant,206145,789
947590,Mouse,3370,68
947591,Mouse,3851,69
947715,Mouse,5783,73
947746,Elephant,404549,1023
947772,Mouse,3889,78
947785,Mouse,4238,72
947791,Mouse,3692,66
947802,Mouse,4997,66
947824,Mouse,5264,76
947879,Mouse,4436,65
947958,Mouse,5791,79
947966,Mouse,4332,68
947971,Mouse,4648,68
948093,Mouse,5742,72
948135,Mouse,4785,70
948143,Mouse,4150,75
948244,Mouse,4263,74
948335,Mouse,5644,88
948366,Mouse,5346,95
948369,Mouse,4611,97
948408,Mouse,5701,104
948532,Mouse,3735,115
948640,Mouse,3814,121
948653,Elephant,492524,1288
948658,Mouse,5719,125
948687,Mouse,4341,119
948690,Mouse,3309,119
948703,Mouse,4903,124
948743,Mouse,4641,116
948760,Elephant,383568,1153
948933,Mouse,5502,70
948981,Mouse,5058,71
949040,Mouse,4157,69
949071,Mouse,5718,77
949102,Mouse,3926,77
949209,Elephant,151600,739
949402,Mouse,3357,80
949425,Mouse,5829,94
949436,Mouse,3989,94
949479,Elephant,52601,397
949481,Mouse,4215,102
949521,Elephant,588046,1489
949558,Mouse,5646,77
949650,Mouse,4643,65
949668,Mouse,3322,67
949752,Elephant,290251,1074
949813,Mouse,4841,68
949824,Mouse,3052,64
949833,Mouse,3332,64
949897,Mouse,3206,66
950074,Mouse,5288,65
950162,Mouse,4716,66
950219,Mouse,3414,69
950225,Mouse,5619,73
950271,Mouse,4059,65
950307,Mouse,3174,65
950330,Mouse,3815,67
950335,Elephant,212508,687
950392,Mouse,3083,67
950457,Mouse,3091,64
950506,Mouse,4303,65
950583,Mouse,3278,67
950621,Mouse,5768,71
950647,Mouse,3772,65
950655,Mouse,4651,67
950660,Mouse,4805,71
950697,Mouse,4558,68
950722,Mouse,5542,68
950811,Mouse,4941,70
950813,Mouse,4500,72
950860,Mouse,5076,73
950876,Elephant,334973,895
950918,Mouse,4684,65
950924,Mouse,3129,64
950930,Mouse,4029,64
950936,Mouse,5245,65
950978,Mouse,3440,64
951056,Mouse,4383,65
951207,Mouse,3136,64
951293,Mouse,5654,66
951326,Mouse,4741,69
951351,Mouse,3026,66
951399,Mouse,5629,66
951643,Mouse,4047,66
951646,Mouse,3967,68
951660,Mouse,3911,71
951686,Mouse,4658,76
951718,Mouse,5552,77
951751,Mouse,3051,67
951769,Mouse,3582,72
951855,Mouse,3967,68
951861,Mouse,4359,71
951920,Mouse,5839,76
952162,Elephant,444324,1096
952166,Mouse,3152,98
952168,Mouse,3667,98
952204,Mouse,3262,84
952211,Mouse,3236,84
952252,Mouse,5774,66
952316,Mouse,4722,70
952370,Mouse,5106,74
952419,Elephant,546452,1248
952670,Mouse,4748,68
952700,Mouse,5046,70
952812,Mouse,5357,67
952862,Mouse,4561,72
952868,Mouse,5479,75
952891,Mouse,3512,67
952896,Mouse,3235,71
952906,Mouse,3665,70
952963,Mouse,5230,69
953081,Mouse,4384,81
953122,Mouse,3803,91
953198,Mouse,5016,88
953207,Elephant,500863,1233
953254,Mouse,3153,82
953282,Mouse,4762,95
953326,Mouse,4977,77
953345,Mouse,4897,69
953554,Elephant,110954,620
953583,Mouse,4595,102
953689,Mouse,3224,107
953814,Mouse,4794,115
953882,Mouse,4698,126
953897,Elephant,386328,1192
953935,Mouse,5772,121
953939,Mouse,5632,123
953952,Mouse,4295,120
954020,Mouse,5425,101
954050,Mouse,3663,108
954057,Mouse,3132,110
954118,Mouse,4148,114
954222,Elephant,414474,1340
954492,Mouse,4142,98
954567,Mouse,3450,90
954612,Elephant,367442,1321
954645,Mouse,5225,84
954754,Mouse,5314,87
954840,Mouse,5094,101
954851,Mouse,5352,106
954889,Mouse,4967,106
954933,Elephant,487169,1496
954945,Elephant,255356,1046
955004,Mouse,3081,64
955043,Mouse,4182,70
955046,Mouse,5149,73
955110,Mouse,4055,64
955148,Mouse,3480,64
955229,Mouse,4696,65
955271,Mouse,4478,69
955335,Mouse,5438,69
955670,Mouse,3529,67
955706,Mouse,4211,69
955753,Mouse,4058,66
955850,Mouse,3990,83
955857,Elephant,554375,1287
955858,Mouse,3868,86
955875,Mouse,3973,71
955882,Mouse,3864,71
956192,Mouse,4829,73
956414,Mouse,4591,74
956499,Mouse,4430,78
956551,Mouse,3511,84
956570,Elephant,438517,1075
956600,Mouse,3326,82
956603,Mouse,3392,82
956607,Mouse,3458,86
956656,Mouse,4434,73
956673,Mouse,3663,69
956731,Mouse,3614,78
956767,Mouse,5215,70
956806,Elephant,387837,1004
956836,Mouse,4226,68
956870,Mouse,3171,64
956895,Mouse,3046,66
956957,Mouse,5397,65
957052,Mouse,5510,66
957286,Mouse,5720,73
957293,Mouse,4634,77
957307,Mouse,4322,78
957350,Mouse,4942,80
957389,Mouse,3799,79
957413,Mouse,4540,79
957442,Mouse,5511,86
957547,Mouse,4933,98
957567,Mouse,5839,106
957574,Mouse,3798,103
957596,Mouse,5694,113
957744,Mouse,4023,109
957750,Mouse,3226,112
957770,Mouse,3789,115
957853,Elephant,593534,1414
957886,Mouse,5065,121
957898,Mouse,3151,113
958056,Elephant,543445,1406
958158,Mouse,3612,65
958222,Mouse,3295,71
958232,Elephant,157710,854
958265,Mouse,5667,71
958365,Mouse,4324,67
958415,Mouse,3068,72
958481,Mouse,3939,81
958497,Mouse,3653,84
958559,Mouse,4156,99
958615,Mouse,4339,111
958623,Elephant,170711,734
958633,Elephant,192244,804
958665,Mouse,5702,98
958672,Mouse,3246,100
958682,Mouse,5018,87
958683,Mouse,5089,87
958733,Mouse,4073,81
958762,Mouse,5113,80
958791,Mouse,5709,73
958885,Mouse,3383,69
958905,Mouse,4639,74
958920,Elephant,61512,380
958965,Mouse,3925,78
958979,Mouse,4764,78
959050,Mouse,5768,77
959052,Mouse,3841,76
959075,Mouse,5617,83
959154,Elephant,551001,1354
959156,Mouse,3761,79
959237,Mouse,3658,64
959242,Mouse,3088,64
959294,Mouse,4004,67
959353,Mouse,4831,72
959362,Mouse,3192,75
959387,Mouse,3202,66
959429,Mouse,3288,68
959471,Mouse,3543,72
959559,Elephant,414438,1183
959596,Elephant,49742,294
959604,Mouse,3556,64
959677,Mouse,5144,70
959763,Mouse,5303,69
959786,Mouse,3971,64
959896,Mouse,4187,67
959900,Mouse,4238,69
959920,Mouse,4307,67
959956,Mouse,5561,70
959966,Mouse,3319,65
959972,Mouse,4212,68
960026,Mouse,4427,72
960110,Mouse,3789,67
960131,Mouse,5727,71
960153,Mouse,5558,72
960257,Mouse,4547,73
960268,Mouse,3994,78
960340,Mouse,4314,95
960362,Mouse,4615,101
960469,Mouse,4506,122
960510,Mouse,4854,125
960548,Mouse,3127,136
960596,Elephant,533084,1304
960648,Mouse,3186,128
960712,Mouse,4004,104
960759,Mouse,3439,107
960837,Mouse,5323,125
960871,Mouse,4415,130
960896,Mouse,4482,135
960927,Mouse,5330,145
960931,Mouse,5500,146
960951,Mouse,5763,155
960960,Elephant,171828,909
961100,Mouse,4097,113
961278,Elephant,188251,1041
961294,Mouse,4578,136
961298,Elephant,437517,1448
961349,Mouse,3090,97
961435,Mouse,3584,67
961468,Mouse,4779,73
961516,Mouse,3574,73
961590,Mouse,5023,82
961643,Mouse,5228,92
961670,Mouse,5774,94
961689,Mouse,4791,97
961875,Elephant,440742,1686
961939,Mouse,5588,98
962044,Mouse,4852,93
962053,Mouse,4049,92
962093,Elephant,554272,1717
962101,Mouse,4516,94
962111,Mouse,5713,101
962119,Mouse,4848,103
962146,Mouse,3225,81
962193,Mouse,4492,70
962205,Mouse,4903,69
962316,Mouse,5563,69
962538,Mouse,5492,94
962541,Mouse,3441,93
962558,Mouse,5420,102
962763,Mouse,5286,128
962819,Mouse,3545,138
962916,Mouse,3024,148
963033,Mouse,4938,160
963289,Mouse,3361,168
963308,Mouse,4364,172
963418,Elephant,521708,1719
963453,Elephant,497782,1713
963506,Mouse,5514,138
963563,Mouse,5007,108
963569,Mouse,5596,111
963575,Mouse,3924,112
963636,Elephant,595117,2043
963640,Mouse,5188,130
963696,Mouse,3764,99
963697,Mouse,4395,111
963700,Mouse,4773,105
963734,Mouse,4514,106
963880,Mouse,5137,102
963920,Mouse,4469,109
963928,Elephant,53632,484
963947,Mouse,5047,111
964001,Mouse,3473,113
964049,Mouse,4114,113
964084,Mouse,5343,120
964132,Mouse,5494,123
964150,Mouse,4918,129
964165,Elephant,391330,1684
964184,Elephant,139196,884
964294,Mouse,4165,77
964346,Elephant,186415,917
964446,Mouse,5255,69
964482,Mouse,5799,75
964504,Mouse,3957,74
964529,Mouse,5545,85
964572,Elephant,268102,1045
964589,Mouse,3283,77
964597,Mouse,5777,78
964634,Mouse,3543,76
964653,Mouse,5335,67
964681,Mouse,5356,66
964738,Mouse,5551,67
964785,Mouse,4634,68
964821,Mouse,3980,70
964874,Mouse,3105,67
964918,Mouse,4253,73
964921,Mouse,4164,75
965022,Mouse,4034,76
965058,Mouse,4494,89
965177,Mouse,4420,99
965199,Mouse,4084,101
965219,Mouse,3973,109
965246,Mouse,4120,113
965263,Mouse,4869,118
965308,Mouse,3282,123
965332,Mouse,4993,126
965369,Mouse,4181,131
965428,Mouse,3766,132
965451,Elephant,512699,1394
965460,Mouse,3902,133
965546,Mouse,3967,118
965583,Mouse,4001,104
965655,Mouse,4135,112
965681,Elephant,594857,1533
965716,Mouse,4928,104
965720,Mouse,4194,97
965733,Mouse,3788,87
965761,Mouse,3558,83
965816,Mouse,3631,76
965836,Mouse,5374,79
965997,Mouse,5376,98
966055,Mouse,5412,106
966088,Mouse,5278,111
966190,Mouse,4093,108
966222,Mouse,3030,113
966236,Elephant,380040,1339
966287,Mouse,4352,98
966325,Mouse,3435,98
966335,Mouse,4703,102
966372,Mouse,4184,92
966377,Elephant,249484,1090
966379,Mouse,3052,80
966523,Mouse,3719,82
966537,Mouse,4328,82
966586,Mouse,5210,88
966627,Mouse,4027,87
966642,Mouse,5103,90
966684,Mouse,4314,102
966694,Mouse,3415,105
966715,Mouse,4981,109
966784,Mouse,4402,120
966912,Mouse,4437,135
966980,Mouse,5209,139
966999,Mouse,5306,145
967033,Mouse,5068,154
967073,Mouse,5590,163
967107,Mouse,4358,167
967144,Mouse,4521,173
967157,Mouse,4573,180
967201,Mouse,4195,182
967212,Mouse,4359,187
967455,Mouse,3803,201
967543,Elephant,537219,1847
967589,Mouse,3093,208
967619,Mouse,4137,207
967648,Mouse,3878,211
967656,Mouse,4905,215
967763,Mouse,3842,192
967774,Mouse,4380,198
967808,Elephant,537649,2475
967817,Mouse,5222,192
967846,Mouse,5012,194
967884,Mouse,5511,192
967901,Mouse,5021,188
967946,Mouse,3834,186
967973,Mouse,3768,191
967994,Mouse,4424,188
968013,Elephant,335139,1701
968047,Mouse,5394,172
968051,Elephant,365749,1787
968120,Mouse,4317,131
968129,Mouse,5713,135
968166,Mouse,4357,115
968305,Mouse,5541,106
968310,Mouse,4200,110
968335,Mouse,3835,114
968338,Mouse,5337,118
968343,Elephant,134795,1190
968392,Mouse,4440,124
968397,Mouse,5433,128
968415,Mouse,3735,130
968431,Mouse,3299,123
968453,Mouse,5252,129
968481,Mouse,3408,116
968583,Mouse,4941,116
968675,Mouse,3629,121
968691,Mouse,3899,126
968703,Mouse,5266,128
968744,Elephant,518070,2164
968797,Mouse,3526,101
968828,Elephant,344884,1737
968831,Mouse,4758,95
968853,Mouse,3874,70
968879,Mouse,4418,74
968892,Mouse,5073,77
968908,Mouse,4840,78
969146,Mouse,4580,67
969152,Mouse,5194,67
969242,Elephant,435373,1459
969284,Mouse,5332,68
969299,Mouse,3513,65
969358,Mouse,3143,66
969364,Mouse,3873,64
969369,Mouse,3117,64
969408,Mouse,3478,64
969415,Mouse,3870,64
969502,Mouse,4935,65
969539,Mouse,4548,65
969560,Mouse,3808,67
969595,Elephant,115375,497
969721,Mouse,3217,70
969726,Mouse,5162,66
969749,Mouse,4708,69
969817,Mouse,5513,68
969824,Mouse,3745,70
969954,Mouse,4881,65
970082,Mouse,3465,74
970142,Mouse,4173,66
970207,Elephant,435411,1102
970254,Mouse,4908,75
970267,Mouse,5406,65
970411,Elephant,277468,814
970420,Mouse,3891,70
970461,Mouse,4587,70
970477,Mouse,4529,65
970489,Mouse,4418,65
970515,Mouse,5775,69
970559,Mouse,5363,67
970588,Mouse,3730,67
970598,Mouse,4413,69
970693,Mouse,4640,68
970698,Mouse,3015,67
970702,Mouse,5103,66
970805,Elephant,196214,673
970842,Mouse,5727,66
970878,Mouse,4629,65
970917,Mouse,3097,64
970921,Mouse,5686,67
970956,Mouse,4259,65
971093,Mouse,4689,65
971193,Mouse,3240,64
971200,Mouse,4031,64
971223,Mouse,3001,72
971242,Mouse,5677,66
971333,Mouse,5764,66
971401,Mouse,3366,69
971435,Mouse,3326,69
971480,Mouse,5464,72
971538,Mouse,3043,72
971745,Mouse,3701,95
971792,Mouse,5491,107
971909,Mouse,5094,121
971930,Mouse,3655,127
971941,Mouse,4401,135
971970,Elephant,304529,993
972165,Mouse,5605,100
972182,Elephant,356282,1122
972186,Mouse,4205,90
972318,Mouse,3916,72
972329,Mouse,5244,75
972374,Mouse,5471,81
972610,Mouse,5270,119
972652,Mouse,5135,123
972717,Elephant,458077,1379
972748,Mouse,3484,125
972782,Mouse,4311,100
972792,Mouse,4848,101
972858,Mouse,4361,104
972880,Mouse,3412,113
972946,Mouse,3486,117
973047,Elephant,593777,1659
973156,Mouse,4528,71
973309,Elephant,32791,247
973377,Mouse,5196,92
973527,Mouse,3616,107
973631,Mouse,4408,124
973702,Mouse,3981,132
973796,Mouse,5642,145
973869,Mouse,4513,153
973876,Mouse,4354,156
973912,Mouse,4581,162
973955,Elephant,470914,1625
974011,Mouse,3384,153
974092,Mouse,3987,128
974108,Mouse,4292,126
974321,Mouse,5636,144
974380,Elephant,120364,987
974407,Mouse,3793,152
974517,Mouse,3788,163
974541,Mouse,4075,168
974558,Elephant,580527,2235
974570,Mouse,5755,168
974735,Mouse,4945,132
974762,Mouse,3031,135
974789,Mouse,4580,144
974834,Elephant,540752,1914
975036,Mouse,5468,111
975082,Mouse,4311,122
975108,Mouse,4180,128
975131,Mouse,4151,133
975149,Mouse,4477,138
975169,Mouse,5149,145
975354,Mouse,4279,145
975401,Elephant,315651,1597
975406,Mouse,5248,154
975411,Elephant,195717,1264
975418,Elephant,154943,1098
975447,Mouse,4376,118
975460,Mouse,5442,100
975490,Mouse,4653,83
975500,Mouse,4179,71
975512,Mouse,4822,70
975693,Elephant,434209,1646
975746,Mouse,5785,66
975854,Mouse,3496,69
975873,Mouse,5286,67
975935,Mouse,4862,70
975976,Mouse,3874,67
975982,Elephant,136721,557
975998,Mouse,3254,65
976040,Mouse,4029,65
976153,Mouse,3927,64
976189,Mouse,3009,64
976246,Mouse,5058,65
976248,Mouse,3008,64
976311,Mouse,3286,65
976315,Mouse,5684,68
976328,Mouse,5580,66
976331,Mouse,3140,64
976358,Mouse,4500,67
976423,Mouse,4510,65
976453,Mouse,3674,64
976508,Mouse,4733,65
976715,Mouse,5453,66
976803,Mouse,4214,66
976811,Mouse,5216,71
976877,Mouse,5632,66
976962,Mouse,3854,64
977082,Mouse,4940,67
977093,Mouse,4636,66
977152,Mouse,4143,68
977156,Mouse,3631,69
977219,Elephant,52387,318
977240,Mouse,5143,65
977280,Mouse,3832,65
977308,Mouse,4559,65
977484,Mouse,4508,68
977544,Mouse,3570,70
977558,Mouse,4168,70
977568,Elephant,442116,1042
977580,Mouse,5737,68
977612,Mouse,3189,69
977773,Mouse,3417,64
977891,Elephant,134991,548
977992,Mouse,3896,65
978036,Mouse,3494,69
978090,Mouse,5320,74
978110,Mouse,4843,80
978212,Mouse,5688,96
978248,Elephant,139736,610
978297,Mouse,3179,99
978326,Mouse,3740,87
978362,Mouse,5826,90
978383,Mouse,3299,93
978410,Elephant,181450,733
978480,Mouse,4533,80
978559,Mouse,3424,74
978704,Elephant,284146,915
978706,Mouse,4342,77
978709,Mouse,4002,74
978721,Mouse,5348,78
978777,Mouse,3251,76
978780,Mouse,3921,78
978793,Mouse,3548,81
978845,Mouse,5544,70
978898,Mouse,3934,68
978935,Elephant,569749,1306
979049,Mouse,3824,64
979072,Mouse,4610,70
979081,Mouse,3705,69
979084,Mouse,5286,71
979129,Mouse,3518,64
979249,Mouse,3722,65
979298,Mouse,3742,68
979328,Mouse,3973,69
979407,Mouse,3774,69
979410,Mouse,5549,73
979496,Mouse,3096,83
979496,Mouse,3397,82
979500,Mouse,5058,82
979572,Mouse,5491,79
979634,Mouse,5668,83
979679,Mouse,3869,91
979685,Elephant,82551,462
979733,Mouse,4277,82
979805,Mouse,5802,79
979877,Elephant,347313,970
979939,Elephant,337096,978
980195,Mouse,3017,68
980246,Mouse,5599,72
980256,Mouse,4662,67
980298,Mouse,3975,72
980311,Mouse,3251,71
980361,Elephant,148592,614
980590,Mouse,4026,74
980697,Mouse,3634,71
980725,Mouse,4130,77
980731,Mouse,4624,83
980792,Mouse,3011,93
980839,Mouse,4642,102
980840,Mouse,5336,104
980959,Mouse,3808,100
980962,Mouse,3793,103
980975,Elephant,326698,987
981298,Elephant,482199,1193
981355,Mouse,3811,65
981411,Mouse,3344,67
981508,Mouse,3928,66
981558,Mouse,5832,70
981615,Mouse,5500,70
981709,Mouse,5602,70
981731,Mouse,3688,71
981735,Elephant,599031,1322
981738,Mouse,5049,75
981745,Mouse,3114,64
981876,Mouse,3908,67
981878,Mouse,5661,69
981884,Mouse,3952,64
981904,Mouse,3033,64
981936,Mouse,5269,69
982013,Mouse,5754,66
982092,Mouse,3742,64
982121,Mouse,3885,64
982217,Mouse,4912,65
982255,Mouse,5021,65
982269,Mouse,3374,66
982271,Mouse,5072,68
982288,Mouse,5340,69
982396,Mouse,3373,64
982546,Mouse,3449,67
982556,Mouse,5021,72
982645,Mouse,5143,68
982699,Mouse,4022,64
982706,Elephant,358284,925
982765,Mouse,5465,66
982776,Mouse,3543,64
982924,Mouse,4454,65
982949,Mouse,3859,64
982981,Mouse,3793,64
983008,Mouse,5310,65
983074,Mouse,4266,65
983099,Mouse,3626,65
983102,Mouse,5135,67
983233,Mouse,3461,64
983317,Mouse,5151,65
983355,Mouse,3159,64
983361,Mouse,3491,65
983416,Mouse,3301,64
983627,Mouse,3539,67
983704,Mouse,5260,65
983723,Mouse,4219,64
983749,Mouse,3646,69
983766,Mouse,5580,68
983872,Mouse,4809,65
983903,Elephant,86203,411
983931,Mouse,4964,70
984080,Mouse,4884,70
984163,Mouse,3837,70
984206,Elephant,273047,815
984317,Mouse,4267,67
984368,Elephant,139699,557
984396,Mouse,4831,66
984452,Mouse,3150,67
984528,Mouse,3660,64
984556,Mouse,3908,67
984574,Mouse,4302,71
984581,Mouse,5229,73
984703,Mouse,4093,76
984784,Mouse,5420,82
984821,Mouse,5257,89
984852,Mouse,5300,94
984872,Mouse,4625,101
984909,Mouse,4192,104
984945,Mouse,4769,110
984977,Mouse,3968,111
985275,Mouse,5387,129
985291,Elephant,586981,1430
985347,Mouse,4751,119
985453,Mouse,5326,98
985455,Elephant,481290,1336
985528,Mouse,5490,74
985578,Mouse,3453,74
985641,Mouse,4639,71
985667,Mouse,4748,73
985687,Mouse,4615,74
985699,Mouse,3030,78
985823,Elephant,402157,1254
985982,Mouse,3343,65
986078,Mouse,3850,67
986095,Mouse,3698,73
986118,Elephant,269667,918
986216,Mouse,3884,65
986290,Mouse,4057,67
986431,Mouse,5650,70
986474,Elephant,368489,1193
986479,Mouse,4399,70
986500,Mouse,3780,69
986545,Mouse,4829,65
986558,Mouse,4315,65
986574,Mouse,4404,69
986593,Mouse,4453,65
986607,Mouse,3384,64
986660,Elephant,174118,639
986698,Mouse,5091,65
986756,Mouse,3466,64
986823,Mouse,4491,65
986927,Mouse,4026,64
986933,Mouse,3313,64
987093,Mouse,3457,64
987192,Mouse,4700,65
987229,Mouse,3784,64
987244,Mouse,3805,68
987265,Mouse,5676,66
987302,Mouse,4245,65
987412,Elephant,148374,576
987470,Mouse,4463,68
987472,Mouse,3206,67
987690,Mouse,5180,70
987762,Mouse,5126,67
987768,Mouse,5058,70
987783,Mouse,3086,68
988000,Mouse,5207,69
988051,Mouse,4095,71
988076,Mouse,4015,68
988114,Mouse,5290,66
988134,Mouse,3254,66
988136,Elephant,319466,868
988342,Mouse,4316,65
988351,Mouse,4185,64
988424,Mouse,3225,64
988467,Mouse,3481,68
988555,Mouse,5420,69
988605,Mouse,3388,67
988608,Mouse,3372,64
988676,Mouse,3485,67
988702,Mouse,4189,64
988711,Mouse,4451,69
988856,Elephant,214644,685
988910,Mouse,4158,68
988994,Mouse,4968,68
989037,Mouse,5399,67
989045,Mouse,5534,67
989069,Mouse,4158,64
989115,Mouse,4514,66
989126,Mouse,3149,64
989164,Mouse,3245,68
989189,Mouse,4013,65
989235,Mouse,5733,66
989320,Mouse,4359,72
989459,Elephant,52037,322
989508,Elephant,126010,519
989582,Elephant,509530,1493
989602,Mouse,3858,65
989607,Mouse,3663,65
989638,Mouse,5057,65
989656,Mouse,4123,64
989794,Mouse,4270,69
989889,Mouse,4647,69
989902,Mouse,4388,65
990030,Mouse,3164,64
990037,Mouse,3025,64
990122,Mouse,4577,65
990204,Mouse,3631,70
990213,Mouse,5738,73
990216,Mouse,3378,71
990290,Mouse,4959,65
990328,Mouse,4474,68
990345,Mouse,5083,65
990379,Mouse,5597,67
990402,Elephant,400620,980
990419,Mouse,4277,65
990468,Mouse,4688,65
990491,Mouse,3024,64
990560,Mouse,5085,65
990576,Mouse,5384,65
990647,Mouse,4214,64
990676,Mouse,3617,64
990716,Mouse,5704,71
990773,Mouse,3182,64
990852,Mouse,3951,64
990873,Mouse,3213,64
990928,Mouse,4016,67
990960,Mouse,4035,64
990973,Mouse,4461,70
991014,Mouse,4556,69
991031,Mouse,3583,64
991061,Elephant,88682,416
991097,Mouse,3237,64
991129,Mouse,3380,64
991140,Mouse,3770,65
991206,Mouse,3820,64
991249,Mouse,4670,66
991311,Mouse,4464,65
991313,Mouse,3024,64
991582,Mouse,4390,65
991585,Mouse,3774,65
991592,Mouse,4960,65
991763,Mouse,4379,65
991768,Mouse,5280,65
991779,Mouse,5623,70
991832,Mouse,3693,64
991890,Mouse,3735,64
991928,Mouse,4332,65
991960,Mouse,3609,64
991994,Mouse,3786,67
992009,Mouse,5800,66
992030,Mouse,4874,66
992187,Mouse,5795,66
992233,Mouse,4351,65
992252,Mouse,3667,67
992272,Mouse,3081,64
992343,Mouse,3493,69
992354,Mouse,4512,74
992437,Mouse,4237,68
992494,Mouse,4991,72
992504,Mouse,3786,68
992546,Mouse,3118,68
992703,Mouse,5120,67
992707,Mouse,3991,68
992772,Elephant,572494,1191
992801,Mouse,5267,66
992840,Mouse,4246,64
992886,Mouse,5192,65
992927,Mouse,3668,65
992932,Mouse,5469,67
992965,Mouse,4760,69
992998,Mouse,3624,64
993005,Mouse,3240,67
993035,Mouse,4255,64
993066,Mouse,3869,64
993147,Mouse,3799,64
993305,Mouse,5700,68
993361,Mouse,3270,70
993379,Mouse,4544,65
993384,Mouse,5792,66
993398,Mouse,4710,70
993411,Mouse,3772,71
993470,Mouse,5007,65
993509,Mouse,3673,64
993604,Mouse,3839,64
993749,Mouse,4940,73
993750,Mouse,5537,75
993815,Mouse,5597,75
993834,Mouse,3697,64
993851,Mouse,3669,67
993906,Mouse,4937,70
993934,Elephant,511503,1123
993949,Mouse,3769,68
993994,Mouse,5714,66
994001,Mouse,3541,64
994008,Mouse,4967,65
994031,Mouse,4161,64
994092,Mouse,3553,64
994106,Mouse,4443,65
994119,Mouse,4768,65
994356,Mouse,5481,67
994357,Mouse,3233,66
994524,Mouse,5318,66
994676,Mouse,5066,70
994700,Mouse,3257,70
994737,Mouse,4539,75
994792,Mouse,3409,78
994839,Mouse,4567,87
995074,Mouse,4084,101
995095,Mouse,4535,107
995150,Elephant,473473,1189
995161,Mouse,5275,112
995208,Mouse,4373,83
995246,Mouse,5173,72
995357,Mouse,4478,75
995405,Elephant,346276,1070
995421,Mouse,4386,71
995442,Mouse,5308,75
995550,Mouse,4569,67
995598,Elephant,99272,496
995619,Mouse,5600,68
995639,Mouse,4999,71
995700,Mouse,4933,68
995822,Mouse,3592,75
995835,Elephant,573125,1603
995924,Mouse,4876,69
995933,Mouse,4870,69
995949,Elephant,41057,247
995962,Mouse,4126,67
995968,Elephant,88179,434
995994,Mouse,3883,65
996011,Mouse,3370,65
996065,Mouse,3157,66
996066,Mouse,5141,68
996070,Mouse,4535,67
996186,Mouse,4757,65
996261,Mouse,4384,67
996326,Mouse,4400,65
996344,Mouse,3871,65
996376,Mouse,4319,65
996391,Mouse,3986,65
996430,Mouse,4811,68
996493,Mouse,3964,64
996534,Mouse,5180,68
996573,Mouse,3380,67
996665,Mouse,4048,76
996725,Mouse,4723,80
996764,Mouse,4913,76
996804,Mouse,5029,85
996876,Mouse,3187,91
996928,Mouse,4989,108
996929,Mouse,5296,107
996967,Mouse,5349,114
997007,Mouse,3092,118
997052,Mouse,4466,129
997065,Mouse,4767,134
997081,Mouse,3160,129
997163,Mouse,3517,132
997183,Mouse,3144,136
997207,Mouse,3488,144
997208,Mouse,3959,144
997220,Mouse,3568,152
997250,Elephant,342581,1104
997292,Elephant,163883,822
997301,Mouse,5202,142
997354,Mouse,4708,100
997421,Mouse,5256,85
997439,Mouse,3900,91
997449,Mouse,4154,94
997492,Elephant,36665,373
997499,Mouse,4693,97
997573,Mouse,4047,91
997648,Mouse,5175,100
997678,Mouse,4016,104
997711,Mouse,5225,111
997728,Mouse,3424,117
997752,Mouse,5686,124
997757,Elephant,508016,1467
997766,Mouse,4819,124
997792,Mouse,3685,123
997860,Mouse,4974,77
997877,Mouse,3995,72
997887,Mouse,4199,77
997933,Mouse,3942,85
997940,Elephant,432175,1405
997942,Mouse,5519,92
997951,Mouse,5107,88
997994,Mouse,4062,75
998002,Mouse,3186,75
998003,Mouse,4853,75
998036,Mouse,3650,67
998069,Mouse,5279,76
998070,Mouse,5750,77
998116,Mouse,3736,65
998158,Mouse,4317,66
998250,Mouse,4313,68
998266,Mouse,3184,67
998381,Mouse,5447,67
998399,Elephant,215798,789
998418,Mouse,5254,72
998489,Elephant,276521,1013
998537,Mouse,5210,65
998595,Mouse,4040,64
998630,Mouse,4765,65
998678,Mouse,5665,66
998775,Mouse,5568,66
998803,Mouse,5764,66
998890,Mouse,3738,64
998946,Mouse,5241,67
998950,Mouse,5475,67
998965,Mouse,3814,68
999027,Mouse,3715,64
999051,Mouse,3737,66
999093,Mouse,4442,69
999119,Mouse,5800,66
999248,Mouse,5783,66
999292,Mouse,4424,65
999304,Mouse,5424,70
999363,Mouse,5503,71
999372,Mouse,4276,73
999377,Mouse,4689,65
999629,Elephant,521388,1124
999630,Mouse,4801,68
999650,Mouse,3725,65
999754,Mouse,5632,69
999817,Mouse,4762,65
999853,Mouse,5750,68
999954,Mouse,4857,67
1000013,Mouse,4223,64
1000358,Elephant,224737,720
1000475,Elephant,374619,944
1100109,Mouse,4241,1000109
1100155,Mouse,5762,1000155
1100859,Elephant,267257,1000859
1102777,Mouse,4724,1000162
1107321,Mouse,3017,1000127
1117068,Mouse,5467,1000109
1119914,Mouse,5404,1000110
1131741,Mouse,4776,1000122
1135508,Mouse,5304,1000152
1139620,Mouse,5775,1000108
1141705,Mouse,4878,1000237
1141974,Mouse,5475,1000193
1145585,Mouse,4464,1000211
1161429,Mouse,4845,1000109
1163728,Mouse,5249,1000109
1173300,Mouse,4599,1000111
1175512,Mouse,5155,1000133
1179991,Elephant,385671,1001417
1180996,Elephant,404269,1001461
1181234,Mouse,5681,1000156
1186263,Elephant,157425,1000488
1186367,Mouse,3579,1000152
1188725,Mouse,4529,1000189
1191421,Mouse,5727,1000214
1194872,Mouse,4568,1000146
1198523,Mouse,5358,1000115
1199361,Mouse,4653,1000190
1201657,Mouse,4852,1000224
1205094,Mouse,5489,1000122
1213889,Mouse,5430,1000109
1214082,Mouse,5706,1000119
1240969,Mouse,4777,1000147
1251867,Mouse,5800,1000197
1252552,Mouse,4363,1000123
1257859,Mouse,5082,1000137
1257969,Mouse,5373,1000112
1266696,Mouse,4740,1000106
1270776,Mouse,5824,1000116
1278980,Mouse,4783,1000109
1280410,Mouse,5348,1000204
1281556,Mouse,5037,1000221
1284555,Mouse,4020,1000107
1288510,Mouse,5433,1000164
1289197,Mouse,4583,1000108
1291513,Mouse,4856,1000135
1291545,Mouse,5041,1000160
1300147,Mouse,5859,1200147
1300183,Mouse,3190,1200183
1300187,Mouse,3584,1200187
1300600,Mouse,5880,1200115
1302280,Mouse,5948,1200110
1302911,Mouse,5910,1200126
1303535,Mouse,5913,1200151
1304437,Mouse,5975,1200114
1304456,Mouse,5958,1200111
1306045,Mouse,5868,1200184
1307337,Mouse,5907,1200151
1307395,Mouse,5881,1200141
1308604,Mouse,3241,1200164
1309497,Mouse,5880,1200109
1310203,Mouse,5868,1200115
1311383,Mouse,5592,1000153
1312035,Mouse,5859,1200110
1313155,Mouse,5977,1200117
1314829,Mouse,5663,1200151
1315806,Mouse,5861,1200117
1315825,Mouse,4420,1000109
1317078,Mouse,5858,1200112
1317265,Mouse,5875,1200112
1318033,Mouse,5998,1200106
1318082,Mouse,5985,1200106
1318506,Mouse,4771,1000190
1318820,Mouse,4015,1200114
1318892,Mouse,5016,1000225
1319058,Mouse,4545,1000264
1319391,Mouse,5849,1200112
1319669,Mouse,5948,1200108
1322393,Mouse,5970,1200106
1323851,Mouse,5881,1200106
1324213,Mouse,5886,1200106
1326199,Mouse,5861,1200108
1326239,Mouse,5920,1200111
1326383,Mouse,5937,1200106
1326585,Mouse,5848,1200114
1326920,Mouse,5878,1200106
1327187,Mouse,3913,1200110
1327956,Mouse,5851,1200107
1328490,Mouse,5911,1200109
1330102,Mouse,5989,1200113
1330120,Mouse,5449,1000113
1331418,Mouse,5872,1200214
1331683,Mouse,5860,1200131
1331887,Mouse,5998,1200119
1332038,Mouse,5915,1200110
1332318,Mouse,4405,1000143
1332482,Mouse,5889,1200133
1332716,Mouse,5972,1200150
1333065,Mouse,5889,1200143
1333639,Mouse,5894,1200126
1333697,Mouse,5928,1200135
1335131,Mouse,5901,1200173
1335372,Mouse,5931,1200149
1335527,Mouse,5842,1200158
1337925,Mouse,5897,1200117
1338546,Mouse,3201,1200177
1338942,Mouse,5874,1200114
1340958,Mouse,5915,1200112
1341136,Mouse,5984,1200114
1341280,Mouse,3985,1200127
1341788,Mouse,5896,1000242
1342428,Mouse,5857,1200282
1343225,Elephant,286679,1002307
1343541,Mouse,5932,1200264
1344741,Mouse,5914,1200128
1345636,Mouse,5934,1200221
1345840,Mouse,5993,1200267
1345936,Mouse,5924,1200214
1346015,Mouse,5978,1200209
1346201,Mouse,4261,1200223
1346299,Mouse,5939,1200234
1346577,Mouse,4582,1000105
1346916,Mouse,5872,1200220
1347912,Mouse,4938,1200295
1349761,Mouse,5885,1200115
1351325,Mouse,5965,1200117
1351856,Mouse,4360,1200154
1352198,Mouse,4839,1000108
1352314,Mouse,5869,1200113
1353012,Mouse,5990,1200106
1354020,Mouse,5954,1200109
1354462,Mouse,5843,1200119
1354732,Mouse,5937,1200129
1355064,Mouse,4652,1000213
1355675,Mouse,5955,1200169
1358023,Mouse,5995,1200222
1359929,Mouse,5958,1200111
1362380,Mouse,5976,1200107
1363204,Mouse,5993,1200113
1363772,Mouse,5954,1200106
1367688,Mouse,5923,1200111
1368522,Mouse,5888,1200163
1368929,Mouse,5898,1200152
1369100,Mouse,4190,1200117
1369336,Mouse,5928,1200123
1369805,Mouse,5941,1200144
1370935,Mouse,5993,1200106
1371008,Mouse,5995,1200111
1371371,Mouse,5862,1200110
1373032,Mouse,5921,1200106
1373057,Mouse,5856,1200106
1373376,Mouse,4902,1000116
1373720,Mouse,5988,1200117
1374234,Mouse,4381,1000159
1374275,Mouse,4079,1200144
1374811,Mouse,5917,1200172
1374827,Mouse,5980,1200165
1375111,Mouse,4004,1200133
1375636,Mouse,5905,1200128
1376570,Mouse,4821,1000130
1376678,Mouse,4423,1000163
1377724,Mouse,5446,1000145
1377799,Mouse,5959,1200178
1378428,Mouse,5894,1200106
1378819,Mouse,5900,1200111
1379049,Mouse,3660,1200134
1379540,Mouse,5939,1200127
1380278,Mouse,3290,1200111
1381679,Mouse,5914,1200206
1381753,Mouse,5967,1200189
1382253,Mouse,5926,1200187
1382800,Mouse,5975,1200144
1382901,Mouse,5886,1200111
1383051,Mouse,5872,1200107
1383778,Mouse,5764,1000114
1387522,Mouse,4455,1200227
1388043,Mouse,5932,1200148
1390775,Mouse,5461,1000115
1391324,Mouse,3577,1200192
1391857,Mouse,5895,1200177
1392106,Mouse,4214,1200146
1392311,Mouse,3915,1200110
1392408,Mouse,5994,1200112
1393437,Mouse,5612,1000170
1395421,Mouse,5410,1200155
1396519,Mouse,3797,1200110
1396847,Mouse,5869,1200106
1398094,Mouse,5088,1000110
1400793,Mouse,4152,1200177
1401521,Mouse,5977,1200206
1401598,Mouse,5851,1000149
1402847,Mouse,3466,1200161
1403000,Mouse,3205,1200163
1403335,Mouse,5885,1200184
1403959,Mouse,5866,1200177
1404782,Mouse,5996,1200208
1405969,Mouse,5939,1200106
1406403,Mouse,5882,1200109
1406745,Mouse,5114,1000115
1406975,Mouse,5884,1200109
1407517,Mouse,5874,1200106
1408786,Mouse,5860,1200106
1408849,Mouse,5920,1200113
1409413,Mouse,5938,1200159
1409890,Mouse,5696,1200188
1410017,Mouse,5798,1200164
1410466,Mouse,5983,1200106
1411125,Mouse,3744,1200153
1411270,Mouse,3877,1200118
1411397,Mouse,5910,1200129
1411777,Mouse,3796,1200137
1412182,Mouse,5875,1200118
1415218,Mouse,5025,1000116
1416585,Mouse,5076,1200152
1418040,Elephant,116037,1000484
1418803,Mouse,5989,1200106
1420008,Mouse,4094,1200143
1420101,Mouse,5988,1200165
1420125,Mouse,3874,1200206
1420419,Mouse,5848,1200149
1421130,Mouse,5857,1200161
1421381,Mouse,5980,1200112
1421860,Mouse,5907,1200118
1422416,Mouse,3563,1200153
1423478,Mouse,5845,1200106
1424495,Mouse,5569,1000149
1424571,Mouse,5979,1200112
1424672,Mouse,4417,1200153
1425894,Elephant,546267,1001551
1425894,Mouse,5844,1200106
1426118,Mouse,5921,1200106
1427460,Mouse,5899,1200106
1427553,Mouse,4018,1200110
1428020,Mouse,5915,1200106
1428204,Mouse,5974,1200106
1429072,Mouse,5076,1000176
1431197,Mouse,5905,1200106
1431479,Mouse,5998,1200106
1432513,Mouse,4446,1200167
1433766,Mouse,5872,1200132
1433867,Mouse,4329,1200148
1434761,Mouse,4048,1200110
1434831,Mouse,5912,1200106
1435075,Mouse,5981,1200106
1435562,Elephant,491400,1001234
1435898,Mouse,5894,1200107
1436919,Mouse,5911,1200115
1436952,Mouse,5847,1200197
1438305,Mouse,3580,1200158
1440722,Mouse,5846,1200138
1442303,Mouse,5861,1200130
1442395,Mouse,5921,1200118
1442498,Mouse,5924,1200111
1443661,Mouse,5908,1200111
1444375,Mouse,5896,1200141
1444933,Elephant,582812,1201509
1445302,Mouse,5881,1200110
1446187,Mouse,4311,1200149
1447809,Mouse,5908,1200106
1448770,Mouse,4509,1000109
1449261,Mouse,5944,1200106
1449906,Mouse,3521,1200155
1449934,Mouse,5841,1200112
1450744,Mouse,5858,1200118
1450766,Mouse,4682,1000195
1451217,Mouse,5896,1200133
1451360,Mouse,4130,1200173
1452306,Mouse,5599,1000157
1453434,Mouse,5881,1200106
1454191,Mouse,5880,1200116
1455768,Mouse,3012,1200109
1455917,Mouse,5956,1200113
1456859,Mouse,5976,1200117
1457426,Mouse,5984,1200163
1457512,Mouse,4052,1200172
1458070,Mouse,5962,1200130
1458629,Mouse,4815,1000147
1461432,Mouse,3482,1200119
1462140,Mouse,5884,1200122
1463662,Mouse,5903,1200113
1464194,Mouse,5863,1200106
1464786,Mouse,3432,1200149
1465546,Mouse,4463,1200154
1466551,Mouse,5944,1200112
1466771,Mouse,5871,1200112
1467206,Mouse,4110,1000106
1467332,Mouse,4024,1200111
1468388,Mouse,5878,1200106
1468815,Mouse,5922,1200110
1469446,Mouse,4022,1200159
1470919,Mouse,5946,1200115
1471410,Mouse,3207,1200150
1472325,Mouse,5867,1200110
1473373,Mouse,5922,1200106
1474119,Mouse,5992,1200106
1475303,Mouse,5568,1000150
1477067,Mouse,5855,1200106
1477153,Mouse,5874,1200106
1477647,Mouse,5959,1200106
1478217,Mouse,5643,1200156
1478757,Mouse,5920,1200106
1478814,Mouse,5968,1200150
1479313,Mouse,5893,1200117
1479328,Mouse,4333,1200111
1479404,Mouse,5929,1200106
1479727,Mouse,5932,1200114
1481939,Mouse,5928,1200158
1481940,Mouse,5910,1200155
1482698,Mouse,5846,1200112
1482863,Mouse,3870,1200115
1484031,Mouse,5921,1200106
1484542,Mouse,5863,1200107
1484599,Mouse,5174,1200159
1485010,Mouse,5968,1200106
1485919,Mouse,4193,1200108
1486386,Mouse,3308,1200121
1486911,Mouse,5967,1200108
1487094,Mouse,5881,1200106
1488267,Mouse,5884,1200139
1490109,Mouse,5957,1200176
1490268,Mouse,3804,1200228
1490300,Mouse,5941,1200195
1491187,Mouse,3815,1200118
1491608,Mouse,4382,1200189
1491869,Mouse,5865,1200106
1492876,Mouse,3015,1200152
1493134,Mouse,3547,1200110
1493456,Mouse,5972,1200111
1494641,Mouse,5861,1200110
1494702,Mouse,5946,1200120
1496552,Mouse,5894,1200111
1497038,Mouse,3123,1200135
1497367,Mouse,5921,1200110
1497468,Mouse,5993,1200110
1497672,Mouse,4967,1000106
1498330,Mouse,5637,1000117
1498418,Mouse,5989,1200121
1499110,Mouse,5996,1200106
1499134,Mouse,5325,1000110
1499943,Mouse,5993,1200106
1500106,Mouse,5877,1200106
1500548,Mouse,4537,1400155
1500551,Mouse,4342,1200157
1500800,Mouse,5968,1000221
1502190,Mouse,5846,1200106
1503268,Mouse,5969,1200143
1503900,Mouse,5997,1200108
1503925,Mouse,5852,1200112
1504590,Mouse,5976,1200107
1504939,Mouse,5526,1000194
1505935,Mouse,3321,1200153
1506574,Elephant,348578,1002117
1506742,Mouse,5552,1000280
1506770,Mouse,4734,1000283
1506881,Mouse,5909,1200106
1507665,Mouse,3837,1200110
1508312,Mouse,5976,1200106
1508325,Mouse,5976,1400163
1508410,Mouse,3636,1000175
1508832,Mouse,5891,1200109
1508858,Mouse,5973,1200106
1509074,Mouse,5979,1200106
1510180,Mouse,5887,1200179
1511014,Mouse,4563,1000107
1511668,Mouse,3942,1200151
1511730,Mouse,4490,1400148
1511803,Mouse,5985,1200106
1512460,Mouse,5940,1200106
1512732,Mouse,5991,1200109
1513099,Mouse,5983,1200117
1514823,Mouse,4417,1400148
1514927,Mouse,5398,1000121
1515292,Mouse,5847,1200106
1517878,Mouse,5936,1200240
1518531,Mouse,5648,1200237
1519366,Mouse,5360,1200252
1520132,Mouse,5637,1200178
1520323,Mouse,4428,1200205
1520333,Mouse,5887,1200133
1521967,Mouse,5843,1200116
1522705,Mouse,4207,1200110
1523099,Mouse,5968,1200106
1523352,Mouse,5933,1200106
1523625,Mouse,5854,1200106
1523866,Mouse,5894,1200109
1524370,Mouse,5997,1200112
1524544,Mouse,4633,1200159
1524858,Mouse,5851,1200123
1525457,Mouse,5928,1200131
1527352,Mouse,5933,1200110
1527360,Mouse,5895,1200108
1528328,Mouse,5867,1200112
1529336,Mouse,5769,1000108
1529392,Mouse,5883,1200108
1530145,Mouse,5933,1200114
1530366,Mouse,5922,1200107
1530463,Mouse,5770,1400157
1530585,Mouse,5997,1200111
1531309,Mouse,5939,1200113
1531649,Mouse,5988,1400191
1533180,Mouse,5880,1200106
1533643,Mouse,5891,1200106
1533686,Mouse,5934,1200107
1534457,Mouse,4341,1200110
1534561,Mouse,5668,1200152
1536709,Mouse,5962,1200203
1536780,Mouse,3706,1200192
1536929,Mouse,5901,1200116
1537918,Mouse,5940,1200106
1539855,Mouse,4844,1000113
1540737,Mouse,3761,1200167
1541131,Mouse,5908,1200233
1541938,Mouse,3644,1200246
1542150,Mouse,4661,1400265
1542955,Elephant,571592,1202720
1545172,Mouse,5931,1200109
1546041,Mouse,3127,1200110
1546112,Mouse,4090,1200156
1547138,Mouse,5482,1000148
1547178,Mouse,5886,1200106
1547726,Mouse,4685,1000132
1547740,Mouse,5891,1200106
1547824,Mouse,4703,1000138
1547849,Mouse,5669,1400317
1548380,Mouse,5913,1200121
1548692,Mouse,5926,1200188
1550017,Mouse,3731,1000124
1550144,Mouse,3463,1200155
1550648,Mouse,4866,1200192
1551445,Mouse,5948,1200216
1552104,Mouse,5885,1200107
1552140,Mouse,4855,1200156
1552320,Mouse,5863,1200106
1552525,Mouse,5964,1200107
1553009,Mouse,5862,1200148
1553980,Mouse,3302,1200232
1553991,Mouse,5981,1200174
1554668,Mouse,5067,1000199
1555480,Mouse,4931,1000197
1555613,Mouse,4986,1000197
1556260,Mouse,5887,1400166
1557569,Mouse,4773,1400233
1557892,Mouse,5857,1200106
1558705,Mouse,5947,1200121
1558754,Mouse,5948,1200132
1558857,Mouse,5899,1200145
1559303,Mouse,5981,1200122
1560773,Mouse,5841,1200106
1560893,Mouse,4099,1200110
1561451,Mouse,5881,1200109
1562556,Mouse,5850,1200133
1562728,Mouse,5974,1200130
1563568,Mouse,5921,1200106
1564517,Mouse,5984,1200125
1566499,Mouse,4143,1200250
1567095,Mouse,5909,1200106
1567423,Mouse,5904,1200106
1567980,Mouse,4972,1400165
1568987,Mouse,5880,1200107
1569091,Mouse,5915,1200106
1569272,Mouse,5842,1200106
1569837,Mouse,5373,1400187
1571382,Mouse,5992,1200128
1571866,Mouse,3859,1200119
1574647,Mouse,5546,1000251
1576988,Mouse,5957,1200113
1577002,Mouse,5555,1200157
1577795,Mouse,5998,1200106
1578319,Mouse,5991,1200153
1578727,Mouse,5903,1200129
1580035,Mouse,5980,1200113
1581170,Mouse,5857,1200112
1582269,Mouse,5916,1200106
1584182,Mouse,5951,1200117
1584183,Mouse,5852,1200117
1584279,Mouse,5995,1200110
1584460,Mouse,5912,1200115
1584782,Mouse,3406,1200150
1585248,Mouse,5530,1400183
1585422,Mouse,5899,1200106
1586200,Mouse,5907,1200106
1586836,Mouse,5930,1200114
1587485,Mouse,3580,1200137
1588325,Mouse,5878,1200164
1589340,Mouse,3688,1200183
1590483,Mouse,5967,1200109
1590685,Mouse,4068,1200111
1592242,Mouse,5967,1200110
1592412,Mouse,5871,1200129
1593581,Mouse,5847,1200145
1593770,Mouse,5941,1200126
1594091,Mouse,5514,1400160
1595149,Mouse,5937,1200112
1595383,Mouse,5913,1200121
1595694,Mouse,5865,1400159
1595939,Mouse,5964,1200109
1597180,Mouse,5994,1200116
1597224,Mouse,4785,1000149
1598320,Mouse,4535,1000114
1598437,Mouse,5971,1200118
1599014,Mouse,5190,1400170
1599792,Mouse,5989,1200111
1600223,Mouse,5905,1200132
1601415,Mouse,3053,1200111
1601650,Mouse,3138,1200152
1601785,Mouse,4836,1000126
1602872,Mouse,5861,1200108
1603537,Mouse,4764,1400232
1603777,Mouse,5909,1200106
1604530,Mouse,5850,1200106
1605651,Mouse,5915,1200112
1606737,Mouse,5929,1200111
1606787,Mouse,5921,1200115
1606824,Elephant,225719,1200765
1607291,Mouse,5963,1200111
1608085,Mouse,5732,1200157
1608141,Mouse,3033,1200147
1608174,Mouse,3584,1200121
1608329,Mouse,5875,1200106
1608428,Mouse,5982,1200109
1608503,Mouse,4646,1400152
1609986,Mouse,5960,1200109
1610162,Mouse,5900,1200108
1610477,Mouse,5867,1200106
1610506,Mouse,5906,1200116
1611100,Mouse,4902,1400154
1612144,Mouse,3852,1200129
1614186,Mouse,4942,1000112
1615207,Mouse,5872,1200117
1617434,Mouse,5888,1200139
1617858,Mouse,5925,1200216
1618534,Mouse,5927,1200297
1618823,Mouse,3634,1200231
1619132,Mouse,4504,1400153
1620060,Mouse,3921,1200252
1620523,Mouse,5990,1200173
1620858,Mouse,5942,1200148
1620948,Mouse,3500,1200107
1621295,Mouse,5948,1200112
1621744,Mouse,5919,1200113
1622094,Mouse,5989,1200106
1624293,Mouse,4278,1200121
1625113,Mouse,5956,1400154
1625593,Mouse,5866,1200174
1625609,Mouse,3766,1200179
1625715,Mouse,3305,1200132
1625731,Mouse,3652,1200132
1626264,Mouse,5696,1000154
1626279,Mouse,4498,1200174
1626418,Mouse,3762,1200138
1626841,Mouse,5620,1200206
1627220,Mouse,5857,1200160
1627551,Mouse,5875,1200154
1627736,Mouse,5983,1200112
1627771,Mouse,5875,1200115
1628224,Mouse,4346,1200115
1628824,Mouse,4772,1400153
1629727,Mouse,4389,1200181
1630264,Mouse,5862,1200106
1630747,Mouse,5945,1200192
1630929,Mouse,4628,1000182
1631058,Mouse,5924,1200112
1632611,Mouse,5873,1200112
1633281,Mouse,4702,1200155
1634628,Mouse,4425,1000167
1634733,Mouse,3364,1200109
1635076,Mouse,5892,1200111
1635830,Mouse,4491,1400154
1635881,Mouse,5948,1200150
1636435,Mouse,5193,1400153
1636784,Mouse,3153,1200154
1637057,Mouse,4004,1200160
1637169,Mouse,5874,1200121
1638744,Mouse,5943,1200106
1639202,Mouse,5983,1200107
1639437,Mouse,5905,1200110
1639771,Mouse,5922,1200108
1640024,Mouse,5991,1200106
1640030,Mouse,5982,1200106
1641076,Mouse,3805,1200117
1641294,Mouse,5986,1200121
1642059,Mouse,3273,1200153
1642809,Mouse,5736,1000148
1642869,Mouse,5192,1000113
1642984,Mouse,5890,1200184
1643380,Mouse,5927,1200182
1643994,Mouse,5459,1400160
1644126,Mouse,4459,1400157
1644505,Mouse,5524,1400204
1644680,Mouse,5877,1200134
1644839,Mouse,5260,1000108
1645024,Mouse,5977,1200114
1645041,Mouse,5989,1200109
1645783,Mouse,5992,1200107
1645846,Mouse,5054,1000111
1646523,Mouse,4034,1200153
1646676,Mouse,5867,1200111
1647263,Mouse,5871,1200110
1647707,Mouse,5981,1200108
1648016,Mouse,3548,1200149
1649456,Mouse,5858,1200114
1649813,Mouse,5889,1200144
1649891,Mouse,5982,1200132
1650002,Mouse,3239,1200144
1650642,Mouse,5916,1200168
1650779,Mouse,4677,1400158
1651363,Mouse,5958,1200166
1651969,Mouse,3000,1200119
1652590,Mouse,5022,1000121
1653576,Mouse,5941,1000150
1653631,Mouse,5945,1200118
1653705,Mouse,4537,1200156
1653946,Mouse,5890,1200114
1653980,Mouse,5954,1200109
1654187,Mouse,5851,1200117
1654521,Mouse,5863,1200112
1654578,Mouse,5871,1200106
1655326,Mouse,5923,1200106
1655643,Mouse,5928,1200112
1656325,Mouse,5851,1200195
1656428,Mouse,5867,1200112
1657118,Mouse,5922,1200107
1657488,Mouse,5892,1200106
1657671,Mouse,4490,1000129
1658142,Mouse,5939,1200106
1658588,Mouse,5906,1200107
1658629,Mouse,3059,1200106
1658954,Mouse,4421,1000114
1659513,Mouse,5880,1200106
1659597,Mouse,5881,1200106
1660253,Mouse,4627,1000110
1660509,Mouse,3436,1200157
1660824,Mouse,3249,1200152
1661610,Mouse,5450,1400164
1662181,Mouse,4881,1000111
1662513,Mouse,5874,1200106
1662652,Mouse,5850,1200110
1663527,Mouse,5913,1200153
1663637,Mouse,4605,1200204
1663769,Mouse,4357,1200205
1663797,Mouse,3272,1200173
1664178,Mouse,5983,1200109
1664504,Mouse,3526,1200133
1665225,Mouse,4884,1000132
1665846,Mouse,5995,1200108
1665958,Mouse,5949,1200106
1666971,Mouse,5036,1000111
1667068,Mouse,5936,1200115
1667285,Mouse,5970,1200150
1667336,Mouse,5863,1200106
1667344,Mouse,5853,1200106
1667505,Mouse,5871,1200106
1667568,Mouse,4961,1400148
1668744,Mouse,5864,1200108
1670430,Mouse,5854,1200106
1671233,Mouse,5151,1000109
1671285,Mouse,5849,1200106
1672159,Mouse,5866,1200123
1674258,Mouse,4595,1000132
1674777,Mouse,5856,1200109
1674800,Mouse,5246,1400151
1674884,Mouse,4400,1200158
1675176,Mouse,5969,1200112
1675194,Mouse,5904,1200106
1675401,Mouse,5951,1200107
1676133,Mouse,5893,1200106
1676276,Mouse,5221,1000138
1677427,Mouse,5913,1200106
1677716,Mouse,5889,1200106
1679384,Mouse,5625,1000113
1679505,Mouse,4666,1000127
1679738,Mouse,4728,1000138
1680157,Mouse,4843,1000142
1680205,Mouse,5893,1200108
1682237,Mouse,5941,1200115
1682243,Mouse,5981,1200120
1682406,Mouse,5885,1200111
1682524,Mouse,4370,1200159
1682558,Mouse,5861,1200130
1683017,Mouse,3225,1200156
1683141,Mouse,4623,1000109
1683226,Mouse,5066,1400152
1683290,Mouse,5859,1200109
1683311,Mouse,5940,1200149
1684951,Mouse,5925,1200119
1686496,Mouse,4651,1000114
1687316,Mouse,5947,1200111
1688364,Mouse,5897,1200141
1689200,Mouse,5680,1200183
1689788,Mouse,5319,1000110
1689916,Mouse,5978,1200195
1690447,Mouse,5957,1200258
1690572,Mouse,5843,1200208
1690807,Mouse,5951,1200106
1690862,Mouse,5412,1400207
1692090,Mouse,3566,1200108
1692856,Mouse,5887,1200111
1693523,Mouse,5997,1200111
1694153,Mouse,3302,1200147
1696424,Mouse,5996,1200112
1696483,Mouse,5970,1200107
1696992,Elephant,206843,1000795
1697544,Elephant,141973,1000754
1697871,Elephant,146470,1000816
1698195,Mouse,3399,1200177
1698380,Mouse,3013,1200154
1698521,Mouse,5765,1000190
1698652,Mouse,5894,1200107
1698744,Mouse,5948,1200121
1698956,Mouse,3970,1200152
1699256,Mouse,5857,1200114
1700429,Mouse,3287,1200182
1701227,Mouse,5930,1200196
1701537,Mouse,5921,1200114
1701770,Mouse,5906,1200106
1702073,Mouse,5963,1200106
1702824,Mouse,5888,1200106
1703074,Mouse,5992,1200106
1703609,Mouse,5920,1200107
1704115,Mouse,5851,1200113
1704116,Mouse,5392,1200158
1704239,Mouse,4959,1400156
1704264,Mouse,5911,1200117
1704367,Mouse,5915,1200142
1704738,Mouse,4911,1400151
1704919,Mouse,5917,1200190
1704982,Elephant,261559,1000874
1706445,Mouse,5846,1200317
1707029,Mouse,3506,1200322
1707804,Mouse,5999,1200356
1707889,Mouse,4323,1200314
1707913,Mouse,4530,1200351
1709360,Mouse,5906,1200195
1709831,Mouse,5082,1400180
1710222,Mouse,5690,1400222
1711134,Mouse,5749,1400165
1711240,Mouse,4459,1000105
1711451,Mouse,5995,1200106
1711672,Mouse,4811,1400153
1711805,Mouse,5885,1200106
1713243,Mouse,5984,1200108
1713520,Mouse,5985,1200106
1713542,Mouse,4674,1000129
1713578,Mouse,5667,1000155
1714006,Mouse,5868,1400171
1714905,Mouse,5848,1200115
1717163,Mouse,5860,1200108
1717449,Mouse,4692,1000161
1718000,Mouse,4411,1400300
1718815,Mouse,5977,1200106
1718878,Mouse,3138,1200106
1718973,Mouse,5843,1200112
1719388,Mouse,4596,1400190
1719489,Mouse,5945,1200112
1719771,Mouse,5956,1200112
1719789,Mouse,5890,1200112
1720286,Mouse,4721,1400201
1720579,Mouse,5864,1200106
1720979,Mouse,4542,1000113
1722143,Mouse,5929,1200114
1722414,Mouse,5860,1200111
1723226,Mouse,5898,1200112
1723357,Mouse,5937,1200126
1724813,Mouse,3069,1200164
1725023,Mouse,5967,1200106
1726624,Elephant,313960,1000204
1727745,Mouse,5879,1200113
1727844,Mouse,4825,1400165
1727945,Mouse,5328,1000149
1728540,Mouse,5878,1200108
1728634,Mouse,5874,1200114
1728667,Mouse,5991,1200108
1728730,Mouse,5989,1200106
1729469,Mouse,5870,1200108
1729780,Mouse,5980,1200118
1730847,Mouse,5237,1200174
1732650,Mouse,5479,1400152
1733099,Mouse,5867,1200109
1734688,Mouse,5819,1200155
1735301,Mouse,5924,1200142
1737196,Mouse,5904,1200106
1737822,Mouse,3802,1000107
1740416,Mouse,3505,1200114
1741043,Mouse,5896,1200117
1741275,Mouse,5946,1200107
1741633,Mouse,5093,1000196
1741787,Mouse,5888,1200111
1743250,Mouse,3125,1200170
1743261,Mouse,5742,1400264
1744916,Mouse,3852,1200110
1745696,Mouse,5932,1200107
1745852,Mouse,5962,1200112
1745897,Mouse,4920,1400157
1746675,Mouse,4338,1200110
1747456,Mouse,5960,1200140
1748191,Mouse,3530,1200109
1748228,Mouse,5857,1200111
1748791,Mouse,5907,1200124
1749094,Mouse,5991,1200128
1749283,Mouse,4672,1000108
1749412,Mouse,5907,1200108
1749553,Mouse,3845,1200131
1750687,Mouse,5227,1000115
1752038,Mouse,3984,1200109
1753302,Mouse,4656,1200161
1754341,Mouse,3456,1200247
1754499,Mouse,5991,1200216
1754927,Mouse,5439,1000196
1755045,Mouse,5322,1000202
1755334,Mouse,5929,1200247
1755573,Mouse,4790,1000231
1755615,Mouse,5880,1200198
1755748,Mouse,5149,1400199
1757772,Mouse,5947,1200106
1757805,Mouse,5943,1200111
1757908,Mouse,5893,1200109
1758253,Mouse,5884,1200106
1758942,Mouse,4332,1200111
1759057,Mouse,5879,1200110
1759314,Mouse,4613,1200152
1759465,Mouse,4561,1200166
1759466,Mouse,4505,1200150
1761653,Mouse,5870,1200126
1763469,Mouse,5868,1200293
1763502,Mouse,5432,1000141
1764337,Mouse,5920,1200121
1764955,Mouse,5014,1000245
1765374,Mouse,5794,1400179
1765920,Mouse,5654,1400174
1766087,Mouse,3420,1200118
1766241,Mouse,4717,1400220
1768306,Mouse,5930,1200174
1770496,Mouse,5868,1200107
1770549,Mouse,3832,1200155
1771729,Mouse,5030,1400186
1772149,Mouse,5257,1400191
1772511,Mouse,4621,1400238
1772992,Mouse,5577,1200224
1774187,Mouse,5980,1200255
1774319,Mouse,5857,1200251
1774346,Mouse,5165,1400152
1774568,Mouse,4392,1000115
1775097,Mouse,5975,1200231
1775130,Mouse,5883,1200240
1775734,Mouse,4909,1000169
1775899,Mouse,5935,1200290
1776270,Mouse,5488,1000160
1776465,Mouse,5864,1200106
1777242,Mouse,4459,1000113
1777822,Mouse,5957,1200149
1778305,Mouse,5600,1000113
1778807,Mouse,5965,1200109
1778863,Mouse,5713,1000114
1779006,Mouse,5903,1200107
1779198,Mouse,5869,1200109
1779827,Mouse,5855,1200108
1780111,Mouse,5927,1200109
1781296,Mouse,5990,1200115
1781470,Mouse,5934,1200106
1781500,Mouse,5952,1200106
1781725,Mouse,5966,1200106
1782681,Mouse,3545,1200142
1783224,Mouse,3270,1200215
1783579,Mouse,5982,1200106
1784000,Mouse,5852,1200112
1785226,Mouse,5881,1200117
1787291,Mouse,4665,1400171
1787531,Mouse,4912,1000118
1788123,Mouse,4523,1400208
1788461,Mouse,5947,1200109
1788464,Mouse,5906,1200109
1788627,Mouse,5866,1200107
1789348,Mouse,5947,1200122
1789851,Mouse,4283,1200155
1790145,Mouse,5112,1400158
1791495,Mouse,5980,1200126
1791676,Mouse,5948,1200146
1791989,Mouse,4574,1000220
1792453,Mouse,5973,1200106
1792819,Mouse,5958,1200106
1795202,Mouse,5897,1200106
1797202,Mouse,5895,1200107
1797325,Mouse,5963,1200106
1797873,Mouse,5874,1200106
1798936,Mouse,3913,1200109
1798987,Mouse,5892,1200108
1799663,Mouse,5954,1200115
1801160,Mouse,3100,1200119
1801952,Mouse,5946,1200130
1801985,Mouse,5873,1200120
1802267,Mouse,5921,1200152
1803074,Mouse,4469,1200175
1803759,Mouse,5841,1200106
1803809,Mouse,5960,1200106
1804644,Mouse,5169,1000116
1805058,Mouse,5842,1200106
1805584,Mouse,5951,1200106
1805770,Mouse,5962,1200106
1806434,Mouse,4823,1400156
1808351,Mouse,5890,1200106
1808480,Mouse,5917,1200106
1808502,Elephant,537409,1001188
1809080,Mouse,5138,1400152
1809419,Mouse,4949,1000117
1809790,Mouse,5970,1200127
1809912,Mouse,5964,1200106
1809973,Mouse,3498,1200110
1811837,Mouse,5911,1200106
1812190,Mouse,5968,1200106
1813409,Mouse,3965,1200236
1815008,Mouse,5913,1200139
1815731,Mouse,5921,1200155
1816986,Mouse,5874,1200109
1817119,Mouse,5920,1200114
1817427,Mouse,5438,1400162
1818796,Mouse,5919,1200188
1819496,Mouse,5885,1200107
1819616,Mouse,5259,1400300
1821698,Mouse,5865,1200106
1821927,Mouse,5854,1200108
1822451,Mouse,5990,1200106
1822840,Mouse,5945,1200106
1823782,Mouse,5965,1200106
1827959,Mouse,5994,1200115
1828136,Mouse,5866,1200106
1828170,Mouse,5903,1200106
1829884,Mouse,5946,1200106
1830707,Mouse,3446,1200196
1832915,Mouse,5413,1400149
1834204,Mouse,4636,1000120
1834500,Mouse,5869,1200143
1834569,Mouse,5917,1200152
1835008,Mouse,5859,1200211
1835542,Mouse,5998,1200162
1835762,Mouse,5937,1200115
1836392,Mouse,5983,1200112
1837316,Mouse,5775,1400179
1838235,Mouse,4977,1000113
1838583,Mouse,5881,1200106
1839392,Mouse,5992,1200154
1839969,Mouse,5925,1200112
1843151,Mouse,5900,1200106
1843482,Mouse,3063,1200116
1845581,Mouse,5973,1200132
1846449,Mouse,5996,1400154
1847075,Mouse,5129,1000119
1847497,Mouse,5981,1200133
1847704,Mouse,3575,1200155
1848270,Mouse,5872,1200108
1848301,Mouse,3139,1200113
1848455,Mouse,5925,1200109
1849376,Mouse,5926,1200114
1850351,Mouse,5995,1200106
1850477,Mouse,5602,1400170
1851984,Mouse,5657,1000119
1853015,Mouse,5989,1200106
1853346,Mouse,5978,1200108
1854035,Mouse,5997,1200162
1854277,Mouse,5948,1200174
1854456,Mouse,5966,1200206
1854514,Mouse,3361,1200210
1856361,Mouse,5368,1200234
1856383,Mouse,5877,1200191
1856388,Mouse,5971,1200187
1859744,Mouse,5459,1400154
1860038,Mouse,4097,1200108
1862741,Mouse,5927,1200109
1864225,Mouse,3205,1200156
1865204,Mouse,5208,1400156
1866214,Mouse,5865,1200116
1866646,Mouse,5897,1200151
1866703,Mouse,4543,1200198
1866877,Mouse,5978,1200154
1867055,Mouse,5878,1200121
1868959,Mouse,4823,1200280
1870609,Mouse,5942,1200107
1871010,Mouse,5967,1200115
1871522,Mouse,5854,1200117
1872898,Mouse,5873,1200123
1873346,Mouse,4502,1000114
1874224,Mouse,5987,1200124
1874435,Mouse,4108,1200129
1874435,Mouse,5873,1200130
1874727,Mouse,5866,1200136
1874948,Mouse,4540,1000116
1875487,Mouse,5917,1200120
1875710,Mouse,5884,1200112
1876256,Mouse,4651,1200198
1876710,Mouse,3576,1200111
1876993,Mouse,3513,1200113
1877895,Mouse,5989,1200117
1878321,Mouse,5961,1200106
1878364,Mouse,5901,1200109
1879560,Mouse,5862,1200141
1879935,Mouse,5885,1200145
1881119,Mouse,5953,1200106
1881166,Mouse,4651,1200150
1882569,Mouse,4726,1200156
1882916,Mouse,5876,1200112
1883807,Mouse,5965,1200106
1885512,Mouse,5944,1200106
1885986,Mouse,5903,1200117
1886109,Mouse,3290,1200110
1886532,Mouse,3370,1200107
1888189,Mouse,5079,1400205
1888475,Mouse,5993,1200211
1888592,Mouse,5941,1200181
1888741,Mouse,5994,1200172
1889101,Mouse,5903,1200116
1889332,Mouse,3915,1200115
1890018,Mouse,5828,1400249
1890496,Mouse,4126,1200109
1890654,Mouse,5887,1000150
1890897,Mouse,4452,1200155
1891389,Mouse,4473,1200155
1891454,Mouse,5936,1200106
1891677,Mouse,3731,1200123
1892141,Mouse,5915,1200106
1893086,Mouse,5906,1200106
1895016,Mouse,5933,1200106
1895485,Mouse,5895,1200150
1896685,Mouse,5982,1200309
1897751,Mouse,5936,1200285
1897873,Mouse,5883,1400157
1898224,Mouse,5994,1400185
1898279,Mouse,5846,1200267
1898494,Mouse,5971,1200192
1899010,Mouse,4781,1000108
1899197,Mouse,3590,1200168
1899226,Mouse,5972,1200129
1899319,Mouse,5901,1200116
1900534,Mouse,4972,1400234
1900949,Mouse,5983,1200107
1903050,Mouse,5870,1200108
1903271,Mouse,5915,1200106
1904136,Mouse,5893,1200129
1904172,Mouse,3907,1000123
1904213,Mouse,5854,1200141
1904253,Mouse,5873,1200147
1904292,Mouse,5991,1200143
1904301,Mouse,4330,1200192
1904312,Mouse,5878,1200143
1904354,Mouse,5209,1400169
1904718,Mouse,5860,1200111
1905040,Mouse,5857,1200106
1906307,Mouse,5800,1400378
1907016,Mouse,4620,1400361
1907326,Mouse,5873,1200106
1907821,Mouse,5119,1400392
1908223,Mouse,5729,1000121
1908445,Mouse,5870,1200106
1911334,Mouse,4733,1000112
1912122,Mouse,5843,1200119
1912597,Mouse,4600,1400153
1913130,Mouse,5946,1200107
1913473,Mouse,4991,1000166
1913532,Mouse,5957,1200127
1914381,Mouse,3841,1200108
1915136,Mouse,5857,1200106
1916384,Mouse,3165,1200109
1916542,Mouse,4704,1400157
1916803,Mouse,4596,1400154
1917458,Mouse,5397,1200194
1918387,Mouse,5960,1200129
1918414,Mouse,5880,1200121
1918849,Mouse,5861,1200181
1918921,Mouse,4605,1000122
1919605,Mouse,5958,1200130
1920372,Mouse,3182,1000107
1921090,Mouse,5870,1200106
1921429,Mouse,5972,1200106
1921892,Mouse,3596,1200115
1922362,Mouse,5876,1200106
1924185,Mouse,5874,1200106
1925006,Mouse,5904,1200106
1925077,Mouse,5872,1200112
1926058,Mouse,5961,1200106
1927353,Mouse,5867,1200160
1928436,Mouse,5895,1200177
1928901,Mouse,5955,1200190
1929709,Mouse,5900,1200117
1930534,Mouse,5896,1200109
1934367,Mouse,5943,1200112
1936393,Mouse,4226,1200108
1937839,Mouse,5769,1000112
1938357,Mouse,5974,1200107
1939827,Mouse,5868,1200111
1940909,Elephant,557743,1001252
1941375,Mouse,5863,1200183
1941517,Mouse,5966,1200183
1941581,Mouse,5047,1200230
1942254,Mouse,3262,1200186
1943202,Mouse,5890,1200130
1943343,Mouse,5903,1200147
1944741,Mouse,5917,1200110
1946694,Mouse,5889,1200106
1946742,Mouse,4818,1400152
1947081,Mouse,5346,1400166
1947863,Mouse,5951,1200113
1948055,Mouse,5854,1200125
1949519,Mouse,4237,1200158
1949944,Mouse,4016,1200119
1950546,Mouse,5864,1200204
1951041,Mouse,5740,1400167
1951125,Mouse,5956,1200178
1951551,Mouse,5912,1200157
1951630,Mouse,4935,1200206
1953460,Mouse,5907,1200166
1953677,Mouse,4924,1000148
1953998,Mouse,5857,1200229
1954139,Mouse,5964,1200200
1954260,Mouse,5973,1200189
1954521,Mouse,4907,1400262
1955303,Mouse,5856,1200225
1956983,Mouse,4192,1200123
1957391,Mouse,3669,1200214
1957625,Mouse,5937,1200124
1958261,Mouse,5909,1200114
1958755,Mouse,5724,1200152
1959052,Mouse,5226,1400153
1960705,Mouse,3360,1200148
1961064,Mouse,4897,1000184
1961082,Mouse,5862,1200136
1961341,Mouse,5903,1200106
1961488,Mouse,5928,1200111
1961903,Mouse,5892,1200153
1962117,Mouse,5913,1200142
1962827,Mouse,5673,1000175
1962962,Mouse,3808,1200169
1963272,Mouse,3714,1200180
1963280,Mouse,5996,1200142
1963356,Mouse,5896,1200162
1963536,Mouse,5669,1400170
1963910,Mouse,5298,1000139
1963980,Mouse,5184,1200213
1964305,Mouse,4049,1200158
1964370,Mouse,3105,1200173
1964516,Mouse,4003,1200184
1965147,Mouse,5952,1200189
1965430,Mouse,5916,1200168
1965669,Mouse,5885,1200171
1966667,Mouse,5986,1200111
1967531,Mouse,5965,1200106
1967717,Mouse,5575,1400172
1967921,Mouse,4337,1200156
1968421,Mouse,5894,1400211
1969028,Mouse,5866,1200158
1969668,Mouse,5891,1200131
1969799,Mouse,5908,1200124
1969938,Mouse,4757,1000109
1970338,Mouse,5651,1000117
1970831,Mouse,5943,1200109
1971281,Mouse,5928,1200106
1971317,Mouse,5842,1200112
1971373,Mouse,4667,1400153
1971642,Mouse,5961,1200106
1972085,Mouse,5961,1200122
1972140,Mouse,4889,1400256
1972492,Mouse,5416,1400244
1972602,Mouse,5980,1200106
1972887,Elephant,463079,1000288
1973053,Mouse,4714,1000152
1974091,Mouse,4593,1400285
1975579,Mouse,5939,1200157
1975856,Mouse,5814,1200194
1975914,Mouse,5925,1200160
1976179,Mouse,3057,1200174
1976352,Mouse,5864,1200157
1977386,Mouse,3196,1200118
1978136,Mouse,5883,1200119
1978813,Mouse,3453,1200109
1979868,Mouse,4754,1000128
1980361,Mouse,5986,1200110
1980822,Mouse,5752,1000135
1981743,Mouse,4007,1200190
1982149,Mouse,5951,1200157
1982965,Mouse,3314,1000105
1983450,Mouse,5696,1400195
1983581,Mouse,5949,1200107
1983613,Mouse,4641,1400151
1984484,Mouse,5963,1200106
1985145,Mouse,5994,1200106
1987513,Mouse,5688,1200159
1987644,Mouse,3165,1200129
1988651,Mouse,4240,1200158
1989672,Mouse,5986,1200164
1991682,Mouse,5939,1200202
1991839,Mouse,5977,1200205
1992021,Mouse,5727,1400184
1992334,Mouse,5913,1200200
1992467,Mouse,5953,1200199
1992485,Mouse,5910,1200206
1992915,Mouse,4896,1400151
1993409,Mouse,5986,1200106
1993617,Mouse,5940,1200106
1994317,Mouse,4760,1200160
1994692,Mouse,5960,1200118
1994939,Mouse,5878,1200148
1995707,Mouse,5891,1200142
1995795,Mouse,5274,1000111
1996077,Mouse,5852,1200147
1996437,Mouse,5920,1200139
1996483,Mouse,5976,1200142
1996999,Mouse,5906,1200212
1997199,Mouse,5919,1200218
1997374,Mouse,5948,1200211
1997475,Mouse,3929,1200255
1997602,Mouse,5847,1200205
1997807,Mouse,4396,1000168
1997947,Mouse,5621,1000125
1998181,Mouse,5951,1200147
1998972,Mouse,5922,1200172
2000661,Mouse,5949,1200122
2001710,Mouse,4120,1200111
2002687,Mouse,5675,1400162
2004281,Mouse,5913,1200113
2004547,Mouse,4305,1200114
2004925,Mouse,5984,1200110
2004972,Mouse,5963,1200109
2006088,Mouse,5872,1200111
2006433,Mouse,5906,1200112
2007945,Mouse,5841,1200114
2009687,Mouse,5432,1400175
2009923,Mouse,5717,1200156
2010477,Mouse,4331,1200133
2010602,Mouse,4344,1200155
2013165,Mouse,5949,1200119
2013860,Mouse,5976,1200203
2014589,Mouse,5982,1200108
2015285,Mouse,5877,1200106
2016176,Mouse,5847,1200106
2017421,Mouse,5769,1400154
2018201,Mouse,5916,1200107
2020175,Mouse,4904,1400157
2021063,Mouse,5914,1200111
2021213,Mouse,3358,1200110
2021466,Mouse,5852,1200107
2021681,Mouse,5857,1200106
2022541,Mouse,5957,1200106
2022635,Mouse,5848,1200106
2022947,Mouse,5972,1200107
2023257,Mouse,5922,1200111
2025221,Mouse,5998,1200108
2025296,Mouse,5959,1200112
2025851,Mouse,5236,1200160
2025975,Mouse,5966,1200106
2026226,Mouse,5893,1200106
2026279,Mouse,5912,1200106
2026915,Mouse,5942,1200106
2028912,Mouse,5987,1200106
2029167,Mouse,5878,1200115
2029662,Mouse,5996,1200112
2029838,Mouse,5883,1200106
2030291,Mouse,5906,1200111
2030545,Mouse,5856,1200106
2030789,Mouse,5891,1200112
2031195,Mouse,3999,1200168
2032288,Mouse,5954,1200114
2035728,Mouse,5915,1200111
2036636,Mouse,5890,1200111
2037379,Mouse,4498,1400206
2038451,Mouse,5874,1200110
2039967,Mouse,4785,1200267
2039971,Mouse,5966,1200199
2040351,Mouse,4870,1400151
2041370,Mouse,3352,1200124
2043363,Mouse,5902,1200112
2043692,Mouse,5857,1200130
2044257,Mouse,5933,1200108
2044526,Mouse,5284,1200155
2045152,Mouse,5286,1400158
2046056,Mouse,5932,1200111
2046258,Mouse,5968,1200108
2046492,Mouse,5843,1200112
2046727,Mouse,5983,1200122
2048521,Mouse,5989,1200106
2049682,Mouse,5999,1200106
2049770,Mouse,5862,1200106
2051369,Mouse,5844,1200162
2051488,Mouse,5935,1200133
2051801,Mouse,5866,1200125
2053453,Mouse,5902,1200113
2053577,Mouse,5235,1400152
2054224,Mouse,5939,1200111
2054322,Mouse,5859,1200106
2054653,Mouse,5999,1200111
2054882,Mouse,5966,1200106
2055051,Mouse,5848,1200106
2055093,Mouse,5965,1200106
2055308,Mouse,5899,1200106
2058112,Mouse,5845,1200108
2059516,Mouse,5842,1200167
2059995,Mouse,5856,1200118
2061236,Mouse,5894,1200106
2061469,Mouse,5776,1400158
2063277,Mouse,4231,1200120
2064003,Mouse,4618,1400152
2064615,Mouse,3088,1200119
2067179,Mouse,3962,1200118
2067285,Mouse,5646,1400184
2068316,Mouse,5975,1200150
2068501,Mouse,5990,1200179
2068573,Mouse,5948,1200149
2070378,Mouse,5842,1200110
2070656,Mouse,3711,1200111
2071636,Mouse,5905,1200106
2072100,Mouse,3521,1200110
2072280,Mouse,5921,1200106
2073040,Mouse,5319,1400161
2073105,Mouse,5863,1200110
2074632,Mouse,5975,1200122
2074941,Mouse,5929,1200110
2076549,Mouse,4056,1200139
2076787,Mouse,5921,1200154
2077682,Mouse,5911,1200245
2078364,Mouse,5959,1200134
2079266,Mouse,5890,1200113
2079297,Mouse,3549,1200119
2081278,Mouse,5843,1200107
2082746,Mouse,5957,1200112
2083539,Mouse,4289,1200113
2085220,Mouse,5982,1200106
2086353,Mouse,5847,1200112
2087463,Mouse,5981,1200106
2088181,Mouse,5450,1400307
2088257,Mouse,5845,1200110
2088992,Mouse,5620,1400152
2089352,Mouse,5881,1200109
2090456,Mouse,5464,1400156
2090559,Mouse,5150,1200153
2090841,Mouse,5921,1200124
2091381,Mouse,4436,1200193
2092032,Mouse,4158,1200148
2092724,Mouse,5851,1200118
2092943,Mouse,5986,1200111
2094184,Mouse,5895,1200106
2096049,Mouse,5901,1200120
2096278,Mouse,5716,1400282
2096327,Mouse,5764,1400288
2096350,Mouse,5646,1400297
2096485,Mouse,5905,1200121
2096648,Mouse,4595,1400335
2099919,Mouse,5882,1200111
2100240,Mouse,5920,1200113
2100360,Mouse,5897,1200113
2100380,Mouse,5897,1200106
2102511,Mouse,5867,1200132
2104567,Mouse,5888,1200154
2104779,Mouse,5869,1200137
2105032,Mouse,3580,1200183
2105104,Mouse,5990,1400150
2106779,Mouse,5994,1200106
2108642,Mouse,5951,1200109
2108890,Mouse,5907,1200106
2109063,Mouse,4188,1200153
2110970,Mouse,5893,1200116
2111006,Mouse,5404,1400152
2113253,Mouse,3314,1200168
2115303,Mouse,5851,1200203
2115672,Mouse,5959,1200147
2115845,Mouse,5497,1400152
2116594,Mouse,5926,1200106
2116932,Mouse,5970,1200114
2117199,Mouse,5990,1200119
2117603,Mouse,5900,1200106
2117811,Mouse,5888,1200106
2117914,Mouse,5898,1200106
2118684,Mouse,3505,1200168
2118911,Mouse,4909,1400153
2119230,Mouse,5969,1200111
2120519,Mouse,5844,1200122
2120948,Mouse,5857,1200141
2121797,Mouse,4941,1200156
2126039,Mouse,5973,1200238
2126155,Mouse,5926,1200193
2126518,Mouse,5893,1200138
2126583,Mouse,5968,1200135
2126677,Mouse,3504,1200119
2126875,Mouse,5961,1400167
2127251,Mouse,5603,1200161
2128154,Mouse,5982,1200106
2128582,Mouse,5862,1200106
2129079,Mouse,5120,1200155
2129809,Mouse,4524,1400162
2129862,Mouse,5857,1200106
2130058,Mouse,5988,1200106
2130071,Mouse,5922,1200106
2130355,Mouse,4970,1400157
2130494,Mouse,5501,1400149
2131461,Mouse,3828,1200152
2131932,Mouse,3094,1200109
2132136,Mouse,5854,1200112
2132646,Mouse,5900,1200106
2133310,Mouse,5990,1200109
2133566,Mouse,5861,1200111
2134813,Mouse,5934,1200111
2135018,Mouse,4969,1200156
2135487,Mouse,5969,1200117
2136054,Mouse,5987,1200106
2136553,Mouse,5904,1200108
2136848,Mouse,5923,1200112
2137198,Mouse,5963,1200106
2137308,Mouse,5963,1200106
2139043,Mouse,5997,1200106
2139133,Mouse,5891,1200109
2139353,Mouse,5908,1200112
2139383,Mouse,5877,1200112
2139752,Mouse,3342,1200109
2139810,Mouse,5513,1200154
2140317,Mouse,5940,1200112
2142020,Mouse,5979,1200106
2144332,Mouse,5974,1200112
2145070,Mouse,5865,1200112
2148037,Mouse,4832,1400160
2148537,Mouse,5973,1200154
2148662,Mouse,5372,1200203
2148788,Mouse,5869,1200158
2150439,Mouse,5985,1200114
2150952,Mouse,4883,1200157
2152087,Mouse,5991,1200123
2153232,Mouse,5913,1200125
2153660,Mouse,5893,1200149
2153799,Mouse,5871,1200153
2154418,Mouse,5917,1200158
2154463,Mouse,5978,1200134
2154785,Mouse,5898,1200129
2154864,Mouse,5116,1400271
2157271,Mouse,5875,1200109
2159529,Mouse,3360,1200152
2159904,Mouse,5948,1200106
2160579,Mouse,4543,1400165
2160848,Mouse,5939,1200155
2161591,Mouse,5897,1200120
2161643,Mouse,5858,1200125
2161762,Mouse,5916,1200150
2161838,Mouse,5957,1200158
2162226,Mouse,3019,1200109
2163045,Mouse,5881,1200197
2163917,Mouse,3880,1200140
2164222,Mouse,5920,1200163
2164596,Mouse,5953,1200121
2166019,Mouse,3784,1200135
2166540,Mouse,5961,1200125
2168103,Mouse,5964,1200216
2168200,Mouse,4518,1400159
2168446,Mouse,5929,1200174
2168592,Mouse,5969,1200154
2168933,Mouse,5931,1200118
2168985,Mouse,3280,1200119
2169865,Mouse,5855,1200112
2171270,Mouse,5924,1200117
2171675,Mouse,3709,1200122
2173454,Mouse,5936,1200144
2174543,Mouse,5890,1200204
2176142,Mouse,5956,1200112
2176144,Mouse,5854,1200112
2176638,Mouse,5903,1200106
2177754,Mouse,5724,1200156
2177759,Mouse,5915,1200111
2178447,Mouse,3688,1200140
2178583,Mouse,5986,1200118
2179149,Mouse,5938,1200106
2179886,Mouse,5885,1200129
2181179,Mouse,5330,1400158
2181932,Mouse,3636,1200149
2183655,Mouse,5999,1200106
2183820,Mouse,5959,1200109
2185813,Mouse,3848,1200125
2187595,Mouse,5848,1200111
2187679,Mouse,3505,1200154
2189370,Mouse,5983,1200109
2189803,Mouse,5845,1200106
2190193,Mouse,5864,1200110
2191841,Mouse,5862,1200106
2192382,Mouse,5907,1200110
2192407,Mouse,5894,1200120
2192525,Mouse,5989,1200112
2192631,Mouse,5890,1200112
2193014,Mouse,5844,1200112
2193248,Mouse,5948,1200106
2193314,Mouse,3430,1200106
2194243,Mouse,3444,1200109
2194421,Mouse,5920,1200111
2195688,Mouse,5774,1400174
2195838,Mouse,5981,1200114
2195842,Mouse,4355,1200115
2196520,Mouse,3339,1200111
2198328,Mouse,4404,1400176
2198856,Mouse,5873,1200106
2199125,Mouse,5051,1400199
2200031,Mouse,5475,1400157
2201447,Mouse,4891,1400152
2203869,Mouse,5476,1400154
2214630,Mouse,5860,1400155
2219448,Mouse,5379,1400240
2219802,Mouse,4853,1400248
2224009,Mouse,5771,1400149
2232824,Mouse,4442,1400152
2234639,Mouse,5493,1400150
2240722,Mouse,5110,1400150
2242017,Mouse,4855,1400149
2242096,Mouse,5659,1400154
2243625,Mouse,5984,1400161
2248332,Mouse,5610,1400160
2251006,Mouse,4990,1400155
2253901,Mouse,5401,1400160
2254188,Mouse,4958,1400163
2254516,Mouse,4463,1400151
2258371,Mouse,4474,1400151
2259590,Mouse,5678,1400185
2269442,Mouse,5336,1400158
2274164,Mouse,4523,1400167
2274290,Mouse,5597,1400189
2274324,Mouse,5347,1400178
2283388,Mouse,5151,1400160
2292916,Mouse,5021,1400151
2293339,Mouse,5983,1400151
2300279,Mouse,4843,1400156
2300364,Mouse,4419,1400150
2301864,Mouse,5479,1400149
2306003,Mouse,5001,1400204
2313779,Mouse,5205,1400230
2313910,Mouse,5676,1400231
2321657,Mouse,4459,1400149
2326018,Mouse,5113,1400278
2328845,Mouse,5925,1400155
2335433,Mouse,4866,1400154
2347761,Mouse,5149,1400154
2348942,Mouse,4826,1400153
2356101,Mouse,5063,1400149
2361235,Mouse,4629,1400208
2364066,Mouse,5180,1400203
2365954,Mouse,5263,1400169
2382495,Mouse,5182,1400152
2384696,Mouse,4795,1400155
2385401,Mouse,4927,1400206
