CompletionTime_us,FlowType,SizeBytes,FCT_us
100088,Mouse,3059,88
100089,Mouse,3829,89
100090,Mouse,3779,90
100091,Mouse,4186,91
100091,Mouse,3783,91
100095,Mouse,4569,95
100101,Mouse,4920,101
100103,Mouse,5213,103
100105,Mouse,5781,105
100113,Mouse,3950,105
100166,Mouse,5358,65
100212,Mouse,5611,66
100278,Mouse,3180,64
100322,Mouse,4229,65
100353,Mouse,3825,65
100355,Mouse,3830,66
100385,Mouse,4670,69
100457,Mouse,5469,67
100461,Mouse,4537,68
100523,Mouse,5421,65
100670,Mouse,3105,64
100718,Mouse,5271,68
100745,Mouse,3888,68
100902,Mouse,5015,77
100932,Mouse,3048,83
101111,Elephant,353536,974
101144,Mouse,5334,92
101147,Mouse,5611,93
101185,Mouse,4925,81
101194,Mouse,3291,70
101213,Mouse,3659,68
101275,Mouse,4630,65
101355,Elephant,261644,919
101388,Mouse,4889,70
101443,Mouse,4120,67
101516,Elephant,233680,790
101699,Mouse,5211,65
101770,Mouse,4176,67
101906,Mouse,3495,68
101913,Mouse,4090,72
101916,Mouse,3501,72
102053,Elephant,62357,335
102082,Mouse,4553,69
102112,Mouse,5114,69
102172,Mouse,4644,73
102272,Mouse,4939,75
102273,Mouse,3935,74
102317,Mouse,3466,76
102358,Mouse,4169,75
102388,Mouse,3191,82
102518,Mouse,3122,80
102530,Mouse,3042,88
102546,Mouse,3616,87
102608,Mouse,5031,95
102678,Mouse,5480,105
102693,Mouse,5300,99
102727,Mouse,4724,111
102785,Elephant,549387,1346
102803,Mouse,5621,81
102824,Mouse,5638,71
102841,Mouse,3920,64
102867,Mouse,4081,73
102920,Mouse,3591,67
103062,Mouse,4751,71
103064,Mouse,4885,72
103167,Mouse,3265,69
103253,Mouse,3516,71
103405,Mouse,5377,93
103437,Mouse,5806,105
103462,Elephant,69957,431
103520,Mouse,5166,125
103656,Mouse,3919,70
103696,Mouse,3426,70
103813,Mouse,3538,72
103817,Elephant,554074,2068
103859,Mouse,3756,72
103925,Mouse,3043,67
103992,Mouse,4430,78
104002,Mouse,5678,75
104030,Mouse,3866,75
104097,Mouse,3660,74
104127,Mouse,4794,78
104157,Elephant,583302,1870
104159,Mouse,5073,81
104167,Mouse,5273,78
104213,Mouse,4847,76
104220,Mouse,3314,77
104229,Mouse,3419,73
104347,Mouse,3933,67
104381,Mouse,3917,66
104452,Mouse,5578,70
104470,Mouse,4785,74
104614,Mouse,4048,82
104619,Mouse,4497,83
104911,Mouse,3678,94
104933,Mouse,3406,99
104940,Mouse,3182,99
104995,Mouse,5464,97
105010,Mouse,4743,99
105169,Mouse,5653,93
105227,Mouse,5523,107
105398,Elephant,447797,1489
105463,Mouse,3414,72
105635,Mouse,4399,90
105746,Mouse,5422,91
105781,Mouse,3112,72
105893,Mouse,4942,84
105969,Mouse,4347,106
105998,Mouse,5718,116
106018,Elephant,76094,676
106030,Mouse,5298,113
106128,Mouse,5544,70
106167,Mouse,5218,69
106202,Mouse,3673,72
106231,Mouse,4441,74
106272,Elephant,335923,1801
106292,Mouse,5834,79
106469,Mouse,3796,105
106584,Mouse,4783,94
106610,Mouse,4397,90
106712,Mouse,5444,81
106925,Mouse,5574,102
106936,Mouse,4576,107
106997,Elephant,522495,2533
107037,Mouse,3864,87
107111,Mouse,3526,74
107189,Elephant,415851,2192
107213,Mouse,4694,76
107278,Mouse,3017,83
107339,Mouse,5431,88
107349,Elephant,469683,2351
107471,Mouse,4002,75
107597,Mouse,4372,83
107681,Mouse,5010,92
107688,Mouse,3898,94
107753,Mouse,5500,96
107871,Mouse,5813,76
107882,Elephant,422085,2158
107894,Mouse,4159,78
107928,Mouse,3384,77
107930,Mouse,4658,80
108171,Mouse,4922,90
108254,Mouse,4364,99
108264,Mouse,5211,106
108356,Mouse,3938,96
108384,Elephant,393556,1677
108439,Mouse,3185,64
108482,Mouse,4193,65
108515,Mouse,3790,67
108539,Mouse,3544,65
108604,Mouse,4993,67
108671,Mouse,3272,70
108761,Mouse,3016,70
108825,Mouse,3088,72
108869,Mouse,3922,77
108943,Mouse,3012,84
109063,Mouse,3431,77
109103,Mouse,3072,75
109154,Mouse,4307,79
109203,Elephant,474267,1836
109321,Mouse,5815,67
109334,Mouse,5192,65
109377,Mouse,3792,65
109381,Elephant,169541,783
109464,Mouse,5216,75
109496,Elephant,484287,1483
109515,Mouse,5084,65
109615,Mouse,5833,66
109682,Mouse,3682,64
109928,Mouse,5268,69
109956,Mouse,4194,64
110015,Mouse,4914,66
110063,Mouse,4753,70
110075,Mouse,4117,65
110160,Mouse,4250,72
110217,Mouse,4499,77
110285,Mouse,4730,65
110298,Mouse,3354,67
110322,Mouse,4131,68
110362,Mouse,4971,70
110370,Mouse,4028,73
110480,Mouse,3642,67
110521,Mouse,4163,71
110525,Mouse,5797,75
110552,Mouse,5109,79
110562,Mouse,4537,82
110641,Mouse,4459,78
110653,Mouse,4489,75
110660,Mouse,3145,75
110686,Mouse,5058,76
110708,Elephant,320994,921
110748,Mouse,5241,71
110804,Mouse,5399,72
110869,Mouse,4586,70
110943,Mouse,5037,65
110956,Mouse,3888,67
110971,Elephant,470359,1155
111068,Mouse,5179,65
111104,Mouse,4423,65
111159,Mouse,5141,65
111195,Mouse,4010,64
111201,Mouse,4426,65
111294,Mouse,3808,64
111306,Mouse,5338,65
111324,Mouse,5478,66
111339,Mouse,3617,64
111368,Mouse,3219,64
111405,Mouse,4027,66
111480,Mouse,4570,65
111620,Mouse,5730,68
111631,Mouse,3295,68
111635,Mouse,3262,64
111645,Mouse,4904,65
111653,Mouse,5383,67
111674,Mouse,3915,70
111766,Mouse,3297,64
111775,Mouse,4311,65
111932,Mouse,4617,70
111996,Mouse,4894,70
112001,Mouse,5689,67
112060,Mouse,4285,66
112128,Mouse,4606,67
112129,Mouse,3968,68
112252,Mouse,4909,65
112288,Elephant,408371,990
112355,Mouse,4992,65
112376,Mouse,3187,64
112388,Mouse,3764,64
112400,Mouse,4029,64
112425,Mouse,5348,65
112662,Mouse,3695,66
112671,Mouse,4945,72
112744,Mouse,3166,66
112764,Mouse,3450,67
112807,Mouse,4524,67
112820,Mouse,4319,69
112913,Mouse,4356,67
112939,Mouse,3871,69
112986,Mouse,5619,74
113008,Mouse,3513,70
113081,Mouse,3815,73
113121,Mouse,5270,80
113156,Mouse,3383,87
113202,Mouse,4136,85
113242,Mouse,5707,79
113272,Mouse,4847,69
113352,Mouse,3134,72
113383,Mouse,3077,74
113417,Mouse,3866,82
113433,Elephant,526849,1223
113439,Mouse,4133,75
113451,Mouse,5614,77
113505,Mouse,5124,76
113513,Mouse,3663,73
113554,Elephant,443669,1178
113559,Mouse,5227,67
113565,Mouse,3406,65
113732,Mouse,5037,65
113753,Mouse,4618,65
113777,Mouse,4699,65
113806,Mouse,4386,65
113817,Mouse,5426,65
113834,Mouse,5075,70
113842,Mouse,5001,65
113891,Mouse,5423,65
113985,Mouse,4909,66
113986,Mouse,3050,66
114067,Mouse,5561,66
114182,Mouse,3787,67
114206,Mouse,3131,64
114209,Mouse,3339,64
114264,Mouse,4852,69
114316,Mouse,5158,73
114329,Mouse,5380,65
114380,Mouse,5298,65
114392,Mouse,4737,68
114413,Mouse,5419,70
114436,Mouse,3028,66
114442,Mouse,4738,67
114448,Mouse,3535,67
114471,Elephant,243204,749
114505,Mouse,4804,66
114536,Mouse,3007,64
114556,Mouse,4915,65
114609,Mouse,5514,66
114639,Mouse,5123,65
114672,Mouse,4867,65
114738,Mouse,5703,66
114768,Mouse,5150,65
114858,Mouse,5509,66
114873,Mouse,5433,66
114906,Mouse,4854,65
114947,Mouse,3554,65
114959,Mouse,4067,64
114993,Mouse,3371,64
115037,Mouse,3806,66
115119,Mouse,4557,66
115121,Mouse,4164,66
115299,Mouse,3427,67
115329,Mouse,4586,65
115342,Mouse,5000,69
115355,Mouse,5002,65
115359,Mouse,4312,65
115418,Mouse,5635,66
115449,Mouse,5026,66
115466,Mouse,3397,65
115722,Mouse,5752,66
115840,Mouse,3026,67
115853,Mouse,4467,68
115894,Mouse,4429,71
115953,Mouse,4526,72
116061,Mouse,5662,78
116101,Mouse,3011,80
116176,Elephant,547873,1204
116387,Mouse,5796,66
116406,Mouse,4509,65
116415,Mouse,3023,67
116428,Mouse,5571,73
116434,Mouse,5620,73
116607,Mouse,3092,70
116650,Mouse,3569,69
116694,Mouse,5439,69
116718,Elephant,589804,1333
116754,Mouse,3825,66
116798,Mouse,3453,65
116971,Mouse,3985,64
117058,Mouse,5719,66
117093,Mouse,5788,76
117132,Mouse,5308,68
117152,Mouse,4159,66
117361,Mouse,3514,64
117425,Mouse,4108,66
117487,Mouse,4539,69
117500,Mouse,4579,69
117510,Mouse,5674,74
117579,Mouse,3168,64
117688,Elephant,544065,1248
117754,Mouse,3145,65
117756,Mouse,3706,66
117788,Mouse,3850,64
117898,Mouse,3348,64
117934,Mouse,3262,64
118012,Mouse,3147,64
118030,Mouse,4470,65
118046,Mouse,3656,64
118061,Mouse,5018,65
118161,Mouse,3516,64
118166,Mouse,5282,65
118205,Mouse,4520,67
118207,Mouse,3526,66
118227,Mouse,4782,65
118255,Mouse,4430,65
118295,Mouse,3840,65
118298,Mouse,5608,68
118388,Mouse,3108,65
118486,Mouse,4955,65
118546,Mouse,3503,64
118560,Mouse,4038,67
118584,Mouse,4703,65
118609,Mouse,3304,67
118674,Mouse,3070,64
118742,Mouse,4941,68
118775,Mouse,3253,66
118793,Mouse,4221,64
119170,Mouse,3276,66
119278,Mouse,5263,68
119324,Mouse,3189,67
119325,Mouse,3336,67
119337,Mouse,3506,65
119411,Mouse,3063,72
119435,Mouse,5478,68
119451,Mouse,4747,69
119576,Mouse,5717,70
119590,Elephant,559355,1268
119613,Mouse,5575,66
119691,Mouse,3777,64
119704,Mouse,4960,69
119745,Mouse,4672,67
119753,Mouse,3631,69
119917,Mouse,5796,69
119927,Mouse,4460,65
119932,Mouse,4678,65
119941,Mouse,3135,64
119944,Mouse,3571,64
119956,Mouse,3113,67
119967,Mouse,4225,66
119995,Elephant,61373,361
120026,Mouse,5323,65
120101,Mouse,5623,66
120123,Mouse,3497,67
120141,Mouse,5177,65
120145,Mouse,3372,64
120158,Mouse,4290,65
120170,Mouse,4772,70
120220,Mouse,4911,65
120263,Mouse,5333,66
120288,Mouse,3158,64
120297,Mouse,4230,68
120332,Elephant,78669,404
120441,Mouse,5579,66
120454,Mouse,3105,64
120466,Mouse,4935,65
120549,Mouse,4938,70
120551,Mouse,5339,72
120552,Mouse,4504,71
120558,Mouse,3954,64
120571,Mouse,4438,67
120764,Mouse,4110,64
120942,Mouse,5295,65
121032,Mouse,5588,70
121076,Mouse,5159,79
121121,Mouse,3468,78
121216,Elephant,62822,360
121248,Mouse,3807,80
121259,Mouse,4325,83
121295,Mouse,3781,85
121302,Elephant,311785,888
121320,Mouse,4995,78
121346,Mouse,4238,77
121385,Mouse,4238,64
121425,Mouse,4043,67
121510,Mouse,5076,71
121576,Elephant,155800,630
121693,Mouse,5290,70
121737,Mouse,5493,70
121790,Mouse,4552,72
121811,Mouse,4732,72
121865,Mouse,3712,74
121916,Elephant,479305,1132
121946,Mouse,4494,74
122000,Mouse,4169,64
122035,Mouse,3519,66
122042,Mouse,3279,64
122087,Mouse,4037,64
122095,Mouse,5672,66
122136,Mouse,3604,65
122198,Elephant,233132,742
122200,Mouse,4709,68
122210,Mouse,4739,72
122225,Mouse,3755,64
122285,Mouse,4342,65
122433,Elephant,146054,560
122436,Mouse,3153,64
122551,Mouse,5378,65
122554,Mouse,3964,64
122608,Mouse,4721,65
122676,Mouse,3670,64
122742,Mouse,4116,64
122820,Mouse,3039,64
122957,Mouse,5803,66
122962,Mouse,3971,64
123042,Mouse,3174,64
123058,Mouse,4792,65
123138,Mouse,4601,65
123149,Mouse,4365,65
123338,Mouse,3723,64
123381,Mouse,4234,65
123448,Mouse,5619,66
123482,Mouse,5011,65
123492,Mouse,4778,66
123513,Mouse,3320,64
123583,Mouse,5131,65
123594,Mouse,5800,66
123759,Mouse,3813,64
123892,Mouse,5776,66
123905,Mouse,5265,65
123922,Mouse,5719,66
123966,Mouse,3676,64
124167,Mouse,3813,64
124188,Mouse,4142,64
124311,Mouse,3183,64
124368,Mouse,4393,65
124641,Mouse,5630,66
124671,Mouse,5591,66
124704,Mouse,5556,66
124718,Mouse,5249,65
124742,Mouse,5674,66
124830,Mouse,3675,64
124931,Mouse,4470,65
124975,Mouse,3331,64
124999,Mouse,4474,65
125210,Mouse,3923,64
125218,Mouse,4173,64
125236,Mouse,5666,66
125491,Mouse,5354,69
125516,Mouse,5712,66
125573,Mouse,3036,66
125596,Mouse,4540,74
125615,Mouse,4325,76
125708,Mouse,3168,75
125709,Elephant,94852,461
125713,Mouse,4162,66
125768,Mouse,4089,67
125825,Elephant,133898,556
125849,Mouse,4092,72
125863,Mouse,4783,70
125945,Elephant,202730,690
125965,Mouse,5046,67
126169,Mouse,3497,64
126173,Mouse,4955,65
126207,Mouse,3037,66
126234,Mouse,5366,69
126369,Mouse,3041,67
126372,Mouse,4136,69
126441,Mouse,5434,70
126495,Mouse,4819,74
126602,Mouse,5236,74
126639,Mouse,3330,67
126691,Mouse,3427,67
126706,Elephant,567246,1218
126709,Mouse,3050,66
126778,Elephant,72143,379
126805,Mouse,4069,64
126812,Mouse,4793,65
126841,Mouse,3684,64
126869,Mouse,3506,64
126894,Mouse,5322,70
126924,Mouse,3576,69
127019,Mouse,3934,65
127256,Mouse,3593,64
127290,Mouse,5248,68
127336,Mouse,4104,65
127396,Mouse,4613,65
127433,Mouse,3442,64
127483,Mouse,3336,64
127494,Mouse,4250,68
127526,Mouse,3745,64
127539,Mouse,4738,69
127564,Mouse,3468,64
127646,Mouse,4352,65
127697,Mouse,3885,65
127700,Mouse,5682,68
127811,Mouse,5530,71
127848,Mouse,3957,70
127876,Elephant,406540,1096
127881,Mouse,5620,73
127896,Mouse,3472,69
127966,Mouse,5220,67
127980,Mouse,5665,70
127986,Mouse,4860,71
128019,Mouse,5542,70
128091,Mouse,5793,66
128255,Mouse,3143,69
128263,Mouse,5099,74
128349,Mouse,3441,67
128446,Elephant,274912,981
128461,Mouse,4993,70
128482,Mouse,5200,70
128518,Mouse,5254,75
128522,Elephant,348735,927
128551,Mouse,5625,67
128602,Mouse,3898,64
128617,Mouse,5548,69
128709,Mouse,4348,65
128730,Mouse,4736,65
128737,Mouse,3352,64
128746,Mouse,3122,66
128772,Mouse,5064,65
128786,Elephant,58648,325
128851,Mouse,5292,65
128863,Mouse,4864,65
128869,Mouse,4836,65
128884,Mouse,3502,64
128958,Mouse,4117,64
128972,Mouse,3951,64
128978,Mouse,4775,65
129021,Mouse,3192,65
129030,Mouse,4102,68
129077,Mouse,4281,70
129085,Mouse,3874,64
129262,Mouse,4961,65
129330,Elephant,135207,538
129358,Mouse,4457,65
129383,Mouse,4482,65
129420,Mouse,5288,65
129521,Mouse,3471,64
129560,Mouse,3858,64
129579,Mouse,3176,64
129588,Mouse,5824,66
129667,Mouse,4656,65
129680,Mouse,3105,64
129833,Mouse,4873,65
129926,Mouse,4598,69
130024,Mouse,5680,66
130115,Mouse,4821,65
130228,Mouse,5815,72
130255,Mouse,5822,78
130313,Mouse,5438,69
130419,Mouse,3484,77
130440,Mouse,3075,78
130558,Mouse,4159,94
130747,Mouse,4724,65
130778,Mouse,4107,67
130803,Mouse,5682,71
130843,Mouse,4782,72
130943,Mouse,3669,70
131013,Mouse,3685,74
131157,Mouse,3161,86
131193,Mouse,4245,88
131204,Mouse,3836,92
131241,Mouse,4232,102
131258,Mouse,3327,100
131273,Mouse,3004,101
131313,Elephant,518721,1583
131334,Elephant,470135,1439
131338,Mouse,4431,73
131471,Mouse,4561,66
131480,Mouse,3776,68
131672,Mouse,3374,69
131695,Mouse,4776,75
131812,Elephant,470369,1696
131817,Mouse,4035,76
131858,Mouse,3917,77
131867,Mouse,4060,76
131900,Mouse,4664,87
131914,Mouse,3210,89
132012,Mouse,4114,69
132314,Mouse,5735,92
132436,Mouse,4458,94
132468,Mouse,4697,96
132489,Elephant,294646,1069
132508,Mouse,5208,98
132529,Mouse,3273,95
132604,Mouse,4145,68
132648,Elephant,479494,1420
132698,Mouse,3297,64
132757,Mouse,4470,67
132871,Mouse,5770,73
132875,Mouse,4212,71
132932,Mouse,5823,68
133061,Mouse,3853,65
133065,Mouse,3599,68
133082,Mouse,5762,77
133108,Mouse,4649,73
133117,Mouse,5832,76
133196,Mouse,5410,75
133271,Mouse,4510,74
133324,Mouse,3456,74
133518,Mouse,3055,120
133539,Elephant,579921,1779
133636,Mouse,3997,76
133828,Mouse,3584,73
133900,Elephant,354322,1246
133942,Mouse,4675,83
133986,Elephant,62431,354
134051,Mouse,3093,69
134081,Mouse,5097,69
134183,Mouse,4774,70
134274,Mouse,4498,67
134296,Mouse,4313,78
134309,Mouse,4614,82
134371,Elephant,343813,1169
134375,Mouse,4213,78
134391,Mouse,4525,81
134417,Mouse,5288,69
134488,Mouse,5155,69
134595,Mouse,3789,68
134648,Mouse,4242,72
134670,Mouse,5592,81
134695,Mouse,3951,81
134721,Mouse,4541,85
134810,Mouse,3514,81
134841,Mouse,3491,83
134906,Mouse,5506,87
134917,Mouse,4373,91
134941,Mouse,3543,89
134968,Mouse,3532,84
134981,Mouse,4039,88
135000,Mouse,3665,82
135204,Mouse,5053,73
135244,Mouse,5685,76
135354,Mouse,3783,85
135383,Mouse,3599,89
135437,Mouse,5414,87
135450,Mouse,5304,94
135476,Mouse,5819,94
135503,Mouse,4732,95
135506,Mouse,3677,95
135555,Mouse,5558,91
135568,Mouse,3514,84
135580,Mouse,5563,83
135585,Elephant,410579,1373
135686,Mouse,4112,73
135719,Mouse,4008,67
135731,Mouse,4933,74
135760,Mouse,5714,70
135785,Mouse,3745,71
135814,Mouse,5800,77
135819,Elephant,415384,1483
135954,Mouse,5512,69
136044,Mouse,5545,72
136050,Mouse,5785,75
136124,Mouse,5221,73
136128,Elephant,140819,578
136152,Elephant,457894,1764
136211,Mouse,4488,65
136220,Mouse,4113,64
136309,Mouse,3227,64
136394,Mouse,3001,63
136496,Mouse,4517,66
136614,Mouse,3540,64
136679,Mouse,4217,66
136728,Mouse,4822,65
136739,Mouse,3039,64
136764,Mouse,3100,64
136837,Mouse,3742,65
136840,Mouse,3097,64
136861,Mouse,5187,65
136924,Mouse,4483,66
136942,Mouse,5821,66
137023,Mouse,3367,64
137030,Mouse,3291,64
137076,Mouse,3044,64
137089,Mouse,3017,65
137178,Mouse,5267,67
137183,Mouse,4070,64
137225,Mouse,3803,66
137274,Mouse,3366,65
137277,Mouse,3420,64
137444,Mouse,4463,71
137598,Mouse,4935,66
137639,Mouse,5229,67
137666,Mouse,5610,67
137809,Mouse,3704,64
137871,Mouse,4990,69
137926,Mouse,3675,74
137957,Mouse,3233,64
138033,Mouse,4599,70
138053,Mouse,4582,75
138123,Mouse,4215,71
138138,Mouse,5344,77
138209,Mouse,3996,79
138226,Mouse,3648,81
138293,Elephant,321517,928
138314,Mouse,4054,78
138358,Mouse,5718,72
138359,Mouse,5692,73
138373,Mouse,4223,74
138377,Elephant,367163,1223
138425,Mouse,4585,75
138436,Mouse,3201,66
138452,Mouse,5132,65
138491,Mouse,4109,67
138521,Mouse,4688,68
138524,Mouse,3915,64
138550,Mouse,4192,66
138708,Mouse,3603,67
138753,Mouse,5789,71
138821,Mouse,4986,69
138825,Elephant,143404,559
138850,Mouse,5717,66
138980,Mouse,3012,64
139016,Mouse,3197,67
139143,Mouse,5705,71
139160,Mouse,4357,67
139278,Mouse,3693,72
139285,Mouse,5791,78
139301,Mouse,4479,80
139379,Mouse,4674,70
139392,Mouse,3384,70
139432,Elephant,272424,882
139446,Mouse,3998,72
139458,Mouse,3812,75
139471,Mouse,4064,74
139522,Mouse,3081,67
139634,Elephant,375039,961
139683,Mouse,4173,66
139693,Mouse,3278,67
139714,Mouse,4437,65
139797,Mouse,4194,64
139800,Mouse,3536,66
139818,Mouse,4732,69
139889,Mouse,5104,65
139970,Mouse,5010,65
139992,Mouse,4371,67
140006,Mouse,4948,76
140007,Mouse,5408,76
140122,Mouse,5004,66
140140,Mouse,3750,65
140207,Mouse,3877,67
140292,Mouse,5514,75
140317,Mouse,4564,70
140344,Mouse,5301,81
140400,Mouse,5129,88
140456,Mouse,3519,95
140553,Mouse,5652,94
140568,Mouse,4519,85
140642,Elephant,410673,1202
140660,Mouse,5258,76
140667,Elephant,130548,671
140739,Mouse,3757,67
140823,Mouse,3446,67
140833,Mouse,5097,69
140845,Mouse,4503,65
140951,Mouse,3869,68
140978,Mouse,4750,65
141002,Mouse,5007,73
141063,Mouse,4955,68
141107,Mouse,4042,69
141118,Mouse,5402,72
141362,Mouse,5782,112
141400,Mouse,3567,115
141421,Mouse,3170,118
141595,Mouse,5082,138
141614,Mouse,4878,145
141618,Mouse,4147,147
141645,Mouse,4462,144
141665,Mouse,3605,142
141712,Mouse,5552,131
141746,Mouse,4964,114
141842,Mouse,3926,82
141860,Mouse,5475,78
141884,Elephant,552277,1990
141939,Mouse,4280,70
141956,Mouse,4661,71
142040,Mouse,5078,76
142071,Mouse,4022,71
142109,Mouse,3006,71
142161,Mouse,4283,70
142179,Mouse,3503,71
142218,Mouse,5793,80
142285,Mouse,3177,76
142347,Mouse,3525,73
142404,Mouse,4876,75
142435,Mouse,5833,76
142567,Mouse,5509,74
142677,Mouse,5593,74
142716,Mouse,5616,78
142721,Mouse,4633,79
142733,Mouse,3769,77
142779,Mouse,4854,78
142861,Mouse,4935,73
142900,Mouse,4789,74
142902,Mouse,4457,75
142989,Mouse,3586,73
142998,Mouse,3437,70
143071,Mouse,3382,80
143114,Mouse,3024,86
143126,Mouse,5571,91
143216,Elephant,567926,1377
143224,Mouse,3717,77
143240,Mouse,3839,80
143243,Mouse,3057,81
143291,Mouse,3417,65
143362,Mouse,5175,72
143372,Mouse,3400,67
143401,Mouse,4024,70
143432,Mouse,3535,66
143443,Mouse,5345,75
143533,Mouse,5823,67
143788,Mouse,3986,67
143827,Mouse,4083,66
143838,Mouse,3893,67
143875,Mouse,4644,70
143887,Mouse,4200,73
143934,Mouse,3541,68
144067,Elephant,447394,1093
144100,Mouse,5660,74
144217,Mouse,3504,65
144240,Mouse,5629,67
144268,Mouse,4871,69
144385,Mouse,4881,65
144469,Mouse,3047,64
144758,Mouse,3846,96
144762,Mouse,3720,98
144799,Mouse,5178,111
144899,Mouse,3173,116
145020,Mouse,4142,72
145140,Mouse,4939,67
145183,Mouse,4230,77
145208,Mouse,3798,77
145227,Mouse,4327,83
145236,Elephant,91526,665
145329,Mouse,4822,83
145442,Mouse,4885,108
145490,Mouse,4464,116
145496,Mouse,3821,116
145570,Mouse,4266,110
145578,Mouse,5043,114
145611,Mouse,4136,91
145619,Mouse,3346,89
145631,Mouse,5584,97
145679,Mouse,4294,82
145710,Mouse,3581,82
145763,Mouse,3209,69
145828,Mouse,4922,85
145842,Mouse,5423,90
145918,Mouse,5616,109
145955,Elephant,509166,1975
145994,Elephant,182215,1464
146010,Mouse,4215,109
146067,Mouse,3324,90
146068,Mouse,4261,90
146108,Mouse,3956,77
146119,Mouse,3507,77
146330,Mouse,5123,70
146344,Mouse,4768,72
146350,Mouse,3657,70
146597,Mouse,4475,79
146878,Mouse,5207,107
147025,Mouse,3057,69
147147,Mouse,3733,79
147195,Mouse,3824,86
147221,Mouse,4928,94
147278,Mouse,4796,96
147306,Mouse,5046,99
147317,Mouse,4672,99
147361,Mouse,5659,93
147390,Mouse,3592,95
147393,Mouse,3797,95
147472,Mouse,5780,78
147490,Mouse,5649,85
147575,Mouse,5584,78
147605,Mouse,3581,76
147616,Mouse,5669,85
147695,Mouse,3304,93
147718,Mouse,4938,102
147817,Mouse,3858,92
147827,Mouse,3508,86
147852,Mouse,4835,95
147879,Mouse,5558,93
147882,Elephant,514878,2735
148000,Mouse,5390,78
148027,Mouse,5149,79
148045,Mouse,5731,73
148067,Mouse,4128,78
148078,Elephant,235017,1832
148094,Mouse,3221,73
148109,Mouse,3067,75
148122,Mouse,4023,79
148225,Mouse,4737,68
148255,Mouse,3219,66
148452,Mouse,3406,67
148502,Mouse,3930,75
148592,Mouse,4214,73
148693,Mouse,4063,75
148731,Mouse,3489,81
148738,Mouse,3813,85
148835,Mouse,3161,85
148887,Mouse,5355,88
148916,Mouse,5493,93
148918,Elephant,437132,1901
148930,Mouse,4079,90
149004,Mouse,3141,86
149053,Mouse,4221,72
149151,Mouse,4537,69
149179,Mouse,4953,69
149184,Mouse,3586,67
149263,Mouse,4909,66
149291,Mouse,3897,70
149351,Mouse,5684,67
149370,Mouse,4064,66
149423,Mouse,5027,73
149425,Mouse,3405,69
149440,Mouse,5266,70
149524,Mouse,5134,70
149561,Mouse,4180,67
149573,Mouse,5798,67
149646,Mouse,5060,68
149655,Mouse,4718,67
149662,Mouse,3591,69
149663,Mouse,4096,70
149671,Mouse,5425,70
149690,Mouse,5194,69
149753,Mouse,3357,67
149958,Mouse,5024,67
150005,Mouse,3639,68
150006,Mouse,4268,68
150059,Mouse,5523,69
150063,Mouse,3500,67
150070,Mouse,3811,70
150071,Mouse,4717,72
150105,Mouse,4801,69
150172,Mouse,3312,64
150177,Mouse,5444,66
150217,Mouse,5005,66
150280,Mouse,5746,66
150392,Mouse,5164,69
150420,Mouse,5272,68
150428,Mouse,5381,67
150444,Mouse,3609,70
150531,Elephant,64501,337
150629,Mouse,3191,66
150646,Mouse,5485,69
150716,Mouse,3374,64
150725,Mouse,3065,69
150729,Mouse,3645,72
150734,Mouse,4871,76
150755,Mouse,5604,82
150758,Mouse,3631,81
150775,Mouse,3506,76
150816,Mouse,5282,84
150819,Mouse,3221,82
150830,Mouse,4053,72
150844,Mouse,4707,65
150903,Mouse,5328,65
150956,Mouse,3546,67
150998,Mouse,3440,69
151000,Mouse,5089,71
151046,Mouse,3880,72
151089,Mouse,4779,78
151091,Mouse,5767,82
151137,Mouse,3700,79
151160,Elephant,186493,754
151225,Mouse,3173,67
151252,Mouse,4997,67
151406,Elephant,518483,1287
151589,Mouse,5200,65
151770,Mouse,4360,67
151865,Mouse,3207,68
151869,Mouse,4670,70
151875,Mouse,4211,74
151893,Mouse,5026,76
151946,Mouse,3470,78
152029,Mouse,5459,69
152094,Mouse,5430,68
152111,Mouse,5531,74
152113,Mouse,4269,76
152122,Mouse,5101,81
152146,Mouse,4623,80
152302,Elephant,352474,1111
152351,Mouse,4524,65
152401,Mouse,3603,64
152410,Elephant,490590,1243
152443,Mouse,4670,65
152554,Mouse,4391,65
152577,Mouse,4556,65
152669,Mouse,3240,64
152753,Mouse,4305,65
152835,Mouse,3793,64
152840,Mouse,3185,64
152868,Mouse,3133,64
152879,Mouse,4683,65
152952,Mouse,3930,64
153029,Mouse,4071,64
153036,Mouse,4795,65
153198,Mouse,3972,64
153251,Mouse,3971,64
153299,Mouse,3613,64
153396,Mouse,5492,66
153432,Mouse,5046,65
153521,Mouse,4383,65
153555,Mouse,3659,64
153576,Mouse,5816,67
153741,Mouse,4230,64
153774,Mouse,5729,71
153816,Mouse,5699,70
153880,Mouse,4777,69
154048,Mouse,4696,75
154131,Mouse,5489,78
154179,Elephant,532435,1182
154224,Mouse,3287,68
154313,Mouse,3517,64
154321,Mouse,4933,65
154340,Mouse,4811,74
154360,Mouse,3846,76
154371,Mouse,4531,80
154434,Mouse,5291,74
154474,Mouse,3163,73
154540,Mouse,3071,65
154649,Elephant,422319,1095
154672,Mouse,4376,86
154760,Mouse,3663,69
154822,Mouse,4834,73
154867,Mouse,4904,75
154883,Mouse,4066,81
154906,Mouse,3948,88
154921,Mouse,4993,94
155033,Mouse,3013,80
155065,Mouse,3417,76
155105,Mouse,3800,74
155108,Mouse,3979,75
155118,Mouse,3010,72
155233,Mouse,4711,71
155257,Mouse,5038,75
155279,Mouse,5586,80
155407,Elephant,151946,906
155575,Mouse,4525,73
155632,Mouse,4505,88
155699,Mouse,3278,76
155787,Mouse,5049,83
155824,Mouse,4494,90
155836,Mouse,3653,89
155849,Mouse,5087,95
155905,Elephant,568044,1640
156011,Mouse,4007,71
156025,Elephant,337961,1489
156054,Mouse,5650,72
156061,Mouse,5186,77
156064,Mouse,3991,81
156082,Mouse,3263,79
156265,Mouse,4270,73
156278,Mouse,3302,75
156287,Elephant,520314,1537
156308,Mouse,3399,74
156467,Mouse,3753,67
156472,Mouse,3573,69
156528,Mouse,3061,81
156758,Mouse,4328,74
156845,Mouse,4981,104
156846,Mouse,5322,105
156847,Mouse,5444,107
156848,Mouse,5510,108
156865,Elephant,107511,675
156915,Mouse,5508,100
156938,Mouse,4612,91
156950,Mouse,3174,76
156953,Elephant,171086,913
156986,Mouse,5402,80
157048,Mouse,4493,66
157073,Mouse,4524,76
157108,Mouse,4173,72
157238,Elephant,321263,1289
157318,Mouse,4581,75
157344,Mouse,4985,81
157416,Mouse,3089,85
157421,Mouse,4773,85
157489,Mouse,5162,86
157634,Mouse,4949,88
157666,Mouse,5807,95
157701,Elephant,264504,1141
157712,Mouse,3021,86
157776,Mouse,5543,68
157792,Mouse,5143,75
157814,Mouse,4682,78
157849,Mouse,3386,78
157865,Mouse,3197,81
157869,Elephant,332975,1497
157909,Mouse,3515,79
158140,Mouse,3393,70
158149,Mouse,4133,68
158237,Mouse,4396,72
158239,Mouse,4140,77
158401,Mouse,5529,82
158433,Elephant,283788,1289
158468,Mouse,4741,87
158497,Mouse,5808,71
158516,Mouse,4403,79
158636,Mouse,5442,68
158652,Mouse,5647,75
158853,Mouse,4534,66
158929,Mouse,4227,70
158950,Mouse,4857,70
158989,Mouse,5242,77
159059,Elephant,461397,1107
159073,Mouse,3243,68
159106,Mouse,5144,65
159122,Mouse,3813,67
159186,Mouse,5530,68
159349,Mouse,3671,67
159357,Mouse,3228,69
159463,Mouse,3149,67
159493,Mouse,5041,69
159494,Mouse,3501,68
159740,Mouse,4077,68
159783,Mouse,3465,70
159800,Elephant,140725,555
159900,Elephant,338603,898
159932,Mouse,5097,65
159954,Mouse,4194,64
160018,Mouse,4786,65
160037,Mouse,5197,68
160039,Mouse,5371,69
160102,Mouse,3345,64
160246,Mouse,3971,64
160271,Mouse,3628,64
160292,Mouse,5689,66
160317,Mouse,4104,64
160352,Mouse,5259,65
160377,Mouse,4284,65
160432,Mouse,5256,65
160445,Mouse,5060,65
160465,Mouse,4841,65
160729,Mouse,4602,70
160736,Mouse,5225,65
160759,Mouse,5549,66
160780,Mouse,3930,65
160802,Mouse,4478,65
160908,Mouse,4886,65
160920,Mouse,3395,64
161022,Mouse,5008,66
161066,Mouse,5572,68
161117,Mouse,5612,72
161130,Mouse,3181,64
161237,Mouse,4380,65
161356,Mouse,5213,65
161419,Mouse,3924,64
161465,Elephant,138167,576
161505,Mouse,3653,64
161711,Mouse,5039,68
161735,Mouse,4262,65
161798,Mouse,3796,64
162027,Mouse,5835,66
162051,Mouse,3579,65
162134,Mouse,3628,64
162142,Mouse,5460,66
162172,Mouse,3960,64
162208,Mouse,3333,64
162293,Mouse,4151,64
162323,Mouse,5641,66
162396,Mouse,4337,65
162563,Mouse,4082,64
162644,Mouse,4891,65
162710,Mouse,3379,70
162731,Mouse,3132,69
162732,Mouse,3880,69
162776,Mouse,4661,72
162819,Mouse,4822,70
162874,Mouse,3110,65
162892,Mouse,4730,75
162914,Mouse,3377,80
162970,Mouse,4387,77
162999,Mouse,4264,74
163003,Mouse,3053,75
163005,Elephant,212154,712
163084,Mouse,4048,64
163090,Mouse,5463,66
163124,Mouse,4154,71
163149,Elephant,247764,776
163164,Mouse,4851,67
163173,Mouse,3479,64
163193,Mouse,3124,64
163237,Mouse,5371,69
163320,Mouse,4931,69
163385,Mouse,3309,64
163431,Mouse,4340,65
163476,Mouse,4249,65
163509,Mouse,4858,65
163530,Mouse,4563,69
163684,Mouse,5249,65
163692,Mouse,4607,65
163771,Mouse,4419,67
163798,Mouse,5580,70
163883,Mouse,4816,66
163970,Mouse,3861,73
163977,Mouse,3005,70
163978,Elephant,535399,1368
164058,Mouse,3922,64
164061,Mouse,3658,64
164086,Mouse,4918,69
164185,Mouse,3519,65
164189,Mouse,4334,67
164217,Mouse,5312,67
164227,Mouse,4817,71
164236,Mouse,5656,69
164340,Mouse,4141,65
164406,Mouse,3713,68
164570,Mouse,5682,73
164608,Mouse,5625,77
164718,Mouse,3244,75
164778,Elephant,394756,1032
164831,Elephant,355430,964
164860,Mouse,4352,67
164969,Mouse,4993,65
164972,Elephant,35949,246
165022,Mouse,3342,64
165225,Mouse,5229,69
165322,Mouse,5021,65
165358,Mouse,3189,65
165446,Mouse,4327,66
165454,Mouse,5820,70
165480,Mouse,5412,68
165492,Mouse,5335,73
165503,Mouse,5339,73
165542,Elephant,240499,735
165546,Mouse,4289,68
165575,Mouse,3550,64
165663,Mouse,3076,64
165666,Mouse,3170,64
165686,Mouse,3669,64
165702,Mouse,5483,66
165852,Mouse,3967,64
165900,Mouse,5319,65
165909,Mouse,4313,71
165910,Mouse,5210,71
165911,Mouse,3274,70
165915,Mouse,4854,68
165970,Mouse,4648,69
166008,Mouse,3449,67
166031,Mouse,4411,65
166115,Mouse,5186,65
166135,Mouse,4478,68
166183,Mouse,4709,70
166224,Elephant,132760,545
166234,Mouse,5418,69
166260,Mouse,4778,65
166268,Mouse,3353,66
166369,Mouse,4828,65
166442,Mouse,3341,66
166443,Mouse,4753,67
166554,Mouse,4081,64
166704,Mouse,3909,64
166715,Mouse,5199,65
166784,Mouse,4867,65
166799,Mouse,5471,66
166815,Mouse,3244,64
166856,Mouse,4914,65
166964,Mouse,5487,66
167005,Mouse,3177,64
167018,Mouse,5655,66
167087,Mouse,5111,65
167127,Mouse,3271,64
167206,Mouse,3703,64
167220,Mouse,5257,65
167239,Mouse,3582,64
167282,Mouse,4064,66
167305,Mouse,4956,65
167327,Mouse,4491,66
167370,Mouse,5807,66
167381,Mouse,4946,65
167424,Mouse,3345,65
167443,Mouse,4207,64
167513,Mouse,3799,65
167652,Mouse,3720,72
167657,Mouse,3496,65
167699,Mouse,3346,65
167840,Mouse,5050,72
167865,Mouse,3898,70
167944,Mouse,3592,72
167986,Mouse,3361,68
168024,Mouse,3554,77
168045,Mouse,5390,72
168062,Mouse,3975,77
168069,Mouse,3753,81
168173,Mouse,3941,79
168214,Mouse,4029,78
168227,Mouse,3671,80
168299,Mouse,3313,73
168336,Mouse,3326,77
168362,Mouse,3578,83
168592,Elephant,396288,1143
168605,Mouse,5135,101
168626,Elephant,435041,1285
168629,Mouse,3552,99
168634,Mouse,4988,84
168679,Mouse,4128,64
168695,Mouse,5201,71
168727,Elephant,124098,957
168846,Mouse,4024,64
168868,Mouse,4119,70
169061,Mouse,4190,77
169100,Mouse,5452,73
169124,Mouse,3310,79
169169,Mouse,5591,82
169172,Mouse,3523,83
169194,Mouse,5316,91
169227,Mouse,5217,93
169289,Mouse,4381,90
169342,Mouse,3308,89
169366,Mouse,3911,80
169433,Mouse,3336,72
169433,Mouse,3310,71
169441,Mouse,3891,71
169466,Elephant,304272,1318
169467,Mouse,3101,66
169497,Mouse,5323,73
169520,Mouse,3504,67
169643,Mouse,3304,69
169678,Mouse,5586,70
169724,Mouse,5373,74
169762,Mouse,4405,87
169773,Mouse,3804,89
169802,Mouse,5284,96
169833,Mouse,4321,98
169856,Mouse,4111,99
169908,Elephant,503968,1497
169915,Mouse,4540,71
169949,Elephant,47994,322
170038,Mouse,4547,69
170093,Mouse,5008,65
170131,Mouse,5036,71
170138,Elephant,351702,1388
170178,Mouse,5449,72
170223,Mouse,3883,65
170313,Mouse,4227,64
170352,Mouse,4119,64
170385,Mouse,3353,67
170394,Mouse,3342,69
170563,Elephant,386259,1133
170588,Mouse,3540,64
170614,Mouse,5160,65
170653,Mouse,3499,64
170681,Mouse,4068,64
170726,Mouse,5129,66
170816,Mouse,5390,65
170855,Mouse,4316,65
170924,Mouse,3543,65
171149,Mouse,3280,68
171428,Mouse,5605,73
171432,Mouse,3979,68
171467,Mouse,5778,83
171490,Mouse,3795,71
171521,Mouse,3009,80
171534,Mouse,4866,76
171583,Elephant,306148,858
171588,Mouse,3395,75
171625,Mouse,4630,67
171680,Elephant,149549,606
171699,Mouse,4402,65
171703,Mouse,3831,64
171773,Mouse,5629,70
171811,Mouse,5840,66
171865,Mouse,3752,67
171916,Elephant,39141,332
171970,Mouse,5778,67
172012,Mouse,5688,69
172068,Mouse,3985,67
172126,Mouse,4723,72
172142,Mouse,4630,70
172164,Mouse,3816,67
172191,Mouse,4376,65
172295,Mouse,3286,65
172306,Mouse,5020,70
172321,Mouse,3943,74
172387,Mouse,4967,76
172435,Mouse,4711,74
172537,Mouse,5650,76
172551,Mouse,5605,82
172586,Elephant,433875,1252
172620,Mouse,3337,79
172631,Mouse,4472,72
172689,Mouse,3686,64
172809,Mouse,4304,66
172844,Mouse,5335,67
172899,Elephant,460773,1139
172909,Mouse,5426,66
172929,Mouse,4929,66
172954,Mouse,4934,66
172974,Mouse,4064,65
172982,Mouse,4780,65
173052,Mouse,3615,64
173072,Mouse,4834,65
173078,Mouse,5607,66
173081,Mouse,3440,64
173358,Mouse,4109,64
173434,Mouse,4281,72
173445,Mouse,3772,68
173454,Mouse,4036,64
173634,Mouse,5469,67
173733,Mouse,3982,77
173785,Mouse,5438,94
173822,Mouse,5549,92
173841,Mouse,3877,102
173974,Elephant,261887,872
174018,Mouse,3715,84
174029,Mouse,4298,83
174116,Mouse,5333,67
174345,Mouse,3580,66
174371,Mouse,4271,66
174413,Mouse,4364,72
174470,Mouse,3889,71
174473,Mouse,5778,75
174500,Mouse,4572,70
174504,Mouse,3338,69
174508,Mouse,3076,71
174579,Mouse,3418,74
174611,Elephant,558298,1511
174711,Mouse,4940,72
174768,Mouse,3871,69
174810,Mouse,4018,68
174821,Mouse,3602,66
175050,Mouse,4004,73
175071,Mouse,5298,76
175139,Mouse,3515,88
175145,Mouse,3471,91
175148,Mouse,3938,93
175191,Mouse,3698,94
175199,Mouse,3484,99
175219,Mouse,5267,100
175272,Mouse,4966,94
175286,Elephant,231275,836
175334,Mouse,4894,81
175389,Mouse,5420,68
175411,Mouse,5305,69
175411,Mouse,4732,69
175445,Mouse,5155,67
175520,Mouse,3647,64
175525,Mouse,3139,65
175561,Mouse,4326,71
175578,Mouse,5304,70
175588,Mouse,5135,68
175672,Mouse,4281,65
175773,Elephant,252178,1010
175806,Mouse,4694,67
175809,Mouse,4658,68
175839,Mouse,5688,66
176020,Mouse,4090,66
176033,Mouse,4829,65
176157,Mouse,4374,65
176279,Mouse,3199,67
176288,Mouse,3720,68
176301,Mouse,4919,65
176316,Mouse,3799,68
176339,Mouse,3542,67
176378,Mouse,4676,72
176381,Mouse,5061,74
176483,Mouse,5198,70
176514,Mouse,5110,74
176663,Mouse,3993,83
176692,Mouse,4112,88
176709,Mouse,5238,96
176743,Mouse,5413,100
176791,Mouse,5283,121
176895,Mouse,5521,119
176943,Mouse,3112,117
176970,Mouse,4702,115
176996,Mouse,3452,103
177019,Mouse,3199,103
177020,Mouse,5690,107
177090,Mouse,5573,74
177110,Mouse,5703,69
177113,Mouse,3360,68
177204,Mouse,4265,67
177339,Elephant,578279,1562
177350,Mouse,5301,83
177416,Mouse,4323,83
177429,Mouse,3976,80
177532,Mouse,4006,73
177597,Mouse,5238,76
177605,Mouse,5446,78
177628,Mouse,5304,81
177649,Elephant,385676,1591
177654,Mouse,4113,83
177666,Mouse,3668,81
177701,Mouse,3280,76
177724,Mouse,4441,70
177732,Mouse,5638,73
177900,Mouse,5557,73
177917,Mouse,5080,73
177977,Mouse,3703,71
177993,Elephant,220371,1006
178144,Elephant,474348,1901
178150,Mouse,5288,69
178175,Mouse,5326,65
178182,Mouse,3445,65
178234,Mouse,4613,65
178273,Mouse,5406,65
178300,Mouse,4176,64
178377,Mouse,3947,64
178418,Mouse,3873,69
178477,Mouse,5360,67
178523,Mouse,4514,65
178545,Mouse,5754,70
178555,Mouse,4467,68
178810,Mouse,3539,69
178917,Mouse,4493,75
178928,Mouse,5693,80
178942,Mouse,3396,78
178958,Mouse,5165,79
178979,Mouse,4874,93
178979,Mouse,5300,93
178989,Mouse,5608,100
179014,Mouse,3118,103
179015,Mouse,3660,100
179046,Mouse,5762,110
179117,Mouse,5102,88
179219,Mouse,5834,73
179257,Mouse,5732,71
179312,Mouse,5723,76
179406,Mouse,3520,73
179414,Mouse,3492,76
179510,Mouse,4979,99
179564,Mouse,4120,102
179578,Elephant,382101,1275
179607,Mouse,5510,92
179624,Mouse,4566,87
179633,Mouse,3393,85
179691,Mouse,5673,72
179769,Mouse,5334,69
179783,Mouse,3718,68
179830,Mouse,5553,77
180031,Mouse,3052,95
180128,Mouse,5197,94
180154,Mouse,5091,89
180254,Mouse,3290,87
180267,Mouse,3595,84
180374,Mouse,5503,78
180385,Elephant,385671,1812
180435,Mouse,4406,66
180451,Mouse,5822,78
180545,Mouse,3713,70
180548,Elephant,555017,2027
180589,Mouse,5271,75
180682,Mouse,3038,75
180699,Mouse,5622,81
180712,Mouse,5119,86
180875,Mouse,4544,98
180886,Mouse,3507,93
180911,Mouse,3130,82
180947,Mouse,5324,95
180952,Elephant,288683,1815
181159,Mouse,5681,81
181182,Mouse,4716,87
181193,Mouse,3313,90
181318,Mouse,5405,94
181338,Mouse,5275,95
181367,Mouse,4542,91
181380,Mouse,4634,91
181422,Mouse,3785,95
181520,Mouse,3658,68
181533,Mouse,4974,67
181563,Mouse,5194,74
181593,Mouse,3990,71
181618,Elephant,404269,2082
181789,Mouse,4275,72
181861,Mouse,4733,77
182008,Elephant,314729,1663
182036,Mouse,5405,78
182087,Mouse,5025,79
182249,Mouse,3892,91
182343,Mouse,5193,77
182407,Mouse,3771,90
182417,Elephant,369101,1863
182469,Mouse,3840,80
182540,Mouse,3202,67
182573,Mouse,4411,71
182636,Mouse,4043,70
182649,Mouse,4773,77
182662,Elephant,105150,677
182676,Mouse,4698,71
182705,Mouse,3032,74
182790,Mouse,4385,73
182863,Elephant,477635,2016
182874,Mouse,4662,69
182896,Mouse,3433,69
182930,Elephant,213462,1163
183014,Mouse,5317,67
183042,Mouse,3915,64
183084,Mouse,3419,65
183183,Mouse,5481,66
183206,Mouse,4617,65
183212,Mouse,3942,64
183239,Mouse,4943,68
183376,Mouse,3156,67
183445,Mouse,5377,74
183446,Mouse,5525,75
183449,Mouse,3388,76
183463,Mouse,3359,79
183498,Mouse,4956,80
183535,Mouse,5574,73
183670,Mouse,5624,71
183692,Mouse,4063,69
183728,Mouse,5297,68
183731,Mouse,3570,67
183745,Elephant,206197,763
183794,Mouse,4668,67
183858,Mouse,5416,72
183862,Mouse,3118,64
183993,Mouse,4077,64
184032,Mouse,4068,66
184035,Mouse,3724,64
184048,Mouse,3598,68
184134,Mouse,3592,73
184190,Mouse,3836,77
184315,Mouse,4451,95
184356,Mouse,4389,103
184426,Mouse,4382,110
184430,Mouse,3269,109
184439,Mouse,3081,104
184440,Elephant,428929,1398
184455,Mouse,3875,101
184461,Mouse,4182,106
184471,Mouse,4690,114
184503,Mouse,4745,84
184508,Mouse,3771,86
184773,Mouse,4481,66
184904,Mouse,5460,67
184918,Mouse,4024,70
185018,Mouse,5271,88
185022,Elephant,370609,1370
185065,Mouse,4196,83
185157,Mouse,3486,73
185179,Mouse,3216,70
185205,Mouse,5248,79
185214,Mouse,5498,83
185235,Mouse,5787,86
185250,Elephant,163842,652
185301,Mouse,5658,85
185313,Mouse,4950,90
185340,Mouse,4483,78
185384,Mouse,4846,86
185395,Mouse,3962,77
185400,Mouse,5603,80
185411,Mouse,4465,80
185560,Mouse,4573,71
185681,Mouse,5271,70
185696,Mouse,5109,74
185850,Mouse,4408,77
185913,Mouse,4920,95
185974,Mouse,5763,107
186015,Mouse,3903,104
186069,Mouse,3462,86
186159,Mouse,5636,75
186160,Mouse,3845,75
186246,Elephant,392466,1345
186277,Mouse,4527,75
186278,Mouse,5592,76
186294,Mouse,3579,79
186360,Mouse,3166,68
186364,Mouse,5136,68
186371,Elephant,198204,1144
186531,Mouse,5051,74
186552,Mouse,5596,68
186574,Mouse,5088,80
186587,Mouse,3445,82
186654,Mouse,5015,75
186778,Mouse,5418,74
186841,Mouse,5342,84
186871,Mouse,4131,80
186884,Mouse,4321,87
186886,Mouse,5798,89
187134,Mouse,4708,85
187200,Mouse,5673,94
187257,Mouse,4339,86
187333,Mouse,5219,86
187384,Mouse,3631,94
187448,Mouse,5004,114
187550,Mouse,4677,117
187615,Mouse,3458,111
187628,Mouse,3963,109
187639,Mouse,3478,107
187648,Elephant,544556,2122
187650,Mouse,4430,109
187689,Mouse,4181,80
187767,Mouse,3246,66
187944,Mouse,3683,64
187987,Mouse,3333,76
187992,Mouse,4238,73
188073,Mouse,4455,72
188211,Mouse,4816,75
188268,Elephant,418724,1821
188269,Mouse,4210,81
188333,Mouse,4643,69
188342,Mouse,5332,72
188378,Mouse,3379,70
188530,Mouse,4966,70
188644,Mouse,5098,74
188665,Mouse,5623,78
188671,Mouse,3645,78
188707,Mouse,4472,80
188756,Mouse,5401,82
188895,Elephant,347721,987
188997,Mouse,4605,66
189013,Mouse,4122,68
189164,Mouse,5764,66
189174,Mouse,3175,64
189193,Mouse,5021,68
189392,Mouse,5836,68
189449,Mouse,5676,67
189478,Mouse,3392,65
189485,Mouse,5160,69
189512,Mouse,5671,67
189624,Mouse,3808,65
189686,Mouse,5460,68
189705,Mouse,3266,65
189710,Mouse,4450,66
189902,Mouse,5222,67
189923,Mouse,4936,65
189966,Mouse,5556,67
189995,Mouse,3993,66
190149,Mouse,4506,65
190258,Mouse,4637,69
190270,Mouse,5000,69
190351,Mouse,4938,70
190464,Mouse,3229,66
190520,Mouse,4241,69
190564,Mouse,3757,83
190611,Mouse,3372,94
190684,Mouse,5282,101
190718,Mouse,4806,108
190815,Mouse,5678,74
190836,Mouse,4475,77
190928,Mouse,3369,69
190938,Mouse,3138,72
190974,Mouse,3575,74
191028,Mouse,5634,81
191041,Mouse,4162,77
191094,Mouse,4207,82
191167,Mouse,3958,79
191203,Mouse,3577,71
191213,Mouse,4894,77
191240,Mouse,5149,85
191254,Mouse,4382,92
191377,Mouse,3944,71
191518,Mouse,3358,85
191614,Mouse,3287,92
191621,Elephant,547963,1701
191674,Mouse,5407,78
191690,Mouse,3041,74
191854,Mouse,5537,69
191932,Mouse,3019,77
192041,Mouse,3016,87
192050,Mouse,3871,90
192054,Mouse,4214,93
192158,Elephant,482647,1954
192160,Mouse,3999,106
192205,Mouse,5601,82
192271,Mouse,3915,70
192302,Mouse,3655,67
192374,Mouse,4425,75
192518,Mouse,5159,78
192546,Mouse,3301,81
192557,Mouse,3437,83
192562,Elephant,543234,2149
192565,Mouse,3577,80
192606,Mouse,4624,81
192629,Mouse,5259,73
192685,Mouse,4945,76
192715,Mouse,3147,65
192722,Mouse,4282,68
192743,Mouse,5139,68
192763,Mouse,4708,67
192797,Mouse,3043,70
192809,Mouse,5309,69
192868,Mouse,3302,66
192886,Mouse,3567,67
192913,Mouse,3265,67
192966,Elephant,361457,1030
193040,Mouse,3275,64
193071,Mouse,5486,67
193103,Mouse,5797,66
193145,Mouse,3415,65
193195,Mouse,3091,64
193282,Mouse,4870,65
193417,Mouse,3675,64
193430,Mouse,4350,65
193466,Mouse,4489,65
193470,Mouse,3199,66
193492,Mouse,3128,65
193660,Mouse,3903,66
193761,Mouse,4515,65
193824,Mouse,3289,69
193952,Elephant,136390,546
194004,Mouse,4172,73
194005,Mouse,5506,75
194010,Mouse,4499,73
194242,Mouse,3774,67
194349,Mouse,3900,68
194385,Mouse,4187,71
194394,Mouse,5379,77
194438,Mouse,3842,79
194493,Mouse,5350,80
194504,Mouse,5817,75
194629,Elephant,506961,1208
194694,Mouse,4183,66
194734,Mouse,5424,70
194768,Mouse,5665,70
194898,Mouse,5399,67
194940,Mouse,4969,70
195006,Mouse,5709,70
195067,Mouse,3651,72
195077,Elephant,563569,1412
195205,Mouse,4054,64
195242,Mouse,5767,71
195345,Mouse,3401,67
195369,Mouse,5747,70
195374,Mouse,3226,67
195403,Mouse,4803,69
195416,Mouse,3321,70
195422,Mouse,5348,73
195587,Mouse,3356,66
195814,Elephant,423645,1089
196062,Mouse,4353,69
196152,Mouse,3272,83
196249,Mouse,5227,93
196279,Elephant,349649,1258
196284,Mouse,5527,92
196297,Mouse,5432,80
196315,Mouse,5667,83
196342,Mouse,5803,82
196414,Elephant,104388,764
196442,Mouse,5083,69
196473,Mouse,3797,64
196603,Mouse,4710,65
196612,Mouse,4928,68
196629,Elephant,312662,1316
196675,Mouse,5198,71
196798,Mouse,4971,66
196851,Mouse,4621,66
196867,Elephant,378862,1239
196883,Mouse,4518,65
196947,Elephant,71469,367
196962,Mouse,4825,65
196997,Mouse,5505,66
197087,Mouse,5722,66
197106,Mouse,4274,65
197125,Mouse,3055,64
197137,Mouse,3271,64
197196,Mouse,3326,64
197381,Mouse,3618,64
197583,Mouse,3661,64
197620,Mouse,4318,68
197649,Mouse,3147,64
197755,Mouse,5603,67
197782,Elephant,95292,448
197895,Mouse,5492,69
197907,Mouse,3889,64
198031,Mouse,5189,66
198090,Mouse,3322,64
198147,Mouse,3359,67
198175,Mouse,5640,68
198190,Mouse,4162,68
198219,Mouse,5262,72
198229,Mouse,5269,65
198253,Mouse,4838,69
198320,Mouse,3010,67
198448,Mouse,5105,73
198473,Mouse,3261,67
198484,Mouse,4442,74
198498,Mouse,5102,81
198676,Elephant,488745,1110
198708,Mouse,3103,68
198724,Mouse,3142,64
198905,Mouse,5800,67
198964,Mouse,4529,76
199065,Mouse,4492,86
199110,Mouse,3888,98
199176,Mouse,3598,117
199214,Mouse,3542,118
199282,Mouse,4653,111
199365,Mouse,3745,92
199377,Elephant,93471,654
199416,Mouse,5658,70
199573,Mouse,5130,71
199618,Elephant,478329,1561
199646,Mouse,5656,73
199715,Mouse,4160,76
199827,Mouse,5148,74
200107,Mouse,4315,96
200206,Mouse,4937,98
200227,Mouse,4502,104
200249,Mouse,5675,97
200314,Mouse,4162,100
200369,Mouse,3847,73
200421,Mouse,3911,70
200456,Mouse,4207,74
200571,Elephant,469284,1944
200591,Mouse,4206,71
200682,Mouse,4152,66
200758,Mouse,4375,75
200774,Mouse,3411,67
200815,Mouse,3691,66
200922,Mouse,5720,71
201064,Mouse,4811,76
201115,Elephant,303026,1464
201168,Mouse,4513,71
201252,Mouse,5440,75
201275,Mouse,3437,68
201319,Mouse,4160,69
201326,Mouse,5162,71
201423,Mouse,5047,80
201474,Mouse,4444,86
201523,Mouse,4852,90
201531,Mouse,3260,91
201542,Mouse,5296,84
201573,Mouse,4592,94
201589,Mouse,3371,84
201659,Mouse,3550,64
201713,Mouse,3878,73
201724,Mouse,5748,77
201735,Mouse,4599,78
201791,Mouse,5279,84
201826,Elephant,324729,1069
201881,Mouse,5554,83
201941,Mouse,4714,73
202065,Mouse,5806,74
202066,Elephant,135772,893
202156,Mouse,3208,71
202190,Mouse,3003,69
202289,Mouse,5825,74
202526,Elephant,304813,1209
202540,Mouse,3948,79
202578,Mouse,5786,74
202600,Mouse,3699,68
202695,Mouse,4410,69
202737,Mouse,5106,80
202762,Mouse,3466,76
202800,Mouse,5757,88
202820,Mouse,3918,91
202824,Mouse,3957,91
202876,Mouse,4864,95
202906,Mouse,4954,89
202910,Mouse,4844,87
202914,Mouse,3205,78
203160,Mouse,4408,100
203208,Elephant,331563,1478
203245,Mouse,5773,80
203287,Mouse,5132,73
203296,Mouse,5377,68
203385,Mouse,3492,67
203428,Mouse,4715,82
203435,Elephant,145488,785
203471,Mouse,5410,83
203482,Mouse,5237,90
203611,Elephant,458664,1700
203671,Mouse,3063,69
203692,Mouse,5576,67
203720,Mouse,3822,72
203743,Mouse,3127,68
203757,Mouse,5805,74
203788,Mouse,5356,78
203822,Mouse,5700,74
203986,Mouse,5405,78
204108,Mouse,4269,81
204112,Mouse,3938,82
204146,Mouse,3840,80
204181,Mouse,3818,85
204214,Mouse,4324,95
204265,Mouse,4973,83
204273,Mouse,3893,86
204368,Elephant,478384,1442
204399,Mouse,5409,75
204531,Mouse,4184,72
204545,Mouse,4729,75
204560,Mouse,3210,69
204565,Mouse,5020,72
204606,Mouse,3390,73
204632,Mouse,5318,75
204673,Mouse,3306,81
204715,Mouse,3703,85
204744,Elephant,457971,1862
204903,Mouse,5214,68
204913,Elephant,514587,1708
204916,Mouse,3097,65
204999,Mouse,3317,64
205031,Mouse,4436,65
205038,Mouse,5489,66
205106,Mouse,3169,67
205147,Mouse,3977,67
205364,Mouse,3381,67
205423,Mouse,3352,64
205495,Mouse,3261,65
205521,Elephant,386502,992
205591,Mouse,3731,64
205991,Mouse,3341,64
206033,Mouse,4498,65
206044,Mouse,5327,65
206114,Mouse,3239,64
206196,Mouse,5219,65
206209,Mouse,3110,64
206304,Mouse,5632,66
206346,Mouse,4992,66
206371,Mouse,4703,71
206503,Mouse,5250,65
206509,Mouse,4464,65
206527,Mouse,5382,65
206642,Mouse,3820,64
206724,Mouse,4120,64
206728,Mouse,3930,64
206738,Mouse,3351,64
206754,Elephant,140973,543
206770,Mouse,5816,67
206836,Mouse,3217,65
206909,Mouse,5829,66
206923,Mouse,3066,64
206936,Mouse,4570,68
206941,Mouse,5815,69
207036,Mouse,4171,64
207094,Mouse,5165,70
207102,Mouse,4225,66
207191,Mouse,3445,64
207368,Mouse,4046,64
207393,Mouse,5506,69
207441,Mouse,5422,72
207449,Elephant,206876,682
207498,Mouse,5076,65
207530,Mouse,4014,64
207589,Mouse,3949,64
207603,Mouse,3336,66
207604,Mouse,4367,67
207649,Mouse,5726,69
207667,Mouse,4020,64
207690,Mouse,5170,68
207753,Mouse,3239,66
207754,Mouse,4197,67
207865,Mouse,3532,72
207870,Mouse,5746,69
207913,Mouse,3901,70
207958,Mouse,4497,67
207988,Mouse,3174,68
208044,Mouse,5578,73
208258,Elephant,203056,683
208264,Mouse,3852,67
208337,Mouse,3420,67
208397,Mouse,3964,64
208458,Mouse,4347,67
208482,Mouse,5000,69
208514,Mouse,5455,74
208549,Mouse,4439,71
208553,Mouse,3318,73
208564,Mouse,5249,78
208579,Mouse,3612,79
208601,Elephant,269465,813
208636,Mouse,4739,77
208666,Mouse,5187,65
208670,Mouse,4282,65
208690,Mouse,3538,72
208758,Mouse,3541,66
208759,Mouse,5243,68
208855,Mouse,4190,70
208886,Mouse,4038,82
208898,Mouse,4355,80
208898,Mouse,4612,89
208919,Mouse,3060,75
208955,Mouse,5020,83
208992,Mouse,4525,87
209006,Elephant,149903,617
209052,Mouse,4097,84
209129,Mouse,5499,68
209223,Mouse,3853,70
209229,Mouse,4180,75
209281,Mouse,3321,69
209355,Mouse,4266,71
209358,Mouse,5471,74
209416,Mouse,3541,72
209427,Mouse,4531,74
209449,Elephant,157392,748
209524,Mouse,5696,69
209694,Mouse,4290,67
209770,Mouse,4077,67
209803,Mouse,5397,71
209827,Elephant,466518,1352
209886,Mouse,4599,66
209918,Mouse,5798,66
209965,Mouse,4651,65
209980,Mouse,4295,68
210362,Mouse,4425,68
210374,Mouse,4189,64
210468,Mouse,4790,67
210471,Mouse,3961,67
210540,Mouse,5144,69
210578,Mouse,4717,66
210672,Mouse,4640,69
210778,Mouse,3008,64
210789,Mouse,5058,67
210795,Mouse,4301,66
210949,Mouse,3581,66
210951,Mouse,4693,68
211015,Mouse,3407,67
211042,Mouse,4354,69
211056,Mouse,5090,75
211074,Mouse,5788,74
211083,Mouse,4351,73
211169,Mouse,5746,82
211201,Mouse,5682,80
211239,Mouse,3877,86
211258,Mouse,3931,88
211338,Elephant,201025,776
211344,Mouse,3253,82
211360,Mouse,5286,92
211384,Mouse,5215,84
211441,Mouse,4048,66
211478,Mouse,3225,64
211493,Mouse,3167,64
211529,Mouse,3213,65
211591,Mouse,3078,65
211593,Mouse,3899,67
211714,Mouse,3796,73
211721,Mouse,5017,71
211859,Mouse,3454,74
211905,Elephant,320345,1145
211951,Mouse,4493,81
211959,Mouse,5277,70
211978,Mouse,4946,71
212373,Mouse,4872,83
212376,Mouse,4760,84
212409,Mouse,4377,94
212433,Mouse,4265,97
212484,Elephant,413612,1514
212491,Mouse,3091,81
212543,Mouse,5025,74
212559,Mouse,4921,78
212628,Elephant,517552,1595
212673,Mouse,3112,64
212678,Mouse,5526,66
212796,Mouse,5621,70
212801,Mouse,3829,68
212823,Mouse,3080,64
212857,Mouse,5748,66
212899,Mouse,5193,66
212943,Mouse,5458,67
212945,Mouse,4062,67
213005,Elephant,202137,907
213044,Mouse,3907,66
213198,Mouse,3753,64
213263,Mouse,3325,64
213312,Mouse,3071,64
213351,Mouse,3104,64
213395,Mouse,5208,66
213518,Mouse,4227,64
213574,Mouse,4570,65
213696,Mouse,4647,65
213812,Mouse,5541,70
213929,Mouse,5003,68
214027,Mouse,3659,66
214038,Mouse,5641,75
214069,Mouse,5776,91
214072,Mouse,3870,91
214083,Elephant,91498,440
214147,Mouse,4050,77
214292,Mouse,5548,72
214308,Mouse,4104,77
214386,Elephant,101038,501
214433,Mouse,4871,82
214435,Mouse,4183,83
214578,Mouse,5291,85
214589,Mouse,4144,88
214600,Mouse,3158,89
214640,Mouse,4300,94
214678,Mouse,3735,100
214748,Mouse,4322,80
214765,Mouse,3891,74
214786,Mouse,4370,69
214790,Mouse,3281,70
214808,Mouse,4977,74
214895,Elephant,242054,1134
214946,Mouse,5791,71
214957,Mouse,4806,74
215047,Mouse,5198,72
215088,Mouse,3986,78
215095,Mouse,3253,78
215146,Mouse,5425,89
215248,Mouse,3648,69
215261,Mouse,3414,75
215309,Elephant,346647,1479
215330,Mouse,5333,85
215499,Elephant,550663,1888
215543,Mouse,5287,76
215627,Mouse,3525,70
215643,Mouse,3944,71
215671,Mouse,5213,76
215672,Mouse,5542,77
215694,Mouse,4319,81
215700,Mouse,4816,84
215707,Mouse,4220,78
215740,Elephant,555594,1654
215845,Elephant,132192,591
215857,Mouse,5582,66
215893,Mouse,3550,64
215943,Mouse,4918,65
216030,Mouse,4070,67
216030,Mouse,3561,67
216052,Mouse,4742,65
216060,Mouse,4919,65
216134,Mouse,5077,65
216160,Mouse,5157,65
216626,Mouse,3759,67
216781,Mouse,3171,71
216821,Elephant,74791,373
216878,Elephant,272187,796
216895,Mouse,4663,66
216899,Mouse,4090,65
216906,Mouse,5576,66
216911,Mouse,3159,66
217036,Mouse,4669,65
217188,Mouse,3666,64
217220,Mouse,4785,69
217327,Mouse,4370,65
217455,Mouse,4731,68
217522,Mouse,4681,67
217543,Mouse,4431,65
217626,Mouse,3570,66
217743,Elephant,473055,1073
217815,Mouse,4889,65
217820,Mouse,4919,65
217842,Mouse,4792,65
217851,Mouse,5346,65
217867,Mouse,3793,64
217882,Mouse,4852,65
218105,Mouse,4299,65
218173,Mouse,4405,69
218263,Mouse,3740,64
218319,Mouse,5315,65
218341,Mouse,4085,67
218357,Mouse,5306,65
218405,Mouse,3420,64
218419,Mouse,3194,64
218673,Mouse,5434,66
218677,Mouse,4477,65
218691,Elephant,309065,848
218743,Mouse,5072,66
218767,Mouse,3609,64
218846,Mouse,5605,66
218854,Mouse,3016,64
218930,Mouse,3368,64
218937,Mouse,5205,65
218996,Mouse,3229,64
219052,Mouse,3374,68
219181,Mouse,4782,67
219523,Mouse,4018,90
219561,Mouse,5648,100
219627,Mouse,3645,116
219669,Mouse,5399,131
219699,Elephant,173996,739
219743,Mouse,4196,119
219807,Mouse,5598,87
219817,Mouse,4989,80
219935,Elephant,207527,950
219959,Mouse,3009,70
219993,Mouse,3874,74
220155,Mouse,5588,79
220189,Mouse,3093,79
220198,Mouse,4119,84
220339,Mouse,5714,71
220357,Elephant,586841,1765
220514,Mouse,4940,69
220533,Mouse,3896,67
220633,Mouse,3376,67
220723,Mouse,5586,74
220759,Mouse,5647,76
220834,Mouse,3767,76
220875,Mouse,5429,79
221006,Mouse,5096,84
221019,Elephant,474900,1639
221068,Mouse,4091,82
221150,Mouse,5594,70
221161,Mouse,5682,69
221173,Mouse,3982,68
221175,Mouse,3146,70
221228,Mouse,4346,77
221234,Mouse,5744,78
221401,Elephant,548399,1595
221412,Mouse,3766,64
221522,Mouse,5581,66
221751,Mouse,4640,69
221769,Mouse,3392,67
221787,Mouse,4301,69
221794,Mouse,3732,69
221809,Elephant,199899,685
221826,Mouse,4884,70
221867,Mouse,3972,64
221890,Mouse,4555,66
221892,Mouse,3379,65
221903,Mouse,5234,67
221907,Mouse,3511,66
221987,Mouse,5758,67
222087,Mouse,5691,71
222127,Mouse,5590,70
222132,Mouse,4072,72
222142,Mouse,4210,73
222162,Mouse,4816,71
222251,Mouse,4839,71
222335,Mouse,3563,72
222371,Mouse,5053,73
222431,Mouse,4661,84
222474,Elephant,273026,834
222535,Mouse,4065,66
222590,Mouse,4849,68
222626,Mouse,5734,71
222716,Elephant,94096,449
222776,Mouse,3101,69
222836,Mouse,3365,64
222992,Elephant,470707,1108
223010,Mouse,3266,65
223023,Mouse,3778,65
223042,Mouse,5019,70
223162,Mouse,3836,64
223262,Mouse,3487,66
223303,Mouse,4997,69
223378,Elephant,79647,406
223389,Mouse,3752,64
223537,Mouse,4597,65
223615,Mouse,5776,66
223761,Mouse,5424,65
223794,Mouse,4383,65
223847,Mouse,5170,65
223864,Mouse,4126,64
223896,Mouse,3495,64
224140,Mouse,5456,66
224258,Mouse,4370,65
224362,Mouse,3297,67
224374,Mouse,4833,72
224382,Mouse,5453,71
224420,Mouse,5622,74
224430,Mouse,5394,65
224453,Mouse,5345,68
224470,Mouse,3825,67
224477,Mouse,3487,64
224495,Mouse,5240,68
224496,Elephant,133432,542
224501,Mouse,5612,69
224507,Mouse,5562,66
224686,Mouse,3048,64
224782,Elephant,150100,579
224879,Mouse,4236,64
224919,Mouse,5266,65
225085,Mouse,4910,69
225193,Mouse,3408,74
225239,Mouse,4232,74
225288,Elephant,240360,821
225292,Mouse,5537,73
225304,Mouse,5073,74
225324,Mouse,5769,79
225331,Mouse,4719,82
225342,Mouse,5831,80
225358,Mouse,3714,74
225510,Mouse,5354,75
225549,Elephant,437054,1052
225583,Mouse,5637,73
225640,Mouse,4127,72
225703,Mouse,3179,64
225717,Elephant,179498,657
225722,Mouse,4197,65
225827,Mouse,3240,64
226006,Mouse,3605,64
226202,Mouse,4746,65
226261,Mouse,4454,65
226265,Mouse,3936,66
226272,Mouse,3008,70
226274,Mouse,5800,74
226276,Mouse,4818,73
226292,Mouse,3160,64
226396,Mouse,3749,64
226436,Mouse,3544,64
226463,Mouse,5266,65
226553,Mouse,4457,65
226645,Mouse,5522,66
226751,Mouse,4734,70
226807,Mouse,3339,64
226809,Mouse,3102,64
226838,Mouse,5768,69
226844,Mouse,3751,71
226853,Mouse,3733,72
226906,Mouse,5776,66
226946,Mouse,4629,65
226953,Mouse,3742,64
227041,Mouse,5518,66
227070,Mouse,4328,69
227121,Mouse,3636,71
227167,Mouse,3402,64
227205,Mouse,3405,67
227220,Mouse,3246,67
227264,Mouse,4926,77
227268,Mouse,4600,78
227365,Elephant,431622,1029
227473,Mouse,5320,71
227535,Mouse,3908,64
227677,Mouse,4099,64
227771,Mouse,4229,66
227869,Mouse,3327,67
227982,Elephant,297857,840
228010,Mouse,4889,66
228020,Mouse,3019,64
228116,Mouse,4131,64
228173,Mouse,3051,64
228227,Mouse,3143,64
228294,Mouse,4026,64
228324,Mouse,4179,67
228421,Mouse,5036,67
228461,Mouse,5725,71
228542,Mouse,3757,68
228602,Mouse,4275,70
228668,Mouse,3749,67
228708,Mouse,3000,66
228850,Mouse,3357,67
228865,Mouse,5246,69
228998,Mouse,3590,71
229091,Mouse,5205,80
229104,Mouse,5475,84
229112,Mouse,5058,89
229156,Elephant,483195,1117
229205,Mouse,5056,82
229210,Elephant,258001,859
229266,Mouse,5768,66
229366,Mouse,3635,66
229371,Mouse,4138,64
229482,Mouse,3707,64
229501,Mouse,5362,70
229578,Mouse,5591,69
229590,Mouse,3206,76
229613,Mouse,4568,73
229690,Mouse,4259,69
229827,Mouse,4969,78
229959,Mouse,5744,91
229982,Mouse,3979,93
230042,Mouse,4092,90
230132,Mouse,4000,67
230461,Mouse,5744,85
230513,Elephant,231129,1086
230541,Mouse,4571,88
230552,Mouse,5022,94
230553,Elephant,497737,1421
230638,Mouse,4676,65
230685,Mouse,5072,66
230704,Mouse,4670,69
230724,Mouse,4423,72
230727,Mouse,5377,74
230746,Mouse,4081,71
230804,Elephant,508259,1594
230825,Mouse,3151,65
230861,Mouse,4257,65
231304,Elephant,288165,1145
231316,Mouse,3903,65
231344,Mouse,3959,64
231467,Mouse,4098,64
231510,Mouse,3124,64
231538,Mouse,3774,64
231615,Mouse,4950,70
231635,Mouse,4644,69
231646,Mouse,4275,68
231647,Mouse,5265,69
231651,Mouse,4978,69
231664,Mouse,3246,66
231758,Mouse,3043,67
231812,Mouse,3112,64
231820,Mouse,3683,64
231994,Mouse,3474,64
232093,Mouse,3377,67
232161,Mouse,4005,71
232247,Mouse,3502,72
232258,Mouse,4663,77
232283,Mouse,4819,72
232377,Mouse,5165,70
232413,Mouse,3060,76
232688,Mouse,3923,98
232724,Mouse,4068,104
232737,Mouse,3691,106
232830,Elephant,575302,1326
232941,Mouse,4065,72
232983,Mouse,3256,71
233017,Elephant,584784,1495
233029,Mouse,3809,70
233057,Mouse,3941,65
233273,Mouse,4519,65
233330,Mouse,5529,70
233585,Mouse,4302,72
233619,Mouse,5070,77
233676,Mouse,3917,84
233699,Mouse,3360,81
233765,Mouse,5656,85
233798,Mouse,4867,86
233808,Mouse,4078,89
233810,Mouse,4329,92
234035,Elephant,479887,1209
234062,Mouse,3462,70
234074,Mouse,3681,76
234096,Mouse,5728,73
234157,Elephant,562131,1375
234158,Mouse,4660,82
234270,Mouse,5578,66
234309,Mouse,3220,65
234319,Elephant,47801,290
234403,Mouse,4410,65
234545,Mouse,3931,64
234552,Mouse,4855,65
234604,Mouse,3464,67
234693,Mouse,4411,67
234715,Mouse,4048,64
234753,Mouse,3194,68
234771,Mouse,5235,65
234833,Mouse,5744,70
234844,Elephant,322617,869
235057,Mouse,3619,64
235128,Mouse,5400,68
235130,Mouse,4266,67
235156,Mouse,5182,65
235175,Mouse,5134,72
235266,Mouse,4556,70
235271,Mouse,4722,73
235323,Mouse,5152,75
235356,Mouse,5491,68
235370,Mouse,5820,72
235405,Elephant,105022,465
235455,Mouse,3924,66
235459,Mouse,5531,68
235477,Mouse,4950,68
235529,Mouse,5767,71
235574,Mouse,4781,65
235585,Mouse,4071,64
235589,Mouse,4021,64
235652,Mouse,5705,70
235676,Mouse,3563,64
235744,Mouse,5185,69
235759,Mouse,3368,64
235814,Mouse,5445,66
235934,Mouse,4084,64
235978,Mouse,3361,64
236022,Mouse,3604,65
236083,Elephant,198671,673
236089,Mouse,3273,65
236216,Mouse,4827,66
236267,Mouse,4081,66
236289,Mouse,3645,64
236320,Mouse,5243,68
236363,Mouse,3974,66
236375,Mouse,4499,69
236390,Mouse,4535,69
236495,Mouse,5305,74
236498,Mouse,3343,75
236589,Elephant,93385,429
236643,Elephant,76662,381
236744,Mouse,3547,67
236870,Mouse,4384,69
236944,Mouse,4601,71
236946,Mouse,5412,71
237039,Elephant,495221,1108
237045,Mouse,4453,65
237075,Mouse,4980,65
237110,Mouse,3228,64
237133,Mouse,3909,64
237215,Mouse,3910,64
237327,Mouse,3631,66
237353,Mouse,3174,64
237409,Elephant,59986,324
237473,Mouse,5115,67
237475,Mouse,3584,65
237481,Mouse,5576,66
237538,Mouse,3525,66
237539,Mouse,3798,67
237544,Mouse,5285,68
237608,Mouse,5253,65
237630,Mouse,3578,64
237677,Mouse,3797,64
237696,Mouse,4851,65
237741,Mouse,4848,65
237756,Mouse,3537,64
237955,Mouse,4974,69
237964,Mouse,4126,64
238018,Mouse,3515,64
238219,Mouse,4778,73
238316,Mouse,5557,71
238368,Mouse,4448,74
238391,Mouse,5334,82
238445,Mouse,5573,85
238476,Mouse,3042,89
238503,Mouse,3502,94
238525,Mouse,5657,99
238571,Mouse,5470,110
238579,Mouse,3942,103
238602,Elephant,294477,938
238633,Elephant,255411,885
238661,Mouse,4455,71
238688,Mouse,5770,68
238689,Mouse,4098,68
238742,Mouse,4893,66
238790,Mouse,5839,70
238867,Elephant,113493,699
238872,Mouse,4444,65
238916,Mouse,3382,65
238924,Mouse,4740,68
238946,Mouse,3455,64
238951,Mouse,3011,64
238975,Mouse,5780,67
239003,Mouse,3397,64
239034,Mouse,3553,64
239085,Mouse,3160,64
239106,Mouse,4662,66
239116,Mouse,3453,65
239164,Mouse,3449,71
239165,Mouse,4671,71
239203,Mouse,5372,70
239301,Mouse,3091,64
239357,Mouse,4123,66
239376,Mouse,5142,68
239425,Mouse,4618,67
239456,Mouse,3155,67
239529,Mouse,5227,70
239674,Elephant,175965,627
239741,Mouse,5142,69
239827,Mouse,4956,68
239840,Mouse,4188,70
239841,Mouse,4267,71
239964,Mouse,5559,69
239979,Mouse,5072,70
240074,Mouse,4211,67
240153,Mouse,3187,76
240351,Mouse,5700,84
240392,Mouse,3156,91
240516,Mouse,5648,83
240558,Mouse,5395,82
240572,Mouse,4668,88
240612,Mouse,5584,91
240704,Elephant,524485,1331
240769,Mouse,4748,73
240776,Mouse,3245,67
240799,Elephant,432716,1221
240840,Mouse,4386,74
240862,Mouse,4527,65
240889,Mouse,5355,75
241033,Mouse,4400,65
241117,Mouse,4461,65
241138,Mouse,4221,74
241167,Mouse,4697,66
241181,Mouse,3044,66
241202,Mouse,4296,77
241353,Mouse,3625,79
241382,Elephant,206830,715
241438,Mouse,4551,76
241517,Mouse,4752,79
241586,Mouse,3565,77
241589,Mouse,3338,79
241603,Mouse,5610,88
241682,Mouse,5527,102
241725,Mouse,4399,83
241803,Mouse,3318,72
241883,Mouse,4538,77
241890,Mouse,5452,82
241895,Mouse,5018,85
241994,Elephant,430600,1232
241998,Mouse,3038,93
242068,Mouse,4117,65
242215,Mouse,4341,73
242219,Mouse,5542,73
242230,Mouse,4711,80
242247,Mouse,5001,65
242329,Mouse,4495,65
242416,Mouse,3927,64
242496,Elephant,265881,1297
242590,Mouse,4938,65
242641,Mouse,3916,67
242667,Mouse,5807,70
242748,Mouse,5638,69
242832,Mouse,5752,70
242841,Mouse,4197,66
242855,Elephant,426865,1521
242880,Mouse,4259,67
242954,Mouse,4556,65
243051,Mouse,3677,64
243169,Mouse,4158,67
243171,Mouse,4467,67
243371,Mouse,3015,64
243394,Elephant,75895,372
243530,Mouse,5670,68
243547,Mouse,4422,65
243593,Mouse,5239,66
243648,Mouse,5243,65
243682,Mouse,4526,65
243723,Mouse,5096,75
243734,Mouse,5780,68
243777,Mouse,4526,77
243861,Mouse,3513,69
243989,Mouse,3441,69
244011,Mouse,3220,70
244041,Mouse,4459,71
244097,Mouse,3579,73
244098,Mouse,4189,75
244114,Mouse,3476,83
244209,Mouse,3756,83
244225,Mouse,4937,90
244278,Mouse,5377,83
244340,Mouse,5569,75
244385,Mouse,4656,74
244424,Mouse,3795,72
244439,Mouse,5382,73
244481,Mouse,4684,70
244548,Elephant,484944,1254
244572,Mouse,3101,69
244582,Mouse,4842,68
244635,Mouse,3211,69
244677,Mouse,4863,67
244736,Mouse,3568,65
244748,Mouse,5204,68
244762,Mouse,4038,66
244822,Mouse,5617,69
244828,Mouse,3030,70
244878,Elephant,582812,1454
244950,Mouse,4989,65
245001,Mouse,4812,65
245063,Mouse,3306,64
245183,Mouse,5491,66
245206,Mouse,3810,64
245357,Mouse,3781,64
245432,Mouse,3092,64
245469,Mouse,3371,64
245525,Mouse,3213,64
245604,Mouse,4888,65
245624,Mouse,5831,71
245629,Mouse,3560,74
245785,Mouse,5809,67
245837,Mouse,3879,69
245855,Mouse,4862,75
245885,Mouse,3295,74
245940,Mouse,3455,79
245942,Mouse,3211,83
245943,Mouse,3354,80
246041,Mouse,5596,87
246046,Mouse,4520,90
246085,Mouse,3838,87
246114,Mouse,5818,96
246144,Mouse,5682,104
246157,Mouse,5663,111
246168,Mouse,4247,98
246195,Mouse,5596,105
246224,Mouse,5245,101
246245,Elephant,213052,817
246293,Mouse,3177,67
246405,Mouse,5409,65
246464,Mouse,3470,69
246627,Mouse,4160,68
246667,Elephant,320818,1200
246721,Mouse,4074,67
246783,Mouse,4604,73
246904,Mouse,3934,67
246912,Elephant,465907,1528
246939,Mouse,3968,65
246954,Mouse,4539,68
246960,Mouse,5016,70
247014,Mouse,4360,65
247080,Mouse,5542,67
247112,Mouse,5703,66
247129,Mouse,4791,66
247241,Mouse,5696,66
247250,Mouse,5077,66
247267,Mouse,5552,68
247308,Mouse,4027,68
247312,Mouse,4689,66
247435,Mouse,5081,67
247453,Mouse,3103,64
247541,Mouse,4110,64
247570,Mouse,4061,64
247694,Mouse,4672,66
247880,Mouse,5127,65
248226,Mouse,5552,67
248242,Mouse,4782,68
248287,Elephant,182077,636
248340,Mouse,5782,68
248385,Mouse,4263,68
248388,Mouse,5003,69
248401,Mouse,4894,65
248423,Mouse,3831,65
248491,Mouse,5818,66
248566,Mouse,4533,66
248630,Mouse,4807,65
248662,Mouse,3275,65
248664,Mouse,3357,65
248697,Mouse,3847,64
248738,Mouse,5622,67
248815,Mouse,3283,64
248876,Mouse,4897,65
249015,Mouse,3724,64
249052,Mouse,3786,65
249072,Mouse,4994,65
249249,Mouse,4471,66
249296,Mouse,3986,64
249367,Mouse,3805,64
249428,Mouse,3570,64
249441,Mouse,3269,64
249493,Mouse,3886,64
249523,Mouse,5605,66
249635,Mouse,5444,66
249762,Mouse,4914,69
249820,Mouse,4745,69
249834,Mouse,3913,64
249853,Mouse,3312,68
249859,Mouse,3943,69
249887,Mouse,3054,66
249905,Mouse,5437,72
249983,Mouse,3115,65
250016,Mouse,5463,68
250089,Mouse,5298,71
250146,Mouse,4846,68
250148,Elephant,133636,541
250153,Mouse,5267,66
250166,Elephant,112440,501
250224,Mouse,5579,66
250475,Mouse,3053,67
250553,Mouse,5464,70
250569,Mouse,4328,73
250588,Mouse,4797,81
250589,Mouse,4927,82
250653,Mouse,4389,70
250684,Mouse,3688,70
250697,Mouse,5573,74
250783,Mouse,3836,64
250793,Mouse,4947,66
250833,Mouse,3455,74
250865,Mouse,5026,82
250952,Mouse,4309,84
251109,Elephant,362612,1058
251171,Mouse,3733,68
251242,Mouse,5332,68
251254,Mouse,4130,67
251270,Elephant,140863,895
251274,Mouse,4525,67
251281,Mouse,5362,71
251360,Mouse,3633,64
251428,Mouse,4518,69
251438,Mouse,3402,72
251570,Mouse,5690,71
251697,Mouse,4234,69
251745,Mouse,5800,75
251751,Mouse,4622,79
251764,Mouse,3388,82
251868,Mouse,3380,77
251890,Mouse,5308,79
251903,Mouse,3769,79
251910,Mouse,3060,87
251934,Mouse,5244,90
251995,Mouse,5511,87
252043,Elephant,308386,1309
252129,Mouse,4663,75
252183,Elephant,31079,206
252242,Mouse,3739,68
252256,Mouse,4981,74
252278,Mouse,3365,68
252318,Elephant,555712,1956
252330,Mouse,4558,67
252362,Mouse,3904,65
252481,Mouse,5732,67
252497,Mouse,4363,68
252498,Mouse,4927,69
252521,Mouse,4542,67
252549,Mouse,4610,65
252695,Mouse,4148,66
252738,Mouse,5822,70
252740,Mouse,5749,71
252792,Mouse,3689,71
252811,Mouse,5206,83
252815,Mouse,3528,64
252981,Mouse,4840,70
253001,Mouse,4132,68
253089,Mouse,4732,66
253210,Mouse,4454,75
253215,Mouse,3161,67
253221,Mouse,5013,65
253265,Mouse,3566,67
253267,Mouse,5687,70
253354,Mouse,5688,66
253440,Mouse,4405,65
253481,Mouse,3021,70
253568,Mouse,3776,68
253572,Mouse,4324,66
253577,Mouse,3946,68
253581,Elephant,328055,902
253664,Mouse,5470,66
253697,Mouse,4241,64
253767,Mouse,4769,69
253787,Mouse,5808,76
253800,Elephant,49363,286
253806,Mouse,3900,67
253906,Mouse,4195,67
253930,Mouse,4765,65
253976,Mouse,3005,63
254033,Mouse,5476,69
254106,Mouse,4851,65
254111,Mouse,5453,66
254139,Mouse,5146,71
254158,Mouse,3796,81
254161,Mouse,4023,84
254213,Mouse,5083,77
254366,Mouse,4637,75
254371,Mouse,4940,78
254395,Mouse,5036,86
254486,Mouse,4073,92
254492,Mouse,3261,96
254502,Elephant,195125,749
254557,Mouse,3685,75
254586,Mouse,3419,70
254637,Mouse,3633,69
254694,Mouse,4197,69
254823,Mouse,5702,71
254849,Mouse,3802,74
254859,Mouse,4760,82
254866,Mouse,4668,84
254886,Mouse,4376,81
254919,Mouse,4546,88
254986,Elephant,107945,547
254990,Mouse,4126,67
255027,Mouse,5414,67
255041,Mouse,5588,71
255056,Mouse,4462,71
255176,Mouse,4707,77
255184,Mouse,3572,72
255257,Elephant,592789,1600
255332,Mouse,4011,64
255470,Mouse,5138,69
255487,Mouse,5214,74
255610,Mouse,3528,65
255643,Mouse,5159,77
255730,Mouse,3012,71
255749,Mouse,4010,72
255819,Mouse,4054,80
255821,Elephant,200040,722
255901,Elephant,322309,906
255917,Mouse,5305,66
255939,Mouse,4611,69
255994,Mouse,5425,65
256125,Mouse,3359,64
256184,Mouse,3815,67
256236,Mouse,3177,72
256241,Mouse,4476,75
256249,Mouse,4870,75
256330,Mouse,3117,67
256341,Mouse,4449,66
256386,Mouse,3601,68
256422,Mouse,5409,70
256431,Mouse,3390,71
256458,Mouse,5478,80
256541,Mouse,4897,82
256548,Mouse,4114,82
256639,Mouse,5230,65
256669,Mouse,5207,74
256703,Elephant,324492,942
256734,Mouse,3279,74
256833,Mouse,4880,78
256853,Mouse,4137,69
256981,Mouse,4298,86
256994,Mouse,3853,83
257043,Mouse,3779,94
257146,Mouse,3886,72
257204,Mouse,3601,78
257242,Mouse,5599,88
257331,Mouse,3847,84
257387,Mouse,3480,78
257388,Elephant,242260,1105
257464,Mouse,5449,69
257566,Mouse,4630,71
257621,Mouse,3605,70
257722,Mouse,5379,82
257765,Mouse,4968,88
257874,Elephant,184693,1035
257959,Mouse,3886,75
258001,Mouse,4341,69
258012,Mouse,5814,77
258088,Mouse,3713,82
258120,Mouse,3698,77
258129,Elephant,480167,1997
258139,Mouse,5567,70
258226,Mouse,5102,77
258261,Elephant,147595,843
258422,Mouse,5061,69
258464,Elephant,500822,2146
258477,Mouse,5253,72
258509,Mouse,5241,78
258600,Mouse,5672,70
258627,Elephant,432014,1795
258638,Mouse,4328,70
258748,Mouse,4615,66
258752,Mouse,5688,67
258764,Mouse,4220,68
258800,Mouse,3514,65
258873,Mouse,3875,64
258896,Mouse,5230,70
258936,Mouse,4244,66
258971,Elephant,299168,859
258979,Mouse,3675,64
259038,Mouse,5070,65
259114,Mouse,3864,64
259153,Mouse,5659,66
259214,Mouse,3333,64
259572,Mouse,4942,65
259619,Mouse,3896,65
259621,Mouse,4633,67
259651,Mouse,4021,70
259675,Mouse,4167,64
259747,Mouse,3262,64
259780,Mouse,3104,70
259811,Elephant,43320,276
259882,Mouse,4817,65
260085,Elephant,154498,587
260141,Mouse,3527,64
260150,Mouse,3144,66
260160,Elephant,124130,504
260204,Mouse,3162,67
260282,Mouse,5163,65
260336,Mouse,4924,65
260369,Mouse,4139,64
260403,Mouse,3330,64
260410,Mouse,5577,66
260454,Mouse,5097,66
260538,Mouse,4278,65
260609,Elephant,103086,454
260669,Mouse,4547,65
260694,Mouse,3270,64
260703,Mouse,3945,64
260844,Mouse,5535,66
260860,Mouse,5049,65
260966,Mouse,4031,64
260992,Mouse,3594,64
261038,Mouse,4066,64
261069,Mouse,3353,67
261073,Mouse,4322,65
261087,Mouse,4183,68
261095,Mouse,3637,71
261159,Mouse,5135,68
261233,Mouse,4565,66
261368,Mouse,4415,68
261459,Mouse,3627,70
261530,Mouse,3779,79
261569,Elephant,248647,784
261619,Mouse,5776,75
261624,Mouse,4209,64
261654,Mouse,4903,70
261670,Mouse,5672,74
261739,Mouse,3875,67
261813,Mouse,4893,65
261855,Mouse,4365,69
261894,Mouse,5249,75
261953,Mouse,4924,76
262006,Mouse,3135,73
262167,Mouse,4566,87
262178,Mouse,3052,89
262212,Elephant,480998,1320
262228,Mouse,4054,79
262260,Mouse,3208,81
262263,Mouse,4547,78
262386,Mouse,3211,64
262544,Mouse,4267,66
262594,Elephant,501240,1454
262710,Mouse,5555,70
262753,Elephant,110819,495
262785,Mouse,5787,68
262840,Mouse,3371,69
262860,Mouse,5499,66
262868,Mouse,5201,65
262880,Mouse,3145,67
262891,Mouse,3727,69
262904,Mouse,4271,65
262991,Mouse,4139,64
263007,Mouse,4883,69
263033,Mouse,5703,69
263040,Mouse,3808,64
263244,Mouse,4622,70
263267,Mouse,5111,74
263397,Mouse,5271,84
263477,Mouse,3549,98
263568,Elephant,540519,1621
263577,Mouse,4807,96
263585,Mouse,3441,94
263597,Mouse,3749,99
263661,Mouse,4775,67
263726,Elephant,130090,723
263817,Elephant,225586,948
263830,Mouse,3245,66
263889,Mouse,3513,64
263950,Mouse,4998,66
263973,Mouse,3140,64
264029,Mouse,4078,67
264030,Mouse,3280,67
264099,Mouse,4334,65
264130,Mouse,5406,69
264288,Mouse,3404,64
264300,Mouse,4852,66
264448,Mouse,3674,68
264573,Mouse,4787,69
264581,Mouse,5071,71
264643,Mouse,5168,65
264714,Mouse,5669,70
264732,Mouse,5621,66
264755,Mouse,4053,67
264891,Mouse,4822,65
264936,Mouse,4659,66
264979,Mouse,3253,71
265015,Elephant,293216,816
265037,Mouse,5405,65
265083,Mouse,4335,65
265542,Mouse,3402,66
265685,Mouse,4567,69
265725,Mouse,4839,70
265741,Mouse,3607,73
265805,Mouse,5824,81
265811,Mouse,5746,83
265823,Mouse,3806,74
265873,Mouse,5730,83
265934,Mouse,3849,86
265987,Mouse,4581,78
266011,Elephant,220814,779
266025,Mouse,4577,74
266037,Mouse,5145,74
266111,Mouse,4267,72
266157,Elephant,336564,1022
266252,Mouse,4633,69
266297,Mouse,5507,70
266369,Mouse,5238,68
266421,Mouse,3010,68
266497,Mouse,3691,66
266505,Mouse,4780,71
266582,Mouse,3641,67
266588,Mouse,5784,71
266759,Mouse,3442,70
266765,Mouse,4991,70
266868,Mouse,5601,72
266871,Mouse,4651,73
266953,Mouse,3848,77
266979,Mouse,5617,75
267020,Mouse,5343,77
267117,Mouse,4872,70
267251,Elephant,553944,1213
267293,Mouse,4024,71
267323,Mouse,4063,64
267367,Mouse,4270,66
267497,Mouse,4420,67
267503,Mouse,4911,65
267539,Mouse,3788,69
267565,Mouse,5063,70
267622,Mouse,3738,71
267633,Mouse,5752,79
267669,Mouse,3816,70
267692,Mouse,4752,68
267751,Mouse,5378,69
267787,Mouse,5363,69
267801,Elephant,592877,1260
267853,Mouse,4462,65
267952,Mouse,3483,64
268103,Mouse,5379,65
268247,Mouse,5236,65
268386,Mouse,3721,64
268460,Mouse,5451,69
268460,Mouse,4814,69
268491,Mouse,3225,64
268513,Mouse,4173,64
268557,Mouse,4900,66
268628,Mouse,4977,65
268633,Mouse,5599,66
268695,Mouse,3172,64
268708,Mouse,4575,65
268737,Mouse,3795,64
268755,Mouse,3867,64
268772,Mouse,3320,66
268777,Mouse,4328,69
268805,Mouse,5388,65
268841,Mouse,5635,66
268903,Mouse,4667,65
268993,Mouse,5718,66
269054,Mouse,5171,69
269110,Mouse,4451,65
269151,Mouse,4472,73
269385,Mouse,4679,69
269526,Mouse,4384,78
269593,Mouse,5453,89
269607,Elephant,133743,578
269615,Mouse,5679,91
269662,Mouse,4523,80
269681,Mouse,3330,74
269729,Mouse,3212,69
269785,Elephant,308496,927
269880,Mouse,3084,64
269951,Mouse,5383,69
269960,Mouse,3071,70
270021,Mouse,5446,68
270030,Elephant,372382,1055
270283,Mouse,5456,66
270297,Mouse,3034,64
270360,Mouse,3554,67
270380,Mouse,4312,65
270387,Mouse,3957,64
270571,Elephant,196968,673
270581,Mouse,3448,65
270594,Mouse,4442,66
270638,Mouse,4950,71
270641,Mouse,4796,71
270665,Mouse,3879,65
270669,Mouse,4726,68
270671,Mouse,4426,69
270845,Mouse,5578,66
271204,Mouse,3388,88
271212,Mouse,3887,93
271244,Mouse,5662,103
271356,Mouse,3207,95
271391,Mouse,3949,77
271398,Mouse,3290,73
271470,Elephant,394231,1122
271531,Mouse,3186,68
271571,Mouse,4267,68
271619,Mouse,4724,74
271712,Mouse,4708,87
271770,Elephant,338423,1231
271781,Mouse,4581,79
271784,Elephant,36321,311
271861,Mouse,5807,70
271889,Mouse,3589,67
271932,Mouse,4161,67
272047,Mouse,4252,68
272214,Mouse,4570,92
272295,Elephant,584375,1682
272491,Mouse,5230,70
272498,Mouse,5760,72
272587,Mouse,5806,67
272620,Mouse,4682,71
272658,Mouse,3458,68
272678,Mouse,4887,74
272722,Elephant,441213,1258
272810,Mouse,3622,64
272896,Mouse,5623,66
272927,Mouse,4100,67
272927,Mouse,3064,66
272942,Mouse,4420,65
273061,Mouse,4655,65
273076,Mouse,4927,66
273079,Mouse,5018,68
273108,Mouse,3614,64
273127,Mouse,4107,70
273177,Mouse,5283,72
273208,Mouse,3720,64
273270,Mouse,4433,69
273307,Elephant,428314,1302
273377,Mouse,5750,67
273421,Mouse,5479,66
273435,Mouse,5576,66
273442,Mouse,3237,64
273524,Mouse,4089,64
273631,Mouse,4021,64
273688,Mouse,5132,65
273699,Mouse,4265,65
273863,Mouse,5684,66
273909,Mouse,4167,64
273931,Mouse,3062,67
273945,Mouse,5757,66
273984,Mouse,5730,66
273999,Mouse,3813,64
274021,Mouse,3716,67
274029,Mouse,4379,72
274073,Mouse,4102,73
274214,Mouse,5820,66
274348,Mouse,4489,66
274385,Mouse,4953,67
274407,Mouse,4159,71
274433,Mouse,4297,77
274437,Elephant,464504,1187
274487,Mouse,3733,67
274540,Mouse,5028,70
274607,Mouse,3576,64
274693,Mouse,5567,66
274738,Mouse,3877,65
274748,Mouse,4688,67
274883,Mouse,4675,65
274891,Mouse,3060,66
274923,Mouse,3471,64
274946,Mouse,4706,66
274957,Elephant,355230,972
274994,Mouse,3641,64
275066,Mouse,4274,65
275161,Mouse,4791,65
275229,Mouse,3025,64
275245,Mouse,4081,64
275252,Mouse,5263,65
275271,Mouse,3098,64
275335,Mouse,4124,64
275350,Mouse,5052,65
275420,Mouse,4044,64
275576,Mouse,3546,64
275633,Mouse,3801,64
275661,Mouse,5371,69
275661,Mouse,5357,70
275665,Mouse,3764,64
275693,Mouse,5798,66
275761,Mouse,3646,64
275794,Mouse,3516,64
275876,Mouse,3699,64
275930,Mouse,5345,65
275964,Mouse,5598,70
275970,Mouse,3339,65
276049,Mouse,3086,64
276080,Mouse,4281,65
276264,Mouse,3702,67
276276,Mouse,3786,74
276331,Mouse,5669,66
276354,Mouse,5183,70
276393,Mouse,4954,72
276396,Mouse,4926,74
276431,Mouse,3640,70
276432,Mouse,3667,70
276465,Mouse,5190,77
276468,Mouse,4962,79
276483,Elephant,172784,635
276490,Mouse,3924,65
276579,Mouse,3249,64
276680,Elephant,146335,651
276681,Mouse,4138,68
276695,Elephant,61862,446
276707,Mouse,3853,64
276811,Mouse,5226,65
276849,Mouse,5313,65
276871,Mouse,4602,65
276937,Mouse,4371,65
277008,Mouse,4304,65
277078,Mouse,3493,64
277084,Mouse,5223,65
277120,Mouse,4668,65
277205,Mouse,3227,64
277240,Mouse,4415,65
277367,Mouse,3701,64
277391,Mouse,4118,64
277425,Mouse,3427,64
277537,Mouse,4268,65
277541,Mouse,4263,65
277688,Mouse,5601,67
277693,Mouse,5310,65
277744,Mouse,5832,66
277750,Mouse,4383,65
277829,Mouse,3918,64
277840,Mouse,4545,68
277840,Mouse,4767,69
277946,Mouse,3332,67
277957,Mouse,4756,73
277963,Mouse,3732,64
278224,Mouse,5328,65
278249,Mouse,4407,67
278256,Mouse,5814,71
278270,Mouse,4052,73
278399,Mouse,3546,67
278406,Mouse,4681,65
278476,Elephant,443758,1031
278533,Mouse,3906,64
278543,Mouse,4831,65
278658,Mouse,3231,64
278791,Mouse,3584,64
278863,Mouse,5214,70
279148,Mouse,5488,66
279157,Mouse,5217,69
279425,Elephant,281995,894
279438,Mouse,4792,68
279454,Mouse,4816,71
279463,Mouse,5650,66
279487,Mouse,3079,69
279613,Mouse,5387,68
279618,Mouse,3862,66
279637,Mouse,4419,67
279669,Mouse,3927,70
279699,Mouse,5475,70
279784,Mouse,3627,69
279807,Mouse,3976,67
279992,Mouse,4823,84
280023,Mouse,4060,92
280029,Mouse,4324,96
280045,Mouse,4413,102
280068,Mouse,5561,106
280091,Mouse,5663,113
280138,Mouse,3031,117
280168,Mouse,4709,118
280264,Mouse,3480,93
280272,Mouse,3149,87
280279,Mouse,3616,89
280298,Mouse,5348,92
280315,Mouse,3612,88
280326,Mouse,3311,88
280379,Mouse,3661,83
280402,Mouse,5454,67
280435,Elephant,527809,1453
280644,Mouse,4692,69
280784,Mouse,3669,68
281074,Mouse,3389,79
281147,Mouse,4365,90
281267,Mouse,3248,75
281289,Elephant,470080,1802
281303,Mouse,3699,74
281318,Elephant,453678,1608
281330,Mouse,5741,72
281389,Mouse,3986,64
281484,Mouse,3242,64
281529,Mouse,4086,65
281599,Mouse,4767,65
281611,Mouse,5599,68
281885,Mouse,5680,66
281941,Mouse,3681,64
281950,Mouse,4883,66
282046,Mouse,4127,66
282224,Mouse,3253,65
282231,Mouse,4740,65
282251,Mouse,4158,66
282395,Mouse,3878,67
282408,Mouse,5658,67
282416,Mouse,5286,67
282549,Mouse,5294,67
282579,Mouse,5403,71
282723,Mouse,5046,79
282830,Mouse,3870,81
282954,Mouse,5716,83
282973,Mouse,4909,93
282978,Elephant,349171,960
283018,Mouse,4787,79
283038,Mouse,5550,81
283121,Mouse,3232,65
283143,Mouse,5066,69
283191,Mouse,3876,72
283254,Mouse,4670,71
283278,Mouse,3432,71
283282,Elephant,101077,650
283413,Mouse,5215,65
283431,Mouse,3735,66
283485,Mouse,4237,71
283540,Mouse,4667,68
283542,Mouse,3064,65
283615,Mouse,5492,68
283630,Mouse,4570,69
283714,Mouse,3751,67
283725,Elephant,464274,1346
283767,Mouse,3969,67
283920,Mouse,3104,64
283981,Mouse,4403,65
284051,Mouse,3212,64
284054,Mouse,3823,65
284103,Mouse,4943,65
284140,Mouse,3885,64
284167,Mouse,5679,66
284258,Mouse,5517,66
284340,Mouse,5072,65
284459,Mouse,5550,67
284473,Mouse,4077,64
284518,Mouse,3101,64
284543,Mouse,4139,65
284614,Mouse,4505,65
284629,Mouse,3182,64
284833,Mouse,4584,65
284836,Mouse,4023,64
284895,Mouse,3761,68
284976,Elephant,325042,880
285122,Mouse,3704,64
285133,Mouse,5324,65
285157,Mouse,5207,68
285286,Mouse,3445,68
285343,Mouse,4398,65
285354,Mouse,4146,64
285388,Mouse,3079,64
285424,Mouse,5141,75
285445,Mouse,3484,64
285564,Mouse,4730,75
285570,Mouse,5783,68
285656,Mouse,3959,74
285662,Elephant,193289,663
285681,Mouse,3696,64
285758,Mouse,5814,66
285838,Mouse,4476,65
285844,Mouse,5023,65
285933,Mouse,3309,64
286099,Mouse,4610,65
286112,Mouse,4915,69
286161,Mouse,4078,70
286205,Mouse,5663,69
286277,Mouse,4368,71
286302,Mouse,5606,71
286456,Mouse,3427,75
286468,Elephant,594723,1249
286480,Mouse,5373,77
286480,Mouse,4008,78
286591,Mouse,3701,74
286639,Mouse,4140,64
286644,Mouse,4337,67
286648,Mouse,3560,70
286669,Mouse,5707,69
286687,Mouse,5819,68
286694,Mouse,4908,72
286747,Mouse,5800,74
286755,Mouse,4930,74
286824,Elephant,328279,911
286836,Mouse,4912,65
286850,Mouse,5196,69
286963,Mouse,4914,65
287026,Mouse,4427,66
287037,Mouse,3069,68
287058,Mouse,3863,66
287245,Elephant,34257,242
287253,Mouse,4202,66
287346,Mouse,3193,68
287523,Mouse,5782,95
287604,Mouse,3877,123
287722,Mouse,5563,134
287818,Mouse,4159,89
287898,Elephant,562924,1438
288002,Mouse,4979,68
288012,Mouse,5622,66
288117,Elephant,231116,1096
288131,Mouse,5097,72
288199,Mouse,5258,67
288322,Mouse,4626,65
288357,Mouse,3280,70
288413,Mouse,5433,67
288489,Mouse,5493,71
288658,Elephant,521231,1664
288765,Mouse,4988,65
288816,Mouse,5689,67
288852,Mouse,4412,65
288860,Mouse,5034,67
288869,Mouse,5782,66
288898,Mouse,3394,64
288944,Mouse,3992,66
288963,Mouse,5547,67
289111,Mouse,4912,68
289159,Mouse,4583,69
289236,Mouse,3621,64
289366,Mouse,4328,72
289448,Mouse,5336,71
289592,Mouse,3606,79
289920,Mouse,5178,71
289957,Mouse,4153,74
290123,Mouse,3804,84
290162,Mouse,3743,86
290200,Mouse,3079,91
290235,Mouse,3910,91
290253,Mouse,5427,90
290315,Mouse,5362,77
290334,Mouse,5748,78
290380,Mouse,3391,74
290415,Mouse,3095,78
290499,Mouse,3324,80
290817,Mouse,3195,93
290945,Mouse,4245,88
290946,Elephant,534958,1952
290978,Mouse,5037,86
291001,Mouse,4495,90
291086,Mouse,5838,68
291114,Mouse,4838,73
291135,Mouse,3815,66
291165,Mouse,4562,72
291206,Mouse,5671,70
291246,Mouse,5128,71
291302,Mouse,5810,69
291357,Mouse,3446,69
291413,Elephant,453945,2370
291449,Mouse,4856,71
291453,Mouse,5041,68
291493,Mouse,4382,75
291493,Mouse,4524,75
291544,Mouse,5750,67
291570,Mouse,3670,67
291623,Mouse,4932,72
291734,Elephant,448251,2444
291740,Mouse,5768,68
291869,Mouse,4204,69
291919,Mouse,4094,66
292091,Mouse,3472,64
292145,Mouse,4679,66
292209,Mouse,4207,70
292213,Mouse,5537,74
292369,Mouse,4187,69
292433,Elephant,203256,680
292511,Mouse,5549,66
292564,Mouse,4714,66
292623,Mouse,3922,68
292652,Mouse,3492,64
292657,Mouse,3652,66
292683,Mouse,4780,65
292755,Mouse,4763,67
292786,Mouse,4173,67
292795,Mouse,3687,72
292807,Mouse,4049,66
292808,Mouse,3352,66
292885,Mouse,4845,68
292907,Mouse,5348,65
292955,Mouse,3536,64
293008,Mouse,3662,69
293110,Mouse,5416,65
293146,Mouse,4455,70
293256,Mouse,5453,66
293267,Mouse,3949,69
293272,Mouse,4381,72
293298,Mouse,5213,66
293317,Mouse,4367,73
293332,Mouse,4296,65
293428,Mouse,4777,66
293432,Mouse,5327,67
293444,Mouse,4534,70
293562,Elephant,228658,840
293649,Mouse,3313,64
293683,Mouse,3050,64
293710,Mouse,5246,70
293721,Mouse,3701,65
293723,Mouse,3746,66
293749,Mouse,4512,70
293791,Mouse,3651,67
293807,Mouse,4554,67
293853,Mouse,4925,71
293876,Mouse,3589,66
293900,Mouse,3388,69
294190,Mouse,4552,69
294217,Elephant,270231,797
294297,Mouse,5325,65
294367,Mouse,3801,64
294418,Mouse,4664,69
294472,Mouse,4961,73
294660,Elephant,285873,836
294683,Mouse,4780,65
294788,Mouse,5549,67
294986,Mouse,3684,68
295049,Elephant,122020,513
295056,Mouse,5331,75
295206,Mouse,4526,68
295277,Mouse,3917,72
295300,Mouse,5804,78
295340,Mouse,4684,80
295382,Elephant,227317,749
295421,Mouse,5003,80
295502,Mouse,5005,70
295575,Mouse,5304,67
295591,Mouse,4331,65
295661,Mouse,4149,71
295672,Mouse,4242,76
295717,Mouse,4582,75
295733,Mouse,4033,74
295736,Mouse,4901,79
295791,Mouse,4971,80
295831,Mouse,3948,83
295837,Mouse,4930,84
295866,Elephant,395643,1319
295948,Mouse,4239,67
296023,Mouse,4325,66
296066,Elephant,473180,1187
296077,Mouse,3472,64
296131,Mouse,4578,65
296182,Mouse,3174,64
296278,Mouse,5775,66
296313,Mouse,5238,65
296384,Mouse,5251,69
296388,Mouse,5304,66
296549,Mouse,3959,67
296704,Mouse,3341,66
296712,Mouse,3431,68
296833,Mouse,5515,67
296902,Mouse,4462,74
296918,Mouse,5701,78
296937,Mouse,4507,80
296948,Mouse,4739,84
296962,Mouse,3705,92
297072,Mouse,5676,81
297124,Mouse,3915,70
297192,Mouse,5817,73
297211,Mouse,3385,73
297264,Elephant,394602,1123
297306,Mouse,3731,70
297320,Mouse,4331,67
297379,Elephant,325166,1037
297414,Mouse,4281,65
297432,Elephant,41108,255
297578,Mouse,5451,71
297675,Mouse,4714,65
297842,Mouse,4493,74
297889,Mouse,5432,73
298046,Mouse,3412,64
298134,Mouse,4951,73
298162,Mouse,5296,75
298204,Mouse,4274,72
298228,Mouse,3754,77
298276,Mouse,4982,77
298310,Mouse,4418,85
298323,Mouse,5757,86
298326,Elephant,262810,821
298330,Elephant,358078,958
298346,Mouse,3260,72
298352,Mouse,3605,75
298380,Mouse,5443,73
298383,Mouse,3205,67
298400,Mouse,5086,65
298414,Mouse,4794,65
298466,Mouse,5043,65
298544,Mouse,4342,65
298581,Mouse,3294,64
298600,Mouse,5184,65
298631,Mouse,5098,65
298665,Mouse,4186,64
298827,Mouse,3485,64
298834,Mouse,3112,64
298865,Mouse,4727,65
298887,Mouse,3237,64
298894,Mouse,4310,65
298946,Mouse,3392,64
298951,Mouse,5110,65
299035,Mouse,5015,65
299103,Mouse,5016,65
299191,Mouse,4429,65
299256,Mouse,3931,64
299386,Mouse,5114,65
299421,Mouse,5500,66
299449,Mouse,4529,70
299546,Mouse,5186,65
299599,Mouse,3856,64
299653,Mouse,4265,66
299689,Mouse,4591,65
299712,Elephant,212758,682
299755,Mouse,4303,65
299775,Mouse,3379,66
299777,Mouse,5505,68
299906,Mouse,3882,65
299925,Mouse,5811,66
300011,Mouse,3222,65
300087,Mouse,4620,66
300211,Mouse,4580,65
300219,Mouse,5153,67
300256,Mouse,5042,66
300365,Mouse,5391,70
300409,Mouse,4573,73
300514,Mouse,4189,64
300524,Mouse,3890,67
300538,Elephant,32367,207
300557,Mouse,5418,66
300563,Mouse,4688,66
300721,Mouse,4872,69
300736,Elephant,452630,1056
300775,Mouse,4991,68
300790,Mouse,5771,66
300842,Mouse,4099,64
300871,Mouse,4849,69
300872,Mouse,5715,70
300949,Mouse,3994,64
300955,Mouse,4033,64
301071,Mouse,5219,65
301074,Mouse,3984,65
301254,Mouse,3516,64
301283,Mouse,5631,67
301530,Elephant,53234,318
301580,Mouse,3375,64
301612,Mouse,4827,65
301641,Mouse,3270,64
301653,Mouse,4069,64
301663,Mouse,5513,66
301755,Mouse,5223,68
301757,Mouse,5089,68
301822,Mouse,3110,64
301946,Mouse,5576,66
302036,Mouse,3469,64
302164,Mouse,4092,64
302194,Mouse,4640,66
302237,Mouse,4325,65
302290,Mouse,3670,64
302309,Mouse,4964,65
302327,Mouse,4188,64
302382,Mouse,3118,64
302430,Mouse,5109,65
302537,Mouse,3425,66
302562,Mouse,5671,69
302563,Mouse,5066,69
302586,Mouse,5745,70
302594,Mouse,3605,71
302643,Mouse,5018,65
302674,Mouse,4581,68
302907,Mouse,5592,68
302990,Mouse,5360,74
303048,Mouse,4323,69
303080,Mouse,5541,76
303188,Mouse,5255,78
303248,Mouse,4013,80
303259,Mouse,5571,85
303290,Mouse,3233,84
303300,Mouse,5658,86
303333,Mouse,4144,85
303358,Mouse,3243,77
303382,Mouse,3305,69
303458,Elephant,434432,1162
303489,Mouse,4032,70
303523,Mouse,4280,70
303525,Mouse,4373,72
303585,Mouse,4054,71
303649,Elephant,395271,1173
303679,Mouse,5292,65
303714,Mouse,3431,64
303722,Mouse,4875,66
303731,Mouse,3550,64
303952,Mouse,4314,65
304007,Mouse,5064,65
304140,Mouse,3122,64
304145,Mouse,5787,66
304149,Mouse,4959,66
304158,Mouse,4081,64
304166,Mouse,3043,66
304173,Mouse,4552,71
304296,Mouse,3666,67
304347,Mouse,3686,64
304364,Mouse,4274,65
304381,Mouse,4515,69
304388,Mouse,3349,70
304453,Mouse,4514,66
304512,Mouse,5415,69
304561,Mouse,5611,72
304617,Mouse,3712,67
304687,Mouse,3770,64
304696,Mouse,3341,67
304718,Mouse,5785,71
304734,Mouse,5292,69
304748,Mouse,3998,67
304799,Elephant,268352,786
304894,Mouse,4452,68
304901,Elephant,143227,554
304966,Mouse,4420,65
304981,Mouse,4292,65
305291,Mouse,5360,65
305403,Mouse,4659,65
305557,Mouse,3789,64
305575,Mouse,5309,65
305747,Mouse,5056,65
305783,Mouse,3171,64
305789,Mouse,5773,66
305933,Mouse,3741,67
305949,Mouse,4705,71
305967,Mouse,3841,64
306007,Mouse,5033,65
306015,Elephant,195849,666
306017,Mouse,4408,67
306182,Mouse,3451,64
306214,Mouse,4013,64
306222,Mouse,5440,66
306328,Mouse,4487,65
306376,Mouse,3383,64
306400,Mouse,3536,64
306434,Mouse,3595,64
306457,Mouse,4409,65
306489,Mouse,5834,66
306492,Mouse,3869,65
306687,Mouse,4870,65
306805,Mouse,4444,65
306914,Mouse,3711,64
307022,Mouse,3399,64
307129,Mouse,4710,68
307160,Mouse,3817,64
307174,Mouse,3174,69
307206,Mouse,3240,66
307318,Mouse,4743,69
307347,Mouse,3507,66
307463,Mouse,5649,66
307483,Elephant,188119,640
307503,Mouse,4985,73
307504,Mouse,3881,71
307530,Mouse,5267,67
307551,Mouse,4885,74
307566,Mouse,4725,65
307624,Elephant,135236,546
307874,Mouse,5809,66
307878,Mouse,5022,66
307883,Mouse,5276,66
308031,Mouse,3830,64
308056,Mouse,3757,64
308130,Mouse,4098,64
308200,Mouse,3530,65
308203,Mouse,5475,67
308247,Mouse,3146,64
308344,Mouse,4338,65
308390,Mouse,3377,64
308444,Mouse,3141,64
308454,Mouse,5299,68
308495,Mouse,4770,67
308543,Mouse,3717,71
308544,Mouse,4176,71
308568,Mouse,4994,65
308691,Mouse,4437,65
308721,Mouse,5281,68
308740,Mouse,4749,65
308769,Mouse,3571,71
308772,Mouse,3039,72
308795,Elephant,128855,200871
308802,Mouse,3347,65
308805,Mouse,4934,67
308847,Mouse,4281,66
309042,Mouse,4575,65
309074,Mouse,3771,65
309077,Mouse,4790,67
309287,Mouse,5409,66
309377,Mouse,4084,71
309443,Mouse,4833,69
309460,Mouse,5356,74
309483,Mouse,4202,77
309540,Mouse,4713,88
309716,Mouse,3302,82
309777,Elephant,379598,1051
309779,Mouse,4176,77
309786,Mouse,4550,74
309806,Mouse,5139,74
309878,Mouse,5831,68
309919,Mouse,4008,67
309990,Mouse,4906,76
310021,Mouse,4940,83
310104,Mouse,4780,100
310107,Mouse,5394,101
310159,Mouse,5608,94
310178,Mouse,4984,92
310288,Elephant,102919,605
310387,Mouse,4506,69
310400,Elephant,382148,1314
310419,Mouse,4766,75
310470,Mouse,5776,72
310525,Mouse,3732,67
310627,Mouse,5516,70
310634,Elephant,382303,1448
310674,Mouse,3222,71
310751,Mouse,5173,65
310858,Mouse,5261,65
310945,Mouse,5729,66
311092,Mouse,4239,72
311203,Mouse,4401,70
311248,Mouse,4065,69
311262,Mouse,3527,74
311324,Mouse,4193,78
311349,Mouse,3767,74
311353,Elephant,357192,940
311374,Mouse,5390,73
311411,Mouse,4222,70
311414,Mouse,3234,65
311445,Mouse,5520,68
311454,Mouse,5219,73
311469,Mouse,5209,65
311541,Mouse,3012,67
311585,Mouse,5813,70
311596,Mouse,4811,78
311628,Mouse,3138,68
311640,Elephant,221816,797
311775,Mouse,4462,65
311779,Mouse,3759,67
311782,Mouse,5534,68
311801,Mouse,4000,64
311816,Mouse,5667,66
311831,Mouse,4485,65
311849,Mouse,4029,64
311939,Mouse,5595,66
312019,Mouse,4349,65
312108,Mouse,5027,65
312127,Mouse,5549,66
312167,Mouse,5568,66
312192,Mouse,3227,64
312347,Mouse,5146,65
312426,Mouse,4590,65
312517,Mouse,4096,64
312530,Mouse,3716,64
312555,Mouse,3623,64
312569,Mouse,4536,65
312584,Mouse,3608,64
312639,Mouse,5134,65
312825,Mouse,4686,68
312869,Mouse,5720,69
312955,Mouse,5645,70
312993,Mouse,5219,69
313051,Mouse,3830,70
313088,Mouse,4220,67
313107,Mouse,3978,76
313286,Mouse,5318,79
313351,Mouse,3709,89
313405,Mouse,4422,91
313406,Mouse,4162,91
313467,Mouse,4841,79
313511,Mouse,5712,68
313627,Elephant,363861,1044
313776,Elephant,355075,1149
313821,Mouse,3691,67
313866,Mouse,3514,64
313875,Mouse,4504,69
313973,Mouse,3732,67
313991,Mouse,5661,70
314050,Mouse,3831,70
314100,Mouse,5058,75
314101,Mouse,4178,75
314134,Mouse,3473,85
314168,Elephant,65675,386
314202,Elephant,270887,1345
314323,Mouse,4607,69
314337,Mouse,5345,65
314409,Mouse,4839,70
314421,Mouse,3567,69
314436,Mouse,5460,68
314541,Elephant,466437,1458
314545,Mouse,3118,65
314691,Mouse,5493,66
314696,Mouse,5002,65
314724,Mouse,5241,65
314740,Mouse,5481,66
314919,Mouse,3460,64
315026,Mouse,4235,64
315070,Mouse,3676,68
315071,Mouse,4348,69
315177,Elephant,52611,320
315191,Mouse,3499,67
315203,Mouse,4968,65
315360,Mouse,5332,67
315397,Mouse,3320,67
315422,Mouse,3253,64
315485,Elephant,145741,548
315542,Mouse,3640,67
315605,Mouse,5397,65
315622,Mouse,4523,68
315638,Mouse,4679,70
315698,Mouse,3059,65
315699,Mouse,4088,67
315704,Mouse,3342,66
315706,Mouse,4749,68
315715,Mouse,3136,66
315722,Mouse,3090,68
315734,Mouse,5187,69
315764,Mouse,5342,69
315776,Mouse,4674,72
315823,Mouse,4008,71
315874,Mouse,4367,69
315904,Mouse,4860,67
315999,Mouse,3417,68
316068,Elephant,545894,1157
316100,Mouse,4144,64
316153,Mouse,4548,65
316183,Mouse,3148,64
316197,Mouse,4663,65
316288,Mouse,4879,65
316387,Mouse,3163,67
316538,Mouse,4673,65
316565,Mouse,4896,68
316616,Mouse,3394,70
316649,Mouse,3590,68
316789,Mouse,4989,80
316825,Mouse,4735,80
316857,Mouse,3703,93
316878,Mouse,5215,99
317061,Mouse,5439,109
317077,Elephant,508153,1233
317249,Mouse,5027,70
317268,Mouse,4345,69
317282,Mouse,5384,72
317343,Mouse,5403,79
317349,Mouse,3452,80
317475,Elephant,71804,386
317478,Mouse,4239,70
317545,Mouse,5387,69
317633,Mouse,5662,74
317698,Mouse,5225,73
317769,Mouse,4671,88
317789,Mouse,4411,88
317815,Mouse,3389,97
317817,Mouse,4360,97
317872,Elephant,310273,1335
317886,Mouse,5386,91
317899,Mouse,5377,88
317918,Mouse,4400,72
317991,Mouse,4922,68
318099,Mouse,5461,67
318218,Mouse,5745,71
318225,Mouse,3126,69
318365,Mouse,5648,71
318386,Mouse,4958,73
318435,Elephant,550848,1766
318735,Mouse,5016,68
318792,Mouse,5787,71
318804,Mouse,3754,69
318812,Mouse,4168,73
318841,Mouse,4161,78
318873,Mouse,5695,83
318953,Mouse,5313,77
318970,Mouse,3752,81
318979,Mouse,4417,76
319064,Mouse,5817,79
319105,Mouse,4825,79
319116,Mouse,4139,85
319163,Mouse,5427,89
319198,Mouse,5360,84
319233,Mouse,4498,77
319240,Elephant,320393,954
319268,Mouse,4596,70
319279,Mouse,3468,76
319367,Mouse,5423,72
319688,Mouse,3627,71
319764,Mouse,4282,91
319788,Mouse,4440,89
319793,Mouse,5671,92
319897,Mouse,4486,97
319918,Mouse,4351,97
319969,Elephant,431568,1486
320018,Mouse,3803,70
320024,Mouse,5637,70
320038,Mouse,3848,65
320072,Mouse,4110,67
320128,Mouse,5541,69
320153,Mouse,4721,69
320308,Mouse,4777,70
320331,Mouse,4115,74
320355,Mouse,5045,73
320425,Mouse,3599,70
320507,Mouse,3487,88
320584,Mouse,3902,92
320589,Elephant,194993,968
320640,Mouse,3279,76
320649,Mouse,3728,67
320654,Mouse,4263,69
320724,Mouse,3566,76
320837,Mouse,4895,92
320840,Mouse,4658,92
320857,Elephant,86017,495
320872,Mouse,3857,94
320917,Elephant,58369,383
320957,Mouse,3906,89
321191,Mouse,4429,69
321197,Elephant,456999,1591
321213,Mouse,5705,70
321301,Mouse,5297,70
321409,Mouse,5206,68
321480,Mouse,5719,74
321553,Mouse,3203,67
321593,Mouse,5618,70
321614,Mouse,4347,75
321628,Mouse,3986,76
321752,Mouse,3156,72
321863,Mouse,4944,86
322037,Mouse,3427,79
322070,Mouse,5336,79
322163,Mouse,3302,81
322311,Elephant,504808,1676
322330,Mouse,4959,74
322414,Mouse,3732,67
322439,Mouse,5410,65
322475,Mouse,4459,73
322523,Mouse,3504,70
322550,Mouse,3391,67
322580,Mouse,5695,69
322600,Mouse,3931,70
322629,Elephant,351627,1309
322631,Mouse,5556,73
322660,Mouse,4207,64
322674,Mouse,4641,69
322718,Mouse,3210,64
322786,Mouse,5053,65
322816,Mouse,5524,66
322853,Mouse,4426,65
322981,Mouse,3997,64
323009,Mouse,5613,66
323040,Mouse,3122,64
323071,Mouse,5247,65
323205,Mouse,5722,67
323224,Mouse,5538,66
323246,Mouse,3694,65
323254,Mouse,5573,66
323270,Mouse,3978,64
323299,Mouse,4998,66
323385,Mouse,3648,64
323412,Mouse,3733,64
323430,Mouse,3733,64
323532,Mouse,4440,65
323628,Mouse,4808,67
323694,Mouse,4872,65
323804,Mouse,3315,64
323830,Mouse,4661,66
323877,Mouse,5088,65
323933,Mouse,5647,66
324081,Mouse,3597,67
324137,Mouse,3047,70
324222,Mouse,3633,67
324260,Mouse,3428,67
324321,Mouse,4315,69
324357,Mouse,5605,70
324401,Mouse,5351,69
324408,Mouse,4019,73
324496,Mouse,3215,68
324545,Mouse,4045,74
324603,Mouse,5734,89
324635,Mouse,5662,92
324667,Mouse,5373,104
324672,Mouse,3005,102
324707,Mouse,4621,109
324735,Mouse,3329,118
324763,Elephant,569414,1269
324782,Mouse,5280,107
324818,Mouse,4677,83
324833,Mouse,3643,80
324962,Mouse,4560,71
324966,Mouse,4259,71
325008,Mouse,4354,70
325036,Mouse,5710,69
325112,Mouse,3514,68
325128,Mouse,4950,71
325146,Mouse,4229,79
325171,Elephant,261983,1045
325302,Mouse,4081,66
325338,Mouse,3088,74
325394,Mouse,4899,77
325464,Mouse,4938,86
325479,Mouse,3234,85
325489,Mouse,3553,85
325493,Elephant,187417,1040
325540,Mouse,4771,76
325604,Elephant,171424,778
325647,Mouse,4270,73
325657,Mouse,4000,70
325696,Mouse,3256,80
325772,Mouse,4337,80
325799,Mouse,4311,89
325829,Mouse,4811,94
325911,Mouse,3026,100
325950,Mouse,3182,90
325971,Mouse,3811,85
326007,Mouse,4510,72
326029,Mouse,3408,72
326071,Mouse,4951,68
326124,Mouse,4640,69
326190,Mouse,4046,74
326207,Mouse,5627,83
326231,Mouse,3188,83
326262,Mouse,5333,92
326277,Elephant,304548,1265
326289,Mouse,3538,85
326346,Mouse,4131,67
326425,Mouse,3390,68
326441,Mouse,3481,69
326506,Mouse,3518,74
326552,Mouse,4074,75
326684,Elephant,173212,1119
326700,Mouse,3884,79
326760,Mouse,5396,72
326812,Mouse,5564,78
326883,Mouse,4307,87
326927,Mouse,3449,93
327013,Elephant,533486,1758
327076,Mouse,5072,73
327088,Mouse,5659,75
327140,Mouse,3944,73
327143,Mouse,3054,73
327160,Mouse,4223,72
327211,Elephant,75811,511
327235,Mouse,3891,68
327258,Mouse,4168,66
327285,Elephant,500279,1861
327287,Mouse,4808,70
327391,Mouse,4043,64
327603,Mouse,5547,68
327692,Mouse,3455,67
327740,Mouse,5573,72
327785,Mouse,5498,72
327831,Mouse,3920,69
327866,Mouse,4661,71
327956,Mouse,4871,69
327989,Mouse,3931,75
328029,Elephant,57791,353
328037,Mouse,4737,76
328082,Mouse,5679,75
328103,Mouse,3408,72
328176,Mouse,3493,71
328180,Mouse,3795,73
328196,Mouse,4803,80
328291,Mouse,4262,80
328348,Mouse,3207,73
328439,Elephant,392915,1073
328562,Mouse,3967,72
328580,Mouse,5181,67
328594,Mouse,3984,67
328605,Elephant,232375,1015
328617,Mouse,4488,65
328642,Mouse,3884,68
328649,Mouse,3676,69
328703,Mouse,3557,64
328721,Mouse,5319,65
328785,Mouse,3383,66
328862,Mouse,3274,64
329007,Mouse,3831,64
329111,Mouse,3339,64
329134,Mouse,5290,66
329305,Mouse,3045,64
329354,Mouse,4046,66
329546,Mouse,4381,69
329595,Mouse,3563,68
329602,Mouse,5638,68
329671,Mouse,5008,69
329685,Mouse,3339,73
329810,Mouse,3993,68
329873,Mouse,5697,75
329906,Mouse,5166,69
329921,Mouse,5215,74
329951,Mouse,3882,68
329992,Mouse,3237,64
330023,Mouse,5488,73
330039,Mouse,3817,66
330064,Mouse,4195,74
330086,Mouse,5449,79
330194,Mouse,4780,74
330204,Mouse,5201,76
330279,Mouse,4927,81
330308,Mouse,4173,81
330370,Elephant,577728,1243
330388,Mouse,3976,79
330452,Mouse,3182,64
330536,Mouse,3604,64
330599,Mouse,5667,66
330649,Mouse,5479,66
330748,Mouse,4348,69
330761,Mouse,3487,75
330790,Mouse,4977,68
330859,Mouse,3199,66
330881,Elephant,208201,941
330884,Mouse,4534,66
330947,Mouse,4040,72
330966,Mouse,4999,72
331037,Mouse,5402,76
331045,Mouse,3029,79
331099,Mouse,5286,88
331140,Mouse,4200,90
331222,Elephant,140943,200942
331295,Mouse,3388,67
331332,Mouse,4569,68
331376,Mouse,4711,73
331439,Mouse,3720,68
331482,Elephant,347544,1192
331624,Mouse,3562,67
331840,Mouse,5680,78
331932,Mouse,4136,93
331995,Mouse,5594,95
332022,Mouse,5489,88
332087,Mouse,3811,69
332115,Mouse,5632,68
332151,Mouse,3052,72
332209,Mouse,4984,74
332218,Mouse,4370,75
332279,Mouse,3898,76
332290,Mouse,3306,74
332319,Mouse,4013,68
332342,Mouse,5048,65
332373,Mouse,5315,71
332400,Elephant,540035,1453
332564,Mouse,5479,66
332586,Mouse,5443,70
332598,Mouse,3497,64
332612,Mouse,4254,64
332668,Mouse,3238,67
332714,Mouse,3132,66
332729,Mouse,4974,70
332737,Mouse,5551,66
332748,Mouse,3429,65
332835,Mouse,3699,66
332857,Mouse,4835,68
332884,Mouse,5041,71
333001,Mouse,4145,66
333023,Elephant,533963,1784
333025,Mouse,5775,70
333192,Mouse,3862,64
333221,Mouse,4109,64
333293,Mouse,3194,64
333330,Mouse,4636,65
333424,Mouse,5196,65
333517,Mouse,4009,64
333538,Mouse,5307,65
333607,Mouse,3760,64
333634,Mouse,3480,64
333817,Mouse,3293,64
333900,Mouse,4298,67
334317,Mouse,4841,76
334321,Elephant,110185,471
334387,Elephant,222124,727
334434,Mouse,3496,64
334445,Mouse,4709,65
334474,Mouse,4402,67
334510,Mouse,3949,71
334527,Mouse,3215,64
334572,Mouse,4359,69
334635,Mouse,4946,65
334658,Mouse,3307,67
334814,Mouse,5427,72
334818,Mouse,4897,68
334826,Mouse,3427,66
334847,Mouse,3646,71
334858,Elephant,401081,1081
334920,Mouse,5409,66
334943,Mouse,4756,68
334964,Mouse,4036,65
335031,Mouse,5550,69
335145,Mouse,3701,68
335264,Elephant,323188,878
335315,Mouse,4234,72
335323,Mouse,5221,69
335504,Mouse,4620,70
335510,Mouse,4799,73
335519,Mouse,5062,78
335529,Mouse,4799,87
335545,Mouse,4430,84
335555,Mouse,4081,86
335773,Mouse,5558,69
335932,Mouse,3901,79
336158,Mouse,4222,72
336167,Mouse,4253,76
336202,Mouse,4079,83
336231,Mouse,3518,89
336243,Mouse,4833,92
336319,Mouse,3565,74
336332,Mouse,3493,75
336379,Mouse,5838,82
336395,Mouse,3875,82
336429,Elephant,458527,1400
336431,Mouse,5045,90
336447,Mouse,3576,80
336487,Mouse,3294,68
336499,Mouse,4753,71
336638,Mouse,5288,74
336666,Mouse,3706,78
336784,Elephant,542337,1741
336827,Mouse,3026,75
336923,Mouse,4418,69
336969,Mouse,5341,71
336981,Elephant,493971,1800
337005,Mouse,5424,69
337021,Mouse,3563,68
337125,Mouse,4394,68
337134,Mouse,4035,71
337270,Elephant,471554,1681
337307,Mouse,3596,64
337338,Mouse,3937,64
337351,Mouse,3604,65
337396,Mouse,3419,64
337536,Elephant,137012,552
337594,Mouse,4441,65
337809,Mouse,4055,64
337927,Mouse,5817,66
337978,Mouse,3439,64
337983,Mouse,5660,66
338291,Mouse,4746,68
338298,Elephant,181372,632
338372,Mouse,3177,66
338374,Mouse,4978,68
338403,Mouse,4777,65
338418,Mouse,4132,69
338444,Mouse,4183,65
338470,Mouse,5119,65
338580,Mouse,3314,66
338641,Mouse,5509,67
338653,Mouse,5354,68
338683,Mouse,5248,72
338739,Mouse,3616,75
338740,Mouse,5759,82
338778,Mouse,4713,78
338808,Elephant,111022,509
338836,Mouse,5446,82
338925,Mouse,3800,66
338946,Mouse,5798,72
338979,Mouse,5264,71
339097,Mouse,5702,75
339125,Mouse,4920,82
339141,Mouse,4912,87
339276,Mouse,3880,86
339369,Mouse,3557,73
339390,Mouse,3833,73
339394,Mouse,3643,71
339468,Mouse,3863,71
339488,Elephant,495607,1287
339508,Mouse,3913,72
339591,Mouse,5178,67
339651,Mouse,4670,70
339722,Mouse,4478,71
339730,Elephant,325153,1295
339823,Elephant,234981,1122
339874,Mouse,3383,64
339904,Mouse,3432,66
340144,Mouse,3342,82
340205,Mouse,4338,93
340230,Elephant,295821,1016
340236,Mouse,3343,90
340241,Mouse,4457,90
340268,Mouse,3405,83
340318,Mouse,4646,66
340322,Mouse,5450,68
340328,Mouse,4137,68
340450,Mouse,3751,67
340658,Mouse,3761,88
340690,Mouse,5657,101
340714,Mouse,5348,108
340772,Mouse,4510,121
340818,Mouse,5429,113
340850,Mouse,4867,99
340864,Mouse,3445,95
340881,Mouse,4102,82
340899,Mouse,3641,75
340954,Mouse,3774,68
340966,Mouse,4464,74
341014,Mouse,5684,77
341057,Mouse,3808,74
341099,Mouse,5686,87
341227,Mouse,3878,90
341229,Mouse,5765,93
341322,Mouse,3451,86
341345,Mouse,5392,73
341463,Mouse,4783,75
341535,Mouse,3631,84
341620,Mouse,5520,105
341709,Mouse,5788,90
341723,Elephant,111760,761
341762,Mouse,5363,76
341769,Mouse,3644,77
341915,Mouse,3722,100
341978,Mouse,3406,101
342005,Mouse,3782,91
342048,Mouse,4217,83
342087,Mouse,3691,84
342107,Elephant,317810,2091
342111,Mouse,3244,76
342144,Mouse,3911,73
342166,Mouse,5064,73
342196,Mouse,4889,77
342236,Mouse,5743,83
342329,Elephant,565681,2713
342334,Mouse,3637,78
342436,Mouse,3416,77
342572,Mouse,4409,83
342623,Mouse,4202,83
342638,Mouse,3799,86
342683,Mouse,4156,80
342709,Elephant,500494,2721
342866,Elephant,286679,1947
342886,Mouse,3169,76
342888,Mouse,5335,78
342984,Mouse,4226,74
343012,Elephant,571592,2776
343075,Mouse,3667,83
343083,Mouse,5742,87
343091,Mouse,5550,90
343097,Mouse,5619,88
343151,Mouse,4770,82
343221,Mouse,5266,69
343277,Mouse,4330,67
343298,Elephant,129133,644
343330,Mouse,3923,67
343356,Mouse,3602,67
343381,Mouse,5430,73
343487,Mouse,5144,70
343672,Mouse,4538,71
343688,Elephant,273876,844
343785,Mouse,3676,66
343816,Mouse,3211,67
343823,Mouse,3096,68
343947,Elephant,361954,1128
343993,Mouse,4103,64
344075,Mouse,4920,65
344095,Mouse,4660,65
344230,Mouse,5029,65
344275,Mouse,3967,65
344289,Elephant,34704,237
344322,Mouse,3144,65
344327,Mouse,5142,68
344337,Mouse,4964,65
344378,Mouse,5435,66
344538,Mouse,4875,65
344574,Mouse,4913,65
344642,Mouse,4644,66
344712,Mouse,5308,68
344758,Mouse,5342,66
344775,Mouse,4523,65
344799,Mouse,3277,66
344808,Mouse,5559,67
344911,Mouse,5768,66
344922,Mouse,4227,68
344932,Mouse,4500,75
344942,Mouse,3770,74
344990,Mouse,3676,72
345075,Mouse,4102,67
345079,Mouse,4295,68
345256,Mouse,4907,75
345325,Mouse,5007,86
345383,Mouse,4215,88
345389,Elephant,176105,668
345407,Mouse,4985,83
345415,Mouse,3859,84
345432,Mouse,3193,89
345443,Mouse,3163,73
345482,Mouse,4241,70
345490,Mouse,3271,74
345576,Mouse,4343,69
345720,Elephant,470485,1169
345744,Mouse,4459,70
345748,Mouse,3424,64
345791,Mouse,3223,69
345810,Mouse,4920,71
345862,Mouse,5216,70
345871,Mouse,5047,70
345886,Mouse,5821,66
345966,Mouse,3236,65
345970,Mouse,3565,64
345997,Mouse,3127,67
346002,Mouse,4692,70
346072,Mouse,3139,68
346135,Mouse,5010,68
346179,Mouse,5267,69
346194,Mouse,4558,73
346225,Mouse,4525,77
346347,Mouse,5160,75
346410,Mouse,3669,81
346440,Elephant,395114,1388
346458,Mouse,3575,83
346468,Mouse,3899,87
346475,Mouse,5400,91
346614,Mouse,5795,69
346625,Mouse,5181,67
346652,Mouse,4920,71
346720,Elephant,345326,1025
346783,Elephant,342051,202228
346807,Mouse,4141,64
346876,Mouse,5090,65
346941,Mouse,5819,66
346947,Mouse,3475,64
346999,Mouse,4321,65
347063,Mouse,4993,73
347065,Mouse,5826,75
347090,Mouse,5817,66
347109,Mouse,4250,74
347201,Mouse,4822,65
347363,Mouse,5271,70
347396,Mouse,3315,64
347419,Mouse,4307,69
347428,Mouse,4220,64
347437,Mouse,4517,65
347493,Mouse,5364,67
347545,Mouse,4519,70
347601,Mouse,4427,65
347621,Elephant,222676,716
347695,Mouse,5597,66
347755,Mouse,5190,65
347817,Mouse,5308,65
347903,Mouse,3570,64
347910,Mouse,4826,68
347915,Mouse,3696,70
348014,Mouse,4598,66
348071,Mouse,4584,65
348139,Mouse,3109,67
348154,Mouse,3952,74
348227,Mouse,3606,67
348247,Mouse,5090,76
348249,Mouse,5812,75
348349,Mouse,4932,78
348421,Mouse,3007,89
348473,Mouse,4904,88
348489,Mouse,4852,89
348527,Mouse,3634,87
348735,Mouse,3933,71
348942,Mouse,3301,82
348987,Mouse,5705,84
349009,Mouse,5045,85
349050,Mouse,3381,91
349078,Mouse,4727,93
349087,Mouse,4611,93
349105,Mouse,5152,88
349156,Elephant,272858,1206
349277,Mouse,4402,74
349290,Mouse,4075,77
349351,Mouse,5116,84
349419,Mouse,3602,81
349526,Mouse,5137,87
349556,Mouse,5434,92
349663,Elephant,499818,1820
349735,Mouse,4609,84
349767,Mouse,4384,67
349777,Mouse,3565,72
349789,Mouse,5095,80
349813,Elephant,454103,1827
349885,Mouse,4983,66
349920,Mouse,3951,67
349949,Mouse,3177,69
349959,Mouse,3087,69
350056,Mouse,3463,67
350100,Mouse,4782,69
350126,Elephant,525978,2136
350247,Mouse,4392,76
350315,Mouse,4219,70
350407,Mouse,5770,73
350441,Mouse,4911,74
350534,Mouse,3047,81
350542,Mouse,4866,86
350567,Mouse,3196,86
350635,Mouse,4463,103
350738,Mouse,4715,80
350801,Mouse,3061,69
350811,Mouse,5648,71
350858,Mouse,4555,69
350891,Mouse,4506,70
350899,Mouse,3919,68
350950,Mouse,4249,67
351002,Mouse,4224,75
351117,Mouse,4285,87
351120,Mouse,5200,90
351161,Mouse,4018,99
351227,Mouse,5123,107
351243,Mouse,5814,112
351246,Mouse,4247,111
351262,Mouse,4874,106
351330,Mouse,4917,92
351344,Mouse,3993,88
351405,Mouse,5607,74
351423,Mouse,5624,81
351433,Elephant,523118,1598
351779,Mouse,5202,91
351907,Mouse,5686,103
351982,Mouse,3375,86
352015,Elephant,375260,1847
352017,Mouse,3971,77
352022,Mouse,3516,71
352085,Elephant,221488,1221
352139,Mouse,3919,68
352156,Mouse,4839,66
352203,Mouse,4051,66
352233,Mouse,5015,69
352267,Mouse,3462,65
352306,Elephant,563413,2181
352373,Mouse,3389,65
352378,Mouse,5038,65
352403,Mouse,3167,64
352408,Mouse,3145,64
352412,Mouse,3884,64
352490,Mouse,3187,68
352534,Mouse,3334,69
352583,Mouse,4654,67
352636,Mouse,5623,66
352709,Mouse,5152,73
352810,Mouse,4707,74
352826,Mouse,3750,75
352849,Mouse,4486,89
352879,Mouse,3819,89
352959,Mouse,5080,103
352988,Mouse,5310,104
353103,Mouse,3567,73
353129,Mouse,4756,70
353151,Mouse,3138,73
353157,Mouse,3429,78
353224,Mouse,4623,81
353238,Elephant,557531,1770
353281,Mouse,5465,72
353425,Mouse,3226,67
353478,Elephant,171230,924
353517,Mouse,3848,70
353536,Mouse,5455,72
353544,Mouse,3233,76
353578,Mouse,4046,75
353694,Mouse,5518,73
353766,Mouse,5628,80
353795,Mouse,3139,86
353835,Mouse,3302,87
353848,Mouse,3743,91
353901,Elephant,270187,945
353934,Mouse,4630,83
353949,Mouse,4073,70
353988,Mouse,4343,65
354090,Mouse,4249,71
354210,Mouse,3114,84
354239,Elephant,493773,1793
354242,Mouse,3096,87
354264,Mouse,4363,85
354678,Mouse,3187,91
354679,Mouse,3890,94
354699,Mouse,3475,86
354743,Mouse,3272,78
354775,Mouse,4267,75
354797,Mouse,5667,73
354843,Mouse,5205,80
354905,Mouse,5372,73
354913,Mouse,3374,72
354973,Mouse,5229,76
355016,Mouse,3277,75
355238,Mouse,3790,83
355273,Mouse,4606,91
355302,Mouse,5444,97
355331,Mouse,4175,101
355347,Mouse,3729,101
355390,Mouse,4049,99
355427,Mouse,5015,86
355432,Mouse,5292,89
355441,Mouse,4393,92
355522,Mouse,4867,82
355548,Elephant,470155,2079
355586,Mouse,4774,67
355619,Mouse,5149,69
355741,Elephant,347913,1726
355869,Mouse,4730,68
355910,Mouse,3286,70
355930,Mouse,4947,70
355992,Elephant,514300,1925
356016,Mouse,3165,64
356042,Mouse,4622,65
356069,Mouse,3590,66
356077,Mouse,4051,67
356098,Elephant,430335,1930
356126,Mouse,5246,65
356242,Mouse,5016,65
356427,Mouse,3390,64
356490,Mouse,4956,70
356565,Mouse,4679,65
356615,Mouse,4688,69
356705,Mouse,4820,68
356886,Mouse,5534,70
356908,Mouse,4550,65
357003,Mouse,5204,69
357063,Mouse,3331,71
357109,Elephant,240660,733
357141,Mouse,4709,66
357154,Mouse,4030,68
357252,Mouse,5259,65
357308,Mouse,3975,65
357349,Mouse,5226,70
357452,Mouse,3875,64
357479,Mouse,3790,67
357554,Mouse,5690,66
357569,Mouse,5132,68
357583,Mouse,5776,66
357592,Mouse,3346,64
357643,Mouse,5411,67
357671,Mouse,4125,64
357717,Mouse,3974,64
357834,Mouse,4087,68
357843,Mouse,5030,70
358183,Elephant,441856,1032
358287,Mouse,4882,69
358312,Mouse,4676,76
358318,Mouse,4463,71
358345,Elephant,102090,480
358366,Mouse,3237,73
358401,Mouse,3846,64
358476,Mouse,3715,67
358642,Mouse,5020,72
358683,Mouse,3191,84
358731,Mouse,3714,95
358743,Mouse,3095,104
358821,Mouse,3636,95
358826,Elephant,315299,925
358931,Mouse,3485,68
359006,Mouse,5067,69
359008,Mouse,4404,69
359182,Mouse,3329,64
359198,Elephant,249574,1052
359299,Mouse,3085,65
359414,Mouse,5131,71
359436,Mouse,5027,66
359442,Mouse,3996,66
359490,Elephant,71209,369
359510,Mouse,3039,68
359563,Mouse,5202,74
359567,Mouse,5695,77
359581,Mouse,3147,74
359636,Elephant,497463,1417
359641,Mouse,4170,64
359703,Mouse,3036,64
359736,Mouse,3666,64
359813,Mouse,3204,64
359866,Mouse,3665,64
359884,Mouse,5235,65
359893,Mouse,4439,65
360150,Mouse,3796,64
360181,Mouse,3692,64
360188,Mouse,5592,66
360254,Mouse,5129,65
360289,Mouse,5352,67
360291,Mouse,4389,66
360345,Mouse,3135,64
360518,Mouse,4803,65
360630,Mouse,4410,66
360641,Mouse,4708,65
360740,Mouse,3410,64
360787,Mouse,4503,65
360899,Mouse,3015,64
360930,Mouse,4542,69
361026,Mouse,3806,68
361037,Mouse,4556,65
361076,Mouse,4196,72
361115,Mouse,3320,72
361127,Mouse,3274,72
361151,Mouse,5602,73
361172,Mouse,5381,76
361226,Mouse,5299,69
361244,Mouse,3154,77
361264,Elephant,453649,1054
361295,Mouse,5172,75
361319,Mouse,4947,66
361441,Mouse,4118,64
361539,Mouse,5085,67
361550,Mouse,4152,68
361584,Mouse,4335,66
361681,Mouse,3140,67
361855,Mouse,3551,74
361870,Mouse,4047,81
361930,Mouse,4206,90
361939,Mouse,3814,92
362016,Elephant,223884,782
362046,Mouse,4713,79
362189,Mouse,3045,75
362228,Mouse,5656,95
362309,Mouse,3346,106
362350,Elephant,549711,1405
362407,Mouse,5054,65
362474,Mouse,3081,73
362545,Mouse,3799,64
362551,Mouse,3134,67
362702,Mouse,5695,86
362800,Mouse,4527,83
363012,Elephant,240440,1474
363047,Mouse,4515,99
363062,Elephant,180745,998
363066,Elephant,185180,1030
363080,Mouse,5361,85
363088,Mouse,3204,85
363147,Elephant,209452,1059
363199,Mouse,3109,66
363227,Mouse,5571,66
363272,Mouse,3685,64
363303,Mouse,4517,72
363338,Mouse,5185,67
363345,Elephant,286471,1257
363455,Elephant,106193,614
363487,Mouse,5045,65
363517,Mouse,3009,64
363549,Mouse,5100,70
363557,Mouse,4206,64
363599,Mouse,3387,67
363698,Mouse,3886,64
363758,Mouse,5635,67
363783,Mouse,3907,64
363788,Mouse,5145,65
363819,Mouse,3836,64
363827,Mouse,3197,64
363921,Mouse,4907,65
363991,Mouse,5452,70
363998,Mouse,3857,68
364045,Mouse,3629,71
364047,Mouse,5670,69
364112,Mouse,3004,67
364166,Mouse,3594,65
364186,Mouse,4270,65
364217,Mouse,3378,69
364228,Mouse,3250,71
364232,Mouse,5664,73
364240,Mouse,5084,72
364387,Mouse,4679,74
364454,Mouse,4509,76
364474,Mouse,3725,80
364506,Mouse,3531,83
364514,Mouse,4068,88
364525,Mouse,4688,94
364532,Elephant,494034,1137
364545,Mouse,3458,92
364574,Mouse,5187,90
364581,Mouse,4709,78
364597,Mouse,5521,78
364744,Mouse,4704,69
364770,Elephant,45380,302
364815,Mouse,4949,66
364885,Mouse,4969,69
364959,Mouse,4480,76
364993,Mouse,5781,77
365020,Mouse,4619,87
365039,Mouse,4693,89
365103,Mouse,3940,94
365172,Mouse,5353,80
365208,Elephant,198849,993
365222,Mouse,4554,68
365265,Mouse,5794,70
365281,Mouse,3696,66
365337,Mouse,4709,71
365475,Mouse,3935,68
365517,Elephant,409681,1366
365530,Mouse,5453,82
365678,Mouse,4636,74
365774,Mouse,4176,77
365803,Elephant,289719,1151
365822,Mouse,5654,76
365865,Mouse,5266,69
365902,Mouse,5687,70
366039,Mouse,4221,74
366081,Mouse,4485,87
366111,Mouse,4717,90
366161,Mouse,3317,105
366171,Mouse,5296,108
366206,Mouse,4558,112
366268,Mouse,5663,112
366296,Mouse,4875,118
366309,Elephant,363505,1054
366332,Mouse,4528,84
366336,Mouse,4143,87
366379,Mouse,5286,66
366434,Mouse,5073,69
366562,Mouse,3058,65
366567,Elephant,505239,1705
366640,Mouse,4922,65
366766,Mouse,5715,66
366810,Mouse,3457,65
366815,Mouse,4423,65
367004,Mouse,4023,66
367018,Elephant,259758,1075
367043,Mouse,5625,66
367064,Mouse,3464,64
367072,Mouse,5506,66
367146,Mouse,3787,64
367183,Mouse,3400,64
367294,Mouse,5146,65
367298,Mouse,5291,65
367303,Mouse,5371,65
367447,Mouse,4667,71
367558,Elephant,34868,233
367625,Mouse,4566,68
367716,Mouse,3017,67
367861,Mouse,5716,73
367878,Mouse,4205,77
367904,Mouse,5163,82
367965,Mouse,3777,80
367985,Mouse,3953,88
367999,Elephant,163878,656
368038,Mouse,4835,77
368046,Mouse,5729,76
368060,Mouse,3677,65
368078,Elephant,203230,750
368116,Mouse,3128,65
368128,Mouse,5195,65
368151,Elephant,173197,713
368276,Mouse,4712,65
368304,Mouse,4028,64
368309,Mouse,4161,66
368395,Mouse,3588,65
368478,Mouse,4450,65
368491,Mouse,5546,66
368610,Mouse,3165,64
368625,Mouse,5784,66
368686,Mouse,4417,65
368754,Mouse,5434,66
368985,Mouse,5790,66
369133,Mouse,5165,73
369135,Mouse,3632,70
369194,Mouse,4403,65
369212,Elephant,104415,457
369295,Mouse,3773,66
369324,Mouse,4934,68
369327,Mouse,5769,69
369352,Mouse,4823,65
369392,Mouse,3402,64
369468,Mouse,4388,69
369525,Mouse,5563,66
369532,Mouse,4580,69
369533,Mouse,5357,70
369584,Mouse,4766,73
369591,Mouse,4171,70
369608,Mouse,5312,70
369626,Mouse,4353,68
369652,Mouse,4342,74
369670,Mouse,5254,70
369706,Mouse,4667,75
369707,Mouse,5151,81
369840,Mouse,5821,68
369926,Mouse,5574,79
370159,Mouse,5212,91
370315,Mouse,4012,76
370355,Mouse,4219,72
370387,Mouse,5305,77
370398,Mouse,5431,81
370424,Mouse,3308,78
370468,Elephant,341972,1127
370656,Mouse,4045,71
370791,Elephant,566725,1563
370800,Mouse,5509,69
370804,Mouse,4192,66
370885,Mouse,3467,64
370932,Mouse,3893,64
371041,Mouse,3900,75
371045,Mouse,4001,78
371075,Mouse,5830,89
371151,Mouse,5282,74
371297,Mouse,5275,74
371351,Mouse,3893,95
371359,Mouse,3914,96
371513,Elephant,274701,980
371550,Mouse,5518,77
371577,Elephant,471978,1614
371585,Mouse,4375,71
371618,Mouse,5030,75
371837,Mouse,3796,65
371902,Mouse,3265,66
372024,Mouse,5658,70
372041,Mouse,3231,74
372077,Mouse,3788,78
372109,Mouse,3839,89
372133,Mouse,5005,89
372206,Elephant,211395,783
372288,Mouse,3736,67
372300,Mouse,3693,65
372324,Mouse,4299,68
372396,Mouse,4437,66
372532,Mouse,4118,83
372619,Mouse,3902,86
372629,Mouse,4432,92
372668,Elephant,575859,1747
372736,Mouse,3265,66
372752,Mouse,4023,66
372840,Mouse,4394,68
372967,Mouse,3444,68
372969,Elephant,200203,861
372973,Mouse,3117,70
373004,Mouse,4769,73
373006,Mouse,4697,74
373019,Mouse,3714,77
373131,Elephant,99135,742
373257,Mouse,5386,72
373270,Mouse,5053,71
373298,Mouse,5281,77
373410,Mouse,4393,75
373436,Mouse,4055,77
373498,Mouse,4588,89
373553,Mouse,4049,86
373579,Mouse,3188,90
373607,Mouse,4870,98
373608,Mouse,4208,97
373676,Mouse,5686,97
373748,Mouse,3477,85
373752,Mouse,4963,90
373788,Elephant,385770,1446
373823,Mouse,3264,75
373907,Mouse,5624,75
373949,Mouse,4906,71
373971,Mouse,4513,72
374012,Mouse,5664,74
374025,Mouse,3650,71
374030,Elephant,547056,1414
374116,Mouse,4079,65
374140,Mouse,4765,66
374221,Mouse,4804,67
374274,Mouse,4168,66
374468,Mouse,4939,73
374487,Mouse,4536,66
374516,Mouse,3082,65
374535,Mouse,4220,69
374537,Mouse,3374,69
374586,Mouse,3978,70
374730,Mouse,4075,68
374775,Mouse,4091,65
374825,Mouse,3607,68
374858,Elephant,310452,201440
374889,Mouse,5019,76
374890,Mouse,5792,77
374951,Mouse,4280,65
374963,Mouse,3732,66
374972,Mouse,4593,67
375001,Mouse,5220,67
375023,Mouse,3147,67
375061,Mouse,3232,65
375096,Mouse,4445,68
375258,Mouse,3761,64
375307,Mouse,3566,65
375356,Mouse,4589,67
375365,Mouse,4337,70
375607,Mouse,4407,74
375631,Mouse,5068,78
375730,Mouse,4906,75
375915,Mouse,3558,87
375939,Mouse,5187,89
376010,Elephant,51767,404
376029,Mouse,3529,73
376065,Elephant,378182,1204
376112,Mouse,5068,69
376131,Mouse,5339,68
376179,Mouse,4034,69
376182,Mouse,5675,74
376519,Mouse,4037,95
376537,Mouse,4821,96
376601,Mouse,5527,99
376603,Mouse,3945,98
376616,Mouse,4244,106
376621,Mouse,4423,106
376640,Mouse,3458,107
376701,Mouse,3701,91
376704,Mouse,3514,92
376737,Mouse,4838,69
376778,Mouse,5312,69
376883,Elephant,76992,581
376948,Mouse,3570,75
376962,Mouse,3449,83
376993,Mouse,3582,92
377083,Mouse,4095,67
377087,Elephant,547309,202344
377218,Mouse,5755,74
377263,Mouse,3941,77
377324,Mouse,3915,88
377397,Mouse,5187,79
377446,Mouse,4516,89
377452,Mouse,4347,92
377567,Mouse,3475,70
377614,Mouse,4590,72
377636,Mouse,3177,78
377666,Mouse,5446,88
377714,Elephant,570239,2250
377718,Mouse,3637,91
377784,Mouse,4148,74
377837,Mouse,5080,76
377894,Mouse,4761,67
377960,Mouse,4597,73
377983,Mouse,5395,76
377990,Elephant,397703,1788
377993,Mouse,4000,68
378071,Mouse,4644,67
378255,Mouse,5149,75
378358,Mouse,5174,69
378381,Elephant,522920,2092
378493,Mouse,5619,67
378528,Mouse,5430,65
378573,Mouse,4511,65
378589,Mouse,3853,65
378603,Mouse,5409,66
378645,Mouse,3284,65
378735,Mouse,5425,65
378799,Mouse,4060,64
378896,Mouse,3193,67
378902,Mouse,3814,68
378933,Mouse,4037,64
378970,Mouse,4465,65
379084,Mouse,4188,64
379092,Mouse,3682,64
379426,Mouse,3138,64
379484,Mouse,3721,65
379542,Mouse,5671,72
379550,Mouse,4173,76
379570,Mouse,5495,66
379611,Mouse,4530,74
379681,Mouse,3139,66
379691,Elephant,121994,517
379712,Mouse,4417,70
379769,Mouse,5212,71
379776,Mouse,5748,70
379940,Mouse,3809,64
380100,Elephant,428519,1022
380145,Mouse,5073,66
380178,Mouse,5255,70
380265,Mouse,3419,70
380341,Mouse,3302,67
380403,Mouse,4874,70
380426,Mouse,4174,66
380451,Mouse,3847,72
380456,Mouse,5212,68
380489,Mouse,3153,68
380723,Mouse,5688,70
380815,Mouse,4852,82
380825,Mouse,4674,84
380870,Elephant,408272,1031
380878,Mouse,5072,83
381077,Mouse,3975,67
381152,Mouse,3547,69
381214,Mouse,5700,69
381248,Mouse,4702,66
381485,Mouse,3523,85
381492,Elephant,32739,234
381497,Mouse,3110,87
381582,Mouse,3226,109
381596,Mouse,3466,112
381622,Mouse,5338,118
381721,Elephant,276487,1105
381860,Mouse,5526,68
381931,Elephant,523281,1511
382054,Mouse,3005,63
382065,Mouse,3997,66
382091,Mouse,3202,64
382109,Mouse,5601,68
382135,Mouse,4237,68
382136,Mouse,5556,70
382202,Mouse,5699,66
382233,Mouse,3417,64
382247,Mouse,4827,66
382384,Mouse,4428,65
382416,Mouse,5807,66
382530,Mouse,5334,67
382590,Mouse,3249,64
382754,Mouse,4503,65
382774,Mouse,3847,67
382791,Mouse,4314,65
382910,Mouse,3260,64
383163,Mouse,3718,67
383170,Mouse,3734,71
383173,Elephant,209981,685
383175,Mouse,3641,73
383258,Mouse,5341,65
383272,Mouse,4958,70
383290,Mouse,5615,66
383327,Mouse,5692,66
383376,Mouse,5417,65
383411,Mouse,5351,65
383573,Elephant,139162,542
383595,Mouse,4639,66
383622,Mouse,3781,64
383666,Mouse,5175,66
383698,Mouse,4644,65
383729,Mouse,3943,69
383746,Mouse,5460,66
383802,Elephant,45098,277
383904,Mouse,4856,67
383917,Mouse,4205,65
383993,Mouse,5250,68
384006,Mouse,3674,75
384006,Mouse,5318,77
384017,Mouse,5185,74
384022,Mouse,5412,73
384071,Mouse,3395,67
384121,Mouse,3539,69
384154,Mouse,3277,70
384169,Mouse,4771,71
384249,Mouse,4907,71
384280,Mouse,3570,67
384300,Mouse,3121,74
384396,Mouse,5595,70
384486,Mouse,3451,66
384499,Mouse,3230,72
384534,Mouse,3980,73
384611,Mouse,4009,70
384650,Elephant,188519,805
384680,Mouse,4324,74
384698,Mouse,3406,66
384800,Elephant,551721,1229
384877,Mouse,5606,66
385004,Mouse,5785,66
385128,Mouse,3216,64
385166,Mouse,5021,72
385168,Mouse,3071,65
385177,Mouse,3221,64
385201,Elephant,94049,420
385218,Mouse,5089,65
385233,Mouse,4046,66
385236,Mouse,5577,68
385246,Elephant,59439,334
385263,Mouse,4540,66
385318,Mouse,4008,64
385466,Mouse,5455,69
385512,Mouse,3628,64
385534,Mouse,3319,64
385549,Mouse,3183,64
385556,Mouse,5078,65
385568,Mouse,4267,65
385634,Mouse,4576,66
385638,Mouse,3252,66
385755,Mouse,3560,64
385772,Mouse,5611,66
385777,Mouse,4249,64
385840,Mouse,3747,64
385860,Mouse,3464,64
385863,Mouse,4102,64
385871,Mouse,3270,64
385913,Mouse,5178,65
385964,Mouse,4932,70
386030,Mouse,4537,65
386174,Mouse,5384,67
386271,Mouse,3859,67
386298,Mouse,4300,65
386416,Mouse,4585,69
386422,Mouse,3589,71
386473,Mouse,4073,64
386485,Elephant,251648,760
386537,Mouse,3830,66
386544,Mouse,3190,66
386592,Mouse,5044,68
386619,Mouse,5622,66
386638,Mouse,5350,72
386657,Mouse,3219,64
386683,Mouse,4564,65
386739,Mouse,3911,67
386792,Mouse,5496,75
386799,Mouse,3885,73
386814,Mouse,3294,70
386910,Mouse,3608,68
386915,Mouse,4618,70
387161,Mouse,5827,78
387196,Mouse,3392,90
387307,Mouse,3533,90
387383,Mouse,5289,104
387418,Elephant,269308,1032
387513,Mouse,4654,69
387623,Mouse,3715,64
387794,Elephant,291518,1166
387802,Mouse,4768,77
388002,Mouse,3026,90
388051,Elephant,114361,553
388088,Mouse,4924,91
388107,Mouse,3389,81
388108,Mouse,4506,84
388127,Mouse,3438,78
388195,Mouse,5448,73
388201,Elephant,159778,201246
388208,Elephant,242580,201871
388245,Mouse,5093,77
388256,Mouse,4042,67
388275,Elephant,262120,1234
388290,Mouse,3685,72
388355,Mouse,3177,67
388432,Mouse,3106,64
388459,Mouse,5221,74
388522,Mouse,4116,78
388536,Mouse,4289,76
388553,Mouse,4251,72
388692,Mouse,5605,81
388716,Elephant,47132,320
388736,Mouse,5796,82
388797,Mouse,4440,87
388828,Mouse,4777,92
388864,Mouse,5004,86
388908,Mouse,5266,85
388921,Mouse,3352,90
388937,Mouse,4187,85
388943,Mouse,4283,86
389017,Mouse,5281,71
389021,Elephant,402793,1179
389042,Mouse,3614,65
389096,Mouse,3795,67
389184,Mouse,4152,67
389189,Mouse,5797,70
389222,Mouse,3688,64
389329,Mouse,5052,69
389338,Mouse,3218,70
389391,Elephant,243415,1063
389393,Mouse,5498,76
389401,Mouse,3078,64
389430,Mouse,5658,66
389575,Mouse,5353,65
389585,Mouse,3686,67
389607,Mouse,5135,65
389647,Mouse,4165,66
389693,Mouse,3401,67
389715,Mouse,4509,66
389753,Mouse,3587,69
389864,Mouse,4923,71
389991,Mouse,4200,71
390099,Mouse,4992,75
390181,Elephant,470934,1094
390268,Mouse,4558,69
390319,Mouse,4268,68
390349,Mouse,4165,69
390389,Mouse,3200,65
390481,Mouse,4879,70
390521,Elephant,65025,372
390541,Mouse,4934,77
390544,Mouse,3548,76
390567,Mouse,3357,70
390643,Mouse,4068,69
390687,Mouse,5619,70
390691,Mouse,3497,70
390759,Mouse,4500,69
390944,Elephant,477164,1262
390946,Mouse,3760,66
390991,Mouse,4655,67
391000,Mouse,4244,64
391131,Mouse,3357,64
391194,Mouse,3097,64
391226,Mouse,3306,68
391253,Mouse,3485,64
391299,Mouse,4293,65
391489,Mouse,3671,66
391543,Mouse,3174,64
391592,Mouse,5126,65
391673,Mouse,4531,65
391716,Mouse,5062,66
391750,Mouse,3061,64
391762,Mouse,5750,66
391777,Mouse,4819,65
391785,Mouse,5236,68
391801,Mouse,5529,70
391803,Mouse,3274,67
391844,Mouse,3510,70
391855,Mouse,4393,65
391880,Mouse,4673,71
391938,Mouse,5648,71
392032,Mouse,5188,70
392076,Mouse,3074,68
392098,Mouse,4878,70
392125,Mouse,4990,72
392157,Mouse,4231,71
392249,Mouse,3569,83
392252,Mouse,5428,87
392259,Mouse,3527,88
392303,Mouse,4658,100
392348,Mouse,3626,103
392506,Mouse,5115,77
392525,Mouse,4685,66
392544,Mouse,3266,70
392550,Elephant,436853,1177
392701,Mouse,3105,67
392765,Mouse,4707,71
392808,Mouse,3031,73
392931,Mouse,3103,86
392934,Mouse,3866,89
393033,Mouse,3163,85
393044,Mouse,3660,78
393066,Mouse,3696,75
393075,Mouse,5653,75
393088,Elephant,262476,1241
393094,Mouse,4195,70
393102,Mouse,4990,69
393137,Mouse,5305,66
393205,Mouse,4565,68
393215,Mouse,5533,71
393287,Elephant,135569,733
393339,Mouse,5612,73
393346,Mouse,5135,73
393385,Mouse,5041,79
393385,Mouse,3987,82
393482,Mouse,4042,67
393583,Mouse,5641,85
393617,Elephant,455692,1728
393647,Mouse,5510,91
393699,Elephant,81283,457
393800,Mouse,5646,69
393818,Elephant,341149,1309
393913,Mouse,3511,67
393945,Mouse,3258,64
393996,Mouse,5154,69
394031,Mouse,5714,67
394178,Mouse,3070,64
394442,Mouse,4844,65
394501,Mouse,4345,70
394502,Elephant,188264,720
394611,Mouse,4891,72
394618,Mouse,3459,73
394768,Mouse,4182,66
394848,Mouse,4967,65
395090,Mouse,4210,71
395145,Mouse,5808,84
395180,Elephant,390114,1000
395186,Mouse,5459,84
395205,Mouse,5072,82
395225,Mouse,4452,79
395231,Mouse,4846,70
395318,Mouse,4440,65
395367,Mouse,5182,65
395413,Mouse,4787,66
395454,Mouse,5333,65
395458,Mouse,3095,64
395537,Mouse,5653,71
395567,Mouse,4882,68
395594,Mouse,5000,76
395598,Mouse,4222,66
395616,Mouse,4504,70
395646,Elephant,153945,791
395654,Mouse,4547,67
395656,Mouse,5306,69
395664,Mouse,3157,72
395728,Mouse,3005,66
395756,Mouse,3259,67
395778,Mouse,4537,70
395859,Mouse,4429,68
395966,Mouse,4244,65
395978,Mouse,3165,67
396020,Mouse,4317,67
396066,Mouse,4090,66
396081,Mouse,5387,70
396090,Elephant,459592,1096
396215,Mouse,4799,65
396593,Mouse,4193,67
396771,Mouse,4435,65
396895,Mouse,4464,69
396908,Mouse,3184,66
396949,Mouse,5200,74
397037,Mouse,5393,67
397137,Mouse,4778,74
397166,Mouse,5262,65
397357,Elephant,452288,1049
397465,Mouse,3293,66
397465,Mouse,3030,66
397490,Mouse,3623,64
397541,Mouse,4857,65
397607,Mouse,3390,64
397643,Mouse,3966,64
397747,Mouse,5600,69
397748,Mouse,5484,69
397804,Mouse,5503,67
397815,Mouse,4035,69
397955,Mouse,3145,72
397962,Mouse,4114,75
397987,Mouse,5269,68
398073,Mouse,3506,65
398086,Mouse,3702,67
398125,Mouse,4007,68
398168,Mouse,4151,71
398171,Mouse,5643,75
398222,Mouse,4531,81
398236,Mouse,4810,78
398280,Mouse,5397,94
398304,Mouse,5698,83
398475,Mouse,3334,71
398547,Mouse,5084,72
398549,Mouse,3213,73
398598,Mouse,4690,80
398645,Mouse,5147,82
398705,Mouse,3587,81
398723,Mouse,3700,85
398732,Mouse,3001,90
398743,Mouse,5359,94
398778,Mouse,3453,91
398778,Elephant,440481,1293
398812,Mouse,4918,81
399082,Mouse,5290,75
399136,Mouse,5587,78
399148,Mouse,5376,84
399243,Mouse,4469,80
399245,Elephant,454000,1465
399250,Mouse,4709,70
399279,Mouse,3901,68
399334,Mouse,3096,64
399337,Mouse,3490,64
399450,Elephant,549981,1668
399486,Mouse,5787,68
399569,Mouse,3781,67
399586,Elephant,87343,200787
399653,Mouse,4829,68
399673,Mouse,4308,65
399688,Mouse,4635,69
399801,Mouse,3988,64
399938,Mouse,5257,78
400052,Mouse,3078,76
400293,Mouse,3837,108
400328,Mouse,5294,103
400335,Elephant,294041,1027
400338,Elephant,507314,1435
400516,Mouse,5619,66
400575,Mouse,4148,70
400767,Mouse,4235,74
400779,Mouse,5697,75
400786,Mouse,3933,76
400827,Mouse,3036,75
400924,Mouse,3762,71
400993,Mouse,4857,79
401052,Mouse,4100,89
401122,Mouse,4195,93
401155,Mouse,5651,101
401182,Mouse,3910,98
401194,Mouse,4461,104
401290,Mouse,3686,65
401338,Mouse,3879,68
401364,Mouse,3085,72
401379,Mouse,3053,75
401470,Mouse,3448,72
401501,Elephant,459998,201912
401518,Elephant,438358,1664
401561,Mouse,3373,70
401575,Mouse,3138,76
401672,Mouse,3761,68
401687,Mouse,4771,78
401702,Mouse,4826,68
401714,Mouse,5469,71
401783,Mouse,3136,68
401823,Mouse,3543,68
401866,Mouse,5227,71
401943,Elephant,297715,1447
401992,Mouse,3606,65
402040,Mouse,3864,69
402048,Mouse,3533,70
402072,Mouse,3782,65
402199,Mouse,5776,72
402227,Mouse,5787,69
402244,Mouse,4806,72
402249,Elephant,268884,802
402285,Mouse,3046,65
402461,Mouse,3534,64
402918,Mouse,5571,68
402973,Mouse,3237,64
402981,Elephant,291319,837
403013,Mouse,5642,69
403038,Mouse,4615,65
403049,Mouse,3623,64
403097,Mouse,5667,67
403158,Mouse,3409,64
403293,Mouse,4105,64
403329,Mouse,5692,66
403358,Mouse,3804,69
403362,Mouse,5316,72
403362,Mouse,3783,73
403457,Mouse,3258,66
403471,Mouse,4091,64
403529,Mouse,3271,64
403603,Mouse,4022,64
403675,Mouse,5175,69
403680,Mouse,3034,70
403689,Mouse,4436,68
403693,Mouse,4780,69
403708,Mouse,4453,65
403734,Mouse,5763,75
403775,Mouse,5671,70
403954,Mouse,4689,67
404052,Mouse,3836,71
404054,Mouse,5443,73
404057,Elephant,339785,201509
404097,Mouse,5007,73
404213,Mouse,4546,68
404220,Elephant,38679,246
404241,Mouse,3654,64
404286,Mouse,3872,64
404294,Mouse,4018,68
404322,Mouse,5088,65
404467,Mouse,5164,67
404497,Mouse,5581,66
404520,Mouse,5181,70
404534,Mouse,4375,74
404668,Mouse,4997,65
404718,Elephant,45983,278
404754,Mouse,3240,65
404790,Mouse,3460,65
404887,Mouse,4474,65
404911,Mouse,4793,69
404993,Elephant,466436,1067
405098,Mouse,5568,66
405163,Mouse,3625,64
405218,Mouse,3032,64
405262,Mouse,3063,64
405293,Mouse,4461,65
405323,Mouse,5796,66
405337,Mouse,5541,67
405341,Mouse,3616,66
405429,Mouse,4041,67
405486,Mouse,5675,67
405609,Mouse,4143,69
405646,Elephant,51074,372
405655,Mouse,4228,65
405668,Mouse,5210,67
405673,Mouse,5476,67
405809,Mouse,4661,65
405857,Mouse,3449,64
405929,Mouse,5505,70
405937,Mouse,3221,70
406117,Mouse,5193,67
406185,Mouse,3734,65
406190,Elephant,284063,810
406338,Mouse,4703,67
406347,Mouse,4565,71
406354,Mouse,3638,66
406366,Mouse,4035,64
406444,Mouse,4438,65
406504,Mouse,3636,64
406774,Mouse,4233,67
406805,Mouse,4816,65
406900,Mouse,5731,66
407039,Mouse,3381,64
407083,Mouse,5535,66
407238,Mouse,3018,64
407302,Mouse,3822,64
407510,Mouse,3066,66
407702,Elephant,191360,649
407746,Mouse,3066,69
407866,Mouse,3000,63
408003,Mouse,4812,65
408057,Mouse,4930,65
408110,Mouse,3263,68
408129,Mouse,5388,75
408149,Elephant,132109,537
408164,Mouse,3067,67
408217,Mouse,5787,69
408235,Mouse,4670,66
408251,Mouse,4166,64
408268,Mouse,3883,72
408273,Mouse,4765,74
408379,Mouse,4994,69
408417,Mouse,4436,68
408510,Mouse,4210,65
408590,Mouse,3001,67
408680,Mouse,5549,70
408745,Elephant,472234,1170
408750,Mouse,5736,70
408818,Mouse,3179,66
408849,Mouse,4578,65
408852,Mouse,4010,65
408857,Mouse,5118,66
408916,Mouse,5715,70
409063,Mouse,4272,69
409121,Elephant,298457,853
409261,Mouse,5682,66
409369,Mouse,5394,66
409373,Mouse,5078,66
409410,Mouse,3020,64
409500,Mouse,4634,65
409516,Mouse,4791,65
409527,Mouse,4035,67
409548,Mouse,4915,65
409694,Mouse,4163,67
409784,Elephant,89915,414
409855,Mouse,3020,64
409933,Mouse,3108,64
409943,Mouse,5542,68
409954,Mouse,4748,65
410118,Mouse,3432,65
410163,Mouse,3684,66
410198,Mouse,4970,65
410209,Mouse,4558,65
410212,Mouse,3157,65
410255,Mouse,4951,66
410281,Mouse,3203,66
410294,Mouse,4925,65
410306,Mouse,5502,68
410332,Mouse,4889,68
410379,Mouse,3772,72
410533,Mouse,4427,80
410572,Mouse,3013,74
410585,Mouse,5835,80
410592,Mouse,5139,83
410634,Elephant,241848,781
410749,Mouse,4194,67
410791,Mouse,5082,70
410836,Mouse,3586,64
410871,Mouse,5816,67
410894,Mouse,5152,67
411010,Mouse,4423,65
411021,Mouse,5637,66
411066,Mouse,4004,66
411079,Mouse,3762,69
411121,Elephant,151012,768
411167,Mouse,3023,64
411348,Mouse,3034,73
411360,Mouse,3349,82
411368,Elephant,510969,1387
411370,Elephant,77492,400
411407,Mouse,4528,79
411500,Mouse,4075,66
411524,Mouse,5612,69
411617,Mouse,5766,67
411639,Mouse,3353,68
411652,Mouse,5595,73
411682,Mouse,3064,64
411725,Mouse,4002,67
411768,Mouse,3523,67
411794,Mouse,4304,69
411820,Mouse,4571,70
411965,Mouse,4529,70
411996,Mouse,4114,67
412017,Mouse,5002,75
412096,Mouse,4894,74
412144,Mouse,5365,81
412146,Mouse,3118,81
412309,Elephant,396560,1139
412349,Mouse,3417,86
412369,Elephant,446127,1136
412380,Mouse,3053,67
412414,Mouse,5093,67
412436,Mouse,3382,64
412453,Mouse,5784,66
412499,Mouse,4438,65
412537,Mouse,4056,67
412564,Mouse,5456,66
412581,Mouse,3178,64
412599,Mouse,5677,66
412691,Mouse,3301,64
412843,Mouse,4113,64
412856,Mouse,3948,64
412908,Mouse,5564,66
412939,Mouse,4509,65
412995,Mouse,5059,65
413012,Mouse,4949,65
413078,Mouse,4691,65
413140,Mouse,3110,65
413184,Mouse,3084,66
413207,Mouse,5623,70
413232,Mouse,3305,67
413276,Mouse,3773,65
413315,Mouse,5775,68
413328,Mouse,3964,67
413361,Mouse,3683,64
413428,Mouse,3970,67
413481,Mouse,4330,73
413497,Mouse,4546,77
413503,Mouse,5589,75
413550,Mouse,4859,77
413562,Mouse,3469,77
413564,Mouse,4484,79
413600,Mouse,5602,75
413632,Mouse,3126,77
413658,Mouse,4942,70
413678,Mouse,4408,74
413769,Mouse,3457,73
413817,Mouse,5437,83
413818,Mouse,5534,83
413832,Mouse,4637,87
414073,Mouse,5776,71
414219,Mouse,5483,80
414281,Mouse,3194,89
414288,Mouse,3106,93
414303,Elephant,542490,1383
414308,Elephant,521325,1329
414345,Mouse,3247,83
414415,Mouse,3651,64
414444,Mouse,5616,68
414589,Mouse,4996,65
414619,Mouse,3269,70
414620,Mouse,4282,71
414628,Mouse,4543,74
414672,Mouse,3100,69
414689,Mouse,3345,66
414735,Mouse,5063,66
414761,Mouse,5474,66
414764,Mouse,3132,64
414769,Mouse,4567,65
414812,Mouse,3971,64
414843,Mouse,4643,69
414888,Mouse,4614,66
414969,Mouse,3222,67
414978,Mouse,4301,67
414989,Mouse,3554,64
415071,Mouse,4618,66
415120,Mouse,4239,66
415195,Mouse,5773,74
415252,Mouse,4862,76
415296,Mouse,5653,71
415351,Elephant,84073,417
415467,Mouse,5714,72
415502,Mouse,3528,67
415522,Mouse,4529,74
415546,Elephant,499580,1127
415668,Mouse,5792,66
415677,Mouse,5056,65
415725,Mouse,4021,68
415755,Mouse,5373,65
415790,Mouse,4158,66
415836,Mouse,3304,64
415878,Mouse,4806,65
415996,Mouse,4587,66
416034,Mouse,3815,71
416037,Mouse,3488,73
416081,Elephant,139090,552
416099,Mouse,4775,68
416101,Mouse,4456,68
416116,Mouse,5532,67
416121,Mouse,3095,67
416125,Mouse,5447,69
416127,Mouse,4224,69
416200,Mouse,4221,64
416206,Mouse,3601,64
416211,Mouse,3855,64
416215,Mouse,4384,65
416236,Mouse,3205,66
416271,Mouse,4711,67
416287,Mouse,5083,72
416293,Mouse,3892,71
416349,Mouse,5377,68
416356,Mouse,3869,69
416483,Mouse,3760,66
416531,Mouse,5041,69
416549,Mouse,4604,73
416577,Mouse,4767,70
416613,Mouse,4224,76
416686,Mouse,5208,71
416710,Mouse,3688,71
416765,Elephant,141236,561
416806,Mouse,4131,68
416848,Mouse,3994,68
416862,Mouse,5497,68
416880,Elephant,341144,968
416910,Mouse,4681,70
416918,Mouse,5042,70
416944,Mouse,4065,65
416951,Mouse,5583,67
417064,Mouse,4507,65
417101,Mouse,3630,67
417106,Mouse,3270,69
417287,Mouse,5292,81
417331,Mouse,4467,88
417533,Mouse,5724,104
417557,Mouse,3061,103
417569,Mouse,3594,100
417614,Mouse,3582,92
417622,Mouse,3523,89
417645,Mouse,3444,85
417651,Mouse,3063,81
417714,Mouse,5584,77
417721,Mouse,3804,75
417730,Mouse,3370,74
417778,Mouse,5151,76
417823,Mouse,3123,72
417937,Mouse,3617,93
417951,Mouse,3735,98
417968,Mouse,4770,101
418009,Mouse,4145,115
418012,Mouse,5477,117
418133,Mouse,3090,110
418181,Mouse,5285,86
418280,Mouse,4807,78
418317,Mouse,4209,76
418378,Elephant,116037,822
418463,Mouse,3974,75
418526,Mouse,4452,86
418556,Mouse,5326,92
418644,Mouse,5822,84
418664,Mouse,3371,72
418665,Mouse,3634,73
418705,Mouse,4299,79
418802,Mouse,4431,83
418811,Mouse,5804,89
418880,Mouse,5520,86
419106,Mouse,4906,94
419150,Mouse,3901,95
419154,Elephant,322450,2219
419175,Mouse,5175,98
419180,Mouse,4173,98
419205,Mouse,3456,101
419217,Mouse,3835,89
419278,Mouse,5536,71
419350,Mouse,5267,77
419392,Mouse,5259,75
419430,Elephant,542944,2734
419441,Elephant,505493,2743
419447,Mouse,4490,75
419465,Mouse,5598,76
419487,Mouse,5377,66
419518,Mouse,3030,71
419551,Mouse,4142,65
419597,Mouse,3673,67
419654,Mouse,3661,67
419702,Mouse,4334,66
419716,Mouse,3360,65
419848,Mouse,3718,71
419863,Mouse,4205,69
419873,Mouse,3921,65
419895,Mouse,5454,71
419953,Mouse,5320,72
419987,Mouse,4652,69
420024,Mouse,5809,75
420084,Mouse,4464,69
420143,Mouse,5139,71
420177,Mouse,3062,68
420225,Mouse,5815,75
420236,Mouse,5129,74
420271,Mouse,3368,78
420293,Mouse,4754,82
420293,Mouse,4920,83
420339,Mouse,3239,81
420511,Mouse,5289,73
420592,Mouse,3993,66
420627,Mouse,3696,68
420649,Mouse,3256,69
420657,Mouse,5047,73
420724,Mouse,5175,72
420731,Mouse,4869,76
420741,Mouse,5145,74
420829,Mouse,5599,67
420909,Mouse,3500,68
420922,Mouse,4034,66
421010,Mouse,5127,66
421197,Elephant,572014,1516
421207,Mouse,5208,67
421310,Mouse,5449,66
421321,Mouse,3826,67
421342,Mouse,3044,67
421379,Mouse,3703,64
421389,Mouse,4437,65
421392,Mouse,3176,64
421418,Mouse,5339,65
421523,Mouse,4443,65
421665,Mouse,4554,68
421785,Mouse,3066,65
421819,Mouse,5471,72
421820,Elephant,42089,275
421885,Mouse,4843,69
421933,Mouse,5533,71
421974,Elephant,276314,807
421989,Mouse,3607,68
422105,Mouse,3933,64
422124,Mouse,5478,66
422169,Mouse,4329,70
422182,Mouse,5133,65
422256,Mouse,3451,64
422371,Mouse,4507,65
422400,Mouse,5087,65
422519,Mouse,5235,65
422642,Mouse,4914,65
422741,Mouse,5458,70
422790,Mouse,3691,72
422820,Mouse,5758,67
422843,Mouse,4364,70
422880,Mouse,3810,67
422904,Mouse,4352,75
422953,Mouse,4662,75
422964,Mouse,4645,77
423088,Mouse,3384,75
423222,Mouse,3630,93
423248,Elephant,218456,769
423263,Mouse,4706,96
423269,Mouse,3171,93
423418,Elephant,338555,1002
423617,Elephant,199946,923
423748,Mouse,3149,65
423760,Mouse,4275,68
423870,Mouse,4313,75
424091,Mouse,3139,71
424194,Mouse,3421,73
424219,Mouse,3855,78
424257,Mouse,4278,86
424374,Mouse,5716,75
424378,Mouse,4023,77
424428,Mouse,5569,81
424433,Mouse,3009,83
424633,Elephant,588328,1334
424735,Mouse,5389,73
424828,Elephant,309217,1131
424887,Mouse,5808,67
425067,Mouse,4193,70
425172,Mouse,5338,82
425259,Mouse,4805,94
425274,Mouse,3680,99
425449,Mouse,5531,72
425469,Mouse,4130,69
425483,Mouse,3810,73
425513,Mouse,3766,83
425555,Mouse,3590,84
425596,Mouse,5455,74
425606,Mouse,5255,77
425657,Mouse,3305,74
425683,Mouse,3652,84
425686,Mouse,5189,84
425823,Mouse,5412,68
425916,Elephant,546267,1574
425937,Mouse,3926,66
425959,Mouse,5749,72
426023,Mouse,5289,65
426079,Mouse,3960,65
426086,Mouse,4056,67
426173,Mouse,4498,68
426312,Mouse,3790,71
426354,Mouse,3762,74
426365,Mouse,5792,82
426515,Mouse,5656,81
426613,Mouse,4094,77
426642,Mouse,3405,82
426660,Mouse,5013,90
426679,Mouse,5293,93
426738,Mouse,5620,103
426769,Elephant,522869,1906
426788,Mouse,4182,80
426800,Mouse,5458,86
426961,Mouse,4881,75
427024,Elephant,45525,466
427116,Mouse,3531,75
427210,Mouse,5652,79
427228,Mouse,5395,79
427250,Mouse,4797,83
427365,Mouse,4717,74
427454,Mouse,4781,88
427489,Mouse,4128,90
427492,Mouse,3918,91
427508,Mouse,5511,101
427541,Mouse,4297,106
427544,Mouse,5363,109
427571,Mouse,4899,113
427636,Mouse,3973,96
427690,Mouse,5010,79
427718,Mouse,3951,83
427742,Elephant,379318,1633
427790,Mouse,3394,74
428004,Mouse,5572,74
428014,Mouse,3654,66
428060,Elephant,528839,2109
428106,Mouse,5641,73
428175,Mouse,4346,66
428180,Mouse,4358,67
428194,Mouse,5049,73
428211,Mouse,3888,71
428243,Mouse,3718,70
428258,Mouse,3716,73
428272,Mouse,3781,76
428295,Mouse,5753,74
428340,Mouse,3642,74
428403,Mouse,4003,83
428438,Mouse,4710,96
428456,Mouse,3111,99
428579,Mouse,5709,105
428687,Mouse,3291,67
428705,Mouse,3801,76
428866,Elephant,509943,1845
428876,Mouse,5692,83
428895,Mouse,3476,86
428957,Mouse,4088,80
428969,Mouse,5076,72
428990,Mouse,4263,76
429016,Mouse,4438,74
429037,Mouse,4845,76
429067,Mouse,4595,70
429172,Mouse,4296,70
429191,Mouse,3304,77
429214,Mouse,5539,86
429228,Mouse,3421,82
429235,Elephant,394019,1454
429361,Mouse,5700,73
429387,Mouse,5483,68
429410,Elephant,124079,844
429464,Mouse,4604,68
429497,Mouse,4366,66
429617,Mouse,4389,71
429620,Mouse,4341,74
429625,Mouse,5010,77
429681,Mouse,3699,77
429770,Elephant,549621,1739
429797,Mouse,4633,66
429835,Mouse,3917,64
429846,Mouse,4554,67
429970,Mouse,3693,65
429992,Mouse,3586,64
430022,Mouse,3020,64
430063,Mouse,3907,67
430149,Mouse,4771,66
430307,Mouse,5181,67
430320,Mouse,3113,65
430370,Mouse,5587,66
430378,Mouse,5831,66
430428,Mouse,4781,65
430438,Mouse,3610,67
430549,Mouse,3585,64
430600,Mouse,4918,65
430624,Mouse,3293,70
430658,Mouse,5192,70
430675,Mouse,3234,64
430681,Mouse,3836,65
430827,Mouse,5521,69
430836,Mouse,5030,70
430864,Mouse,3015,73
430878,Mouse,4897,70
431123,Mouse,3764,69
431127,Mouse,4357,68
431193,Elephant,396138,994
431211,Mouse,3523,64
431350,Mouse,3601,67
431362,Mouse,5591,72
431538,Mouse,4439,66
431539,Elephant,258092,793
431577,Mouse,4889,65
431600,Mouse,5732,66
431614,Mouse,3342,64
431688,Mouse,3527,64
431807,Mouse,4751,65
431827,Mouse,4910,65
431865,Mouse,5736,66
431874,Mouse,4023,64
431911,Mouse,4603,66
431963,Mouse,3039,64
431999,Mouse,3014,64
432005,Mouse,5573,66
432069,Mouse,3740,64
432086,Mouse,3683,64
432090,Mouse,4357,65
432399,Mouse,4302,66
432426,Mouse,4095,64
432441,Mouse,4794,69
432607,Mouse,5185,69
432621,Mouse,4738,67
432656,Elephant,88252,415
432723,Mouse,5531,66
432829,Mouse,4792,65
432883,Mouse,5151,65
432984,Mouse,4683,65
433120,Mouse,3551,66
433120,Mouse,3150,66
433174,Mouse,5399,67
433246,Mouse,3120,64
433260,Mouse,4276,65
433285,Mouse,5108,69
433299,Mouse,5636,66
433444,Mouse,4542,65
433499,Mouse,3334,66
433516,Mouse,3062,64
433539,Mouse,4593,68
433546,Mouse,3597,69
433556,Mouse,3223,73
433557,Mouse,5085,76
433610,Mouse,4634,79
433620,Mouse,3594,78
433622,Mouse,5477,84
433737,Mouse,5559,66
433799,Mouse,5283,67
433851,Mouse,3633,68
433885,Mouse,5689,69
433999,Mouse,5494,71
434088,Mouse,3134,65
434092,Elephant,523269,1223
434116,Mouse,5437,67
434139,Mouse,4975,65
434176,Mouse,5071,68
434178,Mouse,5606,69
434200,Mouse,4178,64
434256,Elephant,107568,465
434298,Mouse,5776,67
434312,Mouse,3395,64
434385,Mouse,4645,66
434388,Mouse,4987,66
434594,Mouse,4116,64
434679,Mouse,3641,64
434754,Mouse,4738,65
434770,Mouse,4230,65
434823,Mouse,4495,69
434994,Mouse,3407,66
435124,Mouse,3260,67
435195,Mouse,4802,74
435251,Mouse,4555,70
435304,Mouse,5275,71
435377,Mouse,5596,77
435449,Mouse,4057,78
435572,Elephant,491400,1245
435809,Mouse,4877,65
435817,Mouse,3276,66
435926,Mouse,3412,64
435950,Mouse,5049,67
436015,Mouse,3075,68
436042,Elephant,498919,1333
436083,Mouse,4910,65
436192,Mouse,4353,65
436252,Mouse,4831,65
436265,Mouse,3139,64
436291,Mouse,3035,64
436315,Mouse,4267,65
436329,Mouse,5077,66
436332,Mouse,5343,68
436337,Mouse,3194,64
436375,Mouse,5453,71
436453,Mouse,3709,64
436489,Mouse,5454,69
436511,Mouse,4742,66
436522,Mouse,4463,66
436530,Mouse,4699,71
436678,Mouse,4617,65
436699,Mouse,4597,69
436709,Mouse,4811,72
436722,Mouse,3954,66
436731,Mouse,4999,65
436747,Mouse,4411,74
436748,Mouse,5053,74
436919,Mouse,5452,72
436970,Mouse,4225,74
437037,Mouse,4178,76
437042,Mouse,3563,76
437090,Mouse,4450,79
437137,Mouse,5116,87
437161,Mouse,3474,90
437234,Mouse,5775,97
437247,Mouse,5020,92
437335,Mouse,4468,80
437392,Mouse,5585,70
437450,Mouse,3222,70
437480,Mouse,3510,81
437496,Elephant,277379,982
437507,Mouse,4854,74
437518,Mouse,5759,76
437534,Mouse,3573,85
437589,Mouse,3358,74
437632,Mouse,5711,72
437639,Elephant,195085,836
437739,Mouse,3173,64
437755,Mouse,5837,69
437821,Elephant,565931,1448
437833,Mouse,3438,64
437845,Mouse,3437,64
437912,Mouse,5414,65
437963,Mouse,3818,64
437989,Mouse,4325,65
438012,Mouse,3705,64
438032,Mouse,3379,65
438081,Mouse,4426,65
438114,Mouse,4468,65
438135,Mouse,5003,66
438166,Mouse,5621,66
438275,Mouse,3491,64
438442,Elephant,103115,455
438530,Mouse,4906,65
438564,Mouse,3731,64
438588,Mouse,3991,67
438615,Mouse,3113,64
438638,Mouse,3238,65
438764,Mouse,5413,71
438767,Mouse,3769,72
438773,Mouse,3408,75
438782,Mouse,5563,66
438791,Mouse,3485,66
438851,Mouse,4064,64
438894,Mouse,3741,65
438918,Mouse,3290,65
438951,Mouse,4721,69
438967,Mouse,4495,65
438986,Mouse,3941,66
439064,Mouse,4280,68
439087,Mouse,3813,67
439098,Mouse,5690,67
439145,Mouse,3761,68
439148,Mouse,3877,69
439228,Mouse,4711,66
439303,Mouse,5202,69
439315,Mouse,3564,64
439422,Mouse,5697,67
439433,Mouse,5314,69
439449,Mouse,3873,70
439486,Mouse,3518,65
439495,Mouse,5397,70
439563,Elephant,554962,1170
439584,Mouse,4264,65
439674,Mouse,4346,65
439685,Mouse,4050,64
439721,Mouse,5783,66
439740,Mouse,5302,66
439827,Mouse,4411,65
439914,Mouse,5143,65
439995,Mouse,4089,64
440021,Mouse,5589,66
440036,Mouse,4237,66
440066,Mouse,3425,64
440081,Mouse,4007,64
440152,Mouse,4587,65
440192,Mouse,5030,65
440218,Mouse,5708,66
440295,Mouse,4694,65
440411,Mouse,4433,65
440421,Mouse,4198,64
440457,Mouse,5449,66
440470,Mouse,3782,64
440502,Mouse,4591,65
440577,Mouse,5208,65
440594,Mouse,3771,67
440617,Mouse,4014,64
440648,Mouse,3994,67
440728,Mouse,5203,65
440735,Mouse,4661,70
440753,Mouse,3502,64
440807,Mouse,4857,70
440856,Mouse,4436,72
440920,Mouse,3750,67
440926,Mouse,3513,72
440967,Mouse,3463,72
440998,Mouse,5245,69
441009,Mouse,5590,76
441081,Mouse,3119,75
441306,Mouse,3721,77
441359,Mouse,4444,79
441424,Elephant,263906,943
441440,Mouse,3226,81
441615,Mouse,3628,64
441683,Mouse,3708,66
441709,Elephant,562317,1298
441731,Mouse,5046,66
441796,Mouse,3303,66
441816,Mouse,5469,68
441853,Elephant,237680,964
441861,Mouse,4116,66
441969,Mouse,3273,64
442021,Mouse,5429,69
442032,Mouse,4951,74
442073,Mouse,5642,74
442095,Mouse,4686,65
442139,Mouse,4426,68
442140,Mouse,5333,69
442149,Mouse,3360,69
442155,Mouse,5737,72
442168,Mouse,3507,68
442375,Mouse,4210,73
442413,Mouse,3363,85
442468,Mouse,3135,103
442495,Mouse,3766,102
442557,Mouse,3858,117
442589,Mouse,3541,118
442602,Mouse,3419,122
442612,Mouse,4346,123
442615,Mouse,5299,122
442659,Mouse,4660,100
442972,Mouse,3102,64
443065,Mouse,3219,75
443110,Mouse,3603,81
443164,Mouse,3267,86
443190,Mouse,3691,91
443195,Mouse,5815,95
443247,Elephant,308910,1296
443253,Mouse,3343,92
443255,Mouse,5518,95
443284,Mouse,3663,91
443320,Mouse,5656,77
443324,Elephant,544764,1673
443335,Mouse,4659,67
443344,Mouse,3094,66
443350,Mouse,4565,65
443395,Mouse,5549,67
443515,Mouse,3805,66
443650,Mouse,3383,73
443782,Mouse,4728,74
443819,Mouse,4449,83
443825,Mouse,3404,84
443849,Mouse,3804,92
443989,Mouse,5093,69
444019,Mouse,3131,67
444033,Mouse,4186,67
444144,Elephant,549085,2015
444216,Mouse,4136,70
444229,Mouse,5192,72
444265,Elephant,63166,624
444313,Mouse,4868,65
444344,Mouse,5500,68
444374,Mouse,4082,67
444388,Mouse,5469,71
444393,Mouse,3510,77
444453,Mouse,4469,70
444580,Mouse,4979,68
444601,Mouse,4180,68
444737,Mouse,4935,74
444802,Mouse,5546,77
444816,Elephant,585306,1505
445012,Elephant,185561,656
445058,Mouse,4635,72
445062,Mouse,5468,68
445149,Elephant,65439,371
445173,Mouse,3498,68
445175,Mouse,4256,70
445178,Mouse,3325,68
445198,Mouse,4320,65
445238,Mouse,3926,64
445417,Mouse,4484,69
445437,Mouse,5167,71
445460,Mouse,3082,68
445503,Mouse,3739,67
445541,Mouse,4922,68
445548,Mouse,4526,71
445595,Mouse,3225,69
445626,Mouse,3379,66
445702,Mouse,3352,67
445712,Mouse,3907,70
445729,Elephant,271450,800
445736,Mouse,3576,67
445737,Mouse,4319,68
445894,Mouse,5563,70
445947,Mouse,4817,74
445964,Mouse,5308,76
445976,Mouse,5008,80
445985,Mouse,5517,71
446003,Mouse,5562,74
446087,Mouse,3802,67
446092,Mouse,5484,71
446117,Mouse,5188,70
446179,Mouse,4531,67
446187,Mouse,3091,67
446264,Mouse,4900,72
446283,Mouse,5164,70
446355,Mouse,3911,69
446384,Mouse,3727,72
446419,Elephant,134621,698
446446,Elephant,547378,1184
446479,Mouse,5364,66
446497,Mouse,3339,64
446516,Mouse,3632,67
446530,Mouse,4829,65
446537,Mouse,3973,64
446598,Mouse,3507,66
446622,Mouse,5257,65
446640,Elephant,48900,290
446645,Mouse,5042,69
446673,Mouse,4222,64
446695,Mouse,4536,66
446699,Mouse,5448,67
446732,Mouse,4162,64
446764,Mouse,4729,67
446806,Mouse,4870,67
446821,Mouse,5045,69
446881,Mouse,4869,65
446924,Mouse,3638,65
446956,Mouse,3306,64
446987,Mouse,4019,68
447009,Mouse,5494,66
447051,Mouse,4063,65
447079,Mouse,3233,68
447084,Mouse,4434,72
447134,Mouse,3784,64
447149,Mouse,5778,66
447178,Mouse,5418,67
447182,Mouse,4871,65
447233,Mouse,4183,65
447252,Mouse,5180,65
447311,Mouse,3298,64
447402,Mouse,5570,67
447413,Mouse,4373,68
447545,Mouse,3101,67
447553,Mouse,5158,73
447605,Mouse,4583,76
447659,Elephant,448760,1047
447719,Mouse,3782,64
447756,Mouse,3501,64
447789,Mouse,3725,64
447799,Mouse,4501,69
447934,Mouse,5274,69
447959,Mouse,5739,66
447972,Mouse,5806,70
448058,Mouse,4259,68
448088,Mouse,3962,64
448102,Mouse,4532,68
448117,Mouse,5686,66
448182,Mouse,3927,68
448252,Mouse,4871,73
448302,Mouse,5111,73
448303,Mouse,5717,73
448349,Mouse,5758,72
448386,Mouse,3627,64
448416,Mouse,3753,68
448532,Elephant,79339,408
448570,Mouse,5129,68
448663,Mouse,5564,70
448742,Mouse,5048,66
448790,Mouse,4462,70
448801,Elephant,495724,1116
448842,Mouse,3383,67
448960,Mouse,4223,64
448990,Mouse,4264,69
449072,Mouse,3741,65
449106,Mouse,4253,64
449140,Mouse,3769,64
449157,Mouse,4712,67
449313,Mouse,3581,68
449479,Mouse,5593,75
449555,Mouse,3875,81
449565,Mouse,4958,84
449605,Mouse,4476,89
449739,Elephant,281712,898
449744,Mouse,3778,109
449808,Mouse,4029,88
449838,Mouse,5202,78
449885,Mouse,3354,75
449920,Mouse,5450,66
449925,Mouse,3239,66
449944,Mouse,3900,70
449997,Mouse,4437,67
450059,Mouse,3550,66
450101,Mouse,3232,68
450102,Mouse,5641,72
450125,Elephant,416531,1288
450180,Mouse,3448,64
450222,Mouse,3057,64
450342,Mouse,3096,75
450377,Mouse,5602,70
450437,Mouse,5520,72
450464,Mouse,3424,75
450527,Mouse,3490,77
450538,Mouse,3842,82
450539,Mouse,3932,77
450562,Mouse,5071,89
450597,Mouse,4814,98
450606,Mouse,3452,101
450612,Mouse,3823,101
450634,Mouse,4477,110
450700,Mouse,3068,96
450718,Mouse,4464,82
450762,Mouse,4270,76
450770,Mouse,5771,80
450936,Mouse,4238,74
450941,Mouse,5467,77
450957,Mouse,4950,83
450970,Mouse,3497,85
451085,Elephant,134916,869
451109,Mouse,5732,67
451149,Mouse,3715,68
451172,Elephant,554752,1884
451235,Mouse,3611,65
451261,Mouse,5099,69
451285,Mouse,3848,72
451303,Mouse,3505,77
451306,Mouse,4800,81
451363,Mouse,3800,82
451376,Mouse,4249,78
451406,Elephant,140489,830
451462,Mouse,4291,69
451544,Mouse,3154,66
451559,Mouse,4102,71
451811,Mouse,3654,93
451824,Elephant,453983,1685
451864,Mouse,4109,87
451877,Mouse,5200,81
451904,Mouse,4035,76
451920,Mouse,3000,69
451930,Mouse,5439,69
451998,Mouse,3703,73
452197,Mouse,3977,90
452257,Mouse,5599,108
452289,Mouse,5562,110
452307,Mouse,5600,112
452333,Mouse,3151,111
452362,Elephant,49666,376
452414,Mouse,3257,76
452476,Elephant,415497,1319
452540,Mouse,5632,69
452568,Mouse,5450,69
452589,Mouse,3188,73
452686,Mouse,5700,79
452846,Mouse,4677,76
452873,Mouse,5423,87
452879,Mouse,5008,92
452883,Mouse,4201,81
452900,Mouse,4145,88
452944,Mouse,5508,89
452965,Mouse,5211,85
452979,Mouse,5248,92
452998,Mouse,3604,73
453059,Mouse,5301,84
453188,Mouse,4760,87
453200,Mouse,3735,83
453276,Mouse,4755,93
453297,Elephant,476234,1898
453538,Mouse,3291,74
453671,Mouse,4492,96
453724,Mouse,5387,94
453754,Mouse,4636,93
453806,Mouse,3272,82
453818,Mouse,4907,85
453858,Mouse,4850,78
453966,Elephant,193863,1453
453974,Elephant,588714,2212
453990,Mouse,4220,79
454094,Mouse,5020,69
454125,Mouse,3309,65
454144,Mouse,3321,73
454231,Mouse,3874,67
454282,Mouse,5119,71
454289,Mouse,3295,72
454310,Elephant,413454,1973
454362,Mouse,4852,68
454365,Mouse,4613,69
454691,Mouse,5216,71
454705,Mouse,4466,70
454740,Mouse,3367,72
454780,Elephant,405584,1033
454814,Mouse,4262,65
454821,Mouse,4545,67
454845,Mouse,4026,64
454938,Mouse,5215,65
454951,Mouse,3541,64
454976,Mouse,4674,65
455006,Mouse,5344,65
455021,Mouse,4891,66
455047,Mouse,3457,65
455150,Mouse,4899,65
455158,Mouse,3417,64
455302,Mouse,3766,67
455303,Mouse,5474,69
455316,Mouse,4533,69
455347,Mouse,3110,64
455399,Mouse,3793,66
455408,Mouse,5367,71
455420,Mouse,3367,64
455447,Mouse,4879,70
455453,Mouse,4786,72
455597,Elephant,169752,608
455599,Mouse,5362,71
455678,Mouse,3128,64
455727,Mouse,4240,64
455734,Mouse,5658,66
455743,Mouse,5266,65
455774,Mouse,4825,65
455792,Mouse,4091,64
455962,Mouse,5566,66
455967,Mouse,4171,64
455987,Mouse,5480,73
455990,Mouse,5140,75
455998,Mouse,3743,64
456051,Mouse,5182,65
456099,Mouse,3026,64
456143,Mouse,5567,66
456172,Mouse,3288,64
456197,Mouse,5683,68
456266,Mouse,3580,64
456286,Mouse,4380,67
456309,Mouse,4067,65
456363,Mouse,5328,65
456557,Elephant,309173,854
456590,Mouse,5624,70
456650,Mouse,3370,67
456702,Mouse,3399,70
456709,Mouse,5114,73
456852,Mouse,4082,67
456891,Elephant,120574,515
456983,Mouse,4455,65
457103,Mouse,3688,67
457108,Mouse,3624,69
457127,Mouse,3566,65
457160,Mouse,5568,66
457184,Elephant,317214,864
457202,Mouse,4705,66
457241,Mouse,4486,65
457277,Mouse,4954,65
457590,Mouse,4972,65
457646,Mouse,4011,64
457656,Mouse,4903,65
457662,Mouse,5360,65
457691,Mouse,4799,66
457738,Mouse,4262,65
457817,Mouse,4732,65
457955,Mouse,5387,65
458035,Mouse,4903,65
458114,Mouse,5764,66
458146,Mouse,5263,66
458161,Mouse,4090,64
458167,Mouse,4954,65
458180,Mouse,3439,64
458350,Mouse,5158,65
458473,Mouse,5680,66
458501,Mouse,4832,68
458553,Mouse,5094,65
458606,Mouse,3443,64
458620,Mouse,5580,68
458682,Mouse,5371,67
458731,Mouse,5628,66
458746,Mouse,4312,65
458765,Mouse,4810,70
458836,Mouse,3826,66
458862,Mouse,4840,69
459022,Elephant,342817,897
459064,Mouse,5355,66
459089,Mouse,4329,65
459096,Mouse,3559,64
459106,Mouse,3865,66
459109,Mouse,4439,67
459116,Mouse,4322,65
459156,Mouse,3212,64
459247,Mouse,5477,66
459264,Mouse,4366,65
459286,Mouse,5053,65
459347,Mouse,5392,65
459385,Mouse,3535,64
459441,Mouse,3345,70
459457,Mouse,5736,66
459525,Mouse,3324,67
459635,Mouse,3932,64
459655,Mouse,4468,67
459685,Mouse,3894,79
459689,Mouse,4678,65
459695,Mouse,4768,67
459722,Mouse,5703,79
459777,Mouse,3114,64
459785,Mouse,3918,67
459842,Mouse,3736,68
459877,Mouse,4282,66
459914,Elephant,190335,666
459977,Elephant,231728,732
459984,Mouse,3331,64
460141,Mouse,4793,65
460154,Mouse,5564,66
460222,Mouse,4584,65
460227,Mouse,3824,64
460277,Mouse,4600,65
460311,Mouse,3517,64
460338,Mouse,4836,65
460427,Mouse,4693,68
460573,Mouse,5324,68
460624,Mouse,4764,65
460724,Elephant,90220,413
460749,Mouse,5601,66
460760,Mouse,4838,66
460828,Mouse,3041,66
460850,Mouse,4098,64
460861,Mouse,4192,64
460907,Mouse,3993,66
460918,Mouse,4978,73
460922,Mouse,5203,73
461001,Mouse,4906,68
461111,Mouse,3723,64
461154,Mouse,3147,65
461199,Mouse,4494,69
461230,Mouse,3519,67
461246,Mouse,4307,65
461292,Mouse,5101,66
461352,Mouse,3638,65
461405,Elephant,406030,990
461438,Mouse,4022,64
461493,Mouse,5607,66
461501,Mouse,4410,65
461678,Mouse,5750,66
461816,Mouse,4727,65
461894,Mouse,5831,66
461905,Mouse,5400,65
461928,Mouse,5177,68
462059,Elephant,30413,197
462066,Mouse,5569,66
462079,Mouse,3501,64
462136,Mouse,3104,64
462145,Mouse,5781,66
462188,Mouse,4816,66
462201,Mouse,3919,64
462207,Mouse,3939,64
462231,Mouse,3560,65
462313,Mouse,3239,64
462467,Mouse,4201,64
462558,Mouse,4293,65
462570,Mouse,3646,64
462579,Mouse,3529,67
462585,Mouse,5224,72
462610,Mouse,4190,68
462629,Elephant,122302,545
462664,Mouse,3400,67
462694,Mouse,4963,65
462740,Mouse,4160,64
462746,Mouse,3732,66
462780,Mouse,5225,65
462789,Mouse,5462,69
462805,Mouse,5061,79
462852,Mouse,5171,66
462907,Mouse,3892,65
462909,Mouse,3952,66
463034,Mouse,5111,72
463101,Mouse,5235,69
463126,Mouse,5667,72
463214,Mouse,3532,70
463266,Mouse,4708,78
463357,Mouse,5618,90
463413,Mouse,4214,90
463447,Mouse,4441,92
463521,Mouse,4605,87
463630,Mouse,4357,66
463686,Mouse,3822,72
463703,Mouse,3272,79
463764,Mouse,4826,89
463812,Mouse,4791,90
463819,Mouse,4991,92
463822,Mouse,3246,85
463845,Mouse,3603,88
463854,Mouse,3315,91
463888,Mouse,5127,89
463907,Elephant,391894,1228
464070,Elephant,532264,1516
464091,Mouse,3206,67
464130,Mouse,4105,70
464146,Mouse,3285,74
464162,Mouse,5027,72
464204,Mouse,4665,71
464237,Mouse,3046,71
464291,Mouse,4835,81
464348,Mouse,5318,94
464414,Mouse,5421,96
464431,Mouse,4196,100
464453,Mouse,5202,102
464457,Mouse,3181,104
464477,Mouse,3526,106
464479,Elephant,330481,1617
464489,Mouse,5007,102
464562,Mouse,5008,70
464624,Mouse,5228,69
464631,Mouse,4376,67
464649,Mouse,5008,72
464679,Mouse,4313,69
464688,Mouse,4093,69
464704,Mouse,4211,74
464715,Mouse,5273,74
464746,Mouse,4064,72
464763,Elephant,267150,1105
464766,Mouse,4956,80
464790,Mouse,3395,74
464791,Mouse,5075,76
464880,Mouse,4878,72
464921,Elephant,124166,728
464961,Elephant,159085,870
464980,Mouse,3102,69
465052,Mouse,4656,76
465116,Mouse,5208,67
465141,Mouse,3804,73
465150,Mouse,3852,72
465242,Elephant,279098,1184
465269,Mouse,5086,71
465278,Elephant,186766,683
465320,Mouse,5734,73
465451,Mouse,3313,65
465633,Mouse,5304,70
465666,Elephant,248911,794
465767,Mouse,5364,65
465807,Mouse,3296,65
465955,Mouse,5174,70
466107,Mouse,5026,68
466145,Mouse,5441,66
466187,Mouse,3196,64
466287,Mouse,3373,64
466342,Mouse,5834,71
466349,Elephant,140072,549
466455,Mouse,4816,69
466480,Mouse,3991,65
466521,Mouse,3240,66
466632,Mouse,4787,67
466694,Mouse,5451,68
466761,Mouse,3809,72
466763,Mouse,4795,73
466795,Mouse,5778,77
466890,Mouse,4384,82
466894,Mouse,4179,82
466902,Mouse,3576,81
466983,Elephant,204540,749
467077,Mouse,5495,73
467147,Elephant,417099,1107
467165,Mouse,4944,65
467272,Mouse,4335,69
467344,Elephant,173051,647
467412,Mouse,3730,65
467414,Mouse,3649,65
467426,Mouse,3468,64
467459,Mouse,4921,67
467544,Mouse,3468,64
467547,Mouse,3437,64
467552,Mouse,5507,66
467645,Mouse,5377,65
467748,Mouse,3610,64
467754,Mouse,5548,66
468031,Mouse,4377,69
468116,Mouse,3794,65
468216,Mouse,4621,65
468260,Mouse,5480,66
468282,Mouse,3012,65
468312,Mouse,3548,64
468338,Mouse,5219,71
468350,Mouse,5459,66
468360,Mouse,4443,65
468375,Mouse,4199,67
468439,Mouse,5809,71
468443,Mouse,5495,67
468479,Elephant,144691,560
468489,Mouse,5036,66
468531,Mouse,3935,64
468536,Mouse,4912,65
468538,Mouse,3238,64
468557,Mouse,3379,64
468609,Mouse,4444,65
468650,Mouse,5204,65
468701,Mouse,4815,66
468776,Mouse,4762,71
468781,Elephant,88610,428
468871,Mouse,3475,64
468927,Mouse,3728,64
468961,Mouse,4943,65
469012,Mouse,5004,65
469198,Mouse,3515,67
469223,Mouse,3640,72
469244,Mouse,3573,69
469269,Mouse,4914,77
469327,Mouse,5797,75
469368,Mouse,5541,74
469390,Mouse,4116,79
469444,Mouse,5057,80
469532,Mouse,5644,84
469565,Elephant,512464,1169
469788,Mouse,4018,65
469894,Mouse,3264,65
469902,Mouse,5097,67
469923,Mouse,5447,66
470031,Mouse,4155,64
470037,Mouse,4275,67
470112,Elephant,544892,1283
470123,Mouse,5072,66
470159,Mouse,5262,65
470170,Mouse,5742,66
470215,Mouse,3537,64
470242,Mouse,3529,64
470270,Mouse,3959,64
470352,Mouse,3905,64
470422,Mouse,3718,64
470442,Mouse,4673,65
470450,Mouse,3728,64
470657,Mouse,5509,66
470741,Mouse,3742,64
470770,Mouse,3584,64
470774,Mouse,4191,64
470846,Mouse,5500,66
470975,Mouse,5600,66
471055,Mouse,3147,67
471061,Mouse,4610,65
471139,Mouse,4732,70
471253,Mouse,4335,65
471274,Mouse,4328,67
471344,Mouse,5654,66
471486,Mouse,3224,67
471575,Mouse,4372,67
471598,Mouse,5437,66
471683,Mouse,3293,75
471702,Mouse,3059,66
471753,Mouse,4250,67
471769,Mouse,5537,75
471824,Mouse,3085,74
471869,Elephant,32798,301
471974,Mouse,5222,70
471994,Mouse,4838,76
472013,Mouse,5633,83
472019,Mouse,4087,82
472129,Elephant,577076,1231
472186,Mouse,3889,70
472428,Mouse,5408,67
472435,Elephant,242569,876
472475,Mouse,3559,69
472476,Mouse,3800,70
472534,Mouse,5123,72
472670,Mouse,5559,68
472689,Mouse,4296,68
472756,Mouse,3302,71
472800,Elephant,128078,517
472810,Mouse,3679,67
472841,Mouse,4629,70
472862,Mouse,4270,70
472876,Mouse,4180,65
472887,Mouse,3360,71
472993,Mouse,5692,71
473036,Mouse,4636,72
473102,Mouse,3349,70
473122,Mouse,3184,71
473392,Mouse,5148,86
473488,Mouse,4926,94
473570,Mouse,4973,65
473630,Elephant,465116,1173
473649,Mouse,5140,65
473656,Mouse,5351,65
473772,Mouse,5383,65
473967,Mouse,3638,64
473980,Mouse,4717,65
474063,Mouse,4673,65
474138,Mouse,3125,64
474144,Mouse,5070,65
474164,Mouse,3427,64
474177,Mouse,5466,70
474457,Mouse,5020,73
474467,Mouse,5604,73
474549,Mouse,4102,79
474603,Elephant,237574,754
474712,Mouse,3631,65
474845,Elephant,382767,967
474854,Mouse,3706,69
474876,Mouse,5305,76
474877,Mouse,5805,77
474880,Mouse,3086,67
475005,Mouse,3865,65
475019,Mouse,4084,64
475298,Elephant,320920,978
475336,Mouse,4211,65
475397,Mouse,3341,67
475481,Mouse,3150,66
475495,Mouse,3596,64
475502,Mouse,4684,69
475754,Mouse,5521,70
475864,Elephant,233036,731
475883,Mouse,5711,71
475897,Mouse,3666,68
475959,Mouse,4080,67
475994,Mouse,4509,65
476009,Elephant,362810,1221
476011,Mouse,5657,72
476119,Mouse,5155,65
476149,Mouse,3378,64
476266,Mouse,3933,64
476289,Mouse,5381,65
476364,Mouse,5622,68
476366,Mouse,4858,68
476379,Mouse,3124,64
476488,Mouse,3489,66
476489,Mouse,5602,69
476498,Mouse,3528,64
476548,Mouse,3905,64
476557,Mouse,5679,70
476569,Mouse,4394,76
476569,Mouse,3060,76
476618,Mouse,3704,75
476742,Mouse,3190,64
476761,Mouse,4531,65
476817,Mouse,5185,67
476845,Mouse,5061,65
476914,Mouse,4853,65
476962,Mouse,3592,64
477012,Mouse,5150,67
477015,Mouse,5423,68
477026,Mouse,5700,66
477084,Mouse,3878,67
477131,Mouse,5037,71
477153,Mouse,3554,64
477195,Mouse,5260,65
477200,Mouse,4850,65
477273,Mouse,3636,64
477280,Mouse,3044,64
477295,Mouse,5110,69
477302,Elephant,310304,1070
477307,Mouse,3580,65
477312,Mouse,4722,65
477343,Mouse,4509,72
477365,Mouse,5663,68
477366,Mouse,3631,67
477436,Mouse,4955,65
477445,Mouse,5393,65
477506,Mouse,4775,65
477558,Mouse,4627,65
477604,Mouse,5303,65
477625,Mouse,4142,64
477636,Mouse,4786,65
477703,Mouse,3600,64
477706,Mouse,3392,64
477743,Mouse,4518,65
477865,Mouse,3046,64
477893,Mouse,3482,64
477908,Mouse,3923,65
477942,Mouse,3322,64
477954,Mouse,3402,64
477986,Mouse,5458,69
477996,Mouse,3129,65
477997,Mouse,4399,67
478001,Mouse,4598,69
478123,Mouse,3977,64
478143,Mouse,4550,65
478212,Mouse,3843,64
478225,Mouse,4803,65
478346,Mouse,5710,68
478379,Mouse,4782,70
478393,Mouse,5476,71
478545,Mouse,3723,67
478565,Mouse,3129,78
478571,Mouse,3647,80
478620,Mouse,5325,85
478842,Mouse,3852,65
478877,Mouse,5270,70
478891,Mouse,5530,74
478924,Mouse,4759,77
478984,Mouse,5675,77
479184,Elephant,468448,1314
479339,Elephant,226544,1144
479379,Mouse,3073,66
479466,Mouse,5208,72
479474,Mouse,5060,65
479758,Mouse,3090,68
479820,Elephant,538741,1379
479845,Mouse,5360,74
479850,Mouse,3525,73
479868,Mouse,4632,65
479948,Mouse,4941,65
479978,Mouse,4648,67
480075,Mouse,5229,65
480080,Mouse,5304,67
480087,Mouse,5829,67
480170,Mouse,4916,70
480171,Mouse,3965,70
480207,Mouse,4289,68
480307,Mouse,4258,73
480344,Mouse,4562,79
480348,Mouse,3123,80
480373,Mouse,5402,87
480404,Mouse,5526,92
480444,Mouse,4672,96
480461,Mouse,3637,98
480485,Elephant,332325,936
480502,Mouse,5278,87
480667,Mouse,4342,66
480673,Mouse,3736,70
480683,Mouse,5668,67
480711,Mouse,5331,67
480737,Mouse,3483,64
480760,Mouse,5360,69
480775,Mouse,3739,64
480796,Mouse,3380,64
480850,Mouse,4375,66
480870,Elephant,112731,688
480906,Mouse,5465,72
480914,Mouse,5812,66
480918,Mouse,4988,66
481011,Mouse,5786,67
481060,Mouse,3637,68
481075,Mouse,4887,74
481081,Mouse,3612,75
481137,Mouse,5287,68
481193,Elephant,478508,1424
481196,Mouse,3449,68
481206,Mouse,5183,69
481251,Mouse,4054,68
481337,Mouse,4626,65
481342,Elephant,36173,235
481409,Mouse,5806,67
481428,Mouse,3670,64
481470,Mouse,4911,65
481514,Mouse,3480,67
481637,Elephant,184164,639
481724,Mouse,4679,65
481800,Mouse,4636,65
481867,Mouse,3601,67
481893,Mouse,3434,67
481953,Elephant,56448,322
482115,Mouse,4553,65
482255,Mouse,4693,81
482335,Mouse,5750,68
482453,Mouse,4875,74
482485,Mouse,5188,75
482493,Mouse,3048,79
482547,Mouse,4295,92
482575,Mouse,3144,96
482609,Mouse,4098,94
482646,Mouse,3197,86
482663,Mouse,5607,86
482737,Mouse,5791,66
482756,Mouse,3687,68
482790,Mouse,4246,66
482844,Mouse,5201,68
482912,Elephant,91738,571
482932,Mouse,3225,71
482959,Mouse,5470,70
482970,Elephant,129452,739
482999,Mouse,3868,69
483022,Elephant,388226,1197
483095,Mouse,4368,65
483142,Mouse,5784,67
483166,Mouse,4435,66
483175,Mouse,5802,72
483294,Elephant,314254,1216
483411,Mouse,3181,64
483428,Mouse,3985,64
483442,Mouse,3237,67
483485,Mouse,5176,68
483497,Mouse,4504,73
483610,Mouse,4888,65
483631,Mouse,5598,70
483638,Mouse,4092,72
483663,Mouse,3910,69
483671,Mouse,4220,72
483692,Mouse,3550,76
483710,Elephant,177468,639
483747,Mouse,5181,76
483753,Mouse,3473,78
483758,Mouse,4572,69
483813,Mouse,3592,65
483913,Mouse,4725,66
483969,Mouse,3747,70
484056,Mouse,3220,70
484066,Mouse,5360,72
484087,Mouse,4709,77
484094,Elephant,254004,781
484192,Mouse,5465,67
484201,Mouse,4150,67
484237,Mouse,4293,70
484332,Mouse,5178,73
484333,Mouse,5602,77
484337,Mouse,3072,73
484459,Mouse,5737,76
484506,Elephant,364351,971
484667,Mouse,5565,68
484740,Mouse,3526,64
484918,Mouse,5329,66
484943,Mouse,3410,67
484977,Mouse,3003,66
485043,Mouse,3739,67
485180,Mouse,4698,66
485194,Mouse,5277,72
485202,Elephant,79764,417
485316,Mouse,3163,67
485325,Elephant,538557,1162
485367,Mouse,4914,66
485401,Mouse,3904,64
485477,Mouse,4578,68
485477,Mouse,5006,69
485501,Mouse,5193,65
485525,Mouse,4328,65
485578,Mouse,4032,64
485646,Mouse,3973,64
485797,Mouse,3274,64
486022,Mouse,5106,67
486024,Mouse,3656,66
486033,Mouse,3730,64
486037,Mouse,3143,64
486073,Mouse,3819,64
486138,Mouse,5106,66
486213,Mouse,4668,65
486295,Mouse,5029,66
486308,Mouse,3073,64
486317,Mouse,5180,70
486430,Mouse,3420,70
486473,Mouse,3187,73
486497,Mouse,3842,79
486500,Mouse,5833,82
486518,Elephant,230438,743
486524,Mouse,3450,69
486587,Mouse,4129,64
486591,Mouse,3466,64
486741,Mouse,5314,68
486799,Mouse,4340,72
486813,Mouse,4314,76
486832,Mouse,3149,70
486877,Mouse,4311,77
486884,Mouse,5490,81
486927,Mouse,4458,77
486948,Mouse,5468,82
486983,Mouse,5416,87
487062,Mouse,5308,85
487080,Elephant,394008,1043
487111,Mouse,3924,80
487184,Mouse,3822,67
487253,Mouse,4751,67
487255,Mouse,4594,67
487380,Mouse,4602,69
487438,Mouse,4136,78
487496,Mouse,4648,74
487615,Elephant,556765,1379
487690,Mouse,4137,64
487709,Mouse,4923,71
487732,Mouse,5093,78
487834,Mouse,3340,67
487857,Mouse,5691,72
487871,Mouse,5783,78
487942,Mouse,5026,78
487959,Mouse,3430,81
487959,Mouse,3440,78
487997,Mouse,3740,88
488057,Mouse,5224,105
488079,Mouse,3063,92
488080,Mouse,5079,96
488112,Mouse,5506,101
488161,Mouse,3198,86
488238,Mouse,3116,64
488275,Elephant,332350,1047
488341,Mouse,3293,69
488417,Mouse,5585,73
488434,Mouse,4969,72
488438,Mouse,3655,73
488500,Mouse,3969,75
488543,Elephant,284818,1251
488648,Mouse,3159,66
488759,Mouse,5481,72
488846,Mouse,4667,87
488958,Mouse,3361,118
488972,Mouse,3104,119
489097,Mouse,4169,97
489117,Mouse,5680,99
489145,Mouse,4510,80
489168,Mouse,3506,82
489214,Mouse,5145,76
489225,Mouse,5515,83
489228,Mouse,5066,85
489290,Mouse,5432,80
489297,Elephant,459235,1754
489366,Mouse,3734,67
489494,Mouse,4739,69
489503,Mouse,3127,75
489541,Elephant,385307,1397
489612,Mouse,3285,71
489613,Mouse,4052,72
489619,Mouse,3979,70
489625,Mouse,3320,73
489631,Mouse,3625,69
489668,Mouse,3022,73
489746,Mouse,3196,68
489752,Mouse,4236,68
489805,Mouse,5839,76
489839,Mouse,5828,70
489867,Mouse,4869,73
489885,Mouse,4273,67
489919,Mouse,4802,77
489935,Mouse,3664,72
490054,Mouse,3828,72
490069,Mouse,5196,81
490155,Mouse,3160,85
490155,Mouse,3807,85
490191,Mouse,4620,83
490268,Mouse,3191,91
490313,Mouse,5097,88
490385,Mouse,5320,85
490394,Mouse,4124,81
490415,Elephant,517590,1760
490551,Mouse,3505,67
490575,Mouse,4310,65
490618,Mouse,3574,67
490777,Mouse,3839,72
490820,Mouse,3079,72
490934,Mouse,5462,66
490943,Mouse,3915,67
491032,Mouse,5816,67
491115,Elephant,292425,1184
491535,Mouse,5801,71
491632,Mouse,4944,65
491678,Mouse,4274,65
491747,Mouse,3980,67
491752,Mouse,5210,71
491764,Mouse,3101,71
491832,Mouse,3367,66
491833,Mouse,4666,68
491849,Mouse,4773,68
491869,Mouse,5676,72
492078,Mouse,3431,70
492080,Mouse,4163,70
492110,Mouse,4390,76
492119,Mouse,4765,79
492192,Mouse,5618,76
492268,Elephant,402293,1016
492281,Mouse,5462,74
492363,Mouse,4667,67
492420,Mouse,5220,69
492525,Mouse,3597,68
492536,Mouse,4016,72
492549,Mouse,4747,68
492632,Mouse,5599,69
492689,Mouse,5163,76
492696,Elephant,235859,799
492783,Mouse,4672,65
492862,Mouse,3079,68
492870,Mouse,5496,66
492964,Mouse,3821,67
493019,Mouse,4952,73
493082,Mouse,4438,74
493111,Elephant,383430,1099
493123,Mouse,4116,67
493202,Mouse,4359,65
493219,Mouse,3706,67
493271,Mouse,4285,71
493318,Mouse,4980,70
493369,Elephant,312788,901
493540,Mouse,4721,67
493663,Mouse,5440,70
493824,Mouse,3183,73
493840,Mouse,4336,74
494079,Mouse,5563,92
494099,Mouse,3894,99
494101,Mouse,4826,101
494221,Mouse,5003,109
494288,Mouse,5719,88
494291,Mouse,4813,89
494312,Mouse,3058,72
494411,Mouse,5350,71
494439,Mouse,5146,70
494451,Elephant,557238,1388
494467,Mouse,4088,66
494513,Mouse,5753,68
494516,Elephant,171941,915
494585,Mouse,3228,64
494594,Mouse,3603,64
494602,Mouse,4508,66
494643,Mouse,4605,65
494668,Mouse,4189,67
494688,Mouse,3925,67
494713,Elephant,347441,1222
494737,Mouse,3642,64
494777,Mouse,4465,65
494793,Mouse,3551,64
494817,Mouse,3741,66
494882,Mouse,4117,64
494967,Mouse,4935,65
495000,Mouse,4016,64
495062,Mouse,4681,69
495070,Mouse,3813,66
495071,Mouse,5672,69
495118,Mouse,3208,65
495268,Mouse,4255,69
495285,Mouse,5722,79
495354,Mouse,5275,70
495382,Mouse,5320,65
495521,Mouse,3948,65
495624,Mouse,3359,65
495641,Mouse,3807,73
495705,Elephant,247588,764
495839,Mouse,5455,66
495949,Elephant,406359,1001
495996,Mouse,3104,65
496022,Mouse,3017,64
496033,Mouse,3616,64
496108,Mouse,4531,65
496121,Mouse,5389,65
496159,Mouse,4592,65
496188,Mouse,5720,66
496221,Mouse,4659,65
496276,Mouse,4269,65
496397,Mouse,3731,64
496537,Mouse,3946,64
496685,Mouse,4298,68
496753,Mouse,3433,64
496804,Mouse,3577,65
496840,Mouse,3114,64
496852,Mouse,4804,69
496869,Mouse,5027,70
497058,Mouse,4061,64
497245,Elephant,429497,1018
497267,Mouse,3144,66
497335,Mouse,3439,64
497352,Mouse,4235,67
497428,Mouse,3143,64
497443,Mouse,4737,70
497530,Mouse,4167,70
497542,Mouse,4347,69
497552,Mouse,5213,65
497557,Mouse,3509,64
497706,Mouse,3624,67
497817,Mouse,4365,69
497862,Mouse,3288,72
498185,Elephant,442272,1116
498264,Mouse,5020,67
498289,Mouse,3013,64
498338,Mouse,5256,65
498354,Mouse,4179,66
498373,Mouse,3506,64
498563,Elephant,158674,900
498643,Mouse,3745,72
498646,Mouse,3222,73
498656,Mouse,5631,78
498722,Mouse,3347,67
498823,Mouse,4138,71
498845,Elephant,544795,1391
498897,Mouse,3554,64
498931,Mouse,5335,73
498941,Mouse,3709,65
498953,Mouse,5764,69
498992,Mouse,4310,68
499040,Mouse,3500,68
499273,Mouse,3451,78
499328,Mouse,4184,91
499385,Mouse,3992,95
499400,Mouse,5780,100
499414,Mouse,4700,100
499445,Mouse,4131,82
499476,Elephant,131794,633
499521,Mouse,4584,68
499558,Elephant,135768,697
499644,Mouse,3570,64
499803,Mouse,4147,70
499811,Mouse,3183,70
499872,Mouse,5167,65
499906,Mouse,5650,69
499981,Mouse,5302,73
500046,Mouse,5670,76
500057,Mouse,4799,74
500196,Mouse,3864,72
500208,Mouse,3069,73
500316,Mouse,5266,80
500331,Mouse,3287,84
500382,Mouse,3963,92
500439,Mouse,5665,102
500454,Mouse,5304,101
500509,Mouse,5749,98
500628,Mouse,5192,71
500643,Mouse,5609,71
500703,Mouse,4119,74
500761,Mouse,4298,74
500791,Mouse,4755,83
500910,Mouse,3342,83
501049,Mouse,3117,94
501167,Elephant,254209,1233
501185,Mouse,3272,68
501293,Elephant,457199,1736
501308,Mouse,5532,70
501333,Mouse,4545,66
501417,Elephant,324140,1643
501437,Mouse,4995,66
501652,Mouse,4652,68
501703,Elephant,488021,1756
501749,Mouse,3218,64
501785,Mouse,3257,64
501858,Mouse,3700,64
501930,Mouse,4940,66
501997,Mouse,3554,64
502004,Mouse,4107,64
502050,Mouse,4673,66
502161,Mouse,5541,66
502234,Mouse,4794,67
502290,Mouse,3178,64
502415,Mouse,5339,65
502419,Mouse,4200,66
502431,Mouse,4834,65
502441,Mouse,3391,66
502450,Mouse,4746,68
502477,Mouse,5742,66
502481,Mouse,4558,65
502488,Mouse,5144,68
502554,Mouse,3934,64
502569,Mouse,4725,66
502797,Mouse,4756,65
502849,Mouse,5272,65
502861,Mouse,4668,65
502956,Mouse,5386,67
503087,Mouse,5556,67
503093,Mouse,4232,68
503107,Mouse,5043,65
503283,Mouse,3896,64
503333,Mouse,5554,66
503394,Mouse,3641,64
503410,Mouse,3473,64
503521,Mouse,4709,65
503525,Mouse,4565,66
503596,Mouse,3269,66
503628,Mouse,5164,68
503679,Mouse,5776,71
503737,Mouse,4314,65
503817,Mouse,4197,67
503825,Mouse,5005,73
503954,Mouse,3178,66
504033,Mouse,3752,74
504193,Mouse,4196,78
504217,Mouse,3795,82
504244,Mouse,3261,77
504269,Mouse,5209,84
504303,Mouse,5046,93
504312,Mouse,4187,93
504363,Mouse,4004,94
504378,Mouse,4570,96
504431,Mouse,4043,78
504525,Mouse,3151,69
504540,Mouse,5572,77
504602,Mouse,3451,84
504611,Mouse,3339,88
504614,Elephant,422223,201615
504723,Mouse,5181,80
504729,Mouse,3360,77
504737,Mouse,4950,78
504839,Mouse,4509,94
504939,Mouse,3574,69
504968,Mouse,4268,70
505004,Mouse,5017,76
505100,Mouse,5525,92
505122,Mouse,3944,93
505157,Mouse,4761,112
505157,Mouse,3290,112
505267,Mouse,5275,125
505269,Elephant,425963,1749
505278,Mouse,5581,122
505289,Mouse,3508,121
505337,Mouse,5775,128
505346,Mouse,4104,115
505367,Mouse,4127,112
505375,Mouse,3022,114
505405,Mouse,3443,95
505459,Mouse,3529,74
505558,Mouse,3531,77
505583,Mouse,3428,79
505732,Mouse,5139,97
505734,Mouse,4540,98
505809,Mouse,5427,98
505854,Mouse,4599,85
505948,Mouse,4071,72
505977,Mouse,5488,78
506005,Mouse,5554,86
506020,Mouse,5800,91
506039,Mouse,4553,92
506050,Mouse,4845,97
506094,Mouse,3691,90
506150,Mouse,4429,86
506187,Mouse,4448,93
506216,Mouse,3419,93
506355,Mouse,3933,70
506533,Mouse,5570,79
506545,Mouse,5552,83
506576,Mouse,4734,89
506616,Mouse,4940,84
506721,Mouse,3732,74
506729,Mouse,4620,74
506787,Mouse,3506,80
506850,Mouse,4454,78
506868,Mouse,3865,80
506908,Mouse,3715,80
507024,Mouse,4224,72
507061,Mouse,4860,80
507096,Mouse,3677,86
507100,Elephant,268412,1668
507148,Mouse,5319,86
507289,Mouse,5580,70
507325,Mouse,3498,65
507340,Mouse,3422,71
507419,Mouse,3008,76
507459,Mouse,4676,80
507517,Mouse,5119,87
507522,Mouse,4636,89
507623,Mouse,4066,83
507644,Mouse,3109,82
507656,Mouse,4323,82
507818,Mouse,3575,72
507835,Mouse,5701,80
507952,Mouse,3033,75
507972,Mouse,3946,77
508035,Mouse,3632,85
508074,Mouse,4121,91
508091,Mouse,4208,91
508107,Elephant,81149,845
508123,Mouse,4078,91
508172,Mouse,5511,84
508180,Mouse,5630,84
508191,Mouse,5260,92
508219,Elephant,295873,1581
508238,Mouse,3422,79
508308,Mouse,3636,73
508352,Mouse,3682,71
508515,Mouse,4882,74
508538,Mouse,3302,67
508564,Mouse,4620,75
508772,Mouse,5656,75
508780,Mouse,3465,76
508804,Mouse,5732,87
508807,Mouse,3768,88
508880,Mouse,4310,95
508894,Elephant,471745,2329
508959,Mouse,4607,70
509244,Mouse,3224,72
509290,Mouse,4348,70
509318,Mouse,5105,70
509347,Mouse,3849,69
509411,Mouse,3321,66
509468,Elephant,587623,1751
509603,Mouse,3229,64
509703,Mouse,5269,70
509719,Mouse,4993,68
509804,Mouse,5377,67
509881,Mouse,4566,69
509891,Mouse,5685,74
509937,Elephant,42884,275
509953,Mouse,5092,67
509960,Mouse,4422,70
510026,Mouse,3893,67
510125,Elephant,241934,752
510196,Mouse,4522,65
510259,Mouse,4662,65
510327,Mouse,4035,66
510413,Mouse,5119,67
510456,Mouse,4873,67
510538,Mouse,5817,69
510573,Mouse,5275,70
510587,Mouse,5737,71
510629,Mouse,3203,74
510652,Mouse,4993,69
510724,Mouse,3820,64
510812,Mouse,3316,66
511006,Mouse,5745,70
511079,Mouse,5763,71
511094,Elephant,394563,980
511159,Mouse,3507,65
511163,Mouse,3624,68
511214,Mouse,5168,65
511275,Mouse,4768,66
511281,Mouse,3388,69
511298,Mouse,5059,65
511347,Mouse,5332,65
511353,Mouse,5763,66
511378,Mouse,5747,67
511421,Mouse,4970,66
511679,Mouse,5067,65
511700,Mouse,5011,65
511708,Elephant,136598,540
511759,Mouse,5001,65
511790,Mouse,3821,64
511812,Mouse,3015,64
511829,Mouse,3015,64
511864,Mouse,5668,66
511956,Mouse,5219,65
511992,Mouse,3829,67
512033,Mouse,5802,72
512040,Mouse,5119,73
512046,Mouse,5570,76
512049,Mouse,4315,73
512102,Mouse,4617,67
512212,Mouse,5386,66
512214,Mouse,3118,64
512298,Mouse,4777,67
512320,Mouse,5131,70
512341,Mouse,4450,69
512426,Mouse,3541,66
512463,Mouse,3211,66
512476,Mouse,3028,66
512480,Mouse,4228,68
512549,Mouse,5357,72
512689,Elephant,238376,811
512716,Mouse,4875,66
512727,Mouse,4692,65
512828,Mouse,3637,67
512852,Elephant,344967,908
512865,Mouse,4288,65
512888,Mouse,4982,70
512897,Mouse,3670,64
512943,Mouse,3227,64
512990,Mouse,5510,66
513027,Mouse,5741,66
513036,Mouse,5575,66
513073,Mouse,4409,65
513156,Mouse,5151,65
513161,Mouse,5435,66
513245,Mouse,3172,64
513345,Elephant,199595,669
513386,Mouse,3401,65
513523,Mouse,3257,65
513536,Mouse,5466,66
513693,Mouse,3887,64
513703,Mouse,5088,65
513715,Mouse,3283,64
513803,Mouse,3133,64
514028,Mouse,4520,65
514043,Mouse,3727,64
514050,Mouse,5419,65
514085,Mouse,3999,65
514095,Mouse,4485,68
514168,Mouse,5539,71
514172,Mouse,4497,73
514179,Mouse,4040,64
514192,Mouse,3134,67
514223,Mouse,3290,64
514229,Mouse,4002,64
514314,Mouse,4993,65
514425,Mouse,4528,70
514443,Mouse,5051,70
514466,Mouse,3083,69
514478,Mouse,3759,72
514512,Mouse,5296,73
514519,Mouse,3190,76
514522,Mouse,3907,77
514597,Mouse,5702,82
514609,Mouse,3233,82
514623,Mouse,4224,78
514692,Elephant,183491,724
514707,Mouse,4575,88
514711,Mouse,4709,84
514714,Mouse,5363,84
514881,Mouse,5398,75
514884,Mouse,3649,74
514914,Elephant,31421,223
514919,Elephant,91063,583
514933,Mouse,4481,72
515022,Elephant,450880,1240
515153,Mouse,5442,66
515202,Mouse,3497,64
515238,Mouse,3861,64
515473,Mouse,5194,65
515534,Mouse,5782,72
515540,Mouse,5624,75
515608,Mouse,4751,68
515620,Mouse,5301,72
515691,Elephant,171520,621
515721,Mouse,5686,66
515749,Mouse,4690,65
515816,Mouse,5153,65
515962,Mouse,5080,65
515977,Mouse,3196,66
516072,Mouse,5720,66
516107,Mouse,3562,66
516115,Mouse,3578,70
516219,Mouse,3287,64
516237,Mouse,5272,67
516249,Mouse,3331,68
516269,Mouse,5763,70
516421,Mouse,4651,69
516441,Mouse,3887,69
516480,Mouse,5006,76
516498,Elephant,101917,468
516518,Mouse,5639,75
516538,Mouse,4212,75
516580,Mouse,4506,68
516701,Mouse,5433,70
516767,Mouse,4139,67
516777,Mouse,3112,66
516779,Elephant,442157,1084
516817,Mouse,5148,65
516973,Mouse,4583,69
517043,Mouse,4576,65
517056,Mouse,5179,68
517079,Mouse,4916,65
517137,Mouse,3754,64
517180,Mouse,3845,65
517237,Elephant,309626,867
517297,Mouse,3619,66
517441,Mouse,5531,69
517441,Mouse,5341,69
517548,Mouse,3303,70
517556,Mouse,4770,73
517612,Mouse,3861,71
517715,Mouse,3802,67
517765,Mouse,5164,72
517800,Mouse,4307,80
517817,Mouse,4561,76
517843,Mouse,3087,83
517902,Mouse,3342,83
517960,Mouse,5167,79
518066,Mouse,4994,86
518170,Elephant,347605,201511
518174,Mouse,5144,83
518188,Mouse,3109,85
518190,Mouse,3924,85
518216,Mouse,3872,72
518237,Mouse,5395,78
518248,Mouse,3283,74
518287,Mouse,3662,69
518338,Mouse,3333,71
518612,Mouse,5083,69
518660,Elephant,429427,1403
518668,Mouse,4116,73
518674,Mouse,3645,74
518701,Mouse,4292,71
518752,Elephant,442759,1364
518799,Mouse,3272,68
518813,Mouse,3484,64
518862,Mouse,3865,64
518872,Mouse,4088,64
519031,Mouse,4203,68
519082,Mouse,5304,66
519203,Mouse,5259,69
519215,Mouse,3444,70
519245,Elephant,255318,781
519380,Mouse,5475,67
519461,Mouse,3364,64
519472,Mouse,5091,68
519501,Mouse,3485,68
519600,Mouse,4072,68
519606,Mouse,4781,72
519641,Mouse,4643,69
519650,Mouse,4758,74
519811,Elephant,129306,538
519815,Mouse,5257,68
519919,Elephant,361109,930
520000,Mouse,4097,64
520003,Mouse,3029,64
520062,Mouse,3599,64
520066,Mouse,4733,65
520075,Mouse,4741,65
520115,Mouse,3809,64
520139,Mouse,4579,65
520313,Mouse,4003,64
520328,Mouse,4945,65
520520,Mouse,5709,66
520604,Mouse,4534,65
520733,Mouse,4713,65
520746,Mouse,4919,65
520795,Mouse,5061,65
520850,Mouse,4880,66
520852,Mouse,4351,66
520883,Mouse,4839,65
520918,Mouse,3541,67
520972,Mouse,4610,65
521081,Mouse,5622,66
521087,Mouse,4041,68
521091,Mouse,5122,72
521143,Mouse,5180,67
521159,Mouse,5625,66
521201,Mouse,3148,65
521248,Mouse,3381,64
521288,Mouse,4419,65
521565,Mouse,4318,68
521589,Mouse,5051,73
521671,Elephant,283371,820
521707,Elephant,91305,424
521912,Mouse,3932,64
522003,Mouse,4492,65
522059,Mouse,4782,65
522100,Mouse,4031,70
522121,Mouse,5048,65
522262,Elephant,46555,278
522403,Mouse,3554,64
522491,Mouse,4407,65
522500,Mouse,5155,67
522610,Elephant,212221,692
522665,Mouse,5049,65
522779,Mouse,4782,70
522858,Mouse,3067,67
522874,Mouse,4362,70
522977,Mouse,5784,66
523017,Mouse,3805,74
523029,Mouse,3077,66
523208,Mouse,3597,75
523419,Mouse,4961,104
523419,Mouse,3678,103
523492,Mouse,4788,108
523525,Mouse,5397,101
523553,Mouse,3765,94
523580,Mouse,4186,83
523589,Mouse,3365,77
523624,Elephant,485322,1224
523659,Mouse,3090,64
523740,Mouse,5654,67
523755,Mouse,3127,65
523775,Mouse,4223,66
523877,Mouse,4947,66
523931,Mouse,4693,70
523975,Elephant,474932,1394
523993,Mouse,3778,64
524095,Mouse,3363,65
524101,Mouse,3771,64
524108,Mouse,3753,64
524118,Mouse,4489,65
524289,Mouse,5071,69
524296,Mouse,3441,71
524409,Mouse,3761,68
524470,Mouse,3994,69
524550,Elephant,188363,653
524580,Mouse,3262,74
524625,Mouse,4522,73
524631,Mouse,4617,78
524644,Mouse,3397,66
524661,Elephant,131037,565
524699,Mouse,3440,71
524713,Mouse,3069,64
524722,Mouse,4675,66
524774,Mouse,4249,67
524823,Mouse,5058,70
524889,Mouse,3003,63
524974,Mouse,4518,69
525006,Mouse,4248,69
525111,Mouse,3547,65
525184,Elephant,444300,1049
525249,Mouse,3352,64
525395,Mouse,3551,64
525459,Mouse,3616,64
525465,Mouse,5338,65
525607,Mouse,4218,64
525735,Mouse,5142,65
525770,Mouse,5396,69
525793,Mouse,4461,65
525802,Mouse,4874,65
525821,Mouse,4558,70
525855,Mouse,3184,66
525954,Mouse,4790,65
526104,Mouse,3658,64
526376,Mouse,5229,69
526428,Mouse,3810,71
526439,Mouse,5604,76
526457,Mouse,3306,65
526721,Mouse,4902,70
526760,Mouse,4895,73
526820,Elephant,508164,1118
526909,Mouse,3424,64
526953,Mouse,5380,66
527081,Mouse,5420,68
527124,Mouse,3686,66
527199,Mouse,4624,65
527209,Mouse,5461,69
527210,Mouse,4244,69
527215,Mouse,5263,68
527274,Mouse,3646,67
527283,Mouse,5770,74
527428,Mouse,3906,64
527538,Mouse,3275,72
527598,Mouse,3015,72
527610,Mouse,3615,69
527715,Mouse,4460,76
527730,Elephant,472469,1094
527803,Mouse,5600,66
527846,Mouse,3973,64
527921,Mouse,5226,66
527948,Mouse,3330,67
528187,Mouse,3967,67
528214,Elephant,163285,793
528218,Elephant,177253,833
528242,Mouse,3625,64
528286,Mouse,3212,65
528311,Mouse,3392,64
528365,Mouse,3440,64
528400,Mouse,3752,64
528424,Mouse,5469,66
528435,Mouse,3821,64
528540,Mouse,4729,68
528592,Mouse,5434,71
528661,Mouse,3881,65
528718,Mouse,5124,68
528810,Mouse,4973,65
528936,Elephant,147335,552
529094,Mouse,4353,65
529102,Mouse,4467,65
529124,Mouse,4150,64
529147,Mouse,4412,65
529305,Mouse,5661,66
529382,Mouse,3418,64
529404,Mouse,5276,65
529485,Mouse,5772,68
529488,Mouse,4398,68
529501,Mouse,4587,69
529521,Mouse,4841,73
529564,Mouse,3182,73
529602,Mouse,4236,67
529606,Mouse,3730,70
529634,Mouse,5181,76
529671,Mouse,4847,78
529784,Mouse,5262,89
529854,Mouse,3860,92
529861,Mouse,3585,94
529897,Mouse,3160,100
529909,Mouse,4121,107
529963,Mouse,4072,98
530004,Mouse,5746,79
530027,Mouse,5657,73
530050,Mouse,5562,66
530093,Mouse,3066,65
530130,Mouse,5219,72
530187,Mouse,4878,73
530210,Elephant,580332,1383
530331,Mouse,5364,67
530333,Mouse,3408,65
530356,Mouse,5622,71
530454,Mouse,5032,65
530461,Mouse,3792,64
530490,Mouse,5035,72
530495,Mouse,4013,73
530515,Mouse,5261,68
530529,Elephant,328798,1248
530582,Mouse,5330,67
530662,Mouse,4040,64
530733,Mouse,3745,66
530739,Mouse,4215,67
530741,Mouse,5237,68
530789,Mouse,4631,65
530848,Mouse,5631,66
530885,Mouse,4539,65
530940,Mouse,4236,65
530983,Mouse,4303,65
531052,Mouse,3790,64
531073,Elephant,41613,274
531101,Mouse,5084,65
531127,Mouse,3184,65
531140,Mouse,5762,67
531143,Mouse,4338,67
531167,Mouse,4299,65
531206,Mouse,3296,64
531235,Mouse,4392,67
531236,Mouse,4285,68
531499,Mouse,4605,65
531570,Mouse,5034,65
531574,Mouse,3026,64
531608,Mouse,3966,69
531613,Mouse,3225,64
531617,Mouse,4015,65
531627,Mouse,3942,64
531777,Mouse,3193,67
531833,Mouse,4062,67
531894,Mouse,3643,64
531983,Mouse,3582,64
532099,Mouse,5566,72
532153,Elephant,128744,516
532164,Mouse,5430,69
532185,Mouse,5284,71
532285,Mouse,3751,64
532415,Mouse,5440,77
532597,Elephant,58830,364
532604,Mouse,3831,83
532641,Mouse,4854,75
532702,Mouse,3882,68
532822,Elephant,552708,1285
532985,Mouse,5704,70
533019,Elephant,157502,760
533061,Mouse,5062,72
533075,Mouse,4227,64
533133,Mouse,4791,70
533188,Mouse,3147,71
533281,Mouse,4793,68
533351,Mouse,3884,67
533368,Mouse,5137,72
533425,Mouse,5555,77
533430,Mouse,4456,75
533494,Mouse,5059,71
533514,Mouse,3504,67
533535,Mouse,5492,69
533666,Elephant,527663,1340
533708,Mouse,3695,64
533751,Mouse,4742,66
533778,Mouse,3045,67
533861,Mouse,3880,66
534009,Mouse,3227,66
534146,Mouse,3185,64
534266,Mouse,3547,72
534279,Elephant,383036,973
534324,Mouse,4785,71
534336,Mouse,3177,64
534349,Mouse,5614,67
534352,Mouse,3042,65
534399,Mouse,5665,66
534423,Mouse,4256,67
534429,Mouse,5711,70
534439,Mouse,4328,75
534447,Mouse,4659,76
534588,Mouse,3626,64
534678,Mouse,3024,66
534710,Mouse,5767,70
534836,Elephant,85133,426
534871,Mouse,5506,76
534997,Mouse,4011,75
535009,Mouse,3830,76
535041,Mouse,3346,85
535069,Mouse,3407,86
535105,Mouse,4935,98
535106,Mouse,4153,97
535150,Mouse,4922,83
535155,Mouse,3791,83
535167,Mouse,3882,87
535218,Mouse,3422,74
535237,Elephant,551516,1271
535246,Mouse,4977,82
535251,Mouse,5582,79
535302,Mouse,5516,66
535331,Mouse,5687,66
535354,Mouse,3128,66
535365,Mouse,5342,70
535380,Mouse,5278,65
535430,Mouse,5387,65
535435,Mouse,5821,66
535505,Mouse,4967,70
535511,Mouse,5687,69
535532,Mouse,5054,68
535542,Mouse,5814,75
535548,Mouse,4650,78
535562,Mouse,3681,78
535565,Mouse,3748,65
535628,Mouse,4881,67
535717,Mouse,5508,68
535733,Mouse,3461,67
535752,Elephant,326784,1221
535758,Mouse,4944,67
535794,Mouse,3333,70
535810,Mouse,3927,66
535839,Mouse,4439,66
535962,Mouse,4181,69
536075,Mouse,5247,71
536133,Mouse,4626,79
536196,Mouse,4652,86
536229,Mouse,4424,93
536326,Mouse,3574,88
536378,Mouse,5592,82
536384,Mouse,5129,82
536509,Mouse,4753,75
536517,Elephant,517624,1749
536591,Mouse,5712,68
536600,Mouse,3398,67
536626,Elephant,214186,880
536679,Elephant,116482,702
536687,Mouse,3462,65
536731,Mouse,3972,65
536799,Mouse,3215,64
536808,Mouse,4737,65
536852,Mouse,3736,65
536875,Elephant,194464,924
536879,Mouse,5346,68
536882,Mouse,3699,66
536885,Mouse,3278,64
536951,Mouse,3414,64
536997,Mouse,3238,64
537081,Mouse,5184,65
537090,Mouse,3942,64
537126,Mouse,5341,66
537134,Mouse,4962,66
537208,Mouse,4500,65
537272,Mouse,4366,65
537358,Mouse,4583,65
537495,Mouse,3845,67
537503,Mouse,3528,68
537530,Elephant,65639,362
537542,Mouse,4708,69
537547,Mouse,3604,64
537567,Mouse,4557,65
537604,Mouse,5277,65
537634,Mouse,5754,66
537680,Mouse,5568,66
537702,Mouse,4970,65
537729,Mouse,3259,64
537741,Mouse,4053,64
537873,Mouse,4781,65
537896,Mouse,3786,64
537979,Mouse,3256,64
537989,Mouse,5593,68
537991,Mouse,4514,68
538070,Mouse,4707,65
538175,Mouse,5292,65
538196,Mouse,4483,65
538316,Mouse,4979,70
538325,Mouse,5053,74
538338,Mouse,4090,79
538450,Mouse,3910,66
538502,Mouse,5156,70
538520,Elephant,77988,398
538523,Mouse,5376,75
538569,Mouse,3586,71
538619,Mouse,4277,68
538659,Mouse,5027,68
538664,Mouse,4196,71
538673,Mouse,5758,76
538692,Mouse,4747,70
538724,Elephant,286537,821
538733,Mouse,5812,68
538823,Mouse,3208,64
538997,Mouse,5779,66
539089,Mouse,3667,67
539223,Mouse,4621,73
539271,Elephant,85886,420
539330,Mouse,5142,70
539340,Mouse,5797,76
539390,Mouse,3965,69
539393,Mouse,3289,70
539408,Mouse,5305,67
539410,Mouse,3509,67
539465,Mouse,3414,68
539554,Mouse,3503,66
539624,Mouse,3648,65
539706,Mouse,4729,73
539719,Mouse,3301,74
539750,Mouse,3435,73
539776,Elephant,254008,779
539782,Mouse,4061,74
539850,Mouse,3876,68
539853,Elephant,263179,790
539897,Mouse,3067,65
539983,Mouse,3133,64
540028,Mouse,4417,65
540058,Mouse,3063,72
540058,Mouse,3892,73
540131,Mouse,3521,66
540151,Mouse,3478,76
540154,Mouse,5178,76
540214,Mouse,5533,70
540339,Mouse,4354,78
540353,Elephant,185758,645
540388,Mouse,4398,68
540428,Mouse,4515,68
540484,Mouse,3467,64
540537,Mouse,4312,68
540623,Mouse,4600,77
540645,Mouse,3156,74
540666,Mouse,4076,78
540718,Mouse,5840,84
540795,Mouse,3697,86
540937,Elephant,343520,997
541010,Mouse,4030,64
541185,Mouse,4298,65
541194,Mouse,5696,70
541258,Elephant,469680,1369
541338,Mouse,3475,64
541439,Mouse,3158,67
541482,Mouse,3787,68
541492,Mouse,3036,72
541501,Mouse,4838,65
541519,Mouse,3284,66
541642,Mouse,4666,68
541643,Mouse,5630,70
541719,Elephant,371339,1276
541827,Elephant,55669,324
541853,Mouse,5244,69
541943,Mouse,3054,66
541990,Mouse,4746,70
542213,Mouse,3697,68
542219,Mouse,3062,64
542250,Mouse,5827,74
542486,Mouse,4516,74
542513,Mouse,5338,86
542522,Mouse,3024,84
542560,Mouse,5447,92
542569,Mouse,3693,96
542597,Mouse,4919,106
542677,Mouse,5296,112
542695,Mouse,3808,110
542747,Mouse,3599,91
542759,Mouse,3633,86
542769,Mouse,3156,79
542778,Mouse,4455,72
542873,Mouse,5304,69
542906,Mouse,5368,70
542907,Mouse,4330,70
542936,Mouse,3730,70
542970,Mouse,5406,75
542993,Mouse,3581,67
543029,Elephant,478032,1334
543091,Mouse,3818,67
543128,Mouse,4169,64
543152,Mouse,3125,72
543163,Mouse,4744,74
543196,Mouse,3357,70
543307,Elephant,198571,933
543395,Mouse,3993,66
543398,Mouse,5439,67
543469,Elephant,579228,1647
543498,Mouse,5200,65
543562,Mouse,3015,64
543648,Mouse,4946,65
543709,Mouse,4396,69
543717,Mouse,4339,65
543738,Mouse,3306,64
543747,Mouse,4885,68
543752,Mouse,3386,70
543781,Mouse,5784,66
543870,Mouse,4504,65
543885,Mouse,5353,70
543890,Mouse,5139,73
543944,Mouse,3152,73
543946,Mouse,4886,72
543994,Mouse,5046,65
544095,Mouse,5674,67
544101,Mouse,4657,68
544151,Mouse,5336,69
544179,Mouse,3347,64
544203,Mouse,5650,72
544378,Mouse,4518,65
544420,Mouse,3353,67
544508,Mouse,4543,68
544550,Elephant,475695,1082
544805,Mouse,3667,64
544809,Mouse,4695,66
544909,Mouse,4603,69
544915,Mouse,3660,70
544983,Mouse,4806,69
545092,Mouse,4077,68
545098,Mouse,5053,69
545184,Mouse,5111,72
545306,Mouse,4756,79
545338,Mouse,4259,87
545390,Mouse,3781,92
545485,Mouse,4714,78
545512,Elephant,554256,1368
545514,Elephant,316106,934
545532,Mouse,3897,67
545618,Mouse,5512,66
545644,Mouse,4877,65
545664,Mouse,3084,71
545750,Mouse,4058,65
545801,Mouse,3564,64
545911,Mouse,4296,66
546032,Mouse,3874,64
546052,Mouse,3433,68
546187,Mouse,3477,67
546228,Mouse,3979,67
546254,Mouse,5070,70
546283,Mouse,4514,75
546315,Mouse,5399,74
546337,Mouse,3963,80
546347,Mouse,5294,83
546362,Mouse,3981,81
546400,Mouse,4316,94
546408,Mouse,3692,95
546463,Mouse,3734,95
546470,Elephant,118091,542
546591,Elephant,490149,1481
546634,Mouse,4338,69
546644,Mouse,4842,65
546655,Mouse,4818,65
546695,Mouse,4193,64
546766,Mouse,5738,66
546779,Mouse,3751,65
546836,Mouse,3223,64
546988,Mouse,5346,73
547040,Mouse,4571,75
547041,Mouse,3929,74
547062,Mouse,5482,72
547084,Mouse,5383,78
547363,Mouse,4963,92
547447,Mouse,5591,97
547465,Mouse,5349,99
547486,Mouse,3850,90
547506,Mouse,4197,91
547523,Mouse,4846,84
547542,Mouse,3229,77
547611,Mouse,5528,70
547653,Elephant,143392,750
547669,Mouse,3715,73
547672,Mouse,4685,77
547688,Mouse,3453,69
547736,Mouse,3642,68
547756,Mouse,3412,67
547769,Mouse,5248,67
547856,Mouse,3409,67
547871,Mouse,3024,68
547916,Elephant,244498,1100
548030,Mouse,4775,69
548033,Mouse,3694,70
548073,Mouse,4169,74
548095,Elephant,265698,1194
548181,Mouse,3916,67
548186,Mouse,4467,70
548269,Mouse,3285,71
548363,Mouse,4221,71
548453,Elephant,183201,674
548537,Mouse,3865,67
548550,Mouse,4661,69
548598,Mouse,4090,72
548642,Mouse,5279,71
548744,Mouse,5288,90
548789,Mouse,5676,99
548848,Mouse,5378,110
548870,Mouse,4886,115
548938,Mouse,4620,90
548996,Mouse,5102,74
549003,Mouse,3281,76
549020,Mouse,4981,78
549036,Elephant,571177,1360
549054,Mouse,5201,74
549141,Mouse,3030,64
549279,Mouse,3190,77
549289,Mouse,4005,74
549291,Mouse,5297,76
549430,Mouse,5731,84
549476,Mouse,4864,94
549496,Mouse,5626,98
549518,Mouse,3845,96
549529,Mouse,3385,100
549618,Mouse,4757,94
549689,Mouse,4449,69
549715,Elephant,305947,1464
549776,Mouse,4506,65
549902,Mouse,5193,73
549920,Elephant,284737,1339
549962,Mouse,3731,69
550004,Mouse,4406,69
550044,Mouse,5081,70
550059,Mouse,3051,73
550078,Mouse,3376,71
550143,Mouse,4820,72
550154,Mouse,3153,79
550161,Mouse,3478,81
550283,Mouse,3022,67
550300,Mouse,5482,70
550396,Mouse,3939,86
550425,Mouse,3586,90
550463,Mouse,5007,92
550572,Elephant,506380,1662
550633,Mouse,4769,68
550665,Mouse,3868,68
550667,Elephant,74247,427
550742,Mouse,5284,73
550793,Mouse,5611,74
550809,Elephant,507400,1710
550825,Mouse,5405,70
550857,Mouse,5300,65
550882,Mouse,5233,70
550937,Mouse,4076,67
550942,Mouse,5740,68
550957,Mouse,3724,68
550961,Mouse,4225,70
551033,Mouse,5702,71
551039,Elephant,168517,1060
551083,Mouse,4087,66
551152,Elephant,97902,461
551209,Mouse,3696,67
551266,Mouse,4594,67
551319,Mouse,3768,67
551344,Mouse,3598,67
551421,Elephant,54844,322
551454,Mouse,5025,69
551459,Mouse,3650,70
551486,Elephant,195290,673
551637,Mouse,5610,69
551639,Mouse,5753,70
551797,Mouse,3376,67
551822,Mouse,3413,66
551895,Mouse,3308,64
551995,Mouse,3984,65
552045,Mouse,5445,70
552136,Elephant,368478,941
552176,Mouse,4086,65
552354,Mouse,5212,66
552372,Mouse,4471,65
552394,Mouse,5178,67
552583,Mouse,5061,65
552663,Mouse,4836,65
552726,Mouse,5006,65
552880,Mouse,4678,69
552949,Mouse,4665,67
552967,Mouse,5283,68
552985,Mouse,4747,69
553017,Mouse,4845,70
553036,Mouse,5319,74
553053,Mouse,5586,69
553082,Mouse,4901,72
553122,Mouse,5087,71
553125,Mouse,3151,71
553136,Mouse,4436,67
553162,Mouse,4959,74
553180,Mouse,3682,67
553359,Mouse,4740,101
553435,Mouse,4643,111
553520,Mouse,3701,102
553621,Mouse,5808,72
553691,Mouse,3135,70
553721,Mouse,4456,69
553770,Mouse,5710,72
553815,Mouse,3683,69
553920,Mouse,4617,74
553987,Mouse,5767,90
554023,Mouse,4187,84
554139,Mouse,4725,77
554173,Elephant,465291,1562
554180,Mouse,4939,88
554180,Mouse,3456,87
554264,Mouse,5164,75
554270,Mouse,3757,71
554336,Mouse,4907,78
554351,Mouse,4674,82
554445,Mouse,3896,82
554450,Elephant,422259,1724
554607,Mouse,5790,70
554642,Mouse,4866,76
554658,Mouse,4027,71
554667,Mouse,3908,74
554709,Mouse,3845,70
554737,Mouse,4197,74
554803,Mouse,5136,78
554807,Mouse,3529,75
554890,Mouse,3335,84
554946,Mouse,5358,96
554956,Mouse,4782,98
554970,Mouse,3087,102
554973,Mouse,3841,105
554985,Mouse,5496,111
554993,Elephant,403000,1844
555038,Mouse,3751,102
555082,Mouse,5106,75
555114,Mouse,3333,68
555186,Mouse,3713,66
555203,Mouse,5768,69
555214,Mouse,5753,71
555246,Mouse,5717,71
555274,Mouse,5682,70
555290,Mouse,5456,76
555311,Mouse,3767,68
555426,Mouse,4892,69
555437,Elephant,412371,1424
555465,Mouse,5579,70
555534,Mouse,3140,69
555547,Mouse,5231,68
555570,Mouse,4237,67
555718,Mouse,3834,66
555779,Mouse,3357,65
555788,Mouse,3304,64
555845,Mouse,3913,66
555864,Mouse,5723,67
556067,Mouse,5018,68
556094,Mouse,4080,67
556175,Mouse,3988,65
556228,Mouse,3818,64
556297,Mouse,3777,64
556310,Mouse,4363,65
556325,Mouse,5672,66
556378,Mouse,3586,64
556394,Mouse,5244,65
556561,Mouse,3589,64
556576,Mouse,3528,65
556606,Mouse,4291,66
556649,Mouse,3267,65
556674,Mouse,3335,64
556765,Mouse,4321,65
556770,Mouse,3753,64
556804,Mouse,4182,64
556833,Mouse,3172,67
556841,Mouse,4118,64
556861,Mouse,5738,66
556992,Mouse,3210,64
557021,Mouse,5529,66
557025,Mouse,5475,66
557046,Mouse,3105,64
557125,Mouse,3199,64
557187,Mouse,3842,64
557233,Mouse,3464,64
557269,Mouse,4385,67
557357,Mouse,3165,65
557443,Mouse,4086,67
557457,Mouse,5666,66
557509,Mouse,3792,64
557706,Mouse,3639,67
557718,Mouse,5832,73
557780,Mouse,5715,68
557851,Mouse,3671,64
557857,Mouse,4850,65
557941,Mouse,5684,66
557974,Mouse,4064,67
558007,Mouse,4529,69
558018,Elephant,407797,991
558095,Mouse,5211,65
558234,Mouse,5432,67
558247,Mouse,3222,64
558271,Mouse,5544,67
558309,Mouse,5099,65
558395,Mouse,3089,64
558496,Mouse,4371,68
558500,Mouse,5188,66
558567,Mouse,4265,65
558634,Mouse,5805,66
558667,Mouse,3915,68
558758,Mouse,3397,67
558792,Mouse,3278,67
558882,Mouse,4045,65
558943,Mouse,5355,69
558971,Mouse,4797,67
558986,Mouse,4123,69
559025,Elephant,315768,861
559055,Mouse,4711,65
559070,Mouse,4138,65
559124,Mouse,3356,67
559173,Mouse,4247,71
559262,Mouse,3021,65
559309,Mouse,3778,67
559318,Mouse,5582,73
559324,Mouse,3346,75
559392,Elephant,201496,679
559439,Mouse,3585,66
559440,Mouse,4213,70
559475,Mouse,3846,64
559687,Mouse,4483,65
559693,Mouse,5428,65
559698,Mouse,4999,65
559709,Mouse,4939,65
559740,Mouse,4521,65
559817,Mouse,4683,65
559974,Mouse,5724,67
559984,Mouse,4285,65
560022,Mouse,5448,67
560091,Mouse,5208,65
560098,Mouse,5458,66
560141,Mouse,4886,66
560188,Mouse,3923,66
560257,Mouse,3586,64
560263,Mouse,5648,66
560277,Mouse,3553,65
560292,Mouse,5404,66
560303,Mouse,4803,65
560458,Mouse,5238,70
560500,Mouse,3410,68
560536,Mouse,3371,64
560582,Mouse,5150,70
560582,Mouse,5088,70
560649,Mouse,3299,70
560656,Mouse,3582,66
560667,Mouse,3759,64
560684,Mouse,5758,74
560754,Mouse,3070,64
560790,Mouse,4940,71
560839,Mouse,5180,75
560975,Mouse,5584,69
561074,Elephant,351249,940
561089,Mouse,4395,76
561152,Mouse,3017,67
561163,Mouse,4987,69
561187,Mouse,3914,66
561243,Mouse,5473,69
561348,Mouse,5741,76
561376,Mouse,3213,74
561675,Mouse,4787,89
561751,Mouse,5522,78
561826,Mouse,3433,75
561841,Elephant,554502,1278
561877,Mouse,4404,75
561921,Mouse,3767,68
561934,Mouse,3573,64
561940,Elephant,245950,1040
561959,Mouse,5538,69
562057,Mouse,4293,65
562104,Mouse,3515,64
562135,Mouse,4335,67
562161,Mouse,3481,66
562174,Mouse,4821,69
562216,Mouse,5279,70
562264,Mouse,3401,69
562281,Mouse,3424,67
562333,Mouse,4016,71
562369,Mouse,3917,73
562472,Mouse,5814,81
562493,Mouse,4621,86
562599,Elephant,327911,1383
562613,Mouse,5463,75
562643,Mouse,5717,77
562678,Mouse,3289,64
562801,Mouse,3713,70
562988,Mouse,3723,79
563041,Mouse,4228,89
563084,Mouse,4557,85
563115,Mouse,4610,84
563166,Mouse,3905,87
563171,Elephant,47408,381
563230,Mouse,5120,85
563243,Mouse,4459,88
563354,Mouse,4695,77
563375,Mouse,4380,77
563386,Mouse,4428,81
563475,Mouse,4054,72
563488,Mouse,3646,72
563534,Elephant,265268,1245
563557,Mouse,4839,74
563626,Mouse,4132,69
563633,Mouse,4010,72
563642,Elephant,343038,1537
563647,Mouse,3722,66
563684,Mouse,3854,75
563742,Mouse,4879,68
563764,Mouse,4369,75
563796,Mouse,4871,72
563805,Mouse,4093,73
563874,Elephant,563728,1875
563925,Mouse,5202,65
564126,Mouse,5680,66
564543,Mouse,4523,75
564592,Mouse,4012,82
564608,Mouse,3624,90
564611,Mouse,4455,91
564626,Mouse,3652,96
564690,Mouse,4904,105
564767,Mouse,5608,93
564826,Mouse,3007,74
564908,Mouse,4463,78
564947,Mouse,4453,73
564980,Mouse,3048,73
565044,Mouse,5559,85
565145,Mouse,4288,91
565176,Mouse,3992,86
565292,Mouse,3898,76
565304,Mouse,4589,80
565344,Mouse,5286,83
565447,Mouse,3531,86
565559,Elephant,313074,1445
565583,Mouse,3482,77
565610,Mouse,5786,79
565621,Elephant,511870,1682
565670,Mouse,5426,69
565756,Mouse,5639,68
565776,Mouse,3523,67
565939,Mouse,4385,68
566003,Mouse,4943,73
566091,Mouse,4880,69
566098,Mouse,5109,71
566112,Elephant,441237,2041
566123,Mouse,3016,64
566141,Mouse,4442,70
566294,Mouse,5765,66
566379,Mouse,5064,65
566469,Mouse,3337,64
566479,Mouse,4622,66
566536,Mouse,4768,69
566630,Mouse,4348,66
566699,Mouse,5371,71
566753,Mouse,3006,72
566764,Mouse,4469,67
566774,Elephant,91629,420
566797,Mouse,3380,71
566942,Mouse,5489,66
566964,Mouse,3472,67
567033,Mouse,5598,68
567090,Mouse,3452,69
567101,Mouse,3664,67
567123,Mouse,5483,70
567176,Mouse,4175,70
567190,Elephant,236003,738
567302,Mouse,5510,72
567430,Mouse,4707,67
567540,Mouse,5285,69
567563,Mouse,5706,83
567603,Mouse,4036,83
567626,Mouse,4760,92
567645,Mouse,5575,99
567734,Mouse,4077,74
567749,Mouse,3511,65
567802,Mouse,4951,68
567937,Mouse,5194,75
568040,Mouse,4299,77
568048,Mouse,4076,83
568081,Mouse,3999,90
568138,Mouse,3948,99
568152,Elephant,121727,716
568330,Mouse,5067,71
568361,Mouse,5295,69
568402,Mouse,3272,68
568462,Mouse,5519,72
568472,Mouse,4203,75
568480,Mouse,5137,81
568494,Mouse,4666,87
568498,Mouse,4139,88
568538,Mouse,3995,91
568550,Mouse,3483,91
568560,Mouse,4810,95
568563,Elephant,384300,1393
568598,Mouse,5691,74
568649,Mouse,3446,66
568711,Mouse,4746,69
568751,Mouse,4359,69
568756,Mouse,3331,71
568876,Mouse,5840,71
568988,Mouse,5271,72
569092,Mouse,4524,70
569102,Mouse,4105,75
569122,Mouse,3323,76
569157,Elephant,512274,1898
569191,Mouse,3703,73
569240,Mouse,5420,65
569273,Mouse,4178,68
569274,Elephant,594228,2045
569325,Mouse,5768,66
569345,Mouse,4732,65
569358,Mouse,3019,64
569373,Mouse,4517,72
569403,Mouse,3992,64
569473,Mouse,3106,64
569504,Elephant,46687,282
569598,Mouse,3403,64
569660,Mouse,4463,65
569700,Mouse,4614,65
569717,Mouse,3187,64
569796,Mouse,4784,67
569933,Mouse,5519,66
569995,Mouse,4448,65
570005,Mouse,3982,68
570059,Mouse,5012,71
570104,Mouse,5710,71
570152,Mouse,4765,65
570175,Mouse,5687,68
570231,Mouse,5769,72
570294,Mouse,5280,74
570342,Mouse,4095,67
570394,Mouse,4537,68
570411,Elephant,232198,732
570433,Mouse,5536,75
570467,Mouse,3578,73
570467,Mouse,3832,73
570481,Mouse,4757,77
570515,Mouse,3202,73
570531,Mouse,4173,71
570548,Elephant,160430,200980
570574,Mouse,3420,67
570595,Mouse,5702,66
570609,Mouse,4714,70
570684,Mouse,4848,66
570717,Mouse,4586,66
570719,Mouse,3969,66
570757,Mouse,5239,68
570808,Mouse,5614,66
570899,Mouse,5285,66
571073,Mouse,3997,73
571109,Mouse,3375,74
571155,Elephant,403159,1023
571184,Mouse,3114,72
571235,Mouse,5092,68
571315,Mouse,3629,68
571335,Mouse,3711,68
571740,Mouse,4753,101
571784,Mouse,5233,109
571792,Mouse,4854,112
571844,Mouse,5562,106
571855,Mouse,4247,101
571874,Mouse,4933,90
571891,Mouse,3362,84
571951,Mouse,4889,66
572103,Mouse,3179,70
572404,Elephant,447794,1594
572447,Mouse,4016,67
572476,Mouse,5731,73
572578,Mouse,4421,72
572707,Mouse,4637,92
572711,Mouse,3120,93
572737,Elephant,149529,940
572839,Mouse,5577,71
572865,Mouse,5695,77
573071,Elephant,390908,1876
573096,Mouse,5318,99
573144,Elephant,562114,2208
573171,Mouse,4335,81
573178,Mouse,3609,78
573234,Mouse,4314,85
573289,Mouse,5044,79
573306,Mouse,3654,79
573385,Elephant,117429,905
573393,Mouse,3165,87
573396,Mouse,5285,92
573416,Mouse,4921,93
573441,Mouse,3307,93
573454,Mouse,3052,89
573511,Mouse,5736,79
573514,Mouse,3653,76
573618,Mouse,4842,74
573655,Mouse,5120,81
573669,Elephant,153254,956
573745,Mouse,4076,78
573894,Mouse,4593,88
573939,Mouse,4970,98
573963,Elephant,128573,881
573977,Mouse,3666,84
574178,Mouse,4667,83
574253,Elephant,544139,2925
574308,Mouse,3902,74
574473,Mouse,5546,76
574614,Mouse,3142,70
574671,Mouse,4275,75
574762,Mouse,4610,97
574884,Mouse,4525,98
574920,Mouse,5777,96
575046,Elephant,219274,1381
575072,Mouse,3777,77
575171,Mouse,3981,70
575174,Mouse,5387,74
575182,Elephant,442528,2025
575268,Mouse,4066,66
575379,Mouse,5705,70
575454,Mouse,3270,67
575465,Mouse,5568,73
575592,Mouse,4038,68
575654,Elephant,42110,276
575692,Mouse,3039,74
575745,Mouse,4562,66
575871,Mouse,4702,69
575882,Mouse,5762,67
575929,Mouse,3855,66
575979,Mouse,4053,66
576030,Mouse,3144,68
576211,Mouse,3848,67
576284,Mouse,5102,66
576300,Mouse,3301,65
576339,Mouse,5394,69
576387,Mouse,3990,67
576418,Mouse,3532,69
576443,Elephant,318864,870
576604,Mouse,5526,68
576678,Mouse,4934,65
576811,Mouse,4742,65
576854,Mouse,4044,65
576879,Mouse,5352,67
576984,Mouse,5210,65
577027,Mouse,5468,67
577110,Mouse,3628,64
577321,Mouse,3518,64
577355,Mouse,4486,66
577365,Mouse,5474,67
577427,Mouse,5393,67
577446,Mouse,3995,64
577469,Mouse,4660,71
577538,Mouse,4485,65
577551,Mouse,4791,69
577640,Mouse,4559,67
577676,Mouse,5735,70
577699,Mouse,5716,66
577746,Mouse,5570,69
577761,Mouse,4052,69
577763,Mouse,4332,70
577813,Elephant,223512,721
577815,Mouse,5089,71
577892,Mouse,3156,64
577950,Mouse,3237,64
577995,Mouse,4765,65
578015,Mouse,5106,65
578115,Mouse,5329,65
578129,Mouse,4212,67
578328,Mouse,4413,70
578386,Mouse,4069,71
578406,Mouse,4042,66
578434,Elephant,100315,463
578444,Mouse,5632,70
578514,Mouse,5011,70
578594,Mouse,3307,66
578682,Mouse,3918,65
578690,Mouse,5332,71
578707,Mouse,4587,65
578767,Mouse,5400,71
578782,Mouse,3159,66
578796,Mouse,4688,66
578818,Mouse,5512,73
578891,Elephant,540742,201766
578921,Mouse,5133,65
579055,Mouse,5712,66
579111,Mouse,5614,66
579159,Mouse,4316,68
579221,Mouse,5277,65
579362,Mouse,3684,64
579474,Mouse,3286,67
579503,Mouse,3411,66
579607,Mouse,3698,67
579696,Mouse,5492,69
579748,Mouse,5033,76
579750,Mouse,5452,70
579755,Mouse,5795,69
579821,Mouse,4331,66
579931,Mouse,5243,74
579950,Mouse,3522,64
580039,Mouse,5502,68
580058,Mouse,5399,71
580132,Mouse,4704,70
580142,Mouse,4901,76
580176,Mouse,3949,78
580196,Mouse,5584,86
580236,Mouse,4157,104
580248,Elephant,434492,1059
580259,Mouse,4212,89
580293,Mouse,3122,83
580297,Elephant,94353,494
580357,Mouse,4499,69
580416,Mouse,4333,65
580420,Mouse,4720,65
580437,Mouse,4239,66
580469,Mouse,3723,64
580537,Mouse,3526,64
580584,Mouse,3201,67
580586,Mouse,4938,69
580610,Elephant,63967,328
580674,Mouse,5755,66
580781,Mouse,5592,70
580834,Mouse,5673,70
580911,Mouse,5089,68
580961,Mouse,4409,73
580990,Elephant,85915,411
581046,Mouse,3219,65
581060,Mouse,5395,65
581070,Mouse,4891,65
581108,Mouse,4286,65
581146,Mouse,4759,65
581209,Mouse,4770,65
581232,Mouse,3487,66
581234,Mouse,5479,68
581263,Mouse,3321,67
581374,Mouse,3219,64
581420,Mouse,5642,69
581486,Mouse,3377,69
581840,Mouse,3891,71
581844,Mouse,3453,64
581986,Mouse,5538,83
582062,Mouse,3530,75
582082,Mouse,3140,77
582145,Mouse,5586,89
582289,Mouse,4065,74
582390,Mouse,3257,71
582402,Mouse,5089,76
582405,Mouse,4065,76
582460,Mouse,3682,83
582536,Mouse,5693,80
582544,Elephant,343867,1133
582566,Mouse,4068,69
582605,Mouse,3545,66
582605,Mouse,3528,67
582623,Mouse,4540,73
582642,Mouse,4091,70
582693,Mouse,5364,78
582865,Mouse,5472,77
582915,Mouse,5672,90
582940,Mouse,4491,92
582951,Mouse,4097,97
583040,Mouse,5312,81
583079,Mouse,3270,70
583171,Mouse,4961,92
583329,Mouse,5696,75
583338,Mouse,4590,76
583367,Mouse,3408,87
583447,Mouse,3212,77
583489,Mouse,3928,84
583557,Mouse,4641,96
583559,Elephant,406251,1574
583618,Elephant,101358,600
583626,Mouse,3606,83
583680,Elephant,442940,1913
583796,Mouse,3616,65
583856,Mouse,5517,67
583938,Mouse,4913,71
583944,Mouse,5503,74
584003,Mouse,3189,71
584092,Elephant,518051,2238
584102,Mouse,4904,65
584112,Mouse,5012,66
584157,Mouse,4354,66
584162,Mouse,5330,68
584188,Mouse,3853,64
584213,Mouse,4870,70
584231,Mouse,3091,70
584238,Mouse,5643,66
584277,Mouse,5794,74
584320,Mouse,3450,69
584338,Mouse,3261,64
584758,Mouse,4978,96
584787,Mouse,4941,99
584798,Mouse,3972,101
584849,Mouse,4387,93
584866,Mouse,5609,91
584885,Mouse,5465,82
585027,Elephant,525085,1319
585066,Mouse,4150,65
585079,Mouse,4697,65
585122,Mouse,5175,66
585161,Mouse,5580,67
585182,Mouse,4272,71
585296,Mouse,4918,76
585359,Mouse,3242,64
585390,Mouse,3841,64
585408,Elephant,236094,1150
585584,Mouse,3709,66
585620,Mouse,4998,69
585736,Mouse,4411,65
585761,Elephant,389280,1456
585781,Mouse,4627,69
585818,Mouse,4829,65
585932,Mouse,4007,64
585944,Mouse,5754,66
586070,Mouse,4738,67
586176,Mouse,5421,66
586218,Mouse,3470,64
586509,Mouse,4781,65
586545,Mouse,3567,64
586560,Mouse,5743,66
586687,Mouse,3128,64
586697,Mouse,3072,64
586715,Mouse,3985,64
586755,Mouse,3999,64
586790,Mouse,5270,67
586793,Mouse,3269,69
586843,Mouse,3399,64
586868,Mouse,5429,65
586900,Mouse,5542,67
586971,Mouse,4972,65
587067,Mouse,3578,64
587078,Mouse,3904,67
587322,Mouse,5053,65
587337,Mouse,4896,67
587352,Mouse,4906,70
587479,Mouse,5591,69
587614,Elephant,373896,949
587654,Mouse,3018,71
587707,Mouse,4863,74
587745,Mouse,4348,77
587840,Elephant,38076,258
587847,Mouse,4141,70
587863,Mouse,4124,72
587885,Elephant,59966,358
587918,Mouse,4102,74
587959,Mouse,5809,71
587977,Mouse,3519,67
587984,Mouse,3642,70
588264,Elephant,480155,1143
588309,Mouse,3499,79
588350,Mouse,3246,67
588357,Mouse,4820,72
588394,Mouse,4085,67
588442,Mouse,4823,75
588545,Mouse,4898,70
588563,Mouse,3152,67
588698,Mouse,4685,73
588703,Mouse,3015,74
588752,Mouse,5462,83
588790,Mouse,4585,86
588804,Mouse,3992,91
588883,Elephant,586733,201885
589044,Mouse,3456,73
589077,Mouse,4269,69
589147,Mouse,3885,69
589183,Mouse,4181,75
589253,Mouse,4320,83
589283,Mouse,5780,94
589286,Elephant,65395,408
589291,Mouse,4811,96
589343,Elephant,389284,1325
589413,Mouse,3370,65
589416,Mouse,3556,68
589532,Mouse,4338,65
589597,Mouse,3921,67
589639,Mouse,5261,69
589682,Mouse,3865,68
589761,Mouse,4283,65
589832,Mouse,5623,73
589845,Mouse,4286,76
589878,Mouse,4291,72
589890,Mouse,4367,77
589922,Mouse,3738,70
589953,Mouse,5572,70
589981,Mouse,4174,67
590195,Elephant,496500,1690
590262,Elephant,428184,1452
590269,Mouse,5378,66
590363,Mouse,4634,65
590452,Mouse,5284,65
590465,Mouse,5511,66
590477,Mouse,5387,65
590503,Mouse,5303,65
590522,Mouse,4876,65
590562,Mouse,3580,64
590614,Mouse,4273,65
590649,Mouse,3562,64
590677,Mouse,3840,64
590718,Mouse,4267,65
590737,Mouse,3597,66
590836,Mouse,3417,67
590858,Mouse,3862,64
590912,Mouse,4400,65
591052,Mouse,4758,67
591235,Mouse,4534,65
591242,Mouse,4543,68
591244,Mouse,5344,70
591435,Mouse,5381,79
591552,Mouse,3287,94
591562,Mouse,5045,98
591577,Elephant,58272,373
591612,Mouse,5776,92
591671,Mouse,4834,69
591695,Mouse,5705,67
591767,Mouse,4793,70
591892,Mouse,3019,70
591940,Mouse,4566,76
591965,Mouse,3747,80
591975,Elephant,521073,1307
592043,Mouse,4673,69
592049,Elephant,472227,1281
592069,Mouse,4385,65
592192,Mouse,3131,64
592204,Mouse,3867,64
592237,Mouse,5219,66
592270,Mouse,3919,64
592361,Mouse,3952,64
592387,Mouse,4646,65
592447,Mouse,5113,66
592555,Mouse,3057,64
592692,Mouse,5487,68
592694,Mouse,4862,69
592941,Mouse,3199,64
593004,Mouse,3562,65
593028,Mouse,5154,65
593061,Mouse,3507,69
593157,Mouse,3318,64
593216,Mouse,4090,66
593245,Mouse,5620,66
593316,Mouse,5348,69
593371,Mouse,5313,74
593382,Elephant,435716,1093
593387,Mouse,5230,69
593424,Mouse,3510,72
593449,Mouse,4042,64
593452,Mouse,3742,65
593474,Mouse,3392,64
593521,Mouse,5049,65
593673,Mouse,4768,65
593777,Mouse,5539,70
593813,Mouse,3095,67
593819,Elephant,106946,467
593838,Mouse,5254,69
593870,Mouse,3673,66
593872,Mouse,5110,68
593883,Mouse,4334,70
593942,Mouse,4459,65
594015,Mouse,3142,64
594018,Mouse,3291,64
594096,Elephant,74889,372
594099,Mouse,5116,67
594274,Mouse,5064,65
594306,Mouse,3444,64
594332,Mouse,4647,65
594389,Mouse,5165,65
594405,Mouse,3404,64
594450,Mouse,4052,64
594458,Mouse,4745,65
594517,Mouse,5017,69
594518,Mouse,5394,69
594523,Mouse,5655,66
594598,Mouse,4452,65
594633,Mouse,4947,65
594712,Mouse,3897,64
594790,Mouse,3287,64
594913,Mouse,4444,65
594958,Mouse,3428,65
594966,Mouse,3737,64
594984,Mouse,5473,66
595022,Mouse,5209,65
595038,Mouse,3949,64
595104,Mouse,4543,65
595182,Mouse,5079,65
595208,Mouse,5829,66
595343,Mouse,5317,65
595374,Mouse,3293,64
595401,Mouse,5486,66
595470,Mouse,3480,64
595516,Mouse,5332,66
595526,Mouse,3922,64
595604,Mouse,5129,65
595635,Mouse,3158,65
595665,Elephant,38386,236
595769,Mouse,5011,65
595827,Mouse,5267,65
595928,Mouse,5415,68
595932,Elephant,84749,413
596041,Mouse,3293,64
596130,Mouse,4349,65
596142,Mouse,4882,65
596157,Mouse,4257,65
596197,Mouse,5209,65
596242,Mouse,3775,64
596297,Mouse,4666,65
596333,Mouse,3038,64
596356,Mouse,4755,67
596357,Mouse,4571,68
596383,Mouse,3114,64
596495,Mouse,5786,66
596562,Mouse,5758,69
596666,Mouse,5144,65
596671,Mouse,3027,64
596708,Mouse,5277,65
596730,Mouse,4009,67
596803,Mouse,4608,65
596944,Mouse,4797,70
597043,Mouse,4388,69
597062,Mouse,3931,66
597064,Mouse,5200,69
597069,Mouse,5699,70
597075,Mouse,4679,72
597085,Mouse,4368,72
597145,Mouse,4892,70
597170,Mouse,4692,70
597183,Mouse,3305,70
597296,Mouse,4650,68
597310,Mouse,3645,66
597326,Mouse,3738,69
597378,Elephant,371483,974
597451,Mouse,4807,65
597472,Mouse,3051,64
597489,Mouse,4716,65
597508,Mouse,4453,65
597511,Mouse,3074,64
597565,Mouse,4717,65
597573,Mouse,3256,64
597604,Mouse,5395,65
597609,Mouse,3440,65
597615,Mouse,3309,64
597637,Mouse,3341,64
597720,Mouse,5815,66
597796,Mouse,3057,64
597900,Mouse,3414,67
597927,Mouse,4627,65
597947,Mouse,5222,69
597983,Mouse,3976,67
598096,Mouse,3718,67
598098,Mouse,5150,68
598142,Mouse,3591,64
598248,Mouse,3600,67
598260,Mouse,5742,71
598431,Mouse,3314,70
598481,Mouse,5668,66
598635,Mouse,4059,73
598697,Mouse,3402,80
598717,Mouse,4165,86
598743,Mouse,3202,94
598751,Mouse,5608,94
598761,Mouse,3686,97
598766,Mouse,4482,102
598845,Elephant,503668,1185
598877,Mouse,3960,74
598898,Mouse,3913,71
598910,Elephant,368837,1024
599010,Mouse,5840,66
599135,Mouse,3561,64
599255,Mouse,5478,70
599324,Mouse,3260,66
599400,Mouse,3027,64
599439,Mouse,5324,67
599471,Mouse,4712,69
599490,Mouse,4375,69
599541,Mouse,3490,66
599643,Mouse,5753,73
599758,Mouse,4307,67
600121,Mouse,3325,110
600184,Mouse,4598,104
600207,Mouse,5422,94
600230,Elephant,523348,1269
600364,Mouse,4369,72
600390,Mouse,3702,72
600394,Mouse,3943,71
600440,Mouse,4489,73
600565,Mouse,4433,67
600602,Elephant,574120,1556
600672,Mouse,5630,70
600772,Mouse,4839,69
600845,Mouse,5250,81
600849,Elephant,174257,658
600930,Mouse,5158,74
600991,Mouse,5223,67
601162,Mouse,4192,79
601202,Mouse,3444,85
601242,Mouse,5386,93
601254,Mouse,4055,97
601315,Mouse,5527,99
601330,Mouse,4796,92
601342,Mouse,3935,94
601445,Elephant,417539,1186
601463,Mouse,5424,69
601479,Mouse,4176,65
601512,Mouse,5202,65
601594,Mouse,5556,70
601600,Mouse,4120,68
601726,Mouse,4836,67
601744,Mouse,5819,71
601759,Mouse,4549,71
601830,Mouse,5659,67
601980,Mouse,4586,75
602076,Mouse,3969,72
602092,Mouse,5827,79
602094,Mouse,3409,79
602121,Mouse,4358,86
602188,Mouse,4621,88
602196,Mouse,3442,88
602203,Mouse,3375,91
602248,Mouse,3886,84
602277,Mouse,3766,82
602320,Mouse,4751,70
602345,Mouse,4350,69
602437,Mouse,5072,68
602467,Mouse,3955,80
602572,Elephant,384475,1598
602601,Mouse,5044,81
602610,Mouse,3067,85
602615,Mouse,5675,90
602619,Mouse,3168,92
602632,Mouse,3826,96
602638,Elephant,500233,1599
602649,Mouse,5580,87
602653,Mouse,3318,88
602713,Mouse,5091,89
602731,Mouse,5833,66
602763,Mouse,4450,66
602798,Mouse,3640,65
602813,Mouse,4289,65
602901,Mouse,5206,65
602967,Mouse,5310,70
603079,Mouse,5379,74
603105,Mouse,4248,66
603172,Elephant,169076,789
603212,Mouse,5598,69
603232,Mouse,3380,65
603240,Mouse,5221,69
603268,Mouse,5336,73
603279,Mouse,3951,74
603367,Mouse,4584,68
603466,Mouse,4246,67
603473,Mouse,4764,65
603594,Mouse,5706,70
603657,Elephant,581135,1672
603742,Mouse,4106,64
603758,Mouse,5599,66
603879,Mouse,5413,65
603952,Mouse,4462,65
603971,Mouse,3549,64
604011,Mouse,3497,64
604093,Mouse,4792,65
604165,Mouse,5559,66
604249,Mouse,3575,64
604258,Mouse,4910,68
604260,Mouse,5736,68
604440,Mouse,4857,65
604510,Mouse,4376,65
604563,Mouse,5123,65
604577,Mouse,3236,64
604592,Mouse,4290,65
604613,Mouse,4002,64
604633,Mouse,5281,65
604650,Mouse,4956,65
604767,Mouse,4466,65
604967,Mouse,3988,64
605190,Mouse,3273,64
605216,Mouse,3929,64
605367,Mouse,5497,69
605368,Mouse,4904,69
605396,Mouse,5721,67
605399,Mouse,5238,68
605472,Mouse,5331,65
605493,Mouse,5297,65
605570,Mouse,4012,64
605600,Mouse,3245,64
605720,Mouse,3804,64
605922,Mouse,5212,65
606032,Mouse,4844,65
606091,Mouse,3684,64
606202,Mouse,4262,65
606298,Mouse,5006,65
606313,Mouse,3001,63
606335,Mouse,4218,64
606533,Mouse,3760,65
606536,Mouse,4763,66
606552,Mouse,3460,64
606557,Mouse,3842,64
606636,Mouse,5623,66
606656,Mouse,4033,64
606677,Mouse,4551,66
606679,Mouse,4081,67
606766,Mouse,5763,66
606782,Mouse,4344,65
606829,Mouse,3513,64
606927,Mouse,5157,65
607091,Mouse,3573,64
607190,Mouse,5742,66
607206,Mouse,3440,64
607255,Mouse,3777,66
607256,Mouse,4571,68
607379,Mouse,3604,68
607517,Mouse,4058,64
607617,Mouse,4891,65
607690,Mouse,3212,69
607801,Elephant,271122,793
608119,Elephant,177487,629
608133,Mouse,5826,66
608336,Mouse,3752,64
608618,Mouse,4606,65
608774,Mouse,4770,67
608851,Mouse,3925,64
608883,Mouse,5702,67
608927,Mouse,4262,66
609000,Mouse,3843,68
609003,Mouse,3313,70
609135,Mouse,5073,68
609208,Mouse,4056,68
609249,Mouse,4072,71
609276,Mouse,3967,71
609323,Mouse,5517,73
609437,Mouse,5804,75
609454,Mouse,3858,76
609469,Mouse,4507,76
609502,Mouse,5341,81
609534,Mouse,4132,84
609573,Mouse,4358,84
609608,Mouse,3236,84
609661,Mouse,5095,86
609679,Mouse,4402,87
609680,Elephant,224940,1058
609738,Mouse,3808,72
609749,Mouse,4752,73
609800,Elephant,513377,1475
609824,Mouse,5547,67
609858,Mouse,4812,65
609931,Mouse,3498,67
609941,Mouse,4880,65
609976,Mouse,3395,64
610093,Mouse,4378,69
610110,Mouse,4093,68
610148,Mouse,5340,74
610157,Mouse,4368,77
610248,Mouse,3308,67
610253,Mouse,5814,66
610298,Mouse,3487,64
610355,Mouse,5505,67
610367,Mouse,3520,68
610388,Mouse,4312,66
610414,Mouse,3489,70
610792,Mouse,5430,65
610980,Mouse,4981,65
611158,Mouse,3788,64
611168,Mouse,5292,65
611216,Mouse,3447,64
611247,Mouse,5604,66
611257,Mouse,5438,66
611345,Mouse,3962,64
611526,Mouse,3918,64
611562,Mouse,4440,65
611577,Mouse,5708,66
611583,Mouse,5163,65
611613,Mouse,4650,65
611632,Mouse,3273,64
611661,Mouse,3185,64
611732,Mouse,3834,66
611785,Mouse,5281,65
611791,Mouse,4863,65
611866,Mouse,5143,67
611905,Mouse,5161,68
611917,Mouse,5836,66
611981,Mouse,3316,64
612033,Mouse,5314,70
612089,Mouse,4530,70
612093,Mouse,3175,64
612219,Mouse,5283,69
612304,Mouse,4504,69
612319,Mouse,3092,64
612325,Mouse,3732,68
612333,Elephant,197326,669
612366,Mouse,3416,67
612382,Mouse,4667,65
612402,Mouse,3662,64
612427,Mouse,5757,67
612446,Mouse,4562,65
612457,Mouse,3040,67
612599,Mouse,5807,76
612729,Mouse,4726,75
612749,Mouse,3495,68
612794,Mouse,4276,78
612798,Mouse,3247,74
612811,Mouse,5183,75
612832,Mouse,3209,76
612840,Mouse,3368,80
612855,Mouse,4807,92
612873,Mouse,5750,95
612880,Mouse,4229,97
612958,Mouse,3532,106
613005,Mouse,3382,108
613078,Mouse,5800,97
613095,Mouse,5722,95
613182,Mouse,5045,68
613323,Mouse,5069,66
613349,Elephant,176807,917
613409,Mouse,3602,66
613501,Mouse,4195,65
613539,Mouse,5200,67
613635,Mouse,4550,70
613654,Mouse,5770,72
613673,Mouse,3508,80
613829,Elephant,389262,1528
613862,Mouse,4505,74
613875,Mouse,3350,70
613922,Mouse,3723,70
613925,Elephant,511790,1668
614076,Mouse,4459,67
614097,Mouse,4880,68
614218,Mouse,4177,67
614294,Mouse,5690,76
614328,Mouse,5607,72
614353,Mouse,4209,69
614370,Mouse,3020,76
614379,Mouse,4773,82
614446,Elephant,172921,647
614469,Mouse,3437,74
614806,Mouse,5022,74
614969,Mouse,3489,87
614977,Mouse,3509,90
615087,Mouse,4042,104
615164,Mouse,3162,95
615206,Mouse,5574,99
615270,Mouse,5763,94
615296,Mouse,4753,81
615303,Elephant,369136,1276
615338,Mouse,4494,80
615358,Mouse,5547,69
615392,Mouse,3894,79
615399,Mouse,4435,81
615401,Mouse,5102,80
615467,Elephant,434238,1564
615488,Mouse,3979,73
615501,Mouse,4068,71
615577,Mouse,5715,68
615605,Mouse,3674,66
615631,Mouse,5443,73
615667,Mouse,3650,78
615693,Mouse,3900,76
615709,Mouse,4813,83
615726,Mouse,4006,76
615756,Mouse,3484,78
615791,Mouse,3160,77
615806,Mouse,3186,80
615946,Mouse,3389,79
615984,Mouse,5135,86
615996,Mouse,4966,92
616125,Mouse,3214,88
616165,Mouse,3585,79
616170,Mouse,3074,75
616184,Mouse,3837,78
616198,Elephant,285284,972
616211,Mouse,5315,77
616270,Mouse,3166,64
616448,Mouse,3743,68
616513,Mouse,5103,69
616625,Mouse,3915,68
616709,Mouse,5132,69
616730,Elephant,478125,1434
616735,Mouse,3031,68
616735,Mouse,5070,70
616781,Mouse,3968,71
616786,Mouse,5379,68
616800,Mouse,3163,66
616851,Mouse,3358,67
616916,Mouse,3070,64
616935,Mouse,4033,66
617001,Mouse,4098,64
617027,Mouse,4925,68
617250,Mouse,3314,65
617314,Mouse,4176,64
617427,Mouse,4909,69
617434,Mouse,5498,69
617490,Elephant,251974,791
617502,Mouse,3773,64
617619,Mouse,3886,64
617626,Mouse,4647,65
617658,Mouse,5204,65
617714,Mouse,3445,64
617829,Mouse,4333,72
617854,Mouse,5524,69
618118,Mouse,3490,70
618123,Mouse,5412,75
618218,Mouse,3094,83
618392,Mouse,5756,93
618404,Mouse,4249,89
618447,Mouse,5754,87
618459,Mouse,4595,81
618496,Mouse,3595,65
618556,Mouse,3730,68
618571,Mouse,4910,65
618583,Mouse,3389,64
618648,Mouse,3957,71
618676,Mouse,4803,69
618749,Mouse,3192,75
618795,Mouse,3179,72
618849,Mouse,3315,73
618856,Mouse,4092,77
618880,Mouse,4571,85
618907,Elephant,480072,1371
618914,Elephant,320822,1257
618921,Elephant,352936,1256
618950,Mouse,4544,81
618954,Mouse,4190,79
619010,Mouse,3488,64
619147,Mouse,5059,65
619233,Mouse,3448,64
619244,Mouse,3139,64
619278,Mouse,5373,66
619377,Mouse,5815,69
619412,Mouse,4198,64
619475,Mouse,3143,64
619522,Mouse,5274,65
619556,Mouse,5375,67
619671,Mouse,4777,67
619676,Mouse,4984,69
619694,Mouse,4051,64
619730,Mouse,4808,73
619759,Mouse,3139,64
619810,Mouse,3709,66
619899,Elephant,329201,202158
619963,Mouse,4566,75
619964,Mouse,5459,74
619995,Mouse,5752,70
620008,Mouse,5011,74
620067,Mouse,4326,72
620121,Elephant,327716,898
620122,Mouse,3824,70
620218,Mouse,4825,67
620224,Mouse,5402,70
620253,Elephant,117964,551
620258,Mouse,4232,66
620336,Mouse,5425,65
620381,Mouse,3700,65
620391,Mouse,3435,64
620448,Mouse,3700,64
620584,Mouse,3557,64
620616,Mouse,4203,64
620864,Mouse,5756,66
620909,Mouse,4146,65
621023,Mouse,3329,64
621050,Mouse,3530,64
621161,Mouse,3777,64
621181,Mouse,4306,65
621188,Mouse,4519,65
621265,Mouse,3199,64
621279,Mouse,3046,64
621300,Mouse,3427,64
621450,Mouse,5344,65
621470,Mouse,4230,65
621490,Mouse,5220,65
621514,Mouse,4324,66
621568,Mouse,3680,64
621581,Mouse,3293,64
621590,Mouse,3407,64
621630,Mouse,4660,65
621687,Mouse,3449,64
621717,Mouse,5060,65
621742,Mouse,3481,64
621764,Mouse,3158,64
621830,Mouse,4489,65
621844,Mouse,5099,68
621845,Mouse,4524,68
621864,Mouse,3484,64
621983,Mouse,5624,66
622034,Mouse,3585,64
622107,Mouse,5534,66
622117,Mouse,5316,65
622148,Mouse,3551,65
622166,Mouse,5425,65
622265,Mouse,4185,64
622368,Mouse,3045,64
622397,Mouse,5074,65
622402,Mouse,3338,64
622416,Mouse,4833,65
622451,Mouse,3235,64
622463,Mouse,4764,65
622470,Mouse,5390,65
622524,Mouse,5053,65
622569,Mouse,4680,65
622607,Mouse,4208,64
622636,Mouse,5506,66
622648,Mouse,4943,65
622680,Mouse,4836,66
622750,Mouse,4654,65
622920,Mouse,3961,64
622980,Mouse,5754,66
623039,Mouse,4726,65
623192,Mouse,3937,64
623212,Mouse,4794,65
623317,Mouse,5094,65
623349,Mouse,3321,64
623376,Mouse,3334,64
623383,Mouse,4635,65
623415,Mouse,3567,64
623442,Mouse,3596,66
623443,Mouse,4883,68
623481,Mouse,4389,65
623555,Mouse,4144,64
623599,Mouse,4354,65
623689,Mouse,3787,64
623759,Mouse,4569,65
623916,Mouse,3785,64
623933,Mouse,5820,66
623979,Mouse,4003,64
623986,Mouse,4528,65
624038,Mouse,4194,64
624042,Mouse,4502,65
624148,Mouse,5491,71
624153,Mouse,4611,74
624160,Mouse,3234,72
624184,Mouse,3441,66
624202,Mouse,3506,76
624219,Mouse,4348,66
624235,Mouse,4698,72
624238,Mouse,3338,71
624330,Mouse,4825,68
624427,Mouse,3138,68
624430,Mouse,3448,70
624496,Elephant,249031,808
624512,Mouse,3305,65
624580,Elephant,43433,281
624653,Elephant,135676,591
624707,Mouse,3877,64
624759,Elephant,69314,373
624763,Mouse,4443,66
624791,Mouse,4761,65
624869,Mouse,5263,65
624879,Mouse,4403,65
624925,Mouse,5596,67
624959,Mouse,5567,66
625004,Mouse,3451,69
625068,Mouse,4211,67
625220,Mouse,4332,69
625326,Mouse,3543,67
625478,Mouse,3067,69
625559,Elephant,355008,935
625594,Mouse,4661,71
625627,Mouse,3494,66
625628,Mouse,3798,67
625760,Elephant,324203,886
625821,Mouse,5284,65
625886,Mouse,3049,66
625911,Mouse,4066,64
626090,Mouse,4339,67
626104,Mouse,3343,67
626191,Mouse,5294,82
626193,Elephant,130164,544
626336,Mouse,3050,67
626380,Mouse,3791,75
626388,Mouse,5230,78
626468,Mouse,4773,89
626569,Mouse,5734,70
626623,Mouse,3441,67
626772,Mouse,4682,73
626785,Mouse,5287,78
626801,Mouse,3098,81
626818,Mouse,4385,83
626946,Mouse,3030,70
626976,Mouse,3782,73
626990,Elephant,356723,1157
627054,Mouse,4089,69
627209,Elephant,35056,257
627257,Elephant,438231,1383
627359,Mouse,4609,71
627360,Mouse,3548,71
627416,Elephant,562604,1577
627432,Mouse,3859,64
627528,Mouse,3109,64
627549,Mouse,5524,66
627565,Mouse,5149,69
627681,Mouse,4945,65
627756,Mouse,4622,65
627805,Mouse,5735,66
627870,Mouse,4297,66
627904,Mouse,3545,67
627965,Mouse,5458,68
627983,Mouse,5685,66
628041,Elephant,141036,546
628082,Mouse,3071,64
628141,Mouse,4521,66
628194,Mouse,3515,64
628212,Mouse,3678,64
628236,Mouse,4490,65
628272,Mouse,4773,65
628376,Mouse,4321,65
628387,Mouse,4293,65
628413,Mouse,3929,64
628448,Mouse,5473,66
628528,Mouse,3407,64
628541,Mouse,4051,64
628562,Mouse,5693,66
628574,Mouse,5026,65
628581,Mouse,4795,65
628643,Mouse,4198,67
628644,Mouse,4044,67
628714,Mouse,3086,64
628728,Mouse,3902,64
628874,Mouse,4101,67
628876,Mouse,4829,68
628966,Mouse,3598,64
628980,Mouse,4722,67
628982,Mouse,4745,68
629019,Mouse,5303,65
629034,Mouse,3702,64
629058,Mouse,4859,65
629095,Mouse,4348,65
629100,Mouse,5105,65
629125,Mouse,4774,65
629185,Mouse,5182,65
629217,Mouse,3666,64
629232,Mouse,3707,64
629260,Mouse,4679,66
629265,Mouse,3611,64
629468,Mouse,4273,65
629521,Mouse,4113,64
629565,Mouse,3414,65
629610,Mouse,3669,64
629744,Mouse,5798,66
629790,Mouse,5808,66
629976,Mouse,5838,66
629998,Mouse,3193,64
630096,Mouse,5438,68
630175,Mouse,5689,66
630201,Mouse,3158,69
630235,Mouse,5710,75
630374,Mouse,3028,104
630422,Mouse,4781,112
630447,Mouse,4968,97
630460,Mouse,4287,86
630472,Mouse,3272,91
630490,Mouse,4919,80
630545,Mouse,4708,66
630577,Mouse,3446,65
630619,Mouse,4081,67
630768,Mouse,4483,68
630810,Mouse,5250,72
630823,Mouse,4628,75
630879,Mouse,3881,82
630948,Mouse,3136,83
630957,Mouse,4450,86
631043,Mouse,4050,82
631050,Mouse,3146,77
631105,Elephant,197242,1149
631188,Mouse,5534,74
631219,Mouse,3212,73
631315,Mouse,3527,80
631324,Elephant,295723,1337
631354,Mouse,4582,82
631388,Mouse,3544,74
631402,Mouse,3649,80
631412,Mouse,4635,80
631464,Mouse,5499,72
631471,Mouse,4082,74
631527,Mouse,3856,73
631536,Mouse,5069,78
631566,Mouse,4405,76
631580,Mouse,5269,78
631745,Mouse,3926,73
631771,Mouse,4464,82
631781,Elephant,217782,1041
631892,Mouse,3663,67
631912,Mouse,4834,80
631935,Mouse,5466,78
632022,Mouse,3781,75
632025,Elephant,529004,1952
632055,Mouse,5407,75
632083,Mouse,4577,65
632122,Mouse,4802,85
632126,Mouse,3327,87
632134,Mouse,3624,86
632146,Mouse,4228,80
632219,Mouse,5166,69
632241,Mouse,3241,67
632254,Mouse,5043,72
632283,Mouse,5440,78
632351,Elephant,57899,347
632481,Mouse,5659,73
632607,Mouse,5050,74
632627,Mouse,5093,72
632650,Mouse,5829,79
632699,Mouse,4012,78
632803,Mouse,3282,80
632811,Mouse,5646,81
632823,Mouse,4601,85
632917,Mouse,5542,97
632990,Mouse,4300,69
633005,Mouse,3489,69
633102,Mouse,4770,70
633147,Mouse,5548,76
633222,Elephant,123029,559
633255,Mouse,4038,80
633273,Mouse,5208,78
633284,Mouse,3098,79
633509,Mouse,3361,82
633547,Elephant,489365,1618
633636,Mouse,3177,67
633718,Mouse,4727,69
633777,Mouse,3622,74
633797,Mouse,5208,83
633853,Mouse,3716,88
633898,Mouse,3918,94
633922,Mouse,5834,99
633968,Mouse,4784,93
634055,Mouse,4697,73
634151,Mouse,5525,72
634201,Mouse,3671,77
634263,Mouse,5143,85
634330,Mouse,3717,91
634367,Mouse,3228,84
634445,Mouse,4178,93
634539,Mouse,3761,90
634550,Mouse,4425,90
634614,Mouse,4706,79
634685,Mouse,3311,74
634704,Mouse,4411,82
634732,Elephant,435215,2265
634794,Mouse,3368,71
634830,Mouse,4126,77
634977,Mouse,4174,89
634999,Mouse,4956,100
635029,Mouse,5772,92
635057,Mouse,5289,99
635142,Elephant,283613,1606
635191,Mouse,4020,70
635224,Mouse,5812,69
635335,Mouse,5004,70
635404,Mouse,5410,75
635635,Mouse,4929,71
635637,Mouse,5668,72
635694,Mouse,3485,72
635719,Mouse,4051,80
635785,Mouse,3385,73
635797,Elephant,594536,2641
635859,Mouse,4136,64
635886,Mouse,5690,67
635934,Mouse,5176,70
636004,Mouse,5651,66
636018,Mouse,5576,69
636098,Mouse,3582,66
636223,Mouse,4069,67
636396,Mouse,4223,89
636418,Mouse,3693,99
636546,Mouse,5040,118
636629,Elephant,129450,685
636674,Mouse,5280,67
636739,Mouse,4671,66
636749,Mouse,4332,67
636794,Mouse,4956,72
636805,Mouse,4895,73
636809,Mouse,4277,75
636831,Mouse,4764,72
636839,Mouse,3018,75
636858,Mouse,3343,77
636894,Mouse,3064,75
636934,Mouse,5110,72
636945,Mouse,3671,73
636985,Elephant,268033,1142
636993,Mouse,3821,69
637044,Mouse,4081,66
637056,Mouse,4632,75
637207,Mouse,5818,71
637246,Mouse,4498,74
637314,Elephant,56716,334
637356,Mouse,5676,70
637368,Mouse,4322,70
637397,Mouse,5652,74
637519,Mouse,5784,73
637555,Mouse,5058,75
637610,Mouse,4773,83
637613,Mouse,3353,83
637645,Mouse,3143,86
637651,Mouse,5214,90
637687,Elephant,261587,966
637712,Mouse,4185,80
637737,Mouse,4691,66
637789,Mouse,4853,65
637810,Elephant,473562,1731
637990,Mouse,4576,65
638057,Mouse,3801,64
638080,Mouse,3389,64
638200,Mouse,4950,66
638214,Mouse,4198,64
638249,Mouse,3416,64
638319,Mouse,3658,64
638405,Mouse,3892,64
638419,Mouse,3294,64
638455,Mouse,4183,66
638527,Mouse,3002,63
638717,Mouse,4235,64
638748,Mouse,4742,65
638759,Mouse,5581,66
638850,Mouse,5331,65
639029,Mouse,4322,65
639045,Mouse,4245,67
639046,Mouse,5625,69
639080,Mouse,4253,64
639134,Mouse,3551,64
639226,Mouse,4288,65
639283,Mouse,4013,64
639383,Mouse,4522,65
639403,Mouse,5722,66
639442,Mouse,3396,64
639530,Mouse,4835,65
639625,Mouse,4840,65
639642,Mouse,3445,66
639653,Mouse,4543,71
639859,Mouse,3697,66
639888,Mouse,3068,64
639932,Elephant,264052,781
639995,Mouse,4782,68
640027,Mouse,3348,66
640070,Mouse,5320,68
640085,Mouse,3106,70
640110,Mouse,5156,69
640164,Mouse,3863,68
640354,Mouse,5486,70
640424,Mouse,5193,75
640448,Mouse,5741,79
640494,Elephant,373894,965
640527,Mouse,3739,86
640536,Mouse,3883,75
640584,Mouse,3602,65
640598,Mouse,4454,65
640610,Mouse,4005,67
640718,Mouse,3951,67
640726,Mouse,4825,72
640742,Mouse,5444,71
640789,Mouse,3877,72
640865,Mouse,5506,70
640963,Mouse,4832,71
641003,Mouse,3147,67
641036,Mouse,4856,67
641099,Mouse,3718,67
641189,Mouse,5703,74
641288,Mouse,5443,76
641297,Mouse,5502,81
641332,Elephant,584198,1472
641333,Mouse,4706,86
641432,Mouse,5320,66
641508,Mouse,4624,69
641564,Mouse,3277,64
641574,Mouse,3532,65
641814,Elephant,132587,750
641890,Mouse,3960,64
641917,Mouse,4231,66
641944,Mouse,5402,68
641968,Mouse,5058,71
642024,Mouse,3995,64
642057,Mouse,4617,70
642207,Mouse,5007,69
642320,Mouse,4186,68
642345,Mouse,5349,67
642423,Mouse,3074,70
642507,Mouse,3448,68
642521,Mouse,3883,64
642594,Mouse,3355,64
642613,Elephant,328457,888
642727,Mouse,5141,67
642744,Mouse,5161,75
642758,Mouse,5598,80
642759,Mouse,3929,79
642773,Mouse,4756,70
642829,Mouse,5192,72
642846,Mouse,4935,71
642852,Mouse,3094,66
642892,Mouse,3929,69
642938,Elephant,82273,200707
643054,Mouse,4522,69
643134,Mouse,5750,84
643138,Mouse,3712,84
643167,Elephant,187383,674
643269,Mouse,4389,72
643401,Mouse,4605,65
643439,Mouse,4530,72
643442,Mouse,3063,75
643517,Elephant,271136,892
643525,Mouse,5583,68
643607,Mouse,5428,67
643656,Mouse,5649,67
643712,Mouse,3105,68
643929,Mouse,3207,90
644090,Mouse,4478,76
644195,Mouse,3479,86
644261,Mouse,5246,97
644274,Mouse,4596,101
644282,Elephant,397057,1135
644360,Mouse,5380,78
644446,Mouse,5196,67
644458,Mouse,4811,69
644459,Mouse,4465,69
644550,Elephant,115058,886
644659,Elephant,557071,1545
644682,Mouse,3061,73
644733,Mouse,3092,64
644908,Mouse,3915,70
644922,Mouse,3957,73
644929,Elephant,203434,869
644946,Mouse,5359,69
645037,Mouse,3263,67
645189,Mouse,4529,75
645202,Mouse,4348,76
645225,Mouse,4397,81
645251,Mouse,4489,87
645301,Mouse,4295,83
645313,Elephant,233361,805
645353,Mouse,5831,75
645452,Mouse,4884,74
645525,Mouse,4613,73
645635,Mouse,5015,69
645650,Mouse,3011,75
645651,Mouse,3711,77
645701,Elephant,298827,1191
645805,Mouse,5054,70
645811,Elephant,141772,827
645837,Mouse,3893,86
645900,Mouse,4618,66
645945,Mouse,4696,68
645954,Mouse,5370,69
646097,Mouse,3875,69
646135,Mouse,4978,71
646195,Mouse,5096,71
646243,Mouse,5230,73
646269,Mouse,4276,72
646297,Elephant,495252,1461
646300,Mouse,4158,69
646337,Mouse,5436,79
646340,Mouse,5729,81
646628,Elephant,338121,926
646689,Mouse,4143,71
646726,Mouse,3667,68
646751,Mouse,3177,72
646849,Mouse,3182,71
646910,Mouse,4212,77
646917,Mouse,5550,83
646963,Mouse,3986,88
647064,Mouse,4599,97
647097,Mouse,4148,77
647194,Elephant,141612,693
647262,Mouse,5174,69
647341,Mouse,4715,69
647394,Elephant,223921,1008
647493,Mouse,3750,67
647550,Mouse,4088,71
647583,Mouse,5838,75
647627,Mouse,3575,78
647640,Mouse,3481,78
647808,Mouse,5147,86
647873,Elephant,593979,1620
647944,Elephant,352509,1283
647954,Mouse,5373,78
647955,Mouse,5624,74
647957,Mouse,3168,65
647979,Mouse,3907,64
648030,Mouse,3389,64
648045,Mouse,3061,64
648060,Mouse,3940,64
648132,Mouse,4358,65
648176,Mouse,3098,65
648202,Mouse,5635,68
648217,Mouse,3633,65
648429,Mouse,3089,70
648603,Mouse,5775,70
648612,Mouse,3203,75
648639,Elephant,355948,1212
648677,Mouse,5572,80
648693,Elephant,118088,512
648732,Mouse,3690,64
648766,Mouse,3678,65
648786,Mouse,4356,65
648818,Mouse,4301,65
648844,Mouse,5796,68
648901,Mouse,5354,67
648946,Mouse,4517,66
649024,Mouse,4476,69
649052,Mouse,3723,64
649081,Mouse,4490,68
649113,Mouse,5413,70
649134,Mouse,4213,68
649230,Mouse,4445,65
649271,Mouse,3462,68
649294,Mouse,5316,69
649357,Mouse,3922,74
649553,Mouse,5581,91
649563,Mouse,5817,97
649611,Mouse,3904,99
649624,Mouse,4301,101
649643,Mouse,3108,105
649653,Mouse,4369,112
649680,Mouse,5433,114
649705,Mouse,5399,110
649717,Mouse,5355,110
649742,Mouse,3021,104
649762,Mouse,3323,97
649796,Elephant,530382,1290
649856,Mouse,5118,65
649932,Mouse,4748,66
649992,Elephant,192249,952
650015,Mouse,4361,67
650037,Mouse,4541,65
650076,Mouse,4629,65
650223,Mouse,4167,66
650227,Mouse,3391,70
650229,Elephant,277999,1206
650232,Mouse,3726,68
650289,Mouse,5654,66
650343,Mouse,4694,69
650364,Mouse,3264,68
650365,Mouse,4388,69
650368,Mouse,4969,69
650523,Mouse,5724,67
650526,Mouse,4734,66
650538,Mouse,4781,65
650656,Mouse,5777,66
650685,Mouse,3944,68
650720,Mouse,4631,66
650782,Mouse,4614,69
650827,Elephant,169026,599
650835,Mouse,3953,64
650898,Mouse,3891,64
650908,Mouse,5645,66
650971,Mouse,4060,64
650991,Mouse,4077,64
651134,Mouse,3187,64
651283,Mouse,3558,64
651368,Mouse,3136,64
651396,Mouse,3094,77
651396,Mouse,4446,71
651503,Elephant,95423,448
651523,Elephant,51732,295
651536,Mouse,4635,69
651557,Mouse,5095,66
651598,Mouse,5685,66
651633,Mouse,5638,72
651694,Mouse,4434,65
651722,Mouse,3905,65
651817,Mouse,4798,69
651832,Mouse,4464,70
651896,Mouse,4624,76
651925,Mouse,3211,67
651930,Elephant,325152,892
651989,Mouse,3117,64
652263,Mouse,3053,64
652397,Mouse,5789,71
652499,Mouse,3622,68
652529,Mouse,3373,67
652537,Mouse,5617,73
652621,Mouse,4336,77
652676,Mouse,3706,73
652686,Mouse,5763,80
652721,Elephant,576322,1214
652798,Mouse,3399,64
652802,Mouse,4662,65
652897,Mouse,3441,64
652949,Mouse,5272,68
653109,Mouse,3772,64
653204,Mouse,4940,76
653207,Mouse,3762,71
653220,Elephant,316045,881
653227,Mouse,5161,70
653365,Mouse,3510,67
653386,Mouse,3701,67
653427,Mouse,3160,67
653529,Mouse,3327,73
653577,Mouse,4327,76
653600,Mouse,3988,78
653613,Mouse,4362,82
653680,Mouse,4769,91
653906,Mouse,4983,70
653966,Mouse,3205,89
653976,Mouse,5162,96
654052,Mouse,3058,105
654103,Mouse,5028,96
654167,Mouse,4339,80
654189,Mouse,3814,75
654229,Mouse,4680,77
654244,Mouse,5808,77
654246,Elephant,365014,1395
654297,Mouse,5800,73
654375,Mouse,3361,71
654501,Mouse,5202,69
654598,Mouse,3605,78
654713,Mouse,4605,86
654771,Mouse,3057,87
654771,Elephant,411256,1568
654805,Mouse,3326,80
654839,Mouse,3306,70
654862,Mouse,3006,66
654956,Mouse,4135,79
654980,Mouse,3556,79
655000,Mouse,5187,86
655013,Mouse,5190,92
655111,Mouse,5234,117
655137,Elephant,442596,1903
655175,Mouse,3423,93
655191,Mouse,4681,85
655202,Mouse,4617,85
655212,Elephant,373938,1586
655324,Mouse,5278,69
655332,Mouse,5731,66
655348,Mouse,4745,65
655359,Mouse,5681,68
655538,Mouse,3372,75
655539,Mouse,4052,73
655594,Mouse,4748,75
655635,Mouse,5672,71
655656,Mouse,3446,64
655701,Mouse,5679,68
655867,Mouse,5520,70
655885,Mouse,5336,68
655905,Mouse,4166,67
656111,Mouse,4945,75
656163,Mouse,3099,74
656197,Mouse,5368,69
656325,Elephant,470320,1574
656343,Mouse,5814,80
656353,Mouse,4302,68
656703,Mouse,5739,70
656704,Mouse,4546,69
656709,Mouse,5033,68
656773,Mouse,5637,66
656829,Mouse,4998,65
656868,Mouse,4655,67
656870,Mouse,4778,68
656916,Mouse,3979,69
656929,Mouse,3217,65
656959,Mouse,3627,65
657079,Mouse,3648,64
657194,Mouse,5769,78
657384,Mouse,4009,69
657534,Mouse,3357,74
657551,Mouse,3682,80
657584,Mouse,4082,86
657642,Mouse,4490,100
657657,Mouse,3214,101
657763,Mouse,3863,88
657771,Mouse,5298,91
657793,Mouse,5760,82
657796,Mouse,3603,85
657829,Elephant,282842,928
657874,Mouse,4925,70
657878,Mouse,3823,69
657961,Mouse,5073,69
658131,Mouse,5501,71
658183,Elephant,271108,1109
658197,Mouse,3478,68
658252,Mouse,3319,70
658266,Mouse,5621,71
658302,Mouse,3803,70
658323,Mouse,5829,70
658488,Mouse,4723,78
658500,Elephant,408854,1390
658505,Mouse,4338,65
658537,Mouse,3778,78
658543,Mouse,4965,71
658628,Mouse,4435,66
658655,Mouse,4590,70
658791,Mouse,5806,75
658804,Mouse,4985,77
658858,Mouse,3493,71
658926,Mouse,5449,79
658946,Mouse,3189,79
658948,Mouse,4308,81
659006,Mouse,4192,86
659105,Mouse,3246,67
659217,Mouse,3248,68
659221,Elephant,482294,1170
659232,Mouse,3489,67
659424,Mouse,3393,67
659577,Mouse,3069,73
659578,Mouse,3244,73
659578,Mouse,4915,75
659616,Elephant,473496,1211
659630,Mouse,3588,75
659757,Mouse,5650,68
659855,Mouse,3196,65
659856,Mouse,5700,68
659886,Mouse,5466,66
659905,Mouse,4719,70
659917,Mouse,4620,73
659974,Mouse,3835,64
660000,Mouse,4097,70
660083,Mouse,3400,67
660095,Mouse,3200,67
660208,Mouse,4627,65
660260,Mouse,3441,67
660301,Mouse,3426,66
660352,Mouse,5801,71
660360,Mouse,3098,71
660376,Mouse,5640,66
660452,Mouse,4620,68
660556,Mouse,4919,66
660594,Mouse,5033,73
660605,Mouse,3364,72
660649,Mouse,4354,74
660675,Mouse,4568,70
660684,Mouse,4215,68
660740,Mouse,4146,72
660763,Mouse,3655,74
660792,Elephant,533020,1254
660826,Mouse,3513,66
660843,Mouse,5200,68
660947,Mouse,4287,69
660950,Mouse,5081,71
660970,Mouse,4840,66
660989,Mouse,5731,70
661018,Mouse,4067,69
661064,Mouse,4819,69
661191,Mouse,5055,68
661236,Mouse,5834,69
661252,Mouse,4176,69
661285,Mouse,4661,68
661303,Mouse,3314,71
661379,Mouse,5624,71
661521,Mouse,3761,76
661575,Elephant,462992,1105
661595,Mouse,4635,80
661661,Mouse,4301,72
661670,Mouse,5523,78
661810,Mouse,3797,64
661839,Mouse,4749,68
661879,Mouse,4027,69
661920,Mouse,4721,69
661979,Mouse,3499,64
661982,Mouse,4039,64
662051,Mouse,4339,71
662067,Mouse,3390,64
662073,Elephant,375683,1131
662135,Mouse,5508,68
662138,Mouse,4881,68
662166,Mouse,4187,64
662222,Mouse,5005,65
662289,Mouse,3480,64
662293,Mouse,3708,64
662310,Mouse,4677,66
662340,Mouse,3198,66
662404,Mouse,3581,67
662675,Mouse,3574,65
662801,Mouse,3007,67
662867,Mouse,5147,65
662946,Mouse,3438,67
663000,Mouse,5230,77
663070,Mouse,5766,83
663121,Elephant,389816,1005
663127,Mouse,3418,75
663133,Mouse,5677,77
663160,Mouse,5369,78
663194,Elephant,59138,353
663216,Mouse,4162,69
663224,Mouse,3969,66
663250,Mouse,4703,68
663279,Mouse,5251,65
663283,Mouse,4349,65
663289,Mouse,3640,65
663293,Mouse,4257,68
663310,Mouse,4478,65
663319,Mouse,4652,65
663328,Mouse,4912,67
663361,Mouse,3807,65
663434,Mouse,4222,69
663567,Mouse,5789,67
663610,Mouse,3155,66
663643,Mouse,4953,68
663707,Mouse,3767,70
663713,Mouse,5665,66
663721,Mouse,4540,65
663862,Mouse,4311,70
663923,Mouse,4618,72
663954,Mouse,5560,75
664127,Mouse,3831,90
664191,Elephant,434619,1385
664244,Mouse,4712,75
664265,Mouse,3989,70
664364,Mouse,4755,65
664372,Mouse,3349,65
664379,Mouse,5670,70
664425,Mouse,3564,70
664556,Mouse,5074,80
664612,Mouse,5611,82
664643,Mouse,3880,79
664660,Mouse,3435,82
664663,Mouse,3846,82
664838,Mouse,3494,76
664920,Mouse,4404,85
664926,Mouse,5713,90
664958,Mouse,4803,86
665052,Mouse,4999,82
665061,Mouse,4833,88
665152,Mouse,4093,79
665169,Mouse,4884,77
665187,Mouse,4510,81
665192,Mouse,4305,80
665237,Mouse,3414,83
665285,Mouse,5825,73
665306,Elephant,84080,627
665326,Mouse,4156,70
665330,Elephant,323766,1622
665336,Elephant,277425,1456
665443,Mouse,4305,66
665446,Elephant,404208,1811
665479,Mouse,4342,66
665704,Mouse,5453,73
665721,Mouse,4285,66
665735,Mouse,3009,64
665769,Mouse,3280,64
665860,Mouse,5234,68
665940,Mouse,4596,77
666004,Mouse,5254,69
666025,Mouse,4646,76
666060,Mouse,5447,83
666069,Mouse,5044,87
666176,Mouse,4310,73
666195,Mouse,3445,78
666265,Elephant,180378,720
666292,Mouse,3136,66
666312,Mouse,4611,71
666319,Mouse,4964,68
666366,Mouse,4952,75
666402,Elephant,186844,770
666426,Mouse,5737,70
666582,Mouse,4543,77
666676,Mouse,3786,70
666800,Mouse,5238,84
666854,Mouse,5105,100
666955,Mouse,5036,95
666994,Mouse,5108,94
667000,Mouse,3450,96
667021,Elephant,64981,697
667058,Elephant,293171,1348
667069,Mouse,4313,92
667142,Mouse,3264,74
667179,Mouse,5646,78
667254,Mouse,4908,74
667275,Mouse,4635,71
667354,Mouse,5406,75
667443,Mouse,5209,85
667464,Mouse,3062,85
667486,Mouse,3548,94
667494,Mouse,5148,98
667552,Mouse,3572,97
667719,Mouse,5147,83
667757,Mouse,4905,95
667896,Elephant,305898,1542
668009,Mouse,3336,73
668010,Elephant,450233,1732
668033,Mouse,4331,69
668350,Mouse,4584,73
668439,Elephant,271292,866
668442,Mouse,4492,75
668483,Mouse,3885,71
668497,Mouse,3677,67
668510,Mouse,5773,71
668575,Mouse,3600,74
668674,Mouse,4476,65
668693,Mouse,4576,68
668743,Mouse,3736,69
668753,Mouse,5264,75
668807,Elephant,553223,1820
668992,Mouse,5780,66
669106,Mouse,4264,65
669146,Mouse,3708,68
669162,Mouse,5003,65
669339,Mouse,4577,65
669415,Mouse,4202,70
669448,Elephant,183712,633
669477,Mouse,5322,65
669632,Mouse,4703,65
669801,Mouse,3909,64
669836,Mouse,5817,67
669985,Mouse,3102,64
670053,Mouse,3781,69
670056,Mouse,5784,71
670136,Mouse,5307,67
670148,Mouse,5177,67
670241,Mouse,4863,65
670245,Mouse,4676,66
670250,Mouse,4851,66
670253,Mouse,4447,66
670282,Mouse,4344,65
670296,Mouse,4760,68
670757,Mouse,5043,65
670874,Mouse,3253,66
670905,Mouse,4557,65
670915,Mouse,4921,69
671321,Mouse,5711,71
671391,Mouse,3271,70
671400,Mouse,4189,72
671453,Mouse,4056,69
671509,Mouse,3574,74
671514,Mouse,5797,77
671607,Mouse,4579,74
671689,Elephant,492342,1184
671692,Mouse,3024,80
671697,Mouse,3212,76
671700,Mouse,4334,75
671755,Mouse,5460,68
671778,Mouse,3612,68
671791,Mouse,3442,66
671818,Mouse,4248,67
672081,Mouse,3020,67
672251,Elephant,594440,1246
672307,Mouse,5549,69
672319,Mouse,4269,68
672406,Mouse,3030,66
672472,Mouse,4608,65
672618,Mouse,3066,71
672624,Mouse,5559,76
672711,Mouse,3282,75
672717,Mouse,3731,69
672879,Mouse,3308,93
672887,Elephant,334729,947
672947,Mouse,5319,68
673006,Mouse,4792,66
673068,Mouse,5727,69
673136,Mouse,4342,76
673180,Elephant,189237,768
673202,Mouse,3587,67
673215,Mouse,4266,68
673253,Mouse,5044,68
673325,Mouse,4834,69
673367,Mouse,5418,71
673414,Mouse,4267,76
673473,Elephant,385022,1102
673494,Mouse,3889,64
673568,Mouse,5755,66
673612,Mouse,3063,65
673681,Mouse,3348,64
673757,Mouse,3918,65
673823,Mouse,5608,70
673831,Mouse,5442,71
673989,Mouse,5453,71
674012,Mouse,3175,66
674039,Mouse,4776,77
674063,Mouse,4915,79
674156,Mouse,3286,79
674208,Mouse,4595,82
674225,Mouse,3751,82
674288,Mouse,5017,80
674304,Mouse,3948,67
674352,Mouse,3899,68
674374,Mouse,4108,68
674406,Mouse,5396,74
674416,Mouse,5433,69
674422,Elephant,132634,738
674522,Mouse,5238,70
674548,Mouse,5804,78
674556,Mouse,3228,80
674576,Mouse,3317,71
674699,Mouse,4897,80
674760,Mouse,5159,84
674803,Elephant,442109,1264
674983,Mouse,5411,71
675017,Elephant,492412,1508
675090,Mouse,5721,70
675330,Mouse,4480,69
675359,Mouse,5365,69
675376,Mouse,5001,71
675388,Mouse,3122,71
675420,Mouse,4062,74
675500,Mouse,5223,84
675505,Elephant,350126,949
675513,Mouse,4132,85
675525,Mouse,4171,89
675689,Elephant,52432,346
675783,Mouse,5239,67
675788,Mouse,3159,65
675872,Mouse,5732,71
675920,Mouse,5572,73
675997,Mouse,5160,72
676012,Mouse,5831,76
676067,Mouse,5490,87
676096,Mouse,3174,87
676129,Mouse,5477,92
676158,Mouse,4651,100
676247,Mouse,5221,108
676251,Mouse,3285,106
676283,Mouse,3519,111
676317,Mouse,4986,98
676348,Mouse,3608,100
676488,Mouse,4059,67
676517,Mouse,5105,72
676550,Mouse,5357,69
676648,Elephant,480777,1651
676676,Mouse,3576,77
676726,Mouse,4519,74
676757,Mouse,3246,69
676758,Elephant,289835,1222
676782,Mouse,4268,67
676795,Mouse,4151,69
676819,Mouse,3360,68
676822,Mouse,3441,69
676931,Mouse,3413,65
676963,Mouse,4239,67
676990,Mouse,4614,70
677026,Mouse,3085,68
677228,Mouse,5127,87
677254,Mouse,5114,96
677315,Elephant,400619,1529
677361,Mouse,5134,72
677386,Mouse,3044,67
677395,Mouse,4641,70
677461,Mouse,3012,65
677511,Mouse,5305,70
677607,Elephant,90520,552
677660,Mouse,4217,68
677665,Mouse,4882,65
677788,Mouse,4039,74
677789,Mouse,4695,73
677915,Mouse,3299,75
677930,Mouse,3041,78
678055,Elephant,252016,1105
678086,Mouse,3812,79
678167,Elephant,355105,1292
678258,Mouse,3761,64
678361,Elephant,247561,799
678413,Mouse,4109,64
678416,Mouse,3072,64
678534,Mouse,3446,64
678671,Mouse,5000,65
678717,Mouse,5466,67
678735,Mouse,3394,65
678781,Mouse,3008,66
678949,Mouse,3891,69
678955,Mouse,5576,73
678973,Mouse,3246,66
679006,Mouse,3104,68
679008,Mouse,4648,74
679103,Mouse,3202,66
679215,Mouse,3835,67
679223,Mouse,3695,70
679283,Mouse,3005,75
679402,Mouse,5195,70
679439,Mouse,5212,85
679479,Mouse,3824,86
679545,Mouse,5040,90
679577,Mouse,3631,95
679602,Mouse,3715,77
679639,Mouse,3641,65
679666,Mouse,4728,66
679695,Mouse,3122,64
679734,Mouse,5173,65
679800,Elephant,378533,1135
679819,Mouse,3849,73
679828,Mouse,5804,81
679831,Mouse,3485,73
679851,Mouse,4486,69
679953,Mouse,3106,64
680068,Mouse,3581,68
680144,Mouse,3901,67
680167,Mouse,4585,76
680204,Mouse,4577,77
680232,Mouse,3851,84
680243,Mouse,4314,88
680284,Mouse,5153,84
680343,Mouse,3475,70
680357,Mouse,4208,73
680369,Mouse,4720,77
680408,Mouse,5129,86
680410,Elephant,93741,682
680441,Mouse,5110,83
680464,Elephant,549528,1605
680543,Mouse,5750,66
680553,Mouse,3912,67
680607,Mouse,5329,69
680621,Mouse,4524,67
680630,Mouse,4183,64
680669,Mouse,4003,65
680675,Mouse,4024,67
680679,Mouse,5209,70
680771,Elephant,473905,1694
680944,Mouse,4890,65
680989,Mouse,3777,69
681039,Mouse,4146,64
681042,Mouse,3566,64
681359,Elephant,85476,409
681428,Mouse,4588,70
681459,Elephant,231421,758
681490,Mouse,5451,66
681596,Mouse,4216,64
681620,Mouse,4542,65
681665,Mouse,3157,64
681713,Mouse,5656,67
681717,Mouse,5358,67
681780,Elephant,139509,549
681787,Mouse,3930,68
681873,Mouse,3934,64
681933,Mouse,4298,65
681941,Mouse,5028,65
681945,Mouse,3405,64
681961,Mouse,3766,64
682055,Mouse,5439,66
682089,Mouse,4353,65
682292,Mouse,4439,65
682397,Mouse,3397,64
682448,Mouse,5589,66
682468,Mouse,5363,65
682579,Mouse,5788,66
682855,Mouse,5061,65
682889,Mouse,4012,67
682893,Mouse,4019,64
682898,Mouse,3118,64
682955,Mouse,4248,68
682974,Mouse,5115,69
682989,Mouse,4540,65
683028,Mouse,4662,65
683175,Mouse,3080,67
683325,Elephant,558812,1170
683361,Mouse,4473,69
683383,Mouse,3972,64
683408,Mouse,3765,67
683417,Mouse,5301,65
683617,Mouse,3511,67
683631,Mouse,4740,65
683884,Mouse,3387,67
684033,Mouse,5456,66
684038,Mouse,3514,64
684082,Mouse,3468,65
684108,Elephant,316619,858
684161,Mouse,4319,65
684398,Mouse,4936,65
684443,Mouse,5203,66
684475,Mouse,3021,64
684482,Mouse,3577,64
684514,Mouse,3193,64
684614,Mouse,4691,65
684772,Mouse,4819,65
684830,Mouse,3706,64
684874,Mouse,3367,65
684888,Mouse,5363,65
684918,Mouse,5417,66
684924,Mouse,3514,64
684967,Mouse,3819,65
685016,Mouse,3287,64
685064,Mouse,3536,64
685093,Mouse,4161,64
685128,Mouse,3631,64
685148,Mouse,4354,65
685166,Mouse,3185,64
685248,Mouse,5521,66
685286,Mouse,3536,64
685452,Mouse,5796,66
685497,Mouse,5370,67
685610,Mouse,4736,65
685687,Mouse,4263,65
685765,Mouse,4342,69
685818,Mouse,3921,64
685833,Mouse,4452,66
685893,Mouse,5261,71
685899,Mouse,5433,74
685953,Mouse,4580,81
685959,Mouse,3539,64
685982,Mouse,4670,65
685997,Mouse,5741,72
686005,Mouse,3052,75
686006,Mouse,4286,71
686169,Mouse,5646,69
686200,Elephant,198277,676
686223,Mouse,5298,67
686246,Mouse,5544,67
686259,Mouse,5529,66
686290,Mouse,5524,67
686302,Mouse,3640,65
686336,Mouse,4840,67
686403,Mouse,5403,70
686485,Mouse,4176,66
686569,Elephant,318232,885
686603,Mouse,4046,66
686613,Mouse,5087,65
686682,Mouse,3986,65
686738,Mouse,4903,69
686805,Mouse,4264,67
686923,Mouse,4312,68
687026,Mouse,3208,72
687062,Mouse,4747,83
687097,Mouse,4043,85
687114,Mouse,5055,93
687176,Mouse,3068,99
687216,Mouse,3558,88
687262,Mouse,3108,79
687295,Mouse,5100,76
687325,Mouse,4378,69
687357,Mouse,5355,72
687360,Mouse,3453,69
687386,Mouse,3665,73
687390,Mouse,5745,75
687420,Mouse,4306,72
687505,Mouse,4742,80
687538,Elephant,74691,437
687584,Mouse,5305,81
687593,Mouse,4578,81
687739,Mouse,5632,86
687827,Mouse,4834,99
687859,Mouse,5173,104
687865,Mouse,3490,100
687869,Mouse,4433,100
687956,Mouse,5450,83
687989,Mouse,3374,72
687997,Mouse,4745,77
688053,Mouse,5684,80
688200,Mouse,5531,78
688339,Mouse,4983,89
688368,Mouse,3674,87
688439,Mouse,4066,84
688465,Elephant,352239,1852
688495,Mouse,4344,68
688527,Mouse,5373,69
688544,Mouse,5040,72
688548,Elephant,578432,2318
688573,Mouse,5231,76
688627,Mouse,5729,76
688677,Mouse,5456,74
688693,Mouse,5820,81
688718,Elephant,555045,2155
688735,Mouse,5160,79
688803,Mouse,4626,76
688960,Mouse,5816,77
689093,Mouse,5362,76
689152,Elephant,111881,538
689155,Mouse,3805,77
689192,Mouse,5063,78
689228,Mouse,3138,65
689257,Mouse,3415,66
689275,Mouse,5760,75
689290,Mouse,3915,73
689325,Mouse,4292,79
689333,Mouse,5248,82
689339,Mouse,3994,83
689364,Mouse,4716,86
689375,Elephant,494322,2557
689381,Mouse,4417,89
689421,Mouse,3722,80
689431,Mouse,3035,71
689462,Mouse,5361,65
689480,Mouse,4021,70
689517,Mouse,3560,65
689567,Mouse,5731,70
689684,Elephant,512022,2103
689744,Mouse,5319,65
689775,Mouse,5644,66
689805,Mouse,4487,67
689841,Mouse,4373,66
689878,Mouse,4370,67
689929,Mouse,3244,65
689943,Mouse,3603,64
689958,Mouse,4143,64
690048,Mouse,3168,65
690052,Mouse,5566,67
690065,Mouse,4704,65
690117,Mouse,3605,64
690328,Mouse,4460,65
690359,Mouse,4617,67
690367,Mouse,4917,70
690385,Mouse,5694,66
690421,Mouse,5494,66
690467,Mouse,5695,71
690476,Mouse,5191,67
690505,Mouse,3062,64
690710,Mouse,5751,71
690895,Mouse,5169,69
690933,Elephant,226772,721
691006,Mouse,4598,65
691029,Mouse,3377,64
691086,Mouse,3767,67
691269,Mouse,3569,69
691318,Mouse,4545,71
691558,Mouse,3978,66
691646,Mouse,3131,77
691724,Mouse,5212,67
691744,Mouse,3200,71
691767,Mouse,3311,74
691769,Mouse,3583,74
691914,Mouse,3977,75
692021,Elephant,488624,1221
692025,Mouse,4911,70
692089,Mouse,4803,69
692169,Mouse,3670,67
692200,Mouse,3601,64
692222,Elephant,342948,933
692298,Mouse,3514,64
692359,Mouse,5546,66
692386,Mouse,3542,64
692431,Mouse,4088,65
692438,Mouse,3091,64
692465,Mouse,3542,64
692606,Mouse,3359,64
692634,Mouse,4947,65
692738,Mouse,5302,65
692752,Mouse,5702,66
692821,Mouse,4351,65
692878,Mouse,3585,64
692884,Mouse,3181,64
692915,Mouse,3093,64
693031,Mouse,4377,65
693068,Mouse,4831,65
693105,Mouse,5395,65
693130,Mouse,4013,64
693273,Mouse,3138,64
693326,Mouse,3383,64
693332,Mouse,3511,64
693337,Mouse,5733,67
693481,Mouse,3673,64
693542,Mouse,3388,64
693555,Mouse,4906,65
693635,Mouse,3772,64
693728,Mouse,3446,64
693744,Mouse,5816,66
693781,Mouse,3795,64
693861,Mouse,3154,64
693960,Mouse,3906,64
693978,Mouse,4176,64
694061,Mouse,4167,64
694176,Mouse,4883,65
694472,Mouse,3522,64
694539,Mouse,3939,64
694545,Mouse,5706,66
694556,Mouse,4413,65
694569,Mouse,4041,67
694583,Mouse,3758,69
694685,Mouse,3467,64
694706,Elephant,159949,589
694730,Mouse,4835,66
694746,Mouse,3685,64
694798,Mouse,3116,64
694934,Mouse,5240,65
694941,Mouse,5170,65
694955,Mouse,3341,64
695040,Mouse,4599,65
695121,Mouse,3586,64
695136,Mouse,3460,64
695146,Mouse,3477,64
695154,Mouse,5191,65
695192,Mouse,3952,64
695291,Mouse,4711,65
695299,Mouse,5422,65
695325,Mouse,4636,68
695349,Mouse,5482,67
695413,Mouse,4002,66
695456,Mouse,4841,68
695567,Mouse,4094,77
695719,Mouse,3378,112
695719,Mouse,5357,114
695818,Mouse,4143,73
696089,Mouse,5716,94
696132,Mouse,5764,94
696148,Mouse,5646,95
696183,Mouse,5036,88
696392,Mouse,3584,76
696459,Mouse,3984,86
696499,Mouse,4086,90
696515,Mouse,3010,85
696588,Mouse,4325,69
696781,Mouse,4573,91
696817,Mouse,5379,97
696827,Mouse,5333,101
696829,Mouse,4538,102
696872,Mouse,4259,92
696919,Mouse,4591,91
696953,Mouse,4266,78
696999,Mouse,5622,84
697011,Mouse,5265,83
697071,Mouse,5548,97
697164,Mouse,5067,90
697261,Mouse,5259,96
697321,Mouse,4692,83
697337,Mouse,3352,79
697375,Mouse,4790,74
697670,Mouse,5694,81
697725,Mouse,3044,87
697747,Mouse,4876,94
697808,Mouse,4059,96
697812,Mouse,4646,100
697873,Mouse,3091,94
697905,Mouse,4098,93
698203,Mouse,3247,75
698271,Mouse,4527,77
698280,Mouse,4901,79
698374,Mouse,3706,81
698388,Mouse,3478,81
698420,Mouse,5765,90
698455,Mouse,5697,92
698512,Mouse,3796,80
698523,Elephant,571618,3313
698544,Elephant,466179,3167
698631,Elephant,474582,2857
698695,Mouse,4338,65
698717,Mouse,4605,66
698768,Mouse,4208,64
698789,Mouse,4473,65
698830,Mouse,4794,65
698877,Mouse,3036,64
698953,Mouse,4201,71
698956,Mouse,4964,73
698963,Mouse,4062,75
699058,Elephant,116900,496
699093,Mouse,3590,64
699118,Mouse,4559,69
699187,Mouse,4871,65
699230,Mouse,3496,68
699280,Mouse,5799,76
699577,Mouse,3712,75
699582,Mouse,4609,78
699583,Elephant,249387,784
699778,Mouse,3910,69
699920,Mouse,3499,67
699929,Mouse,4165,73
699931,Mouse,3024,72
699937,Elephant,423133,1019
699979,Mouse,4831,67
699981,Mouse,4691,68
700013,Mouse,4500,65
700183,Mouse,3050,64
700204,Mouse,4093,64
700285,Mouse,3282,64
700390,Mouse,4753,65
700537,Mouse,5289,69
700538,Mouse,3020,67
700541,Mouse,3944,65
700614,Mouse,5224,68
700670,Mouse,4475,68
700722,Mouse,3153,64
700728,Mouse,4521,65
700759,Mouse,4049,64
700903,Mouse,3096,64
701027,Mouse,4956,65
701066,Mouse,5808,72
701068,Mouse,3156,71
701211,Mouse,4711,65
701255,Mouse,4838,65
701263,Mouse,4039,67
701298,Mouse,5070,75
701306,Mouse,4383,67
701340,Mouse,5214,76
701364,Elephant,470127,1071
701371,Mouse,4691,70
701466,Mouse,4423,65
701483,Mouse,5063,65
701532,Mouse,5298,65
701551,Mouse,5560,68
701564,Mouse,5401,65
701661,Mouse,4072,64
701687,Mouse,5059,65
701693,Mouse,4853,65
701760,Elephant,183341,640
701769,Mouse,5491,67
701809,Mouse,4686,65
701835,Mouse,3966,64
701843,Mouse,5091,65
701911,Mouse,4605,65
701915,Mouse,4438,66
701980,Mouse,3109,64
701995,Mouse,4095,64
701999,Mouse,5365,66
702008,Mouse,5804,66
702010,Mouse,3154,64
702153,Mouse,3429,64
702206,Mouse,5490,66
702257,Mouse,5609,66
702304,Mouse,3796,64
702439,Mouse,5576,66
702519,Mouse,5008,65
702531,Mouse,5031,65
702711,Mouse,3900,64
702737,Mouse,3924,64
702778,Mouse,4349,65
702843,Mouse,5814,66
702889,Mouse,3558,64
702908,Mouse,5352,65
702939,Mouse,5725,66
702952,Mouse,3320,64
703185,Mouse,5795,66
703210,Mouse,4322,65
703248,Mouse,5599,69
703265,Mouse,4935,69
703568,Elephant,125251,503
703679,Mouse,5592,70
703688,Mouse,3237,71
703709,Mouse,4077,64
703808,Mouse,3185,65
703819,Mouse,5206,67
703943,Mouse,3724,67
703949,Mouse,3190,70
704004,Mouse,3879,78
704138,Mouse,5815,87
704179,Elephant,515490,1173
704191,Mouse,3616,80
704207,Mouse,4421,78
704243,Mouse,5268,74
704294,Mouse,5725,66
704565,Mouse,5187,65
704647,Mouse,5365,76
704712,Mouse,4553,80
704807,Mouse,4357,80
704824,Elephant,144836,936
704847,Mouse,3055,69
704859,Mouse,5016,73
704940,Mouse,3778,70
705033,Mouse,5800,83
705136,Mouse,4077,91
705139,Mouse,4925,94
705171,Mouse,5384,91
705191,Elephant,261559,1083
705409,Elephant,484110,1613
705421,Mouse,3997,67
705560,Mouse,5127,69
705600,Mouse,4490,68
705617,Mouse,4224,67
705648,Mouse,5581,70
705720,Mouse,4290,70
705783,Mouse,4452,75
705861,Mouse,3983,81
705876,Elephant,538697,202021
705918,Mouse,4335,79
706136,Elephant,404819,202288
706175,Mouse,3270,68
706203,Elephant,257932,792
706325,Elephant,79852,409
706392,Mouse,4155,64
706417,Mouse,3165,64
706500,Mouse,5155,65
706594,Mouse,4995,65
706615,Mouse,3927,64
706778,Mouse,3565,64
706857,Mouse,4777,66
706859,Mouse,3882,66
706904,Mouse,5316,68
706909,Mouse,4843,65
706982,Mouse,5778,67
706985,Mouse,3831,67
706988,Mouse,4401,68
707014,Mouse,5621,66
707041,Mouse,4634,65
707051,Mouse,3272,64
707107,Mouse,3211,64
707141,Mouse,4334,65
707184,Mouse,4753,65
707195,Mouse,4391,68
707219,Mouse,5394,65
707224,Mouse,3065,64
707340,Mouse,3845,64
707386,Mouse,4329,65
707412,Mouse,4555,66
707458,Mouse,3626,64
707525,Mouse,4465,65
707576,Elephant,117585,495
707605,Mouse,4344,65
707643,Mouse,3301,64
707754,Mouse,3460,64
707793,Mouse,4137,64
707827,Mouse,3746,64
707848,Mouse,3601,64
707906,Mouse,4842,65
707931,Mouse,4845,65
707957,Mouse,3847,64
708068,Mouse,3376,64
708091,Mouse,3053,66
708091,Mouse,3502,66
708315,Mouse,3008,64
708422,Mouse,3142,64
708452,Mouse,4327,65
708540,Mouse,5566,66
708665,Mouse,3803,64
708676,Mouse,5111,65
708773,Mouse,3892,64
708874,Mouse,4110,64
708978,Mouse,5351,65
708981,Mouse,3636,66
709057,Mouse,3750,67
709135,Mouse,4756,65
709262,Mouse,4218,64
709308,Mouse,5650,67
709356,Mouse,4499,71
709392,Mouse,5395,65
709414,Elephant,57994,336
709417,Mouse,3991,72
709421,Elephant,53131,319
709455,Elephant,122971,506
709489,Mouse,3173,64
709534,Mouse,4340,65
709542,Mouse,4302,65
709578,Mouse,3735,64
709640,Mouse,4627,65
709737,Mouse,3638,64
709759,Mouse,3177,64
709830,Mouse,3943,64
709842,Mouse,3986,67
709848,Mouse,3062,66
709910,Mouse,4136,64
709915,Mouse,3891,64
709928,Mouse,5204,68
710082,Mouse,5037,65
710170,Mouse,3694,64
710266,Mouse,3150,65
710288,Mouse,3626,70
710292,Mouse,5551,74
710337,Mouse,3577,65
710426,Mouse,5141,65
710456,Elephant,259826,767
710464,Mouse,5372,65
710471,Mouse,4661,66
710476,Mouse,4102,64
710555,Mouse,3759,64
710563,Mouse,4397,65
710619,Mouse,5789,68
710632,Mouse,5134,65
710642,Mouse,4939,65
710670,Mouse,4504,71
710727,Mouse,4897,65
710736,Mouse,5014,65
710918,Mouse,5777,67
710921,Mouse,5404,68
710989,Mouse,5500,72
711274,Mouse,3171,67
711342,Mouse,3398,73
711343,Mouse,5394,79
711354,Mouse,4602,78
711393,Mouse,4246,81
711415,Mouse,4777,81
711553,Elephant,483486,401704
711560,Mouse,4308,83
711762,Elephant,34665,247
711855,Mouse,5496,77
711867,Mouse,4543,81
711880,Mouse,5243,81
711897,Mouse,3396,84
711916,Elephant,364851,1447
711963,Mouse,4182,82
712015,Mouse,4752,65
712086,Mouse,3654,68
712223,Mouse,5328,67
712365,Elephant,292258,1117
712370,Mouse,3091,65
712389,Elephant,233731,985
712416,Mouse,5712,66
712465,Mouse,3274,64
712473,Mouse,5701,66
712577,Mouse,4404,65
712673,Mouse,4458,65
712747,Mouse,5096,65
712827,Mouse,4389,65
712922,Mouse,5240,65
713004,Mouse,5386,65
713015,Mouse,3817,64
713023,Mouse,4853,65
713039,Mouse,3426,67
713132,Mouse,4286,68
713186,Mouse,3284,64
713195,Mouse,4126,64
713261,Mouse,3309,66
713316,Mouse,5201,69
713319,Mouse,4077,69
713453,Mouse,4222,66
713468,Mouse,5280,71
713541,Mouse,3131,85
713545,Mouse,4671,88
713559,Mouse,5068,98
713594,Mouse,4204,92
713676,Mouse,5546,77
713685,Elephant,494087,1150
713689,Mouse,5670,75
713774,Mouse,4403,65
713788,Mouse,3057,64
713941,Mouse,3142,67
713976,Mouse,3195,64
714079,Mouse,5009,67
714141,Mouse,4734,73
714146,Mouse,5396,73
714284,Mouse,3384,67
714313,Elephant,292468,1083
714346,Mouse,3841,73
714467,Mouse,4513,69
714510,Elephant,385150,1155
714548,Mouse,3209,64
714576,Mouse,5442,66
714615,Mouse,4573,68
714616,Mouse,4979,69
714683,Mouse,3320,64
714743,Mouse,4186,64
714861,Elephant,55481,320
714891,Mouse,5774,66
714934,Mouse,3737,65
714937,Mouse,5628,68
714961,Mouse,5493,66
714984,Mouse,4096,64
715035,Mouse,3306,64
715038,Mouse,3076,64
715112,Mouse,4412,65
715155,Mouse,4990,66
715171,Mouse,3467,64
715190,Mouse,5063,65
715304,Mouse,5284,65
715337,Mouse,4520,65
715382,Mouse,5214,66
715441,Mouse,3912,64
715512,Mouse,5839,66
715669,Mouse,3239,67
715730,Mouse,5520,71
715887,Mouse,4062,66
715906,Mouse,3359,67
715965,Mouse,5554,70
715974,Elephant,304081,845
716015,Mouse,4859,68
716024,Mouse,3779,64
716187,Mouse,5204,65
716289,Mouse,4576,65
716352,Mouse,5661,70
716613,Mouse,5191,70
716634,Mouse,3100,64
716800,Mouse,5651,71
716815,Elephant,374378,1009
716849,Mouse,4916,71
716866,Mouse,4092,74
716872,Mouse,5416,71
716938,Mouse,5434,67
717013,Mouse,5316,76
717036,Mouse,5643,70
717077,Mouse,5776,82
717088,Mouse,5332,79
717130,Mouse,3254,81
717353,Mouse,5397,89
717381,Mouse,4692,94
717493,Mouse,4256,67
717499,Mouse,4366,71
717538,Mouse,5501,69
717652,Mouse,3594,72
717667,Mouse,4893,76
717889,Mouse,4541,80
717993,Mouse,3880,92
718042,Mouse,4057,82
718075,Elephant,247871,1292
718096,Mouse,3788,75
718143,Mouse,5647,77
718186,Mouse,5676,87
718245,Mouse,5450,84
718359,Mouse,3957,90
718398,Mouse,3503,99
718438,Elephant,504776,1799
718448,Mouse,4263,89
718554,Elephant,461841,1942
718596,Mouse,4940,74
718657,Mouse,3942,64
718666,Mouse,3893,64
718675,Mouse,4935,69
718824,Mouse,4909,65
718866,Mouse,4052,71
718869,Mouse,3481,72
718878,Mouse,5452,74
718900,Mouse,5446,78
718916,Mouse,5719,83
719196,Elephant,592474,2357
719209,Mouse,3700,72
719331,Mouse,5362,71
719364,Mouse,3559,72
719455,Mouse,5403,76
719466,Mouse,4792,80
719543,Mouse,4607,83
719582,Mouse,5643,87
719589,Elephant,530979,2022
719652,Mouse,4638,65
719729,Mouse,4492,68
719735,Mouse,5517,73
719744,Mouse,3004,63
719767,Mouse,4835,69
719890,Elephant,87043,596
719961,Mouse,3712,69
719964,Mouse,5679,73
719996,Mouse,3220,67
720034,Mouse,4213,67
720046,Mouse,4869,70
720092,Elephant,186533,857
720184,Mouse,4258,65
720208,Mouse,3366,64
720268,Mouse,5829,66
720401,Mouse,4073,66
720405,Mouse,3625,66
720426,Mouse,3791,66
720452,Mouse,4378,65
720497,Mouse,4058,65
720514,Mouse,5572,66
720529,Mouse,4823,66
720597,Mouse,5790,66
720675,Mouse,5530,66
720717,Mouse,3760,65
720768,Mouse,3887,64
720848,Mouse,3422,67
720933,Mouse,5098,69
721070,Mouse,3047,65
721118,Mouse,5527,66
721202,Mouse,4572,66
721241,Mouse,4146,67
721248,Mouse,4108,66
721291,Mouse,4214,68
721310,Mouse,5600,66
721336,Mouse,5617,70
721373,Mouse,4316,68
721475,Mouse,3589,64
721484,Mouse,5644,66
721600,Mouse,3006,67
721649,Mouse,3060,64
721684,Mouse,5567,70
721724,Mouse,4739,70
721866,Elephant,519303,1129
721918,Mouse,4831,65
721938,Mouse,4377,65
722010,Mouse,4685,66
722012,Mouse,4145,66
722060,Elephant,69056,370
722065,Mouse,3784,67
722068,Mouse,3911,68
722091,Mouse,5735,66
722129,Mouse,4356,65
722171,Mouse,5369,65
722223,Mouse,5152,65
722255,Mouse,3636,64
722308,Mouse,4480,65
722313,Mouse,3035,65
722314,Mouse,3396,66
722488,Mouse,3900,64
722644,Mouse,5542,66
722698,Mouse,4919,65
722846,Mouse,5264,65
722895,Mouse,3127,64
723024,Mouse,3217,64
723081,Mouse,5132,65
723161,Mouse,4193,64
723167,Mouse,5776,66
723224,Mouse,5320,65
723234,Mouse,5283,65
723279,Mouse,4227,65
723307,Mouse,4773,65
723367,Mouse,4617,65
723490,Mouse,4372,65
723564,Mouse,4622,65
723606,Mouse,3359,64
723642,Mouse,5395,65
723663,Mouse,4715,65
723697,Mouse,4715,67
723698,Mouse,4164,67
723816,Mouse,4825,65
723851,Mouse,4911,65
723888,Mouse,3101,64
723902,Mouse,3488,64
723934,Mouse,5566,66
724119,Mouse,4864,65
724126,Mouse,3263,64
724170,Mouse,3495,64
724203,Mouse,5621,66
724244,Mouse,4314,66
724347,Mouse,3986,64
724602,Mouse,4374,65
724605,Mouse,4373,65
724700,Mouse,5270,65
724732,Mouse,3885,64
724738,Mouse,5327,65
724789,Mouse,5328,65
724793,Mouse,4558,65
724835,Mouse,4061,66
724877,Mouse,4548,65
724890,Mouse,3437,64
724998,Mouse,4105,64
725003,Mouse,4434,65
725071,Mouse,5070,68
725080,Mouse,3714,72
725181,Mouse,3802,64
725318,Mouse,5104,65
725330,Mouse,4072,67
725397,Mouse,4732,65
725405,Mouse,3445,64
725424,Mouse,5839,71
725477,Mouse,3491,71
725497,Mouse,3799,64
725502,Mouse,3800,67
725570,Mouse,4148,68
725650,Elephant,374507,944
725664,Mouse,3460,64
725673,Mouse,4167,65
725689,Mouse,4843,65
725763,Mouse,4528,65
725803,Mouse,3707,64
725816,Mouse,3183,64
725991,Mouse,5266,69
726077,Mouse,5840,70
726203,Mouse,3871,67
726235,Mouse,3257,64
726239,Mouse,4597,66
726260,Mouse,3139,64
726263,Elephant,113358,492
726268,Mouse,5388,66
726337,Mouse,4573,69
726353,Mouse,4165,67
726359,Mouse,4842,65
726363,Mouse,4701,66
726550,Mouse,4443,68
726598,Mouse,5247,73
726644,Mouse,4544,71
726656,Mouse,5475,72
726729,Mouse,5077,80
726773,Mouse,3194,74
726787,Mouse,4708,79
726951,Mouse,3292,95
726979,Mouse,3277,80
727000,Mouse,5833,89
727029,Mouse,4288,87
727042,Mouse,3596,81
727092,Mouse,3605,74
727126,Mouse,5298,68
727137,Mouse,5372,70
727309,Mouse,4514,72
727339,Elephant,589681,1418
727358,Mouse,4352,69
727395,Mouse,4170,70
727397,Mouse,4922,71
727424,Mouse,5309,70
727510,Mouse,3311,67
727612,Mouse,3892,70
727614,Mouse,3818,70
727631,Mouse,3526,76
727665,Elephant,537348,1475
727776,Mouse,3549,71
727796,Mouse,4414,70
727811,Mouse,3880,70
727844,Mouse,3272,64
727859,Mouse,3224,72
727868,Mouse,5138,79
727877,Mouse,4817,83
727928,Mouse,4064,85
727962,Mouse,3637,88
727964,Mouse,4482,89
727980,Mouse,4346,83
728004,Mouse,4878,78
728009,Mouse,5055,80
728081,Mouse,5576,70
728142,Mouse,5284,73
728166,Elephant,81194,537
728207,Mouse,3830,70
728258,Mouse,3141,66
728358,Mouse,5573,74
728368,Mouse,4825,79
728379,Mouse,5716,83
728430,Mouse,4516,93
728440,Mouse,5313,97
728624,Mouse,5565,81
728665,Elephant,322789,1289
728816,Mouse,4479,75
728856,Mouse,3840,81
728883,Mouse,5208,83
728907,Mouse,3804,81
728937,Mouse,3357,86
728969,Mouse,5454,93
728970,Mouse,5522,92
728975,Mouse,3264,90
728995,Mouse,5192,95
729026,Mouse,5593,97
729091,Mouse,3091,68
729102,Elephant,284271,1438
729185,Mouse,3230,66
729320,Mouse,3539,70
729447,Mouse,3093,74
729657,Mouse,3130,77
729677,Mouse,4390,83
729739,Mouse,5731,87
729774,Mouse,3424,85
729778,Mouse,5005,83
729827,Mouse,4322,73
729833,Mouse,4274,71
729860,Elephant,318394,1748
729869,Mouse,5235,80
729918,Elephant,436874,1496
729919,Mouse,3145,78
729921,Mouse,4019,79
729932,Mouse,3736,66
729983,Mouse,3245,69
730129,Mouse,5045,67
730181,Mouse,4723,70
730191,Mouse,4886,74
730223,Mouse,5575,69
730261,Mouse,4410,69
730270,Mouse,4970,72
730271,Mouse,3898,72
730292,Mouse,3442,74
730313,Mouse,5066,75
730451,Mouse,5319,94
730574,Elephant,451222,1524
730618,Mouse,5017,100
730628,Mouse,4575,98
730647,Mouse,3186,72
730669,Mouse,5809,78
730814,Mouse,4238,66
730896,Mouse,3007,69
730914,Mouse,3946,69
730917,Mouse,3302,64
731024,Mouse,5362,71
731064,Mouse,5839,73
731148,Mouse,4435,86
731158,Mouse,3437,89
731217,Mouse,4119,90
731346,Mouse,3197,74
731367,Mouse,5830,84
731369,Mouse,5508,85
731376,Elephant,434069,201827
731384,Mouse,3439,84
731425,Mouse,4490,84
731467,Mouse,5737,90
731502,Elephant,324463,1213
731514,Mouse,3028,71
731660,Elephant,138788,658
731723,Mouse,3010,65
731734,Mouse,3621,68
731847,Mouse,4419,69
731900,Mouse,3713,72
732020,Mouse,5345,69
732043,Elephant,89176,421
732099,Mouse,5241,70
732156,Mouse,3817,67
732214,Mouse,4389,72
732358,Mouse,4359,68
732359,Elephant,393451,996
732364,Mouse,4759,66
732405,Mouse,5025,65
732465,Mouse,4813,65
732477,Mouse,3293,64
732547,Mouse,3995,66
732655,Mouse,3254,64
732680,Mouse,4833,66
732767,Mouse,5776,67
732794,Mouse,4901,68
732795,Mouse,4616,68
732823,Mouse,4423,67
732825,Mouse,5716,69
732950,Mouse,4958,65
732967,Mouse,4001,65
732972,Mouse,5531,66
732995,Mouse,4317,65
733097,Mouse,4265,67
733107,Mouse,4042,64
733205,Mouse,5268,65
733256,Mouse,3814,67
733269,Mouse,4961,71
733282,Mouse,4759,67
733289,Mouse,3959,64
733402,Mouse,4895,77
733500,Mouse,3155,71
733545,Mouse,3917,83
733566,Mouse,3013,85
733581,Mouse,4099,92
733775,Mouse,3559,88
733872,Mouse,5078,69
733880,Mouse,3112,65
733914,Mouse,4625,71
733996,Mouse,4140,73
734019,Mouse,3926,71
734040,Mouse,3519,74
734043,Elephant,269355,1070
734046,Elephant,128055,773
734050,Elephant,97515,642
734137,Elephant,427373,1327
734255,Mouse,4915,65
734362,Mouse,3788,65
734402,Mouse,3461,64
734479,Mouse,3986,64
734607,Mouse,4788,65
734614,Mouse,4324,65
734724,Elephant,233347,729
734763,Mouse,5267,67
734824,Mouse,5669,66
734839,Mouse,5348,65
734918,Mouse,5734,66
734922,Mouse,5249,66
734933,Mouse,4848,65
735028,Mouse,4720,65
735045,Mouse,5541,66
735070,Mouse,4615,65
735105,Mouse,5381,65
735188,Mouse,3957,64
735507,Mouse,4205,64
735564,Mouse,5103,65
735598,Mouse,4219,67
735711,Mouse,5742,66
735746,Mouse,3327,64
735761,Elephant,33311,232
735762,Mouse,4342,66
735869,Mouse,5683,66
735978,Mouse,3607,64
735994,Mouse,5149,70
736006,Mouse,4863,65
736012,Mouse,3725,64
736132,Mouse,4477,65
736175,Mouse,5027,68
736179,Mouse,3930,69
736265,Mouse,4124,64
736396,Mouse,4388,68
736427,Mouse,3702,67
736534,Mouse,4093,64
736542,Mouse,5043,65
736603,Elephant,373010,937
736651,Mouse,3276,64
736663,Mouse,3981,64
736665,Mouse,3058,64
736697,Mouse,5203,66
736728,Mouse,3158,64
736785,Mouse,5754,66
736929,Mouse,3565,64
737042,Mouse,4103,64
737057,Mouse,3259,64
737132,Mouse,4640,65
737140,Mouse,4592,65
737146,Mouse,4556,65
737160,Mouse,4055,64
737172,Mouse,5636,66
737264,Mouse,4160,64
737316,Mouse,5637,66
737372,Mouse,4220,64
737391,Mouse,4425,65
737397,Mouse,4793,65
737403,Mouse,3606,64
737525,Mouse,4370,65
737598,Mouse,4531,65
737653,Mouse,5016,65
737668,Mouse,5576,66
737731,Mouse,3711,67
737741,Mouse,3504,64
737784,Mouse,5520,72
737789,Mouse,5518,71
737813,Mouse,5471,67
737817,Elephant,57201,324
737938,Mouse,3977,64
738175,Mouse,5610,66
738213,Mouse,3888,64
738287,Mouse,5212,67
738349,Mouse,3383,64
738358,Mouse,5622,69
738359,Mouse,5377,69
738395,Mouse,5665,66
738403,Elephant,110926,491
738532,Mouse,4299,65
738560,Mouse,5671,66
738673,Mouse,3158,64
738689,Mouse,4208,67
738792,Mouse,5011,65
738917,Mouse,4925,65
738927,Mouse,3643,64
738954,Mouse,4903,65
738984,Mouse,4540,67
739036,Mouse,4925,72
739056,Mouse,5192,65
739120,Mouse,4684,65
739151,Mouse,3469,64
739213,Elephant,161274,593
739333,Mouse,3938,68
739385,Mouse,5112,65
739401,Mouse,4233,64
739635,Mouse,3385,67
739645,Mouse,5485,73
739719,Mouse,3596,70
739759,Mouse,3390,72
739815,Elephant,176493,637
739820,Mouse,5040,74
739823,Mouse,4697,75
739894,Mouse,4189,72
739948,Mouse,3019,74
740040,Elephant,58982,347
740077,Mouse,3149,79
740087,Elephant,127669,535
740090,Mouse,4088,84
740108,Elephant,144113,558
740152,Mouse,5415,68
740167,Mouse,3597,64
740207,Mouse,3565,64
740235,Mouse,3771,65
740263,Mouse,5802,66
740281,Elephant,62319,335
740283,Mouse,5380,66
740552,Mouse,4694,66
740813,Mouse,4627,88
740817,Mouse,5297,91
740851,Elephant,54230,352
740876,Mouse,4257,98
740903,Mouse,4541,95
740911,Mouse,3264,85
740938,Mouse,4960,83
740966,Mouse,4010,72
741063,Mouse,3072,66
741192,Mouse,5562,85
741210,Mouse,3803,91
741302,Mouse,3801,80
741357,Elephant,193289,940
741421,Mouse,5047,70
741441,Mouse,3903,77
741516,Mouse,5500,80
741546,Mouse,5287,84
741596,Mouse,5254,93
741598,Mouse,3425,94
741606,Mouse,3979,95
741746,Mouse,3783,73
741858,Mouse,5224,92
741929,Mouse,3017,84
741952,Mouse,5757,88
742061,Mouse,4102,83
742074,Mouse,5557,87
742098,Mouse,3440,87
742150,Mouse,3262,83
742151,Elephant,393736,1506
742180,Mouse,4881,88
742317,Mouse,4861,84
742329,Mouse,4469,85
742474,Elephant,246761,1897
742522,Mouse,5633,79
742577,Mouse,3586,85
742788,Mouse,4537,85
742814,Elephant,174087,1166
742826,Mouse,3721,93
742873,Mouse,3216,86
742948,Elephant,410864,2532
743106,Mouse,3476,71
743131,Elephant,536496,2694
743135,Mouse,5631,85
743186,Mouse,3244,88
743224,Mouse,3254,80
743247,Mouse,4126,79
743267,Mouse,3693,79
743301,Mouse,3788,85
743310,Elephant,439699,402905
743406,Elephant,192480,1285
743415,Mouse,3073,69
743415,Mouse,3562,69
743472,Mouse,5383,68
743585,Mouse,4153,67
743785,Mouse,4079,68
743851,Mouse,4430,72
743874,Mouse,4630,73
743880,Mouse,4758,73
743921,Mouse,5629,81
744023,Mouse,3188,71
744077,Mouse,4175,80
744091,Mouse,5646,86
744152,Mouse,4773,92
744251,Mouse,5009,72
744252,Elephant,192520,734
744273,Mouse,4865,73
744297,Mouse,5751,72
744333,Mouse,4659,74
744343,Elephant,470192,1756
744471,Mouse,3778,64
744484,Mouse,4994,65
744602,Mouse,4862,66
744623,Mouse,4812,67
744634,Mouse,4362,66
744655,Mouse,5086,65
744796,Mouse,5278,65
744858,Mouse,3178,64
744958,Mouse,3857,64
744990,Mouse,4559,65
745031,Mouse,5182,65
745041,Mouse,4503,65
745133,Mouse,4448,65
745172,Mouse,5543,66
745194,Mouse,4552,66
745291,Mouse,4361,66
745293,Mouse,3988,66
745301,Mouse,4703,65
745387,Mouse,4189,64
745493,Mouse,5696,66
745529,Mouse,4295,65
745738,Mouse,4788,68
745749,Mouse,4033,66
745753,Mouse,5680,67
745827,Mouse,3108,66
745863,Mouse,3777,66
745927,Mouse,4023,67
745949,Mouse,5669,67
745997,Mouse,3411,64
746041,Mouse,4208,65
746080,Mouse,3400,64
746100,Mouse,4329,65
746160,Mouse,5356,65
746168,Mouse,5642,66
746172,Mouse,3971,64
746179,Elephant,70008,365
746185,Mouse,5021,66
746192,Mouse,4979,65
746257,Mouse,3473,64
746288,Mouse,4033,64
746316,Mouse,4269,65
746332,Mouse,3894,65
746415,Mouse,5246,65
746521,Mouse,5610,66
746566,Mouse,4517,65
746582,Mouse,3137,64
746705,Mouse,5071,65
746782,Mouse,3622,64
746922,Mouse,5231,65
747027,Mouse,4858,65
747069,Mouse,3428,64
747092,Mouse,4484,65
747203,Mouse,4403,65
747261,Mouse,4060,67
747315,Mouse,5576,66
747370,Mouse,3083,66
747403,Mouse,3768,68
747405,Mouse,4328,69
747538,Mouse,4494,71
747555,Elephant,41883,281
747577,Mouse,5417,71
747660,Mouse,5527,83
747663,Mouse,5326,83
747692,Mouse,3894,85
747712,Mouse,3302,92
747761,Mouse,3905,73
747766,Elephant,229533,791
747803,Mouse,4246,68
747870,Mouse,3556,69
747919,Mouse,4277,67
747964,Mouse,3825,66
748161,Mouse,3408,70
748167,Elephant,301157,1034
748205,Mouse,3001,70
748221,Mouse,3762,73
748227,Elephant,127877,670
748233,Mouse,4694,78
748347,Mouse,3054,71
748398,Mouse,5652,73
748406,Mouse,4412,71
748481,Mouse,5083,72
748621,Mouse,4045,65
748666,Elephant,475808,1107
748700,Mouse,5688,66
748711,Mouse,4475,65
748718,Mouse,4954,66
748764,Mouse,4465,65
748845,Mouse,3487,64
748876,Mouse,3002,63
748912,Mouse,4711,65
748951,Mouse,4732,65
748974,Mouse,5083,65
748990,Mouse,4694,67
749081,Mouse,3104,64
749092,Mouse,3310,64
749232,Mouse,3995,67
749387,Mouse,4688,70
749433,Mouse,4237,72
749492,Mouse,4984,71
749529,Mouse,4478,71
749555,Mouse,3671,66
749586,Mouse,5221,73
749802,Mouse,3710,68
749842,Mouse,3493,71
750007,Mouse,4987,90
750020,Elephant,529378,1278
750068,Mouse,3204,84
750216,Mouse,5055,68
750234,Mouse,3853,68
750481,Elephant,537765,1320
750507,Mouse,3613,80
750516,Mouse,4085,83
750518,Mouse,3552,81
750575,Mouse,5367,69
750639,Mouse,5227,68
750807,Mouse,4859,66
750845,Mouse,4089,70
750884,Mouse,3637,72
750962,Mouse,3252,79
751019,Mouse,4747,95
751028,Mouse,3393,95
751092,Mouse,5608,115
751100,Mouse,4852,115
751205,Mouse,4538,77
751277,Mouse,4108,71
751284,Mouse,4253,74
751412,Mouse,3996,79
751483,Mouse,3355,80
751517,Mouse,5137,94
751547,Mouse,4934,97
751560,Mouse,4911,100
751589,Mouse,4073,101
751599,Mouse,3116,98
751632,Elephant,489159,1676
751651,Mouse,4646,74
751686,Mouse,4178,64
751827,Mouse,4765,68
751845,Mouse,3008,71
751863,Mouse,3524,64
751963,Mouse,4623,68
752017,Mouse,4541,81
752115,Mouse,4660,85
752124,Mouse,3574,83
752147,Elephant,490202,1756
752156,Mouse,4471,90
752200,Mouse,4095,82
752206,Elephant,568950,2139
752210,Mouse,4035,75
752265,Mouse,3291,64
752323,Mouse,3693,64
752390,Mouse,4118,66
752432,Mouse,3374,72
752571,Mouse,4567,76
752630,Elephant,142800,720
752660,Mouse,4499,75
752671,Mouse,4233,77
752681,Mouse,4864,73
752969,Mouse,3325,87
752980,Mouse,4651,93
753046,Mouse,5049,111
753130,Mouse,4625,107
753277,Mouse,4893,74
753356,Mouse,5048,68
753435,Mouse,3854,81
753458,Mouse,5467,75
753518,Mouse,3416,73
753596,Elephant,515999,1719
753629,Mouse,3085,73
753641,Mouse,3447,77
753749,Mouse,3162,82
753793,Mouse,4358,91
753811,Mouse,5830,93
753875,Mouse,4557,93
753958,Mouse,5286,78
753977,Mouse,5077,92
753985,Mouse,4253,95
754029,Mouse,4602,100
754053,Mouse,3839,108
754127,Mouse,3466,72
754137,Mouse,5304,79
754148,Mouse,4937,84
754297,Mouse,5626,74
754323,Mouse,3997,77
754352,Mouse,5481,89
754428,Elephant,541793,2158
754450,Mouse,4650,71
754468,Mouse,4543,74
754500,Mouse,3221,70
754534,Mouse,3357,65
754541,Elephant,447556,2136
754562,Mouse,3705,73
754563,Mouse,3715,73
754589,Mouse,3239,65
754626,Mouse,3963,78
754805,Mouse,5439,74
754928,Mouse,5322,85
755010,Mouse,3361,73
755183,Elephant,430106,2391
755209,Elephant,310083,1038
755238,Mouse,4739,77
755252,Mouse,5019,69
755270,Mouse,5466,67
755284,Mouse,3102,69
755294,Mouse,5684,74
755389,Mouse,4160,69
755399,Mouse,3271,67
755400,Mouse,3940,67
755643,Elephant,419087,1813
755646,Mouse,3298,68
755669,Mouse,5229,67
755760,Mouse,5759,69
755770,Mouse,5543,72
755772,Mouse,5010,73
755878,Mouse,3850,66
755888,Elephant,139750,549
755933,Mouse,4112,66
755977,Mouse,4837,66
756024,Mouse,4535,65
756045,Mouse,5229,65
756059,Mouse,3828,64
756085,Mouse,3768,65
756134,Mouse,3654,65
756136,Mouse,3333,65
756153,Mouse,3360,64
756158,Mouse,4333,66
756170,Mouse,5184,68
756215,Mouse,3173,64
756226,Mouse,4697,65
756335,Mouse,3940,68
756343,Mouse,3529,65
756398,Elephant,52152,317
756500,Mouse,3861,67
756568,Mouse,4092,76
756581,Mouse,5367,82
756582,Mouse,5684,83
756609,Mouse,5037,74
756804,Mouse,4956,76
756811,Mouse,3563,79
756941,Mouse,4192,81
757036,Mouse,4627,70
757081,Mouse,3473,77
757195,Mouse,5769,87
757229,Mouse,3433,91
757258,Mouse,5025,94
757272,Mouse,3669,95
757347,Mouse,5151,86
757361,Mouse,4719,81
757426,Mouse,3527,68
757437,Mouse,3942,71
757497,Mouse,5118,77
757528,Mouse,3177,87
757536,Elephant,482745,1365
757539,Mouse,5769,93
757599,Mouse,5437,78
757637,Mouse,5811,74
757654,Mouse,5308,73
757690,Mouse,3289,74
757690,Mouse,3370,75
757700,Mouse,3725,73
757750,Mouse,4455,75
757758,Mouse,3743,77
757842,Mouse,3825,72
757873,Elephant,317695,1471
757920,Mouse,5828,69
757924,Mouse,4916,71
757952,Elephant,329179,1460
758032,Mouse,4679,69
758047,Mouse,4792,76
758060,Mouse,5506,66
758077,Mouse,3251,68
758085,Mouse,3411,71
758189,Mouse,4524,68
758192,Mouse,5201,68
758357,Mouse,3121,66
758481,Mouse,4716,69
758493,Mouse,5140,70
758547,Mouse,3351,71
758558,Elephant,329724,909
758612,Mouse,5728,67
758669,Mouse,5724,66
758728,Mouse,3749,64
758768,Mouse,4496,69
758770,Mouse,3986,68
758835,Mouse,5382,65
759044,Mouse,3113,64
759055,Mouse,3200,67
759064,Mouse,3024,72
759075,Mouse,3752,69
759159,Mouse,3074,67
759259,Mouse,5485,66
759281,Mouse,5555,71
759294,Mouse,3250,73
759301,Mouse,3801,65
759341,Mouse,3105,64
759418,Elephant,210528,686
759433,Mouse,4345,65
759457,Mouse,5544,67
759463,Mouse,3111,64
759483,Mouse,4025,64
759777,Mouse,5222,65
759792,Mouse,3251,67
759886,Mouse,4055,64
759937,Mouse,3950,64
759945,Mouse,4496,65
760036,Mouse,4493,65
760038,Mouse,3192,64
760066,Mouse,3385,68
760073,Mouse,3993,64
760118,Mouse,5803,66
760183,Mouse,3663,69
760187,Elephant,63495,339
760195,Mouse,3638,72
760231,Mouse,3288,71
760255,Mouse,4476,77
760265,Mouse,4481,81
760327,Mouse,5559,77
760376,Mouse,3755,78
760436,Mouse,5028,74
760490,Mouse,3260,75
760515,Mouse,4858,82
760517,Elephant,421580,1053
760520,Mouse,3932,79
760623,Mouse,3360,66
760634,Mouse,5519,70
760696,Mouse,3768,67
760785,Mouse,4166,68
760821,Mouse,3906,67
760880,Mouse,4304,67
760927,Mouse,4877,65
760944,Mouse,4044,68
760948,Mouse,4058,71
760958,Mouse,5458,75
760984,Mouse,5462,68
761083,Mouse,4615,67
761111,Elephant,383472,1008
761125,Mouse,5588,67
761312,Mouse,3341,73
761403,Mouse,5630,71
761543,Mouse,4172,71
761577,Mouse,5473,81
761604,Mouse,3233,80
761648,Mouse,3050,92
761663,Mouse,5557,96
761676,Mouse,3899,97
761766,Mouse,3801,78
761779,Mouse,4776,88
761780,Mouse,4241,87
761798,Mouse,4544,73
761820,Elephant,225445,844
761844,Mouse,3470,72
761956,Mouse,5159,68
761995,Mouse,3182,64
762019,Mouse,3664,65
762230,Mouse,4516,71
762235,Mouse,4926,74
762247,Mouse,3362,79
762310,Mouse,4014,86
762361,Mouse,4354,71
762421,Mouse,4179,69
762458,Mouse,4534,77
762533,Elephant,506463,1557
762555,Mouse,3998,71
762655,Mouse,4514,72
762658,Mouse,3318,73
762702,Mouse,5498,81
762718,Mouse,4043,86
762755,Mouse,3685,96
762770,Mouse,5444,100
762779,Mouse,4967,96
762822,Mouse,3517,100
762824,Mouse,4552,103
762873,Mouse,5734,102
762890,Mouse,3808,97
762927,Elephant,53412,387
762962,Mouse,4963,81
762976,Mouse,5054,77
762981,Mouse,4317,78
763013,Elephant,88169,639
763036,Elephant,466010,1773
763160,Mouse,3714,68
763181,Mouse,5186,67
763300,Mouse,4226,67
763319,Mouse,3592,64
763333,Mouse,4153,70
763334,Mouse,5703,72
763418,Mouse,3881,64
763432,Mouse,5121,69
763488,Mouse,4897,77
763504,Mouse,3533,64
763540,Mouse,3963,69
763620,Mouse,5794,75
763631,Mouse,3678,69
763725,Mouse,3994,68
763734,Mouse,3833,67
763861,Mouse,3751,82
763946,Mouse,4708,104
763965,Mouse,4795,109
764051,Mouse,3378,120
764077,Mouse,4544,120
764101,Mouse,4997,110
764215,Mouse,4049,67
764227,Mouse,5087,68
764264,Mouse,3105,67
764407,Mouse,4003,74
764459,Mouse,5017,89
764473,Elephant,409772,1327
764495,Mouse,5039,92
764501,Mouse,3611,93
764591,Mouse,5514,73
764662,Mouse,3168,65
764664,Mouse,4216,67
764745,Mouse,4247,77
764853,Mouse,4968,67
764921,Mouse,5511,76
764969,Mouse,5478,80
765010,Mouse,3510,84
765075,Mouse,3587,81
765113,Mouse,3259,75
765122,Mouse,3577,80
765148,Mouse,5589,85
765249,Mouse,3101,76
765385,Mouse,5802,99
765436,Mouse,3367,98
765469,Mouse,5004,101
765487,Mouse,4708,89
765502,Mouse,5565,92
765544,Mouse,5141,87
765579,Mouse,5723,91
765605,Elephant,598473,2197
765666,Mouse,4634,66
765707,Mouse,5633,77
765723,Mouse,4097,65
765763,Mouse,4941,81
765944,Mouse,4058,88
765984,Elephant,72274,423
766043,Mouse,4830,82
766060,Mouse,5734,84
766078,Elephant,553359,2354
766113,Mouse,4096,81
766120,Mouse,3818,77
766124,Mouse,4230,78
766144,Mouse,4342,66
766226,Mouse,3900,66
766242,Mouse,3046,69
766345,Mouse,4413,66
766348,Mouse,5621,67
766422,Mouse,3488,67
766501,Mouse,4523,67
766531,Mouse,5246,70
766570,Mouse,3910,67
766608,Mouse,4665,70
766617,Elephant,239686,1467
766634,Mouse,3922,68
766741,Mouse,4101,67
766916,Mouse,4249,66
766926,Mouse,5824,70
766946,Mouse,5160,69
767003,Mouse,5581,75
767010,Elephant,405669,1322
767081,Mouse,4299,65
767210,Mouse,4267,65
767231,Mouse,4149,65
767286,Mouse,5237,65
767298,Mouse,5840,66
767336,Mouse,3748,64
767401,Mouse,4352,65
767405,Mouse,3072,66
767421,Mouse,3271,64
767510,Mouse,3602,64
767593,Mouse,4218,64
767606,Mouse,5304,69
767615,Mouse,4442,65
767626,Mouse,5392,65
767689,Mouse,4925,69
767739,Mouse,4199,70
767766,Mouse,4870,65
768097,Mouse,3677,69
768115,Mouse,4518,73
768130,Mouse,3276,77
768131,Mouse,5062,79
768139,Mouse,3534,82
768216,Mouse,3830,88
768314,Mouse,4979,69
768446,Mouse,3930,84
768473,Mouse,5735,98
768596,Mouse,4428,84
768660,Mouse,3198,72
768721,Mouse,3011,65
768728,Elephant,529411,1406
768775,Mouse,3299,64
768784,Mouse,4736,68
768838,Mouse,3508,72
768970,Mouse,4754,70
769106,Mouse,5766,72
769391,Mouse,3112,86
769613,Mouse,3710,80
769640,Mouse,3175,89
769652,Mouse,3930,93
769678,Mouse,4991,101
769768,Mouse,3550,86
769770,Mouse,4393,91
769780,Elephant,511642,1984
769797,Elephant,435745,1570
769835,Mouse,5500,80
769853,Mouse,5043,65
769885,Mouse,4937,72
769892,Elephant,107116,854
769904,Mouse,4719,65
770133,Mouse,5811,68
770222,Mouse,3020,65
770238,Mouse,5578,69
770245,Mouse,3230,64
770497,Mouse,5676,66
770526,Mouse,5368,70
770542,Mouse,3170,71
770588,Mouse,4516,73
770682,Mouse,5149,66
770719,Mouse,5812,71
770728,Mouse,3741,71
770732,Mouse,4364,68
770739,Mouse,4047,66
770815,Mouse,5671,70
770900,Mouse,4872,67
771022,Mouse,5571,68
771146,Mouse,3027,67
771178,Elephant,580911,1196
771211,Mouse,5608,67
771224,Mouse,5382,67
771288,Mouse,4034,64
771398,Mouse,4357,68
771448,Mouse,3525,71
771596,Mouse,4847,71
771619,Mouse,4146,67
771643,Mouse,3264,64
771689,Mouse,3364,73
771694,Mouse,5007,69
771743,Mouse,4012,67
771752,Mouse,4355,70
771761,Mouse,3728,70
771824,Mouse,4660,80
771831,Mouse,5507,84
771850,Mouse,4959,91
771877,Mouse,3818,85
771882,Mouse,3039,89
771934,Elephant,37939,274
771954,Mouse,5813,82
771974,Mouse,4152,67
772021,Mouse,3629,64
772040,Mouse,4219,70
772165,Mouse,5103,69
772193,Mouse,5404,73
772225,Elephant,364724,1109
772245,Elephant,288514,984
772259,Mouse,4001,67
772295,Mouse,3578,68
772369,Mouse,3598,64
772439,Mouse,3767,73
772505,Elephant,112097,502
772578,Mouse,3830,65
772597,Mouse,3522,65
772603,Mouse,3725,64
772632,Mouse,4786,68
772683,Mouse,4241,70
772825,Mouse,4439,68
772887,Mouse,4731,75
772903,Mouse,5383,81
772954,Mouse,3114,81
773021,Mouse,5500,81
773032,Mouse,3717,86
773126,Mouse,4106,68
773178,Mouse,4774,73
773391,Mouse,5306,91
773520,Mouse,5556,83
773536,Mouse,3334,81
773542,Mouse,3815,83
773548,Mouse,3271,78
773587,Mouse,3079,72
773617,Mouse,3134,74
773620,Elephant,406128,1310
773632,Elephant,462025,1200
773720,Mouse,3975,67
773732,Mouse,5179,65
773834,Mouse,4051,64
773841,Elephant,297395,1377
774038,Mouse,4067,68
774096,Mouse,5254,65
774099,Mouse,3123,64
774112,Mouse,4368,69
774171,Mouse,4550,72
774208,Mouse,4639,70
774233,Mouse,3184,68
774339,Mouse,4745,71
774425,Elephant,130171,553
774483,Mouse,3480,68
774545,Mouse,3255,77
774673,Elephant,297830,913
774685,Mouse,5189,106
774773,Mouse,5552,66
774840,Mouse,3279,67
774842,Elephant,295663,965
774923,Mouse,3220,64
774928,Mouse,4199,64
774969,Mouse,4493,65
775089,Mouse,5153,69
775149,Mouse,4775,77
775358,Mouse,4783,72
775430,Elephant,263185,1051
775452,Mouse,4796,69
775485,Mouse,3970,68
775530,Mouse,4361,69
775542,Mouse,3907,69
775626,Mouse,5314,69
775632,Mouse,4209,68
775636,Mouse,4909,71
775671,Mouse,3598,73
775729,Mouse,5429,71
775790,Mouse,3933,83
775924,Mouse,3264,85
775935,Mouse,3273,86
775940,Mouse,3664,83
776012,Mouse,5116,75
776024,Mouse,4716,74
776029,Mouse,3815,74
776051,Mouse,4336,75
776074,Mouse,3057,69
776112,Mouse,5687,77
776189,Mouse,3693,78
776197,Elephant,382300,1148
776211,Mouse,3829,81
776356,Mouse,5187,70
776522,Mouse,3177,68
776547,Mouse,4725,72
776644,Mouse,5799,85
776725,Elephant,253703,1104
776785,Elephant,442487,1502
776799,Mouse,4879,74
776863,Mouse,4882,66
776989,Mouse,3603,65
776996,Mouse,4652,65
777194,Mouse,4459,65
777205,Mouse,4522,65
777257,Mouse,5176,67
777326,Mouse,4363,65
777331,Mouse,3196,64
777431,Mouse,4126,66
777443,Mouse,4323,73
777472,Mouse,3499,66
777511,Mouse,3521,75
777627,Mouse,4367,66
777750,Mouse,4530,75
777756,Mouse,3122,75
777895,Mouse,5693,76
777958,Mouse,4157,79
777980,Mouse,4856,79
777991,Mouse,4240,78
778131,Mouse,4031,76
778132,Mouse,4164,77
778158,Mouse,5652,76
778174,Mouse,4795,80
778200,Mouse,5589,78
778264,Mouse,3722,75
778272,Mouse,5600,80
778350,Elephant,462864,1316
778357,Mouse,4613,78
778364,Mouse,4523,71
778472,Elephant,336910,1145
778473,Mouse,5429,70
778495,Mouse,3605,65
778498,Mouse,3547,67
778571,Mouse,4044,64
778631,Mouse,3406,65
778635,Mouse,4096,67
778639,Mouse,3711,65
778757,Mouse,4693,66
778768,Mouse,3453,64
778992,Mouse,3544,65
779042,Mouse,4700,65
779100,Mouse,4199,64
779105,Mouse,4800,65
779266,Mouse,4517,65
779309,Mouse,3106,64
779381,Mouse,3814,66
779434,Mouse,4070,64
779471,Mouse,3417,64
779507,Mouse,5672,73
779519,Mouse,4412,74
779523,Mouse,4371,75
779527,Mouse,4820,71
779606,Mouse,3354,64
779652,Mouse,4574,73
779775,Mouse,4172,73
779847,Mouse,5118,76
779932,Mouse,3803,78
779951,Mouse,5231,84
780062,Mouse,5614,78
780082,Mouse,4058,85
780221,Elephant,436457,1139
780371,Mouse,5258,69
780398,Mouse,4993,71
780400,Mouse,4824,71
780552,Mouse,4407,69
780586,Elephant,569008,1377
780601,Mouse,5255,72
780640,Mouse,3979,64
780688,Mouse,4983,65
780692,Mouse,3947,64
780764,Mouse,3867,64
780817,Mouse,4624,65
781077,Mouse,4440,65
781164,Mouse,4512,73
781215,Mouse,3470,75
781234,Mouse,4448,80
781306,Mouse,5155,92
781332,Mouse,4707,100
781349,Elephant,162694,632
781395,Mouse,3786,86
781409,Mouse,5519,71
781484,Mouse,4487,69
781488,Mouse,3611,69
781491,Mouse,3113,70
781627,Mouse,4007,74
781756,Mouse,3603,87
781771,Mouse,3593,89
781824,Mouse,5420,102
781869,Elephant,536297,1401
781922,Mouse,4681,82
781929,Mouse,4298,70
781951,Mouse,5810,69
781985,Mouse,3090,64
782058,Elephant,30876,217
782080,Mouse,3503,71
782119,Mouse,3904,70
782125,Elephant,172496,822
782148,Mouse,3335,69
782152,Mouse,4136,64
782179,Mouse,3729,70
782316,Mouse,3254,65
782394,Mouse,5334,74
782408,Mouse,5691,75
782492,Mouse,4569,77
782500,Elephant,440062,1646
782550,Mouse,3298,69
782580,Mouse,3355,74
782625,Mouse,4253,69
782748,Mouse,5707,76
782770,Mouse,5580,82
782785,Mouse,3577,78
782819,Elephant,363985,1337
782850,Mouse,4378,83
782900,Mouse,3111,71
782909,Mouse,5121,76
782963,Mouse,4454,75
783039,Mouse,3301,66
783058,Mouse,5298,69
783084,Elephant,227210,823
783114,Mouse,5299,68
783116,Mouse,5819,69
783183,Mouse,4863,69
783202,Mouse,4597,65
783253,Mouse,5522,66
783286,Mouse,3133,74
783310,Mouse,3773,64
783336,Mouse,5465,73
783379,Mouse,3508,67
783426,Mouse,3870,66
783448,Mouse,5606,70
783506,Elephant,59968,345
783574,Mouse,4035,65
783704,Mouse,4859,72
783818,Elephant,450724,1243
783952,Mouse,3692,65
783967,Mouse,4373,68
784079,Mouse,3008,66
784178,Mouse,3276,67
784207,Mouse,3534,64
784245,Elephant,379058,960
784391,Mouse,4155,64
784437,Mouse,4711,65
784705,Mouse,4428,65
784725,Mouse,3071,66
784753,Mouse,3585,68
784761,Mouse,4950,72
784947,Mouse,4746,71
784979,Elephant,277726,810
785040,Mouse,3421,67
785077,Mouse,3921,64
785160,Mouse,4852,65
785290,Mouse,3073,64
785325,Mouse,3150,68
785356,Elephant,167320,601366
785454,Mouse,5164,69
785470,Mouse,4906,73
785548,Mouse,4846,69
785754,Mouse,3480,67
785809,Elephant,511471,1147
785827,Mouse,3936,66
785866,Mouse,4171,67
786040,Mouse,3515,67
786083,Mouse,3704,67
786097,Mouse,3417,64
786239,Mouse,3039,64
786275,Mouse,5626,68
786287,Mouse,5760,66
786296,Mouse,4289,68
786458,Mouse,5227,65
786485,Mouse,4772,72
786506,Mouse,3972,66
786539,Mouse,5622,78
786641,Elephant,460283,1064
786653,Mouse,4841,70
786657,Mouse,3931,71
786691,Mouse,5795,70
786816,Mouse,4627,67
786923,Mouse,4873,68
786952,Mouse,3863,67
786969,Mouse,5717,75
787019,Mouse,3970,66
787025,Mouse,3990,69
787037,Mouse,4916,71
787088,Mouse,3076,70
787105,Mouse,5512,71
787111,Mouse,3981,73
787294,Mouse,4707,78
787302,Mouse,5511,85
787335,Elephant,336341,930
787381,Mouse,4288,86
787420,Mouse,5688,66
787438,Mouse,4590,65
787459,Mouse,5244,70
787470,Mouse,3291,64
787488,Mouse,5151,74
787561,Mouse,5676,73
787732,Mouse,4897,78
787746,Mouse,3788,78
787884,Mouse,3251,77
787985,Mouse,3564,70
788003,Mouse,5334,75
788094,Elephant,532444,1394
788129,Mouse,4461,72
788132,Mouse,3019,65
788220,Mouse,3439,67
788275,Mouse,3596,70
788340,Mouse,4371,72
788484,Elephant,253173,1411
788539,Elephant,100582,497
788552,Mouse,4969,69
788570,Mouse,4240,77
788715,Mouse,5638,75
788732,Mouse,5839,75
788825,Mouse,4432,85
788888,Mouse,4871,84
788927,Mouse,5658,96
788934,Mouse,3909,99
788956,Mouse,4753,99
789026,Mouse,4447,97
789045,Mouse,5100,94
789095,Elephant,488791,1673
789145,Mouse,4913,71
789162,Mouse,3949,65
789168,Mouse,3616,65
789203,Mouse,3842,67
789226,Mouse,5075,68
789237,Mouse,4067,64
789412,Mouse,3579,68
789571,Mouse,4992,72
789603,Elephant,522262,2193
789606,Mouse,4317,83
789683,Mouse,5257,90
789697,Mouse,3947,94
789819,Mouse,3442,79
789827,Mouse,3847,79
789861,Mouse,4812,80
789870,Mouse,5557,85
789938,Mouse,4956,75
789952,Mouse,3546,72
789972,Mouse,3417,71
789975,Mouse,4478,74
789990,Mouse,3539,78
790025,Mouse,3429,75
790047,Mouse,5738,80
790051,Mouse,3956,80
790066,Mouse,3351,85
790142,Mouse,4515,79
790189,Mouse,4701,72
790207,Mouse,4777,78
790285,Mouse,3212,73
790314,Mouse,5625,81
790317,Mouse,4303,81
790349,Mouse,4644,84
790408,Mouse,5229,84
790445,Mouse,3125,67
790457,Mouse,3307,69
790470,Mouse,5375,74
790499,Elephant,535581,2005
790581,Mouse,3630,65
790605,Mouse,3920,68
790662,Mouse,3938,65
790671,Mouse,4411,65
790824,Elephant,364684,1465
790837,Mouse,5737,72
790942,Mouse,3030,64
791058,Mouse,3593,75
791079,Mouse,4845,72
791084,Mouse,3266,72
791135,Mouse,4184,76
791157,Elephant,126975,539
791162,Mouse,4179,82
791219,Mouse,3842,81
791366,Mouse,5832,72
791396,Mouse,3234,77
791420,Mouse,5143,78
791659,Elephant,90540,526
791669,Elephant,349246,1008
791682,Mouse,5425,76
791720,Mouse,5777,76
791740,Mouse,3418,84
791741,Mouse,5273,86
791798,Mouse,3804,68
791819,Mouse,4107,71
791842,Mouse,4574,73
791851,Mouse,3347,66
791901,Mouse,4666,72
791921,Mouse,3501,70
791961,Mouse,4624,72
792029,Mouse,4145,74
792040,Mouse,5292,77
792113,Mouse,4535,82
792138,Mouse,3224,100
792142,Mouse,4491,104
792143,Mouse,5671,105
792278,Mouse,4915,99
792317,Mouse,4214,90
792414,Mouse,3368,73
792631,Mouse,3565,64
792723,Elephant,417367,1418
792730,Elephant,242241,1077
792734,Mouse,4751,65
792763,Mouse,5821,76
792860,Mouse,4237,64
793031,Mouse,5015,65
793331,Mouse,3436,64
793381,Mouse,4051,64
793403,Mouse,3052,64
793423,Mouse,4204,65
793446,Mouse,4840,66
793452,Mouse,4416,65
793480,Mouse,4503,67
793701,Mouse,3809,65
793716,Mouse,5105,69
793766,Mouse,3479,64
793858,Mouse,3234,64
793915,Mouse,3937,66
793961,Mouse,3302,64
794025,Mouse,4921,69
794035,Mouse,5470,76
794270,Mouse,3175,75
794315,Mouse,3311,83
794380,Elephant,268926,818
794418,Mouse,3559,75
794906,Mouse,3845,95
794977,Mouse,3963,105
795030,Elephant,485346,1314
795052,Mouse,4363,83
795065,Mouse,5816,86
795068,Mouse,5748,87
795074,Mouse,3132,64
795154,Mouse,4022,71
795157,Mouse,4080,72
795172,Mouse,3376,64
795181,Mouse,4089,68
795210,Mouse,3410,71
795211,Mouse,4063,77
795245,Mouse,4752,77
795254,Mouse,5472,82
795331,Elephant,545254,1512
795339,Mouse,4945,66
795348,Mouse,4354,65
795363,Mouse,4226,72
795400,Mouse,3920,67
795471,Mouse,5306,69
795567,Mouse,3932,73
795580,Mouse,4545,74
795581,Mouse,4701,74
796044,Mouse,5628,113
796111,Mouse,3195,91
796117,Mouse,4975,92
796150,Elephant,389139,1599
796270,Mouse,4348,72
796308,Mouse,5334,75
796411,Elephant,364813,1339
796488,Mouse,5453,69
796558,Elephant,277121,1283
796620,Mouse,5660,71
796661,Elephant,65080,477
796692,Mouse,3584,64
796752,Mouse,4632,65
796814,Mouse,5634,70
796840,Mouse,4464,69
796842,Mouse,4615,71
796939,Elephant,46588,281
797011,Mouse,3218,65
797040,Mouse,5164,67
797133,Mouse,4275,68
797198,Mouse,5146,69
797259,Mouse,5124,71
797302,Mouse,3929,81
797338,Elephant,456527,1250
797365,Mouse,3909,85
797378,Mouse,5390,81
797419,Mouse,5800,85
797455,Mouse,3705,78
797493,Mouse,4403,68
797581,Mouse,3959,72
797619,Mouse,3920,69
797658,Mouse,5665,68
797711,Mouse,5023,72
797741,Mouse,3175,77
797790,Elephant,153087,617
797944,Mouse,3701,66
798051,Mouse,3856,70
798076,Mouse,4804,66
798161,Mouse,5348,65
798182,Mouse,4710,70
798194,Mouse,5453,66
798220,Mouse,4503,69
798236,Mouse,4213,75
798328,Mouse,3791,65
798348,Mouse,4897,72
798360,Mouse,4117,74
798369,Mouse,3342,70
798392,Mouse,4793,71
798434,Mouse,4002,66
798486,Mouse,3112,67
798604,Mouse,4052,72
798676,Mouse,5617,71
798681,Mouse,3277,74
798740,Mouse,4286,80
798752,Mouse,5199,85
798846,Elephant,548999,1290
798850,Mouse,4666,70
798925,Mouse,3961,70
798959,Elephant,149081,618
798965,Mouse,5671,66
798984,Mouse,5417,65
798989,Mouse,3632,64
799062,Mouse,5566,67
799112,Mouse,5708,66
799171,Mouse,5007,65
799228,Mouse,4815,65
799253,Mouse,4452,67
799355,Mouse,4763,66
799416,Mouse,5096,69
799417,Mouse,3551,68
799467,Elephant,52699,318
799508,Mouse,3739,64
799541,Mouse,4794,66
799556,Mouse,5461,68
799643,Mouse,3325,64
799670,Mouse,5777,69
799686,Mouse,3348,64
799720,Mouse,4618,65
799759,Mouse,5672,69
799855,Mouse,3141,64
799896,Mouse,4746,71
799902,Mouse,5502,67
799914,Mouse,4909,66
799944,Mouse,5475,70
799984,Mouse,4359,68
800112,Mouse,3833,68
800141,Mouse,3491,66
800155,Mouse,4782,71
800337,Mouse,3108,71
800387,Mouse,4305,77
800399,Elephant,493315,1108
800430,Mouse,5401,76
800542,Mouse,3772,64
800550,Mouse,4803,67
800563,Mouse,3871,75
800577,Mouse,4569,74
800586,Mouse,5756,69
800607,Elephant,98486,569
800610,Mouse,5490,77
800630,Mouse,5794,69
800637,Mouse,5508,67
800640,Mouse,3534,67
800648,Mouse,4611,69
800680,Mouse,5711,70
800684,Mouse,3863,71
800702,Mouse,3318,67
800734,Mouse,3388,64
800802,Mouse,4494,67
800832,Mouse,4736,68
801035,Mouse,5627,70
801050,Mouse,5327,68
801101,Mouse,5201,74
801136,Mouse,4778,69
801155,Mouse,5684,74
801233,Mouse,3169,64
801270,Mouse,4379,65
801324,Mouse,5207,65
801360,Mouse,4891,65
801440,Mouse,5374,67
801522,Mouse,3957,67
801529,Mouse,4987,73
801556,Mouse,4901,69
801876,Elephant,507413,1269
801957,Mouse,4696,65
801995,Mouse,4609,65
802023,Mouse,5824,66
802078,Mouse,4784,65
802089,Mouse,4267,65
802117,Mouse,4249,64
802240,Mouse,3461,64
802260,Mouse,4511,66
802263,Mouse,5507,68
802270,Mouse,4314,68
802287,Mouse,3422,64
802364,Mouse,4674,69
802412,Mouse,3825,71
802428,Mouse,3466,64
802491,Mouse,3264,67
802499,Mouse,5771,72
802631,Mouse,3925,67
802673,Mouse,4592,68
802694,Mouse,4453,67
802696,Mouse,3755,68
802711,Mouse,3560,66
802731,Mouse,3146,64
802823,Mouse,5693,67
802828,Mouse,5572,67
802868,Mouse,5779,71
802931,Elephant,309635,855
802949,Mouse,5263,67
802997,Mouse,4083,66
803008,Mouse,3221,64
803027,Mouse,4139,68
803065,Mouse,5314,70
803258,Mouse,3599,64
803315,Mouse,5498,66
803324,Mouse,3614,69
803325,Mouse,3321,66
803345,Mouse,3449,65
803436,Mouse,5309,71
803496,Mouse,4558,65
803550,Mouse,5219,69
803559,Elephant,286157,821
803562,Mouse,5234,71
803584,Mouse,4417,65
803701,Mouse,4691,69
803753,Mouse,3436,64
803792,Mouse,4472,68
803938,Mouse,4703,65
804018,Mouse,3254,65
804113,Mouse,3790,64
804181,Mouse,4423,65
804222,Mouse,4059,66
804257,Mouse,3525,67
804342,Mouse,3480,67
804474,Mouse,5017,68
804616,Elephant,496094,1202
804621,Mouse,3126,64
804661,Mouse,5115,69
804698,Mouse,4699,65
804706,Mouse,5673,67
804742,Mouse,3897,66
804770,Mouse,4454,68
804781,Mouse,4202,74
804791,Elephant,165460,664
804795,Mouse,3114,78
804804,Mouse,4098,64
804842,Mouse,3533,75
804844,Mouse,5003,79
804875,Mouse,3480,67
805004,Mouse,3377,68
805011,Mouse,5784,74
805063,Mouse,4112,64
805233,Mouse,4924,69
805292,Mouse,4127,64
805298,Mouse,5063,65
805315,Mouse,5819,71
805339,Mouse,3423,65
805390,Mouse,3635,66
805409,Mouse,3125,66
805443,Mouse,5788,74
805449,Elephant,257838,781
805471,Mouse,3713,64
805488,Mouse,3671,70
805495,Mouse,5332,70
805497,Mouse,4883,68
805532,Mouse,3522,66
805636,Mouse,5291,65
805812,Mouse,3406,64
805844,Mouse,5640,67
806067,Mouse,4086,64
806104,Mouse,3800,71
806173,Mouse,4293,66
806218,Mouse,3814,66
806243,Mouse,4135,64
806370,Mouse,3521,64
806376,Mouse,5702,66
806459,Mouse,5429,66
806610,Mouse,3626,67
806613,Elephant,507446,1112
806707,Mouse,3008,64
806795,Mouse,3422,65
806884,Mouse,4646,65
807032,Mouse,3855,64
807184,Mouse,5584,66
807318,Mouse,5032,65
807366,Mouse,3062,64
807422,Mouse,4566,67
807426,Mouse,4303,70
807453,Mouse,5383,65
807478,Mouse,4169,73
807519,Mouse,5812,69
807614,Mouse,3119,66
807735,Mouse,3801,67
807754,Mouse,4558,67
807777,Mouse,5740,70
807906,Mouse,5072,74
808009,Mouse,3008,74
808009,Mouse,3533,75
808026,Elephant,201284,694
808037,Mouse,3182,70
808072,Mouse,3590,68
808095,Mouse,3257,66
808134,Mouse,5432,68
808284,Mouse,4036,64
808338,Mouse,4577,69
808399,Mouse,3304,70
808502,Mouse,3314,72
808507,Mouse,4498,76
808531,Mouse,5043,83
808565,Mouse,5119,91
808598,Mouse,3780,99
808619,Mouse,4832,104
808682,Mouse,3444,101
808684,Mouse,4593,104
808692,Elephant,537409,1377
808919,Mouse,5424,69
808941,Mouse,3177,75
809057,Elephant,410532,1233
809070,Mouse,5776,67
809146,Elephant,63896,333
809291,Mouse,3056,64
809367,Mouse,4949,65
809469,Mouse,5329,65
809517,Mouse,3623,64
809589,Mouse,4000,64
809603,Mouse,3710,64
809612,Mouse,3998,64
809711,Mouse,3029,66
809712,Mouse,4152,68
809720,Mouse,4297,70
809724,Mouse,4353,65
809728,Mouse,3923,65
809773,Mouse,5086,67
809940,Mouse,4615,75
809985,Mouse,3676,74
809992,Mouse,4738,65
810011,Mouse,4513,69
810078,Mouse,4064,73
810135,Mouse,3344,67
810165,Mouse,3329,74
810220,Mouse,5407,69
810320,Mouse,5440,75
810370,Mouse,3438,86
810395,Mouse,5603,91
810427,Mouse,5288,100
810472,Elephant,139156,611
810498,Mouse,5817,104
810531,Mouse,4344,84
810548,Mouse,5389,87
810557,Mouse,3342,81
810577,Mouse,5566,69
810647,Mouse,5825,66
810683,Mouse,4053,64
810790,Elephant,85496,575
810813,Mouse,4132,64
810816,Mouse,3322,64
810827,Elephant,509610,1318
810845,Mouse,4463,71
810851,Mouse,4210,67
810882,Mouse,4388,66
810904,Mouse,3192,64
810964,Mouse,4937,65
810980,Mouse,5756,66
811015,Mouse,5575,69
811047,Mouse,5190,65
811063,Mouse,3021,66
811170,Mouse,4576,65
811176,Mouse,5061,65
811401,Mouse,4145,69
811404,Mouse,5055,70
811415,Mouse,3058,70
811421,Mouse,5813,74
811424,Elephant,133222,545
811440,Mouse,3403,67
811450,Elephant,55797,324
811470,Mouse,5313,74
811485,Mouse,4186,69
811584,Mouse,4703,65
811616,Mouse,4240,68
811793,Mouse,5180,69
811864,Mouse,4765,66
811959,Elephant,251921,759
812007,Mouse,3077,66
812177,Mouse,5211,68
812287,Mouse,4632,65
812291,Mouse,5003,66
812295,Mouse,3604,64
812382,Mouse,5665,66
812421,Mouse,4127,64
812452,Mouse,4861,65
812478,Mouse,3356,67
812528,Mouse,5049,72
812539,Elephant,167517,599
812545,Mouse,5642,66
812585,Mouse,5311,73
812702,Mouse,5352,69
812733,Mouse,5777,66
812753,Mouse,5073,73
812842,Mouse,4700,66
813025,Mouse,4797,68
813030,Mouse,5449,67
813041,Mouse,3467,67
813092,Mouse,4608,71
813209,Mouse,4427,73
813295,Mouse,3728,83
813298,Mouse,5530,87
813320,Mouse,5158,92
813343,Mouse,3099,94
813481,Mouse,4202,102
813529,Mouse,3917,101
813556,Mouse,5761,104
813557,Mouse,4554,104
813648,Mouse,4106,67
813774,Mouse,3427,72
813880,Mouse,3380,67
813904,Mouse,3262,74
814053,Mouse,4513,77
814112,Mouse,3478,80
814134,Mouse,4687,82
814139,Mouse,4424,83
814189,Mouse,5117,73
814201,Elephant,481494,1614
814236,Mouse,3490,77
814236,Mouse,3718,79
814284,Elephant,327001,1438
814291,Mouse,5494,72
814318,Mouse,3584,66
814356,Mouse,5200,68
814364,Mouse,5528,68
814386,Elephant,501530,1748
814388,Mouse,4839,68
814393,Mouse,4789,66
814408,Mouse,5455,69
814421,Mouse,3705,66
814441,Mouse,4271,65
814470,Mouse,4596,69
814634,Mouse,3504,64
814997,Mouse,4912,70
815050,Mouse,4482,74
815063,Mouse,5030,76
815086,Mouse,3961,66
815100,Elephant,216431,401089
815131,Mouse,5749,68
815156,Mouse,5303,70
815159,Mouse,5688,73
815303,Mouse,4155,64
815312,Mouse,3381,64
815373,Mouse,3558,65
815420,Mouse,3044,64
815542,Mouse,3291,65
815602,Mouse,3429,64
815709,Mouse,3919,65
815807,Mouse,3143,64
815852,Mouse,3834,64
815938,Mouse,3263,64
816022,Mouse,3202,64
816041,Mouse,3298,65
816174,Mouse,4097,67
816252,Mouse,3645,65
816320,Mouse,4294,65
816374,Mouse,4656,65
816384,Mouse,5398,66
816413,Mouse,5236,65
816444,Mouse,5279,65
816454,Mouse,4917,65
816555,Mouse,4382,65
816574,Mouse,3208,64
816602,Mouse,5133,68
816668,Mouse,4849,65
816729,Mouse,5073,65
816739,Mouse,4678,65
816794,Mouse,3492,64
816815,Mouse,4507,65
816839,Mouse,3846,64
816889,Mouse,3519,64
816944,Mouse,5285,65
817035,Mouse,4683,65
817060,Mouse,5108,65
817084,Mouse,4551,65
817180,Mouse,3535,64
817280,Mouse,4513,65
817296,Mouse,4401,65
817333,Mouse,4283,65
817339,Mouse,4455,66
817436,Mouse,5100,65
817501,Mouse,5204,65
817584,Mouse,4313,65
817604,Mouse,3790,67
817605,Mouse,5113,68
817659,Mouse,5522,66
817686,Mouse,5834,67
817687,Mouse,3250,66
817749,Mouse,3250,64
817774,Mouse,5412,66
817816,Mouse,3514,64
817886,Mouse,4085,64
817970,Mouse,3172,64
818008,Mouse,3738,64
818015,Mouse,5719,66
818047,Mouse,4349,69
818115,Mouse,4948,65
818346,Mouse,3425,67
818352,Mouse,3784,70
818366,Mouse,4298,70
818477,Mouse,4175,68
818503,Mouse,3445,70
818663,Mouse,3549,85
818691,Mouse,5091,93
818771,Mouse,3942,107
818835,Mouse,5299,98
818864,Mouse,4782,94
818897,Mouse,5672,85
818929,Mouse,4671,74
818958,Mouse,4375,77
818998,Elephant,346441,1065
819006,Mouse,5774,78
819011,Mouse,4112,74
819059,Mouse,3675,73
819089,Mouse,4389,73
819162,Mouse,4317,70
819246,Mouse,5269,74
819299,Mouse,5379,90
819311,Mouse,4646,93
819417,Mouse,5074,106
819423,Mouse,3189,99
819490,Mouse,3039,89
819504,Mouse,5647,93
819569,Mouse,3464,80
819588,Mouse,5672,82
819714,Mouse,5180,72
819741,Mouse,3850,73
819811,Mouse,3375,74
819825,Elephant,265396,1527
819871,Mouse,3426,75
819905,Mouse,5410,72
819936,Mouse,4302,75
820031,Mouse,4978,84
820045,Mouse,5410,88
820054,Mouse,3974,89
820083,Mouse,3111,94
820088,Mouse,3639,98
820113,Elephant,379350,1871
820177,Mouse,3879,71
820298,Mouse,3631,70
820367,Mouse,3269,76
820367,Mouse,4095,75
820421,Elephant,524598,2206
820500,Mouse,3687,68
820529,Mouse,3427,68
820537,Mouse,3575,71
820541,Elephant,376332,1683
820578,Mouse,4012,68
820586,Mouse,3752,64
820609,Mouse,5215,65
820652,Mouse,4897,67
820682,Mouse,4124,68
820691,Mouse,3963,67
820698,Mouse,5534,70
820714,Mouse,4178,64
820918,Mouse,4578,65
821086,Mouse,4053,67
821169,Mouse,5404,68
821174,Mouse,3358,71
821220,Mouse,3505,74
821287,Mouse,4879,67
821394,Mouse,3296,69
821452,Mouse,3905,71
821487,Mouse,4158,70
821499,Mouse,5306,77
821563,Elephant,266217,790
821572,Mouse,3363,75
821632,Mouse,4861,73
821656,Elephant,222149,724
821796,Mouse,3407,64
821824,Mouse,4335,65
821944,Mouse,5142,65
821954,Mouse,5009,65
822075,Mouse,3171,64
822078,Mouse,4306,65
822086,Mouse,4000,64
822092,Mouse,5395,65
822154,Mouse,3156,64
822176,Mouse,4864,65
822210,Mouse,3385,64
822231,Mouse,3575,64
822289,Mouse,3676,64
822306,Mouse,3338,64
822368,Mouse,4386,65
822398,Mouse,3007,64
822451,Mouse,3726,64
822476,Mouse,5742,66
822634,Mouse,5738,66
822670,Mouse,3067,64
822691,Mouse,5403,65
822817,Mouse,5631,70
822877,Mouse,5425,70
822885,Mouse,5224,70
822950,Mouse,4842,66
822998,Mouse,4895,68
822999,Mouse,3936,67
823119,Mouse,4845,69
823183,Mouse,4125,68
823192,Mouse,3136,71
823204,Mouse,3006,67
823224,Mouse,4813,71
823248,Mouse,3003,68
823310,Mouse,3158,64
823327,Mouse,3739,67
823435,Mouse,3891,72
823505,Mouse,3546,77
823533,Elephant,305856,872
823537,Mouse,5181,80
823573,Mouse,4124,79
823635,Elephant,367443,955
823639,Mouse,4959,69
823677,Mouse,3190,65
823681,Mouse,4650,66
823772,Mouse,5746,68
823782,Mouse,4864,69
823796,Mouse,5812,66
823815,Elephant,67554,381
823922,Mouse,5378,65
824058,Mouse,4506,65
824077,Mouse,5537,66
824135,Mouse,3797,66
824136,Mouse,4445,68
824307,Mouse,4936,65
824397,Mouse,3302,64
824443,Mouse,3958,64
824532,Mouse,3945,64
824576,Mouse,3195,64
824609,Mouse,4467,70
824641,Mouse,5394,68
824759,Mouse,4241,67
824810,Mouse,4525,65
824819,Mouse,4228,67
824851,Mouse,5370,70
824869,Elephant,338888,894
824970,Mouse,3098,66
824982,Mouse,3025,64
825047,Elephant,114408,505
825071,Mouse,3190,64
825093,Mouse,5119,66
825174,Mouse,4744,66
825176,Mouse,3430,66
825196,Mouse,3228,64
825223,Mouse,5075,67
825269,Mouse,4638,65
825275,Mouse,5770,66
825295,Mouse,5233,68
825312,Mouse,4558,66
825316,Mouse,4997,67
825367,Mouse,5076,65
825374,Elephant,112415,491
825452,Mouse,4800,65
825462,Mouse,4026,64
825569,Mouse,5762,66
825579,Mouse,4056,64
825619,Mouse,4585,65
825635,Mouse,4011,64
825650,Mouse,3092,64
825679,Mouse,3396,64
825682,Mouse,3519,65
825717,Mouse,5828,68
825883,Elephant,33449,233
825892,Mouse,5057,65
825897,Mouse,4205,64
825912,Mouse,3721,64
826096,Mouse,3479,64
826106,Mouse,4706,65
826168,Mouse,4240,64
826234,Mouse,3038,64
826342,Mouse,4297,65
826374,Mouse,5474,66
826476,Mouse,4477,65
826557,Mouse,5696,66
826602,Mouse,3269,64
826691,Mouse,3234,64
826704,Mouse,5011,65
826712,Mouse,5609,68
826745,Mouse,3703,65
826780,Mouse,4921,65
826922,Mouse,5334,65
826938,Mouse,3859,68
827003,Mouse,4888,65
827081,Mouse,3675,64
827084,Mouse,3303,65
827107,Mouse,4291,68
827134,Mouse,3350,64
827347,Mouse,4825,65
827512,Elephant,480276,1079
827516,Mouse,4936,71
827561,Mouse,4130,65
827961,Mouse,4086,66
828029,Mouse,4473,73
828041,Mouse,5750,78
828059,Elephant,162070,590
828093,Mouse,3728,69
828127,Mouse,4778,68
828188,Mouse,5775,66
828424,Mouse,3252,66
828529,Mouse,4369,69
828600,Elephant,540957,1164
828627,Mouse,4181,68
828747,Mouse,5267,65
828842,Mouse,4387,69
828862,Mouse,4465,71
828933,Mouse,4587,70
828962,Mouse,5475,66
828975,Mouse,4382,72
828998,Mouse,5676,77
829064,Mouse,5747,70
829145,Elephant,389016,980
829152,Mouse,4046,66
829163,Mouse,5759,68
829198,Mouse,4242,68
829294,Mouse,3169,64
829323,Mouse,4055,64
829387,Mouse,4861,65
829497,Mouse,4228,67
829504,Mouse,3298,69
829646,Mouse,5388,66
829684,Mouse,3785,74
829722,Elephant,315275,865
829978,Mouse,3885,68
830013,Mouse,5332,65
830019,Elephant,97936,459
830105,Mouse,4414,65
830359,Mouse,3360,64
830375,Mouse,4782,66
830409,Mouse,5446,71
830486,Mouse,5333,65
830539,Mouse,5539,66
830581,Mouse,5564,70
830585,Mouse,3321,71
830596,Mouse,3097,66
830645,Mouse,3464,68
830656,Mouse,3761,71
830671,Mouse,4064,75
830680,Mouse,3031,76
830685,Mouse,3399,75
830824,Mouse,4587,76
831020,Mouse,4781,83
831069,Mouse,4292,93
831079,Mouse,5687,96
831124,Mouse,4785,110
831135,Mouse,3999,109
831265,Elephant,588658,1384
831309,Mouse,4041,67
831339,Mouse,5288,73
831347,Mouse,3022,68
831545,Mouse,4331,65
831608,Mouse,5053,72
831652,Mouse,4524,72
831652,Mouse,3249,73
831666,Elephant,424779,1369
831668,Mouse,3656,79
831672,Mouse,4342,80
831735,Mouse,3188,64
831798,Mouse,3123,64
831807,Mouse,4095,66
831823,Mouse,5752,66
832005,Mouse,3149,67
832069,Mouse,4633,68
832113,Elephant,396493,1387
832156,Mouse,4088,68
832160,Mouse,3262,67
832228,Mouse,3906,64
832234,Mouse,4621,65
832244,Mouse,4523,71
832334,Mouse,4091,68
832335,Mouse,5251,70
832437,Mouse,5096,65
832441,Mouse,4197,65
832457,Mouse,5671,70
832521,Mouse,4970,65
832527,Mouse,4793,65
832564,Mouse,3638,65
832584,Mouse,5661,69
832590,Mouse,5811,72
832636,Mouse,3956,71
832722,Mouse,3071,69
832723,Mouse,3711,70
832731,Elephant,181688,645
832822,Mouse,4319,68
832834,Mouse,4152,70
832836,Mouse,3319,69
832883,Mouse,4762,73
832964,Mouse,4571,71
833042,Mouse,4469,71
833078,Mouse,5793,75
833106,Mouse,3579,77
833193,Mouse,4220,76
833346,Mouse,4497,93
833349,Mouse,5099,95
833371,Mouse,4873,97
833376,Mouse,4628,100
833393,Mouse,5361,105
833408,Mouse,4041,104
833417,Mouse,3745,100
833445,Mouse,4309,98
833453,Mouse,4382,100
833508,Elephant,278106,1014
833557,Mouse,3934,64
833703,Mouse,3489,66
833752,Mouse,3584,72
833763,Mouse,3681,75
833978,Mouse,4226,72
833994,Mouse,5263,76
834003,Mouse,3311,78
834011,Mouse,4181,82
834035,Mouse,3328,91
834127,Mouse,4078,75
834143,Mouse,4989,79
834164,Mouse,3525,76
834200,Mouse,5202,86
834216,Mouse,4660,88
834223,Elephant,479701,1535
834363,Mouse,4484,69
834379,Mouse,4269,65
834382,Mouse,3435,65
834450,Mouse,5331,68
834457,Mouse,3362,65
834466,Mouse,5790,67
834555,Mouse,5493,66
834574,Mouse,4697,72
834577,Mouse,5070,73
834591,Mouse,4231,77
834606,Mouse,4794,73
834653,Elephant,514710,1725
834693,Mouse,4849,70
834739,Mouse,4986,69
834747,Mouse,4602,65
834780,Mouse,4801,66
834805,Mouse,4660,68
834851,Mouse,4444,70
834900,Elephant,335253,1222
835033,Mouse,5736,66
835234,Mouse,5774,66
835253,Mouse,4839,65
835298,Mouse,3334,64
835336,Mouse,5535,66
835374,Mouse,4674,65
835394,Elephant,105445,200717
835566,Mouse,3176,64
835776,Mouse,3743,66
835877,Mouse,3768,70
835885,Mouse,5603,76
835932,Mouse,4881,65
836039,Mouse,3264,66
836081,Mouse,3821,66
836094,Mouse,5504,73
836120,Mouse,5510,76
836149,Mouse,4144,74
836157,Mouse,3189,78
836191,Mouse,5213,70
836208,Mouse,4034,72
836285,Mouse,4335,70
836414,Elephant,477888,1098
836441,Mouse,5614,68
836479,Mouse,3291,67
836505,Mouse,5059,69
836516,Mouse,4175,69
836553,Mouse,5152,69
836570,Mouse,3437,68
836611,Mouse,5207,74
836683,Mouse,5487,66
836713,Mouse,5291,70
836735,Mouse,3156,64
836799,Mouse,4567,72
836800,Mouse,4019,71
836860,Elephant,457756,1232
836986,Mouse,3285,64
837060,Mouse,5184,65
837130,Mouse,4085,68
837156,Mouse,5506,66
837336,Mouse,5316,65
837356,Mouse,4868,65
837375,Mouse,5625,66
837396,Elephant,140484,635
837427,Mouse,3289,65
837492,Mouse,3524,64
837784,Mouse,5268,65
837795,Mouse,4302,65
837863,Mouse,3521,64
837898,Mouse,3445,65
837900,Mouse,3566,66
837907,Mouse,5429,66
837955,Mouse,3581,64
837992,Mouse,5612,66
838019,Mouse,4509,67
838037,Mouse,4567,66
838052,Mouse,5692,70
838095,Mouse,4691,69
838097,Elephant,40647,244
838103,Mouse,3868,72
838162,Mouse,4256,64
838190,Mouse,4652,67
838253,Mouse,5119,71
838391,Mouse,4351,65
838712,Mouse,5315,69
838845,Mouse,5787,82
838895,Mouse,3888,83
838898,Mouse,5489,86
838907,Elephant,420299,1130
838918,Mouse,4356,75
838972,Mouse,4602,68
839086,Mouse,4517,69
839144,Mouse,5208,74
839150,Mouse,5283,72
839179,Mouse,4778,68
839229,Mouse,3527,69
839406,Mouse,5754,79
839434,Mouse,5798,80
839549,Mouse,3700,72
839552,Mouse,5051,73
839569,Mouse,4900,70
839580,Mouse,5565,75
839609,Mouse,5480,69
839615,Mouse,4164,72
839627,Mouse,5457,78
839715,Mouse,3703,70
839720,Mouse,4331,71
839762,Mouse,3357,82
839805,Mouse,4109,87
839829,Mouse,4901,84
839937,Mouse,4394,78
839940,Mouse,3217,79
839946,Elephant,517486,1535
839995,Mouse,4423,76
839997,Mouse,3892,72
840002,Mouse,3355,68
840061,Mouse,4843,68
840066,Mouse,3131,64
840145,Mouse,4037,66
840204,Mouse,4251,67
840213,Elephant,261829,1045
840287,Mouse,3481,64
840338,Mouse,5725,67
840340,Mouse,4302,67
840410,Elephant,516654,1708
840413,Mouse,4121,71
840427,Mouse,5686,66
840637,Mouse,5110,65
840642,Mouse,5175,65
840661,Elephant,92425,425
840671,Mouse,4535,65
840741,Mouse,4109,67
840812,Mouse,5149,65
840830,Mouse,3264,64
840885,Mouse,4857,70
840898,Mouse,4370,65
840924,Mouse,4603,69
840978,Mouse,4658,71
841054,Mouse,4224,65
841074,Mouse,4626,69
841095,Mouse,5787,70
841157,Mouse,4680,71
841188,Mouse,4194,71
841265,Mouse,3224,75
841422,Mouse,3282,88
841428,Mouse,4381,91
841479,Mouse,3995,88
841530,Mouse,3172,70
841666,Elephant,370561,1084
841713,Mouse,5368,69
841799,Mouse,5403,73
841882,Elephant,572670,1378
841975,Mouse,4960,65
842009,Mouse,5659,67
842028,Mouse,3017,64
842092,Mouse,4006,68
842126,Mouse,4972,68
842178,Mouse,4004,72
842196,Mouse,3800,66
842234,Mouse,4541,71
842337,Mouse,5358,69
842359,Mouse,4980,74
842464,Mouse,3346,69
842556,Mouse,5822,84
842641,Mouse,5030,96
842650,Mouse,3994,99
842706,Elephant,392940,1046
842768,Mouse,4816,83
842829,Mouse,4857,66
842985,Elephant,567514,1464
843049,Mouse,5467,66
843075,Mouse,5109,68
843109,Mouse,4585,65
843144,Mouse,3838,64
843149,Mouse,5606,66
843157,Mouse,3414,64
843166,Mouse,5599,70
843484,Mouse,4079,64
843560,Mouse,3412,70
843576,Mouse,5243,72
843598,Mouse,3056,64
843651,Mouse,4466,68
843671,Mouse,4804,66
843736,Mouse,4494,65
843765,Mouse,3217,64
843771,Mouse,3369,67
843781,Mouse,4653,65
843834,Mouse,3527,68
843894,Mouse,4045,64
843968,Mouse,5060,67
843996,Mouse,5068,69
844023,Mouse,3740,70
844075,Mouse,5209,73
844120,Elephant,459538,1153
844154,Mouse,3176,64
844195,Mouse,5298,65
844272,Mouse,4149,70
844460,Mouse,3679,64
844678,Mouse,3174,65
844774,Mouse,5442,69
844775,Mouse,5297,69
844781,Mouse,4216,69
844800,Mouse,5372,73
844807,Mouse,5511,78
844886,Mouse,5512,67
844903,Mouse,5656,68
844919,Mouse,5306,69
844922,Elephant,332499,899
844951,Mouse,5042,70
844982,Mouse,5834,70
844983,Mouse,4997,69
845205,Mouse,3094,66
845238,Mouse,5605,66
845555,Mouse,4490,67
845574,Mouse,5490,66
845615,Mouse,4976,65
845731,Mouse,4243,66
845739,Mouse,5534,68
845840,Mouse,4024,67
845849,Mouse,3299,67
845970,Mouse,3152,66
845979,Mouse,3353,64
846092,Mouse,5542,73
846174,Mouse,3148,67
846205,Elephant,217180,717
846310,Mouse,5558,67
846321,Elephant,39151,250
846345,Mouse,5347,69
846347,Mouse,3239,68
846424,Mouse,5467,69
846434,Mouse,5271,74
846444,Mouse,3476,65
846513,Mouse,3281,65
846577,Mouse,3844,71
846655,Mouse,4152,70
846683,Mouse,4997,77
846730,Mouse,3551,82
846775,Mouse,5627,84
846812,Mouse,3714,71
846828,Mouse,3867,72
846855,Elephant,460338,1125
846944,Mouse,5172,66
847021,Mouse,5129,65
847032,Mouse,4744,66
847050,Mouse,3561,70
847097,Mouse,3862,71
847118,Mouse,3203,70
847119,Mouse,4145,72
847141,Mouse,3138,68
847188,Mouse,4177,74
847375,Mouse,4198,84
847409,Mouse,5106,95
847504,Elephant,285123,1087
847553,Mouse,3052,79
847734,Mouse,3838,65
847766,Mouse,4731,69
847781,Mouse,4594,74
847802,Mouse,5335,70
847826,Mouse,3142,74
847832,Mouse,4126,79
847918,Mouse,5343,67
847937,Mouse,3016,68
847955,Mouse,4061,73
848129,Elephant,513524,1384
848138,Elephant,543344,1632
848166,Mouse,3514,78
848202,Mouse,3165,65
848209,Mouse,4281,65
848229,Mouse,5628,66
848240,Mouse,5610,68
848278,Mouse,5433,68
848338,Mouse,4032,67
848340,Mouse,5515,68
848344,Mouse,4093,68
848360,Mouse,4666,65
848613,Mouse,4779,65
848629,Mouse,5344,69
848653,Mouse,5386,76
848688,Elephant,67189,372
848842,Mouse,5392,70
848870,Mouse,5623,68
848907,Elephant,351666,924
848926,Mouse,4906,65
848946,Mouse,4015,66
848949,Mouse,3525,65
848984,Mouse,4992,65
848993,Mouse,5015,67
849028,Mouse,3464,65
849041,Mouse,5322,65
849263,Mouse,4258,67
849359,Mouse,4616,69
849383,Mouse,4250,64
849416,Mouse,4553,69
849461,Mouse,3224,66
849479,Mouse,5329,65
849548,Mouse,3760,67
849636,Mouse,4331,66
849660,Mouse,5572,70
849663,Elephant,337730,899
849704,Mouse,5560,69
849738,Mouse,3358,64
849757,Mouse,5378,65
849803,Mouse,5732,67
849844,Mouse,4329,65
849849,Mouse,5521,67
849924,Mouse,3088,64
849970,Mouse,5568,66
850037,Mouse,5735,66
850182,Mouse,4455,65
850198,Mouse,5000,65
850204,Mouse,4386,65
850289,Mouse,3894,64
850361,Mouse,4976,65
850387,Mouse,5287,65
850438,Mouse,3814,67
850446,Mouse,3406,69
850453,Mouse,4810,65
850460,Mouse,3561,64
850497,Mouse,3391,65
850508,Mouse,3396,64
850722,Mouse,3147,64
850896,Mouse,5450,80
850964,Elephant,30812,203
850990,Mouse,4434,73
851054,Mouse,3856,68
851057,Mouse,3440,69
851064,Mouse,4376,72
851104,Mouse,4342,84
851165,Mouse,3814,90
851313,Mouse,3354,88
851330,Mouse,5182,93
851410,Elephant,383068,1123
851422,Mouse,3240,68
851478,Mouse,4692,74
851492,Mouse,3772,70
851493,Mouse,4415,70
851512,Mouse,3893,66
851576,Mouse,3662,64
851606,Mouse,3139,65
851609,Mouse,3777,68
851673,Mouse,5454,68
851675,Elephant,265779,1081
851776,Mouse,5262,68
851904,Mouse,5750,68
851909,Mouse,3853,64
851933,Mouse,5657,68
851941,Mouse,5708,67
851980,Mouse,4895,65
852000,Mouse,5496,66
852122,Mouse,4795,66
852200,Mouse,3232,65
852243,Mouse,3739,66
852249,Mouse,3704,64
852256,Mouse,4577,65
852316,Mouse,4480,69
852434,Elephant,381097,1474
852448,Mouse,5018,65
852496,Mouse,3147,64
852559,Mouse,3780,66
852562,Mouse,5410,68
852593,Mouse,5046,67
852685,Mouse,3365,64
852751,Mouse,4433,65
852806,Mouse,3264,64
852857,Mouse,5278,65
852914,Mouse,4686,65
853001,Mouse,5424,65
853046,Mouse,4320,65
853098,Mouse,4031,65
853188,Mouse,3785,64
853196,Mouse,4574,65
853211,Mouse,3857,68
853233,Mouse,5473,69
853286,Mouse,4036,64
853338,Mouse,5538,68
853403,Mouse,5437,69
853459,Mouse,5615,70
853537,Mouse,4404,78
853542,Mouse,3379,79
853600,Elephant,87557,438
853607,Mouse,3971,77
853697,Mouse,5321,72
853736,Elephant,144109,578
853779,Mouse,5836,78
853784,Mouse,4198,72
853787,Mouse,4067,72
853830,Mouse,5109,70
853846,Mouse,3053,71
853948,Mouse,3468,69
854013,Mouse,5736,82
854018,Elephant,274580,916
854060,Mouse,3017,74
854120,Mouse,3958,66
854191,Mouse,4114,75
854274,Mouse,5107,73
854361,Mouse,4114,68
854381,Mouse,3809,68
854396,Mouse,5051,70
854406,Mouse,3567,73
854440,Mouse,5519,70
854469,Mouse,4048,65
854511,Mouse,5017,70
854595,Mouse,5332,71
854773,Mouse,5759,74
854785,Elephant,521391,1386
854860,Mouse,4481,68
855248,Mouse,4744,71
855291,Mouse,5236,72
855316,Mouse,5761,75
855333,Elephant,581631,201927
855363,Mouse,3648,72
855472,Mouse,5303,69
855542,Mouse,5255,65
855643,Mouse,4059,65
855709,Mouse,3844,64
855749,Mouse,3268,64
855838,Mouse,4399,69
855873,Mouse,5594,70
855903,Mouse,4305,65
855967,Mouse,3941,68
855987,Mouse,4046,67
855990,Mouse,3350,69
856001,Mouse,4343,70
856068,Mouse,4023,64
856075,Mouse,3703,65
856128,Mouse,5525,70
856176,Mouse,5569,73
856195,Mouse,4949,78
856213,Mouse,5682,82
856223,Mouse,4793,75
856226,Mouse,3267,76
856325,Mouse,4545,67
856338,Mouse,3968,74
856352,Elephant,555641,1216
856438,Mouse,4995,65
856567,Mouse,3900,67
856654,Mouse,5561,70
856676,Mouse,4886,66
856700,Mouse,4988,70
856703,Elephant,214650,717
856721,Mouse,4863,67
856743,Mouse,4282,67
856774,Mouse,4732,65
856845,Mouse,4655,65
856882,Mouse,4015,64
857093,Mouse,3988,64
857141,Mouse,5703,66
857160,Mouse,4842,65
857333,Mouse,5428,65
857337,Mouse,3921,64
857384,Mouse,3962,64
857471,Mouse,5408,67
857473,Mouse,4279,66
857480,Mouse,4355,65
857546,Mouse,5659,66
857611,Mouse,5119,65
857646,Mouse,3055,64
857813,Mouse,3980,64
857858,Mouse,5070,66
857933,Mouse,4609,65
858032,Mouse,3578,66
858081,Mouse,5425,72
858103,Mouse,3507,68
858130,Elephant,83111,414
858246,Mouse,4684,69
858332,Mouse,4852,68
858343,Mouse,4670,70
858359,Mouse,4970,79
858457,Mouse,4384,80
858513,Mouse,3893,72
858538,Mouse,5306,75
858564,Mouse,3726,73
858758,Mouse,5567,89
858841,Mouse,4075,92
858887,Mouse,4122,83
858998,Mouse,4999,83
859051,Mouse,3035,76
859214,Mouse,5042,92
859262,Mouse,3103,99
859312,Mouse,4220,103
859324,Mouse,3279,100
859350,Elephant,300203,1288
859368,Mouse,3697,91
859383,Elephant,525872,1548
859453,Mouse,3503,67
859477,Mouse,5678,72
859635,Mouse,4650,66
859742,Mouse,4827,71
859771,Elephant,497930,1871
859908,Mouse,5534,67
859960,Mouse,5070,78
860014,Mouse,4812,75
860071,Mouse,4611,76
860076,Mouse,3985,78
860102,Elephant,272172,1256
860115,Mouse,3667,79
860147,Mouse,4879,82
860149,Mouse,4072,80
860167,Mouse,3584,80
860204,Mouse,3753,70
860215,Mouse,5226,72
860274,Mouse,3154,71
860280,Mouse,3676,66
860354,Elephant,358212,994
860378,Mouse,4745,67
860388,Mouse,4704,65
860413,Mouse,5213,69
860426,Mouse,5663,66
860475,Mouse,4571,65
860515,Mouse,5013,65
860528,Elephant,189718,846
860542,Mouse,3363,68
860546,Mouse,5514,72
860548,Mouse,5412,72
860645,Elephant,64470,338
860648,Mouse,4301,67
860888,Mouse,4946,65
861031,Mouse,3920,64
861142,Mouse,5236,65
861161,Mouse,4215,64
861246,Mouse,5435,66
861318,Mouse,4639,65
861328,Mouse,3992,64
861347,Mouse,5642,66
861366,Mouse,5331,65
861471,Mouse,4949,65
861521,Mouse,3467,64
861524,Mouse,3601,65
861559,Mouse,4230,64
861643,Mouse,4339,65
861681,Mouse,4307,65
861723,Mouse,5769,66
861772,Mouse,5547,66
861831,Mouse,3269,64
861862,Mouse,3727,66
861890,Mouse,3039,64
861926,Mouse,3312,64
861970,Mouse,4978,65
861994,Mouse,3385,64
862084,Mouse,4395,65
862103,Mouse,5454,66
862168,Mouse,4451,65
862238,Mouse,4945,65
862247,Mouse,5564,69
862266,Mouse,4564,65
862273,Mouse,4574,65
862307,Mouse,5094,65
862423,Mouse,5333,68
862510,Mouse,4515,65
862538,Mouse,5136,67
862542,Mouse,4305,67
862558,Mouse,4574,68
862595,Mouse,4247,68
862635,Mouse,3923,68
862709,Mouse,4456,68
862755,Mouse,3000,71
862768,Mouse,5216,76
862810,Mouse,4526,89
862828,Mouse,3711,86
862879,Mouse,4815,93
862886,Elephant,452000,1093
862917,Mouse,5272,80
862945,Mouse,4663,65
863062,Mouse,3431,69
863078,Mouse,4901,79
863168,Mouse,3003,70
863222,Mouse,4231,64
863257,Mouse,5000,66
863336,Mouse,4034,73
863389,Mouse,4644,78
863401,Mouse,5757,80
863491,Mouse,3134,87
863510,Mouse,4491,82
863511,Elephant,341338,1219
863578,Mouse,5258,68
863699,Mouse,5414,72
863799,Mouse,4687,69
863847,Mouse,4718,81
863990,Mouse,5281,99
864048,Mouse,5806,97
864066,Mouse,3036,84
864073,Mouse,4740,84
864108,Mouse,5319,72
864133,Mouse,5119,79
864141,Mouse,3812,82
864161,Elephant,271173,1168
864329,Mouse,5127,76
864416,Mouse,3430,84
864434,Mouse,4619,83
864472,Mouse,3882,80
864472,Elephant,548446,1806
864514,Mouse,5204,79
864523,Mouse,5402,78
864530,Mouse,3225,79
864532,Mouse,3712,78
864550,Mouse,5282,82
864564,Mouse,3088,68
864622,Elephant,300679,1283
864652,Mouse,3272,70
864783,Mouse,5165,70
864820,Mouse,4709,69
864876,Mouse,4047,69
864927,Elephant,213866,733
864935,Mouse,5614,68
865022,Mouse,3278,64
865044,Mouse,3357,64
865172,Mouse,5710,69
865229,Mouse,3105,65
865272,Mouse,4068,66
865366,Mouse,3451,67
865403,Mouse,5415,69
865415,Mouse,3787,71
865467,Mouse,4492,70
865475,Mouse,3369,71
865485,Mouse,4413,77
865513,Mouse,5133,72
865546,Mouse,5306,77
865560,Mouse,5130,80
865627,Elephant,153881,593
865808,Mouse,5256,74
865815,Mouse,4566,77
865895,Mouse,4121,70
865948,Mouse,3435,71
865988,Mouse,3708,67
866023,Elephant,299163,964
866089,Mouse,3893,68
866101,Mouse,3381,73
866146,Mouse,3524,77
866214,Mouse,5486,80
866216,Mouse,3762,75
866237,Mouse,5249,68
866242,Mouse,4429,71
866352,Elephant,444533,201893
866362,Mouse,4226,64
866365,Mouse,3290,65
866438,Mouse,5607,66
866503,Mouse,3039,64
866555,Mouse,4765,65
866674,Mouse,3747,64
866819,Mouse,3695,64
866884,Mouse,5291,68
866886,Mouse,5222,68
866973,Mouse,4745,65
866988,Mouse,3307,64
867129,Mouse,5408,70
867143,Mouse,5671,72
867234,Elephant,33817,233
867268,Mouse,5483,76
867346,Mouse,5083,73
867388,Mouse,4507,81
867548,Mouse,5628,80
867576,Mouse,4963,69
867589,Elephant,50251,408
867835,Mouse,4437,71
867916,Mouse,4282,72
867931,Mouse,4702,80
867991,Mouse,4162,91
868013,Mouse,3571,96
868022,Elephant,331817,1137
868107,Mouse,4850,69
868138,Mouse,4022,66
868180,Mouse,3664,70
868254,Mouse,5790,76
868282,Mouse,4696,76
868370,Mouse,4518,78
868381,Mouse,3742,80
868387,Mouse,4187,81
868397,Mouse,4221,85
868543,Mouse,3672,74
868737,Mouse,3215,85
868814,Mouse,5598,94
868860,Mouse,3805,83
868896,Elephant,577006,1968
868979,Mouse,3015,67
868995,Mouse,4162,69
869123,Mouse,4916,73
869175,Mouse,4435,82
869219,Mouse,4147,93
869229,Elephant,447060,202092
869259,Mouse,4673,90
869276,Mouse,5341,72
869338,Elephant,543800,2134
869350,Mouse,5336,66
869367,Mouse,5808,68
869379,Mouse,3634,68
869387,Mouse,3118,70
869393,Mouse,3603,65
869452,Mouse,4917,67
869714,Elephant,192122,700
869755,Mouse,4135,69
869852,Mouse,5181,69
869970,Mouse,5136,69
870003,Mouse,5012,69
870105,Mouse,4787,70
870181,Mouse,4201,71
870205,Mouse,4137,71
870243,Elephant,438090,1317
870274,Mouse,5806,66
870363,Mouse,3030,64
870432,Mouse,3233,67
870442,Elephant,365874,1104
870449,Mouse,4607,65
870486,Mouse,5403,69
870505,Mouse,3551,66
870539,Mouse,5451,66
870552,Mouse,3051,68
870592,Mouse,5143,70
870609,Mouse,3711,64
870648,Mouse,4898,65
870687,Mouse,4433,69
870695,Mouse,5665,69
870764,Elephant,135059,542
870779,Mouse,4304,65
870821,Mouse,3407,64
870840,Mouse,3376,64
870885,Mouse,3531,64
870976,Mouse,3987,64
871090,Mouse,5589,66
871115,Mouse,3029,64
871280,Mouse,4874,65
871344,Mouse,4097,66
871440,Mouse,4682,65
871472,Mouse,4469,66
871491,Mouse,3145,64
871721,Mouse,4217,64
871744,Mouse,4363,67
871879,Mouse,5422,66
871883,Mouse,4069,65
872045,Mouse,3758,67
872061,Mouse,3118,70
872062,Mouse,3059,70
872358,Mouse,5253,71
872362,Mouse,3867,72
872379,Mouse,4339,76
872461,Elephant,39367,246
872473,Elephant,573159,1193
872486,Mouse,4393,66
872632,Mouse,4429,65
872641,Mouse,5829,66
872650,Mouse,4769,65
872700,Mouse,3722,64
872746,Mouse,5461,66
872859,Mouse,5058,65
872878,Mouse,3715,64
872898,Mouse,4382,66
872938,Mouse,3495,68
872966,Mouse,4140,64
873084,Mouse,4826,65
873124,Mouse,5213,65
873163,Mouse,4819,69
873169,Mouse,3598,68
873231,Mouse,4482,65
873257,Mouse,5136,69
873304,Mouse,3551,70
873322,Mouse,4708,68
873375,Mouse,4724,69
873387,Mouse,3698,68
873466,Mouse,3134,67
873606,Mouse,3229,80
873606,Mouse,4820,81
873612,Elephant,338162,914
873620,Mouse,3361,78
873688,Mouse,3295,64
873690,Mouse,3319,64
873735,Mouse,3256,64
873739,Mouse,5121,66
873889,Mouse,5512,71
873957,Mouse,5756,82
874160,Mouse,4400,94
874208,Mouse,5638,95
874229,Elephant,490875,1198
874234,Mouse,4274,89
874238,Mouse,5347,92
874272,Mouse,4148,88
874439,Mouse,3893,69
874445,Mouse,5703,73
874453,Mouse,5392,65
874558,Mouse,3916,71
874629,Mouse,3772,70
874724,Mouse,3731,71
874735,Mouse,3991,74
874758,Elephant,430880,1351
874815,Mouse,5247,69
874824,Mouse,3127,69
874907,Mouse,4540,74
874911,Mouse,5254,78
874921,Mouse,5416,82
874926,Elephant,264248,1126
874961,Mouse,5053,79
874979,Mouse,4053,74
874989,Mouse,3350,72
875035,Mouse,4584,72
875117,Mouse,3633,68
875154,Mouse,3817,67
875179,Mouse,3215,64
875288,Mouse,3860,68
875354,Mouse,4604,77
875364,Elephant,372790,1093
875364,Mouse,3467,67
875401,Mouse,3207,70
875430,Mouse,5201,67
875447,Mouse,5403,66
875461,Mouse,3648,65
875489,Mouse,4758,65
875501,Elephant,51190,288
875523,Mouse,4574,66
875585,Mouse,4260,65
875610,Mouse,3928,68
875624,Mouse,5008,65
875660,Mouse,5036,71
875809,Mouse,4673,66
875812,Mouse,5492,67
875872,Mouse,4411,68
876038,Mouse,5278,69
876053,Mouse,5425,70
876159,Mouse,3947,70
876313,Mouse,5348,98
876399,Mouse,3092,93
876438,Mouse,4225,79
876486,Mouse,4056,75
876494,Elephant,511684,1261
876648,Mouse,5194,65
876654,Mouse,4907,65
876682,Mouse,4060,68
876718,Mouse,4963,74
876774,Mouse,5532,80
876826,Mouse,4791,72
876899,Mouse,3515,77
877009,Mouse,4041,87
877134,Mouse,3909,89
877299,Elephant,494300,1651
877313,Mouse,5707,73
877337,Mouse,3665,70
877349,Mouse,4647,77
877349,Mouse,4770,78
877392,Mouse,5266,81
877430,Mouse,5283,74
877454,Mouse,3986,70
877541,Mouse,5152,82
877559,Mouse,5588,86
877598,Mouse,4918,90
877634,Elephant,55655,365
877702,Elephant,152832,819
877731,Mouse,3593,67
877854,Elephant,436329,1466
877871,Mouse,5530,77
877909,Mouse,3608,69
877920,Mouse,5214,65
877933,Mouse,4661,66
877952,Mouse,4730,67
877980,Mouse,4449,71
877990,Mouse,3602,67
878045,Mouse,4986,66
878155,Mouse,4061,67
878178,Mouse,5593,73
878250,Mouse,4110,67
878463,Mouse,3372,75
878474,Mouse,4671,73
878581,Mouse,3949,74
878642,Elephant,42399,309
878650,Elephant,324893,911
878663,Mouse,3596,76
878765,Mouse,4867,66
878844,Mouse,3926,64
878867,Mouse,4549,65
878886,Mouse,4336,68
878887,Mouse,3201,68
879087,Mouse,3240,64
879139,Mouse,3580,68
879161,Mouse,3464,68
879255,Mouse,3549,77
879447,Mouse,4110,73
879484,Mouse,4449,80
879636,Mouse,5308,79
879669,Mouse,4786,86
879714,Mouse,3345,92
879740,Elephant,365366,1295
879844,Mouse,4817,67
879901,Mouse,4018,67
879926,Mouse,3236,67
879963,Mouse,3792,70
880119,Mouse,3096,71
880186,Mouse,4959,81
880231,Elephant,322386,1360
880260,Mouse,3160,87
880269,Mouse,3418,88
880309,Mouse,3355,77
880312,Elephant,270613,1157
880404,Mouse,3566,64
880414,Elephant,444026,1496
880457,Mouse,4664,68
880504,Mouse,3368,64
880525,Mouse,3393,65
880621,Mouse,4307,65
880640,Mouse,5035,66
880699,Mouse,3266,65
880708,Mouse,5147,68
880716,Mouse,3218,64
880757,Mouse,3309,64
880985,Mouse,5442,66
881013,Mouse,3064,67
881040,Mouse,4636,65
881161,Mouse,5422,65
881183,Mouse,3914,67
881196,Mouse,3796,68
881253,Mouse,5758,66
881292,Mouse,4962,65
881337,Mouse,5108,70
881342,Mouse,4770,65
881438,Mouse,5570,69
881464,Mouse,5154,66
881541,Mouse,3440,70
881551,Elephant,477141,601746
881610,Mouse,5231,65
881626,Mouse,5747,69
881656,Mouse,5600,67
881665,Mouse,5588,68
881669,Mouse,3138,70
881808,Mouse,3220,65
881840,Mouse,4339,68
881848,Mouse,5698,74
881884,Mouse,3897,69
882049,Mouse,3116,65
882051,Elephant,151645,583
882282,Mouse,4760,65
882320,Mouse,3034,64
882432,Mouse,5524,66
882477,Mouse,3673,65
882671,Mouse,3486,68
882841,Mouse,4488,67
882858,Mouse,5172,67
882862,Mouse,5301,67
882962,Mouse,4339,66
882996,Mouse,4178,64
883034,Mouse,4101,69
883100,Mouse,4965,70
883175,Mouse,4723,79
883176,Mouse,3705,74
883200,Mouse,5583,79
883331,Mouse,3691,70
883342,Mouse,5104,72
883367,Elephant,591331,1248
883416,Mouse,5315,65
883438,Mouse,4785,68
883486,Mouse,4177,66
883494,Mouse,4289,69
883508,Mouse,5584,66
883566,Mouse,5030,68
883592,Mouse,3851,64
883605,Mouse,4967,67
883612,Mouse,5074,71
883619,Mouse,4120,69
883690,Mouse,3019,67
883842,Mouse,3503,64
883870,Mouse,5520,73
883882,Mouse,3315,73
883931,Mouse,4238,77
884015,Mouse,3324,66
884030,Mouse,4807,68
884056,Mouse,4708,72
884110,Mouse,3888,69
884164,Elephant,565357,1349
884219,Mouse,5550,70
884226,Elephant,93589,435
884236,Mouse,5019,65
884240,Mouse,4595,65
884280,Mouse,4170,65
884296,Mouse,4512,65
884371,Mouse,5522,66
884412,Mouse,3332,65
884423,Mouse,4614,65
884462,Mouse,5638,66
884504,Mouse,5146,65
884586,Mouse,5680,66
884634,Mouse,3686,64
884698,Mouse,3382,64
884713,Mouse,4873,65
884765,Mouse,4720,65
884813,Mouse,3584,64
884817,Mouse,4118,65
884900,Mouse,4163,64
884980,Mouse,4581,65
884996,Mouse,5524,66
885106,Mouse,4040,64
885131,Mouse,5288,65
885139,Mouse,5428,65
885253,Mouse,4005,64
885407,Mouse,5566,66
885420,Mouse,4891,65
885452,Mouse,3254,64
885505,Mouse,5386,65
885572,Mouse,3958,64
885613,Mouse,3638,64
885617,Mouse,3678,64
885637,Mouse,4862,68
885669,Mouse,3638,64
885801,Mouse,4088,64
885871,Mouse,5126,70
885953,Mouse,3526,66
886088,Mouse,3048,69
886103,Mouse,4999,66
886106,Mouse,4636,66
886162,Elephant,164433,592
886507,Mouse,4447,65
886709,Mouse,5685,70
886759,Mouse,3736,72
886862,Elephant,572817,1192
886894,Mouse,4101,64
886959,Mouse,4370,65
887034,Mouse,5313,65
887045,Mouse,5098,65
887085,Mouse,4373,65
887099,Mouse,4759,65
887154,Mouse,4462,65
887173,Mouse,3312,64
887208,Mouse,5255,65
887399,Mouse,3674,64
887541,Mouse,3892,64
887560,Mouse,3109,65
887562,Mouse,4703,67
887672,Mouse,4302,66
887675,Mouse,5743,67
887680,Mouse,5738,66
887687,Mouse,3758,64
887782,Mouse,3623,64
887799,Mouse,5309,65
887863,Mouse,3679,64
887983,Mouse,5789,66
888036,Mouse,3093,64
888158,Mouse,3864,64
888253,Mouse,3521,67
888307,Mouse,4089,64
888326,Mouse,5391,70
888529,Mouse,4956,76
888547,Mouse,5160,84
888565,Mouse,5520,86
888669,Elephant,197379,711
888674,Mouse,5819,82
888716,Mouse,4162,74
888718,Mouse,5073,74
888747,Elephant,158044,773
888791,Mouse,3251,65
888799,Mouse,4062,64
888863,Mouse,3601,69
888867,Elephant,155036,733
888893,Mouse,4406,65
888906,Mouse,3798,69
888992,Mouse,5031,65
889035,Mouse,3066,67
889127,Mouse,5322,69
889132,Mouse,5694,67
889135,Mouse,3382,65
889173,Mouse,3931,68
889221,Mouse,4573,67
889229,Mouse,5713,66
889250,Elephant,185167,894
889314,Mouse,5267,68
889377,Mouse,4309,65
889471,Mouse,4349,69
889477,Mouse,5712,73
889532,Mouse,4282,68
889582,Mouse,4350,65
889619,Mouse,5460,70
889693,Mouse,5305,65
889773,Mouse,5611,71
889872,Mouse,4904,69
889873,Mouse,3611,73
889939,Mouse,3167,72
889959,Mouse,3987,67
890053,Elephant,360102,953
890088,Mouse,4722,65
890193,Mouse,4217,64
890253,Mouse,3287,67
890275,Mouse,3197,66
890378,Mouse,3463,66
890442,Mouse,4461,69
890486,Mouse,3544,70
890516,Mouse,4965,69
890581,Mouse,5386,75
890581,Mouse,3877,73
890636,Mouse,3467,78
890643,Mouse,4138,77
890717,Mouse,4390,69
890730,Mouse,5276,73
890741,Mouse,5554,73
890760,Mouse,3688,70
890795,Mouse,5717,80
890810,Mouse,3887,81
890820,Elephant,383448,1162
890854,Mouse,3685,77
890864,Mouse,3508,69
890941,Mouse,3334,67
891003,Mouse,5090,69
891203,Mouse,5717,84
891374,Elephant,42348,302
891447,Mouse,5571,80
891457,Mouse,3810,81
891472,Mouse,4690,74
891520,Mouse,5445,80
891533,Mouse,5383,77
891597,Mouse,3720,73
891709,Elephant,510387,1551
891714,Mouse,4859,79
891718,Mouse,4747,77
891736,Mouse,3807,70
891777,Mouse,5007,73
891864,Mouse,3272,71
891882,Mouse,4092,72
891888,Mouse,3441,78
891928,Mouse,4013,84
891959,Mouse,4848,89
891969,Mouse,4158,85
891977,Mouse,3611,84
892045,Elephant,210016,1099
892047,Elephant,552645,1956
892149,Mouse,4966,65
892169,Mouse,5792,71
892177,Mouse,5026,67
892181,Mouse,5320,67
892253,Mouse,5068,65
892306,Mouse,4368,70
892332,Mouse,3246,65
892358,Mouse,5060,73
892364,Mouse,3029,64
892435,Mouse,3468,65
892449,Mouse,5209,70
892524,Mouse,5412,67
892537,Mouse,4124,67
892543,Mouse,4407,65
892610,Mouse,4311,65
892751,Mouse,5730,73
892876,Elephant,548910,1495
893007,Mouse,5359,65
893115,Mouse,5273,69
893132,Mouse,4018,67
893132,Mouse,3164,66
893187,Mouse,4074,64
893207,Mouse,5726,68
893253,Mouse,4252,73
893328,Mouse,3454,64
893335,Mouse,5137,69
893398,Mouse,4697,68
893505,Mouse,5711,70
893511,Mouse,3687,67
893515,Elephant,371446,945
893592,Mouse,5724,66
893598,Mouse,4006,64
893651,Mouse,4592,65
893702,Mouse,4044,64
893771,Mouse,4339,65
893804,Mouse,5026,68
893805,Mouse,3969,67
893866,Mouse,3947,64
893937,Mouse,5519,66
893954,Mouse,3254,64
894068,Mouse,3035,64
894152,Mouse,3605,66
894153,Mouse,5770,69
894172,Mouse,3438,64
894233,Mouse,5359,65
894283,Mouse,5505,66
894304,Mouse,3449,64
894338,Mouse,5532,66
894352,Mouse,3414,64
894367,Mouse,5062,65
894399,Mouse,5475,66
894418,Mouse,4440,65
894471,Mouse,5085,65
894498,Mouse,4443,65
894533,Mouse,4515,65
894613,Mouse,3040,64
894618,Mouse,4467,65
894633,Mouse,3585,64
894688,Mouse,5418,66
894692,Mouse,4509,66
894709,Mouse,4399,65
894745,Mouse,3508,64
894755,Mouse,5499,66
894799,Mouse,5652,66
894810,Mouse,5377,65
894822,Mouse,4678,65
894831,Mouse,3864,65
894834,Mouse,5175,67
894904,Mouse,5403,65
895136,Mouse,3290,64
895181,Mouse,4492,65
895204,Mouse,3470,64
895212,Mouse,5198,70
895289,Mouse,3019,64
895392,Mouse,4873,65
895397,Mouse,3817,64
895404,Mouse,4546,65
895524,Mouse,5532,66
895622,Mouse,3908,64
895669,Mouse,4034,64
895724,Mouse,5782,70
895736,Mouse,5610,73
895824,Mouse,3756,66
895975,Mouse,4704,68
896007,Mouse,3578,76
896049,Mouse,5234,80
896069,Mouse,4273,82
896140,Mouse,3359,72
896235,Elephant,514959,1178
896277,Mouse,4507,74
896328,Mouse,5446,75
896345,Mouse,5413,70
896377,Mouse,3428,75
896422,Mouse,3643,76
896425,Mouse,5768,79
896460,Mouse,3673,84
896483,Mouse,4120,91
896608,Mouse,4757,70
896721,Elephant,64551,471
896783,Mouse,3231,77
896829,Mouse,4238,81
896852,Mouse,3589,87
896880,Elephant,566964,1441
896903,Elephant,255964,201486
896932,Mouse,5576,82
896935,Mouse,3562,78
896960,Mouse,3193,65
897010,Mouse,5411,65
897034,Mouse,3171,66
897121,Mouse,3401,67
897158,Elephant,408867,201896
897181,Mouse,3023,65
897184,Mouse,4099,66
897194,Mouse,4431,65
897264,Mouse,5646,70
897317,Mouse,3527,64
897390,Mouse,5671,68
897407,Mouse,3001,63
897471,Elephant,206843,201275
897492,Mouse,4207,64
897496,Mouse,4590,65
897501,Mouse,4090,67
897531,Mouse,4772,65
897590,Elephant,145155,201030
897669,Mouse,4064,64
897780,Mouse,3794,64
897794,Mouse,3239,64
897803,Mouse,4184,64
897890,Mouse,3188,64
897935,Mouse,5701,67
897999,Mouse,3522,64
898054,Mouse,5495,71
898150,Mouse,3898,64
898173,Mouse,5219,67
898252,Mouse,5613,68
898263,Elephant,114779,496
898388,Mouse,3321,64
898477,Mouse,4068,64
898558,Mouse,5634,66
898635,Mouse,5068,70
898766,Mouse,5283,69
898825,Elephant,210770,688
898867,Mouse,3596,68
898884,Mouse,3333,64
898920,Mouse,5619,73
898996,Mouse,4418,66
899082,Mouse,5132,68
899088,Mouse,3325,67
899103,Mouse,3804,64
899313,Elephant,231252,736
899454,Mouse,3892,64
899499,Mouse,3899,67
899501,Mouse,3838,67
899514,Mouse,3952,64
899649,Mouse,4060,64
899688,Mouse,4442,65
899697,Mouse,5600,66
899736,Mouse,4900,65
899808,Mouse,3276,67
899815,Mouse,4878,65
899954,Mouse,4668,66
900043,Mouse,3952,65
900124,Mouse,4521,69
900166,Elephant,351729,917
900266,Mouse,5103,70
900318,Elephant,181688,646
900378,Mouse,4563,65
900501,Mouse,3361,64
900585,Mouse,5274,65
900609,Mouse,3881,64
900662,Mouse,4041,64
900682,Mouse,3295,67
900706,Mouse,4564,67
900708,Mouse,3465,67
900759,Mouse,3175,64
900826,Mouse,3368,64
900864,Elephant,56337,325
900890,Mouse,3051,64
900893,Elephant,96845,449
900908,Mouse,4075,68
900923,Mouse,4215,64
900931,Mouse,3824,64
900941,Mouse,5157,65
900956,Mouse,5811,66
901023,Mouse,5782,66
901049,Mouse,5460,66
901117,Mouse,3106,64
901179,Mouse,3188,64
901185,Mouse,5483,66
901236,Mouse,3056,64
901265,Mouse,3138,64
901387,Mouse,5542,66
901453,Mouse,5126,65
901542,Mouse,5326,65
901593,Mouse,3143,64
901599,Mouse,3729,64
901646,Mouse,5291,65
901727,Mouse,3582,64
901742,Mouse,3327,64
901750,Mouse,4355,65
901777,Mouse,5457,66
901862,Mouse,3192,64
901912,Mouse,5496,66
901959,Mouse,5445,66
901993,Mouse,3022,64
902066,Mouse,5562,70
902153,Mouse,4605,70
902207,Mouse,3756,69
902244,Mouse,5257,70
902274,Mouse,5128,79
902347,Mouse,3380,68
902504,Mouse,3152,93
902510,Mouse,4969,97
902757,Mouse,3853,75
902759,Elephant,402122,1191
902816,Mouse,4217,72
902837,Mouse,4368,76
902874,Mouse,3779,78
902881,Mouse,4992,84
902899,Mouse,4940,91
902933,Mouse,3813,83
902961,Mouse,5311,91
902985,Mouse,4705,81
903011,Mouse,5560,78
903034,Mouse,4534,80
903091,Mouse,5327,69
903236,Mouse,4345,73
903255,Mouse,4852,82
903271,Mouse,5706,87
903309,Mouse,4169,94
903333,Elephant,119345,702
903441,Mouse,4464,68
903460,Mouse,4963,71
903592,Mouse,4710,71
903635,Mouse,3324,75
903650,Mouse,3024,80
903682,Mouse,5636,87
903758,Elephant,277823,1186
903893,Mouse,3546,70
904064,Mouse,4372,86
904126,Mouse,4646,101
904132,Mouse,5830,106
904138,Mouse,4464,112
904144,Mouse,3985,112
904166,Mouse,3907,117
904306,Elephant,572095,2158
904323,Mouse,3878,78
904352,Mouse,3649,89
904432,Elephant,547246,2149
904491,Mouse,3429,74
904547,Mouse,4688,76
904578,Mouse,4893,73
904582,Mouse,3382,67
904637,Mouse,5743,69
904655,Mouse,5724,71
904830,Mouse,5261,95
904839,Mouse,3315,94
904930,Elephant,150366,201127
904948,Mouse,3580,99
904970,Mouse,3280,98
905046,Mouse,3601,75
905048,Mouse,5767,80
905063,Mouse,5380,82
905074,Mouse,3103,81
905154,Mouse,3019,70
905197,Mouse,3336,68
905249,Mouse,3659,70
905268,Mouse,4710,74
905411,Mouse,3942,75
905434,Mouse,5750,86
905562,Mouse,5690,92
905601,Mouse,5098,99
905693,Mouse,4627,89
905774,Mouse,5304,75
905797,Elephant,227794,1298
905855,Mouse,4160,66
905869,Mouse,5001,70
905885,Mouse,3276,71
905898,Mouse,4870,74
905906,Mouse,3371,75
906014,Mouse,4707,70
906047,Mouse,4868,70
906239,Mouse,4210,69
906251,Mouse,4916,74
906376,Mouse,3160,72
906420,Mouse,5460,78
906423,Mouse,5200,80
906499,Elephant,215147,401552
906505,Mouse,5526,68
906578,Mouse,3249,65
906679,Mouse,4847,65
906718,Mouse,3192,64
906737,Mouse,3271,67
906801,Mouse,4986,71
906822,Mouse,5430,69
906853,Mouse,5217,65
906972,Mouse,5049,68
906983,Mouse,5108,65
907049,Mouse,4967,69
907196,Mouse,3364,64
907249,Mouse,5433,67
907289,Mouse,3690,66
907364,Mouse,3557,67
907366,Mouse,3124,70
907414,Mouse,5245,67
907461,Mouse,5026,67
907496,Mouse,4589,65
907522,Mouse,3863,65
907549,Mouse,4898,70
907584,Mouse,5253,67
907604,Mouse,3563,64
907690,Mouse,5533,67
907693,Mouse,5492,67
907896,Mouse,5287,74
907922,Mouse,5237,78
907948,Elephant,228580,741
907956,Mouse,5784,78
907999,Mouse,3019,67
908007,Mouse,5467,75
908016,Mouse,3678,65
908088,Mouse,3591,66
908167,Mouse,3082,68
908175,Mouse,5729,73
908201,Mouse,3200,78
908227,Mouse,5139,79
908253,Mouse,4796,85
908268,Mouse,5685,82
908269,Mouse,5760,84
908295,Elephant,30940,226
908326,Mouse,3592,78
908435,Mouse,3111,64
908454,Mouse,5139,70
908456,Elephant,127837,777
908476,Mouse,5476,70
908484,Mouse,3801,70
908541,Mouse,4479,65
908607,Mouse,5830,72
908629,Elephant,374502,1152
908684,Mouse,3404,64
908729,Mouse,5104,66
908873,Mouse,3733,64
908893,Mouse,4611,66
908902,Mouse,5496,66
908909,Mouse,4130,64
908938,Mouse,3891,69
908977,Mouse,4976,69
908986,Mouse,5572,73
908989,Mouse,5415,74
908992,Mouse,4498,71
909038,Mouse,5390,71
909051,Mouse,3700,67
909070,Mouse,3915,65
909072,Mouse,3479,66
909095,Mouse,4328,69
909140,Mouse,4581,71
909149,Mouse,3831,71
909190,Elephant,177630,635
909232,Mouse,5144,67
909249,Mouse,4442,65
909276,Mouse,4978,66
909320,Mouse,4672,65
909401,Mouse,3751,65
909403,Mouse,3660,66
909478,Mouse,5549,69
909599,Mouse,4065,64
909614,Mouse,3161,67
909672,Mouse,4666,68
909710,Mouse,4426,69
909744,Mouse,4626,65
909783,Mouse,4635,66
909897,Mouse,4477,65
909991,Elephant,389116,967
909996,Mouse,4307,65
910001,Mouse,3485,65
910050,Mouse,3403,64
910078,Mouse,3437,66
910080,Mouse,4653,68
910083,Mouse,3280,68
910121,Mouse,3368,66
910152,Mouse,3068,65
910159,Mouse,5045,65
910175,Mouse,3660,64
910226,Mouse,3784,64
910275,Mouse,5159,68
910283,Mouse,3067,64
910371,Mouse,5150,71
910391,Mouse,4316,67
910398,Mouse,5257,70
910407,Mouse,3459,72
910523,Mouse,5522,69
910558,Mouse,4749,65
910665,Mouse,3659,68
910678,Mouse,5466,71
910728,Mouse,3158,74
910848,Elephant,117479,523
910955,Mouse,3819,70
911025,Mouse,3255,77
911151,Mouse,5224,85
911177,Elephant,468377,1138
911212,Mouse,4352,80
911216,Mouse,3088,81
911275,Mouse,5324,69
911287,Mouse,4733,65
911326,Mouse,4714,67
911406,Mouse,5303,69
911407,Elephant,439310,1116
911411,Mouse,4122,67
911440,Mouse,4344,66
911442,Mouse,3416,67
911477,Mouse,4777,65
911497,Mouse,4502,65
911583,Mouse,5067,65
911984,Mouse,4838,65
912008,Mouse,5143,65
912031,Mouse,3599,64
912093,Mouse,5663,66
912222,Mouse,5408,65
912353,Mouse,3294,64
912566,Mouse,4752,66
912604,Mouse,4131,67
912711,Mouse,3477,67
912823,Mouse,5649,70
912876,Mouse,3261,78
912883,Mouse,3476,82
912933,Mouse,3755,82
912939,Elephant,327288,925
913052,Mouse,5076,69
913067,Mouse,4579,69
913395,Mouse,4991,89
913421,Mouse,4081,79
913434,Mouse,4356,83
913463,Mouse,4878,86
913507,Mouse,4132,84
913579,Elephant,289287,1074
913591,Mouse,5306,70
913599,Mouse,3577,75
913615,Mouse,5542,83
913634,Mouse,5205,85
913685,Mouse,5202,71
913745,Mouse,5676,66
913797,Mouse,3467,67
913882,Mouse,5606,87
913962,Elephant,405220,1391
913978,Mouse,4124,80
914120,Mouse,5136,71
914270,Mouse,3842,84
914302,Mouse,3647,84
914335,Mouse,3748,89
914533,Mouse,5033,93
914597,Mouse,5658,90
914625,Elephant,287568,1544
914840,Elephant,272596,1769
914955,Elephant,480824,2344
915035,Mouse,3074,64
915097,Elephant,345071,1398
915132,Mouse,4470,77
915171,Elephant,172098,878
915199,Mouse,3949,72
915208,Mouse,5465,79
915229,Mouse,4227,74
915392,Mouse,4716,77
915398,Mouse,5500,81
915421,Mouse,3475,75
915440,Mouse,5794,84
915458,Mouse,3878,90
915499,Mouse,3016,92
915541,Mouse,3293,78
915612,Mouse,5595,75
915664,Mouse,3778,73
915829,Mouse,3285,76
915879,Mouse,4096,88
915939,Mouse,5079,94
915978,Mouse,4970,86
916055,Elephant,429793,1334
916079,Elephant,234686,1041
916088,Mouse,3532,69
916110,Elephant,269112,1120
916130,Elephant,68953,457
916220,Mouse,4450,66
916350,Mouse,3437,68
916355,Mouse,5637,72
916442,Mouse,3026,75
916575,Elephant,128074,516
916616,Mouse,5194,66
916631,Mouse,4944,65
916659,Mouse,4168,65
916677,Mouse,5381,66
916692,Mouse,4465,68
916835,Mouse,5737,67
916840,Mouse,5718,66
916879,Mouse,4471,67
916915,Mouse,3493,65
916940,Mouse,4044,69
916955,Mouse,3065,72
916958,Mouse,5505,75
917018,Mouse,4161,76
917074,Mouse,3491,71
917117,Mouse,4343,70
917128,Mouse,3563,75
917144,Mouse,4917,71
917233,Mouse,5442,80
917302,Mouse,3645,68
917446,Elephant,536168,1174
917561,Elephant,193536,825
917573,Mouse,4415,66
917594,Mouse,4628,65
917721,Mouse,3528,64
917824,Mouse,3437,64
917862,Mouse,5740,66
917867,Mouse,4102,66
917938,Mouse,5034,70
918069,Mouse,4282,66
918075,Mouse,4211,67
918118,Mouse,3197,67
918208,Mouse,5702,75
918260,Mouse,3313,66
918351,Mouse,4142,70
918394,Mouse,4213,71
918679,Elephant,333311,940
918690,Mouse,5394,83
918696,Mouse,5738,79
918733,Mouse,3080,72
918736,Mouse,3990,73
918740,Mouse,3072,70
918820,Mouse,4903,68
918867,Mouse,4269,69
918876,Mouse,5230,68
918955,Mouse,3116,71
918958,Mouse,4501,74
919041,Mouse,3461,68
919079,Mouse,4016,71
919127,Elephant,290123,1036
919152,Mouse,5837,79
919164,Mouse,4490,83
919186,Mouse,4023,70
919344,Mouse,5665,69
919422,Elephant,210421,987
919426,Mouse,3183,64
919440,Mouse,5087,69
919459,Mouse,5775,75
919462,Mouse,5720,78
919556,Mouse,4374,69
919601,Mouse,3703,70
919605,Mouse,4758,69
919618,Mouse,5676,69
919653,Elephant,515019,1424
919816,Mouse,5080,65
919822,Mouse,5652,66
919972,Mouse,5084,65
919994,Mouse,3742,64
920070,Mouse,4173,67
920456,Mouse,4126,79
920503,Mouse,4784,90
920549,Mouse,3793,97
920622,Mouse,3294,95
920630,Mouse,3035,98
920633,Mouse,4685,102
920660,Mouse,4915,85
920675,Mouse,4462,90
920744,Mouse,5012,80
920766,Mouse,3054,64
920776,Elephant,200420,828
921005,Mouse,5660,73
921012,Elephant,39642,246
921028,Mouse,3551,66
921068,Mouse,5576,70
921084,Mouse,4135,76
921102,Elephant,191187,1112
921192,Mouse,5378,70
921197,Mouse,5476,66
921211,Mouse,3539,68
921240,Mouse,5308,75
921250,Mouse,3390,67
921255,Mouse,5094,71
921347,Mouse,3184,67
921359,Mouse,4962,77
921431,Elephant,451644,1532
921486,Mouse,3958,64
921493,Mouse,5183,65
921537,Mouse,3388,67
921664,Mouse,4874,68
921709,Mouse,3965,68
921723,Mouse,3650,67
921724,Elephant,286739,930
921757,Mouse,3670,69
921758,Mouse,3787,69
921775,Mouse,3063,64
921805,Mouse,3009,64
921840,Mouse,4364,68
921916,Elephant,179244,635
921944,Mouse,4948,65
922019,Mouse,4991,65
922053,Mouse,3271,64
922247,Mouse,3716,65
922271,Mouse,4160,64
922361,Mouse,4907,65
922446,Mouse,3310,64
922475,Mouse,3893,64
922482,Mouse,5590,66
922588,Mouse,3562,65
922619,Mouse,4361,65
922622,Mouse,3387,65
922686,Mouse,4330,65
922720,Mouse,4410,68
922851,Mouse,3214,64
922865,Mouse,5797,66
922975,Elephant,74885,370
922990,Mouse,5727,66
923139,Mouse,5693,66
923171,Mouse,5203,65
923184,Mouse,5536,67
923202,Mouse,5375,67
923203,Mouse,3028,66
923222,Mouse,3216,64
923334,Mouse,4193,64
923364,Mouse,4152,64
923421,Mouse,4120,64
923529,Mouse,3383,66
923644,Mouse,3300,66
923792,Mouse,4105,64
923819,Mouse,3478,64
923875,Mouse,4814,65
923962,Mouse,5189,65
923994,Mouse,5008,67
924018,Mouse,3352,64
924034,Mouse,3357,67
924055,Mouse,4929,65
924116,Mouse,4291,67
924172,Elephant,190115,641
924223,Mouse,4722,65
924231,Mouse,5580,66
924325,Mouse,3847,64
924331,Mouse,5028,65
924380,Mouse,4497,65
924519,Mouse,5766,66
924570,Mouse,3554,64
924607,Mouse,4986,65
924733,Mouse,3844,68
924760,Mouse,5329,65
924791,Mouse,5393,65
924805,Mouse,3711,64
924832,Mouse,5094,65
924917,Mouse,3508,64
924956,Mouse,3151,66
924985,Mouse,4391,67
925065,Mouse,5292,69
925096,Mouse,4827,71
925097,Mouse,5305,73
925151,Mouse,5265,66
925163,Mouse,4995,72
925209,Mouse,5763,75
925243,Mouse,4516,83
925272,Mouse,5643,91
925354,Mouse,4910,100
925366,Mouse,4343,101
925373,Mouse,4475,98
925404,Mouse,4396,114
925412,Mouse,5574,119
925508,Mouse,3618,91
925553,Mouse,4426,86
925559,Mouse,3361,85
925608,Mouse,5262,77
925639,Mouse,3839,72
925737,Mouse,4601,74
925777,Mouse,4447,73
925803,Mouse,3705,67
925812,Mouse,5113,72
925866,Mouse,4149,70
926030,Mouse,5194,74
926063,Mouse,3943,82
926102,Mouse,5101,89
926142,Elephant,562813,1695
926257,Mouse,5658,66
926279,Mouse,4024,64
926295,Elephant,295870,1428
926301,Mouse,4545,66
926316,Mouse,3883,69
926489,Mouse,4125,69
926546,Mouse,3812,76
926557,Mouse,5309,66
926576,Mouse,3864,69
926598,Mouse,4215,64
926625,Mouse,3504,68
926771,Mouse,3752,68
926776,Mouse,5596,68
926880,Mouse,5167,65
927098,Elephant,442447,1291
927144,Mouse,3002,63
927165,Elephant,102916,601
927275,Mouse,3219,64
927284,Mouse,3346,64
927301,Mouse,4890,65
927371,Mouse,4956,68
927417,Elephant,58906,328
927447,Mouse,4741,65
927576,Mouse,4922,65
927786,Mouse,4231,67
927948,Mouse,5775,66
927970,Mouse,5532,71
927986,Mouse,4565,65
928139,Mouse,3961,65
928290,Mouse,3444,64
928331,Mouse,4608,65
928548,Mouse,3274,64
928571,Mouse,3123,66
928616,Mouse,3953,68
928635,Mouse,4622,72
928778,Mouse,5337,66
928811,Mouse,3935,69
928836,Mouse,3250,65
928851,Mouse,5341,71
928854,Mouse,3674,73
928911,Mouse,3659,69
928929,Mouse,3377,66
928978,Mouse,4144,68
929195,Mouse,4920,69
929237,Mouse,5505,74
929239,Elephant,571292,1340
929259,Mouse,4487,71
929273,Mouse,5057,69
929298,Mouse,3814,67
929378,Mouse,3546,68
929429,Mouse,4046,71
929443,Mouse,5756,74
929460,Elephant,297748,860
929528,Mouse,3878,64
929653,Mouse,3464,64
929662,Mouse,5691,66
929689,Mouse,4594,65
929701,Mouse,3762,64
929721,Mouse,3921,64
929734,Mouse,4008,65
929756,Mouse,5012,65
929774,Mouse,4997,65
929804,Mouse,5505,66
929867,Mouse,5818,66
929882,Mouse,3511,64
930001,Mouse,3014,64
930005,Mouse,4702,66
930049,Mouse,3247,66
930190,Mouse,3512,64
930299,Mouse,3380,68
930310,Mouse,3043,74
930414,Mouse,5503,66
930553,Mouse,5469,72
930698,Mouse,5218,76
930715,Mouse,5481,72
930726,Mouse,3629,76
930741,Mouse,5502,84
930808,Mouse,3329,78
930874,Mouse,3402,68
930912,Mouse,3155,70
930921,Elephant,298901,989
931056,Mouse,4729,69
931137,Elephant,436153,1120
931178,Mouse,3511,69
931204,Mouse,3802,70
931229,Mouse,5356,65
931236,Mouse,4390,65
931253,Mouse,4045,70
931358,Mouse,3472,68
931532,Mouse,5795,71
931557,Mouse,5736,72
931596,Mouse,5713,74
931625,Mouse,5174,77
931649,Mouse,5072,75
931667,Mouse,5732,83
931699,Mouse,4584,81
931729,Mouse,5630,92
931767,Mouse,4347,87
931776,Elephant,396711,1038
931800,Mouse,3302,82
931804,Mouse,5489,87
931819,Mouse,5518,82
931824,Mouse,3372,64
931853,Mouse,3784,75
931868,Mouse,4524,65
931887,Mouse,3094,64
931928,Mouse,5415,65
932003,Mouse,5606,66
932015,Mouse,5703,66
932028,Mouse,3321,67
932043,Mouse,5485,67
932064,Mouse,3115,64
932260,Mouse,3890,67
932332,Mouse,5359,69
932340,Mouse,4938,72
932409,Mouse,3139,64
932414,Mouse,3246,64
932421,Mouse,5780,68
932473,Elephant,573745,1425
932489,Mouse,5535,66
932586,Mouse,3110,64
932636,Mouse,4758,65
932705,Mouse,4754,68
932791,Mouse,4703,65
932809,Mouse,5179,65
932884,Mouse,5043,65
932922,Mouse,3143,67
933004,Mouse,5683,70
933068,Mouse,3786,64
933074,Mouse,4657,65
933089,Mouse,5561,69
933121,Mouse,4462,65
933138,Mouse,3468,67
933157,Mouse,5574,73
933158,Mouse,4489,73
933283,Mouse,5220,71
933299,Mouse,5577,67
933367,Mouse,5235,69
933603,Mouse,5217,69
933672,Mouse,4318,69
933699,Mouse,3355,67
933703,Elephant,578315,1198
933709,Mouse,3607,65
933734,Mouse,4431,65
933797,Mouse,5042,65
933814,Mouse,4654,69
934006,Elephant,36026,234
934050,Mouse,5634,66
934088,Mouse,4265,65
934130,Mouse,3547,64
934160,Elephant,127094,507
934200,Mouse,3671,65
934226,Mouse,3985,64
934409,Mouse,4243,64
934432,Mouse,3492,64
934509,Mouse,5094,65
934513,Mouse,3341,64
934549,Mouse,5034,65
934588,Mouse,3875,64
934611,Mouse,5495,66
934658,Mouse,5179,67
934679,Mouse,4602,67
934808,Mouse,4292,70
934905,Mouse,4168,70
935013,Mouse,3597,67
935079,Mouse,5721,74
935088,Mouse,3329,72
935214,Elephant,407765,1006
935366,Mouse,4793,68
935427,Mouse,3410,77
935452,Mouse,3139,75
935465,Mouse,4329,86
935496,Mouse,5453,96
935509,Mouse,5350,101
935628,Mouse,3735,88
935660,Mouse,4552,80
935673,Mouse,3153,72
935847,Mouse,4732,77
935907,Elephant,132985,755
935959,Mouse,4771,69
935959,Elephant,529160,1358
936054,Elephant,104178,798
936063,Mouse,4678,69
936072,Mouse,4214,71
936124,Mouse,4140,64
936234,Mouse,4793,66
936358,Mouse,4453,65
936362,Mouse,4286,65
936423,Mouse,5621,70
936456,Elephant,33986,234
936458,Mouse,4111,67
936467,Mouse,3339,65
936508,Mouse,4363,65
936590,Mouse,4802,65
936749,Mouse,3206,64
936802,Mouse,4409,68
936811,Mouse,3164,68
936859,Mouse,4675,70
936867,Mouse,4526,66
936912,Mouse,4748,68
936942,Mouse,3845,65
937020,Mouse,4540,66
937024,Mouse,3513,66
937075,Mouse,5788,68
937212,Mouse,3653,64
937241,Mouse,3797,67
937349,Mouse,5510,68
937354,Mouse,4386,70
937355,Mouse,5438,71
937377,Mouse,5355,70
937475,Mouse,3607,64
937520,Mouse,4880,66
937641,Mouse,3713,68
937662,Mouse,4855,68
937774,Mouse,4599,69
937826,Mouse,5441,70
937882,Mouse,3500,66
937907,Mouse,4174,66
937983,Elephant,592208,1249
938020,Mouse,4042,64
938123,Mouse,3360,64
938143,Mouse,5297,65
938223,Mouse,5769,66
938231,Mouse,5442,66
938265,Mouse,3571,64
938290,Mouse,5400,65
938482,Mouse,3058,64
938503,Mouse,4269,65
938574,Mouse,3313,64
938581,Mouse,3321,65
938582,Mouse,4571,68
938598,Mouse,3578,64
938623,Mouse,4224,66
938637,Mouse,5743,66
938700,Mouse,4797,65
938711,Mouse,5022,65
938758,Mouse,4251,64
938775,Mouse,4990,69
938807,Mouse,5027,65
938825,Mouse,5335,73
938846,Mouse,5339,65
938890,Mouse,4632,66
938934,Mouse,3006,64
938991,Mouse,3261,67
939017,Mouse,5097,65
939039,Mouse,3417,70
939101,Mouse,4659,65
939171,Mouse,3015,66
939359,Mouse,5578,75
939372,Mouse,5141,81
939377,Mouse,4977,77
939412,Mouse,5465,78
939430,Mouse,5816,68
939500,Mouse,4102,66
939632,Mouse,3628,66
939679,Elephant,390847,1058
939692,Mouse,5732,67
939732,Mouse,3385,64
939742,Mouse,4549,65
939763,Mouse,4369,66
939939,Elephant,253950,1014
939949,Mouse,5189,65
939972,Mouse,5541,67
940001,Mouse,4945,65
940116,Mouse,4791,65
940185,Mouse,3895,66
940193,Mouse,5106,65
940200,Mouse,4709,65
940210,Mouse,3244,64
940228,Mouse,5467,69
940248,Mouse,4345,65
940468,Mouse,5481,66
940484,Mouse,3908,67
940619,Mouse,4374,68
940761,Mouse,3701,67
940816,Mouse,4150,64
940850,Mouse,3084,65
940901,Mouse,5342,65
940982,Mouse,4129,66
941072,Mouse,5721,66
941090,Elephant,433384,1019
941121,Mouse,4146,64
941156,Mouse,3725,65
941241,Mouse,5652,67
941306,Mouse,4637,67
941307,Mouse,3890,67
941379,Mouse,5436,70
941399,Mouse,3282,64
941427,Mouse,4150,73
941435,Mouse,4311,65
941543,Elephant,98263,451
941602,Mouse,4640,65
941706,Mouse,5775,70
941879,Mouse,4858,67
941962,Mouse,3987,67
942002,Mouse,4254,67
942014,Mouse,5121,73
942027,Mouse,3858,64
942098,Mouse,3976,66
942108,Mouse,4496,69
942308,Mouse,4557,67
942315,Mouse,5332,72
942319,Mouse,5676,75
942333,Mouse,5668,82
942372,Mouse,3761,79
942416,Mouse,3038,66
942468,Mouse,4001,66
942487,Elephant,111382,200886
942639,Mouse,5561,70
942678,Mouse,3269,73
942732,Elephant,492940,1182
942765,Mouse,4340,72
942799,Mouse,5022,74
942809,Mouse,4009,74
942843,Mouse,3653,70
942937,Mouse,3296,72
942940,Mouse,5497,75
943003,Mouse,5804,79
943074,Mouse,3173,70
943077,Elephant,413584,802288
943087,Mouse,5041,66
943100,Elephant,347635,801965
943104,Mouse,3439,67
943143,Mouse,3763,67
943145,Mouse,4650,68
943234,Mouse,3741,64
943323,Mouse,4259,65
943473,Mouse,4566,65
943496,Mouse,3097,64
943545,Mouse,3881,64
943571,Mouse,5506,66
943621,Mouse,5402,65
943661,Mouse,5433,66
943899,Mouse,5476,68
943958,Mouse,4496,65
943962,Mouse,4167,65
944023,Mouse,5732,70
944133,Mouse,5556,66
944194,Mouse,4412,67
944252,Mouse,4748,69
944392,Mouse,5198,69
944465,Mouse,3508,65
944498,Mouse,5378,68
944499,Elephant,272744,800
944508,Mouse,4663,65
944578,Mouse,5345,65
944581,Mouse,4024,65
944601,Mouse,3547,64
944638,Mouse,4125,64
944662,Mouse,4041,64
944678,Mouse,5149,65
944710,Mouse,4859,65
944723,Mouse,3218,64
944814,Mouse,3628,64
944823,Mouse,3582,64
944861,Mouse,3814,64
944890,Mouse,5416,65
945185,Mouse,3587,64
945195,Mouse,4067,68
945269,Mouse,4668,65
945309,Mouse,4213,64
945478,Mouse,4110,64
945482,Mouse,3244,64
945529,Mouse,3079,64
945548,Elephant,185928,634
945557,Mouse,3443,64
945567,Mouse,5215,65
945614,Mouse,5679,67
945621,Mouse,4146,64
945695,Mouse,3496,65
945697,Mouse,4487,67
945793,Mouse,5539,66
945963,Mouse,3557,64
946204,Mouse,5460,66
946216,Mouse,4067,64
946329,Mouse,4780,65
946364,Mouse,5456,66
946409,Mouse,5837,66
946431,Mouse,4753,65
946471,Mouse,5617,66
946521,Mouse,3491,64
946570,Mouse,3797,64
946630,Mouse,3882,66
946642,Mouse,5835,66
946716,Mouse,5504,70
946726,Mouse,4574,65
946761,Elephant,76195,374
946766,Mouse,4690,65
946803,Mouse,4731,66
946922,Mouse,4023,67
947118,Mouse,3291,69
947153,Mouse,3563,68
947163,Mouse,3763,67
947181,Mouse,4014,69
947236,Mouse,4683,72
947291,Mouse,3097,71
947334,Mouse,5114,72
947454,Mouse,4974,85
947468,Mouse,5025,89
947491,Elephant,113424,533
947495,Elephant,206145,789
947589,Mouse,3370,67
947590,Mouse,3851,68
947712,Mouse,5783,69
947764,Mouse,3889,70
947777,Mouse,4238,64
947793,Mouse,3692,68
947808,Mouse,4997,72
947821,Mouse,5264,73
947875,Elephant,404549,1152
947880,Mouse,4436,65
947951,Mouse,5791,72
947962,Mouse,4332,65
947967,Mouse,4648,65
948087,Mouse,5742,66
948132,Mouse,4785,67
948134,Mouse,4150,66
948236,Mouse,4263,67
948316,Mouse,5644,69
948344,Mouse,4611,72
948344,Mouse,5346,73
948379,Mouse,5701,75
948490,Mouse,3735,72
948539,Mouse,5372,79
948596,Elephant,383568,989
948603,Mouse,3814,84
948633,Mouse,5719,100
948645,Mouse,4341,77
948648,Mouse,3309,77
948665,Mouse,4903,86
948696,Mouse,4641,69
948858,Mouse,4826,69
948935,Mouse,5502,72
948981,Mouse,5058,71
949038,Mouse,4157,67
949063,Mouse,5718,69
949407,Mouse,3357,86
949421,Mouse,5829,90
949430,Mouse,3989,88
949465,Mouse,4215,86
949553,Mouse,5646,72
949553,Elephant,52601,471
949655,Mouse,4643,70
949659,Elephant,588046,1628
949669,Mouse,3322,68
949812,Mouse,4841,67
949827,Mouse,3052,67
949835,Mouse,3332,65
949898,Mouse,3206,67
949903,Elephant,290251,1225
950074,Mouse,5288,65
950161,Mouse,4716,65
950219,Mouse,3414,68
950225,Mouse,5619,73
950278,Mouse,4059,72
950308,Mouse,3174,66
950333,Mouse,3815,70
950341,Elephant,212508,692
950393,Mouse,3083,69
950457,Mouse,3091,64
950506,Mouse,4303,65
950584,Mouse,3278,67
950621,Mouse,5768,70
950646,Mouse,3772,64
950655,Mouse,4651,67
950658,Mouse,4805,69
950697,Mouse,4558,68
950724,Mouse,5542,70
950812,Mouse,4941,72
950812,Mouse,4500,71
950861,Mouse,5076,74
950918,Mouse,4684,66
950921,Elephant,334973,940
950924,Mouse,3129,64
950930,Mouse,4029,64
950936,Mouse,5245,65
950978,Mouse,3440,64
951056,Mouse,4383,65
951207,Mouse,3136,64
951293,Mouse,5654,66
951326,Mouse,4741,69
951351,Mouse,3026,66
951399,Mouse,5629,66
951643,Mouse,4047,66
951646,Mouse,3967,68
951660,Mouse,3911,71
951686,Mouse,4658,76
951718,Mouse,5552,77
951751,Mouse,3051,67
951769,Mouse,3582,72
951860,Mouse,3967,73
951863,Mouse,4359,72
951924,Mouse,5839,80
952156,Mouse,3152,89
952159,Mouse,3667,90
952205,Elephant,444324,1139
952210,Mouse,3262,91
952218,Mouse,3236,91
952268,Mouse,5774,83
952318,Mouse,4722,72
952368,Mouse,5106,72
952537,Elephant,546452,1366
952667,Mouse,4748,65
952698,Mouse,5046,67
952813,Mouse,5357,68
952865,Mouse,4561,74
952872,Mouse,5479,79
952891,Mouse,3512,67
952903,Mouse,3665,68
952961,Mouse,5230,68
953075,Mouse,4384,75
953110,Mouse,3803,79
953204,Mouse,5016,94
953255,Mouse,3153,83
953269,Mouse,4762,82
953318,Mouse,4977,70
953355,Mouse,4897,79
953379,Elephant,500863,1406
953556,Mouse,4595,75
953620,Mouse,4924,91
953654,Elephant,110954,720
953675,Mouse,3224,93
953772,Mouse,4794,73
953833,Mouse,4698,77
953895,Mouse,5772,81
953897,Mouse,5632,82
953921,Mouse,4295,88
953999,Mouse,5425,81
954017,Mouse,3663,75
954021,Mouse,3132,75
954086,Mouse,4148,83
954223,Elephant,386328,1518
954483,Mouse,4142,90
954558,Mouse,3450,81
954639,Mouse,5225,78
954759,Mouse,5314,92
954833,Mouse,5094,94
954838,Mouse,5352,94
954873,Mouse,4967,90
954934,Elephant,414474,2052
955009,Mouse,3081,69
955039,Mouse,4182,67
955048,Mouse,5149,76
955125,Mouse,4055,80
955158,Mouse,3480,74
955195,Elephant,367442,1905
955237,Mouse,4696,73
955274,Mouse,4478,71
955338,Mouse,5438,72
955614,Elephant,487169,2177
955641,Elephant,430270,202051
955669,Mouse,3529,66
955705,Mouse,4211,68
955756,Mouse,4058,68
955835,Mouse,3990,68
955842,Mouse,3868,70
955871,Mouse,3973,67
955881,Mouse,3864,70
956187,Mouse,4829,68
956418,Mouse,4591,79
956508,Mouse,4430,87
956557,Mouse,3511,89
956603,Mouse,3326,85
956609,Mouse,3392,87
956609,Mouse,3458,87
956632,Elephant,438517,1136
956659,Mouse,4434,76
956682,Mouse,3663,78
956722,Mouse,3614,69
956771,Mouse,5215,74
956834,Mouse,4226,66
956873,Mouse,3171,67
956897,Mouse,3046,68
956961,Mouse,5397,70
956968,Elephant,387837,1167
957052,Mouse,5510,66
957282,Mouse,5720,69
957289,Mouse,4634,72
957306,Mouse,4322,77
957374,Mouse,3799,64
957407,Mouse,4540,73
957423,Mouse,5511,67
957518,Mouse,4933,69
957534,Mouse,5839,72
957543,Mouse,3798,72
957555,Mouse,5694,72
957703,Mouse,4023,68
957709,Mouse,3226,70
957728,Mouse,3789,74
957836,Mouse,5065,71
957854,Mouse,3151,69
957939,Elephant,543445,1289
958117,Elephant,157710,739
958159,Mouse,3612,66
958221,Mouse,3295,69
958265,Mouse,5667,71
958369,Mouse,4324,71
958411,Mouse,3068,68
958474,Mouse,3939,74
958488,Mouse,3653,76
958527,Elephant,192244,698
958533,Mouse,4156,73
958542,Elephant,170711,653
958575,Mouse,4339,71
958637,Mouse,5702,70
958639,Mouse,3246,68
958666,Mouse,5018,71
958668,Mouse,5089,72
958719,Mouse,4073,68
958748,Mouse,5113,67
958786,Mouse,5709,69
958869,Elephant,61512,329
958880,Mouse,3383,65
958899,Mouse,4639,69
958954,Mouse,3925,67
958966,Mouse,4764,66
959044,Mouse,5768,71
959045,Mouse,3841,69
959058,Mouse,5617,67
959142,Mouse,3761,65
959240,Mouse,3658,67
959249,Mouse,3088,70
959301,Mouse,4004,75
959362,Mouse,3192,76
959396,Mouse,3202,76
959444,Mouse,3288,83
959464,Mouse,3360,88
959486,Mouse,3543,87
959593,Elephant,414438,1218
959610,Mouse,3556,70
959676,Mouse,5144,68
959760,Mouse,5303,65
959790,Mouse,3971,68
959896,Mouse,4187,67
959900,Mouse,4238,69
959924,Mouse,4307,71
959954,Mouse,5561,68
959973,Mouse,3319,72
959980,Mouse,4212,76
960025,Mouse,4427,71
960109,Mouse,3789,66
960139,Mouse,5727,79
960164,Mouse,5558,83
960283,Mouse,4547,99
960290,Mouse,3994,100
960344,Mouse,4314,100
960359,Mouse,4615,98
960428,Mouse,4506,81
960477,Mouse,4854,92
960498,Mouse,3127,86
960595,Mouse,3186,75
960676,Mouse,4004,69
960724,Mouse,3439,72
960800,Mouse,5323,88
960831,Mouse,4415,90
960880,Mouse,5330,97
960888,Mouse,5500,103
960899,Mouse,5763,103
960962,Mouse,4897,82
961060,Mouse,4097,73
961078,Elephant,533084,1787
961094,Mouse,4629,68
961228,Mouse,4578,69
961317,Mouse,3090,65
961435,Mouse,3584,67
961464,Mouse,4779,68
961509,Mouse,3574,66
961577,Mouse,5023,69
961623,Mouse,5228,73
961652,Mouse,5774,76
961669,Mouse,4791,77
961720,Elephant,437517,1870
962017,Mouse,4852,67
962031,Mouse,4049,69
962080,Mouse,4516,73
962087,Mouse,5713,77
962098,Mouse,4848,83
962142,Mouse,3225,77
962185,Mouse,3019,67
962193,Mouse,4492,69
962204,Mouse,4903,68
962316,Mouse,5563,70
962517,Mouse,5492,72
962522,Mouse,3441,74
962532,Mouse,5420,75
962713,Mouse,5286,78
962741,Mouse,5673,88
962771,Mouse,3545,90
962848,Mouse,3024,79
962950,Mouse,4938,78
963205,Mouse,3361,84
963228,Mouse,4364,92
963331,Elephant,497782,1592
963367,Elephant,521708,1668
963435,Mouse,5514,68
963526,Mouse,5007,71
963531,Mouse,5596,73
963534,Mouse,3924,71
963585,Mouse,5188,75
963672,Mouse,4395,86
963684,Mouse,3764,87
963686,Mouse,4773,91
963720,Mouse,4514,92
963838,Elephant,53632,394
963855,Mouse,5298,84
963861,Mouse,3880,84
963869,Mouse,5137,90
963921,Mouse,5047,84
963940,Mouse,5180,76
963953,Mouse,3473,64
964002,Mouse,4114,67
964034,Mouse,5343,70
964043,Elephant,139196,744
964078,Mouse,5494,69
964092,Mouse,4918,72
964349,Elephant,186415,920
964454,Mouse,5255,78
964504,Mouse,3957,74
964521,Mouse,5545,77
964586,Mouse,3283,73
964594,Mouse,5777,75
964634,Mouse,3543,77
964662,Mouse,5335,76
964696,Mouse,5356,81
964755,Mouse,5551,84
964800,Mouse,4634,83
964839,Mouse,3980,88
964892,Mouse,3105,85
964909,Elephant,268102,1382
964926,Mouse,4253,81
964928,Mouse,4164,81
965011,Mouse,4034,65
965042,Mouse,4494,73
965145,Mouse,4420,67
965170,Mouse,4084,71
965184,Mouse,3973,75
965211,Mouse,4120,78
965233,Mouse,4869,87
965271,Mouse,3282,86
965293,Mouse,4993,86
965319,Mouse,4181,81
965370,Mouse,3766,74
965399,Mouse,3902,72
965517,Mouse,3967,89
965571,Mouse,4001,92
965627,Mouse,4135,84
965696,Mouse,4928,84
965710,Mouse,4194,87
965736,Mouse,3788,91
965767,Mouse,3558,89
965813,Mouse,3631,74
965841,Mouse,5374,84
965866,Mouse,5263,81
965959,Mouse,3784,75
965975,Mouse,5376,76
966033,Mouse,5412,83
966169,Mouse,4093,88
966190,Mouse,3030,81
966271,Mouse,4352,81
966307,Mouse,3435,80
966322,Mouse,4703,89
966379,Mouse,4184,99
966396,Mouse,3052,97
966486,Elephant,512699,2429
966531,Mouse,3719,90
966544,Mouse,4328,88
966583,Mouse,5210,84
966623,Mouse,4027,83
966636,Mouse,5103,84
966673,Mouse,4314,91
966685,Mouse,3415,96
966699,Mouse,4981,93
966754,Mouse,4402,91
966853,Mouse,4437,77
966942,Mouse,5306,88
966971,Mouse,5068,92
967039,Mouse,4358,98
967065,Mouse,4521,94
967073,Mouse,4573,97
967108,Mouse,4195,89
967118,Mouse,4359,92
967137,Elephant,594857,2989
967343,Mouse,3803,88
967471,Mouse,3093,90
967502,Mouse,4137,91
967525,Mouse,3878,88
967536,Mouse,4905,94
967636,Mouse,3842,66
967652,Mouse,4380,76
967702,Mouse,5222,77
967731,Mouse,5012,79
967774,Mouse,5511,82
967800,Mouse,5021,88
967844,Mouse,3834,84
967863,Mouse,3768,82
967892,Mouse,4424,87
968069,Mouse,4317,80
968079,Mouse,5713,85
968129,Mouse,4357,79
968163,Elephant,134795,1010
968276,Mouse,5541,78
968277,Mouse,4200,77
968303,Mouse,3835,82
968305,Mouse,5337,84
968357,Mouse,4440,88
968360,Mouse,5433,91
968381,Mouse,3735,96
968396,Mouse,3299,87
968413,Mouse,5252,89
968447,Mouse,3408,83
968539,Mouse,4941,72
968626,Mouse,3629,72
968637,Mouse,3899,72
968656,Mouse,5266,82
968723,Elephant,537219,3027
968768,Mouse,3526,73
968808,Mouse,4758,72
968855,Mouse,3874,72
968872,Mouse,4418,67
968886,Mouse,5073,71
968903,Mouse,4840,73
969144,Mouse,4580,65
969150,Mouse,5194,65
969291,Mouse,5332,75
969309,Mouse,3513,74
969372,Mouse,3143,80
969383,Mouse,3873,83
969390,Mouse,3117,85
969425,Mouse,3478,81
969436,Mouse,3870,86
969514,Mouse,4935,76
969527,Elephant,435373,1744
969541,Mouse,4548,67
969562,Mouse,3808,69
969673,Elephant,115375,575
969714,Mouse,3217,64
969726,Mouse,5162,65
969814,Mouse,5513,66
969821,Mouse,3745,68
969894,Mouse,4757,65
969958,Mouse,4881,70
970072,Mouse,3465,64
970144,Mouse,4173,68
970253,Mouse,4908,74
970271,Mouse,5406,70
970404,Elephant,277468,806
970420,Mouse,3891,69
970460,Mouse,4587,69
970480,Mouse,4529,68
970489,Mouse,4418,65
970514,Mouse,5775,68
970561,Mouse,5363,69
970587,Mouse,3730,66
970598,Mouse,4413,69
970694,Mouse,4640,70
970703,Mouse,3015,72
970707,Mouse,5103,70
970806,Elephant,196214,674
970842,Mouse,5727,66
970878,Mouse,4629,65
970918,Mouse,3097,65
970923,Mouse,5686,68
970956,Mouse,4259,65
971095,Mouse,4689,67
971193,Mouse,3240,64
971200,Mouse,4031,64
971223,Mouse,3001,71
971242,Mouse,5677,66
971333,Mouse,5764,66
971401,Mouse,3366,69
971436,Mouse,3326,70
971482,Mouse,5464,74
971543,Mouse,3043,76
971733,Mouse,3701,83
971862,Mouse,5094,74
971874,Mouse,3655,71
971882,Mouse,4401,76
972051,Elephant,304529,1073
972131,Mouse,5605,67
972153,Elephant,356282,1093
972161,Mouse,4205,66
972314,Mouse,3916,67
972325,Mouse,5244,72
972366,Mouse,5471,73
972570,Mouse,5270,79
972617,Mouse,5135,88
972711,Mouse,3484,88
972767,Mouse,4311,85
972780,Mouse,4848,89
972834,Mouse,4361,80
972848,Mouse,3412,80
972896,Mouse,3486,67
972974,Mouse,4714,73
973177,Mouse,4528,93
973285,Elephant,593777,1897
973344,Elephant,32791,282
973361,Mouse,5196,76
973497,Mouse,3616,77
973516,Elephant,458077,2178
973579,Mouse,4408,71
973647,Mouse,3981,76
973735,Mouse,5642,84
973800,Mouse,4513,84
973809,Mouse,4354,88
973841,Mouse,4581,90
973939,Mouse,3384,81
974045,Mouse,3987,81
974062,Mouse,4292,80
974270,Mouse,5636,93
974279,Elephant,120364,886
974341,Mouse,3793,86
974447,Mouse,3788,92
974466,Mouse,4075,93
974500,Mouse,5755,99
974673,Mouse,4945,71
974696,Mouse,3031,69
974717,Mouse,4580,71
974742,Elephant,470914,2413
974995,Mouse,5468,71
975031,Mouse,4311,70
975055,Mouse,4180,75
975073,Mouse,4151,75
975089,Mouse,4477,79
975107,Mouse,5149,83
975277,Mouse,4279,69
975303,Elephant,580527,2981
975318,Mouse,5248,66
975394,Mouse,4376,65
975426,Mouse,5442,66
975472,Mouse,4653,65
975497,Mouse,4179,68
975510,Mouse,4822,67
975751,Mouse,5785,71
975855,Mouse,3496,71
975871,Mouse,5286,65
975936,Mouse,4862,71
975974,Elephant,136721,549
975976,Mouse,3874,67
975998,Mouse,3254,65
976041,Mouse,4029,66
976153,Mouse,3927,64
976189,Mouse,3009,64
976252,Mouse,5058,71
976254,Mouse,3008,70
976309,Mouse,3286,64
976314,Mouse,5684,67
976331,Mouse,5580,68
976335,Mouse,3140,68
976357,Mouse,4500,66
976423,Mouse,4510,65
976453,Mouse,3674,64
976508,Mouse,4733,65
976715,Mouse,5453,66
976803,Mouse,4214,66
976811,Mouse,5216,71
976877,Mouse,5632,66
976962,Mouse,3854,64
977082,Mouse,4940,67
977093,Mouse,4636,66
977152,Mouse,4143,68
977156,Mouse,3631,69
977219,Elephant,52387,318
977240,Mouse,5143,65
977280,Mouse,3832,65
977308,Mouse,4559,65
977484,Mouse,4508,68
977544,Mouse,3570,70
977558,Mouse,4168,70
977568,Elephant,442116,1042
977580,Mouse,5737,68
977612,Mouse,3189,69
977773,Mouse,3417,64
977891,Elephant,134991,548
977992,Mouse,3896,65
978036,Mouse,3494,69
978090,Mouse,5320,74
978110,Mouse,4843,80
978213,Mouse,5688,97
978273,Mouse,3179,75
978306,Mouse,3740,67
978337,Mouse,5826,66
978356,Mouse,3299,65
978372,Mouse,3688,65
978468,Mouse,4533,68
978493,Elephant,181450,816
978552,Mouse,3424,67
978698,Mouse,4342,69
978706,Mouse,4002,71
978718,Mouse,5348,75
978771,Mouse,3251,71
978774,Mouse,3921,73
978790,Mouse,3548,78
978852,Mouse,5544,77
978872,Elephant,284146,1083
978902,Mouse,3934,72
979052,Mouse,3824,67
979096,Mouse,3705,85
979102,Mouse,5286,89
979136,Elephant,569749,1506
979146,Mouse,3518,81
979250,Mouse,3722,66
979298,Mouse,3742,69
979324,Mouse,3973,64
979411,Mouse,3774,73
979412,Mouse,5549,75
979480,Mouse,3096,68
979483,Mouse,3397,69
979491,Mouse,5058,73
979572,Mouse,5491,78
979626,Mouse,5668,75
979650,Elephant,82551,428
979658,Mouse,3869,70
979719,Mouse,4277,68
979797,Mouse,5802,71
979944,Elephant,337096,983
980084,Elephant,347313,1176
980191,Mouse,3017,64
980245,Mouse,5599,71
980255,Mouse,4662,66
980292,Mouse,3975,66
980306,Mouse,3251,67
980588,Mouse,4026,72
980695,Mouse,3634,69
980727,Mouse,4130,79
980729,Mouse,4624,81
980791,Mouse,3011,92
980839,Mouse,5336,103
980841,Mouse,4642,105
980940,Mouse,3793,81
980941,Mouse,3808,82
980947,Elephant,326698,959
981360,Mouse,3811,70
981421,Mouse,3344,77
981495,Elephant,482199,1390
981512,Mouse,3928,69
981562,Mouse,5832,73
981611,Mouse,5500,66
981708,Mouse,5602,68
981726,Mouse,3688,67
981733,Mouse,5049,70
981748,Mouse,3114,67
981879,Mouse,3908,70
981882,Mouse,5661,73
981911,Mouse,3033,70
981945,Mouse,5269,78
982019,Mouse,5754,71
982034,Elephant,599031,1620
982092,Mouse,3742,64
982124,Mouse,3885,67
982217,Mouse,4912,66
982259,Mouse,5021,69
982269,Mouse,3374,66
982271,Mouse,5072,68
982284,Mouse,5340,65
982396,Mouse,3373,64
982408,Mouse,5182,65
982543,Mouse,3449,64
982554,Mouse,5021,69
982647,Mouse,5143,70
982707,Mouse,4022,72
982720,Elephant,358284,939
982766,Mouse,5465,66
982776,Mouse,3543,64
982924,Mouse,4454,65
982949,Mouse,3859,64
982981,Mouse,3793,64
983008,Mouse,5310,65
983074,Mouse,4266,65
983099,Mouse,3626,65
983102,Mouse,5135,67
983233,Mouse,3461,64
983317,Mouse,5151,65
983355,Mouse,3159,64
983361,Mouse,3491,65
983416,Mouse,3301,64
983627,Mouse,3539,67
983704,Mouse,5260,65
983723,Mouse,4219,64
983749,Mouse,3646,69
983766,Mouse,5580,68
983872,Mouse,4809,65
983903,Elephant,86203,411
983931,Mouse,4964,70
984080,Mouse,4884,70
984163,Mouse,3837,70
984206,Elephant,273047,815
984317,Mouse,4267,67
984368,Elephant,139699,557
984396,Mouse,4831,66
984452,Mouse,3150,67
984528,Mouse,3660,64
984556,Mouse,3908,67
984574,Mouse,4302,71
984581,Mouse,5229,73
984703,Mouse,4093,76
984784,Mouse,5420,82
984821,Mouse,5257,89
984852,Mouse,5300,94
984868,Mouse,4625,97
984934,Mouse,4769,99
984964,Mouse,3968,99
985215,Mouse,5387,68
985272,Mouse,4927,78
985311,Mouse,4751,83
985411,Elephant,586981,1550
985437,Mouse,5326,82
985531,Mouse,5490,77
985576,Mouse,3453,72
985633,Elephant,481290,1515
985641,Mouse,4639,71
985663,Mouse,4748,69
985682,Mouse,4615,69
985689,Mouse,3030,68
985759,Mouse,3848,72
985982,Mouse,3343,65
986060,Elephant,402157,1492
986078,Mouse,3850,66
986094,Mouse,3698,71
986218,Mouse,3884,67
986287,Mouse,4057,65
986428,Mouse,5650,67
986480,Mouse,4399,71
986504,Mouse,3780,73
986550,Mouse,4829,70
986572,Mouse,4404,67
986596,Mouse,4453,68
986609,Mouse,3384,66
986650,Elephant,174118,630
986698,Mouse,5091,65
986759,Mouse,3466,67
986823,Mouse,4491,65
986927,Mouse,4026,64
986936,Mouse,3313,66
987094,Mouse,3457,65
987192,Mouse,4700,65
987229,Mouse,3784,64
987244,Mouse,3805,68
987265,Mouse,5676,66
987302,Mouse,4245,65
987412,Elephant,148374,576
987470,Mouse,4463,68
987472,Mouse,3206,67
987690,Mouse,5180,70
987762,Mouse,5126,67
987768,Mouse,5058,70
987783,Mouse,3086,68
988000,Mouse,5207,69
988051,Mouse,4095,71
988076,Mouse,4015,68
988114,Mouse,5290,66
988134,Mouse,3254,66
988136,Elephant,319466,868
988342,Mouse,4316,65
988351,Mouse,4185,64
988424,Mouse,3225,64
988467,Mouse,3481,68
988555,Mouse,5420,69
988605,Mouse,3388,67
988608,Mouse,3372,64
988676,Mouse,3485,67
988702,Mouse,4189,64
988711,Mouse,4451,69
988856,Elephant,214644,685
988910,Mouse,4158,68
988994,Mouse,4968,68
989037,Mouse,5399,67
989045,Mouse,5534,67
989069,Mouse,4158,64
989115,Mouse,4514,66
989126,Mouse,3149,64
989164,Mouse,3245,68
989195,Mouse,4013,71
989240,Mouse,5733,72
989320,Mouse,4359,72
989539,Elephant,126010,550
989540,Elephant,52037,403
989616,Mouse,3858,78
989627,Mouse,3663,86
989636,Elephant,509530,1547
989643,Mouse,5057,70
989670,Mouse,4123,79
989793,Mouse,4270,68
989889,Mouse,4647,69
989902,Mouse,4388,65
990030,Mouse,3164,64
990038,Mouse,3025,64
990124,Mouse,4577,67
990202,Mouse,3631,69
990209,Mouse,5738,69
990212,Mouse,3378,67
990345,Mouse,5083,66
990381,Mouse,5597,69
990423,Mouse,4277,69
990472,Mouse,4688,69
990494,Mouse,3024,66
990495,Elephant,523668,201859
990560,Mouse,5085,65
990576,Mouse,5384,65
990647,Mouse,4214,64
990677,Mouse,3617,65
990716,Mouse,5704,71
990773,Mouse,3182,64
990853,Mouse,3951,66
990873,Mouse,3213,64
990928,Mouse,4016,67
990960,Mouse,4035,64
990973,Mouse,4461,70
991014,Mouse,4556,69
991031,Mouse,3583,64
991061,Elephant,88682,416
991097,Mouse,3237,64
991129,Mouse,3380,64
991140,Mouse,3770,65
991206,Mouse,3820,64
991249,Mouse,4670,66
991311,Mouse,4464,65
991313,Mouse,3024,64
991583,Mouse,4390,66
991586,Mouse,3774,66
991592,Mouse,4960,65
991763,Mouse,4379,65
991768,Mouse,5280,65
991779,Mouse,5623,70
991833,Mouse,3693,65
991890,Mouse,3735,64
991928,Mouse,4332,65
991960,Mouse,3609,64
991994,Mouse,3786,67
992009,Mouse,5800,66
992030,Mouse,4874,66
992187,Mouse,5795,66
992233,Mouse,4351,65
992252,Mouse,3667,67
992272,Mouse,3081,64
992343,Mouse,3493,69
992354,Mouse,4512,74
992437,Mouse,4237,68
992492,Mouse,4991,70
992501,Mouse,3786,65
992544,Mouse,3118,66
992704,Mouse,5120,68
992708,Mouse,3991,69
992804,Mouse,5267,69
992841,Mouse,4246,66
992843,Elephant,572494,1261
992888,Mouse,5192,68
992927,Mouse,3668,64
992934,Mouse,5469,70
992965,Mouse,4760,69
992998,Mouse,3624,64
993005,Mouse,3240,67
993035,Mouse,4255,64
993066,Mouse,3869,64
993147,Mouse,3799,64
993305,Mouse,5700,68
993361,Mouse,3270,70
993379,Mouse,4544,65
993384,Mouse,5792,66
993398,Mouse,4710,70
993411,Mouse,3772,71
993470,Mouse,5007,65
993509,Mouse,3673,64
993604,Mouse,3839,64
993749,Mouse,4940,73
993750,Mouse,5537,75
993815,Mouse,5597,75
993834,Mouse,3697,64
993851,Mouse,3669,67
993906,Mouse,4937,70
993934,Elephant,511503,1123
993949,Mouse,3769,68
993994,Mouse,5714,66
994001,Mouse,3541,64
994008,Mouse,4967,65
994031,Mouse,4161,64
994092,Mouse,3553,64
994106,Mouse,4443,65
994119,Mouse,4768,65
994356,Mouse,5481,67
994357,Mouse,3233,66
994524,Mouse,5318,66
994676,Mouse,5066,70
994700,Mouse,3257,70
994737,Mouse,4539,75
994792,Mouse,3409,78
994839,Mouse,4567,87
995046,Mouse,4084,74
995059,Mouse,4535,71
995120,Mouse,5275,71
995143,Elephant,473473,1182
995191,Mouse,4373,66
995353,Mouse,4478,71
995421,Mouse,4386,71
995447,Mouse,5308,80
995510,Elephant,346276,1175
995553,Mouse,4569,70
995620,Mouse,5600,69
995627,Elephant,99272,525
995633,Mouse,4999,65
995705,Mouse,4933,73
995817,Mouse,3592,71
995917,Elephant,573125,1684
995925,Mouse,4876,71
995930,Mouse,4870,66
995952,Elephant,41057,250
995954,Elephant,88179,420
995960,Mouse,4126,65
995994,Mouse,3883,66
996009,Mouse,3370,64
996065,Mouse,3157,66
996066,Mouse,5141,68
996070,Mouse,4535,67
996186,Mouse,4757,65
996261,Mouse,4384,67
996330,Mouse,4400,69
996344,Mouse,3871,65
996376,Mouse,4319,65
996391,Mouse,3986,65
996430,Mouse,4811,68
996493,Mouse,3964,64
996534,Mouse,5180,68
996573,Mouse,3380,67
996675,Mouse,4048,86
996742,Mouse,4723,97
996782,Mouse,4913,94
996807,Mouse,5029,88
996863,Mouse,3187,79
996895,Mouse,4989,75
996900,Mouse,5296,78
996922,Mouse,5349,69
996963,Mouse,3092,74
996990,Mouse,4466,67
997005,Mouse,4767,74
997030,Mouse,3160,78
997105,Mouse,3517,74
997125,Mouse,3144,78
997138,Mouse,3488,75
997142,Mouse,3959,78
997150,Mouse,3568,81
997241,Mouse,5202,83
997345,Mouse,4708,91
997416,Elephant,36665,297
997428,Mouse,5256,92
997446,Mouse,3900,98
997453,Mouse,4154,98
997486,Mouse,4693,84
997519,Elephant,342581,1373
997555,Mouse,4047,74
997623,Mouse,5175,75
997646,Mouse,4016,73
997676,Mouse,5225,76
997691,Mouse,3424,79
997704,Elephant,163883,1234
997713,Mouse,5686,86
997719,Elephant,433516,202116
997731,Mouse,4819,89
997761,Mouse,3685,92
997853,Mouse,4974,70
997871,Mouse,3995,65
997878,Mouse,4199,68
997916,Mouse,3942,68
997921,Mouse,5519,71
997936,Mouse,5107,72
997988,Mouse,4062,69
997993,Mouse,3186,67
998037,Mouse,3650,68
998068,Mouse,5279,75
998070,Mouse,5750,76
998129,Mouse,3736,78
998158,Mouse,4317,66
998252,Mouse,4313,70
998266,Mouse,3184,67
998391,Mouse,5447,77
998425,Elephant,432175,1891
998429,Mouse,5254,83
998541,Mouse,5210,70
998603,Mouse,4040,72
998616,Elephant,508016,2326
998637,Mouse,4765,72
998683,Mouse,5665,71
998776,Elephant,276521,1300
998778,Mouse,5568,69
998806,Mouse,5764,68
998890,Mouse,3738,64
998946,Mouse,5241,67
998950,Mouse,5475,67
998965,Mouse,3814,67
999027,Mouse,3715,64
999051,Mouse,3737,66
999093,Mouse,4442,69
999119,Mouse,5800,66
999250,Mouse,5783,68
999294,Mouse,4424,67
999300,Mouse,5424,65
999362,Mouse,5503,70
999370,Mouse,4276,71
999381,Mouse,4689,69
999630,Mouse,4801,68
999635,Elephant,521388,1131
999650,Mouse,3725,65
999754,Mouse,5632,69
999818,Mouse,4762,66
999851,Mouse,5750,67
999954,Mouse,4857,67
1000013,Mouse,4223,64
1000358,Elephant,224737,720
1000475,Elephant,374619,944
