CompletionTime_us,FlowType,SizeBytes,FCT_us
100088,Mouse,3059,88
100089,Mouse,3829,89
100090,Mouse,3779,90
100091,Mouse,4186,91
100091,Mouse,3783,91
100095,Mouse,4569,95
100101,Mouse,4920,101
100103,Mouse,5213,103
100105,Mouse,5781,105
100113,Mouse,3950,105
100166,Mouse,5358,65
100212,Mouse,5611,66
100278,Mouse,3180,64
100322,Mouse,4229,65
100352,Mouse,3825,64
100356,Mouse,3830,67
100388,Mouse,4670,73
100456,Mouse,5469,66
100531,Mouse,5421,74
100683,Mouse,3105,76
100724,Mouse,5271,75
100754,Mouse,3888,77
100930,Mouse,5015,105
100959,Mouse,3048,110
101030,Elephant,347076,1030
101125,Mouse,5334,73
101128,Mouse,5611,75
101178,Elephant,353536,1041
101185,Mouse,4925,81
101203,Mouse,3291,79
101218,Mouse,3659,73
101280,Mouse,4630,70
101332,Elephant,261644,896
101388,Mouse,4889,70
101441,Mouse,4120,64
101703,Mouse,5211,69
101770,Mouse,4176,68
101775,Elephant,233680,1049
101904,Mouse,3495,66
101913,Mouse,4090,72
101916,Mouse,3501,72
102051,Elephant,62357,333
102082,Mouse,4553,69
102112,Mouse,5114,69
102171,Mouse,4644,72
102268,Mouse,4939,70
102269,Mouse,3935,70
102309,Mouse,3466,68
102352,Mouse,4169,68
102372,Mouse,3191,66
102507,Mouse,3122,69
102514,Mouse,3042,72
102531,Mouse,3616,73
102602,Mouse,5031,89
102674,Mouse,5480,101
102700,Mouse,5300,106
102735,Elephant,549387,1295
102809,Mouse,5621,86
102822,Mouse,5638,70
102843,Mouse,3920,66
102863,Mouse,4081,70
102920,Mouse,3591,68
103065,Mouse,4751,74
103068,Mouse,4885,76
103187,Mouse,3265,90
103286,Mouse,3516,105
103373,Elephant,554074,1624
103411,Mouse,5377,99
103428,Mouse,5806,96
103534,Elephant,69957,504
103664,Mouse,3919,78
103715,Mouse,3426,89
103842,Mouse,3538,101
103897,Mouse,3756,111
103973,Mouse,3043,115
103979,Elephant,583302,1692
104025,Mouse,5678,98
104032,Mouse,3866,77
104105,Mouse,3660,83
104132,Mouse,4794,83
104164,Mouse,5073,87
104180,Mouse,5273,90
104233,Mouse,4847,96
104241,Mouse,3314,98
104255,Mouse,3419,100
104309,Mouse,4833,101
104375,Mouse,3933,96
104414,Mouse,3917,98
104436,Elephant,565643,1934
104470,Mouse,5578,89
104481,Elephant,357893,1195
104484,Mouse,4785,87
104597,Mouse,4048,66
104601,Mouse,4497,66
104876,Mouse,5693,69
104892,Mouse,3678,75
104914,Mouse,3406,79
104924,Mouse,3182,83
104982,Mouse,5464,83
104998,Mouse,4743,86
105179,Mouse,5653,103
105238,Mouse,5523,118
105520,Mouse,3414,129
105622,Elephant,447797,1713
105661,Mouse,4399,116
105711,Elephant,335923,1240
105736,Mouse,5422,80
105779,Mouse,3112,70
105875,Elephant,76094,534
105900,Mouse,4942,91
105961,Mouse,4347,98
105984,Mouse,5718,102
106157,Mouse,5544,100
106207,Mouse,5218,109
106237,Elephant,522495,1772
106242,Mouse,3673,112
106276,Mouse,4441,118
106313,Mouse,5834,100
106468,Mouse,3796,103
106612,Mouse,4783,122
106640,Mouse,4397,121
106691,Elephant,51162,437
106763,Mouse,5444,133
106911,Elephant,415851,1915
106933,Mouse,5574,110
106943,Mouse,4576,114
107049,Mouse,3864,99
107098,Elephant,469683,2101
107130,Mouse,3526,93
107214,Mouse,4694,76
107286,Mouse,3017,92
107341,Elephant,422085,1617
107352,Mouse,5431,100
107470,Mouse,4002,74
107608,Mouse,4372,94
107702,Mouse,5010,113
107709,Mouse,3898,115
107773,Mouse,5500,115
107900,Mouse,5813,105
107909,Elephant,319684,1438
107920,Mouse,4159,104
107943,Mouse,4658,93
107946,Mouse,3384,94
108025,Elephant,461109,1719
108161,Mouse,4922,79
108235,Mouse,4364,80
108247,Mouse,5211,88
108266,Elephant,393556,1559
108335,Mouse,3938,75
108443,Mouse,3185,68
108486,Elephant,128855,562
108488,Mouse,4193,71
108513,Mouse,3241,72
108521,Mouse,3790,73
108545,Mouse,3544,71
108671,Mouse,3272,69
108760,Mouse,3016,70
108823,Mouse,3088,70
108862,Mouse,3922,69
108933,Mouse,3012,74
109068,Elephant,474267,1701
109075,Mouse,3431,89
109107,Mouse,3072,79
109154,Mouse,4307,79
109242,Elephant,169541,645
109320,Mouse,5815,66
109339,Mouse,5192,70
109341,Elephant,484287,1328
109378,Mouse,3792,66
109459,Mouse,5216,69
109515,Mouse,5084,65
109615,Mouse,5833,66
109682,Mouse,3682,64
109928,Mouse,5268,69
109956,Mouse,4194,64
110015,Mouse,4914,66
110063,Mouse,4753,70
110075,Mouse,4117,65
110160,Mouse,4250,72
110217,Mouse,4499,77
110285,Mouse,4730,65
110298,Mouse,3354,67
110322,Mouse,4131,68
110362,Mouse,4971,70
110370,Mouse,4028,73
110480,Mouse,3642,67
110521,Mouse,4163,71
110525,Mouse,5797,75
110552,Mouse,5109,79
110562,Mouse,4537,82
110641,Mouse,4459,78
110660,Mouse,4489,82
110662,Mouse,3145,78
110690,Elephant,320994,903
110693,Mouse,5058,83
110759,Mouse,5241,82
110803,Mouse,5399,71
110864,Mouse,4586,65
110925,Elephant,470359,1109
110943,Mouse,5037,65
110953,Mouse,3888,64
111068,Mouse,5179,65
111104,Mouse,4423,65
111159,Mouse,5141,65
111195,Mouse,4010,64
111201,Mouse,4426,65
111294,Mouse,3808,64
111306,Mouse,5338,65
111324,Mouse,5478,66
111339,Mouse,3617,64
111368,Mouse,3219,64
111405,Mouse,4027,66
111480,Mouse,4570,65
111620,Mouse,5730,68
111631,Mouse,3295,68
111635,Mouse,3262,64
111645,Mouse,4904,65
111653,Mouse,5383,67
111674,Mouse,3915,70
111766,Mouse,3297,64
111775,Mouse,4311,65
111932,Mouse,4617,70
111996,Mouse,4894,70
112001,Mouse,5689,67
112060,Mouse,4285,66
112128,Mouse,4606,67
112129,Mouse,3968,68
112252,Mouse,4909,65
112288,Elephant,408371,990
112355,Mouse,4992,65
112376,Mouse,3187,64
112388,Mouse,3764,64
112400,Mouse,4029,64
112425,Mouse,5348,65
112662,Mouse,3695,66
112671,Mouse,4945,72
112744,Mouse,3166,66
112764,Mouse,3450,67
112807,Mouse,4524,67
112820,Mouse,4319,69
112913,Mouse,4356,67
112939,Mouse,3871,69
112986,Mouse,5619,74
113008,Mouse,3513,70
113081,Mouse,3815,73
113121,Mouse,5270,80
113156,Mouse,3383,87
113204,Mouse,4136,88
113252,Mouse,5707,89
113296,Mouse,4847,92
113371,Mouse,3134,91
113399,Mouse,3077,90
113429,Mouse,3866,94
113456,Mouse,4133,92
113457,Elephant,526849,1247
113468,Mouse,5614,94
113510,Mouse,5124,81
113513,Mouse,3663,73
113531,Elephant,443669,1156
113559,Mouse,5227,67
113564,Mouse,3406,65
113732,Mouse,5037,65
113753,Mouse,4618,65
113777,Mouse,4699,65
113806,Mouse,4386,65
113817,Mouse,5426,65
113834,Mouse,5075,70
113842,Mouse,5001,65
113891,Mouse,5423,65
113985,Mouse,4909,66
113986,Mouse,3050,66
114067,Mouse,5561,66
114182,Mouse,3787,67
114206,Mouse,3131,64
114209,Mouse,3339,64
114264,Mouse,4852,69
114316,Mouse,5158,73
114329,Mouse,5380,65
114380,Mouse,5298,65
114392,Mouse,4737,68
114413,Mouse,5419,70
114436,Mouse,3028,66
114442,Mouse,4738,67
114448,Mouse,3535,67
114471,Elephant,243204,749
114505,Mouse,4804,66
114536,Mouse,3007,64
114556,Mouse,4915,65
114609,Mouse,5514,66
114639,Mouse,5123,65
114672,Mouse,4867,65
114738,Mouse,5703,66
114768,Mouse,5150,65
114858,Mouse,5509,66
114873,Mouse,5433,66
114906,Mouse,4854,65
114947,Mouse,3554,65
114959,Mouse,4067,64
114993,Mouse,3371,64
115037,Mouse,3806,66
115119,Mouse,4557,66
115121,Mouse,4164,66
115299,Mouse,3427,67
115329,Mouse,4586,65
115342,Mouse,5000,69
115355,Mouse,5002,65
115359,Mouse,4312,65
115418,Mouse,5635,66
115449,Mouse,5026,66
115466,Mouse,3397,65
115722,Mouse,5752,66
115840,Mouse,3026,67
115853,Mouse,4467,68
115894,Mouse,4429,71
115953,Mouse,4526,72
116061,Mouse,5662,78
116101,Mouse,3011,80
116176,Elephant,547873,1204
116387,Mouse,5796,66
116409,Mouse,4509,69
116418,Mouse,3023,70
116430,Mouse,5571,75
116435,Mouse,5620,74
116607,Mouse,3092,70
116630,Elephant,589804,1245
116649,Mouse,3569,67
116691,Mouse,5439,66
116751,Mouse,3825,64
116797,Mouse,3453,64
116971,Mouse,3985,64
117058,Mouse,5719,66
117092,Mouse,5788,75
117133,Mouse,5308,69
117151,Mouse,4159,65
117361,Mouse,3514,64
117426,Mouse,4108,67
117485,Mouse,4539,66
117500,Mouse,4579,69
117510,Mouse,5674,74
117582,Mouse,3168,67
117687,Elephant,544065,1247
117754,Mouse,3145,65
117756,Mouse,3706,66
117788,Mouse,3850,64
117898,Mouse,3348,64
117934,Mouse,3262,64
118012,Mouse,3147,64
118030,Mouse,4470,65
118046,Mouse,3656,64
118061,Mouse,5018,65
118161,Mouse,3516,64
118166,Mouse,5282,65
118205,Mouse,4520,67
118207,Mouse,3526,66
118227,Mouse,4782,65
118255,Mouse,4430,65
118295,Mouse,3840,65
118298,Mouse,5608,68
118388,Mouse,3108,65
118486,Mouse,4955,65
118546,Mouse,3503,64
118560,Mouse,4038,67
118584,Mouse,4703,65
118609,Mouse,3304,67
118674,Mouse,3070,64
118742,Mouse,4941,68
118775,Mouse,3253,66
118793,Mouse,4221,64
119170,Mouse,3276,66
119278,Mouse,5263,68
119324,Mouse,3189,67
119325,Mouse,3336,67
119337,Mouse,3506,65
119411,Mouse,3063,72
119435,Mouse,5478,68
119451,Mouse,4747,69
119576,Mouse,5717,70
119590,Elephant,559355,1268
119613,Mouse,5575,66
119691,Mouse,3777,64
119704,Mouse,4960,69
119745,Mouse,4672,67
119753,Mouse,3631,69
119917,Mouse,5796,69
119927,Mouse,4460,65
119932,Mouse,4678,65
119941,Mouse,3135,64
119944,Mouse,3571,64
119956,Mouse,3113,67
119967,Mouse,4225,66
119995,Elephant,61373,361
120026,Mouse,5323,65
120101,Mouse,5623,66
120123,Mouse,3497,67
120141,Mouse,5177,65
120145,Mouse,3372,64
120158,Mouse,4290,65
120170,Mouse,4772,70
120220,Mouse,4911,65
120263,Mouse,5333,66
120288,Mouse,3158,64
120297,Mouse,4230,68
120332,Elephant,78669,404
120441,Mouse,5579,66
120454,Mouse,3105,64
120466,Mouse,4935,65
120549,Mouse,4938,70
120551,Mouse,5339,72
120552,Mouse,4504,71
120558,Mouse,3954,64
120571,Mouse,4438,67
120764,Mouse,4110,64
120942,Mouse,5295,65
121032,Mouse,5588,70
121076,Mouse,5159,79
121121,Mouse,3468,78
121216,Elephant,62822,360
121248,Mouse,3807,80
121259,Mouse,4325,83
121294,Mouse,3781,84
121301,Elephant,311785,887
121322,Mouse,4995,79
121345,Mouse,4238,76
121385,Mouse,4238,64
121425,Mouse,4043,67
121510,Mouse,5076,71
121576,Elephant,155800,631
121694,Mouse,5290,71
121738,Mouse,5493,71
121787,Mouse,4552,69
121810,Mouse,4732,70
121864,Mouse,3712,72
121915,Elephant,479305,1130
121943,Mouse,4494,72
122000,Mouse,4169,64
122036,Mouse,3519,67
122042,Mouse,3279,64
122087,Mouse,4037,64
122097,Mouse,5672,67
122136,Mouse,3604,65
122198,Elephant,233132,742
122200,Mouse,4709,68
122208,Mouse,4739,69
122226,Mouse,3755,65
122285,Mouse,4342,65
122436,Elephant,146054,563
122438,Mouse,3153,65
122551,Mouse,5378,65
122554,Mouse,3964,64
122608,Mouse,4721,65
122676,Mouse,3670,64
122742,Mouse,4116,64
122820,Mouse,3039,64
122957,Mouse,5803,66
122962,Mouse,3971,64
123042,Mouse,3174,64
123058,Mouse,4792,65
123138,Mouse,4601,65
123149,Mouse,4365,65
123338,Mouse,3723,64
123381,Mouse,4234,65
123448,Mouse,5619,66
123482,Mouse,5011,65
123492,Mouse,4778,66
123513,Mouse,3320,64
123583,Mouse,5131,65
123594,Mouse,5800,66
123759,Mouse,3813,64
123892,Mouse,5776,66
123905,Mouse,5265,65
123922,Mouse,5719,66
123966,Mouse,3676,64
124167,Mouse,3813,64
124188,Mouse,4142,64
124311,Mouse,3183,64
124368,Mouse,4393,65
124641,Mouse,5630,66
124671,Mouse,5591,66
124704,Mouse,5556,66
124718,Mouse,5249,65
124742,Mouse,5674,66
124830,Mouse,3675,64
124931,Mouse,4470,65
124975,Mouse,3331,64
124999,Mouse,4474,65
125210,Mouse,3923,64
125218,Mouse,4173,64
125236,Mouse,5666,66
125491,Mouse,5354,69
125516,Mouse,5712,66
125573,Mouse,3036,66
125596,Mouse,4540,74
125615,Mouse,4325,76
125708,Mouse,3168,75
125709,Elephant,94852,461
125713,Mouse,4162,66
125768,Mouse,4089,67
125825,Elephant,133898,556
125849,Mouse,4092,72
125863,Mouse,4783,70
125945,Elephant,202730,690
125965,Mouse,5046,67
126169,Mouse,3497,64
126173,Mouse,4955,65
126207,Mouse,3037,66
126234,Mouse,5366,69
126369,Mouse,3041,67
126372,Mouse,4136,69
126441,Mouse,5434,70
126495,Mouse,4819,74
126602,Mouse,5236,74
126639,Mouse,3330,67
126691,Mouse,3427,67
126706,Elephant,567246,1218
126709,Mouse,3050,66
126778,Elephant,72143,379
126805,Mouse,4069,64
126812,Mouse,4793,65
126841,Mouse,3684,64
126869,Mouse,3506,64
126894,Mouse,5322,70
126924,Mouse,3576,69
127019,Mouse,3934,65
127256,Mouse,3593,64
127290,Mouse,5248,68
127336,Mouse,4104,65
127396,Mouse,4613,65
127433,Mouse,3442,64
127483,Mouse,3336,64
127494,Mouse,4250,68
127526,Mouse,3745,64
127539,Mouse,4738,69
127564,Mouse,3468,64
127646,Mouse,4352,65
127697,Mouse,3885,65
127700,Mouse,5682,68
127811,Mouse,5530,71
127848,Mouse,3957,70
127876,Elephant,406540,1096
127881,Mouse,5620,73
127896,Mouse,3472,69
127966,Mouse,5220,67
127980,Mouse,5665,70
127986,Mouse,4860,71
128019,Mouse,5542,70
128091,Mouse,5793,66
128255,Mouse,3143,69
128263,Mouse,5099,74
128349,Mouse,3441,67
128446,Elephant,274912,981
128461,Mouse,4993,70
128482,Mouse,5200,70
128518,Mouse,5254,75
128522,Elephant,348735,927
128551,Mouse,5625,67
128602,Mouse,3898,64
128617,Mouse,5548,69
128709,Mouse,4348,65
128730,Mouse,4736,65
128737,Mouse,3352,64
128746,Mouse,3122,66
128772,Mouse,5064,65
128786,Elephant,58648,325
128851,Mouse,5292,65
128863,Mouse,4864,65
128869,Mouse,4836,65
128884,Mouse,3502,64
128958,Mouse,4117,64
128972,Mouse,3951,64
128978,Mouse,4775,65
129021,Mouse,3192,65
129030,Mouse,4102,68
129077,Mouse,4281,70
129085,Mouse,3874,64
129262,Mouse,4961,65
129330,Elephant,135207,538
129358,Mouse,4457,65
129383,Mouse,4482,65
129420,Mouse,5288,65
129521,Mouse,3471,64
129560,Mouse,3858,64
129579,Mouse,3176,64
129588,Mouse,5824,66
129667,Mouse,4656,65
129680,Mouse,3105,64
129833,Mouse,4873,65
129926,Mouse,4598,69
130024,Mouse,5680,66
130115,Mouse,4821,65
130228,Mouse,5815,72
130255,Mouse,5822,78
130313,Mouse,5438,69
130419,Mouse,3484,77
130440,Mouse,3075,78
130560,Mouse,4159,95
130805,Mouse,4724,123
130830,Mouse,4107,119
130841,Mouse,5799,127
130862,Mouse,5682,130
130906,Mouse,4782,134
130989,Mouse,3669,116
131161,Mouse,3161,90
131171,Elephant,140943,890
131208,Mouse,4245,103
131218,Mouse,3836,106
131235,Mouse,3123,106
131244,Mouse,4232,105
131288,Mouse,3004,115
131389,Mouse,4431,124
131429,Elephant,518721,1698
131491,Mouse,3776,79
131556,Elephant,470135,1662
131573,Elephant,129829,1127
131676,Mouse,3374,73
131814,Mouse,4035,73
131828,Elephant,470369,1711
131858,Mouse,3917,77
131863,Mouse,4060,72
131899,Mouse,4664,85
131907,Mouse,3210,82
132011,Mouse,4114,68
132325,Mouse,5735,104
132419,Elephant,294646,999
132441,Mouse,4458,99
132476,Mouse,4697,104
132506,Mouse,5208,96
132530,Mouse,3273,96
132611,Elephant,479494,1383
132615,Mouse,4145,79
132702,Mouse,3297,68
132757,Mouse,4470,67
132879,Mouse,5770,81
132888,Mouse,4212,84
132964,Mouse,5823,100
132968,Elephant,108695,578
133076,Mouse,3853,81
133078,Mouse,3599,80
133097,Mouse,5762,92
133131,Mouse,4649,96
133138,Mouse,5832,97
133217,Mouse,5410,96
133289,Mouse,4510,92
133296,Elephant,251599,981
133331,Mouse,3456,81
133505,Mouse,3055,108
133513,Elephant,579921,1753
133647,Mouse,3997,87
133864,Mouse,3584,110
133974,Mouse,4675,114
134048,Elephant,354322,1395
134082,Mouse,3093,100
134097,Mouse,5097,85
134191,Mouse,4774,79
134249,Elephant,62431,617
134283,Elephant,206254,1015
134299,Mouse,4498,92
134307,Mouse,4313,89
134317,Mouse,4614,91
134384,Mouse,4213,88
134399,Mouse,4525,89
134444,Mouse,5288,96
134535,Mouse,5155,116
134542,Elephant,343813,1339
134597,Elephant,288366,1344
134622,Mouse,3789,95
134643,Mouse,4242,66
134661,Mouse,5592,72
134683,Mouse,3951,69
134704,Mouse,4541,68
134794,Mouse,3514,65
134830,Mouse,3491,73
134889,Mouse,5506,70
134901,Mouse,4373,76
134931,Mouse,3543,79
134968,Mouse,3532,85
134983,Mouse,4039,90
135009,Mouse,3665,91
135018,Mouse,5652,94
135225,Mouse,5053,93
135273,Mouse,5685,104
135384,Mouse,3783,115
135411,Mouse,3599,117
135470,Mouse,5414,120
135505,Mouse,5819,123
135512,Elephant,483904,2153
135521,Mouse,4732,113
135524,Mouse,3677,113
135564,Mouse,5558,100
135576,Mouse,3514,93
135588,Mouse,5563,91
135686,Mouse,4112,73
135722,Elephant,410579,1510
135725,Mouse,4008,73
135731,Mouse,4933,74
135766,Mouse,5714,76
135786,Mouse,3745,72
135810,Mouse,5800,73
135876,Elephant,415384,1539
135953,Mouse,5512,67
136039,Mouse,5545,67
136045,Mouse,5785,69
136110,Elephant,140819,561
136118,Mouse,5221,67
136220,Mouse,4113,64
136309,Mouse,3227,64
136394,Mouse,3001,63
136495,Mouse,4517,65
136614,Mouse,3540,64
136677,Mouse,4217,64
136728,Mouse,4822,65
136739,Mouse,3039,64
136766,Mouse,3100,66
136836,Mouse,3742,64
136840,Mouse,3097,64
136861,Mouse,5187,65
136924,Mouse,4483,66
136935,Mouse,5493,67
136942,Mouse,5821,66
137023,Mouse,3367,64
137030,Mouse,3291,64
137076,Mouse,3044,64
137087,Mouse,3017,64
137176,Mouse,5267,65
137183,Mouse,4070,64
137225,Mouse,3803,66
137273,Mouse,3366,64
137277,Mouse,3420,65
137443,Mouse,4463,71
137596,Mouse,4935,65
137639,Mouse,5229,67
137668,Mouse,5610,69
137809,Mouse,3704,64
137871,Mouse,4990,69
137927,Mouse,3675,74
137968,Mouse,3233,75
138045,Mouse,4599,82
138064,Mouse,4582,87
138151,Mouse,4215,98
138164,Mouse,5344,103
138235,Mouse,3996,105
138254,Mouse,3648,109
138335,Elephant,321517,969
138341,Elephant,367163,1187
138348,Mouse,4054,112
138377,Mouse,5718,91
138378,Mouse,5692,91
138384,Mouse,4223,86
138418,Mouse,4585,68
138426,Mouse,5157,67
138433,Mouse,3201,64
138460,Mouse,5132,74
138496,Mouse,4109,71
138521,Mouse,4688,68
138528,Mouse,3915,68
138552,Mouse,4192,68
138711,Mouse,3603,70
138766,Mouse,5789,84
138848,Mouse,4986,97
138891,Mouse,5717,107
138906,Elephant,348531,1094
138920,Elephant,143404,654
139015,Mouse,3197,66
139018,Mouse,4028,67
139142,Mouse,5705,69
139163,Mouse,4357,70
139272,Mouse,3693,66
139277,Mouse,5791,70
139298,Mouse,4479,77
139378,Mouse,4674,69
139390,Mouse,3384,69
139433,Elephant,272424,882
139443,Mouse,3998,70
139453,Mouse,3812,70
139471,Mouse,4064,73
139525,Mouse,3081,70
139578,Mouse,5775,66
139686,Mouse,4173,69
139699,Mouse,3278,73
139700,Elephant,375039,1028
139716,Mouse,4437,66
139797,Mouse,4194,64
139800,Mouse,3536,66
139818,Mouse,4732,69
139889,Mouse,5104,65
139970,Mouse,5010,65
139991,Mouse,4371,66
140004,Mouse,4948,74
140008,Mouse,5408,77
140123,Mouse,5004,67
140141,Mouse,3750,66
140214,Mouse,3877,74
140229,Mouse,5348,69
140294,Mouse,5514,77
140325,Mouse,4564,77
140344,Mouse,5301,81
140402,Mouse,5129,90
140418,Mouse,5004,94
140453,Mouse,3519,92
140467,Mouse,5076,98
140507,Elephant,410673,1068
140548,Mouse,5652,88
140568,Mouse,4519,85
140592,Elephant,130548,596
140652,Mouse,5258,68
140739,Mouse,3757,67
140823,Mouse,3446,66
140836,Mouse,5097,72
140852,Mouse,4503,72
140958,Mouse,3869,74
140991,Mouse,4750,78
141013,Mouse,5007,84
141080,Mouse,4955,85
141123,Mouse,4042,85
141137,Mouse,5402,91
141321,Elephant,552277,1428
141356,Mouse,5782,106
141381,Mouse,3567,96
141414,Mouse,3170,110
141576,Mouse,4878,107
141577,Mouse,4147,106
141607,Mouse,4462,107
141635,Mouse,3605,112
141704,Mouse,5552,123
141753,Mouse,4964,121
141866,Elephant,319732,1554
141883,Mouse,3926,123
141978,Mouse,4280,109
141995,Mouse,4661,110
142093,Mouse,5078,129
142143,Mouse,4022,143
142171,Mouse,3006,133
142232,Mouse,4283,141
142255,Mouse,3503,147
142278,Mouse,5793,140
142349,Mouse,3177,140
142412,Mouse,3525,138
142456,Mouse,4876,126
142497,Mouse,5833,139
142633,Mouse,5509,139
142746,Mouse,5593,143
142780,Elephant,246483,1634
142788,Mouse,5616,150
142794,Mouse,4633,152
142813,Mouse,3769,157
142859,Mouse,4854,158
142948,Mouse,4935,160
142976,Mouse,4789,150
142978,Mouse,4457,151
143063,Mouse,3586,147
143077,Mouse,3437,149
143139,Mouse,3382,147
143160,Mouse,4296,148
143180,Mouse,3024,151
143197,Mouse,5571,161
143329,Mouse,3057,167
143329,Mouse,3839,170
143383,Mouse,3417,157
143416,Elephant,268587,2123
143450,Mouse,5175,160
143465,Mouse,3400,161
143497,Mouse,4024,166
143518,Mouse,3535,151
143522,Mouse,5345,155
143529,Mouse,5159,159
143605,Mouse,5823,140
143736,Elephant,347635,2601
143815,Elephant,413584,3025
143819,Elephant,471420,2567
143827,Mouse,3986,106
143859,Mouse,4083,98
143866,Mouse,3893,96
143888,Mouse,4644,83
143905,Mouse,4200,91
143948,Mouse,3541,81
144079,Elephant,397561,2766
144109,Mouse,5660,84
144193,Elephant,490390,2972
144225,Mouse,3504,73
144250,Mouse,5629,77
144269,Mouse,4871,70
144389,Mouse,4881,69
144476,Mouse,3047,71
144658,Elephant,447394,1684
144745,Mouse,3846,83
144752,Mouse,3720,87
144795,Mouse,5178,107
144882,Mouse,3173,98
144944,Elephant,35343,324
145049,Mouse,4142,100
145188,Mouse,4939,115
145222,Mouse,4230,116
145252,Mouse,3798,121
145268,Mouse,4327,125
145467,Mouse,4885,134
145520,Mouse,4464,146
145526,Mouse,3821,146
145617,Mouse,4266,157
145626,Mouse,5043,163
145667,Mouse,4136,147
145677,Mouse,3346,148
145689,Mouse,5584,155
145696,Elephant,509166,1716
145737,Mouse,4294,140
145770,Mouse,3581,142
145820,Mouse,3209,126
145868,Mouse,4922,125
145880,Mouse,5423,128
145923,Elephant,182215,1393
145939,Mouse,5616,130
146026,Mouse,4215,125
146099,Mouse,3324,122
146102,Mouse,4261,124
146147,Mouse,4123,123
146154,Mouse,3956,123
146167,Elephant,32105,354
146173,Mouse,3507,130
146373,Mouse,5123,114
146387,Mouse,4768,115
146395,Mouse,3657,115
146597,Elephant,200973,1754
146632,Mouse,4475,114
146739,Elephant,342051,2183
146756,Elephant,128341,979
146878,Mouse,5207,107
146925,Mouse,5156,115
147061,Mouse,3057,106
147156,Elephant,282648,1935
147223,Mouse,3824,114
147238,Mouse,4928,112
147297,Mouse,4796,115
147326,Mouse,5046,119
147379,Elephant,305569,1647
147387,Mouse,5659,119
147416,Mouse,3592,121
147423,Mouse,3797,125
147490,Mouse,5780,97
147497,Mouse,5649,92
147597,Mouse,5584,100
147624,Mouse,3581,95
147635,Mouse,5669,104
147657,Elephant,514878,2510
147707,Mouse,3304,105
147820,Mouse,3858,96
147838,Mouse,3508,96
147866,Mouse,4835,109
147902,Mouse,5558,116
147941,Elephant,209310,1259
148020,Mouse,5390,98
148048,Mouse,5149,100
148049,Elephant,235017,1803
148065,Mouse,5731,94
148090,Mouse,4128,100
148107,Mouse,3221,86
148125,Mouse,3067,91
148132,Mouse,4023,88
148235,Mouse,4737,77
148272,Mouse,3219,83
148483,Mouse,3406,97
148490,Mouse,5176,103
148535,Mouse,3930,107
148631,Mouse,4214,112
148738,Mouse,4063,120
148775,Mouse,3489,125
148776,Mouse,3813,122
148866,Mouse,3161,116
148919,Mouse,5355,120
148943,Mouse,5493,119
148962,Mouse,4079,122
149034,Mouse,3141,116
149093,Mouse,4221,112
149113,Elephant,437132,2096
149174,Mouse,4537,92
149198,Mouse,4953,89
149202,Mouse,3586,85
149217,Elephant,379601,1468
149254,Mouse,4727,82
149275,Mouse,4909,78
149293,Mouse,3897,72
149353,Mouse,5684,69
149372,Mouse,4064,68
149421,Elephant,546044,1865
149422,Mouse,5027,73
149425,Mouse,3405,70
149439,Mouse,5266,69
149522,Mouse,5134,67
149558,Mouse,4180,64
149575,Mouse,5798,69
149643,Mouse,5060,65
149656,Mouse,4718,67
149664,Mouse,3591,71
149665,Mouse,4096,72
149669,Mouse,5425,68
149687,Mouse,5194,66
149751,Mouse,3357,64
149959,Mouse,5024,67
150007,Mouse,3639,69
150008,Mouse,4268,69
150055,Mouse,5523,66
150060,Mouse,3500,64
150066,Mouse,3811,66
150068,Mouse,4717,68
150102,Mouse,4801,65
150172,Mouse,3312,64
150178,Mouse,5444,67
150217,Mouse,5005,66
150280,Mouse,5746,66
150392,Mouse,5164,69
150417,Mouse,5272,65
150427,Mouse,5381,67
150443,Mouse,3609,69
150530,Elephant,64501,337
150630,Mouse,3191,67
150646,Mouse,5485,68
150716,Mouse,3374,64
150721,Mouse,3065,66
150730,Mouse,3645,73
150737,Mouse,4871,78
150754,Mouse,5604,81
150756,Mouse,3631,78
150772,Mouse,3506,74
150811,Mouse,5282,79
150817,Mouse,3221,80
150834,Mouse,4053,76
150854,Mouse,4707,75
150911,Mouse,5328,73
150961,Mouse,3546,72
151003,Mouse,3440,74
151006,Mouse,5089,77
151058,Mouse,3880,84
151083,Elephant,186493,678
151096,Mouse,5767,87
151100,Mouse,4779,88
151131,Mouse,3700,74
151224,Mouse,3173,66
151260,Mouse,4997,75
151313,Elephant,518483,1195
151595,Mouse,5200,71
151863,Mouse,3207,66
151872,Mouse,4670,73
151874,Mouse,4211,73
151891,Mouse,5026,75
151944,Mouse,3470,76
152031,Mouse,5459,70
152097,Mouse,5430,71
152114,Mouse,4269,77
152116,Mouse,5531,80
152125,Mouse,5101,84
152144,Elephant,352474,954
152148,Mouse,4623,82
152351,Mouse,4524,65
152401,Mouse,3603,64
152443,Mouse,4670,65
152557,Elephant,490590,1389
152558,Mouse,4391,69
152577,Mouse,4556,65
152669,Mouse,3240,64
152753,Mouse,4305,65
152835,Mouse,3793,64
152840,Mouse,3185,64
152868,Mouse,3133,64
152879,Mouse,4683,65
152952,Mouse,3930,64
153029,Mouse,4071,64
153036,Mouse,4795,65
153198,Mouse,3972,64
153251,Mouse,3971,64
153299,Mouse,3613,64
153396,Mouse,5492,66
153432,Mouse,5046,65
153521,Mouse,4383,65
153555,Mouse,3659,64
153576,Mouse,5816,67
153741,Mouse,4230,64
153774,Mouse,5729,71
153816,Mouse,5699,70
153880,Mouse,4777,69
154048,Mouse,4696,75
154131,Mouse,5489,78
154179,Elephant,532435,1182
154224,Mouse,3287,68
154313,Mouse,3517,64
154321,Mouse,4933,65
154340,Mouse,4811,74
154360,Mouse,3846,76
154371,Mouse,4531,80
154435,Mouse,5291,75
154475,Mouse,3163,74
154542,Mouse,3071,66
154613,Elephant,422319,1060
154668,Mouse,4376,83
154761,Mouse,3663,69
154829,Mouse,4834,79
154832,Elephant,121852,562
154869,Mouse,4904,78
154880,Mouse,4066,79
154902,Mouse,3948,85
154920,Mouse,4993,93
155035,Mouse,3013,82
155077,Mouse,3417,88
155123,Mouse,3800,92
155129,Mouse,3979,96
155152,Mouse,3010,105
155274,Mouse,4711,112
155283,Elephant,151946,782
155292,Mouse,5038,109
155316,Mouse,5586,118
155593,Mouse,4525,91
155649,Mouse,4505,105
155776,Elephant,337961,1240
155817,Mouse,4494,83
155821,Mouse,3653,75
156005,Mouse,4007,64
156050,Mouse,5650,68
156055,Mouse,3991,72
156055,Mouse,5186,72
156077,Mouse,3263,74
156266,Mouse,4270,75
156277,Mouse,3302,75
156309,Mouse,3399,75
156441,Elephant,520314,1691
156480,Mouse,3753,81
156485,Mouse,3573,83
156539,Mouse,3061,92
156795,Elephant,107511,605
156833,Elephant,171086,792
156851,Mouse,5444,111
156852,Mouse,5510,112
156855,Mouse,5322,114
156858,Mouse,4981,117
156892,Mouse,5508,77
156929,Mouse,4612,83
156947,Mouse,3174,72
156985,Mouse,5402,79
157047,Mouse,4620,74
157059,Mouse,4493,77
157077,Mouse,4524,80
157100,Elephant,321263,1151
157110,Mouse,4173,74
157316,Mouse,4581,73
157347,Mouse,4985,83
157416,Mouse,3089,85
157455,Mouse,5126,95
157500,Mouse,5162,97
157650,Mouse,4949,104
157684,Mouse,5807,112
157684,Elephant,332975,1311
157731,Mouse,3021,105
157784,Mouse,5543,77
157798,Mouse,5143,81
157849,Mouse,3386,79
157865,Mouse,3197,80
157896,Mouse,5166,88
157917,Mouse,3515,88
158181,Mouse,3393,111
158196,Elephant,512187,1810
158197,Mouse,4133,116
158248,Mouse,4140,85
158253,Mouse,4396,88
158371,Elephant,283788,1227
158389,Mouse,5529,70
158448,Mouse,4741,68
158501,Mouse,5808,74
158518,Mouse,4403,81
158641,Mouse,5442,73
158654,Mouse,5647,77
158873,Mouse,4534,86
158955,Mouse,4227,95
158986,Mouse,4857,105
159016,Mouse,5242,104
159115,Mouse,3243,111
159150,Mouse,5144,110
159164,Mouse,3813,110
159244,Mouse,5530,126
159312,Elephant,461397,1360
159365,Mouse,3228,77
159366,Mouse,3671,84
159420,Elephant,598596,1809
159463,Mouse,3149,67
159492,Mouse,5041,68
159494,Mouse,3501,68
159739,Mouse,4077,67
159781,Mouse,3465,67
159830,Elephant,140725,585
159936,Mouse,5097,70
159954,Mouse,4194,64
160020,Mouse,4786,67
160037,Mouse,5197,68
160039,Mouse,5371,69
160103,Mouse,3345,64
160246,Mouse,3971,64
160272,Mouse,3628,65
160292,Mouse,5689,66
160318,Mouse,4104,66
160353,Mouse,5259,67
160377,Mouse,4284,65
160433,Mouse,5256,67
160447,Mouse,5060,67
160465,Mouse,4841,65
160725,Mouse,4602,65
160738,Mouse,5225,67
160759,Mouse,5549,66
160783,Mouse,3930,68
160802,Mouse,4478,65
160908,Mouse,4886,65
160920,Mouse,3395,64
161020,Mouse,5008,65
161065,Mouse,5572,66
161111,Mouse,5612,66
161130,Mouse,3181,64
161237,Mouse,4380,65
161356,Mouse,5213,65
161419,Mouse,3924,64
161465,Elephant,138167,576
161505,Mouse,3653,64
161708,Mouse,5039,65
161735,Mouse,4262,65
161798,Mouse,3796,64
162027,Mouse,5835,66
162050,Mouse,3579,64
162134,Mouse,3628,64
162142,Mouse,5460,66
162172,Mouse,3960,64
162208,Mouse,3333,64
162293,Mouse,4151,64
162323,Mouse,5641,66
162396,Mouse,4337,65
162563,Mouse,4082,64
162644,Mouse,4891,65
162710,Mouse,3379,70
162731,Mouse,3132,69
162732,Mouse,3880,69
162776,Mouse,4661,72
162819,Mouse,4822,70
162874,Mouse,3110,65
162892,Mouse,4730,75
162914,Mouse,3377,80
162973,Mouse,4387,80
163004,Mouse,4264,79
163009,Mouse,3053,81
163011,Elephant,212154,718
163088,Mouse,4048,69
163096,Mouse,5463,71
163124,Mouse,4154,70
163161,Elephant,247764,788
163168,Mouse,4851,71
163177,Mouse,3479,68
163196,Mouse,3124,66
163238,Mouse,5371,70
163320,Mouse,4931,69
163385,Mouse,3309,64
163431,Mouse,4340,65
163476,Mouse,4249,65
163513,Mouse,4858,68
163531,Mouse,4563,69
163692,Mouse,4607,65
163772,Mouse,4419,68
163790,Elephant,535399,1180
163795,Mouse,5580,67
163882,Mouse,4816,65
163961,Mouse,3861,64
163971,Mouse,3005,63
164059,Mouse,3922,65
164066,Mouse,3658,69
164084,Mouse,4918,66
164184,Mouse,3519,64
164191,Mouse,4334,69
164199,Mouse,3016,69
164220,Mouse,5312,69
164224,Mouse,4817,68
164240,Mouse,5656,73
164345,Mouse,4141,70
164404,Mouse,3713,66
164571,Mouse,5682,74
164606,Mouse,5625,75
164721,Mouse,3244,78
164767,Elephant,394756,1021
164823,Elephant,355430,956
164857,Mouse,4352,65
164969,Mouse,4993,65
164972,Elephant,35949,245
165022,Mouse,3342,64
165225,Mouse,5229,69
165322,Mouse,5021,65
165358,Mouse,3189,65
165446,Mouse,4327,66
165454,Mouse,5820,70
165480,Mouse,5412,68
165492,Mouse,5335,73
165503,Mouse,5339,73
165542,Elephant,240499,735
165546,Mouse,4289,68
165575,Mouse,3550,64
165663,Mouse,3076,64
165666,Mouse,3170,64
165686,Mouse,3669,64
165702,Mouse,5483,66
165852,Mouse,3967,64
165900,Mouse,5319,65
165909,Mouse,4313,71
165910,Mouse,5210,71
165911,Mouse,3274,70
165915,Mouse,4854,68
165970,Mouse,4648,69
166008,Mouse,3449,67
166031,Mouse,4411,65
166115,Mouse,5186,65
166135,Mouse,4478,68
166183,Mouse,4709,70
166224,Elephant,132760,545
166234,Mouse,5418,69
166260,Mouse,4778,65
166268,Mouse,3353,66
166369,Mouse,4828,65
166442,Mouse,3341,66
166443,Mouse,4753,67
166554,Mouse,4081,64
166704,Mouse,3909,64
166715,Mouse,5199,65
166784,Mouse,4867,65
166799,Mouse,5471,66
166815,Mouse,3244,64
166856,Mouse,4914,65
166964,Mouse,5487,66
167005,Mouse,3177,64
167018,Mouse,5655,66
167087,Mouse,5111,65
167127,Mouse,3271,64
167206,Mouse,3703,64
167220,Mouse,5257,65
167239,Mouse,3582,64
167282,Mouse,4064,66
167305,Mouse,4956,65
167327,Mouse,4491,66
167370,Mouse,5807,66
167381,Mouse,4946,65
167424,Mouse,3345,65
167443,Mouse,4207,64
167513,Mouse,3799,65
167652,Mouse,3720,72
167657,Mouse,3496,65
167699,Mouse,3346,65
167840,Mouse,5050,72
167865,Mouse,3898,70
167944,Mouse,3592,72
167986,Mouse,3361,68
168024,Mouse,3554,77
168045,Mouse,5390,72
168062,Mouse,3975,77
168069,Mouse,3753,81
168129,Mouse,3236,90
168178,Mouse,3941,85
168230,Mouse,4029,94
168251,Mouse,3671,104
168347,Mouse,3313,121
168379,Mouse,3326,120
168408,Mouse,3578,128
168415,Elephant,124098,646
168556,Elephant,435041,1215
168591,Mouse,5135,87
168601,Elephant,396288,1153
168609,Mouse,3552,79
168630,Mouse,4988,79
168679,Mouse,4128,64
168689,Mouse,5201,65
168853,Mouse,4024,71
168868,Mouse,4119,71
169055,Mouse,4190,71
169104,Mouse,5452,76
169127,Mouse,3310,83
169172,Mouse,5591,85
169176,Mouse,3523,87
169199,Mouse,5316,96
169233,Mouse,5217,99
169343,Mouse,3308,90
169362,Elephant,304272,1214
169368,Mouse,3911,82
169402,Mouse,3459,78
169435,Mouse,3336,74
169436,Mouse,3310,74
169444,Mouse,3891,73
169469,Mouse,3101,68
169500,Mouse,5323,75
169529,Mouse,3504,75
169648,Mouse,3304,74
169691,Mouse,5586,83
169747,Mouse,5373,97
169782,Mouse,4405,107
169797,Mouse,3804,113
169808,Elephant,503968,1397
169813,Mouse,5284,107
169845,Mouse,4321,110
169858,Mouse,4111,101
169914,Mouse,4540,71
169968,Elephant,351702,1218
169979,Elephant,47994,352
170034,Mouse,4547,65
170095,Mouse,5008,67
170128,Mouse,5036,69
170178,Mouse,5449,71
170315,Mouse,4227,67
170354,Mouse,4119,66
170384,Mouse,3353,66
170389,Mouse,3342,64
170490,Elephant,386259,1059
170588,Mouse,3540,64
170614,Mouse,5160,65
170653,Mouse,3499,64
170681,Mouse,4068,64
170726,Mouse,5129,66
170816,Mouse,5390,65
170855,Mouse,4316,65
170924,Mouse,3543,65
171149,Mouse,3280,68
171428,Mouse,5605,73
171432,Mouse,3979,68
171467,Mouse,5778,83
171490,Mouse,3795,71
171521,Mouse,3009,80
171534,Mouse,4866,76
171583,Elephant,306148,858
171588,Mouse,3395,75
171625,Mouse,4630,67
171679,Elephant,149549,605
171699,Mouse,4402,66
171703,Mouse,3831,64
171770,Mouse,5629,66
171814,Mouse,5840,70
171864,Mouse,3752,65
171918,Elephant,39141,334
171969,Mouse,5778,66
172010,Mouse,5688,67
172068,Mouse,3985,67
172124,Mouse,4723,71
172145,Mouse,4630,73
172165,Mouse,3816,68
172196,Mouse,4376,71
172300,Mouse,3286,70
172309,Mouse,5020,73
172321,Mouse,3943,75
172393,Mouse,4967,82
172396,Elephant,433875,1062
172429,Mouse,4711,69
172526,Mouse,5650,66
172538,Mouse,5605,69
172604,Mouse,3337,64
172626,Mouse,4472,66
172692,Mouse,3686,68
172812,Mouse,4304,69
172846,Elephant,460773,1086
172847,Mouse,5335,71
172909,Mouse,5426,65
172928,Mouse,4929,65
172955,Mouse,4934,66
172973,Mouse,4064,65
172982,Mouse,4780,65
173052,Mouse,3615,64
173072,Mouse,4834,65
173078,Mouse,5607,66
173081,Mouse,3440,64
173358,Mouse,4109,64
173434,Mouse,4281,72
173445,Mouse,3772,68
173454,Mouse,4036,64
173634,Mouse,5469,67
173733,Mouse,3982,77
173785,Mouse,5438,94
173826,Mouse,5549,96
173842,Mouse,3877,103
173988,Elephant,261887,886
174020,Mouse,3715,86
174032,Mouse,4298,87
174134,Mouse,5333,85
174206,Mouse,4079,75
174381,Mouse,3580,101
174412,Mouse,4271,107
174458,Mouse,4364,116
174516,Mouse,3889,117
174518,Mouse,5778,120
174559,Mouse,4572,128
174559,Mouse,3076,122
174559,Mouse,3338,124
174627,Mouse,3418,122
174743,Mouse,4940,104
174820,Mouse,3871,121
174856,Elephant,558298,1756
174866,Mouse,4018,124
174881,Mouse,3602,127
174899,Elephant,187732,1059
174974,Elephant,310452,1556
175052,Mouse,4004,74
175068,Mouse,5298,74
175128,Mouse,3515,76
175134,Mouse,3471,81
175138,Mouse,3938,83
175154,Elephant,438369,1513
175166,Mouse,3800,84
175175,Mouse,3698,79
175181,Mouse,3484,81
175201,Mouse,5267,82
175234,Mouse,4607,73
175250,Mouse,4966,71
175320,Mouse,4894,67
175392,Mouse,5420,70
175420,Mouse,4732,78
175421,Mouse,5305,79
175466,Mouse,5155,88
175541,Mouse,3647,85
175547,Mouse,3139,88
175581,Mouse,4326,90
175609,Mouse,5304,101
175631,Mouse,5135,111
175709,Elephant,252178,945
175712,Mouse,4281,105
175714,Elephant,231275,1264
175805,Mouse,4694,66
175808,Mouse,4658,67
175840,Mouse,5688,67
176024,Mouse,4090,70
176033,Mouse,4829,65
176160,Elephant,547309,1417
176276,Mouse,3199,64
176289,Mouse,3720,68
176306,Mouse,4919,71
176315,Mouse,3799,66
176344,Mouse,3542,72
176378,Mouse,4676,72
176379,Mouse,5061,72
176483,Mouse,5198,71
176516,Mouse,5110,76
176590,Mouse,5826,76
176665,Mouse,3993,86
176694,Mouse,4112,90
176706,Mouse,5238,93
176745,Mouse,5413,102
176782,Mouse,5283,113
176888,Mouse,5521,111
176920,Mouse,4620,114
176938,Mouse,3112,111
176970,Mouse,4702,115
177007,Mouse,3452,114
177033,Mouse,5690,120
177038,Mouse,3199,122
177122,Mouse,5573,106
177153,Mouse,3360,109
177247,Mouse,4265,110
177381,Mouse,5301,114
177382,Elephant,385676,1324
177404,Elephant,578279,1627
177426,Mouse,4323,94
177436,Mouse,3976,87
177527,Mouse,4006,68
177594,Mouse,5238,73
177606,Mouse,5446,79
177628,Mouse,5304,81
177652,Mouse,4113,82
177674,Mouse,3668,89
177724,Mouse,3280,98
177753,Mouse,4441,99
177767,Mouse,5638,108
177931,Mouse,5557,105
177955,Mouse,5080,111
177985,Elephant,220371,998
178005,Mouse,3703,99
178010,Elephant,218236,1181
178151,Mouse,5288,70
178182,Mouse,5326,73
178188,Mouse,3445,70
178242,Mouse,4613,72
178281,Mouse,5406,73
178283,Elephant,351191,1627
178309,Mouse,4176,73
178363,Elephant,474348,2121
178377,Mouse,3947,64
178417,Mouse,3873,68
178475,Mouse,5360,65
178523,Mouse,4514,65
178545,Mouse,5754,70
178551,Mouse,4467,65
178812,Mouse,3539,71
178916,Mouse,4493,74
178926,Mouse,5693,78
178936,Mouse,3396,72
178956,Mouse,5165,77
178969,Mouse,4874,83
178976,Mouse,5300,90
178984,Mouse,5608,94
179000,Mouse,3118,89
179008,Mouse,3660,93
179035,Mouse,5762,100
179109,Mouse,5102,81
179230,Mouse,5834,83
179276,Mouse,5732,91
179337,Mouse,5723,101
179435,Mouse,3520,102
179440,Mouse,3492,102
179452,Elephant,382101,1149
179506,Mouse,4979,94
179538,Mouse,4120,75
179597,Mouse,5510,82
179616,Mouse,4566,78
179628,Mouse,3393,79
179710,Mouse,5673,91
179791,Mouse,5334,91
179807,Mouse,3718,93
179851,Mouse,5553,99
179924,Elephant,385671,1351
180009,Mouse,3052,72
180109,Mouse,5197,74
180153,Elephant,288683,1016
180157,Mouse,5091,93
180236,Mouse,3290,69
180249,Mouse,3595,67
180372,Mouse,5503,75
180405,Elephant,555017,1884
180445,Mouse,4406,76
180451,Mouse,5822,78
180543,Mouse,3713,67
180589,Mouse,5271,75
180699,Mouse,3038,92
180713,Mouse,5622,94
180727,Mouse,5119,101
180914,Mouse,4544,138
180938,Mouse,3507,145
180943,Elephant,246931,931
180963,Mouse,3130,134
180986,Mouse,5324,135
181043,Elephant,404269,1507
181149,Mouse,5681,71
181174,Mouse,4716,79
181183,Mouse,3313,80
181314,Mouse,5405,90
181349,Mouse,5275,106
181401,Mouse,4634,112
181442,Mouse,3785,115
181557,Mouse,3658,104
181575,Mouse,4974,109
181601,Mouse,5194,112
181640,Mouse,3990,118
181736,Elephant,314729,1391
181794,Mouse,4275,77
181874,Mouse,4733,89
181929,Elephant,369101,1375
182029,Mouse,5405,70
182087,Mouse,5025,79
182259,Mouse,3892,101
182368,Mouse,5193,102
182382,Elephant,218199,1201
182417,Mouse,3771,100
182480,Mouse,3840,90
182561,Mouse,3202,89
182598,Mouse,4411,96
182656,Elephant,105150,671
182671,Mouse,4043,105
182681,Mouse,4773,109
182699,Elephant,477635,1852
182716,Mouse,3032,85
182786,Mouse,4385,69
182874,Mouse,4662,69
182891,Mouse,3433,64
182943,Elephant,213462,1176
183019,Mouse,5317,72
183042,Mouse,3915,64
183084,Mouse,3419,65
183185,Mouse,5481,67
183208,Mouse,4617,66
183212,Mouse,3942,64
183240,Mouse,4943,69
183376,Mouse,3156,67
183445,Mouse,5377,74
183446,Mouse,5525,75
183449,Mouse,3388,76
183464,Mouse,3359,80
183537,Mouse,5574,75
183672,Mouse,5624,74
183679,Elephant,206197,697
183692,Mouse,4063,69
183736,Mouse,5297,76
183739,Mouse,3570,74
183804,Mouse,4668,77
183861,Mouse,5416,75
183869,Mouse,3118,70
183996,Mouse,4077,68
184034,Mouse,4068,68
184041,Mouse,3724,71
184052,Mouse,3598,71
184103,Elephant,428929,1061
184137,Mouse,3592,75
184182,Mouse,3836,69
184291,Mouse,4451,71
184324,Mouse,4389,71
184399,Mouse,4382,83
184409,Mouse,3269,88
184429,Mouse,3081,94
184447,Mouse,3875,94
184454,Mouse,4182,100
184462,Mouse,4690,105
184525,Mouse,5386,118
184545,Mouse,4745,126
184548,Mouse,3771,126
184804,Elephant,167320,813
184831,Mouse,4481,124
184842,Elephant,370609,1190
184913,Mouse,5460,76
185006,Mouse,5357,88
185011,Elephant,192893,860
185026,Mouse,5271,95
185071,Mouse,4196,89
185142,Mouse,5530,77
185167,Mouse,3486,84
185194,Mouse,3216,84
185226,Mouse,5498,94
185253,Mouse,5787,103
185260,Mouse,5266,107
185327,Mouse,5658,111
185338,Mouse,4950,115
185390,Mouse,4483,127
185426,Mouse,4846,128
185447,Mouse,3962,128
185450,Mouse,5603,130
185467,Mouse,4465,136
185511,Elephant,163842,913
185570,Mouse,4573,81
185708,Mouse,5271,97
185726,Mouse,5109,104
185874,Mouse,4408,102
185935,Mouse,4920,116
185999,Mouse,5763,131
186046,Mouse,3903,135
186118,Mouse,3462,135
186123,Elephant,587235,1893
186193,Mouse,3845,108
186194,Mouse,5636,110
186301,Mouse,4527,99
186302,Mouse,5592,100
186317,Mouse,3579,102
186396,Mouse,3166,104
186405,Mouse,5136,110
186425,Elephant,198204,1199
186460,Elephant,516033,2181
186538,Mouse,5051,80
186558,Mouse,5596,75
186580,Mouse,5088,85
186598,Mouse,3445,92
186672,Mouse,5015,93
186805,Mouse,5418,100
186857,Elephant,157425,1082
186859,Mouse,5342,102
186899,Mouse,4131,108
186912,Mouse,4321,115
186913,Mouse,5798,117
186931,Mouse,5578,109
187146,Mouse,4708,97
187174,Elephant,392466,2273
187248,Mouse,4339,77
187322,Mouse,5219,76
187373,Mouse,3631,84
187443,Mouse,5004,109
187500,Elephant,544556,1974
187557,Mouse,4677,123
187616,Mouse,3458,112
187633,Mouse,3963,115
187647,Mouse,3478,115
187661,Mouse,4430,119
187724,Mouse,4181,115
187761,Elephant,242580,1423
187781,Mouse,3246,80
187812,Elephant,159778,858
187959,Mouse,3683,79
188007,Mouse,3333,96
188021,Mouse,4238,102
188121,Mouse,4455,120
188250,Mouse,4816,114
188307,Mouse,4210,119
188380,Mouse,4643,116
188429,Mouse,3379,122
188477,Elephant,418724,2031
188540,Mouse,4966,80
188670,Mouse,5098,101
188695,Mouse,5623,108
188704,Mouse,3645,111
188745,Mouse,4472,118
189042,Mouse,4605,111
189050,Mouse,4122,105
189208,Mouse,5764,110
189209,Elephant,403456,1848
189217,Mouse,3175,107
189237,Mouse,5021,112
189334,Elephant,598557,2016
189398,Mouse,5836,74
189456,Mouse,5676,74
189466,Elephant,347721,1558
189477,Mouse,3392,65
189482,Mouse,5160,66
189512,Mouse,5671,67
189587,Elephant,465090,2255
189624,Mouse,3808,65
189684,Mouse,5460,66
189704,Mouse,3266,64
189709,Mouse,4450,65
189900,Mouse,5222,65
189923,Mouse,4936,65
189966,Mouse,5556,67
189993,Mouse,3993,64
190149,Mouse,4506,65
190254,Mouse,4637,65
190268,Mouse,5000,66
190346,Mouse,4938,65
190464,Mouse,3229,66
190519,Mouse,4241,68
190553,Mouse,3757,72
190597,Mouse,3372,79
190660,Mouse,5282,78
190696,Mouse,4806,86
190761,Mouse,5063,90
190834,Mouse,5678,92
190863,Mouse,4475,104
190897,Mouse,4693,106
190965,Mouse,3369,106
190974,Mouse,3138,108
191009,Mouse,3575,109
191062,Mouse,5634,115
191078,Mouse,4162,114
191123,Mouse,4207,111
191201,Mouse,3958,113
191243,Mouse,3577,111
191255,Mouse,4894,118
191271,Mouse,5149,117
191283,Mouse,4382,121
191322,Mouse,5727,114
191400,Mouse,3944,95
191434,Mouse,5259,104
191475,Elephant,547963,1556
191522,Mouse,3358,89
191598,Mouse,3287,76
191683,Mouse,5407,87
191709,Mouse,3041,93
191886,Mouse,5537,101
191953,Mouse,3019,98
192065,Mouse,3016,111
192073,Mouse,3871,113
192082,Mouse,4214,121
192098,Elephant,473218,1638
192101,Elephant,482647,1897
192146,Mouse,3999,93
192193,Mouse,5601,69
192255,Elephant,543234,1843
192266,Mouse,3915,65
192300,Mouse,3655,65
192373,Mouse,4425,74
192510,Mouse,5159,70
192529,Mouse,3301,64
192538,Mouse,3437,65
192553,Mouse,3577,68
192592,Mouse,4624,67
192624,Mouse,5259,67
192673,Mouse,4945,65
192715,Mouse,3147,65
192721,Mouse,4282,67
192741,Mouse,5139,66
192763,Mouse,4708,66
192792,Mouse,3043,65
192806,Mouse,5309,66
192869,Mouse,3302,66
192884,Mouse,3567,65
192914,Mouse,3265,68
192926,Elephant,361457,990
193040,Mouse,3275,64
193070,Mouse,5486,66
193103,Mouse,5797,66
193145,Mouse,3415,65
193195,Mouse,3091,64
193282,Mouse,4870,65
193417,Mouse,3675,64
193430,Mouse,4350,65
193466,Mouse,4489,65
193470,Mouse,3199,66
193491,Mouse,3128,64
193661,Mouse,3903,67
193761,Mouse,4515,65
193824,Mouse,3289,69
193952,Elephant,136390,546
194004,Mouse,4172,73
194005,Mouse,5506,75
194010,Mouse,4499,73
194242,Mouse,3774,67
194349,Mouse,3900,68
194385,Mouse,4187,71
194394,Mouse,5379,77
194438,Mouse,3842,79
194493,Mouse,5350,80
194504,Mouse,5817,75
194629,Elephant,506961,1208
194694,Mouse,4183,66
194734,Mouse,5424,70
194768,Mouse,5665,70
194898,Mouse,5399,67
194940,Mouse,4969,70
195006,Mouse,5709,70
195067,Mouse,3651,72
195077,Elephant,563569,1412
195205,Mouse,4054,64
195242,Mouse,5767,71
195345,Mouse,3401,67
195369,Mouse,5747,70
195374,Mouse,3226,67
195403,Mouse,4803,69
195416,Mouse,3321,70
195422,Mouse,5348,73
195587,Mouse,3356,66
195814,Elephant,423645,1089
196084,Mouse,4353,91
196176,Mouse,3272,107
196223,Elephant,349649,1203
196262,Mouse,5227,106
196281,Mouse,5527,89
196306,Mouse,5432,89
196324,Mouse,5667,93
196329,Elephant,312662,1016
196348,Mouse,5803,87
196442,Mouse,5083,69
196461,Elephant,104388,811
196607,Mouse,4710,69
196615,Mouse,4928,71
196675,Mouse,5198,72
196713,Elephant,378862,1085
196797,Mouse,4971,65
196851,Mouse,4621,66
196883,Mouse,4518,65
196947,Elephant,71469,367
196962,Mouse,4825,65
196997,Mouse,5505,66
197087,Mouse,5722,66
197106,Mouse,4274,65
197125,Mouse,3055,64
197137,Mouse,3271,64
197196,Mouse,3326,64
197381,Mouse,3618,64
197583,Mouse,3661,64
197620,Mouse,4318,68
197649,Mouse,3147,64
197755,Mouse,5603,67
197782,Elephant,95292,448
197895,Mouse,5492,69
197907,Mouse,3889,64
198031,Mouse,5189,66
198090,Mouse,3322,64
198147,Mouse,3359,67
198175,Mouse,5640,68
198190,Mouse,4162,68
198219,Mouse,5262,72
198229,Mouse,5269,65
198253,Mouse,4838,69
198320,Mouse,3010,67
198448,Mouse,5105,73
198473,Mouse,3261,67
198484,Mouse,4442,74
198498,Mouse,5102,81
198683,Elephant,488745,1117
198709,Mouse,3103,68
198730,Mouse,3142,70
198908,Mouse,5800,70
198972,Mouse,4529,84
199072,Mouse,4492,93
199118,Mouse,3888,106
199176,Mouse,3598,116
199221,Mouse,3542,125
199300,Elephant,478329,1243
199343,Elephant,93471,620
199364,Elephant,87343,564
199382,Mouse,3745,109
199430,Mouse,5658,84
199575,Mouse,5130,73
199658,Mouse,5656,86
199726,Elephant,160812,783
199731,Mouse,4160,92
199849,Mouse,5148,96
200007,Elephant,211576,935
200121,Mouse,4315,109
200247,Mouse,4937,138
200264,Mouse,4502,141
200291,Mouse,5675,138
200350,Mouse,4162,136
200423,Mouse,3847,127
200469,Elephant,469284,1842
200474,Mouse,3911,123
200505,Mouse,4207,122
200607,Mouse,4206,87
200718,Elephant,100197,714
200722,Mouse,4152,106
200785,Mouse,4375,101
200811,Mouse,3411,105
200845,Mouse,3691,96
200962,Mouse,5720,111
200996,Mouse,4445,117
201109,Mouse,4811,121
201205,Mouse,4513,108
201290,Mouse,5440,113
201325,Mouse,3437,118
201330,Elephant,303026,1678
201365,Mouse,4160,115
201375,Mouse,5162,120
201459,Mouse,5047,117
201505,Mouse,4444,117
201552,Mouse,4852,119
201559,Mouse,3260,119
201580,Mouse,5296,123
201633,Mouse,3371,128
201723,Mouse,3550,128
201765,Mouse,3878,125
201782,Mouse,5748,135
201792,Mouse,4599,135
201799,Mouse,4719,136
201834,Elephant,374393,2044
201841,Mouse,5279,133
201927,Mouse,5554,129
201992,Mouse,4714,125
202045,Elephant,459998,2457
202060,Elephant,349182,2017
202100,Mouse,5806,109
202108,Elephant,135772,935
202154,Mouse,3208,69
202187,Mouse,3003,66
202283,Mouse,5825,68
202557,Mouse,3948,97
202618,Mouse,5786,114
202646,Mouse,3699,114
202766,Mouse,4410,139
202799,Mouse,5106,141
202826,Mouse,3466,140
202862,Mouse,5757,149
202885,Mouse,3918,156
202892,Mouse,3957,159
202939,Mouse,4864,159
202978,Mouse,4954,161
202990,Mouse,4844,167
203004,Mouse,3205,167
203008,Elephant,304813,1691
203128,Elephant,331563,1398
203177,Mouse,4408,117
203312,Mouse,5132,98
203329,Mouse,5377,101
203421,Mouse,4764,116
203440,Mouse,3492,122
203483,Mouse,4715,137
203517,Mouse,5410,130
203532,Mouse,5237,139
203633,Elephant,458664,1722
203684,Mouse,3063,82
203724,Mouse,3822,77
203752,Mouse,3127,77
203767,Mouse,5805,83
203792,Mouse,5356,82
203802,Elephant,145488,1151
203829,Mouse,5700,80
203979,Mouse,5405,71
204102,Mouse,4269,75
204108,Mouse,3938,79
204149,Mouse,3840,84
204189,Mouse,3818,93
204218,Mouse,4324,99
204275,Mouse,4973,93
204285,Mouse,3893,97
204415,Mouse,5409,91
204555,Mouse,4184,96
204573,Mouse,4729,102
204598,Mouse,3210,106
204603,Mouse,5020,111
204651,Mouse,3390,118
204677,Mouse,5318,120
204689,Elephant,478384,1763
204711,Mouse,3306,118
204746,Mouse,3703,116
204781,Elephant,457971,1899
204902,Mouse,5214,67
204916,Mouse,3097,66
205002,Mouse,3317,66
205034,Mouse,4436,68
205043,Mouse,5489,70
205103,Mouse,3169,64
205144,Mouse,3977,65
205360,Mouse,3381,64
205423,Mouse,3352,64
205496,Mouse,3261,67
205580,Elephant,386502,1052
205592,Mouse,3731,64
205991,Mouse,3341,64
206035,Mouse,4498,67
206044,Mouse,5327,65
206114,Mouse,3239,64
206196,Mouse,5219,65
206209,Mouse,3110,64
206304,Mouse,5632,66
206346,Mouse,4992,66
206371,Mouse,4703,71
206503,Mouse,5250,65
206509,Mouse,4464,65
206527,Mouse,5382,65
206642,Mouse,3820,64
206724,Mouse,4120,64
206728,Mouse,3930,64
206738,Mouse,3351,64
206754,Elephant,140973,543
206770,Mouse,5816,67
206836,Mouse,3217,65
206909,Mouse,5829,66
206923,Mouse,3066,64
206936,Mouse,4570,68
206941,Mouse,5815,69
207036,Mouse,4171,64
207094,Mouse,5165,70
207102,Mouse,4225,66
207191,Mouse,3445,64
207368,Mouse,4046,64
207393,Mouse,5506,69
207441,Mouse,5422,72
207449,Elephant,206876,682
207498,Mouse,5076,65
207530,Mouse,4014,64
207589,Mouse,3949,64
207603,Mouse,3336,66
207604,Mouse,4367,67
207649,Mouse,5726,69
207667,Mouse,4020,64
207690,Mouse,5170,68
207753,Mouse,3239,66
207754,Mouse,4197,67
207865,Mouse,3532,72
207870,Mouse,5746,69
207913,Mouse,3901,70
207958,Mouse,4497,67
207988,Mouse,3174,68
208044,Mouse,5578,73
208258,Elephant,203056,683
208264,Mouse,3852,67
208337,Mouse,3420,67
208397,Mouse,3964,64
208458,Mouse,4347,67
208482,Mouse,5000,69
208514,Mouse,5455,74
208549,Mouse,4439,71
208553,Mouse,3318,73
208564,Mouse,5249,78
208579,Mouse,3612,79
208601,Elephant,269465,813
208636,Mouse,4739,77
208666,Mouse,5187,65
208670,Mouse,4282,65
208690,Mouse,3538,72
208758,Mouse,3541,66
208759,Mouse,5243,68
208855,Mouse,4190,70
208886,Mouse,4038,82
208898,Mouse,4355,80
208898,Mouse,4612,89
208919,Mouse,3060,75
208955,Mouse,5020,83
208992,Mouse,4525,87
209006,Elephant,149903,617
209054,Mouse,4097,87
209147,Mouse,5499,86
209249,Mouse,3853,96
209256,Mouse,4180,102
209317,Mouse,3321,105
209397,Mouse,4266,114
209401,Mouse,5471,117
209430,Elephant,157392,729
209447,Elephant,77199,505
209452,Mouse,3541,109
209471,Mouse,4531,118
209542,Mouse,5696,86
209695,Mouse,4290,69
209782,Mouse,4077,79
209820,Mouse,5397,88
209892,Elephant,466518,1417
209899,Mouse,4599,79
209977,Mouse,4651,77
209986,Mouse,4295,73
209995,Elephant,255363,1188
210313,Elephant,503121,1396
210358,Mouse,4425,65
210374,Mouse,4189,64
210468,Mouse,4790,67
210471,Mouse,3961,67
210536,Mouse,5144,65
210576,Mouse,4717,65
210669,Mouse,4640,66
210778,Mouse,3008,64
210787,Mouse,5058,65
210793,Mouse,4301,65
210948,Mouse,3581,65
210950,Mouse,4693,67
211015,Mouse,3407,67
211042,Mouse,4354,69
211054,Mouse,5090,73
211073,Mouse,5788,73
211080,Mouse,4351,69
211163,Mouse,5746,76
211198,Mouse,5682,77
211249,Mouse,3931,79
211302,Elephant,201025,740
211340,Mouse,3253,78
211355,Mouse,5286,87
211372,Mouse,5215,73
211445,Mouse,4048,69
211485,Mouse,3225,71
211501,Mouse,3167,72
211540,Mouse,3213,76
211608,Mouse,3078,82
211609,Mouse,3899,83
211746,Mouse,5017,95
211803,Elephant,320345,1043
211851,Mouse,3454,66
211939,Mouse,4493,69
211964,Mouse,5277,74
211982,Mouse,4946,75
212066,Elephant,413612,1096
212364,Mouse,4872,74
212367,Mouse,4760,74
212384,Mouse,4377,68
212410,Mouse,4265,74
212477,Mouse,3091,67
212484,Elephant,517552,1451
212534,Mouse,5025,65
212547,Mouse,4921,65
212673,Mouse,3112,64
212678,Mouse,5526,66
212776,Elephant,202137,678
212792,Mouse,5621,66
212797,Mouse,3829,64
212823,Mouse,3080,64
212857,Mouse,5748,66
212899,Mouse,5193,66
212943,Mouse,5458,67
212945,Mouse,4062,67
213042,Mouse,3907,64
213198,Mouse,3753,64
213263,Mouse,3325,64
213312,Mouse,3071,64
213351,Mouse,3104,64
213395,Mouse,5208,66
213518,Mouse,4227,64
213574,Mouse,4570,65
213696,Mouse,4647,65
213812,Mouse,5541,70
213929,Mouse,5003,68
214027,Mouse,3659,66
214038,Mouse,5641,75
214069,Mouse,5776,91
214072,Mouse,3870,91
214083,Elephant,91498,440
214151,Mouse,4050,80
214310,Mouse,5548,91
214330,Mouse,4104,99
214441,Elephant,101038,556
214459,Mouse,4183,107
214461,Mouse,4871,110
214589,Mouse,5291,96
214598,Mouse,4144,98
214610,Mouse,3158,99
214641,Mouse,4300,95
214672,Mouse,3735,94
214699,Elephant,242054,938
214743,Mouse,4322,75
214766,Mouse,3891,75
214792,Mouse,4370,75
214797,Mouse,3281,77
214813,Mouse,4977,80
214962,Mouse,5791,88
214974,Mouse,4806,91
215084,Mouse,5198,109
215110,Mouse,3986,100
215121,Mouse,3253,104
215166,Mouse,5425,110
215171,Elephant,346647,1340
215255,Mouse,3648,76
215264,Mouse,3414,78
215321,Mouse,5333,76
215461,Elephant,550663,1850
215537,Mouse,5287,70
215624,Mouse,3525,66
215639,Mouse,3944,67
215658,Elephant,555594,1572
215665,Mouse,5213,70
215667,Mouse,5542,71
215678,Mouse,4319,65
215685,Mouse,4816,69
215698,Mouse,4220,70
215815,Elephant,132192,561
215857,Mouse,5582,66
215893,Mouse,3550,64
215943,Mouse,4918,65
216030,Mouse,4070,67
216030,Mouse,3561,67
216052,Mouse,4742,65
216060,Mouse,4919,65
216134,Mouse,5077,65
216160,Mouse,5157,65
216626,Mouse,3759,67
216781,Mouse,3171,71
216821,Elephant,74791,373
216878,Elephant,272187,796
216895,Mouse,4663,66
216899,Mouse,4090,65
216906,Mouse,5576,66
216911,Mouse,3159,66
217036,Mouse,4669,65
217188,Mouse,3666,64
217220,Mouse,4785,69
217327,Mouse,4370,65
217455,Mouse,4731,68
217522,Mouse,4681,67
217543,Mouse,4431,65
217626,Mouse,3570,66
217743,Elephant,473055,1073
217815,Mouse,4889,65
217820,Mouse,4919,65
217842,Mouse,4792,65
217851,Mouse,5346,65
217867,Mouse,3793,64
217882,Mouse,4852,65
218105,Mouse,4299,65
218173,Mouse,4405,69
218263,Mouse,3740,64
218319,Mouse,5315,65
218341,Mouse,4085,67
218357,Mouse,5306,65
218405,Mouse,3420,64
218419,Mouse,3194,64
218673,Mouse,5434,66
218677,Mouse,4477,65
218691,Elephant,309065,848
218743,Mouse,5072,66
218767,Mouse,3609,64
218846,Mouse,5605,66
218854,Mouse,3016,64
218930,Mouse,3368,64
218937,Mouse,5205,65
218996,Mouse,3229,64
219052,Mouse,3374,68
219181,Mouse,4782,67
219523,Mouse,4018,90
219561,Mouse,5648,100
219633,Mouse,3645,122
219674,Mouse,5399,136
219713,Elephant,173996,753
219754,Mouse,4196,130
219815,Elephant,207527,830
219832,Mouse,5598,112
219846,Mouse,4989,109
219939,Mouse,4094,74
219962,Mouse,3009,73
220005,Mouse,3874,85
220176,Mouse,5588,100
220215,Mouse,3093,106
220224,Mouse,4119,110
220287,Elephant,128163,787
220294,Elephant,586841,1701
220345,Mouse,5714,77
220540,Mouse,3896,74
220651,Mouse,3376,84
220751,Mouse,5586,102
220792,Mouse,5647,109
220875,Mouse,3767,117
220906,Mouse,5429,110
220977,Elephant,474900,1598
221016,Mouse,5096,95
221063,Mouse,4091,76
221149,Mouse,5594,69
221163,Mouse,5682,70
221178,Mouse,3982,73
221180,Mouse,3146,75
221235,Mouse,4346,84
221245,Mouse,5744,89
221281,Elephant,519456,1807
221412,Mouse,3766,64
221463,Mouse,4400,70
221526,Mouse,5581,70
221621,Elephant,548399,1815
221748,Mouse,4640,66
221774,Mouse,3392,73
221782,Mouse,4301,65
221793,Mouse,3732,68
221827,Mouse,4884,71
221849,Elephant,199899,724
221871,Mouse,3972,69
221891,Mouse,4555,67
221893,Mouse,3379,66
221901,Mouse,5234,65
221905,Mouse,3511,64
221986,Mouse,5758,66
222086,Mouse,5691,70
222126,Mouse,5590,69
222132,Mouse,4072,71
222138,Mouse,4210,69
222156,Mouse,4816,65
222245,Mouse,4839,65
222368,Mouse,5053,70
222422,Mouse,4661,75
222455,Elephant,273026,815
222537,Mouse,4065,68
222592,Mouse,4849,71
222625,Mouse,5734,70
222652,Mouse,4838,69
222697,Elephant,94096,431
222771,Mouse,3101,64
222839,Mouse,3365,67
222972,Elephant,470707,1087
223009,Mouse,3266,64
223022,Mouse,3778,64
223041,Mouse,5019,69
223162,Mouse,3836,64
223259,Mouse,3487,64
223303,Mouse,4997,69
223377,Elephant,79647,405
223390,Mouse,3752,65
223537,Mouse,4597,65
223615,Mouse,5776,66
223761,Mouse,5424,65
223794,Mouse,4383,65
223847,Mouse,5170,65
223864,Mouse,4126,64
223896,Mouse,3495,64
224140,Mouse,5456,66
224258,Mouse,4370,65
224362,Mouse,3297,67
224374,Mouse,4833,72
224382,Mouse,5453,71
224420,Mouse,5622,74
224430,Mouse,5394,65
224453,Mouse,5345,68
224470,Mouse,3825,67
224477,Mouse,3487,64
224495,Mouse,5240,68
224496,Elephant,133432,542
224501,Mouse,5612,69
224507,Mouse,5562,66
224686,Mouse,3048,64
224782,Elephant,150100,579
224879,Mouse,4236,64
224919,Mouse,5266,65
225085,Mouse,4910,69
225193,Mouse,3408,74
225239,Mouse,4232,74
225288,Elephant,240360,821
225292,Mouse,5537,73
225304,Mouse,5073,74
225324,Mouse,5769,79
225331,Mouse,4719,82
225342,Mouse,5831,80
225358,Mouse,3714,74
225448,Mouse,5263,76
225512,Mouse,5354,77
225549,Elephant,437054,1052
225584,Mouse,5637,74
225640,Mouse,4127,72
225703,Mouse,3179,64
225719,Elephant,179498,659
225722,Mouse,4197,65
225827,Mouse,3240,64
226006,Mouse,3605,64
226202,Mouse,4746,65
226261,Mouse,4454,65
226265,Mouse,3936,66
226272,Mouse,3008,70
226274,Mouse,5800,74
226276,Mouse,4818,73
226292,Mouse,3160,64
226396,Mouse,3749,64
226436,Mouse,3544,64
226463,Mouse,5266,65
226553,Mouse,4457,65
226645,Mouse,5522,66
226751,Mouse,4734,70
226807,Mouse,3339,64
226809,Mouse,3102,64
226838,Mouse,5768,69
226844,Mouse,3751,71
226853,Mouse,3733,72
226906,Mouse,5776,66
226946,Mouse,4629,65
226953,Mouse,3742,64
227041,Mouse,5518,66
227070,Mouse,4328,69
227121,Mouse,3636,71
227167,Mouse,3402,64
227205,Mouse,3405,67
227220,Mouse,3246,67
227264,Mouse,4926,77
227268,Mouse,4600,78
227365,Elephant,431622,1029
227473,Mouse,5320,71
227535,Mouse,3908,64
227677,Mouse,4099,64
227771,Mouse,4229,66
227869,Mouse,3327,67
227982,Elephant,297857,840
228010,Mouse,4889,66
228020,Mouse,3019,64
228116,Mouse,4131,64
228173,Mouse,3051,64
228227,Mouse,3143,64
228294,Mouse,4026,64
228324,Mouse,4179,67
228421,Mouse,5036,67
228461,Mouse,5725,71
228542,Mouse,3757,68
228602,Mouse,4275,70
228668,Mouse,3749,67
228708,Mouse,3000,66
228850,Mouse,3357,67
228865,Mouse,5246,69
228998,Mouse,3590,71
229091,Mouse,5205,80
229104,Mouse,5475,84
229112,Mouse,5058,89
229156,Elephant,483195,1117
229168,Elephant,258001,817
229203,Mouse,5056,81
229266,Mouse,5768,66
229366,Mouse,3635,66
229371,Mouse,4138,64
229482,Mouse,3707,64
229501,Mouse,5362,70
229578,Mouse,5591,69
229590,Mouse,3206,76
229613,Mouse,4568,73
229690,Mouse,4259,69
229827,Mouse,4969,78
229959,Mouse,5744,91
229985,Mouse,3979,96
230060,Mouse,4092,108
230176,Mouse,4000,111
230367,Elephant,231129,940
230468,Mouse,5744,92
230485,Mouse,4697,92
230507,Elephant,497737,1376
230541,Mouse,4571,88
230548,Mouse,5022,91
230641,Mouse,4676,68
230687,Mouse,5072,68
230700,Mouse,4670,65
230724,Mouse,4423,72
230727,Mouse,5377,74
230739,Mouse,4081,64
230823,Mouse,3151,64
231079,Elephant,288165,921
231316,Mouse,3903,64
231344,Mouse,3959,64
231467,Mouse,4098,64
231510,Mouse,3124,64
231538,Mouse,3774,64
231615,Mouse,4950,70
231635,Mouse,4644,69
231646,Mouse,4275,68
231647,Mouse,5265,69
231651,Mouse,4978,69
231664,Mouse,3246,66
231758,Mouse,3043,67
231812,Mouse,3112,64
231820,Mouse,3683,64
231994,Mouse,3474,64
232093,Mouse,3377,67
232161,Mouse,4005,71
232247,Mouse,3502,72
232258,Mouse,4663,77
232283,Mouse,4819,72
232377,Mouse,5165,70
232413,Mouse,3060,76
232697,Mouse,3923,107
232731,Mouse,4068,112
232745,Mouse,3691,115
232813,Mouse,5625,118
232835,Elephant,575302,1331
232936,Mouse,4065,67
232985,Mouse,3256,74
233009,Elephant,75733,480
233028,Elephant,584784,1506
233032,Mouse,3809,74
233064,Mouse,3941,72
233277,Mouse,4519,69
233333,Mouse,5529,73
233582,Mouse,4302,69
233617,Mouse,5070,74
233671,Mouse,3917,79
233698,Mouse,3360,80
233771,Mouse,5656,92
233814,Mouse,4867,103
233824,Mouse,4078,105
234032,Elephant,479887,1207
234064,Mouse,3462,72
234069,Mouse,3681,71
234099,Mouse,5728,77
234132,Elephant,562131,1350
234153,Mouse,4660,77
234271,Mouse,5578,66
234307,Mouse,3220,64
234323,Elephant,47801,293
234403,Mouse,4410,65
234545,Mouse,3931,64
234552,Mouse,4855,65
234604,Mouse,3464,67
234691,Mouse,4411,66
234715,Mouse,4048,64
234752,Mouse,3194,67
234771,Mouse,5235,65
234833,Mouse,5744,70
234845,Elephant,322617,870
235057,Mouse,3619,64
235128,Mouse,5400,68
235130,Mouse,4266,67
235156,Mouse,5182,65
235175,Mouse,5134,72
235266,Mouse,4556,70
235271,Mouse,4722,73
235323,Mouse,5152,75
235356,Mouse,5491,68
235370,Mouse,5820,72
235405,Elephant,105022,465
235455,Mouse,3924,66
235459,Mouse,5531,68
235477,Mouse,4950,68
235529,Mouse,5767,71
235574,Mouse,4781,65
235585,Mouse,4071,64
235589,Mouse,4021,64
235652,Mouse,5705,70
235676,Mouse,3563,64
235744,Mouse,5185,69
235759,Mouse,3368,64
235814,Mouse,5445,66
235934,Mouse,4084,64
235978,Mouse,3361,64
236022,Mouse,3604,65
236083,Elephant,198671,673
236089,Mouse,3273,65
236216,Mouse,4827,66
236267,Mouse,4081,66
236289,Mouse,3645,64
236320,Mouse,5243,68
236363,Mouse,3974,66
236375,Mouse,4499,69
236390,Mouse,4535,69
236495,Mouse,5305,74
236498,Mouse,3343,75
236589,Elephant,93385,429
236643,Elephant,76662,381
236744,Mouse,3547,67
236870,Mouse,4384,69
236944,Mouse,4601,71
236946,Mouse,5412,71
237039,Elephant,495221,1108
237045,Mouse,4453,65
237075,Mouse,4980,65
237110,Mouse,3228,64
237133,Mouse,3909,64
237215,Mouse,3910,64
237327,Mouse,3631,66
237353,Mouse,3174,64
237409,Elephant,59986,324
237473,Mouse,5115,67
237475,Mouse,3584,65
237481,Mouse,5576,66
237538,Mouse,3525,66
237539,Mouse,3798,67
237544,Mouse,5285,68
237608,Mouse,5253,65
237630,Mouse,3578,64
237677,Mouse,3797,64
237696,Mouse,4851,65
237741,Mouse,4848,65
237756,Mouse,3537,64
237955,Mouse,4974,69
237964,Mouse,4126,64
238018,Mouse,3515,64
238219,Mouse,4778,73
238316,Mouse,5557,71
238368,Mouse,4448,74
238391,Mouse,5334,82
238445,Mouse,5573,85
238477,Mouse,3042,90
238505,Mouse,3502,97
238532,Mouse,5657,106
238571,Elephant,294477,907
238578,Mouse,5470,117
238591,Mouse,3942,115
238601,Elephant,255411,853
238659,Mouse,4455,70
238688,Mouse,5770,68
238689,Mouse,4098,68
238735,Elephant,113493,567
238742,Mouse,4893,66
238787,Mouse,5839,67
238872,Mouse,4444,65
238916,Mouse,3382,65
238921,Mouse,4740,65
238946,Mouse,3455,64
238951,Mouse,3011,64
238979,Mouse,5780,71
239003,Mouse,3397,64
239036,Mouse,3553,66
239085,Mouse,3160,64
239105,Mouse,4662,65
239123,Mouse,3453,72
239171,Mouse,4671,76
239174,Mouse,3449,81
239204,Mouse,5372,71
239303,Mouse,3091,65
239358,Mouse,4123,67
239379,Mouse,5142,71
239433,Mouse,4618,74
239464,Mouse,3155,75
239544,Mouse,5227,85
239609,Mouse,5174,95
239695,Elephant,582171,1328
239744,Elephant,175965,697
239753,Mouse,5142,81
239825,Mouse,4956,65
239836,Mouse,4267,67
239837,Mouse,4188,68
239960,Mouse,5559,66
239979,Mouse,5072,70
240074,Mouse,4211,67
240147,Mouse,3187,70
240205,Mouse,3775,67
240343,Mouse,5700,75
240376,Mouse,3156,75
240520,Mouse,5648,87
240573,Mouse,5395,97
240584,Mouse,4668,100
240628,Mouse,5584,107
240763,Elephant,432716,1186
240765,Mouse,4748,68
240779,Mouse,3245,70
240840,Mouse,4386,74
240868,Mouse,4527,70
240887,Mouse,5355,74
241034,Mouse,4400,66
241121,Mouse,4461,68
241133,Mouse,4221,69
241172,Mouse,4697,71
241192,Mouse,3044,77
241206,Mouse,4296,82
241373,Mouse,3625,99
241426,Elephant,206830,759
241475,Mouse,4551,113
241545,Mouse,4752,106
241615,Mouse,3565,106
241618,Mouse,3338,108
241628,Mouse,5610,113
241699,Mouse,5527,118
241760,Mouse,4399,117
241839,Mouse,3318,107
241906,Mouse,4538,100
241915,Mouse,5452,107
241919,Mouse,5018,109
241990,Elephant,488193,1457
242011,Mouse,3038,106
242077,Mouse,4117,75
242103,Elephant,38742,320
242172,Elephant,430600,1410
242207,Mouse,4341,65
242216,Mouse,5542,70
242221,Mouse,4711,71
242252,Mouse,5001,70
242336,Mouse,4495,71
242424,Mouse,3927,72
242461,Elephant,265881,1261
242590,Mouse,4938,65
242641,Mouse,3916,67
242663,Mouse,5807,66
242737,Elephant,426865,1403
242746,Mouse,5638,66
242828,Mouse,5752,66
242839,Mouse,4197,64
242877,Mouse,4259,65
242954,Mouse,4556,65
243051,Mouse,3677,64
243169,Mouse,4158,67
243171,Mouse,4467,67
243371,Mouse,3015,64
243394,Elephant,75895,372
243530,Mouse,5670,68
243547,Mouse,4422,65
243593,Mouse,5239,66
243648,Mouse,5243,65
243682,Mouse,4526,65
243720,Mouse,5096,72
243731,Mouse,5780,66
243774,Mouse,4526,75
243864,Mouse,3513,72
243988,Mouse,3441,68
244010,Mouse,3220,69
244094,Mouse,3579,71
244095,Mouse,4189,72
244113,Mouse,3476,82
244201,Mouse,3756,76
244221,Mouse,4937,87
244292,Mouse,5377,97
244371,Mouse,5569,106
244375,Mouse,4590,109
244433,Mouse,4656,122
244472,Mouse,3795,120
244489,Mouse,5382,123
244524,Elephant,484944,1230
244533,Mouse,4684,122
244594,Mouse,3101,92
244599,Mouse,4842,86
244632,Mouse,3211,66
244682,Mouse,4863,72
244742,Mouse,3568,71
244755,Mouse,5204,75
244769,Mouse,4038,73
244827,Mouse,5617,74
244832,Mouse,3030,74
244848,Elephant,582812,1424
244954,Mouse,4989,69
245008,Mouse,4812,72
245063,Mouse,3306,64
245188,Mouse,5491,70
245209,Mouse,3810,67
245267,Elephant,362607,1288
245357,Mouse,3781,64
245432,Mouse,3092,64
245469,Mouse,3371,64
245525,Mouse,3213,64
245604,Mouse,4888,65
245624,Mouse,5831,71
245629,Mouse,3560,74
245785,Mouse,5809,67
245837,Mouse,3879,69
245855,Mouse,4862,75
245881,Mouse,3295,70
245933,Mouse,3455,72
245936,Mouse,3211,76
245936,Mouse,3354,74
246038,Mouse,4520,83
246039,Mouse,5596,86
246086,Mouse,3838,89
246116,Mouse,5818,97
246144,Mouse,5682,104
246156,Mouse,5663,110
246176,Mouse,4247,105
246201,Mouse,5596,112
246244,Mouse,5245,120
246259,Elephant,213052,830
246311,Mouse,3177,85
246425,Mouse,5409,85
246488,Mouse,3470,94
246559,Elephant,320818,1093
246612,Elephant,465907,1229
246631,Mouse,4160,72
246720,Mouse,4074,66
246775,Mouse,4604,65
246904,Mouse,3934,67
246942,Mouse,3968,68
246956,Mouse,4539,69
246960,Mouse,5016,70
247014,Mouse,4360,65
247078,Elephant,226249,974
247082,Mouse,5542,69
247112,Mouse,5703,66
247128,Mouse,4791,65
247241,Mouse,5696,66
247249,Mouse,5077,65
247264,Mouse,5552,66
247306,Mouse,4027,65
247311,Mouse,4689,65
247433,Mouse,5081,65
247453,Mouse,3103,64
247541,Mouse,4110,64
247570,Mouse,4061,64
247693,Mouse,4672,65
247880,Mouse,5127,65
248225,Mouse,5552,66
248243,Mouse,4782,69
248281,Elephant,182077,630
248338,Mouse,5782,66
248383,Mouse,4263,66
248386,Mouse,5003,67
248401,Mouse,4894,65
248422,Mouse,3831,64
248491,Mouse,5818,66
248565,Mouse,4533,65
248630,Mouse,4807,65
248662,Mouse,3275,65
248664,Mouse,3357,65
248697,Mouse,3847,64
248737,Mouse,5622,66
248815,Mouse,3283,64
248876,Mouse,4897,65
249015,Mouse,3724,64
249051,Mouse,3786,64
249072,Mouse,4994,65
249247,Mouse,4471,65
249296,Mouse,3986,64
249367,Mouse,3805,64
249428,Mouse,3570,64
249441,Mouse,3269,64
249493,Mouse,3886,64
249523,Mouse,5605,66
249635,Mouse,5444,66
249762,Mouse,4914,69
249820,Mouse,4745,69
249834,Mouse,3913,64
249852,Mouse,3312,67
249859,Mouse,3943,69
249887,Mouse,3054,66
249902,Mouse,5437,70
249983,Mouse,3115,65
250016,Mouse,5463,68
250088,Mouse,5298,70
250146,Mouse,4846,68
250148,Elephant,133636,541
250153,Mouse,5267,66
250167,Elephant,112440,502
250224,Mouse,5579,66
250475,Mouse,3053,67
250553,Mouse,5464,69
250569,Mouse,4328,73
250587,Mouse,4797,79
250587,Mouse,4927,80
250652,Mouse,4389,69
250682,Mouse,3688,67
250694,Mouse,5573,71
250788,Mouse,3836,68
250799,Mouse,4947,72
250830,Mouse,3455,71
250864,Mouse,5026,82
250947,Mouse,4309,79
250975,Elephant,140863,599
251133,Elephant,362612,1082
251183,Mouse,3733,80
251250,Mouse,5332,76
251268,Mouse,4130,81
251291,Mouse,4525,84
251296,Mouse,5362,87
251394,Mouse,3633,99
251455,Mouse,4518,96
251463,Mouse,3402,97
251589,Mouse,5690,91
251727,Mouse,4234,99
251781,Mouse,5800,111
251784,Mouse,4622,112
251797,Mouse,3388,115
251922,Mouse,3380,131
251927,Elephant,308386,1193
251938,Mouse,5308,127
251948,Mouse,3060,124
251948,Mouse,3769,125
251970,Mouse,5244,126
252021,Mouse,5511,113
252148,Mouse,4663,93
252209,Elephant,555712,1847
252246,Elephant,31079,269
252254,Mouse,3739,81
252267,Mouse,4981,85
252290,Mouse,3365,79
252337,Mouse,4558,75
252367,Mouse,3904,70
252483,Mouse,5732,69
252503,Mouse,4927,74
252531,Mouse,4542,76
252564,Mouse,4610,80
252641,Elephant,475527,1768
252693,Mouse,4148,64
252738,Mouse,5822,70
252739,Mouse,5749,71
252756,Elephant,550415,1796
252790,Mouse,3689,70
252791,Mouse,5718,72
252800,Mouse,5206,73
252815,Mouse,3528,64
252976,Mouse,4840,65
252999,Mouse,4132,66
253093,Mouse,4732,69
253199,Mouse,4454,65
253211,Mouse,3161,64
253224,Mouse,5013,69
253267,Mouse,5687,70
253268,Mouse,3566,70
253356,Mouse,5688,67
253440,Mouse,4405,65
253478,Mouse,3021,66
253562,Elephant,328055,884
253565,Mouse,3776,65
253570,Mouse,4324,65
253574,Mouse,3946,65
253666,Mouse,5470,68
253697,Mouse,4241,64
253766,Mouse,4769,67
253777,Mouse,5808,66
253797,Elephant,49363,283
253805,Mouse,3900,65
253905,Mouse,4195,67
253930,Mouse,4765,65
253976,Mouse,3005,63
254036,Mouse,5476,72
254106,Mouse,4851,65
254114,Mouse,5453,69
254140,Mouse,5146,72
254149,Mouse,3796,73
254151,Mouse,4023,74
254204,Mouse,5083,68
254372,Mouse,4637,81
254374,Mouse,4940,82
254392,Mouse,5036,83
254465,Elephant,195125,712
254472,Mouse,4073,78
254475,Mouse,3261,79
254550,Mouse,3685,67
254562,Mouse,4714,66
254587,Mouse,3419,71
254641,Mouse,3633,74
254698,Mouse,4197,73
254838,Mouse,5702,86
254866,Mouse,3802,91
254874,Mouse,4760,96
254881,Mouse,4668,99
254918,Mouse,4376,113
254955,Mouse,4546,124
254995,Elephant,592789,1338
255015,Mouse,4126,92
255037,Mouse,5414,76
255044,Mouse,5588,74
255049,Mouse,4462,65
255173,Elephant,107945,734
255177,Mouse,4707,78
255180,Mouse,3572,68
255195,Elephant,245883,913
255334,Mouse,4011,67
255469,Mouse,5138,68
255482,Mouse,5214,70
255612,Mouse,3528,67
255635,Mouse,5159,69
255750,Mouse,4010,72
255788,Elephant,200040,689
255813,Mouse,4054,74
255870,Elephant,322309,875
255923,Mouse,5305,71
255935,Mouse,4611,65
255994,Mouse,5425,65
256125,Mouse,3359,64
256186,Mouse,3815,68
256234,Mouse,3177,70
256235,Mouse,4476,69
256243,Mouse,4870,70
256328,Mouse,3117,65
256340,Mouse,4449,65
256385,Mouse,3601,67
256426,Mouse,5409,74
256432,Mouse,3390,71
256458,Mouse,5478,80
256542,Mouse,4897,82
256551,Mouse,4114,85
256664,Mouse,5230,91
256689,Mouse,5207,95
256711,Elephant,324492,950
256727,Mouse,4717,93
256747,Mouse,3279,88
256832,Mouse,4880,77
256859,Mouse,4137,74
256988,Mouse,4298,93
257010,Mouse,3853,99
257061,Mouse,3779,113
257189,Mouse,3886,115
257240,Mouse,3601,114
257257,Elephant,242260,974
257271,Mouse,5599,118
257335,Mouse,3847,89
257378,Mouse,3480,69
257417,Mouse,4052,77
257470,Mouse,5449,75
257477,Elephant,480167,1346
257566,Mouse,4630,71
257622,Mouse,3605,71
257721,Mouse,5379,82
257751,Elephant,184693,912
257760,Mouse,4968,83
257937,Mouse,5373,80
257970,Mouse,3886,86
258032,Mouse,4341,100
258038,Elephant,500822,1720
258041,Mouse,5814,105
258068,Elephant,147595,650
258097,Mouse,3713,91
258125,Mouse,3698,82
258129,Elephant,167532,692
258136,Mouse,5567,67
258215,Mouse,5102,65
258418,Mouse,5061,65
258470,Mouse,5253,65
258503,Mouse,5241,72
258596,Mouse,5672,66
258641,Mouse,4328,73
258750,Mouse,4615,68
258758,Mouse,5688,74
258777,Mouse,4220,80
258811,Mouse,3514,76
258883,Mouse,3875,74
258907,Mouse,5230,81
258954,Mouse,4244,84
258975,Elephant,368725,1031
258979,Elephant,299168,868
258985,Mouse,3675,71
259038,Mouse,5070,65
259114,Mouse,3864,64
259153,Mouse,5659,66
259214,Mouse,3333,64
259572,Mouse,4942,65
259619,Mouse,3896,65
259621,Mouse,4633,67
259651,Mouse,4021,70
259675,Mouse,4167,64
259747,Mouse,3262,64
259780,Mouse,3104,70
259811,Elephant,43320,276
259882,Mouse,4817,65
260085,Elephant,154498,587
260141,Mouse,3527,64
260150,Mouse,3144,66
260160,Elephant,124130,504
260204,Mouse,3162,67
260282,Mouse,5163,65
260336,Mouse,4924,65
260369,Mouse,4139,64
260403,Mouse,3330,64
260410,Mouse,5577,66
260454,Mouse,5097,66
260538,Mouse,4278,65
260609,Elephant,103086,454
260669,Mouse,4547,65
260694,Mouse,3270,64
260703,Mouse,3945,64
260844,Mouse,5535,66
260860,Mouse,5049,65
260966,Mouse,4031,64
260992,Mouse,3594,64
261038,Mouse,4066,64
261069,Mouse,3353,67
261073,Mouse,4322,65
261087,Mouse,4183,68
261095,Mouse,3637,71
261159,Mouse,5135,68
261233,Mouse,4565,66
261368,Mouse,4415,68
261459,Mouse,3627,70
261530,Mouse,3779,79
261569,Elephant,248647,784
261618,Mouse,5776,74
261626,Mouse,4209,67
261655,Mouse,4903,71
261667,Mouse,5672,72
261743,Mouse,3875,70
261822,Mouse,4893,74
261861,Mouse,4365,75
261903,Mouse,5249,84
261965,Mouse,4924,88
262019,Mouse,3135,86
262057,Elephant,480998,1166
262145,Mouse,4566,65
262157,Mouse,3052,68
262223,Mouse,4054,74
262246,Mouse,3208,66
262256,Mouse,4547,71
262337,Elephant,501240,1197
262386,Mouse,3211,64
262547,Mouse,4267,68
262709,Mouse,5555,69
262770,Elephant,110819,512
262783,Mouse,5787,66
262838,Mouse,3371,66
262860,Mouse,5499,66
262868,Mouse,5201,65
262880,Mouse,3145,67
262889,Mouse,3727,67
262904,Mouse,4271,65
262997,Mouse,4139,71
263008,Mouse,4883,70
263036,Mouse,5703,73
263046,Mouse,3808,70
263149,Elephant,540519,1202
263239,Mouse,4622,65
263262,Mouse,5111,69
263384,Mouse,5271,70
263455,Mouse,3549,76
263555,Mouse,4807,73
263567,Elephant,130090,564
263570,Mouse,3441,79
263575,Mouse,3749,76
263619,Elephant,225586,750
263659,Mouse,4775,65
263827,Mouse,3245,64
263891,Mouse,3513,66
263956,Mouse,4998,73
263973,Elephant,170537,637
263974,Mouse,3140,66
264027,Mouse,4078,66
264029,Mouse,3280,66
264102,Mouse,4334,68
264129,Mouse,5406,69
264217,Elephant,209374,781
264288,Mouse,3404,64
264298,Mouse,4852,65
264445,Mouse,3674,64
264573,Mouse,4787,69
264579,Mouse,5071,68
264643,Mouse,5168,65
264710,Mouse,5669,66
264732,Mouse,5621,66
264753,Mouse,4053,65
264891,Mouse,4822,65
264936,Mouse,4659,66
264974,Mouse,3253,66
265012,Elephant,293216,812
265037,Mouse,5405,65
265083,Mouse,4335,65
265542,Mouse,3402,66
265685,Mouse,4567,69
265725,Mouse,4839,70
265741,Mouse,3607,73
265805,Mouse,5824,81
265811,Mouse,5746,83
265823,Mouse,3806,74
265872,Mouse,5730,82
265930,Mouse,3849,82
265995,Mouse,4581,85
266003,Elephant,220814,770
266031,Mouse,4577,80
266044,Mouse,5145,82
266061,Elephant,336564,926
266107,Mouse,4267,68
266253,Mouse,4633,69
266297,Mouse,5507,70
266371,Mouse,5238,69
266422,Mouse,3010,70
266481,Elephant,240817,774
266497,Mouse,3691,67
266506,Mouse,4780,72
266582,Mouse,3641,67
266589,Mouse,5784,72
266754,Mouse,3442,65
266762,Mouse,4991,68
266868,Mouse,5601,71
266870,Mouse,4651,72
266949,Mouse,3848,73
266976,Mouse,5617,72
267016,Mouse,5343,73
267120,Mouse,4872,73
267241,Elephant,553944,1203
267323,Mouse,4063,64
267361,Mouse,3211,64
267367,Mouse,4270,66
267494,Mouse,4420,65
267506,Mouse,4911,68
267534,Mouse,3788,64
267567,Mouse,5063,72
267623,Mouse,3738,72
267629,Mouse,5752,75
267668,Mouse,3816,69
267695,Mouse,4752,70
267755,Mouse,5378,74
267785,Mouse,5363,68
267793,Elephant,592877,1251
267853,Mouse,4462,65
267952,Mouse,3483,64
268103,Mouse,5379,65
268247,Mouse,5236,65
268386,Mouse,3721,64
268460,Mouse,5451,69
268460,Mouse,4814,69
268491,Mouse,3225,64
268513,Mouse,4173,64
268557,Mouse,4900,66
268628,Mouse,4977,65
268633,Mouse,5599,66
268695,Mouse,3172,64
268708,Mouse,4575,65
268737,Mouse,3795,64
268755,Mouse,3867,64
268772,Mouse,3320,66
268777,Mouse,4328,69
268805,Mouse,5388,65
268841,Mouse,5635,66
268903,Mouse,4667,65
268993,Mouse,5718,66
269054,Mouse,5171,69
269110,Mouse,4451,65
269151,Mouse,4472,73
269385,Mouse,4679,69
269526,Mouse,4384,78
269593,Mouse,5453,89
269607,Elephant,133743,578
269615,Mouse,5679,91
269662,Mouse,4523,80
269687,Mouse,3330,80
269732,Mouse,3212,73
269757,Elephant,308496,899
269883,Mouse,3084,67
269950,Mouse,5383,68
269954,Elephant,372382,979
269956,Mouse,3071,67
270019,Mouse,5446,66
270283,Mouse,5456,66
270297,Mouse,3034,64
270361,Mouse,3554,67
270380,Mouse,4312,65
270387,Mouse,3957,64
270564,Elephant,196968,666
270580,Mouse,3448,64
270592,Mouse,4442,65
270636,Mouse,4950,70
270639,Mouse,4796,70
270665,Mouse,3879,65
270669,Mouse,4726,68
270675,Mouse,4426,72
270849,Mouse,5578,69
271204,Mouse,3388,89
271211,Mouse,3887,92
271243,Mouse,5662,102
271420,Mouse,3949,106
271429,Mouse,3290,104
271454,Elephant,394231,1106
271532,Mouse,3186,69
271580,Mouse,4267,77
271635,Mouse,4724,89
271706,Elephant,338423,1166
271741,Mouse,4708,116
271774,Elephant,36321,301
271796,Mouse,4581,94
271868,Mouse,5807,77
271894,Mouse,3589,72
271943,Mouse,4161,78
272038,Elephant,584375,1425
272056,Mouse,4252,77
272190,Mouse,4570,68
272204,Elephant,141815,640
272489,Mouse,5230,69
272499,Mouse,5760,73
272587,Mouse,5806,67
272624,Mouse,4682,75
272660,Mouse,3458,70
272685,Mouse,4887,81
272703,Mouse,4722,80
272787,Elephant,441213,1322
272817,Mouse,3622,71
272899,Mouse,5623,69
272928,Mouse,4100,68
272931,Mouse,3064,70
272951,Mouse,4420,73
273055,Elephant,428314,1050
273061,Mouse,4655,65
273076,Mouse,4927,67
273079,Mouse,5018,68
273108,Mouse,3614,64
273124,Mouse,4107,67
273170,Mouse,5283,65
273208,Mouse,3720,64
273266,Mouse,4433,65
273375,Mouse,5750,66
273421,Mouse,5479,66
273435,Mouse,5576,66
273445,Mouse,3237,66
273524,Mouse,4089,64
273631,Mouse,4021,64
273688,Mouse,5132,65
273702,Mouse,4265,68
273863,Mouse,5684,66
273909,Mouse,4167,64
273930,Mouse,3062,66
273945,Mouse,5757,66
273984,Mouse,5730,66
273999,Mouse,3813,64
274021,Mouse,3716,68
274029,Mouse,4379,72
274072,Mouse,4102,72
274214,Mouse,5820,66
274349,Mouse,4489,68
274385,Mouse,4953,66
274407,Mouse,4159,70
274422,Elephant,464504,1172
274425,Mouse,4297,69
274488,Mouse,3733,67
274541,Mouse,5028,70
274607,Mouse,3576,64
274693,Mouse,5567,66
274738,Mouse,3877,65
274746,Mouse,4688,65
274883,Mouse,4675,65
274891,Mouse,3060,67
274923,Mouse,3471,64
274933,Elephant,355230,948
274948,Mouse,4706,68
274994,Mouse,3641,64
275066,Mouse,4274,65
275161,Mouse,4791,65
275229,Mouse,3025,64
275245,Mouse,4081,64
275252,Mouse,5263,65
275271,Mouse,3098,64
275335,Mouse,4124,64
275350,Mouse,5052,65
275420,Mouse,4044,64
275576,Mouse,3546,64
275633,Mouse,3801,64
275661,Mouse,5371,69
275661,Mouse,5357,70
275665,Mouse,3764,64
275693,Mouse,5798,66
275761,Mouse,3646,64
275794,Mouse,3516,64
275876,Mouse,3699,64
275930,Mouse,5345,65
275964,Mouse,5598,70
275970,Mouse,3339,65
276049,Mouse,3086,64
276080,Mouse,4281,65
276264,Mouse,3702,67
276276,Mouse,3786,74
276331,Mouse,5669,66
276354,Mouse,5183,70
276393,Mouse,4954,72
276396,Mouse,4926,74
276431,Mouse,3640,70
276432,Mouse,3667,70
276465,Mouse,5190,77
276468,Mouse,4962,79
276483,Elephant,172784,635
276490,Mouse,3924,65
276579,Mouse,3249,64
276611,Elephant,146335,582
276615,Elephant,61862,365
276677,Mouse,4138,64
276707,Mouse,3853,64
276811,Mouse,5226,65
276849,Mouse,5313,65
276871,Mouse,4602,65
276937,Mouse,4371,65
277008,Mouse,4304,65
277078,Mouse,3493,64
277084,Mouse,5223,65
277120,Mouse,4668,65
277205,Mouse,3227,64
277240,Mouse,4415,65
277367,Mouse,3701,64
277391,Mouse,4118,64
277425,Mouse,3427,64
277537,Mouse,4268,65
277541,Mouse,4263,65
277688,Mouse,5601,67
277693,Mouse,5310,65
277744,Mouse,5832,66
277750,Mouse,4383,65
277829,Mouse,3918,64
277840,Mouse,4545,68
277840,Mouse,4767,69
277946,Mouse,3332,67
277957,Mouse,4756,73
277963,Mouse,3732,64
278224,Mouse,5328,65
278249,Mouse,4407,67
278256,Mouse,5814,71
278270,Mouse,4052,73
278399,Mouse,3546,67
278406,Mouse,4681,65
278476,Elephant,443758,1031
278533,Mouse,3906,64
278543,Mouse,4831,65
278658,Mouse,3231,64
278791,Mouse,3584,64
278863,Mouse,5214,70
279148,Mouse,5488,66
279157,Mouse,5217,69
279425,Elephant,281995,894
279438,Mouse,4792,68
279454,Mouse,4816,71
279463,Mouse,5650,66
279487,Mouse,3079,69
279613,Mouse,5387,68
279618,Mouse,3862,66
279637,Mouse,4419,67
279669,Mouse,3927,70
279699,Mouse,5475,70
279784,Mouse,3627,69
279807,Mouse,3976,67
279992,Mouse,4823,84
280023,Mouse,4060,92
280029,Mouse,4324,96
280045,Mouse,4413,102
280071,Mouse,5561,109
280095,Mouse,5663,118
280145,Mouse,3031,125
280179,Mouse,4709,130
280300,Mouse,3480,129
280315,Mouse,3149,130
280323,Mouse,3616,133
280361,Mouse,3612,134
280373,Mouse,3311,136
280423,Mouse,3661,127
280434,Elephant,527809,1453
280450,Mouse,5454,115
280665,Mouse,4692,90
280814,Mouse,3669,98
280845,Mouse,4323,104
281103,Mouse,3389,108
281172,Mouse,4365,114
281283,Elephant,470080,1796
281294,Mouse,3248,102
281335,Mouse,3699,106
281352,Mouse,5741,94
281419,Mouse,3986,94
281527,Mouse,3242,107
281571,Mouse,4086,107
281587,Elephant,453678,1877
281615,Elephant,477141,1810
281629,Mouse,4767,95
281640,Mouse,5599,97
281889,Mouse,5680,70
281917,Elephant,469783,1864
281941,Mouse,3681,64
281950,Mouse,4883,67
282043,Mouse,4127,64
282222,Mouse,3253,64
282231,Mouse,4740,65
282250,Mouse,4158,65
282396,Mouse,3878,68
282407,Mouse,5658,66
282414,Mouse,5286,65
282549,Mouse,5294,67
282579,Mouse,5403,72
282726,Mouse,5046,82
282819,Mouse,3870,71
282961,Mouse,5716,91
282971,Mouse,4909,90
282973,Elephant,349171,956
283023,Mouse,4787,84
283044,Mouse,5550,88
283125,Mouse,3232,69
283137,Elephant,101077,505
283142,Mouse,5066,68
283188,Mouse,3876,68
283252,Mouse,4670,69
283259,Mouse,5525,70
283271,Mouse,3432,64
283417,Mouse,5215,69
283432,Mouse,3735,68
283483,Mouse,4237,70
283495,Elephant,464274,1116
283537,Mouse,4667,65
283541,Mouse,3064,64
283612,Mouse,5492,66
283626,Mouse,4570,65
283711,Mouse,3751,64
283767,Mouse,3969,66
283920,Mouse,3104,64
283983,Mouse,4403,66
284051,Mouse,3212,64
284054,Mouse,3823,65
284103,Mouse,4943,65
284140,Mouse,3885,64
284168,Mouse,5679,67
284258,Mouse,5517,66
284341,Mouse,5072,66
284459,Mouse,5550,67
284473,Mouse,4077,65
284520,Mouse,3101,66
284543,Mouse,4139,65
284614,Mouse,4505,65
284629,Mouse,3182,64
284833,Mouse,4584,65
284836,Mouse,4023,64
284895,Mouse,3761,68
284976,Elephant,325042,880
285122,Mouse,3704,64
285133,Mouse,5324,65
285157,Mouse,5207,68
285286,Mouse,3445,68
285343,Mouse,4398,65
285354,Mouse,4146,64
285388,Mouse,3079,64
285424,Mouse,5141,75
285445,Mouse,3484,64
285564,Mouse,4730,75
285570,Mouse,5783,68
285656,Mouse,3959,74
285662,Elephant,193289,663
285681,Mouse,3696,64
285758,Mouse,5814,66
285838,Mouse,4476,65
285844,Mouse,5023,65
285933,Mouse,3309,64
286099,Mouse,4610,65
286112,Mouse,4915,69
286161,Mouse,4078,70
286205,Mouse,5663,69
286277,Mouse,4368,71
286302,Mouse,5606,71
286456,Mouse,3427,75
286468,Elephant,594723,1249
286480,Mouse,5373,77
286480,Mouse,4008,78
286591,Mouse,3701,74
286639,Mouse,4140,64
286644,Mouse,4337,67
286648,Mouse,3560,70
286669,Mouse,5707,69
286687,Mouse,5819,68
286694,Mouse,4908,72
286747,Mouse,5800,74
286755,Mouse,4930,74
286824,Elephant,328279,911
286836,Mouse,4912,65
286850,Mouse,5196,69
286963,Mouse,4914,65
287026,Mouse,4427,66
287037,Mouse,3069,68
287058,Mouse,3863,66
287245,Elephant,34257,242
287253,Mouse,4202,66
287346,Mouse,3193,68
287523,Mouse,5782,95
287570,Mouse,5689,112
287600,Mouse,3877,119
287715,Mouse,5563,126
287828,Mouse,4159,98
287887,Elephant,562924,1427
287999,Elephant,231116,978
288006,Mouse,4979,71
288022,Mouse,5622,76
288131,Mouse,5097,72
288218,Mouse,5258,85
288345,Mouse,4626,87
288376,Mouse,3280,89
288446,Mouse,5433,100
288524,Mouse,5493,107
288740,Elephant,521231,1746
288790,Mouse,4988,90
288839,Mouse,5689,90
288872,Mouse,4412,85
288882,Mouse,5034,89
288899,Mouse,5782,96
288919,Mouse,3394,85
288932,Elephant,458542,1455
288957,Mouse,3992,80
288978,Mouse,5547,81
289113,Mouse,4912,70
289165,Elephant,548430,1761
289237,Mouse,3621,65
289362,Mouse,4328,68
289447,Mouse,5336,70
289578,Mouse,3606,65
289960,Mouse,5178,111
290006,Mouse,4153,123
290154,Mouse,3804,114
290182,Mouse,3743,105
290213,Mouse,3079,104
290246,Mouse,3910,102
290270,Mouse,5427,107
290308,Mouse,5389,115
290349,Mouse,5362,112
290376,Mouse,5748,121
290415,Mouse,3391,109
290522,Mouse,3324,104
290588,Elephant,534958,1594
290668,Elephant,245490,1172
290741,Mouse,5412,86
290821,Mouse,3195,97
290874,Elephant,448251,1584
290897,Elephant,453945,1854
290937,Mouse,4245,81
290980,Mouse,4495,68
291022,Mouse,5132,75
291088,Mouse,5838,69
291136,Mouse,3815,68
291170,Mouse,4562,76
291216,Mouse,5671,80
291257,Mouse,5128,83
291325,Mouse,5810,92
291380,Mouse,3446,92
291477,Elephant,280208,985
291484,Mouse,5041,99
291506,Mouse,4524,88
291556,Mouse,5750,79
291569,Mouse,3670,66
291625,Mouse,4932,74
291633,Mouse,5437,78
291729,Elephant,338943,1113
291742,Mouse,5768,71
291865,Elephant,328800,1158
291869,Mouse,4204,69
291917,Mouse,4094,64
292091,Mouse,3472,64
292144,Mouse,4679,65
292209,Mouse,4207,70
292212,Mouse,5537,73
292365,Mouse,4187,64
292433,Elephant,203256,680
292511,Mouse,5549,66
292563,Mouse,4714,65
292620,Mouse,3922,64
292652,Mouse,3492,64
292655,Mouse,3652,64
292683,Mouse,4780,65
292752,Mouse,5789,67
292755,Mouse,4763,67
292785,Mouse,4173,66
292792,Mouse,3687,69
292807,Mouse,4049,66
292808,Mouse,3352,66
292883,Mouse,4845,65
292907,Mouse,5348,65
292958,Mouse,3536,67
293008,Mouse,3662,69
293110,Mouse,5416,65
293143,Mouse,4455,67
293257,Mouse,5453,67
293267,Mouse,3949,68
293274,Mouse,4381,74
293298,Mouse,5213,65
293319,Mouse,4367,75
293332,Mouse,4296,65
293428,Mouse,4777,66
293433,Mouse,5327,68
293443,Mouse,4534,68
293446,Elephant,228658,725
293649,Mouse,3313,64
293683,Mouse,3050,64
293709,Mouse,5246,69
293721,Mouse,3701,65
293723,Mouse,3746,66
293747,Mouse,4512,67
293792,Mouse,3651,69
293805,Mouse,4554,65
293850,Mouse,4925,69
293876,Mouse,3589,66
293898,Mouse,3388,67
294190,Mouse,4552,69
294220,Elephant,270231,800
294297,Mouse,5325,65
294370,Mouse,3801,67
294421,Mouse,4664,72
294470,Mouse,4961,72
294659,Elephant,285873,836
294683,Mouse,4780,65
294788,Mouse,5549,67
294986,Mouse,3684,68
295049,Elephant,122020,513
295056,Mouse,5331,75
295206,Mouse,4526,68
295277,Mouse,3917,72
295300,Mouse,5804,78
295340,Mouse,4684,80
295382,Elephant,227317,749
295421,Mouse,5003,80
295502,Mouse,5005,70
295575,Mouse,5304,67
295591,Mouse,4331,65
295661,Mouse,4149,71
295672,Mouse,4242,76
295717,Mouse,4582,75
295733,Mouse,4033,74
295736,Mouse,4901,79
295791,Mouse,4971,80
295831,Mouse,3948,83
295837,Mouse,4930,84
295866,Elephant,395643,1319
295948,Mouse,4239,67
296018,Elephant,473180,1139
296023,Mouse,4325,66
296077,Mouse,3472,64
296131,Mouse,4578,65
296182,Mouse,3174,64
296278,Mouse,5775,66
296313,Mouse,5238,65
296384,Mouse,5251,69
296388,Mouse,5304,66
296549,Mouse,3959,67
296704,Mouse,3341,66
296712,Mouse,3431,68
296833,Mouse,5515,67
296902,Mouse,4462,74
296918,Mouse,5701,78
296937,Mouse,4507,80
296948,Mouse,4739,84
296962,Mouse,3705,92
297079,Mouse,5676,88
297204,Mouse,5817,85
297205,Elephant,394602,1064
297207,Mouse,4997,86
297228,Mouse,3385,90
297287,Elephant,325166,946
297305,Mouse,3731,69
297321,Mouse,4331,68
297392,Elephant,112064,572
297414,Mouse,4281,65
297431,Elephant,41108,253
297578,Mouse,5451,71
297675,Mouse,4714,65
297840,Mouse,4493,72
297891,Mouse,5432,75
298046,Mouse,3412,65
298135,Mouse,4951,74
298163,Mouse,5296,75
298204,Mouse,4274,72
298229,Mouse,3754,77
298276,Mouse,4982,78
298309,Mouse,4418,84
298323,Mouse,5757,86
298327,Elephant,262810,822
298331,Elephant,358078,958
298346,Mouse,3260,72
298354,Mouse,3605,77
298380,Mouse,5443,73
298383,Mouse,3205,67
298400,Mouse,5086,65
298414,Mouse,4794,65
298466,Mouse,5043,65
298544,Mouse,4342,65
298581,Mouse,3294,64
298600,Mouse,5184,65
298631,Mouse,5098,65
298665,Mouse,4186,64
298827,Mouse,3485,64
298834,Mouse,3112,64
298865,Mouse,4727,65
298887,Mouse,3237,64
298894,Mouse,4310,65
298946,Mouse,3392,64
298951,Mouse,5110,65
299035,Mouse,5015,65
299103,Mouse,5016,65
299191,Mouse,4429,65
299256,Mouse,3931,64
299386,Mouse,5114,65
299421,Mouse,5500,66
299449,Mouse,4529,70
299546,Mouse,5186,65
299599,Mouse,3856,64
299653,Mouse,4265,66
299689,Mouse,4591,65
299712,Elephant,212758,682
299755,Mouse,4303,65
299775,Mouse,3379,66
299777,Mouse,5505,68
299906,Mouse,3882,65
299925,Mouse,5811,66
300011,Mouse,3222,65
300087,Mouse,4620,66
300211,Mouse,4580,65
300219,Mouse,5153,67
300256,Mouse,5042,66
300365,Mouse,5391,70
300409,Mouse,4573,73
300514,Mouse,4189,64
300524,Mouse,3890,67
300538,Elephant,32367,207
300557,Mouse,5418,66
300563,Mouse,4688,66
300721,Mouse,4872,69
300736,Elephant,452630,1056
300775,Mouse,4991,68
300790,Mouse,5771,66
300842,Mouse,4099,64
300871,Mouse,4849,69
300872,Mouse,5715,70
300949,Mouse,3994,64
300955,Mouse,4033,64
301071,Mouse,5219,65
301074,Mouse,3984,65
301254,Mouse,3516,64
301283,Mouse,5631,67
301530,Elephant,53234,318
301580,Mouse,3375,64
301612,Mouse,4827,65
301641,Mouse,3270,64
301653,Mouse,4069,64
301663,Mouse,5513,66
301755,Mouse,5223,68
301757,Mouse,5089,68
301822,Mouse,3110,64
301946,Mouse,5576,66
302036,Mouse,3469,64
302164,Mouse,4092,64
302194,Mouse,4640,66
302237,Mouse,4325,65
302290,Mouse,3670,64
302309,Mouse,4964,65
302327,Mouse,4188,64
302382,Mouse,3118,64
302430,Mouse,5109,65
302537,Mouse,3425,66
302562,Mouse,5671,69
302563,Mouse,5066,69
302586,Mouse,5745,70
302594,Mouse,3605,71
302643,Mouse,5018,65
302674,Mouse,4581,68
302907,Mouse,5592,68
302990,Mouse,5360,74
303048,Mouse,4323,69
303080,Mouse,5541,76
303195,Mouse,5255,85
303275,Mouse,4013,107
303287,Mouse,5571,113
303326,Mouse,3233,120
303337,Mouse,5658,123
303367,Mouse,4144,119
303401,Mouse,3243,119
303425,Mouse,3305,112
303456,Elephant,434432,1161
303480,Elephant,51621,416
303502,Mouse,4032,83
303531,Mouse,4280,78
303532,Mouse,4373,79
303591,Mouse,4054,76
303623,Elephant,395271,1147
303680,Mouse,5292,67
303714,Mouse,3431,64
303724,Mouse,4875,67
303733,Mouse,3550,65
303953,Mouse,4314,66
304007,Mouse,5064,65
304140,Mouse,3122,64
304145,Mouse,5787,66
304161,Mouse,4081,67
304175,Mouse,3043,75
304180,Mouse,4552,78
304295,Mouse,3666,67
304311,Elephant,422223,1313
304351,Mouse,3686,68
304364,Mouse,4274,65
304377,Mouse,4515,65
304382,Mouse,3349,64
304453,Mouse,4514,66
304508,Mouse,5415,65
304554,Mouse,5611,66
304617,Mouse,3712,67
304689,Mouse,3770,66
304698,Mouse,3341,69
304720,Mouse,5785,73
304733,Mouse,5292,69
304750,Mouse,3998,70
304802,Elephant,268352,789
304893,Mouse,4452,67
304903,Elephant,143227,556
304966,Mouse,4420,65
304981,Mouse,4292,65
305291,Mouse,5360,65
305403,Mouse,4659,65
305557,Mouse,3789,64
305575,Mouse,5309,65
305747,Mouse,5056,65
305783,Mouse,3171,64
305789,Mouse,5773,66
305933,Mouse,3741,67
305949,Mouse,4705,71
305967,Mouse,3841,64
306007,Mouse,5033,65
306015,Elephant,195849,666
306017,Mouse,4408,67
306182,Mouse,3451,64
306214,Mouse,4013,64
306222,Mouse,5440,66
306328,Mouse,4487,65
306376,Mouse,3383,64
306400,Mouse,3536,64
306434,Mouse,3595,64
306457,Mouse,4409,65
306489,Mouse,5834,66
306492,Mouse,3869,65
306687,Mouse,4870,65
306805,Mouse,4444,65
306914,Mouse,3711,64
307022,Mouse,3399,64
307129,Mouse,4710,68
307160,Mouse,3817,64
307174,Mouse,3174,69
307206,Mouse,3240,66
307318,Mouse,4743,69
307347,Mouse,3507,66
307463,Mouse,5649,66
307483,Elephant,188119,640
307503,Mouse,4985,73
307504,Mouse,3881,71
307530,Mouse,5267,67
307551,Mouse,4885,74
307566,Mouse,4725,65
307624,Elephant,135236,546
307874,Mouse,5809,66
307878,Mouse,5022,66
307883,Mouse,5276,66
308031,Mouse,3830,64
308056,Mouse,3757,64
308130,Mouse,4098,64
308200,Mouse,3530,65
308203,Mouse,5475,67
308247,Mouse,3146,64
308344,Mouse,4338,65
308390,Mouse,3377,64
308444,Mouse,3141,64
308451,Mouse,5299,65
308494,Mouse,4770,66
308540,Mouse,3717,68
308541,Mouse,4176,69
308568,Mouse,4994,65
308691,Mouse,4437,65
308718,Mouse,5281,65
308740,Mouse,4749,65
308764,Mouse,3571,65
308765,Mouse,3039,66
308802,Mouse,3347,65
308805,Mouse,4934,67
308847,Mouse,4281,66
309042,Mouse,4575,65
309074,Mouse,3771,65
309077,Mouse,4790,67
309287,Mouse,5409,66
309377,Mouse,4084,71
309443,Mouse,4833,69
309460,Mouse,5356,74
309483,Mouse,4202,77
309541,Mouse,4713,90
309716,Mouse,3302,82
309790,Elephant,379598,1065
309796,Mouse,4176,94
309812,Mouse,4550,101
309836,Mouse,5139,105
309903,Mouse,5831,94
309945,Mouse,4008,93
310019,Mouse,4906,105
310044,Mouse,4940,106
310121,Mouse,5690,121
310136,Mouse,4780,132
310139,Mouse,5394,133
310202,Mouse,5608,136
310228,Mouse,4984,142
310417,Elephant,102919,734
310420,Mouse,4506,102
310452,Mouse,4766,108
310505,Elephant,382303,1318
310506,Mouse,5776,108
310544,Mouse,3732,86
310592,Elephant,382148,1507
310627,Mouse,5516,69
310671,Mouse,3222,68
310728,Elephant,252160,1315
310758,Mouse,5173,72
310858,Mouse,5261,65
310945,Mouse,5729,66
311099,Mouse,4239,79
311215,Mouse,4401,82
311264,Mouse,4065,85
311283,Mouse,3527,95
311345,Mouse,4193,99
311379,Mouse,3767,103
311409,Mouse,5390,108
311423,Elephant,483486,1574
311437,Mouse,4222,95
311453,Mouse,3234,104
311474,Mouse,5520,97
311478,Mouse,5219,97
311487,Mouse,5209,84
311552,Mouse,3012,78
311562,Elephant,357192,1149
311585,Mouse,5813,70
311626,Mouse,3138,67
311654,Elephant,221816,811
311775,Mouse,4462,65
311779,Mouse,3759,67
311782,Mouse,5534,68
311801,Mouse,4000,64
311816,Mouse,5667,66
311831,Mouse,4485,65
311849,Mouse,4029,64
311939,Mouse,5595,66
312019,Mouse,4349,65
312108,Mouse,5027,65
312127,Mouse,5549,66
312167,Mouse,5568,66
312192,Mouse,3227,64
312347,Mouse,5146,65
312426,Mouse,4590,65
312517,Mouse,4096,64
312530,Mouse,3716,64
312555,Mouse,3623,64
312569,Mouse,4536,65
312584,Mouse,3608,64
312639,Mouse,5134,65
312825,Mouse,4686,68
312869,Mouse,5720,69
312955,Mouse,5645,70
312993,Mouse,5219,69
313051,Mouse,3830,70
313088,Mouse,4220,67
313107,Mouse,3978,76
313297,Mouse,5318,90
313317,Mouse,3060,91
313362,Mouse,3709,101
313431,Mouse,4422,117
313432,Mouse,4162,118
313513,Mouse,4841,124
313579,Mouse,5712,136
313725,Elephant,363861,1142
313820,Mouse,3691,66
313838,Elephant,355075,1211
313866,Mouse,3514,65
313876,Mouse,4504,69
313929,Elephant,270887,1072
313973,Mouse,3732,68
313988,Mouse,5661,67
314047,Mouse,3831,67
314097,Mouse,5058,71
314116,Mouse,3473,67
314150,Elephant,65675,368
314323,Mouse,4607,69
314337,Mouse,5345,65
314406,Mouse,4839,66
314418,Mouse,3567,66
314436,Mouse,5460,69
314546,Mouse,3118,65
314663,Elephant,466437,1581
314691,Mouse,5493,66
314696,Mouse,5002,66
314724,Mouse,5241,65
314740,Mouse,5481,67
314919,Mouse,3460,64
315026,Mouse,4235,64
315070,Mouse,3676,68
315071,Mouse,4348,69
315177,Elephant,52611,320
315191,Mouse,3499,67
315203,Mouse,4968,65
315360,Mouse,5332,67
315397,Mouse,3320,67
315422,Mouse,3253,64
315485,Elephant,145741,548
315542,Mouse,3640,67
315605,Mouse,5397,65
315622,Mouse,4523,68
315638,Mouse,4679,70
315698,Mouse,3059,65
315699,Mouse,4088,67
315704,Mouse,3342,66
315706,Mouse,4749,68
315715,Mouse,3136,66
315722,Mouse,3090,68
315734,Mouse,5187,69
315764,Mouse,5342,69
315776,Mouse,4674,72
315823,Mouse,4008,71
315874,Mouse,4367,69
315904,Mouse,4860,67
315999,Mouse,3417,68
316068,Elephant,545894,1157
316100,Mouse,4144,64
316153,Mouse,4548,65
316183,Mouse,3148,64
316197,Mouse,4663,65
316288,Mouse,4879,65
316387,Mouse,3163,67
316538,Mouse,4673,65
316565,Mouse,4896,68
316616,Mouse,3394,70
316649,Mouse,3590,68
316789,Mouse,4989,80
316825,Mouse,4735,80
316857,Mouse,3703,93
316878,Mouse,5215,99
317074,Mouse,5439,121
317081,Elephant,508153,1237
317277,Mouse,5027,98
317308,Mouse,4345,108
317327,Mouse,5384,117
317403,Mouse,3452,134
317540,Mouse,4239,132
317597,Mouse,5387,120
317681,Mouse,5662,122
317741,Mouse,5225,116
317806,Elephant,71804,717
317813,Mouse,4671,132
317833,Mouse,4411,133
317858,Mouse,3389,140
317862,Mouse,4360,142
317941,Mouse,5386,146
317964,Mouse,5377,153
317995,Mouse,4400,149
318050,Mouse,4922,128
318156,Mouse,5461,124
318268,Mouse,5745,122
318278,Mouse,3126,121
318428,Elephant,347605,1770
318431,Mouse,5648,137
318446,Mouse,4958,132
318450,Mouse,4771,134
318513,Elephant,310273,1976
318779,Mouse,5016,112
318844,Mouse,5787,122
318855,Mouse,3754,120
318864,Mouse,4168,126
318900,Mouse,4161,136
318937,Mouse,5695,147
319012,Elephant,471400,2197
319029,Mouse,5313,153
319038,Mouse,3752,149
319061,Mouse,4417,159
319127,Mouse,5817,141
319160,Mouse,4825,134
319198,Mouse,5427,125
319240,Mouse,5360,126
319259,Elephant,283912,1599
319267,Mouse,4498,111
319296,Mouse,4596,99
319304,Mouse,3468,101
319348,Elephant,550848,2679
319374,Mouse,5423,79
319518,Elephant,565707,2758
319686,Mouse,3627,69
319744,Mouse,4282,71
319770,Mouse,4440,71
319778,Mouse,5671,77
319874,Mouse,4486,74
319883,Mouse,5078,78
319900,Mouse,4351,80
320040,Mouse,3803,92
320074,Mouse,3848,101
320113,Mouse,4110,109
320183,Mouse,5541,124
320365,Mouse,4777,128
320392,Mouse,4115,135
320414,Mouse,5045,133
320458,Elephant,431568,1975
320479,Mouse,3599,123
320517,Mouse,3487,98
320572,Mouse,3902,80
320607,Elephant,194993,986
320633,Mouse,3279,69
320660,Mouse,3728,78
320666,Mouse,4263,81
320726,Mouse,3566,78
320826,Mouse,4895,81
320830,Mouse,4658,82
320874,Mouse,3857,96
320907,Elephant,58369,374
320960,Mouse,3906,91
321217,Mouse,4429,95
321245,Mouse,5705,102
321352,Mouse,5297,121
321464,Mouse,5206,123
321537,Mouse,5719,130
321573,Elephant,456999,1966
321582,Elephant,475333,1924
321600,Mouse,3203,113
321630,Mouse,5618,107
321641,Mouse,4347,102
321645,Mouse,3986,92
321750,Mouse,3156,69
321909,Elephant,262264,1181
322030,Mouse,3427,72
322066,Mouse,5336,75
322154,Elephant,504808,1519
322157,Mouse,3302,76
322325,Mouse,4959,69
322412,Elephant,351627,1092
322415,Mouse,3732,68
322444,Mouse,5410,70
322470,Mouse,4459,69
322519,Mouse,3504,67
322550,Mouse,3391,67
322577,Mouse,5695,66
322600,Mouse,3931,70
322623,Mouse,5556,66
322670,Mouse,4641,65
322720,Mouse,3210,66
322782,Elephant,314237,875
322787,Mouse,5053,66
322816,Mouse,5524,66
322853,Mouse,4426,65
322981,Mouse,3997,64
323009,Mouse,5613,66
323040,Mouse,3122,64
323071,Mouse,5247,65
323204,Mouse,5722,66
323224,Mouse,5538,66
323245,Mouse,3694,64
323254,Mouse,5573,66
323270,Mouse,3978,64
323299,Mouse,4998,66
323385,Mouse,3648,64
323412,Mouse,3733,64
323430,Mouse,3733,64
323532,Mouse,4440,65
323627,Mouse,4808,66
323694,Mouse,4872,65
323804,Mouse,3315,64
323830,Mouse,4661,66
323877,Mouse,5088,65
323933,Mouse,5647,66
324081,Mouse,3597,67
324137,Mouse,3047,70
324222,Mouse,3633,67
324260,Mouse,3428,67
324321,Mouse,4315,69
324357,Mouse,5605,70
324401,Mouse,5351,69
324408,Mouse,4019,73
324494,Mouse,3215,65
324543,Mouse,4045,72
324601,Mouse,5734,86
324635,Mouse,5662,92
324661,Mouse,5373,98
324667,Mouse,3005,98
324705,Mouse,4621,108
324731,Mouse,3329,113
324755,Elephant,569414,1261
324775,Mouse,5280,100
324814,Mouse,4677,80
324826,Mouse,3643,73
324960,Mouse,4560,69
324969,Mouse,4259,74
325019,Mouse,4354,82
325060,Mouse,5710,93
325078,Elephant,261983,951
325127,Mouse,3514,83
325130,Mouse,4950,73
325146,Mouse,4229,79
325213,Elephant,187417,760
325300,Mouse,4081,64
325344,Mouse,3088,80
325407,Mouse,4899,89
325479,Mouse,4938,101
325500,Mouse,3234,106
325514,Mouse,3553,110
325558,Elephant,171424,731
325573,Mouse,4771,109
325659,Mouse,4270,85
325672,Mouse,4000,85
325708,Mouse,3256,92
325795,Mouse,4337,102
325823,Mouse,4311,112
325847,Mouse,4811,112
325929,Mouse,3026,119
325981,Mouse,3182,122
325997,Mouse,3811,111
326054,Mouse,4510,119
326069,Mouse,3408,112
326120,Mouse,4951,117
326181,Mouse,4640,126
326242,Mouse,4046,126
326260,Mouse,5627,136
326287,Mouse,3188,138
326313,Mouse,5333,143
326348,Mouse,3538,144
326351,Elephant,565591,1743
326373,Elephant,304548,1362
326383,Mouse,4131,103
326421,Mouse,3390,64
326431,Mouse,4065,64
326439,Mouse,3481,67
326502,Mouse,3518,70
326545,Mouse,4074,68
326691,Mouse,3884,70
326768,Mouse,5396,80
326828,Mouse,5564,94
326867,Elephant,173212,1302
326895,Mouse,4307,100
326930,Mouse,3449,97
327097,Mouse,5072,94
327114,Mouse,5659,101
327127,Elephant,533486,1872
327160,Mouse,3944,93
327164,Mouse,3054,94
327173,Mouse,4223,85
327220,Elephant,75811,520
327236,Mouse,3891,68
327261,Mouse,4168,69
327289,Mouse,4808,71
327359,Elephant,500279,1936
327393,Mouse,4043,67
327602,Mouse,5547,67
327692,Mouse,3455,66
327739,Mouse,5573,70
327789,Mouse,5498,75
327842,Mouse,3920,80
327883,Mouse,4661,87
327983,Mouse,4871,96
328011,Mouse,3931,96
328071,Mouse,4737,110
328096,Elephant,57791,419
328120,Mouse,5679,113
328146,Mouse,3408,116
328204,Mouse,3493,98
328208,Mouse,3795,102
328217,Mouse,4803,101
328311,Mouse,4262,100
328328,Elephant,471035,1533
328356,Mouse,3207,80
328557,Mouse,3967,67
328566,Elephant,232375,975
328579,Mouse,5181,66
328592,Mouse,3984,66
328617,Mouse,4488,65
328640,Mouse,3884,66
328647,Mouse,3676,66
328696,Elephant,392915,1330
328703,Mouse,3557,64
328721,Mouse,5319,66
328782,Mouse,3383,64
328862,Mouse,3274,64
329007,Mouse,3831,64
329111,Mouse,3339,64
329133,Mouse,5290,65
329257,Mouse,4544,65
329305,Mouse,3045,64
329354,Mouse,4046,66
329546,Mouse,4381,69
329591,Mouse,3563,64
329599,Mouse,5638,66
329671,Mouse,5008,69
329683,Mouse,3339,70
329729,Mouse,4528,69
329810,Mouse,3993,68
329866,Mouse,5697,67
329906,Mouse,5166,69
329915,Mouse,5215,68
329951,Mouse,3882,68
329992,Mouse,3237,64
330021,Mouse,5488,71
330037,Mouse,3817,65
330061,Mouse,4195,71
330187,Mouse,4780,66
330193,Mouse,5201,66
330274,Mouse,4927,76
330294,Mouse,4173,67
330375,Elephant,577728,1248
330378,Mouse,3976,69
330455,Mouse,3182,66
330538,Mouse,3604,66
330607,Mouse,5667,74
330638,Elephant,208201,699
330652,Mouse,5479,68
330744,Mouse,4348,65
330756,Mouse,3487,70
330789,Mouse,4977,66
330857,Mouse,3199,65
330886,Mouse,4534,69
330943,Mouse,4040,68
330958,Mouse,4999,65
331028,Mouse,4157,70
331036,Mouse,5402,75
331039,Mouse,3029,73
331089,Mouse,5286,79
331131,Mouse,4200,81
331236,Elephant,347544,946
331304,Mouse,3388,76
331333,Mouse,4569,69
331346,Mouse,4074,72
331372,Mouse,4711,70
331444,Mouse,3720,73
331632,Mouse,3562,76
331867,Mouse,5680,105
331931,Mouse,3542,112
331950,Mouse,4136,111
331974,Elephant,464798,1288
331988,Mouse,5594,89
332025,Mouse,5489,91
332090,Mouse,3811,72
332122,Mouse,5632,75
332154,Mouse,3052,76
332219,Mouse,4984,84
332229,Mouse,4370,85
332264,Mouse,4405,88
332283,Elephant,540035,1336
332287,Mouse,3898,83
332297,Mouse,3306,81
332328,Mouse,4013,77
332348,Mouse,5048,71
332368,Mouse,5315,65
332586,Mouse,5443,70
332598,Mouse,3497,64
332615,Mouse,4254,67
332656,Elephant,533963,1418
332668,Mouse,3238,67
332712,Mouse,3132,64
332724,Mouse,4974,65
332737,Mouse,5551,66
332746,Mouse,3429,64
332832,Mouse,3699,64
332854,Mouse,4835,65
332879,Mouse,5041,65
332999,Mouse,4145,64
333021,Mouse,5775,66
333192,Mouse,3862,64
333221,Mouse,4109,64
333293,Mouse,3194,64
333330,Mouse,4636,65
333424,Mouse,5196,65
333517,Mouse,4009,64
333538,Mouse,5307,65
333607,Mouse,3760,64
333634,Mouse,3480,64
333817,Mouse,3293,64
333900,Mouse,4298,67
334317,Mouse,4841,76
334321,Elephant,110185,471
334387,Elephant,222124,727
334434,Mouse,3496,64
334445,Mouse,4709,65
334474,Mouse,4402,67
334510,Mouse,3949,71
334527,Mouse,3215,64
334572,Mouse,4359,69
334635,Mouse,4946,65
334658,Mouse,3307,67
334814,Mouse,5427,72
334818,Mouse,4897,68
334826,Mouse,3427,66
334847,Mouse,3646,71
334858,Elephant,401081,1081
334920,Mouse,5409,66
334943,Mouse,4756,68
334964,Mouse,4036,65
335031,Mouse,5550,69
335145,Mouse,3701,68
335264,Elephant,323188,878
335315,Mouse,4234,72
335323,Mouse,5221,69
335504,Mouse,4620,70
335510,Mouse,4799,73
335519,Mouse,5062,78
335529,Mouse,4799,87
335545,Mouse,4430,84
335555,Mouse,4081,86
335733,Mouse,4485,93
335810,Mouse,5558,107
335957,Mouse,3901,104
336184,Mouse,4222,98
336193,Mouse,4253,102
336228,Mouse,4079,109
336255,Mouse,3518,113
336272,Mouse,4833,122
336360,Mouse,3565,115
336369,Mouse,3493,112
336412,Mouse,5838,116
336432,Mouse,3875,118
336457,Mouse,5045,117
336482,Mouse,3576,115
336524,Mouse,3294,105
336538,Mouse,4753,111
336675,Mouse,5288,110
336705,Mouse,3706,117
336736,Elephant,458527,1707
336784,Elephant,542337,1741
336809,Elephant,493971,1629
336829,Mouse,3026,77
336922,Mouse,4418,68
336967,Mouse,5341,69
337004,Mouse,5424,68
337020,Mouse,3563,66
337122,Mouse,4394,65
337127,Mouse,4035,64
337286,Elephant,471554,1697
337308,Mouse,3596,65
337338,Mouse,3937,64
337356,Mouse,3604,69
337399,Mouse,3419,67
337533,Elephant,137012,550
337594,Mouse,4441,65
337809,Mouse,4055,64
337927,Mouse,5817,66
337978,Mouse,3439,64
337983,Mouse,5660,66
338291,Mouse,4746,68
338298,Elephant,181372,632
338372,Mouse,3177,66
338374,Mouse,4978,68
338403,Mouse,4777,65
338418,Mouse,4132,69
338444,Mouse,4183,65
338470,Mouse,5119,65
338580,Mouse,3314,66
338641,Mouse,5509,67
338653,Mouse,5354,68
338683,Mouse,5248,72
338739,Mouse,3616,75
338740,Mouse,5759,82
338778,Mouse,4713,78
338808,Elephant,111022,509
338837,Mouse,5446,83
338926,Mouse,3800,67
338947,Mouse,5798,74
338986,Mouse,5264,78
339105,Mouse,5702,83
339133,Mouse,4920,90
339153,Mouse,4912,99
339302,Mouse,3880,112
339424,Mouse,3557,129
339451,Mouse,3833,133
339459,Mouse,3643,137
339522,Elephant,495607,1321
339526,Mouse,3863,129
339540,Elephant,325153,1104
339556,Mouse,3913,120
339593,Elephant,51231,500
339599,Mouse,5178,75
339646,Mouse,4670,65
339718,Mouse,4478,67
339875,Mouse,3383,65
339903,Mouse,3432,65
340122,Mouse,4646,69
340136,Mouse,3342,73
340187,Mouse,4338,75
340213,Mouse,3343,68
340229,Mouse,4457,78
340334,Mouse,4646,81
340337,Mouse,5450,83
340347,Mouse,4137,87
340481,Mouse,3751,99
340674,Mouse,3761,104
340700,Mouse,5657,111
340728,Mouse,5348,122
340769,Mouse,4510,118
340824,Mouse,5429,119
340861,Mouse,4867,111
340913,Mouse,4102,114
340943,Mouse,3641,119
341003,Mouse,3774,116
341014,Mouse,4464,123
341070,Mouse,5684,132
341118,Mouse,3808,135
341155,Mouse,5686,144
341268,Mouse,3878,132
341342,Elephant,565681,1726
341377,Mouse,3451,141
341415,Mouse,5392,142
341501,Mouse,4783,113
341555,Mouse,3631,103
341631,Mouse,5520,116
341740,Mouse,5788,122
341807,Mouse,5363,121
341813,Mouse,3644,122
341833,Elephant,317810,1817
341879,Elephant,111760,917
341936,Mouse,3722,122
341992,Mouse,3406,115
342036,Mouse,3782,122
342095,Mouse,4217,131
342143,Mouse,3691,140
342174,Mouse,3244,139
342215,Mouse,3911,144
342238,Mouse,5064,145
342265,Mouse,4889,146
342308,Mouse,5743,154
342377,Elephant,286679,1459
342387,Mouse,3637,132
342458,Mouse,3416,99
342482,Mouse,3656,102
342588,Mouse,4409,99
342647,Mouse,4202,107
342666,Mouse,3799,115
342723,Mouse,4156,120
342770,Elephant,571592,2535
342841,Elephant,500494,2854
342852,Elephant,286312,1724
342889,Mouse,3169,79
342890,Mouse,5335,80
342907,Elephant,161716,1191
342980,Mouse,4226,70
343061,Mouse,3667,69
343075,Mouse,5742,78
343078,Mouse,5550,78
343087,Mouse,5619,78
343151,Mouse,4770,83
343222,Mouse,5266,70
343286,Mouse,4330,76
343341,Mouse,3923,78
343379,Mouse,3602,89
343398,Mouse,5430,90
343517,Mouse,5144,100
343702,Mouse,4538,101
343786,Elephant,481028,1977
343808,Elephant,273876,964
343811,Mouse,3676,92
343834,Mouse,3211,85
343840,Mouse,3096,85
343993,Mouse,4103,65
344057,Elephant,361954,1239
344075,Mouse,4920,65
344095,Mouse,4660,65
344230,Mouse,5029,65
344275,Mouse,3967,65
344289,Elephant,34704,237
344324,Mouse,3144,67
344327,Mouse,5142,68
344337,Mouse,4964,65
344378,Mouse,5435,66
344538,Mouse,4875,65
344574,Mouse,4913,65
344641,Mouse,4644,65
344710,Mouse,5308,67
344757,Mouse,5342,65
344775,Mouse,4523,65
344799,Mouse,3277,66
344807,Mouse,5559,66
344911,Mouse,5768,66
344922,Mouse,4227,68
344932,Mouse,4500,75
344942,Mouse,3770,74
344986,Mouse,3676,69
345072,Mouse,4102,64
345076,Mouse,4295,65
345256,Mouse,4907,75
345322,Mouse,5007,82
345378,Mouse,4215,83
345381,Elephant,176105,660
345403,Mouse,4985,79
345416,Mouse,3859,85
345429,Mouse,3193,85
345441,Mouse,3163,72
345483,Mouse,4241,72
345491,Mouse,3271,75
345579,Mouse,4343,72
345669,Elephant,470485,1118
345743,Mouse,4459,69
345748,Mouse,3424,65
345783,Mouse,3317,66
345792,Mouse,3223,70
345809,Mouse,4920,70
345863,Mouse,5216,70
345877,Mouse,5047,76
345893,Mouse,5821,73
345968,Mouse,3236,67
345975,Mouse,3565,70
346004,Mouse,4692,71
346073,Mouse,3139,68
346088,Elephant,395114,1036
346134,Mouse,5010,67
346177,Mouse,5267,66
346186,Mouse,4558,65
346214,Mouse,4525,65
346342,Mouse,5160,69
346396,Mouse,3669,68
346441,Mouse,3575,67
346446,Mouse,3899,64
346451,Mouse,5400,66
346537,Mouse,4582,65
346602,Elephant,345326,908
346614,Mouse,5795,69
346624,Mouse,5181,65
346646,Mouse,4920,65
346807,Mouse,4141,64
346876,Mouse,5090,65
346941,Mouse,5819,66
346947,Mouse,3475,64
346999,Mouse,4321,65
347063,Mouse,4993,73
347065,Mouse,5826,75
347090,Mouse,5817,66
347109,Mouse,4250,74
347201,Mouse,4822,65
347363,Mouse,5271,70
347396,Mouse,3315,64
347419,Mouse,4307,69
347428,Mouse,4220,64
347437,Mouse,4517,65
347493,Mouse,5364,67
347545,Mouse,4519,70
347604,Mouse,4427,67
347621,Elephant,222676,716
347695,Mouse,5597,66
347755,Mouse,5190,65
347817,Mouse,5308,65
347903,Mouse,3570,64
347910,Mouse,4826,68
347915,Mouse,3696,70
348014,Mouse,4598,66
348071,Mouse,4584,65
348139,Mouse,3109,67
348154,Mouse,3952,74
348227,Mouse,3606,67
348247,Mouse,5090,76
348249,Mouse,5812,75
348350,Mouse,4932,79
348422,Mouse,3007,90
348484,Mouse,4904,99
348505,Mouse,4852,105
348561,Mouse,3634,121
348785,Mouse,3933,121
348855,Mouse,5150,132
348974,Mouse,3301,114
349015,Mouse,5705,112
349039,Mouse,5045,115
349078,Mouse,3381,118
349110,Mouse,4727,125
349125,Mouse,4611,131
349149,Mouse,5152,133
349336,Elephant,103037,962
349337,Mouse,4075,123
349400,Mouse,5116,133
349468,Mouse,3602,131
349527,Elephant,272858,1577
349553,Mouse,5137,114
349578,Mouse,5434,115
349696,Elephant,499818,1853
349750,Mouse,4609,99
349787,Mouse,4384,88
349796,Mouse,3565,92
349807,Mouse,5095,98
349844,Elephant,239737,1436
349898,Mouse,4983,80
349937,Mouse,3951,84
349965,Mouse,3177,85
349979,Elephant,525978,1989
349984,Mouse,3087,95
350056,Mouse,3463,67
350102,Mouse,4782,71
350187,Elephant,454103,2201
350251,Mouse,4392,80
350331,Mouse,4219,85
350461,Mouse,4911,93
350487,Elephant,267854,1021
350531,Mouse,3047,78
350535,Mouse,4866,79
350551,Mouse,3196,70
350602,Mouse,4463,71
350735,Mouse,4715,77
350820,Mouse,3061,88
350832,Mouse,5648,92
350887,Mouse,4555,97
350923,Mouse,4506,102
350938,Mouse,3919,108
350991,Mouse,4249,108
351043,Mouse,4224,116
351140,Mouse,4285,111
351143,Mouse,5200,114
351176,Mouse,4018,114
351234,Mouse,5123,113
351243,Mouse,4247,109
351274,Mouse,4874,117
351318,Elephant,523118,1483
351337,Mouse,4917,100
351365,Mouse,3993,110
351419,Mouse,5607,88
351421,Elephant,375260,1254
351430,Mouse,5624,88
351760,Mouse,5202,72
351911,Mouse,5686,108
351990,Elephant,221488,1125
352008,Mouse,3375,112
352013,Elephant,563413,1888
352039,Mouse,3971,99
352043,Mouse,3516,92
352064,Mouse,4855,80
352137,Mouse,3919,66
352207,Mouse,4051,69
352229,Mouse,5015,65
352267,Elephant,104962,569
352270,Mouse,3462,68
352374,Mouse,3389,66
352380,Mouse,5038,67
352406,Mouse,3167,67
352412,Mouse,3145,68
352415,Mouse,3884,67
352486,Mouse,3187,64
352530,Mouse,3334,65
352585,Mouse,4654,69
352640,Mouse,5623,70
352708,Mouse,5152,72
352812,Mouse,4707,76
352829,Mouse,3750,78
352853,Mouse,4486,92
352887,Mouse,3819,97
352960,Mouse,5080,104
352994,Mouse,5310,110
353127,Elephant,557531,1658
353141,Mouse,3567,112
353165,Mouse,4756,106
353183,Mouse,3138,105
353183,Mouse,3429,104
353222,Mouse,4623,79
353280,Mouse,5465,71
353423,Elephant,171230,870
353437,Mouse,3226,79
353524,Mouse,3848,77
353546,Mouse,5455,83
353600,Mouse,4046,98
353732,Mouse,5518,111
353805,Mouse,5628,119
353835,Mouse,3139,127
353875,Mouse,3302,128
353884,Mouse,3743,127
354004,Mouse,4073,124
354038,Elephant,270187,1082
354046,Mouse,4343,122
354061,Elephant,493773,1615
354108,Mouse,4249,89
354194,Mouse,3114,68
354222,Mouse,3096,67
354251,Mouse,4363,73
354678,Elephant,491697,1967
354689,Mouse,3890,104
354695,Mouse,3187,108
354719,Mouse,3475,106
354754,Mouse,3272,89
354780,Mouse,4267,79
354851,Mouse,5205,88
354860,Mouse,5023,92
354927,Mouse,5372,96
354939,Mouse,3374,98
355004,Mouse,5229,107
355059,Mouse,3277,118
355256,Mouse,3790,100
355299,Mouse,4606,117
355330,Mouse,5444,125
355364,Mouse,4175,135
355391,Mouse,3729,144
355434,Mouse,4049,142
355482,Mouse,5015,142
355487,Mouse,5292,144
355494,Mouse,4393,145
355576,Mouse,4867,136
355624,Elephant,470155,2155
355642,Mouse,4774,122
355669,Mouse,5149,120
355682,Elephant,347913,1667
355745,Elephant,430335,1577
355866,Mouse,4730,65
355911,Mouse,3286,71
356017,Mouse,3165,66
356046,Mouse,4622,69
356073,Mouse,3590,70
356085,Mouse,4051,74
356103,Elephant,514300,2036
356135,Mouse,5246,75
356246,Mouse,5016,69
356383,Elephant,300512,1204
356428,Mouse,3390,64
356490,Mouse,4956,70
356565,Mouse,4679,65
356615,Mouse,4688,69
356705,Mouse,4820,68
356886,Mouse,5534,70
356908,Mouse,4550,65
357003,Mouse,5204,69
357063,Mouse,3331,71
357109,Elephant,240660,733
357141,Mouse,4709,66
357154,Mouse,4030,68
357252,Mouse,5259,65
357308,Mouse,3975,65
357349,Mouse,5226,70
357452,Mouse,3875,64
357479,Mouse,3790,67
357554,Mouse,5690,66
357569,Mouse,5132,68
357583,Mouse,5776,66
357592,Mouse,3346,64
357643,Mouse,5411,67
357671,Mouse,4125,64
357717,Mouse,3974,64
357834,Mouse,4087,68
357843,Mouse,5030,70
358183,Elephant,441856,1032
358287,Mouse,4882,69
358312,Mouse,4676,76
358318,Mouse,4463,71
358345,Elephant,102090,480
358366,Mouse,3237,73
358401,Mouse,3846,64
358476,Mouse,3715,67
358642,Mouse,5020,72
358683,Mouse,3191,84
358733,Mouse,3714,98
358741,Mouse,3095,101
358828,Mouse,3636,101
358836,Elephant,315299,935
358930,Mouse,3485,67
358995,Elephant,249574,849
359006,Mouse,5067,69
359012,Mouse,4404,73
359185,Mouse,3329,66
359309,Mouse,3085,75
359415,Mouse,5131,72
359418,Elephant,497463,1199
359436,Mouse,5027,66
359441,Mouse,3996,65
359502,Elephant,71209,380
359507,Mouse,3039,64
359558,Mouse,5202,69
359559,Mouse,5695,69
359571,Mouse,3147,64
359641,Mouse,4170,64
359703,Mouse,3036,64
359736,Mouse,3666,64
359813,Mouse,3204,64
359866,Mouse,3665,64
359884,Mouse,5235,65
359893,Mouse,4439,65
360150,Mouse,3796,64
360181,Mouse,3692,64
360188,Mouse,5592,66
360254,Mouse,5129,65
360289,Mouse,5352,67
360291,Mouse,4389,66
360345,Mouse,3135,64
360518,Mouse,4803,65
360630,Mouse,4410,66
360641,Mouse,4708,65
360740,Mouse,3410,64
360787,Mouse,4503,65
360899,Mouse,3015,64
360930,Mouse,4542,69
361026,Mouse,3806,68
361037,Mouse,4556,65
361076,Mouse,4196,72
361115,Mouse,3320,72
361127,Mouse,3274,72
361151,Mouse,5602,73
361172,Mouse,5381,76
361226,Mouse,5299,69
361244,Mouse,3154,77
361264,Elephant,453649,1054
361295,Mouse,5172,75
361319,Mouse,4947,66
361441,Mouse,4118,64
361539,Mouse,5085,67
361550,Mouse,4152,68
361584,Mouse,4335,66
361681,Mouse,3140,67
361855,Mouse,3551,74
361870,Mouse,4047,81
361934,Mouse,4206,94
361944,Mouse,3814,97
362027,Elephant,223884,793
362046,Mouse,4713,79
362209,Mouse,3045,95
362236,Mouse,5656,103
362278,Elephant,549711,1333
362322,Mouse,3346,120
362388,Mouse,5149,80
362420,Mouse,5054,78
362479,Elephant,240440,940
362481,Mouse,3081,79
362556,Mouse,3799,75
362561,Mouse,3134,78
362604,Mouse,3543,79
362714,Mouse,5695,99
362825,Mouse,4317,109
362828,Mouse,4527,111
362842,Elephant,185180,806
362884,Elephant,180745,820
363020,Mouse,4515,71
363077,Mouse,5361,81
363087,Mouse,3204,85
363100,Elephant,286471,1012
363105,Elephant,209452,1017
363196,Mouse,3109,64
363227,Mouse,5571,66
363272,Mouse,3685,64
363300,Mouse,4517,69
363340,Mouse,5185,69
363341,Elephant,106193,501
363487,Mouse,5045,65
363517,Mouse,3009,64
363549,Mouse,5100,69
363557,Mouse,4206,64
363598,Mouse,3387,66
363698,Mouse,3886,64
363758,Mouse,5635,67
363783,Mouse,3907,64
363788,Mouse,5145,65
363819,Mouse,3836,64
363827,Mouse,3197,64
363921,Mouse,4907,65
363991,Mouse,5452,70
363998,Mouse,3857,68
364045,Mouse,3629,71
364047,Mouse,5670,69
364112,Mouse,3004,67
364166,Mouse,3594,65
364186,Mouse,4270,65
364217,Mouse,3378,69
364228,Mouse,3250,71
364232,Mouse,5664,73
364240,Mouse,5084,72
364387,Mouse,4679,74
364454,Mouse,4509,76
364474,Mouse,3725,80
364506,Mouse,3531,83
364514,Mouse,4068,88
364525,Mouse,4688,94
364532,Elephant,494034,1137
364544,Mouse,3458,91
364575,Mouse,5187,91
364585,Mouse,4709,81
364595,Mouse,5521,76
364744,Mouse,4704,69
364779,Elephant,45380,312
364826,Mouse,4949,76
364886,Mouse,4969,71
364955,Elephant,198849,740
364965,Mouse,4480,82
365005,Mouse,5781,89
365017,Mouse,4619,84
365024,Mouse,4693,74
365087,Mouse,3940,79
365164,Mouse,5353,72
365241,Mouse,4554,86
365309,Mouse,3696,94
365375,Mouse,4709,108
365403,Elephant,409681,1251
365528,Mouse,5453,80
365608,Elephant,289719,956
365677,Mouse,4636,73
365767,Mouse,4176,70
365879,Mouse,5266,82
365928,Mouse,5687,96
366058,Mouse,4221,93
366089,Mouse,4485,94
366132,Mouse,4717,110
366173,Mouse,3317,117
366223,Mouse,4558,129
366304,Mouse,4875,126
366347,Elephant,398168,1307
366354,Mouse,4528,107
366361,Mouse,4143,112
366409,Mouse,5286,96
366454,Mouse,5073,89
366545,Elephant,363505,1290
366571,Mouse,3058,74
366598,Elephant,505239,1736
366641,Mouse,4922,66
366766,Mouse,5715,66
366810,Mouse,3457,65
366815,Mouse,4423,65
367003,Mouse,4023,64
367043,Mouse,5625,66
367050,Elephant,259758,1107
367064,Mouse,3464,64
367072,Mouse,5506,66
367146,Mouse,3787,64
367183,Mouse,3400,64
367293,Mouse,5146,65
367298,Mouse,5291,65
367303,Mouse,5371,65
367447,Mouse,4667,71
367558,Elephant,34868,233
367625,Mouse,4566,68
367716,Mouse,3017,67
367861,Mouse,5716,73
367877,Mouse,4205,76
367902,Mouse,5163,79
367956,Elephant,163878,614
367965,Mouse,3777,80
367981,Mouse,3953,85
368032,Elephant,203230,704
368038,Mouse,4835,77
368044,Mouse,5729,73
368063,Mouse,3677,67
368091,Elephant,173197,653
368114,Mouse,3128,64
368128,Mouse,5195,65
368276,Mouse,4712,65
368304,Mouse,4028,64
368308,Mouse,4161,64
368394,Mouse,3588,64
368478,Mouse,4450,65
368491,Mouse,5546,66
368609,Mouse,3165,64
368625,Mouse,5784,66
368686,Mouse,4417,65
368754,Mouse,5434,66
368985,Mouse,5790,66
369131,Mouse,5165,70
369134,Mouse,3632,69
369194,Mouse,4403,65
369211,Elephant,104415,456
369295,Mouse,3773,66
369324,Mouse,4934,68
369327,Mouse,5769,69
369352,Mouse,4823,65
369392,Mouse,3402,64
369468,Mouse,4388,69
369525,Mouse,5563,66
369532,Mouse,4580,69
369533,Mouse,5357,70
369584,Mouse,4766,73
369591,Mouse,4171,70
369606,Mouse,5312,69
369626,Mouse,4353,68
369653,Mouse,4342,75
369670,Mouse,5254,70
369705,Mouse,4667,74
369706,Mouse,5151,79
369841,Mouse,5821,68
369925,Mouse,5574,78
370196,Mouse,5212,128
370348,Elephant,160430,780
370357,Mouse,4012,118
370394,Mouse,4219,111
370430,Mouse,5305,120
370434,Mouse,5431,117
370460,Mouse,3308,114
370492,Elephant,341972,1151
370686,Elephant,566725,1458
370778,Mouse,3831,67
370800,Mouse,5509,69
370809,Mouse,4192,71
370827,Elephant,134614,831
370885,Mouse,3467,64
370935,Mouse,3893,67
371043,Mouse,4001,76
371045,Mouse,3900,80
371064,Mouse,5830,78
371153,Mouse,5282,76
371312,Mouse,5275,90
371373,Mouse,3914,110
371529,Elephant,471978,1566
371548,Mouse,5518,75
371586,Mouse,4375,73
371611,Mouse,5030,68
371852,Mouse,3796,80
371925,Mouse,3265,89
372050,Mouse,5658,96
372067,Mouse,3231,100
372099,Mouse,3788,100
372120,Mouse,3839,100
372148,Mouse,5005,103
372302,Mouse,3208,95
372315,Mouse,3736,94
372338,Mouse,3693,103
372360,Mouse,4299,104
372384,Mouse,4621,110
372406,Elephant,575859,1486
372415,Elephant,211395,992
372422,Mouse,4437,92
372517,Mouse,4118,68
372600,Mouse,3902,67
372605,Mouse,4432,68
372761,Mouse,3265,92
372783,Mouse,4023,97
372894,Mouse,4394,122
372955,Elephant,99135,567
372981,Elephant,200203,873
373008,Mouse,3444,109
373013,Mouse,3117,109
373034,Mouse,4697,102
373034,Mouse,4769,103
373040,Mouse,3714,99
373195,Elephant,567156,1959
373255,Mouse,5386,70
373274,Mouse,5053,75
373290,Mouse,5281,69
373410,Mouse,4393,75
373427,Mouse,4055,68
373480,Mouse,4588,70
373538,Mouse,4049,71
373568,Mouse,3188,78
373590,Mouse,4870,82
373593,Mouse,4208,82
373673,Mouse,5686,95
373732,Elephant,385770,1390
373761,Mouse,4963,99
373762,Mouse,3477,99
373818,Mouse,3264,69
373903,Mouse,5624,70
373951,Mouse,4906,73
373980,Mouse,4513,80
374025,Mouse,5664,87
374045,Mouse,3650,91
374066,Elephant,547056,1450
374117,Mouse,4079,65
374140,Mouse,4765,66
374223,Mouse,4804,69
374262,Mouse,5165,68
374277,Mouse,4168,69
374469,Mouse,4939,74
374499,Mouse,4536,78
374528,Mouse,3082,78
374547,Mouse,4220,81
374553,Mouse,3374,85
374596,Mouse,3978,80
374745,Mouse,4075,82
374750,Elephant,400590,1089
374785,Mouse,4091,75
374823,Mouse,3607,66
374864,Elephant,523735,1395
374881,Mouse,5019,69
374882,Mouse,5792,70
374951,Mouse,4280,65
374961,Mouse,3732,64
374974,Mouse,4593,69
375000,Mouse,5220,65
375023,Mouse,3147,67
375060,Mouse,3232,65
375093,Mouse,4445,65
375257,Mouse,3761,64
375306,Mouse,3566,64
375326,Mouse,3091,64
375355,Mouse,4589,66
375366,Mouse,4337,72
375600,Mouse,4407,66
375623,Mouse,5068,70
375731,Mouse,4906,76
375825,Elephant,378182,964
375892,Mouse,3558,64
375903,Elephant,51767,297
375915,Mouse,5187,65
375925,Mouse,4381,69
376022,Mouse,3529,67
376111,Mouse,5068,68
376128,Mouse,5339,65
376177,Mouse,5675,69
376178,Mouse,4034,67
376508,Mouse,4037,84
376602,Mouse,5527,100
376606,Mouse,3945,102
376616,Mouse,4244,106
376651,Mouse,3458,118
376734,Mouse,3701,125
376742,Mouse,3514,131
376776,Mouse,4838,108
376777,Elephant,570239,1313
376804,Mouse,5312,95
376826,Elephant,76992,524
376911,Mouse,5555,66
376940,Mouse,3570,67
376956,Mouse,3449,77
376965,Mouse,3582,64
377084,Mouse,4095,67
377259,Mouse,3941,72
377320,Mouse,3915,84
377419,Mouse,4761,96
377448,Mouse,4516,90
377454,Mouse,4347,94
377591,Mouse,3475,94
377642,Elephant,397703,1440
377646,Mouse,4590,104
377649,Mouse,3177,91
377673,Mouse,5446,95
377700,Mouse,3637,72
377788,Mouse,4148,78
377853,Mouse,5080,91
377925,Mouse,4761,98
377991,Mouse,4597,105
378019,Mouse,5395,112
378040,Mouse,4000,115
378115,Mouse,4644,111
378144,Elephant,522920,1855
378252,Mouse,5149,71
378358,Mouse,5174,70
378507,Mouse,5619,81
378552,Mouse,5430,90
378609,Mouse,4511,101
378627,Mouse,3853,104
378644,Mouse,5409,107
378672,Elephant,540742,1547
378677,Mouse,3284,97
378747,Mouse,5425,78
378783,Elephant,236378,1221
378802,Mouse,4060,67
378894,Mouse,3193,64
378902,Mouse,3814,67
378933,Mouse,4037,65
378973,Mouse,4465,68
379084,Mouse,4188,64
379095,Mouse,3682,67
379105,Elephant,541031,1916
379426,Mouse,3138,64
379483,Mouse,3721,64
379542,Mouse,5671,72
379546,Mouse,4173,72
379570,Mouse,5495,66
379612,Mouse,4530,75
379681,Mouse,3139,65
379698,Elephant,121994,524
379711,Mouse,4417,69
379763,Mouse,5212,65
379775,Mouse,5748,68
379941,Mouse,3809,65
380103,Elephant,428519,1024
380146,Mouse,5073,67
380177,Mouse,5255,68
380260,Mouse,3419,65
380340,Mouse,3302,67
380398,Mouse,4874,65
380426,Mouse,4174,65
380443,Mouse,3847,64
380454,Mouse,5212,65
380490,Mouse,3153,69
380719,Mouse,5688,66
380807,Mouse,4852,75
380811,Mouse,4674,70
380837,Elephant,408272,998
380871,Mouse,5072,75
381075,Mouse,3975,65
381150,Mouse,3547,67
381213,Mouse,5700,68
381251,Mouse,4702,69
381498,Mouse,3523,98
381506,Elephant,32739,248
381509,Mouse,3110,99
381591,Mouse,3226,118
381616,Mouse,3466,132
381633,Elephant,276487,1017
381641,Mouse,5338,138
381684,Elephant,523281,1264
381790,Mouse,4420,67
381858,Mouse,5526,66
382026,Elephant,124329,610
382054,Mouse,3005,64
382066,Mouse,3997,67
382090,Mouse,3202,64
382106,Mouse,5601,66
382134,Mouse,4237,68
382135,Mouse,5556,69
382202,Mouse,5699,66
382233,Mouse,3417,64
382247,Mouse,4827,66
382384,Mouse,4428,65
382416,Mouse,5807,66
382529,Mouse,5334,65
382590,Mouse,3249,64
382754,Mouse,4503,65
382774,Mouse,3847,67
382791,Mouse,4314,65
382910,Mouse,3260,64
383163,Mouse,3718,67
383170,Mouse,3734,71
383173,Elephant,209981,685
383175,Mouse,3641,73
383258,Mouse,5341,65
383271,Mouse,4958,69
383290,Mouse,5615,66
383327,Mouse,5692,66
383376,Mouse,5417,65
383411,Mouse,5351,65
383572,Elephant,139162,541
383595,Mouse,4639,66
383622,Mouse,3781,64
383666,Mouse,5175,66
383698,Mouse,4644,65
383729,Mouse,3943,69
383746,Mouse,5460,66
383802,Elephant,45098,277
383904,Mouse,4856,67
383917,Mouse,4205,64
383993,Mouse,5250,68
384002,Mouse,5318,73
384005,Mouse,3674,75
384015,Mouse,5185,72
384019,Mouse,5412,71
384070,Mouse,3395,66
384120,Mouse,3539,68
384150,Mouse,3277,66
384171,Mouse,4771,72
384246,Mouse,4907,68
384283,Mouse,3570,69
384297,Mouse,3121,70
384395,Mouse,5595,70
384487,Mouse,3451,67
384496,Mouse,3230,70
384528,Mouse,3980,67
384591,Elephant,188519,746
384608,Mouse,4009,67
384677,Mouse,4324,71
384776,Elephant,551721,1204
384877,Mouse,5606,66
385004,Mouse,5785,66
385128,Mouse,3216,64
385163,Mouse,5021,69
385167,Mouse,3071,64
385177,Mouse,3221,64
385201,Elephant,94049,420
385218,Mouse,5089,65
385232,Mouse,4046,66
385236,Mouse,5577,68
385246,Elephant,59439,334
385263,Mouse,4540,66
385318,Mouse,4008,64
385462,Mouse,5455,66
385512,Mouse,3628,64
385534,Mouse,3319,64
385549,Mouse,3183,64
385556,Mouse,5078,65
385568,Mouse,4267,65
385633,Mouse,4576,65
385636,Mouse,3252,64
385717,Mouse,5839,66
385755,Mouse,3560,64
385772,Mouse,5611,66
385777,Mouse,4249,64
385840,Mouse,3747,64
385860,Mouse,3464,64
385863,Mouse,4102,64
385871,Mouse,3270,64
385913,Mouse,5178,65
385964,Mouse,4932,70
386030,Mouse,4537,65
386174,Mouse,5384,67
386271,Mouse,3859,67
386298,Mouse,4300,65
386416,Mouse,4585,69
386419,Mouse,3589,69
386473,Mouse,4073,64
386485,Elephant,251648,760
386536,Mouse,3830,64
386544,Mouse,3190,66
386590,Mouse,5044,66
386619,Mouse,5622,66
386636,Mouse,5350,69
386657,Mouse,3219,64
386683,Mouse,4564,65
386739,Mouse,3911,67
386792,Mouse,5496,75
386798,Mouse,3885,72
386812,Mouse,3294,67
386910,Mouse,3608,68
386915,Mouse,4618,70
387158,Mouse,5827,76
387193,Mouse,3392,88
387315,Mouse,3533,98
387362,Elephant,269308,976
387380,Mouse,5289,101
387540,Mouse,4654,96
387625,Elephant,291518,997
387681,Mouse,3715,123
387708,Elephant,50426,410
387809,Mouse,4768,84
388024,Mouse,3026,112
388033,Mouse,4523,118
388081,Elephant,262120,1039
388118,Mouse,4924,121
388138,Mouse,4506,114
388141,Mouse,3389,115
388155,Mouse,3438,107
388215,Mouse,5448,94
388263,Mouse,5093,95
388287,Mouse,4042,98
388323,Mouse,3685,105
388339,Elephant,114361,840
388381,Mouse,3177,92
388438,Mouse,3106,71
388462,Mouse,5221,77
388588,Mouse,4251,107
388636,Mouse,4898,109
388722,Mouse,5605,111
388777,Mouse,5796,122
388842,Mouse,4440,132
388860,Mouse,4238,135
388874,Mouse,4777,139
388929,Mouse,5004,152
388973,Mouse,5266,150
388982,Mouse,3352,152
389003,Elephant,47132,607
389007,Mouse,4187,155
389016,Mouse,4283,159
389081,Mouse,5281,134
389106,Mouse,3614,129
389136,Mouse,3795,107
389161,Elephant,586733,2163
389205,Mouse,4152,88
389216,Mouse,5797,97
389303,Elephant,579858,2141
389344,Mouse,5052,85
389352,Mouse,3218,84
389355,Elephant,72602,681
389393,Mouse,5498,76
389401,Mouse,3078,64
389437,Mouse,5658,73
389572,Elephant,402793,1730
389580,Mouse,5353,71
389590,Mouse,3686,71
389615,Mouse,5135,74
389649,Mouse,4165,68
389663,Elephant,243415,1334
389695,Mouse,3401,68
389709,Mouse,5347,66
389714,Mouse,4509,65
389756,Mouse,3587,72
389860,Mouse,4923,67
389938,Mouse,5828,73
389989,Mouse,4200,69
390061,Mouse,5112,74
390094,Mouse,4992,70
390228,Elephant,470934,1141
390274,Mouse,4558,75
390318,Mouse,4268,66
390349,Mouse,4165,69
390387,Mouse,3200,64
390481,Mouse,4879,70
390516,Elephant,65025,367
390538,Mouse,4934,73
390538,Mouse,3548,70
390560,Mouse,3357,64
390687,Mouse,5619,70
390693,Mouse,3497,72
390755,Mouse,4500,65
390866,Elephant,477164,1184
390944,Mouse,3760,64
390990,Mouse,4655,65
391000,Mouse,4244,64
391131,Mouse,3357,64
391194,Mouse,3097,64
391222,Mouse,3306,64
391253,Mouse,3485,64
391299,Mouse,4293,65
391487,Mouse,3671,64
391543,Mouse,3174,64
391592,Mouse,5126,65
391673,Mouse,4531,65
391716,Mouse,5062,66
391749,Mouse,3061,64
391762,Mouse,5750,66
391777,Mouse,4819,65
391787,Mouse,5236,71
391799,Mouse,5529,69
391802,Mouse,3274,66
391841,Mouse,3510,68
391855,Mouse,4393,65
391875,Mouse,4673,66
391934,Mouse,5648,66
392027,Mouse,5188,65
392072,Mouse,3074,64
392097,Mouse,4878,69
392122,Mouse,4990,70
392158,Mouse,4231,72
392236,Mouse,3569,70
392239,Mouse,5428,74
392244,Mouse,3527,74
392284,Mouse,4658,81
392330,Mouse,3626,85
392525,Mouse,5115,97
392564,Mouse,4685,105
392584,Mouse,3266,109
392597,Elephant,436853,1223
392731,Mouse,3105,97
392802,Mouse,4707,108
392849,Mouse,3031,114
392916,Mouse,4060,115
392954,Mouse,3103,110
392958,Mouse,3866,112
393025,Elephant,262476,1178
393044,Mouse,3163,96
393056,Mouse,3660,90
393068,Mouse,3696,76
393075,Mouse,5653,75
393106,Mouse,4195,82
393115,Mouse,4990,82
393146,Mouse,5305,75
393211,Mouse,4565,74
393225,Mouse,5533,81
393359,Mouse,5612,92
393372,Mouse,5135,98
393389,Elephant,455692,1500
393421,Mouse,3987,117
393426,Mouse,5041,121
393448,Elephant,135569,894
393489,Mouse,4042,75
393571,Mouse,5641,74
393638,Mouse,5510,82
393711,Elephant,401968,1523
393740,Elephant,81283,498
393797,Mouse,5646,66
393922,Mouse,3511,76
393930,Elephant,79316,430
393951,Mouse,3258,69
393994,Mouse,5154,67
394009,Elephant,341149,1501
394032,Mouse,5714,68
394178,Mouse,3070,64
394442,Mouse,4844,65
394499,Mouse,4345,69
394501,Elephant,188264,719
394607,Mouse,4891,68
394610,Mouse,3459,65
394770,Mouse,4182,68
394851,Mouse,4967,68
395086,Mouse,4210,68
395138,Mouse,5808,77
395164,Elephant,390114,985
395177,Mouse,5459,75
395205,Mouse,5072,82
395212,Mouse,4452,66
395227,Mouse,4846,65
395321,Mouse,4440,67
395374,Mouse,5182,72
395416,Mouse,4787,69
395454,Elephant,153945,599
395457,Mouse,5333,68
395460,Mouse,3095,66
395532,Mouse,5653,66
395569,Mouse,4882,70
395583,Mouse,5000,65
395598,Mouse,4222,66
395619,Mouse,4504,73
395656,Mouse,4547,70
395659,Mouse,5306,73
395662,Mouse,3157,70
395726,Mouse,3005,63
395756,Mouse,3259,67
395777,Mouse,4537,68
395856,Mouse,4429,65
395967,Mouse,4244,66
395978,Mouse,3165,67
396020,Mouse,4317,68
396066,Mouse,4090,66
396082,Mouse,5387,70
396083,Elephant,459592,1089
396215,Mouse,4799,65
396593,Mouse,4193,67
396771,Mouse,4435,65
396895,Mouse,4464,69
396908,Mouse,3184,66
396949,Mouse,5200,74
397037,Mouse,5393,67
397137,Mouse,4778,74
397166,Mouse,5262,65
397357,Elephant,452288,1049
397465,Mouse,3293,66
397465,Mouse,3030,66
397490,Mouse,3623,64
397541,Mouse,4857,65
397607,Mouse,3390,64
397643,Mouse,3966,64
397747,Mouse,5600,69
397748,Mouse,5484,69
397804,Mouse,5503,67
397815,Mouse,4035,69
397955,Mouse,3145,72
397962,Mouse,4114,75
397987,Mouse,5269,68
398073,Mouse,3506,65
398086,Mouse,3702,67
398125,Mouse,4007,68
398168,Mouse,4151,71
398171,Mouse,5643,75
398222,Mouse,4531,81
398236,Mouse,4810,78
398279,Mouse,5397,93
398301,Mouse,5698,81
398484,Mouse,3334,80
398561,Mouse,5084,87
398563,Mouse,3213,87
398612,Mouse,4690,94
398672,Mouse,5147,108
398733,Mouse,3587,109
398743,Mouse,3700,105
398750,Mouse,3001,107
398797,Mouse,3453,110
398837,Mouse,4918,106
398882,Elephant,440481,1397
398986,Elephant,454000,1206
399079,Mouse,5290,71
399128,Mouse,5587,69
399131,Mouse,5376,67
399237,Mouse,4469,75
399255,Mouse,4709,74
399284,Mouse,3901,73
399340,Mouse,3096,70
399346,Mouse,3490,73
399402,Elephant,549981,1620
399484,Mouse,5787,66
399567,Mouse,3781,64
399658,Mouse,4829,73
399676,Mouse,4308,68
399695,Mouse,4635,76
399808,Mouse,3988,71
399940,Mouse,5257,80
400069,Mouse,3078,94
400076,Elephant,507314,1173
400190,Elephant,294041,882
400250,Mouse,3837,64
400290,Mouse,5294,65
400521,Mouse,5619,70
400578,Mouse,4148,73
400768,Mouse,4235,76
400788,Mouse,5697,84
400795,Mouse,3933,85
400846,Mouse,3036,94
400941,Mouse,3762,89
401007,Mouse,4857,93
401020,Elephant,438358,1165
401059,Mouse,4100,95
401095,Mouse,5414,95
401116,Mouse,4195,87
401131,Mouse,5651,76
401166,Mouse,3910,82
401178,Mouse,4461,88
401188,Elephant,323928,1039
401295,Mouse,3686,70
401338,Mouse,3879,69
401359,Mouse,3085,67
401370,Mouse,3053,66
401465,Mouse,3448,67
401484,Elephant,297715,989
401495,Mouse,4825,65
401557,Mouse,3373,66
401667,Mouse,3761,64
401674,Mouse,4771,65
401701,Mouse,4826,68
401712,Elephant,233019,805
401714,Mouse,5469,71
401782,Mouse,3136,67
401823,Mouse,3543,67
401862,Mouse,5227,68
401992,Mouse,3606,65
402039,Mouse,3864,68
402047,Mouse,3533,69
402072,Mouse,3782,64
402193,Mouse,5776,66
402230,Mouse,5787,72
402240,Mouse,4806,67
402255,Elephant,268884,807
402284,Mouse,3046,64
402461,Mouse,3534,64
402920,Mouse,5571,70
402959,Elephant,291319,815
402973,Mouse,3237,64
403010,Mouse,5642,66
403038,Mouse,4615,65
403049,Mouse,3623,64
403095,Mouse,5667,66
403158,Mouse,3409,64
403293,Mouse,4105,64
403329,Mouse,5692,66
403358,Mouse,3804,69
403359,Mouse,3783,69
403361,Mouse,5316,72
403455,Mouse,3258,64
403471,Mouse,4091,64
403529,Mouse,3271,64
403603,Mouse,4022,64
403671,Mouse,5175,65
403674,Mouse,3034,64
403686,Mouse,4436,65
403690,Mouse,4780,66
403708,Mouse,4453,65
403725,Mouse,5763,66
403741,Mouse,3629,64
403771,Mouse,5671,66
403952,Mouse,4689,65
404048,Mouse,3836,67
404050,Mouse,5443,69
404093,Mouse,5007,69
404214,Mouse,4546,69
404217,Elephant,38679,243
404241,Mouse,3654,64
404286,Mouse,3872,64
404294,Mouse,4018,67
404322,Mouse,5088,65
404468,Mouse,5164,68
404497,Mouse,5581,66
404522,Mouse,5181,71
404533,Mouse,4375,73
404668,Mouse,4997,65
404720,Elephant,45983,279
404753,Mouse,3240,64
404791,Mouse,3460,66
404887,Mouse,4474,65
404912,Mouse,4793,69
404993,Elephant,466436,1067
405098,Mouse,5568,66
405163,Mouse,3625,64
405218,Mouse,3032,64
405262,Mouse,3063,64
405293,Mouse,4461,65
405323,Mouse,5796,66
405337,Mouse,5541,67
405341,Mouse,3616,66
405429,Mouse,4041,67
405486,Mouse,5675,67
405609,Mouse,4143,69
405646,Elephant,51074,372
405655,Mouse,4228,65
405668,Mouse,5210,67
405673,Mouse,5476,67
405809,Mouse,4661,65
405857,Mouse,3449,64
405929,Mouse,5505,70
405937,Mouse,3221,70
406117,Mouse,5193,67
406185,Mouse,3734,65
406190,Elephant,284063,810
406338,Mouse,4703,67
406347,Mouse,4565,71
406354,Mouse,3638,66
406366,Mouse,4035,64
406444,Mouse,4438,65
406504,Mouse,3636,64
406774,Mouse,4233,67
406805,Mouse,4816,65
406900,Mouse,5731,66
407039,Mouse,3381,64
407083,Mouse,5535,66
407238,Mouse,3018,64
407302,Mouse,3822,64
407510,Mouse,3066,66
407702,Elephant,191360,649
407746,Mouse,3066,69
407866,Mouse,3000,63
408003,Mouse,4812,65
408057,Mouse,4930,65
408110,Mouse,3263,68
408129,Mouse,5388,75
408149,Elephant,132109,537
408164,Mouse,3067,67
408217,Mouse,5787,69
408235,Mouse,4670,66
408251,Mouse,4166,64
408268,Mouse,3883,72
408273,Mouse,4765,74
408379,Mouse,4994,69
408417,Mouse,4436,68
408510,Mouse,4210,65
408590,Mouse,3001,67
408680,Mouse,5549,70
408745,Elephant,472234,1170
408750,Mouse,5736,70
408818,Mouse,3179,66
408849,Mouse,4578,65
408852,Mouse,4010,65
408857,Mouse,5118,66
408916,Mouse,5715,70
409063,Mouse,4272,69
409121,Elephant,298457,853
409261,Mouse,5682,66
409369,Mouse,5394,66
409373,Mouse,5078,66
409410,Mouse,3020,64
409500,Mouse,4634,65
409516,Mouse,4791,65
409527,Mouse,4035,67
409548,Mouse,4915,65
409694,Mouse,4163,67
409784,Elephant,89915,414
409855,Mouse,3020,64
409933,Mouse,3108,64
409943,Mouse,5542,68
409954,Mouse,4748,65
410118,Mouse,3432,65
410163,Mouse,3684,66
410198,Mouse,4970,65
410209,Mouse,4558,65
410212,Mouse,3157,65
410255,Mouse,4951,66
410281,Mouse,3203,66
410294,Mouse,4925,65
410306,Mouse,5502,68
410332,Mouse,4889,68
410379,Mouse,3772,72
410533,Mouse,4427,80
410572,Mouse,3013,74
410585,Mouse,5835,80
410592,Mouse,5139,83
410634,Elephant,241848,781
410746,Mouse,4194,64
410787,Mouse,5082,66
410838,Mouse,3586,66
410879,Mouse,5816,75
410897,Mouse,5152,70
410980,Elephant,151012,626
411014,Mouse,4423,69
411029,Mouse,5637,74
411074,Mouse,4004,74
411077,Mouse,3762,67
411117,Mouse,4450,70
411148,Elephant,510969,1167
411170,Mouse,3023,66
411345,Mouse,3034,70
411356,Mouse,3349,78
411358,Elephant,77492,387
411402,Mouse,4528,74
411501,Mouse,4075,67
411520,Mouse,5612,66
411616,Mouse,5766,66
411635,Mouse,3353,64
411648,Mouse,5595,70
411681,Mouse,3064,64
411723,Mouse,4002,65
411767,Mouse,3523,66
411792,Mouse,4304,67
411818,Mouse,4571,68
411964,Mouse,4529,70
412002,Mouse,4114,73
412020,Mouse,5002,78
412109,Mouse,4894,87
412147,Mouse,5365,85
412154,Mouse,3118,89
412200,Elephant,396560,1029
412248,Mouse,5211,93
412328,Elephant,446127,1096
412334,Mouse,3417,70
412383,Mouse,3053,69
412412,Mouse,5093,65
412438,Mouse,3382,65
412453,Mouse,5784,66
412499,Mouse,4438,65
412534,Mouse,4056,64
412570,Mouse,5456,72
412581,Mouse,3178,64
412603,Mouse,5677,70
412687,Elephant,159368,623
412695,Mouse,3301,68
412751,Elephant,161461,628
412843,Mouse,4113,64
412856,Mouse,3948,64
412908,Mouse,5564,66
412939,Mouse,4509,65
412957,Mouse,4499,65
412995,Mouse,5059,65
413012,Mouse,4949,65
413078,Mouse,4691,65
413139,Mouse,3110,64
413183,Mouse,3084,65
413207,Mouse,5623,70
413229,Mouse,3305,64
413276,Mouse,3773,64
413313,Mouse,5775,66
413328,Mouse,3964,67
413361,Mouse,3683,64
413428,Mouse,3970,67
413480,Mouse,4330,72
413496,Mouse,4546,76
413502,Mouse,5589,74
413549,Mouse,4859,76
413561,Mouse,3469,76
413563,Mouse,4484,78
413599,Mouse,5602,73
413631,Mouse,3126,75
413657,Mouse,4942,69
413676,Mouse,4408,73
413766,Mouse,3457,69
413811,Mouse,5437,77
413814,Mouse,5534,79
413829,Mouse,4637,84
414071,Mouse,5776,69
414210,Mouse,5483,71
414265,Mouse,3194,74
414273,Mouse,3106,78
414303,Elephant,521325,1324
414321,Elephant,542490,1401
414341,Mouse,3247,79
414418,Mouse,3651,67
414446,Mouse,5616,69
414599,Mouse,4996,75
414619,Mouse,3269,70
414620,Mouse,4282,71
414628,Mouse,4543,74
414680,Mouse,3100,78
414701,Mouse,3345,78
414745,Elephant,216431,734
414746,Mouse,5063,77
414773,Mouse,5474,77
414778,Mouse,3132,77
414782,Mouse,4567,78
414824,Mouse,3971,76
414844,Mouse,4643,69
414895,Mouse,4614,73
414969,Mouse,3222,66
414977,Mouse,4301,67
414992,Mouse,3554,67
415072,Mouse,4618,67
415124,Mouse,4239,70
415208,Mouse,5773,87
415268,Mouse,4862,93
415337,Elephant,439627,1126
415394,Elephant,84073,460
415462,Mouse,5714,66
415499,Mouse,3528,64
415517,Mouse,4529,68
415673,Mouse,5792,70
415681,Mouse,5056,69
415729,Mouse,4021,71
415764,Mouse,5373,75
415782,Elephant,499580,1363
415792,Mouse,4158,69
415837,Mouse,3304,65
415877,Mouse,4806,65
415998,Mouse,4587,69
416031,Mouse,3815,68
416034,Mouse,3488,71
416083,Elephant,139090,554
416097,Mouse,4775,66
416100,Mouse,4456,67
416114,Mouse,5532,66
416119,Mouse,3095,65
416123,Mouse,5447,68
416126,Mouse,4224,68
416200,Mouse,4221,64
416206,Mouse,3601,64
416211,Mouse,3855,64
416215,Mouse,4384,65
416237,Mouse,3205,66
416271,Mouse,4711,67
416288,Mouse,5083,73
416292,Mouse,3892,70
416346,Mouse,5377,65
416351,Mouse,3869,64
416484,Mouse,3760,67
416535,Mouse,5041,72
416548,Mouse,4604,73
416577,Mouse,4767,70
416609,Mouse,4224,72
416684,Mouse,5208,69
416708,Mouse,3688,69
416757,Elephant,141236,553
416802,Mouse,4131,65
416830,Elephant,341144,919
416845,Mouse,3994,65
416867,Mouse,5497,73
416909,Mouse,4681,68
416917,Mouse,5042,69
416943,Mouse,4065,64
416952,Mouse,5583,68
417068,Mouse,4507,68
417100,Mouse,3630,66
417103,Mouse,3270,66
417284,Mouse,5292,78
417324,Mouse,4467,80
417553,Mouse,5724,123
417576,Mouse,3061,122
417600,Mouse,3594,131
417647,Mouse,3582,125
417659,Mouse,3523,126
417697,Mouse,3444,138
417708,Mouse,3063,138
417772,Mouse,5584,135
417792,Mouse,3804,146
417799,Mouse,3370,144
417843,Mouse,5151,141
417898,Mouse,3123,146
417985,Mouse,3617,141
417991,Mouse,3735,137
417996,Elephant,71245,797
418008,Mouse,4770,142
418032,Mouse,4145,138
418038,Mouse,5477,143
418143,Mouse,3090,121
418214,Mouse,5285,119
418343,Mouse,4807,141
418387,Mouse,4209,146
418544,Mouse,3974,157
418571,Elephant,322450,1635
418588,Mouse,4452,149
418621,Mouse,5326,157
418695,Elephant,542944,1999
418712,Mouse,5822,152
418742,Mouse,3371,150
418743,Mouse,3634,151
418745,Elephant,116037,1188
418759,Mouse,4299,133
418826,Mouse,4431,108
418840,Mouse,5804,117
418905,Mouse,5520,111
419144,Mouse,4906,132
419189,Mouse,3901,134
419213,Mouse,5175,136
419223,Mouse,4173,141
419284,Mouse,3835,156
419358,Mouse,5536,151
419400,Mouse,5267,127
419444,Mouse,5259,128
419511,Mouse,4490,139
419534,Mouse,5598,145
419552,Elephant,505493,2854
419574,Mouse,5377,153
419593,Mouse,3030,147
419623,Mouse,4142,137
419656,Mouse,3673,125
419696,Mouse,3661,109
419745,Mouse,4334,109
419757,Mouse,3360,106
419909,Mouse,3718,131
419925,Mouse,4205,131
419959,Elephant,419743,2598
419976,Mouse,5454,152
420034,Mouse,5320,154
420072,Mouse,4652,153
420100,Elephant,377093,2807
420101,Mouse,5809,153
420152,Mouse,4464,138
420189,Mouse,5139,117
420222,Mouse,3062,113
420238,Elephant,329201,2497
420249,Mouse,5815,99
420267,Mouse,5129,105
420294,Mouse,3368,101
420310,Mouse,4920,99
420314,Mouse,4754,103
420357,Mouse,3239,99
420510,Elephant,296504,1842
420523,Mouse,5289,86
420533,Elephant,300911,2635
420537,Elephant,428012,2709
420591,Mouse,3993,64
420625,Mouse,3696,66
420645,Mouse,3256,65
420650,Mouse,5047,66
420716,Mouse,5175,65
420721,Mouse,4869,65
420732,Mouse,5145,66
420747,Elephant,102465,535
420827,Mouse,5599,66
420905,Mouse,3500,64
420920,Mouse,4034,64
421009,Mouse,5127,65
421206,Mouse,5208,65
421310,Mouse,5449,66
421321,Mouse,3826,68
421339,Mouse,3044,64
421379,Mouse,3703,64
421389,Mouse,4437,65
421392,Mouse,3176,64
421418,Mouse,5339,66
421523,Mouse,4443,65
421666,Mouse,4554,69
421785,Mouse,3066,65
421819,Mouse,5471,73
421820,Elephant,42089,275
421885,Mouse,4843,69
421935,Mouse,5533,74
421974,Elephant,276314,807
421992,Mouse,3607,71
422105,Mouse,3933,64
422124,Mouse,5478,67
422171,Mouse,4329,72
422182,Mouse,5133,65
422256,Mouse,3451,64
422371,Mouse,4507,65
422400,Mouse,5087,65
422519,Mouse,5235,65
422643,Mouse,4914,66
422741,Mouse,5458,70
422790,Mouse,3691,72
422824,Mouse,5758,71
422845,Mouse,4364,73
422880,Mouse,3810,67
422903,Mouse,4352,74
422950,Mouse,4662,73
422966,Mouse,4645,79
423093,Mouse,3384,80
423230,Mouse,3630,101
423282,Elephant,218456,803
423288,Mouse,4706,120
423295,Mouse,3171,120
423426,Elephant,338555,1009
423532,Elephant,199946,839
423599,Elephant,92201,510
423747,Mouse,3149,64
423757,Mouse,4275,65
423859,Mouse,4313,65
424087,Mouse,3139,67
424130,Mouse,4276,68
424193,Mouse,3421,73
424220,Mouse,3855,79
424390,Mouse,5716,91
424393,Mouse,4023,91
424451,Mouse,3009,101
424672,Elephant,588328,1374
424728,Elephant,309217,1031
424738,Mouse,5389,76
424886,Mouse,5808,66
425064,Mouse,4193,67
425162,Mouse,5338,73
425246,Mouse,4805,82
425263,Mouse,3680,88
425484,Mouse,5531,107
425511,Mouse,4130,111
425527,Mouse,3810,117
425602,Mouse,3590,130
425651,Mouse,5455,128
425660,Mouse,5255,132
425721,Mouse,3652,122
425728,Mouse,5189,125
425878,Mouse,5412,122
425889,Elephant,472743,1826
425909,Elephant,546267,1566
425946,Mouse,3926,75
425955,Mouse,5749,67
426031,Mouse,5289,73
426087,Mouse,3960,73
426089,Mouse,4056,69
426333,Mouse,3790,91
426380,Mouse,3762,100
426389,Mouse,5792,105
426529,Mouse,5656,95
426538,Elephant,522869,1674
426604,Mouse,4094,68
426630,Mouse,3405,70
426646,Mouse,5013,76
426660,Mouse,5293,75
426712,Mouse,5620,77
426793,Mouse,4182,85
426805,Mouse,5458,91
426904,Elephant,45525,345
426985,Mouse,4881,99
426996,Elephant,401522,1430
427114,Mouse,3531,74
427224,Mouse,5652,93
427244,Mouse,5395,95
427265,Mouse,4797,99
427473,Mouse,4781,107
427515,Mouse,4128,116
427520,Mouse,3918,119
427535,Mouse,5511,129
427567,Mouse,4297,132
427569,Mouse,5363,133
427604,Mouse,4899,146
427674,Elephant,379318,1564
427677,Mouse,3973,138
427721,Mouse,5010,110
427739,Mouse,3951,105
427766,Elephant,528839,1815
427801,Mouse,3394,84
427905,Mouse,4170,68
428000,Mouse,5572,70
428023,Mouse,3654,74
428117,Mouse,5641,85
428217,Mouse,4346,108
428225,Mouse,4358,112
428238,Mouse,5049,117
428256,Mouse,3888,116
428302,Mouse,3718,128
428311,Mouse,3716,127
428331,Mouse,3781,135
428356,Mouse,5753,136
428378,Elephant,454912,1700
428389,Mouse,3642,123
428422,Mouse,4003,102
428431,Mouse,4710,89
428446,Mouse,3111,89
428544,Mouse,5709,70
428706,Elephant,509943,1685
428714,Mouse,3291,94
428721,Mouse,3801,92
428864,Mouse,5692,71
428886,Mouse,3476,77
428967,Mouse,4088,90
429009,Mouse,4263,95
429046,Mouse,4438,104
429075,Mouse,4845,114
429111,Mouse,4595,114
429210,Mouse,4296,108
429222,Mouse,3304,108
429224,Elephant,124079,658
429238,Mouse,5539,110
429253,Mouse,3421,107
429363,Mouse,5700,74
429399,Mouse,5483,80
429477,Elephant,394019,1696
429481,Mouse,4604,85
429511,Mouse,4366,81
429620,Mouse,4341,74
429627,Mouse,5010,79
429681,Mouse,3699,77
429807,Mouse,4633,76
429860,Mouse,3917,88
429870,Mouse,4554,91
429892,Elephant,532985,1622
429904,Elephant,549621,1873
429968,Mouse,3693,64
429992,Mouse,3586,64
430022,Mouse,3020,64
430060,Mouse,3907,64
430148,Mouse,4771,65
430307,Mouse,5181,67
430319,Mouse,3113,64
430369,Mouse,5587,66
430378,Mouse,5831,66
430428,Mouse,4781,65
430438,Mouse,3610,67
430549,Mouse,3585,64
430600,Mouse,4918,65
430619,Mouse,3293,65
430658,Mouse,5192,70
430674,Mouse,3234,64
430681,Mouse,3836,64
430827,Mouse,5521,69
430836,Mouse,5030,70
430858,Mouse,3015,67
430878,Mouse,4897,70
431122,Mouse,3764,68
431132,Mouse,4357,73
431187,Elephant,396138,987
431213,Mouse,3523,65
431351,Mouse,3601,67
431362,Mouse,5591,72
431525,Elephant,258092,780
431536,Mouse,4439,65
431576,Mouse,4889,65
431600,Mouse,5732,66
431614,Mouse,3342,64
431688,Mouse,3527,64
431807,Mouse,4751,65
431827,Mouse,4910,65
431865,Mouse,5736,66
431874,Mouse,4023,64
431911,Mouse,4603,66
431963,Mouse,3039,64
431999,Mouse,3014,64
432005,Mouse,5573,66
432069,Mouse,3740,64
432086,Mouse,3683,64
432090,Mouse,4357,65
432399,Mouse,4302,66
432426,Mouse,4095,64
432441,Mouse,4794,69
432607,Mouse,5185,69
432620,Mouse,4738,65
432656,Elephant,88252,415
432723,Mouse,5531,66
432829,Mouse,4792,65
432883,Mouse,5151,65
432984,Mouse,4683,65
433120,Mouse,3551,66
433120,Mouse,3150,66
433172,Mouse,5399,65
433246,Mouse,3120,64
433260,Mouse,4276,65
433285,Mouse,5108,69
433299,Mouse,5636,66
433444,Mouse,4542,65
433499,Mouse,3334,66
433516,Mouse,3062,64
433539,Mouse,4593,68
433546,Mouse,3597,69
433556,Mouse,3223,73
433557,Mouse,5085,76
433610,Mouse,4634,79
433619,Mouse,3594,77
433621,Mouse,5477,83
433739,Mouse,5559,68
433802,Mouse,5283,69
433855,Mouse,3633,72
433886,Mouse,5689,69
434000,Mouse,5494,72
434013,Elephant,523269,1144
434086,Mouse,3134,64
434114,Mouse,5437,66
434139,Mouse,4975,65
434176,Mouse,5071,68
434179,Mouse,5606,70
434200,Mouse,4178,64
434265,Elephant,107568,473
434297,Mouse,5776,66
434312,Mouse,3395,64
434385,Mouse,4645,66
434388,Mouse,4987,66
434594,Mouse,4116,64
434679,Mouse,3641,64
434754,Mouse,4738,65
434770,Mouse,4230,65
434823,Mouse,4495,69
434994,Mouse,3407,66
435124,Mouse,3260,67
435193,Mouse,4802,71
435249,Mouse,4555,68
435303,Mouse,5275,70
435375,Mouse,5596,75
435445,Mouse,4057,74
435813,Mouse,4877,69
435817,Mouse,3276,66
435927,Mouse,3412,65
435949,Mouse,5049,65
436013,Mouse,3075,66
436066,Elephant,498919,1358
436083,Mouse,4910,65
436192,Mouse,4353,65
436252,Mouse,4831,65
436265,Mouse,3139,64
436291,Mouse,3035,64
436315,Mouse,4267,65
436329,Mouse,5077,66
436332,Mouse,5343,68
436337,Mouse,3194,64
436375,Mouse,5453,71
436453,Mouse,3709,64
436489,Mouse,5454,69
436510,Mouse,4742,65
436522,Mouse,4463,66
436530,Mouse,4699,71
436678,Mouse,4617,65
436699,Mouse,4597,69
436709,Mouse,4811,72
436722,Mouse,3954,66
436731,Mouse,4999,65
436747,Mouse,4411,74
436748,Mouse,5053,74
436919,Mouse,5452,72
436970,Mouse,4225,74
437037,Mouse,4178,76
437042,Mouse,3563,76
437087,Mouse,4450,76
437131,Mouse,5116,81
437154,Mouse,3474,83
437239,Mouse,5020,85
437340,Mouse,4468,85
437415,Mouse,5585,93
437474,Mouse,3222,94
437477,Elephant,277379,963
437491,Mouse,3510,92
437523,Mouse,4854,90
437529,Mouse,5759,87
437533,Mouse,3573,84
437579,Elephant,195085,776
437587,Mouse,3358,73
437626,Mouse,5711,66
437742,Mouse,3173,66
437758,Mouse,5837,72
437774,Elephant,565931,1400
437833,Mouse,3438,64
437845,Mouse,3437,64
437912,Mouse,5414,65
437963,Mouse,3818,64
437989,Mouse,4325,65
438012,Mouse,3705,64
438032,Mouse,3379,65
438081,Mouse,4426,65
438114,Mouse,4468,65
438135,Mouse,5003,66
438166,Mouse,5621,66
438275,Mouse,3491,64
438442,Elephant,103115,455
438530,Mouse,4906,65
438564,Mouse,3731,64
438588,Mouse,3991,67
438615,Mouse,3113,64
438638,Mouse,3238,65
438764,Mouse,5413,71
438767,Mouse,3769,72
438773,Mouse,3408,75
438782,Mouse,5563,66
438789,Mouse,3485,64
438851,Mouse,4064,64
438894,Mouse,3741,65
438917,Mouse,3290,64
438951,Mouse,4721,69
438967,Mouse,4495,65
438986,Mouse,3941,66
439064,Mouse,4280,68
439087,Mouse,3813,67
439097,Mouse,5690,66
439141,Mouse,3761,64
439147,Mouse,3877,67
439228,Mouse,4711,65
439303,Mouse,5202,69
439315,Mouse,3564,64
439422,Mouse,5697,67
439433,Mouse,5314,69
439448,Mouse,3873,69
439486,Mouse,3518,65
439494,Mouse,5397,70
439562,Elephant,554962,1168
439584,Mouse,4264,65
439674,Mouse,4346,65
439685,Mouse,4050,64
439721,Mouse,5783,66
439739,Mouse,5302,65
439827,Mouse,4411,65
439914,Mouse,5143,65
439995,Mouse,4089,64
440021,Mouse,5589,66
440035,Mouse,4237,65
440066,Mouse,3425,64
440081,Mouse,4007,64
440152,Mouse,4587,65
440192,Mouse,5030,65
440218,Mouse,5708,66
440295,Mouse,4694,65
440411,Mouse,4433,65
440421,Mouse,4198,64
440457,Mouse,5449,66
440470,Mouse,3782,64
440502,Mouse,4591,65
440577,Mouse,5208,65
440594,Mouse,3771,67
440617,Mouse,4014,64
440648,Mouse,3994,67
440728,Mouse,5203,65
440735,Mouse,4661,70
440753,Mouse,3502,64
440807,Mouse,4857,70
440856,Mouse,4436,72
440920,Mouse,3750,67
440926,Mouse,3513,72
440967,Mouse,3463,72
440998,Mouse,5245,69
441009,Mouse,5590,76
441081,Mouse,3119,75
441306,Mouse,3721,77
441359,Mouse,4444,79
441423,Elephant,263906,942
441441,Mouse,3226,82
441628,Mouse,3628,77
441669,Elephant,562317,1258
441696,Mouse,3708,80
441700,Elephant,237680,810
441731,Mouse,5046,66
441794,Mouse,3303,64
441814,Mouse,5469,66
441859,Mouse,4116,64
442026,Mouse,5429,75
442037,Mouse,4951,78
442078,Mouse,5642,79
442095,Mouse,4686,65
442139,Mouse,4426,68
442140,Mouse,5333,69
442151,Mouse,3360,71
442158,Mouse,5737,75
442167,Mouse,3507,68
442378,Mouse,4210,75
442411,Mouse,3363,84
442466,Mouse,3135,100
442499,Mouse,3766,106
442545,Mouse,3858,105
442590,Mouse,3541,120
442598,Mouse,3419,118
442611,Mouse,4346,123
442616,Mouse,5299,124
442683,Mouse,4660,123
443022,Mouse,3102,114
443035,Elephant,82273,805
443105,Mouse,3219,114
443125,Elephant,308910,1175
443142,Mouse,3603,112
443175,Mouse,3267,97
443188,Mouse,4202,101
443199,Mouse,3691,100
443208,Mouse,5815,108
443257,Mouse,3343,96
443260,Mouse,5518,99
443284,Elephant,544764,1632
443289,Mouse,3663,96
443329,Mouse,5656,86
443346,Mouse,4659,78
443357,Mouse,3094,78
443365,Mouse,4565,79
443403,Mouse,5549,74
443524,Mouse,3805,75
443574,Elephant,282612,1260
443646,Mouse,3383,69
443689,Mouse,4760,71
443792,Mouse,4728,84
443799,Elephant,549085,1670
443817,Mouse,4449,81
443824,Mouse,3404,83
443832,Mouse,3804,75
443987,Elephant,63166,346
443988,Mouse,5093,69
444015,Mouse,3131,64
444037,Mouse,4186,71
444211,Mouse,4136,65
444226,Mouse,5192,69
444315,Mouse,4868,67
444352,Mouse,5500,76
444386,Mouse,4082,79
444401,Mouse,3510,85
444406,Mouse,5469,88
444476,Mouse,4469,94
444581,Elephant,267351,870
444612,Mouse,4979,100
444623,Mouse,4180,91
444650,Elephant,585306,1340
444727,Mouse,4935,65
444795,Mouse,5546,70
445052,Mouse,4635,67
445064,Mouse,5468,70
445075,Elephant,185561,719
445151,Elephant,65439,373
445175,Mouse,3498,70
445176,Mouse,4256,70
445182,Mouse,3325,72
445198,Mouse,4320,65
445238,Mouse,3926,64
445417,Mouse,4484,69
445435,Mouse,5167,69
445460,Mouse,3082,68
445503,Mouse,3739,67
445541,Mouse,4922,68
445548,Mouse,4526,71
445595,Mouse,3225,69
445626,Mouse,3379,66
445701,Mouse,3352,67
445712,Mouse,3907,70
445732,Elephant,271450,803
445737,Mouse,3576,69
445738,Mouse,4319,70
445892,Mouse,5563,67
445944,Mouse,4817,71
445962,Mouse,5308,75
445974,Mouse,5008,79
445984,Mouse,5517,70
446003,Mouse,5562,73
446087,Mouse,3802,68
446092,Mouse,5484,71
446117,Mouse,5188,70
446179,Mouse,4531,67
446186,Mouse,3091,67
446237,Mouse,3785,72
446268,Mouse,4900,76
446289,Mouse,5164,76
446324,Elephant,134621,603
446353,Mouse,3911,67
446378,Mouse,3727,66
446440,Elephant,547378,1178
446479,Mouse,5364,66
446497,Mouse,3339,64
446513,Mouse,3632,64
446530,Mouse,4829,65
446537,Mouse,3973,64
446596,Mouse,3507,64
446622,Mouse,5257,65
446635,Elephant,48900,285
446642,Mouse,5042,66
446675,Mouse,4222,67
446695,Mouse,4536,66
446699,Mouse,5448,67
446732,Mouse,4162,64
446762,Mouse,4729,65
446806,Mouse,4870,67
446809,Mouse,5114,67
446821,Mouse,5045,69
446881,Mouse,4869,65
446924,Mouse,3638,65
446956,Mouse,3306,64
446986,Mouse,4019,67
447009,Mouse,5494,66
447051,Mouse,4063,65
447081,Mouse,3233,70
447084,Mouse,4434,72
447137,Mouse,3784,67
447149,Mouse,5778,66
447181,Mouse,5418,70
447188,Mouse,4871,70
447232,Mouse,4183,65
447252,Mouse,5180,65
447314,Mouse,3298,66
447403,Mouse,5570,69
447416,Mouse,4373,71
447545,Mouse,3101,67
447549,Mouse,5158,69
447603,Mouse,4583,73
447671,Elephant,448760,1058
447719,Mouse,3782,64
447756,Mouse,3501,64
447789,Mouse,3725,64
447799,Mouse,4501,69
447932,Mouse,5274,66
447959,Mouse,5739,66
447972,Mouse,5806,69
448058,Mouse,4259,68
448088,Mouse,3962,64
448103,Mouse,4532,69
448117,Mouse,5686,66
448182,Mouse,3927,68
448249,Mouse,4871,70
448297,Mouse,5111,68
448300,Mouse,5717,69
448346,Mouse,5758,70
448387,Mouse,3627,65
448417,Mouse,3753,69
448534,Elephant,79339,410
448571,Mouse,5129,69
448662,Mouse,5564,70
448741,Mouse,5048,66
448789,Mouse,4462,69
448792,Elephant,495724,1107
448839,Mouse,3383,64
448960,Mouse,4223,64
448990,Mouse,4264,69
449072,Mouse,3741,65
449106,Mouse,4253,64
449129,Mouse,4529,69
449140,Mouse,3769,64
449157,Mouse,4712,67
449314,Mouse,3581,69
449477,Mouse,5593,73
449552,Mouse,3875,77
449562,Mouse,4958,82
449604,Mouse,4476,87
449727,Elephant,281712,886
449733,Mouse,3778,98
449797,Mouse,4029,76
449838,Mouse,5202,78
449884,Mouse,3354,74
449898,Mouse,4931,76
449938,Mouse,3239,80
449939,Mouse,5450,85
449956,Mouse,3900,83
450009,Elephant,416531,1173
450016,Mouse,4437,86
450068,Mouse,3550,75
450097,Mouse,5641,67
450099,Mouse,3232,66
450185,Mouse,3448,69
450232,Mouse,3057,74
450352,Mouse,3096,85
450406,Mouse,5602,99
450477,Mouse,5520,112
450499,Mouse,3424,110
450570,Mouse,3490,119
450577,Mouse,3842,120
450588,Mouse,3932,126
450603,Mouse,5071,131
450638,Mouse,4814,139
450641,Mouse,3452,136
450648,Mouse,3823,137
450664,Mouse,4477,140
450716,Mouse,4682,145
450736,Mouse,3068,133
450745,Elephant,554752,1457
450754,Mouse,4464,117
450775,Mouse,4270,89
450783,Mouse,5771,93
450934,Mouse,4238,72
450938,Mouse,5467,74
450951,Mouse,4950,76
450963,Mouse,3497,79
451121,Mouse,5732,79
451142,Elephant,134916,927
451168,Mouse,3715,87
451250,Mouse,3611,81
451273,Mouse,5099,81
451279,Elephant,590760,1747
451292,Mouse,3848,79
451313,Mouse,4800,89
451316,Mouse,3505,91
451363,Mouse,3800,83
451365,Mouse,4249,67
451461,Mouse,4291,69
451546,Mouse,3154,69
451560,Mouse,4102,72
451725,Elephant,453983,1586
451784,Mouse,3654,66
451849,Mouse,4109,72
451865,Mouse,5200,70
451908,Mouse,4035,81
451942,Mouse,5439,82
452005,Mouse,3703,80
452023,Mouse,3163,85
452215,Mouse,3977,108
452304,Mouse,5562,125
452328,Elephant,415497,1171
452329,Mouse,5600,133
452349,Mouse,3151,126
452393,Elephant,49666,408
452421,Mouse,3257,83
452461,Mouse,5477,71
452539,Mouse,5632,68
452569,Mouse,5450,70
452594,Mouse,3188,78
452697,Mouse,5700,90
452733,Elephant,476234,1333
452738,Mouse,3244,90
452841,Mouse,4677,71
452864,Mouse,5423,79
452869,Mouse,5008,82
452881,Mouse,4201,79
452895,Mouse,4145,83
452942,Mouse,5508,86
452973,Mouse,5211,93
452979,Mouse,5248,92
453013,Mouse,3604,88
453077,Mouse,5301,101
453207,Mouse,4760,107
453222,Mouse,3735,105
453293,Mouse,4755,110
453423,Elephant,193863,911
453538,Mouse,3291,73
453643,Mouse,4537,93
453669,Mouse,4492,93
453707,Elephant,413454,1370
453717,Mouse,5387,87
453719,Elephant,588714,1958
453750,Mouse,4636,89
453790,Mouse,3272,66
453798,Mouse,4907,65
453845,Mouse,4850,65
453975,Mouse,4220,64
454094,Mouse,5020,70
454126,Mouse,3309,67
454143,Mouse,3321,72
454225,Elephant,346116,1254
454228,Mouse,3874,64
454276,Mouse,5119,65
454281,Mouse,3295,64
454362,Mouse,4852,68
454364,Mouse,4613,68
454690,Mouse,5216,69
454707,Mouse,4466,72
454740,Mouse,3367,71
454741,Elephant,405584,994
454814,Mouse,4262,65
454819,Mouse,4545,65
454845,Mouse,4026,64
454938,Mouse,5215,65
454951,Mouse,3541,64
454976,Mouse,4674,65
455006,Mouse,5344,65
455021,Mouse,4891,66
455047,Mouse,3457,65
455150,Mouse,4899,65
455158,Mouse,3417,64
455302,Mouse,3766,67
455303,Mouse,5474,69
455316,Mouse,4533,69
455347,Mouse,3110,64
455399,Mouse,3793,66
455408,Mouse,5367,71
455420,Mouse,3367,64
455447,Mouse,4879,70
455453,Mouse,4786,72
455597,Elephant,169752,608
455599,Mouse,5362,71
455678,Mouse,3128,64
455727,Mouse,4240,64
455734,Mouse,5658,66
455743,Mouse,5266,65
455774,Mouse,4825,65
455792,Mouse,4091,64
455962,Mouse,5566,66
455967,Mouse,4171,64
455987,Mouse,5480,73
455990,Mouse,5140,75
455998,Mouse,3743,64
456051,Mouse,5182,65
456099,Mouse,3026,64
456143,Mouse,5567,66
456172,Mouse,3288,64
456197,Mouse,5683,68
456266,Mouse,3580,64
456286,Mouse,4380,67
456309,Mouse,4067,65
456363,Mouse,5328,65
456557,Elephant,309173,854
456590,Mouse,5624,70
456650,Mouse,3370,67
456702,Mouse,3399,70
456709,Mouse,5114,73
456852,Mouse,4082,67
456891,Elephant,120574,515
456983,Mouse,4455,65
457103,Mouse,3688,67
457108,Mouse,3624,69
457127,Mouse,3566,65
457160,Mouse,5568,66
457184,Elephant,317214,864
457202,Mouse,4705,66
457241,Mouse,4486,65
457277,Mouse,4954,65
457590,Mouse,4972,65
457646,Mouse,4011,64
457656,Mouse,4903,65
457662,Mouse,5360,65
457691,Mouse,4799,66
457738,Mouse,4262,65
457817,Mouse,4732,65
457955,Mouse,5387,65
458035,Mouse,4903,65
458114,Mouse,5764,66
458146,Mouse,5263,66
458161,Mouse,4090,64
458167,Mouse,4954,65
458180,Mouse,3439,64
458350,Mouse,5158,65
458473,Mouse,5680,66
458501,Mouse,4832,68
458553,Mouse,5094,65
458606,Mouse,3443,64
458620,Mouse,5580,68
458682,Mouse,5371,67
458731,Mouse,5628,66
458746,Mouse,4312,65
458765,Mouse,4810,70
458836,Mouse,3826,66
458862,Mouse,4840,69
459022,Elephant,342817,897
459064,Mouse,5355,66
459089,Mouse,4329,65
459096,Mouse,3559,64
459106,Mouse,3865,66
459109,Mouse,4439,67
459116,Mouse,4322,65
459156,Mouse,3212,64
459247,Mouse,5477,66
459264,Mouse,4366,65
459286,Mouse,5053,65
459347,Mouse,5392,65
459385,Mouse,3535,64
459441,Mouse,3345,70
459457,Mouse,5736,66
459525,Mouse,3324,67
459635,Mouse,3932,64
459655,Mouse,4468,67
459685,Mouse,3894,79
459689,Mouse,4678,65
459695,Mouse,4768,67
459722,Mouse,5703,79
459779,Mouse,3114,66
459785,Mouse,3918,67
459840,Mouse,3736,66
459877,Mouse,4282,66
459913,Elephant,190335,665
459977,Elephant,231728,732
459984,Mouse,3331,64
460141,Mouse,4793,65
460154,Mouse,5564,66
460222,Mouse,4584,65
460227,Mouse,3824,64
460277,Mouse,4600,65
460311,Mouse,3517,64
460338,Mouse,4836,65
460427,Mouse,4693,68
460573,Mouse,5324,68
460624,Mouse,4764,65
460724,Elephant,90220,413
460749,Mouse,5601,66
460760,Mouse,4838,66
460828,Mouse,3041,66
460850,Mouse,4098,64
460861,Mouse,4192,64
460907,Mouse,3993,66
460918,Mouse,4978,73
460922,Mouse,5203,73
461001,Mouse,4906,68
461111,Mouse,3723,64
461154,Mouse,3147,65
461199,Mouse,4494,69
461230,Mouse,3519,67
461246,Mouse,4307,65
461292,Mouse,5101,66
461352,Mouse,3638,65
461405,Elephant,406030,990
461438,Mouse,4022,64
461493,Mouse,5607,66
461501,Mouse,4410,65
461678,Mouse,5750,66
461816,Mouse,4727,65
461894,Mouse,5831,66
461905,Mouse,5400,65
461928,Mouse,5177,68
462059,Elephant,30413,197
462066,Mouse,5569,66
462079,Mouse,3501,64
462136,Mouse,3104,64
462145,Mouse,5781,66
462188,Mouse,4816,66
462201,Mouse,3919,64
462207,Mouse,3939,64
462231,Mouse,3560,65
462313,Mouse,3239,64
462467,Mouse,4201,64
462558,Mouse,4293,65
462570,Mouse,3646,64
462579,Mouse,3529,67
462585,Mouse,5224,72
462610,Mouse,4190,68
462629,Elephant,122302,545
462664,Mouse,3400,67
462694,Mouse,4963,65
462740,Mouse,4160,64
462746,Mouse,3732,66
462780,Mouse,5225,65
462789,Mouse,5462,69
462805,Mouse,5061,79
462852,Mouse,5171,66
462907,Mouse,3892,65
462909,Mouse,3952,66
463034,Mouse,5111,72
463101,Mouse,5235,69
463126,Mouse,5667,72
463214,Mouse,3532,70
463266,Mouse,4708,78
463359,Mouse,5618,91
463419,Mouse,4214,96
463463,Mouse,4441,108
463551,Mouse,4605,117
463665,Mouse,4357,102
463714,Mouse,3822,100
463778,Mouse,4826,102
463831,Mouse,4791,109
463839,Mouse,4991,112
463848,Mouse,3246,111
463872,Mouse,3603,115
463876,Mouse,3315,114
463916,Mouse,5127,117
463965,Elephant,391894,1286
464007,Elephant,532264,1453
464091,Mouse,3206,66
464131,Mouse,4105,71
464143,Mouse,3285,72
464149,Elephant,330481,1287
464160,Mouse,5027,69
464199,Mouse,4665,66
464230,Mouse,3046,64
464281,Mouse,4835,71
464329,Mouse,5318,75
464389,Mouse,5421,71
464409,Mouse,4196,78
464433,Mouse,5202,82
464436,Mouse,3181,83
464462,Mouse,3526,91
464483,Mouse,5007,95
464584,Mouse,5008,93
464599,Elephant,267150,941
464637,Mouse,5228,82
464648,Mouse,4376,83
464664,Mouse,5008,87
464697,Mouse,4313,87
464701,Mouse,4093,82
464708,Mouse,4211,78
464733,Mouse,5273,91
464766,Mouse,4064,92
464779,Elephant,159085,688
464781,Mouse,4956,95
464813,Elephant,124166,621
464817,Mouse,3395,101
464818,Mouse,5075,103
464875,Mouse,4878,67
464980,Mouse,3102,70
465041,Mouse,4656,65
465138,Mouse,3804,69
465148,Mouse,3852,70
465158,Elephant,279098,1100
465271,Mouse,5086,74
465302,Elephant,186766,707
465323,Mouse,5734,77
465453,Mouse,3313,67
465633,Mouse,5304,70
465655,Elephant,248911,784
465767,Mouse,5364,65
465807,Mouse,3296,65
465955,Mouse,5174,70
466107,Mouse,5026,68
466145,Mouse,5441,66
466187,Mouse,3196,64
466287,Mouse,3373,64
466342,Mouse,5834,71
466349,Elephant,140072,549
466455,Mouse,4816,69
466480,Mouse,3991,65
466521,Mouse,3240,66
466632,Mouse,4787,67
466694,Mouse,5451,68
466761,Mouse,3809,72
466763,Mouse,4795,73
466795,Mouse,5778,77
466892,Mouse,4384,84
466895,Mouse,4179,84
466904,Mouse,3576,83
466954,Elephant,204540,720
467081,Mouse,5495,77
467085,Elephant,417099,1045
467165,Mouse,4944,65
467267,Mouse,4335,65
467358,Elephant,173051,661
467412,Mouse,3730,65
467414,Mouse,3649,65
467426,Mouse,3468,64
467459,Mouse,4921,67
467544,Mouse,3468,64
467547,Mouse,3437,64
467552,Mouse,5507,66
467645,Mouse,5377,65
467748,Mouse,3610,64
467754,Mouse,5548,66
468031,Mouse,4377,69
468116,Mouse,3794,65
468216,Mouse,4621,65
468260,Mouse,5480,66
468282,Mouse,3012,65
468312,Mouse,3548,64
468338,Mouse,5219,71
468350,Mouse,5459,66
468360,Mouse,4443,65
468375,Mouse,4199,67
468439,Mouse,5809,71
468443,Mouse,5495,67
468479,Elephant,144691,560
468489,Mouse,5036,66
468531,Mouse,3935,64
468536,Mouse,4912,65
468538,Mouse,3238,64
468557,Mouse,3379,64
468609,Mouse,4444,65
468650,Mouse,5204,65
468701,Mouse,4815,66
468776,Mouse,4762,71
468781,Elephant,88610,428
468871,Mouse,3475,64
468927,Mouse,3728,64
468961,Mouse,4943,65
469012,Mouse,5004,65
469198,Mouse,3515,67
469223,Mouse,3640,72
469244,Mouse,3573,69
469269,Mouse,4914,77
469327,Mouse,5797,75
469368,Mouse,5541,74
469390,Mouse,4116,79
469444,Mouse,5057,80
469532,Mouse,5644,84
469565,Elephant,512464,1169
469786,Mouse,4018,64
469895,Mouse,3264,66
469908,Mouse,5097,72
469922,Mouse,5447,66
470026,Elephant,544892,1197
470032,Mouse,4155,66
470036,Mouse,4275,66
470122,Mouse,5072,65
470159,Mouse,5262,65
470170,Mouse,5742,66
470215,Mouse,3537,64
470242,Mouse,3529,64
470270,Mouse,3959,64
470352,Mouse,3905,64
470422,Mouse,3718,64
470442,Mouse,4673,65
470450,Mouse,3728,64
470657,Mouse,5509,66
470741,Mouse,3742,64
470770,Mouse,3584,64
470774,Mouse,4191,64
470846,Mouse,5500,66
470975,Mouse,5600,66
471055,Mouse,3147,67
471061,Mouse,4610,65
471139,Mouse,4732,70
471253,Mouse,4335,65
471274,Mouse,4328,67
471344,Mouse,5654,66
471486,Mouse,3224,67
471575,Mouse,4372,67
471598,Mouse,5437,66
471683,Mouse,3293,75
471702,Mouse,3059,66
471753,Mouse,4250,67
471769,Mouse,5537,75
471824,Mouse,3085,74
471869,Elephant,32798,301
471974,Mouse,5222,70
471994,Mouse,4838,76
472013,Mouse,5633,83
472019,Mouse,4087,82
472127,Elephant,577076,1229
472183,Mouse,3889,67
472349,Elephant,242569,791
472428,Mouse,5408,67
472475,Mouse,3559,69
472477,Mouse,3800,71
472535,Mouse,5123,73
472670,Mouse,5559,67
472689,Mouse,4296,68
472758,Mouse,3302,73
472800,Elephant,128078,516
472810,Mouse,3679,67
472841,Mouse,4629,71
472862,Mouse,4270,70
472875,Mouse,4180,65
472884,Mouse,3360,67
472992,Mouse,5692,69
473034,Mouse,4636,69
473103,Mouse,3349,71
473122,Mouse,3184,71
473392,Mouse,5148,87
473486,Mouse,4926,92
473570,Mouse,4973,65
473585,Elephant,465116,1127
473649,Mouse,5140,65
473656,Mouse,5351,65
473772,Mouse,5383,65
473967,Mouse,3638,64
473980,Mouse,4717,65
474063,Mouse,4673,65
474138,Mouse,3125,64
474144,Mouse,5070,65
474164,Mouse,3427,64
474177,Mouse,5466,70
474457,Mouse,5020,73
474467,Mouse,5604,73
474549,Mouse,4102,79
474603,Elephant,237574,754
474712,Mouse,3631,65
474845,Elephant,382767,967
474854,Mouse,3706,69
474876,Mouse,5305,76
474877,Mouse,5805,77
474880,Mouse,3086,67
475005,Mouse,3865,65
475019,Mouse,4084,64
475298,Elephant,320920,978
475336,Mouse,4211,65
475397,Mouse,3341,67
475481,Mouse,3150,66
475495,Mouse,3596,64
475502,Mouse,4684,69
475754,Mouse,5521,70
475864,Elephant,233036,731
475883,Mouse,5711,71
475897,Mouse,3666,68
475959,Mouse,4080,67
475994,Mouse,4509,65
476009,Elephant,362810,1221
476011,Mouse,5657,72
476119,Mouse,5155,65
476149,Mouse,3378,64
476266,Mouse,3933,64
476289,Mouse,5381,65
476364,Mouse,5622,68
476366,Mouse,4858,68
476379,Mouse,3124,64
476488,Mouse,3489,66
476489,Mouse,5602,69
476498,Mouse,3528,64
476548,Mouse,3905,64
476557,Mouse,5679,70
476569,Mouse,4394,76
476569,Mouse,3060,76
476617,Mouse,3704,74
476744,Mouse,3190,66
476761,Mouse,4531,65
476816,Mouse,5185,66
476845,Mouse,5061,65
476919,Mouse,4853,70
476969,Mouse,3592,72
477014,Mouse,5150,69
477021,Mouse,5423,74
477027,Mouse,5700,67
477084,Mouse,3878,67
477087,Elephant,310304,855
477129,Mouse,5037,69
477153,Mouse,3554,64
477195,Mouse,5260,65
477200,Mouse,4850,65
477273,Mouse,3636,64
477280,Mouse,3044,64
477291,Mouse,5110,65
477306,Mouse,3580,64
477312,Mouse,4722,65
477336,Mouse,4509,65
477365,Mouse,5663,68
477366,Mouse,3631,67
477436,Mouse,4955,65
477445,Mouse,5393,65
477506,Mouse,4775,65
477558,Mouse,4627,65
477604,Mouse,5303,65
477625,Mouse,4142,64
477636,Mouse,4786,65
477703,Mouse,3600,64
477706,Mouse,3392,64
477743,Mouse,4518,65
477865,Mouse,3046,64
477893,Mouse,3482,64
477908,Mouse,3923,65
477942,Mouse,3322,64
477954,Mouse,3402,64
477986,Mouse,5458,69
477996,Mouse,3129,65
477997,Mouse,4399,67
478001,Mouse,4598,69
478123,Mouse,3977,64
478143,Mouse,4550,65
478212,Mouse,3843,64
478225,Mouse,4803,65
478346,Mouse,5710,68
478379,Mouse,4782,70
478393,Mouse,5476,71
478545,Mouse,3723,67
478565,Mouse,3129,78
478571,Mouse,3647,80
478620,Mouse,5325,85
478877,Mouse,3852,100
478924,Mouse,5270,117
478941,Mouse,5530,124
478983,Mouse,4759,136
479048,Mouse,5675,141
479118,Elephant,468448,1248
479131,Elephant,111675,683
479141,Elephant,226544,947
479322,Elephant,75327,493
479376,Mouse,3073,64
479459,Mouse,5208,65
479478,Mouse,5060,69
479757,Mouse,3090,67
479849,Mouse,5360,78
479857,Mouse,3525,80
479878,Mouse,4632,75
479931,Elephant,538741,1490
479957,Mouse,4941,74
479984,Mouse,4648,73
480082,Mouse,5229,72
480091,Mouse,5304,78
480103,Mouse,5829,84
480175,Mouse,4916,75
480181,Mouse,3965,79
480206,Mouse,4289,67
480308,Mouse,4258,73
480339,Mouse,4562,73
480350,Mouse,3123,82
480367,Mouse,5402,82
480400,Mouse,5526,88
480441,Mouse,4672,93
480455,Mouse,3637,93
480504,Mouse,5278,90
480510,Elephant,332325,961
480676,Mouse,4342,74
480678,Mouse,3736,75
480684,Mouse,5668,67
480717,Mouse,5331,73
480742,Mouse,3483,68
480765,Mouse,5360,73
480778,Mouse,3739,68
480804,Mouse,3380,73
480855,Mouse,4375,71
480862,Elephant,112731,680
480906,Mouse,5465,73
480922,Mouse,4988,70
480980,Elephant,478508,1212
481010,Mouse,5786,66
481056,Mouse,3637,64
481068,Mouse,4887,66
481071,Mouse,3612,65
481134,Mouse,5287,65
481171,Mouse,3314,65
481196,Mouse,3449,67
481203,Mouse,5183,65
481248,Mouse,4054,65
481337,Mouse,4626,65
481342,Elephant,36173,235
481414,Mouse,5806,72
481428,Mouse,3670,64
481469,Mouse,4911,65
481514,Mouse,3480,67
481634,Elephant,184164,636
481724,Mouse,4679,65
481800,Mouse,4636,65
481867,Mouse,3601,67
481893,Mouse,3434,67
481953,Elephant,56448,322
482115,Mouse,4553,65
482255,Mouse,4693,81
482335,Mouse,5750,68
482453,Mouse,4875,74
482485,Mouse,5188,75
482493,Mouse,3048,79
482547,Mouse,4295,92
482570,Mouse,3144,91
482609,Mouse,4098,94
482656,Mouse,3197,96
482676,Mouse,5607,98
482773,Mouse,5791,101
482786,Mouse,3687,98
482820,Mouse,4246,96
482875,Mouse,5201,99
482956,Elephant,129452,725
482959,Mouse,3225,98
482970,Elephant,388226,1145
482988,Mouse,5470,99
483007,Mouse,3868,78
483047,Elephant,91738,706
483095,Mouse,4368,65
483103,Elephant,314254,1026
483142,Mouse,5784,67
483165,Mouse,4435,65
483169,Mouse,5802,66
483248,Mouse,3212,66
483411,Mouse,3181,64
483428,Mouse,3985,64
483442,Mouse,3237,67
483486,Mouse,5176,70
483495,Mouse,4504,71
483612,Mouse,4888,68
483629,Mouse,5598,68
483633,Mouse,4092,67
483662,Mouse,3910,68
483670,Mouse,4220,71
483686,Mouse,3550,70
483704,Elephant,177468,633
483746,Mouse,5181,75
483749,Mouse,3473,73
483754,Mouse,4572,65
483815,Mouse,3592,67
483919,Mouse,4725,72
483975,Mouse,3747,76
484053,Mouse,3220,67
484069,Mouse,5360,74
484087,Mouse,4709,78
484090,Elephant,254004,777
484192,Mouse,5465,67
484201,Mouse,4150,67
484233,Mouse,4293,66
484326,Mouse,5602,69
484329,Mouse,5178,70
484335,Mouse,3072,71
484456,Mouse,5737,72
484498,Elephant,364351,964
484669,Mouse,5565,70
484740,Mouse,3526,64
484919,Mouse,5329,67
484945,Mouse,3410,68
484977,Mouse,3003,66
485041,Mouse,3739,65
485180,Mouse,4698,66
485194,Mouse,5277,72
485203,Elephant,79764,418
485316,Mouse,3163,66
485322,Elephant,538557,1159
485366,Mouse,4914,66
485401,Mouse,3904,64
485477,Mouse,4578,68
485477,Mouse,5006,69
485501,Mouse,5193,65
485525,Mouse,4328,65
485578,Mouse,4032,64
485646,Mouse,3973,64
485797,Mouse,3274,64
486022,Mouse,5106,67
486024,Mouse,3656,66
486033,Mouse,3730,64
486037,Mouse,3143,64
486073,Mouse,3819,64
486138,Mouse,5106,66
486213,Mouse,4668,65
486295,Mouse,5029,66
486308,Mouse,3073,64
486317,Mouse,5180,70
486430,Mouse,3420,70
486473,Mouse,3187,73
486497,Mouse,3842,79
486500,Mouse,5833,82
486518,Elephant,230438,743
486524,Mouse,3450,69
486587,Mouse,4129,64
486591,Mouse,3466,64
486744,Mouse,5314,70
486803,Mouse,4340,77
486819,Mouse,4314,82
486833,Mouse,3149,71
486878,Mouse,4311,78
486884,Mouse,5490,81
486927,Mouse,4458,77
486945,Mouse,5468,79
486983,Mouse,5416,87
487059,Mouse,5308,82
487078,Elephant,394008,1042
487106,Mouse,3924,75
487184,Mouse,3822,67
487252,Mouse,4751,66
487255,Mouse,4594,67
487382,Mouse,4602,71
487438,Mouse,4136,77
487472,Elephant,556765,1236
487494,Mouse,4648,72
487693,Mouse,4137,68
487715,Mouse,4923,77
487730,Mouse,5093,77
487836,Mouse,3340,69
487859,Mouse,5691,75
487872,Mouse,5783,79
487950,Mouse,5026,86
487966,Mouse,3430,89
487972,Mouse,3440,91
488006,Mouse,3740,97
488067,Mouse,5224,115
488101,Mouse,3063,113
488131,Mouse,5506,121
488193,Mouse,3198,119
488246,Elephant,284818,954
488265,Mouse,3116,91
488313,Elephant,332350,1085
488341,Mouse,3293,70
488413,Mouse,5585,68
488430,Mouse,4969,68
488436,Mouse,3655,70
488492,Mouse,3969,67
488647,Mouse,3159,66
488724,Elephant,153035,834
488762,Mouse,5481,75
488838,Mouse,4667,79
488957,Mouse,3361,117
488976,Mouse,3104,123
489099,Elephant,459235,1556
489123,Mouse,4169,123
489163,Mouse,4510,98
489179,Mouse,3506,92
489220,Mouse,5145,82
489227,Mouse,5066,84
489228,Mouse,5515,86
489287,Mouse,5432,77
489375,Mouse,3734,75
489472,Elephant,385307,1328
489477,Mouse,4430,79
489509,Mouse,4739,84
489512,Mouse,3127,83
489614,Mouse,3285,72
489615,Mouse,4052,73
489628,Mouse,3979,79
489635,Mouse,3320,82
489648,Mouse,3625,85
489686,Mouse,3022,91
489769,Mouse,3196,91
489781,Mouse,4236,97
489834,Mouse,5839,104
489903,Mouse,4869,109
489933,Mouse,4273,115
489957,Mouse,4802,115
489972,Mouse,3664,110
490089,Mouse,3828,107
490102,Mouse,5196,113
490194,Mouse,3160,124
490194,Mouse,3807,124
490243,Mouse,4620,134
490311,Mouse,3191,134
490358,Mouse,5097,134
490429,Elephant,381890,1639
490431,Mouse,5320,132
490585,Mouse,3505,100
490613,Mouse,4310,102
490653,Mouse,3574,102
490713,Elephant,470546,1942
490718,Elephant,517590,2063
490782,Mouse,3839,77
490815,Mouse,3079,67
490936,Mouse,5462,68
490942,Mouse,3915,67
491033,Mouse,5816,68
491135,Elephant,292425,1204
491532,Mouse,5801,68
491632,Mouse,4944,66
491678,Mouse,4274,65
491747,Mouse,3980,67
491750,Mouse,5210,70
491763,Mouse,3101,70
491832,Mouse,3367,66
491833,Mouse,4666,68
491849,Mouse,4773,68
491863,Mouse,5676,66
492078,Mouse,3431,70
492079,Mouse,4163,70
492107,Mouse,4390,73
492116,Mouse,4765,75
492194,Mouse,5618,77
492255,Elephant,402293,1003
492281,Mouse,5462,74
492363,Mouse,4667,67
492420,Mouse,5220,69
492525,Mouse,3597,68
492535,Mouse,4016,70
492556,Mouse,4747,76
492637,Mouse,5599,74
492693,Mouse,5163,80
492707,Elephant,235859,811
492784,Mouse,4672,67
492867,Mouse,3079,73
492883,Mouse,5496,79
492964,Mouse,3821,67
493022,Mouse,4952,75
493022,Elephant,383430,1011
493072,Mouse,4438,65
493122,Mouse,4116,66
493202,Mouse,4359,65
493221,Mouse,3706,69
493272,Mouse,4285,73
493318,Mouse,4980,71
493371,Elephant,312788,902
493538,Mouse,4721,65
493663,Mouse,5440,70
493821,Mouse,3183,71
493839,Mouse,4336,73
494079,Mouse,5563,92
494099,Mouse,3894,99
494102,Mouse,4826,102
494222,Mouse,5003,110
494305,Mouse,5719,105
494310,Mouse,4813,108
494353,Mouse,3058,114
494370,Elephant,171941,769
494407,Elephant,557238,1344
494419,Mouse,5350,78
494441,Mouse,5146,72
494470,Mouse,4088,68
494515,Mouse,5753,70
494585,Mouse,3228,64
494597,Mouse,3603,67
494603,Mouse,4508,67
494646,Mouse,4605,68
494654,Elephant,347441,1163
494666,Mouse,4189,64
494691,Mouse,3925,69
494737,Mouse,3642,64
494777,Mouse,4465,65
494793,Mouse,3551,64
494816,Mouse,3741,64
494882,Mouse,4117,64
494967,Mouse,4935,65
495000,Mouse,4016,64
495063,Mouse,4681,70
495071,Mouse,3813,68
495072,Mouse,5672,70
495117,Mouse,3208,64
495268,Mouse,4255,69
495285,Mouse,5722,79
495354,Mouse,5275,70
495382,Mouse,5320,65
495521,Mouse,3948,65
495624,Mouse,3359,65
495641,Mouse,3807,73
495705,Elephant,247588,764
495839,Mouse,5455,66
495950,Elephant,406359,1002
495995,Mouse,3104,64
496022,Mouse,3017,64
496033,Mouse,3616,64
496108,Mouse,4531,65
496122,Mouse,5389,67
496159,Mouse,4592,65
496188,Mouse,5720,66
496221,Mouse,4659,65
496276,Mouse,4269,65
496397,Mouse,3731,64
496537,Mouse,3946,64
496685,Mouse,4298,67
496753,Mouse,3433,64
496803,Mouse,3577,64
496840,Mouse,3114,64
496849,Mouse,4804,66
496868,Mouse,5027,70
497059,Mouse,4061,65
497247,Elephant,429497,1020
497268,Mouse,3144,68
497335,Mouse,3439,64
497353,Mouse,4235,67
497428,Mouse,3143,64
497439,Mouse,4737,66
497528,Mouse,4167,68
497544,Mouse,4347,71
497552,Mouse,5213,65
497557,Mouse,3509,64
497706,Mouse,3624,67
497817,Mouse,4365,69
497862,Mouse,3288,72
498175,Elephant,442272,1107
498262,Mouse,5020,65
498314,Elephant,158674,651
498343,Mouse,5256,71
498360,Mouse,4179,72
498373,Mouse,3506,64
498640,Mouse,3745,69
498643,Mouse,3222,70
498653,Mouse,5631,75
498725,Mouse,3347,70
498820,Mouse,4138,68
498838,Elephant,544795,1383
498871,Mouse,3970,66
498926,Mouse,5335,68
498943,Mouse,3709,67
498957,Mouse,5764,73
498993,Mouse,4310,68
499042,Mouse,3500,70
499274,Mouse,3451,79
499328,Mouse,4184,91
499370,Elephant,322002,927
499385,Mouse,3992,95
499398,Mouse,5780,98
499415,Mouse,4700,101
499437,Elephant,131794,594
499443,Mouse,4131,80
499473,Elephant,135768,612
499518,Mouse,4584,65
499644,Mouse,3570,64
499804,Mouse,4147,71
499813,Mouse,3183,72
499876,Mouse,5167,69
499908,Mouse,5650,71
499981,Mouse,5302,72
500057,Mouse,5670,86
500078,Mouse,4799,95
500236,Mouse,3864,113
500251,Mouse,3069,116
500364,Mouse,5266,128
500421,Mouse,3963,131
500480,Mouse,5665,143
500498,Mouse,5304,145
500562,Mouse,5749,150
500698,Mouse,5192,141
500715,Mouse,5609,143
500764,Mouse,4119,135
500804,Elephant,533719,1598
500814,Mouse,4298,127
500829,Mouse,4755,121
500902,Mouse,3342,75
501028,Mouse,3117,74
501226,Mouse,3272,109
501227,Elephant,457199,1669
501231,Mouse,4762,106
501281,Elephant,254209,1347
501303,Elephant,324140,1529
501320,Mouse,5532,82
501333,Mouse,4545,65
501440,Mouse,4995,69
501649,Mouse,4652,65
501753,Mouse,3218,67
501787,Mouse,3257,66
501858,Mouse,3700,64
501867,Elephant,488021,1921
501929,Mouse,4940,65
501997,Mouse,3554,64
502004,Mouse,4107,64
502050,Mouse,4673,66
502161,Mouse,5541,66
502233,Mouse,4794,66
502290,Mouse,3178,64
502415,Mouse,5339,65
502419,Mouse,4200,66
502431,Mouse,4834,65
502439,Mouse,3391,64
502448,Mouse,4746,66
502477,Mouse,5742,66
502481,Mouse,4558,65
502486,Mouse,5144,65
502554,Mouse,3934,64
502568,Mouse,4725,65
502797,Mouse,4756,65
502849,Mouse,5272,65
502861,Mouse,4668,65
502955,Mouse,5386,65
503091,Mouse,4232,66
503107,Mouse,5043,65
503283,Mouse,3896,64
503333,Mouse,5554,66
503394,Mouse,3641,64
503410,Mouse,3473,64
503521,Mouse,4709,65
503525,Mouse,4565,66
503593,Mouse,3269,64
503628,Mouse,5164,68
503679,Mouse,5776,71
503737,Mouse,4314,65
503815,Mouse,4197,66
503818,Mouse,5005,67
503952,Mouse,3178,64
504028,Mouse,3752,69
504186,Mouse,4196,71
504209,Mouse,3795,74
504250,Mouse,3261,84
504304,Mouse,5046,93
504315,Mouse,4187,97
504375,Mouse,4004,106
504388,Mouse,4570,106
504441,Mouse,4357,106
504449,Mouse,4043,96
504546,Mouse,3151,89
504560,Mouse,5572,97
504625,Mouse,3451,107
504634,Mouse,3339,111
504671,Mouse,4927,117
504764,Mouse,5181,121
504773,Mouse,3360,121
504785,Mouse,4950,126
504877,Mouse,4509,132
504937,Elephant,425963,1417
504995,Mouse,3574,124
505018,Mouse,4268,121
505133,Mouse,5525,125
505152,Mouse,3944,123
505171,Mouse,3290,126
505174,Mouse,4761,129
505283,Mouse,5275,142
505304,Mouse,5581,148
505321,Mouse,3508,153
505332,Mouse,4334,155
505366,Mouse,5775,157
505388,Mouse,4104,157
505424,Mouse,4127,169
505430,Mouse,3022,170
505475,Mouse,3443,165
505540,Mouse,3529,154
505642,Mouse,3531,161
505658,Mouse,3428,153
505815,Mouse,5139,180
505818,Mouse,4540,182
505892,Mouse,5427,181
505957,Mouse,4599,189
506044,Elephant,538697,2189
506047,Mouse,4071,172
506068,Mouse,5488,169
506087,Mouse,5554,168
506117,Mouse,4553,170
506127,Mouse,4845,174
506159,Mouse,3691,155
506218,Mouse,4429,155
506236,Mouse,4448,142
506268,Mouse,3419,146
506272,Elephant,232029,2075
506422,Elephant,404819,2575
506426,Mouse,3933,141
506486,Elephant,92028,1465
506551,Mouse,5570,97
506563,Mouse,5552,101
506597,Mouse,4734,110
506773,Mouse,3732,126
506786,Mouse,4620,132
506849,Mouse,3506,141
506949,Mouse,3865,162
506983,Mouse,3715,155
507107,Mouse,4224,156
507142,Mouse,4860,161
507158,Elephant,348578,2701
507164,Mouse,3677,153
507226,Mouse,5319,164
507364,Mouse,5580,144
507394,Mouse,3498,134
507412,Mouse,3422,142
507463,Elephant,194289,2001
507480,Elephant,393255,2865
507489,Mouse,3008,146
507531,Mouse,4676,151
507556,Mouse,5119,127
507564,Mouse,4636,132
507673,Mouse,4066,134
507718,Mouse,4323,143
507759,Elephant,268412,2327
507884,Mouse,3575,138
507897,Mouse,5701,142
508025,Mouse,3033,147
508039,Mouse,3946,145
508083,Mouse,3632,133
508105,Elephant,81149,842
508132,Mouse,4208,131
508166,Mouse,4078,134
508209,Mouse,5511,121
508224,Mouse,5630,129
508232,Mouse,5260,132
508288,Mouse,3422,129
508353,Elephant,556431,3893
508361,Mouse,3636,126
508401,Mouse,3682,120
508547,Mouse,4882,106
508584,Mouse,3302,113
508733,Elephant,565094,3689
508795,Mouse,5656,98
508815,Mouse,3768,96
508816,Mouse,5732,99
508887,Mouse,4310,102
508903,Elephant,295873,2265
508963,Mouse,4607,74
509264,Mouse,3224,92
509324,Mouse,4348,104
509349,Elephant,467168,2478
509356,Mouse,5105,107
509358,Elephant,471745,2793
509372,Mouse,3849,94
509417,Mouse,3321,73
509603,Mouse,3229,64
509702,Mouse,5269,69
509722,Mouse,4993,72
509809,Mouse,5377,72
509879,Mouse,4566,67
509891,Mouse,5685,75
509944,Elephant,42884,282
509958,Mouse,5092,71
509965,Mouse,4422,75
510032,Mouse,3893,73
510124,Elephant,241934,751
510197,Mouse,4522,66
510259,Mouse,4662,65
510327,Mouse,4035,65
510413,Mouse,5119,67
510456,Mouse,4873,67
510536,Mouse,5817,68
510573,Mouse,5275,70
510586,Mouse,5737,70
510629,Mouse,3203,74
510652,Mouse,4993,69
510724,Mouse,3820,64
510812,Mouse,3316,66
511006,Mouse,5745,70
511078,Mouse,5763,69
511087,Elephant,394563,973
511160,Mouse,3507,67
511164,Mouse,3624,69
511214,Mouse,5168,65
511275,Mouse,4768,66
511281,Mouse,3388,69
511298,Mouse,5059,65
511347,Mouse,5332,65
511353,Mouse,5763,66
511377,Mouse,5747,66
511420,Mouse,4970,65
511679,Mouse,5067,65
511700,Mouse,5011,65
511708,Elephant,136598,540
511759,Mouse,5001,65
511790,Mouse,3821,64
511812,Mouse,3015,64
511829,Mouse,3015,64
511864,Mouse,5668,66
511956,Mouse,5219,65
511992,Mouse,3829,67
512033,Mouse,5802,72
512040,Mouse,5119,73
512046,Mouse,5570,76
512049,Mouse,4315,73
512102,Mouse,4617,67
512212,Mouse,5386,66
512214,Mouse,3118,64
512298,Mouse,4777,67
512320,Mouse,5131,70
512341,Mouse,4450,69
512426,Mouse,3541,66
512463,Mouse,3211,66
512476,Mouse,3028,66
512480,Mouse,4228,68
512549,Mouse,5357,72
512689,Elephant,238376,811
512716,Mouse,4875,66
512727,Mouse,4692,65
512828,Mouse,3637,67
512852,Elephant,344967,908
512865,Mouse,4288,65
512888,Mouse,4982,70
512897,Mouse,3670,64
512943,Mouse,3227,64
512990,Mouse,5510,66
513027,Mouse,5741,66
513036,Mouse,5575,66
513073,Mouse,4409,65
513156,Mouse,5151,65
513161,Mouse,5435,66
513245,Mouse,3172,64
513345,Elephant,199595,669
513386,Mouse,3401,65
513523,Mouse,3257,65
513536,Mouse,5466,66
513693,Mouse,3887,64
513703,Mouse,5088,65
513715,Mouse,3283,64
513803,Mouse,3133,64
514028,Mouse,4520,65
514043,Mouse,3727,64
514050,Mouse,5419,65
514085,Mouse,3999,65
514095,Mouse,4485,68
514168,Mouse,5539,71
514172,Mouse,4497,73
514179,Mouse,4040,64
514192,Mouse,3134,67
514223,Mouse,3290,64
514229,Mouse,4002,64
514314,Mouse,4993,65
514425,Mouse,4528,70
514443,Mouse,5051,70
514466,Mouse,3083,69
514478,Mouse,3759,72
514512,Mouse,5296,73
514519,Mouse,3190,76
514522,Mouse,3907,77
514597,Mouse,5702,82
514608,Mouse,3233,81
514621,Mouse,4224,76
514712,Mouse,4575,94
514723,Mouse,4709,96
514728,Mouse,5363,98
514746,Elephant,183491,778
514805,Elephant,91063,469
514882,Mouse,3649,72
514896,Elephant,450880,1113
514916,Elephant,31421,224
514935,Mouse,4481,74
515153,Mouse,5442,66
515202,Mouse,3497,64
515238,Mouse,3861,64
515473,Mouse,5194,65
515534,Mouse,5782,72
515540,Mouse,5624,75
515608,Mouse,4751,68
515620,Mouse,5301,72
515691,Elephant,171520,621
515721,Mouse,5686,66
515749,Mouse,4690,65
515816,Mouse,5153,65
515962,Mouse,5080,65
515977,Mouse,3196,66
516072,Mouse,5720,66
516107,Mouse,3562,66
516115,Mouse,3578,70
516219,Mouse,3287,64
516237,Mouse,5272,67
516249,Mouse,3331,68
516269,Mouse,5763,70
516421,Mouse,4651,69
516441,Mouse,3887,69
516480,Mouse,5006,76
516498,Elephant,101917,468
516518,Mouse,5639,75
516538,Mouse,4212,75
516580,Mouse,4506,68
516701,Mouse,5433,70
516767,Mouse,4139,67
516777,Mouse,3112,66
516779,Elephant,442157,1084
516817,Mouse,5148,65
516973,Mouse,4583,69
517043,Mouse,4576,65
517056,Mouse,5179,68
517079,Mouse,4916,65
517137,Mouse,3754,64
517180,Mouse,3845,65
517237,Elephant,309626,867
517295,Mouse,3619,64
517441,Mouse,5531,69
517441,Mouse,5341,69
517548,Mouse,3303,70
517554,Mouse,4770,71
517606,Mouse,3861,64
517715,Mouse,3802,67
517765,Mouse,5164,72
517785,Mouse,4307,65
517813,Mouse,4561,72
517833,Mouse,3087,72
517886,Mouse,3342,67
517946,Mouse,5167,65
518054,Mouse,4994,73
518161,Mouse,5144,70
518184,Mouse,3109,81
518185,Mouse,3924,80
518229,Mouse,3872,85
518253,Mouse,5395,93
518268,Mouse,3283,94
518311,Mouse,3662,93
518342,Elephant,429427,1084
518353,Mouse,3333,86
518522,Elephant,442759,1134
518608,Mouse,5083,65
518662,Mouse,4116,67
518666,Mouse,3645,66
518695,Mouse,4292,65
518795,Mouse,3272,64
518813,Mouse,3484,64
518862,Mouse,3865,64
518874,Mouse,4088,67
519028,Mouse,4203,64
519081,Mouse,5304,65
519205,Mouse,5259,71
519209,Mouse,3444,65
519232,Elephant,255318,768
519380,Mouse,5475,67
519461,Mouse,3364,64
519472,Mouse,5091,68
519504,Mouse,3485,71
519601,Mouse,4072,69
519607,Mouse,4781,73
519642,Mouse,4643,70
519651,Mouse,4758,75
519816,Elephant,129306,542
519818,Mouse,5257,70
519924,Elephant,361109,935
520000,Mouse,4097,64
520003,Mouse,3029,64
520062,Mouse,3599,64
520066,Mouse,4733,65
520075,Mouse,4741,65
520115,Mouse,3809,64
520139,Mouse,4579,65
520313,Mouse,4003,64
520328,Mouse,4945,65
520520,Mouse,5709,66
520604,Mouse,4534,65
520733,Mouse,4713,65
520746,Mouse,4919,65
520795,Mouse,5061,65
520850,Mouse,4880,66
520852,Mouse,4351,66
520883,Mouse,4839,65
520918,Mouse,3541,67
520972,Mouse,4610,65
521081,Mouse,5622,66
521087,Mouse,4041,68
521091,Mouse,5122,72
521143,Mouse,5180,67
521159,Mouse,5625,66
521201,Mouse,3148,65
521248,Mouse,3381,64
521288,Mouse,4419,65
521565,Mouse,4318,68
521589,Mouse,5051,73
521671,Elephant,283371,820
521707,Elephant,91305,424
521912,Mouse,3932,64
522003,Mouse,4492,65
522059,Mouse,4782,65
522100,Mouse,4031,70
522121,Mouse,5048,65
522262,Elephant,46555,278
522403,Mouse,3554,64
522491,Mouse,4407,65
522500,Mouse,5155,67
522610,Elephant,212221,692
522665,Mouse,5049,65
522779,Mouse,4782,70
522858,Mouse,3067,67
522874,Mouse,4362,70
522977,Mouse,5784,66
523017,Mouse,3805,74
523029,Mouse,3077,66
523208,Mouse,3597,75
523414,Mouse,4961,99
523414,Mouse,3678,98
523487,Mouse,4788,103
523536,Mouse,5397,112
523569,Mouse,3765,110
523617,Mouse,4186,120
523624,Mouse,3365,111
523669,Mouse,3090,74
523746,Mouse,5654,73
523756,Mouse,3127,65
523779,Mouse,4223,70
523834,Elephant,474932,1254
523876,Mouse,4947,65
523925,Mouse,4693,65
523996,Mouse,3778,67
524103,Mouse,3363,72
524106,Mouse,3771,69
524114,Mouse,3753,70
524124,Mouse,4489,71
524307,Mouse,5071,88
524316,Mouse,3441,90
524436,Mouse,3761,95
524501,Mouse,3994,100
524526,Elephant,543446,1381
524591,Mouse,3262,85
524620,Mouse,4522,68
524625,Mouse,4617,72
524636,Elephant,188363,740
524654,Mouse,3397,76
524703,Mouse,3440,75
524713,Mouse,3069,64
524721,Mouse,4675,65
524775,Mouse,4249,68
524794,Elephant,131037,698
524825,Mouse,5058,73
524889,Mouse,3003,63
524972,Mouse,4518,67
525005,Mouse,4248,68
525110,Mouse,3547,64
525252,Mouse,3352,67
525267,Elephant,444300,1132
525395,Mouse,3551,64
525459,Mouse,3616,64
525465,Mouse,5338,65
525607,Mouse,4218,64
525735,Mouse,5142,65
525770,Mouse,5396,69
525793,Mouse,4461,65
525802,Mouse,4874,65
525819,Mouse,4558,68
525855,Mouse,3184,66
525954,Mouse,4790,65
526104,Mouse,3658,64
526376,Mouse,5229,69
526430,Mouse,3810,72
526441,Mouse,5604,77
526457,Mouse,3306,65
526720,Mouse,4902,69
526752,Mouse,4895,66
526816,Elephant,508164,1115
526909,Mouse,3424,64
526953,Mouse,5380,66
527078,Mouse,5420,65
527123,Mouse,3686,64
527199,Mouse,4624,65
527207,Mouse,5461,68
527208,Mouse,4244,68
527213,Mouse,5263,67
527274,Mouse,3646,67
527284,Mouse,5770,75
527428,Mouse,3906,64
527542,Mouse,3275,76
527600,Mouse,3015,74
527610,Mouse,3615,69
527716,Mouse,4460,76
527725,Elephant,472469,1089
527803,Mouse,5600,66
527846,Mouse,3973,64
527925,Mouse,5226,70
527947,Mouse,3330,67
528037,Elephant,163285,616
528047,Elephant,177253,663
528185,Mouse,3967,64
528242,Mouse,3625,64
528286,Mouse,3212,65
528311,Mouse,3392,64
528365,Mouse,3440,64
528400,Mouse,3752,64
528424,Mouse,5469,66
528435,Mouse,3821,64
528540,Mouse,4729,68
528592,Mouse,5434,71
528661,Mouse,3881,65
528718,Mouse,5124,68
528810,Mouse,4973,65
528936,Elephant,147335,552
529094,Mouse,4353,65
529102,Mouse,4467,65
529124,Mouse,4150,64
529147,Mouse,4412,65
529305,Mouse,5661,66
529382,Mouse,3418,64
529404,Mouse,5276,65
529485,Mouse,5772,68
529488,Mouse,4398,68
529501,Mouse,4587,69
529521,Mouse,4841,73
529564,Mouse,3182,73
529602,Mouse,4236,67
529606,Mouse,3730,70
529634,Mouse,5181,76
529671,Mouse,4847,78
529783,Mouse,5262,88
529857,Mouse,3860,95
529865,Mouse,3585,98
529905,Mouse,3160,108
529910,Mouse,4121,109
529937,Mouse,5442,116
529985,Mouse,4072,120
530042,Mouse,5746,116
530068,Mouse,5657,113
530098,Mouse,5562,114
530145,Mouse,3066,116
530184,Mouse,5219,126
530230,Mouse,4878,116
530254,Elephant,580332,1427
530341,Mouse,5364,76
530346,Mouse,3408,78
530357,Mouse,5622,72
530456,Mouse,5032,67
530470,Mouse,3792,74
530484,Elephant,328798,1203
530492,Mouse,5035,75
530494,Mouse,4013,73
530525,Mouse,5261,78
530582,Mouse,5330,67
530664,Mouse,4040,67
530740,Mouse,3745,73
530748,Mouse,4215,77
530800,Mouse,4631,76
530803,Elephant,333683,1113
530849,Mouse,5631,67
530885,Mouse,4539,65
530943,Mouse,4236,67
530985,Mouse,4303,68
531054,Mouse,3790,67
531075,Elephant,41613,276
531098,Elephant,434069,1550
531105,Mouse,5084,70
531127,Mouse,3184,64
531142,Mouse,5762,69
531144,Mouse,4338,68
531167,Mouse,4299,65
531206,Mouse,3296,64
531235,Mouse,4392,67
531236,Mouse,4285,68
531499,Mouse,4605,65
531570,Mouse,5034,65
531574,Mouse,3026,64
531606,Mouse,3966,68
531613,Mouse,3225,64
531617,Mouse,4015,65
531627,Mouse,3942,64
531776,Mouse,3193,66
531833,Mouse,4062,67
531894,Mouse,3643,64
531983,Mouse,3582,64
532099,Mouse,5566,72
532149,Elephant,128744,512
532164,Mouse,5430,69
532184,Mouse,5284,70
532285,Mouse,3751,64
532415,Mouse,5440,77
532591,Elephant,58830,358
532605,Mouse,3831,84
532656,Mouse,4854,90
532721,Mouse,3882,87
532775,Elephant,552708,1238
532914,Elephant,157502,655
532984,Mouse,5704,69
533057,Mouse,5062,68
533079,Mouse,4227,68
533137,Mouse,4791,73
533181,Mouse,3147,64
533281,Mouse,4793,67
533352,Mouse,3884,68
533361,Mouse,5137,65
533420,Mouse,5555,72
533437,Mouse,4456,81
533444,Mouse,4280,86
533505,Mouse,5059,82
533521,Mouse,3504,73
533538,Mouse,5492,72
533562,Elephant,527663,1235
533708,Mouse,3695,64
533751,Mouse,4742,66
533778,Mouse,3045,66
533862,Mouse,3880,67
534010,Mouse,3227,66
534146,Mouse,3185,64
534265,Mouse,3547,72
534279,Elephant,383036,974
534324,Mouse,4785,72
534336,Mouse,3177,64
534351,Mouse,5614,69
534353,Mouse,3042,66
534400,Mouse,5665,67
534421,Mouse,4256,66
534428,Mouse,5711,70
534437,Mouse,4328,73
534446,Mouse,4659,75
534588,Mouse,3626,64
534676,Mouse,3024,64
534713,Mouse,5767,73
534839,Elephant,85133,429
534871,Mouse,5506,76
534996,Mouse,4011,75
535009,Mouse,3830,77
535043,Mouse,3346,88
535071,Mouse,3407,88
535110,Mouse,4935,103
535111,Mouse,4153,102
535165,Mouse,4922,99
535174,Mouse,3791,101
535184,Mouse,3882,104
535230,Elephant,551516,1264
535233,Mouse,3422,89
535251,Mouse,4977,86
535262,Mouse,5582,90
535306,Mouse,5516,70
535334,Mouse,5687,69
535356,Mouse,3128,68
535361,Mouse,5342,66
535382,Mouse,5278,68
535431,Mouse,5387,67
535442,Mouse,5821,73
535504,Mouse,4967,69
535513,Mouse,5687,71
535531,Mouse,5054,66
535541,Mouse,5814,73
535547,Mouse,4650,76
535561,Mouse,3681,78
535572,Mouse,3748,72
535630,Mouse,4881,69
535680,Elephant,326784,1150
535718,Mouse,5508,69
535729,Mouse,3461,64
535760,Mouse,4944,69
535789,Mouse,3333,65
535814,Mouse,3927,69
535842,Mouse,4439,69
535961,Mouse,4181,68
536085,Mouse,5247,80
536145,Mouse,4626,91
536177,Elephant,517624,1409
536194,Mouse,4652,84
536219,Mouse,4424,82
536302,Mouse,3574,64
536369,Mouse,5592,72
536374,Mouse,5129,72
536479,Elephant,214186,733
536507,Mouse,4753,74
536524,Elephant,116482,546
536591,Mouse,5712,69
536601,Mouse,3398,69
536664,Elephant,194464,712
536687,Mouse,3462,65
536731,Mouse,3972,65
536777,Mouse,4045,64
536799,Mouse,3215,64
536808,Mouse,4737,65
536852,Mouse,3736,65
536876,Mouse,5346,65
536880,Mouse,3699,64
536884,Mouse,3278,64
536951,Mouse,3414,64
536997,Mouse,3238,64
537081,Mouse,5184,65
537090,Mouse,3942,64
537126,Mouse,5341,66
537134,Mouse,4962,66
537208,Mouse,4500,65
537272,Mouse,4366,65
537358,Mouse,4583,65
537495,Mouse,3845,67
537503,Mouse,3528,68
537530,Elephant,65639,362
537542,Mouse,4708,69
537547,Mouse,3604,64
537567,Mouse,4557,65
537604,Mouse,5277,65
537634,Mouse,5754,66
537680,Mouse,5568,66
537702,Mouse,4970,65
537729,Mouse,3259,64
537741,Mouse,4053,64
537873,Mouse,4781,65
537896,Mouse,3786,64
537979,Mouse,3256,64
537989,Mouse,5593,68
537991,Mouse,4514,68
538070,Mouse,4707,65
538175,Mouse,5292,65
538196,Mouse,4483,65
538316,Mouse,4979,70
538325,Mouse,5053,74
538338,Mouse,4090,79
538450,Mouse,3910,66
538501,Mouse,5156,69
538521,Elephant,77988,400
538525,Mouse,5376,76
538570,Mouse,3586,73
538620,Mouse,4277,70
538659,Mouse,5027,68
538663,Mouse,4196,70
538672,Mouse,5758,75
538689,Mouse,4747,66
538726,Elephant,286537,823
538731,Mouse,5812,66
538823,Mouse,3208,64
538997,Mouse,5779,66
539089,Mouse,3667,67
539223,Mouse,4621,73
539271,Elephant,85886,420
539330,Mouse,5142,70
539340,Mouse,5797,76
539390,Mouse,3965,69
539393,Mouse,3289,70
539408,Mouse,5305,67
539410,Mouse,3509,67
539465,Mouse,3414,68
539554,Mouse,3503,66
539624,Mouse,3648,65
539706,Mouse,4729,73
539719,Mouse,3301,74
539750,Mouse,3435,73
539776,Elephant,254008,779
539782,Mouse,4061,74
539850,Mouse,3876,68
539853,Elephant,263179,790
539897,Mouse,3067,65
539983,Mouse,3133,64
540028,Mouse,4417,65
540058,Mouse,3063,72
540058,Mouse,3892,73
540131,Mouse,3521,66
540151,Mouse,3478,76
540154,Mouse,5178,76
540214,Mouse,5533,70
540339,Mouse,4354,78
540353,Elephant,185758,645
540388,Mouse,4398,68
540428,Mouse,4515,68
540484,Mouse,3467,64
540537,Mouse,4312,68
540623,Mouse,4600,77
540645,Mouse,3156,74
540666,Mouse,4076,78
540718,Mouse,5840,84
540795,Mouse,3697,86
540947,Elephant,343520,1007
541018,Mouse,4030,72
541074,Mouse,3321,72
541193,Mouse,4298,72
541198,Elephant,469680,1309
541201,Mouse,5696,77
541340,Mouse,3475,66
541438,Mouse,3158,66
541479,Elephant,371339,1036
541482,Mouse,3787,68
541487,Mouse,3036,66
541501,Mouse,4838,65
541518,Mouse,3284,64
541642,Mouse,4666,68
541643,Mouse,5630,70
541823,Elephant,55669,320
541853,Mouse,5244,68
541943,Mouse,3054,67
541989,Mouse,4746,68
542215,Mouse,3697,69
542219,Mouse,3062,64
542250,Mouse,5827,75
542487,Mouse,4516,74
542515,Mouse,5338,87
542518,Mouse,3024,81
542561,Mouse,5447,94
542572,Mouse,3693,99
542592,Mouse,4919,101
542656,Mouse,5296,90
542675,Mouse,3808,89
542737,Mouse,3599,81
542756,Mouse,3633,84
542776,Mouse,3156,86
542799,Mouse,4455,93
542902,Mouse,5304,98
542939,Mouse,4330,102
542940,Mouse,5368,104
542960,Elephant,478032,1265
542965,Mouse,3730,99
542991,Mouse,5406,96
543009,Mouse,3581,83
543093,Mouse,3818,69
543132,Mouse,4169,68
543147,Mouse,3125,67
543161,Mouse,4744,72
543196,Mouse,3357,70
543271,Elephant,579228,1449
543350,Elephant,198571,976
543395,Mouse,3993,66
543399,Mouse,5439,67
543498,Mouse,5200,65
543562,Mouse,3015,64
543648,Mouse,4946,65
543709,Mouse,4396,69
543717,Mouse,4339,65
543738,Mouse,3306,64
543747,Mouse,4885,68
543752,Mouse,3386,70
543781,Mouse,5784,66
543870,Mouse,4504,65
543885,Mouse,5353,70
543890,Mouse,5139,73
543944,Mouse,3152,73
543946,Mouse,4886,72
543994,Mouse,5046,65
544095,Mouse,5674,67
544101,Mouse,4657,68
544151,Mouse,5336,69
544179,Mouse,3347,64
544203,Mouse,5650,72
544378,Mouse,4518,65
544420,Mouse,3353,67
544508,Mouse,4543,68
544550,Elephant,475695,1082
544805,Mouse,3667,64
544809,Mouse,4695,66
544909,Mouse,4603,69
544915,Mouse,3660,70
544983,Mouse,4806,69
545092,Mouse,4077,68
545098,Mouse,5053,69
545184,Mouse,5111,72
545306,Mouse,4756,79
545338,Mouse,4259,87
545390,Mouse,3781,92
545508,Elephant,316106,927
545511,Mouse,4714,103
545525,Elephant,554256,1380
545548,Mouse,3897,83
545618,Mouse,5512,66
545646,Mouse,4877,67
545658,Mouse,3084,65
545749,Mouse,4058,64
545804,Mouse,3564,67
545912,Mouse,4296,68
546035,Mouse,3874,67
546055,Mouse,3433,70
546187,Mouse,3477,67
546229,Mouse,3979,68
546254,Mouse,5070,70
546282,Mouse,4514,74
546286,Elephant,490149,1176
546314,Mouse,5399,73
546328,Mouse,3963,71
546332,Mouse,5294,67
546348,Mouse,3981,67
546375,Mouse,4316,69
546378,Mouse,3692,65
546435,Mouse,3734,66
546440,Elephant,118091,512
546644,Mouse,4842,65
546695,Mouse,4193,64
546774,Mouse,5738,74
546780,Mouse,3751,67
546838,Mouse,3223,65
547056,Mouse,4571,91
547064,Mouse,3929,97
547117,Mouse,5383,111
547251,Elephant,275599,1007
547379,Mouse,4963,108
547386,Elephant,320710,1099
547442,Mouse,5591,92
547457,Mouse,5349,92
547494,Mouse,3850,98
547510,Mouse,4197,94
547544,Mouse,4846,105
547546,Elephant,63768,498
547567,Mouse,3229,102
547637,Mouse,5528,97
547651,Elephant,143392,748
547673,Mouse,5406,80
547676,Mouse,3715,80
547698,Mouse,3453,78
547745,Mouse,3642,76
547774,Mouse,4703,87
547774,Mouse,3412,85
547786,Mouse,5248,85
547835,Elephant,244498,1019
547861,Mouse,3409,72
547873,Mouse,3024,71
547913,Elephant,265698,1012
548032,Mouse,4775,71
548034,Mouse,3694,71
548068,Mouse,4169,69
548179,Mouse,3916,64
548190,Mouse,4467,73
548264,Mouse,3285,66
548361,Mouse,4221,69
548435,Elephant,183201,656
548538,Mouse,3865,68
548552,Mouse,4661,71
548598,Mouse,4090,72
548639,Mouse,5279,68
548729,Mouse,5288,75
548774,Mouse,5676,84
548825,Mouse,5378,88
548842,Mouse,4886,87
548923,Mouse,4620,75
549017,Mouse,5102,94
549023,Mouse,3281,97
549043,Mouse,4981,102
549101,Mouse,5201,121
549159,Elephant,571177,1483
549181,Mouse,3030,104
549281,Mouse,3190,79
549301,Mouse,4005,86
549305,Mouse,5297,90
549332,Elephant,305947,1080
549421,Mouse,5731,75
549461,Mouse,4864,78
549478,Mouse,5626,80
549502,Mouse,3845,80
549519,Mouse,3385,90
549577,Elephant,284737,996
549613,Mouse,4757,89
549689,Mouse,4449,69
549782,Mouse,4506,72
549918,Mouse,5193,88
549989,Mouse,3731,96
550032,Mouse,4406,98
550077,Mouse,5081,103
550094,Mouse,3051,107
550119,Mouse,3376,112
550185,Mouse,4820,114
550190,Mouse,3153,115
550198,Mouse,3478,118
550326,Mouse,3022,109
550334,Elephant,506380,1424
550340,Mouse,5482,110
550401,Mouse,3939,91
550421,Mouse,4450,91
550424,Mouse,3586,88
550440,Mouse,5007,70
550521,Mouse,4585,68
550634,Elephant,507400,1535
550636,Mouse,4769,71
550659,Elephant,74247,419
550663,Mouse,3868,65
550739,Mouse,5284,70
550793,Mouse,5611,74
550823,Mouse,5405,68
550859,Mouse,5300,68
550885,Mouse,5233,73
550948,Mouse,4076,79
550950,Mouse,5740,76
550962,Mouse,3724,73
550968,Mouse,4225,77
551042,Mouse,5702,80
551088,Mouse,4087,72
551170,Elephant,492987,1725
551183,Elephant,97902,492
551218,Mouse,3696,76
551275,Mouse,4594,76
551323,Mouse,3768,71
551344,Mouse,3598,67
551450,Elephant,54844,351
551455,Mouse,5025,70
551458,Mouse,3650,69
551506,Elephant,195290,694
551637,Mouse,5610,69
551639,Mouse,5753,70
551798,Mouse,3376,68
551819,Mouse,3413,64
551896,Mouse,3308,65
551994,Mouse,3984,64
552044,Mouse,5445,68
552141,Elephant,368478,946
552177,Mouse,4086,65
552353,Mouse,5212,65
552372,Mouse,4471,65
552393,Mouse,5178,65
552583,Mouse,5061,65
552663,Mouse,4836,65
552726,Mouse,5006,65
552880,Mouse,4678,69
552947,Mouse,4665,65
552967,Mouse,5283,68
552985,Mouse,4747,69
553017,Mouse,4845,70
553035,Mouse,5319,72
553053,Mouse,5586,69
553081,Mouse,4901,70
553122,Mouse,5087,71
553125,Mouse,3151,71
553136,Mouse,4436,67
553161,Mouse,4959,74
553178,Mouse,3682,66
553356,Mouse,4740,98
553436,Mouse,4643,111
553539,Mouse,3701,121
553671,Mouse,5808,122
553732,Mouse,3135,111
553761,Mouse,4456,109
553806,Mouse,5710,108
553963,Mouse,4617,118
554030,Mouse,5767,133
554067,Mouse,4187,129
554190,Mouse,4725,128
554231,Mouse,4939,139
554231,Mouse,3456,138
554342,Mouse,3757,143
554401,Mouse,4907,143
554419,Mouse,4674,149
554517,Mouse,3896,154
554522,Elephant,422259,1796
554589,Mouse,5067,120
554604,Elephant,137140,1199
554611,Elephant,465291,2000
554654,Mouse,5790,117
554667,Mouse,4866,101
554685,Mouse,4027,98
554692,Mouse,3908,99
554730,Mouse,3845,91
554761,Mouse,4197,97
554817,Mouse,5136,92
554827,Mouse,3529,96
554909,Mouse,3335,103
554951,Mouse,5358,101
554965,Mouse,4782,107
554980,Mouse,3087,112
554980,Mouse,3841,112
554990,Mouse,5496,115
555064,Mouse,3751,127
555167,Mouse,3333,121
555276,Mouse,5768,142
555297,Mouse,5753,154
555329,Mouse,5717,153
555362,Mouse,5682,159
555376,Mouse,5456,163
555402,Elephant,403000,2254
555406,Mouse,3767,162
555448,Mouse,4931,165
555499,Mouse,4892,142
555525,Mouse,5579,131
555544,Mouse,4986,127
555591,Mouse,3140,125
555604,Mouse,5231,125
555635,Mouse,4237,132
555713,Elephant,316616,2334
555768,Mouse,3834,116
555796,Elephant,588418,2723
555807,Elephant,360330,2611
555810,Mouse,3357,96
555816,Mouse,3304,91
555853,Mouse,3913,74
555857,Mouse,5060,71
555865,Mouse,5723,69
556069,Mouse,5018,70
556095,Mouse,4080,68
556157,Elephant,412371,2145
556177,Mouse,3988,68
556209,Elephant,268143,1425
556232,Mouse,3818,68
556297,Mouse,3777,64
556310,Mouse,4363,65
556325,Mouse,5672,66
556378,Mouse,3586,64
556394,Mouse,5244,65
556561,Mouse,3589,64
556575,Mouse,3528,64
556606,Mouse,4291,66
556649,Mouse,3267,65
556674,Mouse,3335,64
556765,Mouse,4321,65
556770,Mouse,3753,64
556804,Mouse,4182,64
556830,Mouse,3172,64
556841,Mouse,4118,64
556861,Mouse,5738,66
556992,Mouse,3210,64
557021,Mouse,5529,66
557025,Mouse,5475,66
557046,Mouse,3105,64
557125,Mouse,3199,64
557187,Mouse,3842,64
557233,Mouse,3464,64
557269,Mouse,4385,67
557357,Mouse,3165,65
557443,Mouse,4086,67
557457,Mouse,5666,66
557509,Mouse,3792,64
557706,Mouse,3639,67
557718,Mouse,5832,73
557780,Mouse,5715,68
557851,Mouse,3671,64
557857,Mouse,4850,65
557941,Mouse,5684,66
557974,Mouse,4064,67
558007,Mouse,4529,69
558018,Elephant,407797,991
558095,Mouse,5211,65
558234,Mouse,5432,67
558247,Mouse,3222,64
558271,Mouse,5544,67
558309,Mouse,5099,65
558395,Mouse,3089,64
558496,Mouse,4371,68
558500,Mouse,5188,66
558567,Mouse,4265,65
558634,Mouse,5805,66
558667,Mouse,3915,68
558758,Mouse,3397,67
558792,Mouse,3278,67
558882,Mouse,4045,65
558943,Mouse,5355,69
558971,Mouse,4797,67
558986,Mouse,4123,69
559025,Elephant,315768,861
559055,Mouse,4711,65
559070,Mouse,4138,65
559124,Mouse,3356,67
559173,Mouse,4247,71
559262,Mouse,3021,65
559309,Mouse,3778,67
559318,Mouse,5582,73
559324,Mouse,3346,75
559396,Elephant,201496,682
559437,Mouse,4213,67
559439,Mouse,3585,66
559475,Mouse,3846,64
559687,Mouse,4483,65
559693,Mouse,5428,65
559698,Mouse,4999,65
559709,Mouse,4939,65
559740,Mouse,4521,65
559818,Mouse,4683,66
559974,Mouse,5724,67
559990,Mouse,4285,70
560028,Mouse,5448,72
560091,Mouse,5208,65
560098,Mouse,5458,66
560140,Mouse,4886,65
560186,Mouse,3923,64
560268,Mouse,3586,75
560273,Mouse,5648,76
560279,Mouse,3553,67
560301,Mouse,5404,75
560318,Mouse,4803,80
560391,Elephant,509541,1136
560453,Mouse,5238,65
560497,Mouse,3410,64
560536,Mouse,3371,64
560581,Mouse,5150,69
560582,Mouse,5088,69
560646,Mouse,3299,66
560654,Mouse,3582,64
560667,Mouse,3759,64
560680,Mouse,5758,70
560755,Mouse,3070,65
560789,Mouse,4940,69
560836,Mouse,5180,72
560975,Mouse,5584,70
561055,Elephant,351249,921
561082,Mouse,4395,70
561154,Mouse,3017,68
561163,Mouse,4987,69
561188,Mouse,3914,68
561248,Mouse,5473,74
561343,Mouse,5741,71
561370,Mouse,3213,68
561681,Mouse,4787,96
561720,Elephant,245950,820
561764,Mouse,5522,90
561820,Mouse,3433,69
561876,Mouse,4404,74
561901,Elephant,554502,1337
561925,Mouse,3767,71
561942,Mouse,3573,72
561956,Mouse,5538,67
562060,Mouse,4293,67
562112,Mouse,3515,72
562136,Mouse,4335,68
562168,Mouse,3481,72
562180,Elephant,327911,964
562181,Mouse,4821,76
562215,Mouse,5279,69
562259,Mouse,3401,64
562278,Mouse,3424,64
562330,Mouse,4016,68
562363,Mouse,3917,68
562461,Mouse,5814,70
562474,Mouse,4621,67
562608,Mouse,5463,70
562639,Mouse,5717,74
562688,Mouse,3289,74
562809,Mouse,3713,78
563025,Mouse,3723,116
563072,Mouse,4228,119
563119,Mouse,4557,120
563149,Mouse,4610,117
563178,Mouse,3664,117
563193,Mouse,3905,115
563226,Elephant,47408,436
563251,Mouse,5120,106
563269,Mouse,4459,113
563299,Elephant,265268,1010
563368,Mouse,4695,91
563382,Mouse,4380,85
563395,Mouse,4428,89
563433,Elephant,343038,1328
563448,Mouse,5669,82
563481,Mouse,4054,78
563488,Mouse,3646,72
563512,Elephant,563728,1512
563549,Mouse,4839,66
563621,Mouse,4132,65
563625,Mouse,4010,64
563645,Mouse,3722,64
563673,Mouse,3854,64
563743,Mouse,4879,69
563757,Mouse,4369,68
563797,Mouse,4871,73
563805,Mouse,4093,72
563928,Mouse,5202,68
564130,Mouse,5680,70
564438,Elephant,522555,1268
564537,Mouse,4523,69
564579,Mouse,4012,69
564593,Mouse,3624,74
564594,Mouse,4455,75
564609,Mouse,3652,78
564766,Mouse,5608,92
564871,Mouse,3007,119
564947,Mouse,4463,118
564990,Mouse,4453,117
565026,Mouse,3048,119
565091,Mouse,5559,132
565176,Mouse,4288,122
565217,Mouse,3992,126
565274,Elephant,313074,1159
565332,Mouse,4589,109
565360,Mouse,5286,99
565468,Mouse,3531,107
565622,Mouse,3482,115
565655,Mouse,5786,124
565698,Elephant,127679,807
565733,Mouse,5426,132
565758,Elephant,511870,1820
565791,Mouse,5639,104
565810,Mouse,3523,101
565815,Elephant,441237,1744
565942,Mouse,4385,71
566003,Mouse,4943,73
566035,Mouse,3420,67
566050,Elephant,210287,927
566088,Mouse,4880,66
566093,Mouse,5109,66
566123,Mouse,3016,64
566137,Mouse,4442,66
566303,Mouse,5765,75
566383,Mouse,5064,70
566387,Elephant,250187,1099
566469,Mouse,3337,65
566478,Mouse,4622,65
566533,Mouse,4768,66
566631,Mouse,4348,67
566699,Mouse,5371,71
566746,Mouse,3006,64
566766,Mouse,4469,69
566775,Elephant,91629,421
566795,Mouse,3380,68
566942,Mouse,5489,66
566965,Mouse,3472,68
567030,Mouse,5598,66
567085,Mouse,3452,64
567101,Mouse,3664,67
567119,Mouse,5483,67
567172,Mouse,4175,66
567194,Elephant,236003,742
567300,Mouse,5510,70
567432,Mouse,4707,68
567540,Mouse,5285,70
567562,Mouse,5706,82
567594,Mouse,4036,74
567620,Mouse,4760,86
567737,Mouse,4077,77
567771,Mouse,3511,87
567837,Mouse,4951,102
567865,Mouse,4797,105
567974,Mouse,5194,112
568059,Mouse,4299,96
568068,Mouse,4076,102
568092,Elephant,121727,656
568097,Mouse,3999,107
568143,Mouse,3948,104
568348,Mouse,5067,89
568391,Mouse,5295,99
568401,Elephant,384300,1231
568421,Mouse,3272,88
568467,Mouse,5519,77
568474,Mouse,4203,77
568482,Mouse,5137,83
568493,Mouse,4139,83
568496,Mouse,4666,89
568528,Mouse,3995,81
568543,Mouse,3483,85
568552,Mouse,4810,87
568598,Mouse,5691,74
568655,Mouse,3446,72
568714,Mouse,4746,71
568755,Mouse,4359,74
568759,Mouse,3331,75
568815,Elephant,594228,1586
568876,Mouse,5840,71
568964,Elephant,512274,1704
568981,Mouse,5271,65
569088,Mouse,4524,65
569092,Mouse,4105,64
569110,Mouse,3323,64
569182,Mouse,3703,64
569240,Mouse,5420,65
569269,Mouse,4178,64
569325,Mouse,5768,66
569345,Mouse,4732,65
569358,Mouse,3019,64
569373,Mouse,4517,72
569403,Mouse,3992,64
569473,Mouse,3106,64
569501,Elephant,46687,280
569598,Mouse,3403,64
569660,Mouse,4463,65
569700,Mouse,4614,65
569717,Mouse,3187,64
569796,Mouse,4784,67
569933,Mouse,5519,66
569995,Mouse,4448,65
570005,Mouse,3982,68
570058,Mouse,5012,70
570103,Mouse,5710,70
570152,Mouse,4765,65
570175,Mouse,5687,68
570231,Mouse,5769,72
570292,Mouse,5280,72
570340,Mouse,4095,65
570394,Mouse,4537,68
570407,Elephant,232198,727
570426,Mouse,5536,68
570463,Mouse,3578,69
570474,Mouse,4757,70
570513,Mouse,3202,71
570525,Mouse,4173,64
570571,Mouse,3420,64
570598,Mouse,5702,69
570608,Mouse,4714,69
570684,Mouse,4848,66
570720,Mouse,4586,69
570722,Mouse,3969,68
570755,Mouse,5239,65
570809,Mouse,5614,67
570901,Mouse,5285,68
571069,Mouse,3997,69
571109,Mouse,3375,73
571128,Elephant,403159,995
571178,Mouse,3114,65
571235,Mouse,5092,68
571320,Mouse,3629,73
571340,Mouse,3711,72
571753,Mouse,4753,113
571795,Mouse,5233,119
571801,Mouse,4854,121
571863,Mouse,5562,124
571874,Mouse,4247,120
571894,Mouse,4933,110
571925,Mouse,3362,117
572002,Mouse,4889,117
572134,Mouse,3179,101
572158,Elephant,447794,1349
572358,Mouse,5416,110
572498,Mouse,4016,118
572523,Mouse,5731,121
572652,Mouse,4421,146
572749,Mouse,4637,134
572752,Mouse,3120,134
572903,Mouse,5577,135
572921,Mouse,5695,134
572951,Elephant,390908,1755
572989,Elephant,149529,1192
573035,Elephant,562114,2098
573095,Mouse,5318,98
573200,Mouse,4335,109
573210,Mouse,3609,110
573274,Mouse,4314,126
573338,Elephant,117429,857
573354,Mouse,5044,144
573377,Mouse,3654,150
573438,Mouse,3165,132
573441,Mouse,5285,137
573461,Mouse,4921,138
573483,Mouse,3307,134
573494,Mouse,3052,130
573565,Mouse,5736,134
573575,Mouse,3653,137
573685,Mouse,4842,141
573719,Mouse,5120,145
573812,Mouse,4076,144
573962,Elephant,544139,2633
573991,Mouse,4970,149
574032,Mouse,3666,139
574211,Mouse,4667,117
574277,Elephant,128573,1195
574346,Mouse,3902,112
574491,Mouse,5457,114
574515,Mouse,5546,118
574651,Mouse,3142,107
574713,Mouse,4275,117
574800,Mouse,4610,136
574939,Mouse,4525,154
574979,Elephant,421245,2857
574982,Mouse,5777,157
575031,Elephant,515915,2910
575096,Mouse,3777,101
575196,Mouse,3981,95
575333,Mouse,4066,132
575353,Elephant,219274,1688
575432,Mouse,5705,124
575503,Mouse,5568,111
575652,Mouse,4038,128
575764,Mouse,3039,146
575837,Mouse,4562,158
575877,Elephant,42110,499
575901,Elephant,237187,1821
575921,Elephant,433634,2931
575937,Mouse,4702,135
575952,Mouse,5762,137
575975,Mouse,3855,112
575997,Elephant,104885,1374
576009,Mouse,4053,97
576026,Elephant,123551,1414
576039,Mouse,3144,76
576104,Elephant,442528,2947
576158,Elephant,493212,2877
576208,Mouse,3848,64
576283,Mouse,5102,65
576298,Mouse,3301,64
576335,Mouse,5394,65
576384,Mouse,3990,64
576413,Mouse,3532,64
576602,Mouse,5526,66
576678,Mouse,4934,65
576788,Elephant,318864,1215
576811,Mouse,4742,65
576854,Mouse,4044,65
576878,Mouse,5352,65
576984,Mouse,5210,65
577027,Mouse,5468,67
577110,Mouse,3628,64
577321,Mouse,3518,64
577354,Mouse,4486,65
577365,Mouse,5474,67
577426,Mouse,5393,65
577446,Mouse,3995,64
577467,Mouse,4660,69
577538,Mouse,4485,65
577551,Mouse,4791,69
577640,Mouse,4559,67
577676,Mouse,5735,70
577699,Mouse,5716,66
577745,Mouse,5570,68
577761,Mouse,4052,69
577763,Mouse,4332,70
577813,Elephant,223512,721
577815,Mouse,5089,71
577892,Mouse,3156,64
577950,Mouse,3237,64
577995,Mouse,4765,65
578015,Mouse,5106,65
578115,Mouse,5329,65
578129,Mouse,4212,67
578323,Mouse,4413,65
578379,Mouse,4069,64
578404,Mouse,4042,64
578429,Elephant,100315,458
578440,Mouse,5632,66
578509,Mouse,5011,65
578592,Mouse,3307,64
578681,Mouse,3918,64
578686,Mouse,5332,67
578707,Mouse,4587,65
578765,Mouse,5400,68
578779,Mouse,3159,64
578795,Mouse,4688,65
578813,Mouse,5512,68
578921,Mouse,5133,65
579055,Mouse,5712,66
579111,Mouse,5614,66
579159,Mouse,4316,68
579221,Mouse,5277,65
579362,Mouse,3684,64
579474,Mouse,3286,67
579501,Mouse,3411,64
579607,Mouse,3698,67
579696,Mouse,5492,69
579748,Mouse,5033,76
579750,Mouse,5452,70
579755,Mouse,5795,69
579821,Mouse,4331,66
579931,Mouse,5243,74
579950,Mouse,3522,64
580039,Mouse,5502,68
580058,Mouse,5399,71
580131,Mouse,4704,69
580141,Mouse,4901,75
580175,Mouse,3949,77
580193,Mouse,5584,84
580223,Mouse,4157,90
580237,Elephant,434492,1048
580251,Mouse,4212,81
580284,Mouse,3122,73
580286,Elephant,94353,483
580353,Mouse,4499,66
580416,Mouse,4333,65
580420,Mouse,4720,65
580442,Mouse,4239,71
580471,Mouse,3723,67
580537,Mouse,3526,64
580585,Mouse,3201,68
580587,Mouse,4938,70
580626,Elephant,63967,343
580674,Mouse,5755,66
580780,Mouse,5592,69
580838,Mouse,5673,73
580915,Mouse,5089,71
580961,Mouse,4409,72
580998,Elephant,85915,419
581044,Mouse,3219,64
581064,Mouse,5395,70
581075,Mouse,4891,71
581116,Mouse,4286,73
581150,Mouse,4759,69
581213,Mouse,4770,69
581235,Mouse,3487,69
581238,Mouse,5479,72
581265,Elephant,571923,1238
581267,Mouse,3321,70
581374,Mouse,3219,64
581420,Mouse,5642,69
581481,Mouse,3377,64
581836,Mouse,3891,67
581844,Mouse,3453,64
581979,Mouse,5538,75
582062,Mouse,3530,75
582075,Mouse,3140,70
582131,Mouse,5586,75
582307,Mouse,4065,92
582367,Elephant,343867,956
582411,Mouse,3257,92
582420,Mouse,4065,91
582423,Mouse,5089,97
582467,Mouse,3682,89
582536,Mouse,5693,80
582585,Mouse,4068,88
582633,Mouse,3528,95
582654,Mouse,4540,104
582675,Mouse,4091,103
582723,Mouse,5364,108
582875,Mouse,5472,87
582923,Mouse,5672,97
582950,Mouse,4491,102
582959,Mouse,4097,104
583060,Mouse,5312,101
583094,Mouse,3270,85
583184,Mouse,4961,106
583192,Elephant,442940,1425
583335,Mouse,4590,74
583353,Mouse,3408,73
583424,Elephant,518051,1571
583440,Mouse,3212,70
583442,Elephant,406251,1458
583463,Mouse,5243,75
583472,Mouse,3928,67
583526,Mouse,4641,65
583545,Elephant,101358,528
583609,Mouse,3606,66
583796,Mouse,3616,64
583855,Mouse,5517,66
583932,Mouse,4913,65
583937,Mouse,5503,67
583999,Mouse,3189,67
584107,Mouse,4904,70
584112,Mouse,5012,65
584156,Mouse,4354,65
584162,Mouse,5330,67
584195,Mouse,3853,71
584215,Mouse,4870,72
584237,Mouse,3091,76
584253,Mouse,5643,81
584284,Mouse,5794,80
584322,Mouse,3450,72
584351,Mouse,3261,77
584424,Elephant,362207,972
584744,Mouse,4978,81
584778,Mouse,4941,91
584794,Mouse,3972,97
584865,Mouse,4387,109
584884,Mouse,5609,109
584921,Mouse,4397,118
584922,Mouse,5465,119
584970,Mouse,4327,119
585003,Elephant,525085,1295
585068,Mouse,4150,68
585090,Mouse,4697,75
585130,Mouse,5175,74
585141,Elephant,236094,883
585163,Mouse,5580,69
585186,Mouse,4272,75
585289,Mouse,4918,69
585359,Mouse,3242,64
585392,Mouse,3841,66
585406,Elephant,389280,1101
585582,Mouse,3709,64
585616,Mouse,4998,65
585736,Mouse,4411,65
585781,Mouse,4627,69
585818,Mouse,4829,65
585932,Mouse,4007,64
585944,Mouse,5754,66
586067,Mouse,4738,65
586176,Mouse,5421,66
586218,Mouse,3470,64
586509,Mouse,4781,65
586545,Mouse,3567,64
586560,Mouse,5743,66
586687,Mouse,3128,64
586697,Mouse,3072,64
586715,Mouse,3985,64
586755,Mouse,3999,64
586790,Mouse,3269,66
586791,Mouse,5270,68
586843,Mouse,3399,64
586868,Mouse,5429,65
586900,Mouse,5542,67
586971,Mouse,4972,65
587067,Mouse,3578,64
587078,Mouse,3904,67
587322,Mouse,5053,65
587337,Mouse,4896,67
587352,Mouse,4906,70
587479,Mouse,5591,69
587613,Elephant,373896,947
587655,Mouse,3018,72
587682,Mouse,3958,68
587702,Mouse,4863,69
587737,Mouse,4348,69
587827,Elephant,38076,245
587845,Mouse,4141,68
587860,Mouse,4124,69
587871,Elephant,59966,344
587916,Mouse,4102,73
587957,Mouse,5809,69
587976,Mouse,3519,66
587982,Mouse,3642,68
588204,Elephant,480155,1083
588293,Mouse,3499,64
588349,Mouse,3246,66
588354,Mouse,4820,68
588395,Mouse,4085,68
588437,Mouse,4823,70
588541,Mouse,4898,65
588562,Mouse,3152,66
588692,Mouse,4685,68
588696,Mouse,3015,68
588740,Mouse,5462,71
588769,Mouse,4585,65
588777,Mouse,3992,64
589012,Elephant,389284,995
589048,Mouse,3456,77
589077,Mouse,4269,69
589145,Mouse,3885,68
589175,Mouse,4181,67
589241,Mouse,4320,71
589268,Mouse,5780,80
589276,Mouse,4811,81
589279,Elephant,65395,401
589419,Mouse,3370,71
589419,Mouse,3556,71
589540,Mouse,4338,72
589605,Mouse,3921,75
589649,Mouse,5261,78
589697,Mouse,3865,84
589744,Elephant,496500,1239
589830,Mouse,5623,72
589832,Mouse,5649,72
589838,Mouse,4286,68
589877,Mouse,4291,70
589883,Mouse,4367,69
589889,Elephant,428184,1079
589916,Mouse,3738,64
589949,Mouse,5572,66
589979,Mouse,4174,64
590269,Mouse,5378,65
590363,Mouse,4634,65
590452,Mouse,5284,65
590465,Mouse,5511,66
590477,Mouse,5387,65
590503,Mouse,5303,65
590522,Mouse,4876,65
590562,Mouse,3580,64
590614,Mouse,4273,65
590649,Mouse,3562,64
590677,Mouse,3840,64
590718,Mouse,4267,65
590737,Mouse,3597,66
590836,Mouse,3417,67
590858,Mouse,3862,64
590912,Mouse,4400,65
591052,Mouse,4758,67
591235,Mouse,4534,65
591242,Mouse,4543,68
591244,Mouse,5344,70
591435,Mouse,5381,79
591548,Mouse,3287,90
591557,Mouse,5045,93
591612,Mouse,5776,92
591632,Elephant,58272,428
591687,Mouse,4834,85
591719,Mouse,5705,90
591787,Mouse,4793,90
591910,Mouse,3019,89
591962,Mouse,4566,99
591965,Elephant,472227,1197
591970,Mouse,3747,85
591975,Elephant,521073,1307
592039,Mouse,4673,65
592069,Mouse,4385,65
592192,Mouse,3131,64
592204,Mouse,3867,64
592237,Mouse,5219,66
592270,Mouse,3919,64
592361,Mouse,3952,64
592387,Mouse,4646,65
592447,Mouse,5113,66
592555,Mouse,3057,64
592692,Mouse,5487,68
592694,Mouse,4862,69
592941,Mouse,3199,64
593004,Mouse,3562,65
593028,Mouse,5154,65
593061,Mouse,3507,69
593157,Mouse,3318,64
593216,Mouse,4090,66
593245,Mouse,5620,66
593316,Mouse,5348,69
593371,Mouse,5313,74
593382,Elephant,435716,1093
593387,Mouse,5230,69
593424,Mouse,3510,72
593449,Mouse,4042,64
593452,Mouse,3742,65
593474,Mouse,3392,64
593521,Mouse,5049,65
593673,Mouse,4768,65
593777,Mouse,5539,70
593813,Mouse,3095,67
593819,Elephant,106946,467
593838,Mouse,5254,69
593870,Mouse,3673,66
593872,Mouse,5110,68
593883,Mouse,4334,70
593942,Mouse,4459,65
594015,Mouse,3142,64
594018,Mouse,3291,64
594096,Elephant,74889,372
594099,Mouse,5116,67
594274,Mouse,5064,65
594306,Mouse,3444,64
594332,Mouse,4647,65
594389,Mouse,5165,65
594405,Mouse,3404,64
594450,Mouse,4052,64
594458,Mouse,4745,65
594517,Mouse,5017,69
594518,Mouse,5394,69
594523,Mouse,5655,66
594598,Mouse,4452,65
594633,Mouse,4947,65
594712,Mouse,3897,64
594790,Mouse,3287,64
594913,Mouse,4444,65
594958,Mouse,3428,65
594966,Mouse,3737,64
594984,Mouse,5473,66
595022,Mouse,5209,65
595038,Mouse,3949,64
595104,Mouse,4543,65
595182,Mouse,5079,65
595208,Mouse,5829,66
595343,Mouse,5317,65
595374,Mouse,3293,64
595401,Mouse,5486,66
595470,Mouse,3480,64
595516,Mouse,5332,66
595526,Mouse,3922,64
595604,Mouse,5129,65
595635,Mouse,3158,65
595665,Elephant,38386,236
595769,Mouse,5011,65
595827,Mouse,5267,65
595928,Mouse,5415,68
595932,Elephant,84749,413
596041,Mouse,3293,64
596130,Mouse,4349,65
596142,Mouse,4882,65
596157,Mouse,4257,65
596197,Mouse,5209,65
596242,Mouse,3775,64
596297,Mouse,4666,65
596333,Mouse,3038,64
596356,Mouse,4755,67
596357,Mouse,4571,68
596383,Mouse,3114,64
596495,Mouse,5786,66
596562,Mouse,5758,69
596666,Mouse,5144,65
596671,Mouse,3027,64
596708,Mouse,5277,65
596730,Mouse,4009,67
596803,Mouse,4608,65
596944,Mouse,4797,70
597043,Mouse,4388,69
597062,Mouse,3931,66
597064,Mouse,5200,69
597069,Mouse,5699,70
597075,Mouse,4679,72
597085,Mouse,4368,72
597145,Mouse,4892,70
597170,Mouse,4692,70
597183,Mouse,3305,70
597296,Mouse,4650,68
597310,Mouse,3645,66
597326,Mouse,3738,69
597378,Elephant,371483,974
597451,Mouse,4807,65
597472,Mouse,3051,64
597489,Mouse,4716,65
597508,Mouse,4453,65
597511,Mouse,3074,64
597565,Mouse,4717,65
597573,Mouse,3256,64
597604,Mouse,5395,65
597609,Mouse,3440,65
597615,Mouse,3309,64
597637,Mouse,3341,64
597720,Mouse,5815,66
597796,Mouse,3057,64
597900,Mouse,3414,67
597927,Mouse,4627,65
597947,Mouse,5222,69
597983,Mouse,3976,67
598096,Mouse,3718,67
598098,Mouse,5150,68
598142,Mouse,3591,64
598248,Mouse,3600,67
598260,Mouse,5742,71
598431,Mouse,3314,70
598481,Mouse,5668,66
598635,Mouse,4059,73
598697,Mouse,3402,80
598717,Mouse,4165,86
598743,Mouse,3202,94
598751,Mouse,5608,94
598761,Mouse,3686,97
598766,Mouse,4482,102
598842,Elephant,503668,1182
598881,Mouse,3960,77
598894,Mouse,3913,67
598910,Elephant,368837,1023
599010,Mouse,5840,66
599135,Mouse,3561,64
599255,Mouse,5478,70
599324,Mouse,3260,66
599400,Mouse,3027,64
599439,Mouse,5324,67
599471,Mouse,4712,69
599490,Mouse,4375,69
599541,Mouse,3490,66
599643,Mouse,5753,73
599758,Mouse,4307,67
600113,Mouse,3325,102
600188,Mouse,4598,108
600227,Mouse,5422,114
600230,Elephant,523348,1269
600374,Mouse,4369,82
600402,Mouse,3702,83
600405,Elephant,574120,1358
600408,Mouse,3943,85
600415,Elephant,85859,532
600444,Mouse,4489,77
600566,Mouse,4433,69
600668,Mouse,5630,66
600773,Mouse,4839,69
600843,Mouse,5250,79
600859,Elephant,174257,667
600877,Mouse,4415,74
600925,Mouse,5158,69
600991,Mouse,5223,67
601113,Mouse,3100,71
601195,Mouse,3444,78
601235,Mouse,5386,85
601246,Mouse,4055,88
601311,Mouse,5527,96
601338,Mouse,4796,101
601354,Mouse,3935,107
601357,Mouse,5836,110
601502,Mouse,5424,108
601519,Mouse,4176,104
601541,Elephant,417539,1282
601545,Mouse,5202,99
601597,Mouse,5556,73
601606,Mouse,4120,74
601732,Mouse,4836,73
601749,Mouse,5819,76
601765,Mouse,4549,78
601849,Mouse,5659,86
601863,Elephant,330247,1236
601977,Mouse,4586,72
602073,Mouse,3969,70
602090,Mouse,3409,75
602092,Mouse,5827,79
602125,Mouse,4358,91
602191,Mouse,4621,91
602206,Mouse,3442,98
602207,Mouse,3375,95
602261,Mouse,3886,97
602298,Mouse,3766,104
602347,Mouse,4751,97
602376,Elephant,384475,1401
602379,Mouse,4350,104
602454,Mouse,5072,85
602463,Mouse,3955,76
602476,Elephant,500233,1437
602589,Mouse,5044,68
602595,Mouse,3067,70
602600,Mouse,5675,75
602600,Mouse,3168,73
602609,Mouse,3826,72
602633,Mouse,5580,71
602639,Mouse,3318,74
602695,Mouse,5091,70
602732,Mouse,5833,67
602763,Mouse,4450,66
602806,Mouse,3640,73
602817,Mouse,4289,69
602909,Mouse,5206,73
602978,Mouse,5310,81
603066,Elephant,169076,683
603086,Mouse,5379,81
603109,Elephant,139496,591
603112,Mouse,4248,74
603212,Mouse,5598,70
603232,Mouse,3380,65
603239,Mouse,5221,68
603267,Mouse,5336,71
603275,Mouse,3951,70
603369,Mouse,4584,69
603467,Mouse,4246,68
603469,Elephant,581135,1484
603474,Mouse,4764,66
603590,Mouse,5706,66
603742,Mouse,4106,64
603758,Mouse,5599,66
603879,Mouse,5413,65
603952,Mouse,4462,65
603971,Mouse,3549,64
604011,Mouse,3497,64
604093,Mouse,4792,65
604165,Mouse,5559,66
604249,Mouse,3575,64
604258,Mouse,4910,68
604260,Mouse,5736,68
604440,Mouse,4857,65
604510,Mouse,4376,65
604563,Mouse,5123,65
604577,Mouse,3236,64
604592,Mouse,4290,65
604613,Mouse,4002,64
604633,Mouse,5281,65
604650,Mouse,4956,65
604767,Mouse,4466,65
604967,Mouse,3988,64
605190,Mouse,3273,64
605216,Mouse,3929,64
605367,Mouse,5497,69
605368,Mouse,4904,69
605396,Mouse,5721,67
605399,Mouse,5238,68
605472,Mouse,5331,65
605493,Mouse,5297,65
605570,Mouse,4012,64
605600,Mouse,3245,64
605720,Mouse,3804,64
605922,Mouse,5212,65
606032,Mouse,4844,65
606091,Mouse,3684,64
606202,Mouse,4262,65
606298,Mouse,5006,65
606313,Mouse,3001,63
606335,Mouse,4218,64
606533,Mouse,3760,65
606536,Mouse,4763,66
606552,Mouse,3460,64
606557,Mouse,3842,64
606636,Mouse,5623,66
606656,Mouse,4033,64
606677,Mouse,4551,66
606679,Mouse,4081,67
606766,Mouse,5763,66
606782,Mouse,4344,65
606829,Mouse,3513,64
606927,Mouse,5157,65
607091,Mouse,3573,64
607190,Mouse,5742,66
607206,Mouse,3440,64
607255,Mouse,3777,66
607256,Mouse,4571,68
607379,Mouse,3604,68
607517,Mouse,4058,64
607617,Mouse,4891,65
607690,Mouse,3212,69
607801,Elephant,271122,793
608119,Elephant,177487,629
608133,Mouse,5826,66
608336,Mouse,3752,64
608618,Mouse,4606,65
608774,Mouse,4770,67
608851,Mouse,3925,64
608883,Mouse,5702,67
608927,Mouse,4262,66
609000,Mouse,3843,68
609003,Mouse,3313,70
609135,Mouse,5073,68
609208,Mouse,4056,68
609249,Mouse,4072,71
609276,Mouse,3967,71
609323,Mouse,5517,73
609437,Mouse,5804,75
609454,Mouse,3858,76
609469,Mouse,4507,76
609502,Mouse,5341,81
609534,Mouse,4132,84
609573,Mouse,4358,84
609609,Mouse,3236,86
609664,Mouse,5095,89
609686,Mouse,4402,94
609697,Elephant,31331,257
609726,Elephant,224940,1105
609747,Mouse,3808,82
609752,Elephant,513377,1428
609761,Mouse,4752,85
609823,Mouse,5547,66
609860,Mouse,4812,67
609945,Mouse,4880,69
609978,Mouse,3395,66
610088,Mouse,4378,65
610109,Mouse,4093,67
610141,Mouse,5340,67
610150,Mouse,4368,71
610249,Mouse,3308,67
610255,Mouse,5814,68
610304,Mouse,3487,70
610353,Mouse,5505,66
610366,Mouse,3520,67
610370,Elephant,576117,1582
610388,Mouse,4312,65
610414,Mouse,3489,70
610792,Mouse,5430,65
610980,Mouse,4981,65
611158,Mouse,3788,64
611168,Mouse,5292,65
611216,Mouse,3447,64
611247,Mouse,5604,66
611257,Mouse,5438,66
611345,Mouse,3962,64
611526,Mouse,3918,64
611562,Mouse,4440,65
611577,Mouse,5708,66
611583,Mouse,5163,65
611613,Mouse,4650,65
611632,Mouse,3273,64
611661,Mouse,3185,64
611732,Mouse,3834,66
611785,Mouse,5281,65
611791,Mouse,4863,65
611866,Mouse,5143,67
611905,Mouse,5161,68
611917,Mouse,5836,66
611981,Mouse,3316,64
612033,Mouse,5314,70
612089,Mouse,4530,70
612093,Mouse,3175,64
612219,Mouse,5283,69
612304,Mouse,4504,69
612319,Mouse,3092,64
612325,Mouse,3732,68
612333,Elephant,197326,669
612366,Mouse,3416,67
612382,Mouse,4667,65
612402,Mouse,3662,64
612427,Mouse,5757,67
612446,Mouse,4562,65
612457,Mouse,3040,67
612599,Mouse,5807,76
612729,Mouse,4726,75
612749,Mouse,3495,68
612794,Mouse,4276,78
612798,Mouse,3247,74
612811,Mouse,5183,75
612832,Mouse,3209,76
612840,Mouse,3368,80
612855,Mouse,4807,92
612873,Mouse,5750,95
612880,Mouse,4229,97
612963,Mouse,3532,111
612999,Mouse,3382,102
613097,Mouse,5800,116
613124,Mouse,5722,123
613246,Mouse,5045,132
613297,Mouse,3965,125
613360,Elephant,176807,928
613370,Mouse,5069,113
613395,Elephant,34025,393
613426,Mouse,3602,83
613512,Mouse,4195,75
613558,Mouse,5200,86
613649,Elephant,140077,889
613651,Elephant,389262,1351
613657,Mouse,4550,92
613670,Mouse,5770,88
613682,Mouse,3508,88
613801,Elephant,511790,1543
613856,Mouse,4505,68
613870,Mouse,3350,66
613917,Mouse,3723,65
614067,Elephant,219485,1224
614075,Mouse,4459,66
614101,Mouse,4880,72
614150,Mouse,4942,76
614218,Mouse,4177,67
614290,Mouse,5690,72
614332,Mouse,5607,76
614347,Mouse,4209,64
614366,Mouse,3020,72
614377,Mouse,4773,80
614435,Elephant,172921,637
614462,Mouse,3437,67
614813,Mouse,5022,81
614981,Mouse,3489,99
614992,Mouse,3509,105
615087,Elephant,369136,1060
615100,Mouse,4042,116
615157,Mouse,3162,88
615216,Elephant,434238,1313
615264,Mouse,5763,88
615296,Mouse,4753,81
615344,Mouse,4494,85
615378,Mouse,5547,90
615417,Mouse,3894,104
615425,Mouse,4435,107
615432,Mouse,5102,110
615546,Mouse,3979,131
615554,Mouse,4068,125
615562,Elephant,276724,1046
615606,Mouse,5715,98
615624,Mouse,3674,86
615649,Mouse,5443,90
615669,Mouse,3650,81
615711,Mouse,3900,94
615743,Mouse,4006,93
615772,Mouse,3484,94
615806,Mouse,3160,93
615823,Mouse,3186,97
615937,Elephant,140506,902
615947,Mouse,3389,79
615990,Mouse,5135,93
615997,Mouse,4966,93
616040,Elephant,290382,1150
616115,Mouse,3214,77
616154,Mouse,3585,68
616165,Mouse,3074,70
616177,Mouse,3837,71
616209,Mouse,5315,75
616279,Elephant,231607,1238
616280,Mouse,3166,73
616426,Elephant,285284,1200
616449,Mouse,3743,68
616510,Mouse,5103,66
616624,Mouse,3915,67
616710,Mouse,5132,69
616732,Mouse,3031,66
616733,Mouse,5070,68
616777,Mouse,3968,68
616784,Mouse,5379,65
616799,Mouse,3163,66
616852,Mouse,3358,69
616861,Elephant,478125,1565
616916,Mouse,3070,64
616933,Mouse,4033,64
617001,Mouse,4098,64
617024,Mouse,4925,65
617057,Mouse,4853,65
617252,Mouse,3314,67
617314,Mouse,4176,64
617427,Mouse,4909,69
617437,Mouse,5498,72
617473,Elephant,251974,774
617503,Mouse,3773,65
617619,Mouse,3886,64
617626,Mouse,4647,65
617658,Mouse,5204,65
617714,Mouse,3445,64
617829,Mouse,4333,72
617854,Mouse,5524,69
618118,Mouse,3490,70
618123,Mouse,5412,75
618218,Mouse,3094,83
618400,Mouse,5756,101
618421,Mouse,4249,106
618477,Mouse,5754,117
618501,Mouse,4595,124
618553,Mouse,3595,122
618614,Mouse,3730,126
618628,Mouse,4910,122
618643,Mouse,3389,124
618692,Mouse,3957,116
618728,Mouse,4803,121
618754,Elephant,320822,1097
618771,Mouse,3192,97
618803,Mouse,3179,79
618813,Elephant,352936,1149
618839,Mouse,3315,64
618845,Mouse,4092,66
618859,Mouse,4571,65
618921,Elephant,480072,1385
618933,Mouse,4544,65
618940,Mouse,4190,65
619010,Mouse,3488,64
619147,Mouse,5059,65
619233,Mouse,3448,64
619244,Mouse,3139,64
619278,Mouse,5373,66
619377,Mouse,5815,69
619412,Mouse,4198,64
619475,Mouse,3143,64
619522,Mouse,5274,65
619556,Mouse,5375,67
619669,Mouse,4777,65
619674,Mouse,4984,67
619694,Mouse,4051,64
619728,Mouse,4808,71
619761,Mouse,3139,66
619812,Mouse,3709,68
619957,Mouse,4566,69
619962,Mouse,5459,72
619998,Mouse,5752,72
620010,Mouse,5011,75
620063,Mouse,4326,69
620121,Mouse,3824,70
620127,Elephant,327716,905
620220,Mouse,4825,69
620224,Elephant,117964,522
620226,Mouse,5402,72
620257,Mouse,4232,65
620336,Mouse,5425,65
620381,Mouse,3700,65
620391,Mouse,3435,64
620448,Mouse,3700,64
620584,Mouse,3557,64
620616,Mouse,4203,64
620864,Mouse,5756,66
620909,Mouse,4146,65
621023,Mouse,3329,64
621050,Mouse,3530,64
621161,Mouse,3777,64
621181,Mouse,4306,65
621188,Mouse,4519,65
621265,Mouse,3199,64
621279,Mouse,3046,64
621300,Mouse,3427,64
621450,Mouse,5344,65
621470,Mouse,4230,65
621490,Mouse,5220,65
621514,Mouse,4324,66
621568,Mouse,3680,64
621581,Mouse,3293,64
621590,Mouse,3407,64
621630,Mouse,4660,65
621687,Mouse,3449,64
621717,Mouse,5060,65
621742,Mouse,3481,64
621764,Mouse,3158,64
621830,Mouse,4489,65
621844,Mouse,5099,68
621845,Mouse,4524,68
621864,Mouse,3484,64
621983,Mouse,5624,66
622034,Mouse,3585,64
622107,Mouse,5534,66
622117,Mouse,5316,65
622148,Mouse,3551,65
622166,Mouse,5425,65
622265,Mouse,4185,64
622368,Mouse,3045,64
622397,Mouse,5074,65
622402,Mouse,3338,64
622416,Mouse,4833,65
622451,Mouse,3235,64
622463,Mouse,4764,65
622470,Mouse,5390,65
622524,Mouse,5053,65
622569,Mouse,4680,65
622607,Mouse,4208,64
622636,Mouse,5506,66
622648,Mouse,4943,65
622680,Mouse,4836,66
622750,Mouse,4654,65
622920,Mouse,3961,64
622980,Mouse,5754,66
623039,Mouse,4726,65
623192,Mouse,3937,64
623212,Mouse,4794,65
623317,Mouse,5094,65
623349,Mouse,3321,64
623376,Mouse,3334,64
623383,Mouse,4635,65
623415,Mouse,3567,64
623442,Mouse,3596,66
623443,Mouse,4883,68
623481,Mouse,4389,65
623555,Mouse,4144,64
623599,Mouse,4354,65
623689,Mouse,3787,64
623759,Mouse,4569,65
623916,Mouse,3785,64
623933,Mouse,5820,66
623979,Mouse,4003,64
623986,Mouse,4528,65
624038,Mouse,4194,64
624042,Mouse,4502,65
624148,Mouse,5491,71
624153,Mouse,4611,74
624160,Mouse,3234,72
624184,Mouse,3441,66
624202,Mouse,3506,76
624219,Mouse,4348,66
624235,Mouse,4698,72
624238,Mouse,3338,71
624330,Mouse,4825,68
624427,Mouse,3138,68
624430,Mouse,3448,70
624496,Elephant,249031,808
624512,Mouse,3305,65
624580,Elephant,43433,281
624653,Elephant,135676,591
624707,Mouse,3877,64
624759,Elephant,69314,373
624763,Mouse,4443,66
624791,Mouse,4761,65
624869,Mouse,5263,65
624879,Mouse,4403,65
624925,Mouse,5596,67
624959,Mouse,5567,66
625004,Mouse,3451,69
625068,Mouse,4211,67
625220,Mouse,4332,69
625326,Mouse,3543,67
625478,Mouse,3067,69
625559,Elephant,355008,935
625594,Mouse,4661,71
625627,Mouse,3494,66
625628,Mouse,3798,67
625760,Elephant,324203,886
625821,Mouse,5284,65
625886,Mouse,3049,66
625911,Mouse,4066,64
626090,Mouse,4339,67
626104,Mouse,3343,67
626191,Mouse,5294,82
626193,Elephant,130164,544
626336,Mouse,3050,67
626380,Mouse,3791,75
626388,Mouse,5230,78
626466,Mouse,4773,87
626595,Mouse,5734,96
626650,Mouse,3441,93
626784,Mouse,4682,85
626800,Mouse,5287,92
626815,Mouse,3098,95
626835,Mouse,4385,100
626978,Mouse,3030,101
626984,Elephant,356723,1151
626992,Mouse,3782,89
627068,Mouse,4089,83
627214,Elephant,438231,1340
627219,Elephant,35056,266
627355,Mouse,4609,67
627356,Mouse,3548,67
627361,Elephant,562604,1522
627432,Mouse,3859,64
627528,Mouse,3109,64
627549,Mouse,5524,66
627565,Mouse,5149,69
627681,Mouse,4945,65
627756,Mouse,4622,65
627805,Mouse,5735,66
627870,Mouse,4297,66
627904,Mouse,3545,67
627965,Mouse,5458,68
627983,Mouse,5685,66
628041,Elephant,141036,546
628082,Mouse,3071,64
628141,Mouse,4521,66
628194,Mouse,3515,64
628212,Mouse,3678,64
628236,Mouse,4490,65
628272,Mouse,4773,65
628376,Mouse,4321,65
628387,Mouse,4293,65
628413,Mouse,3929,64
628448,Mouse,5473,66
628528,Mouse,3407,64
628541,Mouse,4051,64
628562,Mouse,5693,66
628574,Mouse,5026,65
628581,Mouse,4795,65
628643,Mouse,4198,67
628644,Mouse,4044,67
628714,Mouse,3086,64
628728,Mouse,3902,64
628874,Mouse,4101,67
628876,Mouse,4829,68
628966,Mouse,3598,64
628980,Mouse,4722,67
628982,Mouse,4745,68
629019,Mouse,5303,65
629034,Mouse,3702,64
629058,Mouse,4859,65
629095,Mouse,4348,65
629100,Mouse,5105,65
629125,Mouse,4774,65
629185,Mouse,5182,65
629217,Mouse,3666,64
629232,Mouse,3707,64
629260,Mouse,4679,66
629265,Mouse,3611,64
629468,Mouse,4273,65
629521,Mouse,4113,64
629565,Mouse,3414,65
629610,Mouse,3669,64
629744,Mouse,5798,66
629790,Mouse,5808,66
629976,Mouse,5838,66
629998,Mouse,3193,64
630096,Mouse,5438,68
630175,Mouse,5689,66
630201,Mouse,3158,69
630235,Mouse,5710,75
630365,Mouse,3028,96
630390,Elephant,185579,685
630414,Mouse,4781,104
630440,Mouse,4968,90
630464,Mouse,4287,90
630474,Mouse,3272,93
630488,Mouse,4919,78
630556,Mouse,4708,77
630593,Mouse,3446,81
630647,Mouse,4081,95
630811,Mouse,4483,111
630865,Mouse,5250,126
630929,Elephant,197242,972
630932,Mouse,3881,135
630999,Mouse,3136,133
631003,Mouse,4450,132
631078,Mouse,4050,116
631088,Mouse,3146,115
631204,Mouse,5534,90
631211,Elephant,295723,1224
631237,Mouse,3212,91
631316,Mouse,3527,81
631361,Mouse,4582,89
631410,Mouse,3544,97
631423,Mouse,3649,101
631440,Mouse,4635,109
631499,Mouse,5499,108
631508,Mouse,4082,110
631564,Mouse,3856,110
631568,Mouse,5069,110
631592,Elephant,328316,1428
631596,Mouse,4405,105
631612,Mouse,5269,110
631702,Elephant,508205,1549
631740,Mouse,3926,68
631754,Mouse,4464,65
631878,Mouse,5466,66
631891,Mouse,3663,67
631904,Mouse,4834,73
631925,Mouse,5466,68
632017,Mouse,3781,70
632057,Mouse,5407,77
632098,Mouse,4577,81
632124,Mouse,3327,85
632128,Mouse,4802,91
632141,Mouse,3624,93
632171,Mouse,4228,106
632267,Mouse,5166,117
632292,Mouse,3241,117
632293,Elephant,529004,2221
632301,Mouse,5043,119
632321,Mouse,5440,116
632426,Mouse,5528,69
632479,Mouse,5659,70
632629,Mouse,5050,96
632657,Mouse,5093,102
632685,Mouse,5829,114
632742,Mouse,4012,120
632830,Mouse,3282,107
632844,Mouse,5646,114
632862,Mouse,4601,124
632948,Mouse,5542,128
633038,Mouse,4300,118
633061,Mouse,3489,125
633153,Mouse,4770,121
633175,Elephant,328414,1338
633191,Mouse,5548,120
633273,Mouse,4038,98
633297,Mouse,5208,103
633304,Mouse,3098,99
633514,Mouse,3938,120
633546,Mouse,5739,124
633554,Mouse,3361,127
633687,Mouse,3177,118
633768,Mouse,4727,119
633823,Mouse,3622,120
633844,Mouse,5208,130
633847,Elephant,489365,1918
633893,Mouse,3716,128
633921,Mouse,3918,117
633950,Mouse,5834,127
633985,Mouse,4784,109
634080,Mouse,4697,98
634187,Mouse,5525,108
634229,Mouse,3671,105
634288,Mouse,5143,110
634314,Elephant,505910,2272
634320,Elephant,133242,1108
634338,Mouse,3717,99
634376,Mouse,3228,93
634433,Mouse,4178,81
634469,Elephant,435215,2002
634520,Mouse,3761,71
634539,Mouse,4425,79
634610,Mouse,4706,76
634699,Mouse,3311,88
634714,Mouse,4411,93
634831,Mouse,3368,109
634832,Mouse,4028,116
634873,Mouse,4126,120
635014,Mouse,4174,127
635031,Mouse,4956,131
635069,Mouse,5772,132
635247,Mouse,4020,126
635283,Mouse,5812,128
635383,Elephant,283613,1848
635392,Mouse,5004,126
635451,Mouse,5410,122
635600,Elephant,267526,1365
635629,Elephant,105445,951
635658,Mouse,5668,94
635661,Mouse,4929,96
635702,Mouse,3485,80
635713,Elephant,500327,2010
635721,Elephant,594536,2565
635722,Mouse,4051,83
635776,Mouse,3385,64
635788,Mouse,3877,64
635859,Mouse,4136,64
635885,Mouse,5690,66
635931,Mouse,5176,67
636004,Mouse,5651,66
636014,Mouse,5576,66
636099,Mouse,3582,67
636223,Mouse,4069,68
636382,Mouse,4223,75
636396,Mouse,3693,77
636416,Mouse,4222,85
636531,Mouse,5040,103
636537,Elephant,129450,593
636686,Mouse,5280,79
636736,Elephant,268033,893
636768,Mouse,4671,94
636777,Mouse,4332,95
636810,Mouse,4956,89
636830,Mouse,4895,98
636835,Mouse,4277,101
636846,Elephant,87025,523
636852,Mouse,4764,93
636858,Mouse,3018,93
636883,Mouse,3343,102
636910,Mouse,3064,91
636954,Mouse,3671,82
636957,Mouse,5110,95
637007,Mouse,3821,84
637068,Mouse,4632,87
637256,Mouse,5818,120
637313,Elephant,279194,1049
637365,Mouse,5676,80
637378,Mouse,4322,80
637402,Mouse,5652,79
637446,Elephant,473562,1368
637498,Elephant,56716,518
637512,Mouse,5784,66
637546,Mouse,5058,65
637594,Mouse,4773,66
637595,Mouse,3353,65
637625,Mouse,3143,66
637630,Mouse,5214,68
637662,Elephant,261587,941
637698,Mouse,4185,66
637735,Mouse,4691,65
637789,Mouse,4853,65
637990,Mouse,4576,65
638057,Mouse,3801,64
638080,Mouse,3389,64
638198,Mouse,4950,65
638214,Mouse,4198,64
638249,Mouse,3416,64
638319,Mouse,3658,64
638405,Mouse,3892,64
638419,Mouse,3294,64
638454,Mouse,4183,64
638527,Mouse,3002,63
638717,Mouse,4235,64
638748,Mouse,4742,65
638759,Mouse,5581,66
638850,Mouse,5331,65
639029,Mouse,4322,65
639045,Mouse,4245,67
639046,Mouse,5625,69
639080,Mouse,4253,64
639134,Mouse,3551,64
639226,Mouse,4288,65
639283,Mouse,4013,64
639383,Mouse,4522,65
639403,Mouse,5722,66
639442,Mouse,3396,64
639530,Mouse,4835,65
639625,Mouse,4840,65
639642,Mouse,3445,66
639653,Mouse,4543,71
639859,Mouse,3697,66
639888,Mouse,3068,64
639930,Elephant,264052,779
639994,Mouse,4782,67
640027,Mouse,3348,66
640070,Mouse,5320,68
640086,Mouse,3106,71
640109,Mouse,5156,69
640164,Mouse,3863,68
640353,Mouse,5486,70
640423,Mouse,5193,75
640449,Mouse,5741,80
640492,Elephant,373894,963
640522,Mouse,3739,81
640534,Mouse,3883,73
640583,Mouse,3602,64
640604,Mouse,4454,70
640617,Mouse,4005,73
640719,Mouse,3951,67
640725,Mouse,4825,71
640747,Mouse,5444,76
640792,Mouse,3877,75
640867,Mouse,5506,71
640961,Mouse,4832,69
641005,Mouse,3147,69
641046,Mouse,4856,77
641106,Mouse,3718,74
641210,Mouse,5703,95
641314,Mouse,5443,102
641322,Mouse,5502,106
641353,Mouse,4706,106
641356,Elephant,584198,1496
641435,Mouse,5320,69
641506,Mouse,4624,67
641566,Mouse,3277,66
641576,Mouse,3532,67
641698,Elephant,569249,1355
641806,Elephant,132587,742
641890,Mouse,3960,64
641920,Mouse,4231,68
641941,Mouse,5402,65
641963,Mouse,5058,67
642024,Mouse,3995,64
642057,Mouse,4617,69
642203,Mouse,5007,65
642319,Mouse,4186,67
642343,Mouse,5349,65
642417,Mouse,3074,64
642503,Mouse,3448,64
642524,Mouse,3883,67
642594,Mouse,3355,64
642608,Elephant,328457,883
642727,Mouse,5141,67
642742,Mouse,5161,74
642752,Mouse,5598,74
642754,Mouse,3929,74
642768,Mouse,4756,65
642840,Mouse,4935,65
642849,Mouse,3094,64
642888,Mouse,3929,64
643059,Mouse,4522,74
643119,Mouse,5750,69
643125,Mouse,3712,70
643138,Elephant,187383,645
643262,Mouse,4389,65
643405,Mouse,4605,70
643441,Mouse,4530,74
643444,Elephant,271136,819
643527,Mouse,5583,70
643610,Mouse,5428,70
643662,Mouse,5649,73
643716,Mouse,3105,72
643931,Mouse,3207,91
644116,Mouse,4478,102
644215,Mouse,3479,106
644274,Mouse,5246,110
644284,Mouse,4596,111
644318,Elephant,115058,654
644338,Elephant,85535,671
644372,Mouse,5380,89
644385,Elephant,397057,1238
644444,Mouse,5196,65
644459,Mouse,4811,70
644460,Mouse,4465,70
644594,Elephant,557071,1480
644636,Mouse,4717,76
644680,Mouse,3061,71
644733,Mouse,3092,64
644802,Mouse,5260,71
644843,Elephant,203434,783
644906,Mouse,3915,69
644914,Mouse,3957,64
644943,Mouse,5359,67
645035,Mouse,3263,65
645184,Mouse,4529,70
645196,Mouse,4348,69
645218,Mouse,4397,75
645234,Mouse,4489,71
645285,Mouse,4295,67
645290,Elephant,233361,783
645353,Mouse,5831,75
645449,Mouse,4884,71
645527,Mouse,4613,75
645550,Elephant,141772,566
645632,Mouse,5015,66
645641,Mouse,3711,67
645644,Mouse,3011,69
645805,Mouse,4550,68
645823,Mouse,3893,73
645901,Mouse,4618,67
645946,Mouse,4696,69
645958,Elephant,495252,1121
645959,Mouse,5370,73
646094,Mouse,3875,66
646129,Mouse,4978,65
646189,Mouse,5096,65
646235,Mouse,5230,65
646262,Mouse,4276,66
646299,Mouse,4158,68
646324,Mouse,5436,67
646329,Mouse,5729,69
646606,Elephant,338121,905
646686,Mouse,4143,68
646727,Mouse,3667,68
646747,Mouse,3177,67
646850,Mouse,3182,71
646912,Mouse,4212,79
646920,Mouse,5550,86
646966,Mouse,3986,91
647069,Mouse,4599,102
647117,Mouse,4148,96
647183,Elephant,141612,682
647268,Mouse,5174,75
647352,Mouse,4715,81
647406,Mouse,5420,85
647418,Elephant,223921,1032
647506,Mouse,3750,81
647555,Mouse,4088,77
647606,Mouse,5838,98
647650,Mouse,3575,101
647664,Mouse,3481,102
647729,Elephant,593979,1476
647799,Mouse,5147,77
647833,Mouse,4761,71
647888,Elephant,352509,1227
647942,Mouse,5373,66
647947,Mouse,5624,66
647959,Mouse,3168,67
647979,Mouse,3907,64
648030,Mouse,3389,64
648046,Mouse,3061,64
648061,Mouse,3940,65
648133,Mouse,4358,66
648178,Mouse,3098,67
648199,Mouse,5635,66
648219,Mouse,3633,67
648256,Mouse,3139,67
648429,Mouse,3089,70
648430,Elephant,355948,1003
648604,Mouse,5775,71
648609,Mouse,3203,72
648665,Mouse,5572,69
648684,Elephant,118088,502
648732,Mouse,3690,64
648765,Mouse,3678,64
648790,Mouse,4356,69
648818,Mouse,4301,65
648843,Mouse,5796,67
648899,Mouse,5354,65
648944,Mouse,4517,65
649019,Mouse,4476,65
649056,Mouse,3723,68
649078,Mouse,4490,65
649117,Mouse,5413,74
649136,Mouse,4213,70
649234,Mouse,4445,69
649268,Mouse,3462,64
649301,Mouse,5316,76
649359,Mouse,3922,77
649551,Mouse,5581,89
649562,Mouse,5817,96
649615,Mouse,3904,103
649633,Mouse,4301,110
649651,Mouse,3108,113
649661,Mouse,4369,119
649690,Mouse,5433,124
649714,Mouse,5399,119
649735,Mouse,5355,127
649766,Mouse,3021,127
649782,Mouse,3323,117
649805,Mouse,5832,121
649806,Elephant,530382,1300
649865,Mouse,5118,75
649867,Elephant,192249,827
649935,Mouse,4748,68
650013,Mouse,4361,66
650019,Elephant,277999,996
650037,Mouse,4541,65
650076,Mouse,4629,65
650222,Mouse,3391,65
650224,Mouse,4167,67
650229,Mouse,3726,64
650289,Mouse,5654,66
650343,Mouse,4694,69
650364,Mouse,3264,68
650365,Mouse,4388,69
650368,Mouse,4969,69
650523,Mouse,5724,67
650526,Mouse,4734,66
650538,Mouse,4781,65
650656,Mouse,5777,66
650685,Mouse,3944,68
650720,Mouse,4631,66
650782,Mouse,4614,69
650827,Elephant,169026,599
650835,Mouse,3953,64
650898,Mouse,3891,64
650908,Mouse,5645,66
650971,Mouse,4060,64
650991,Mouse,4077,64
651134,Mouse,3187,64
651283,Mouse,3558,64
651368,Mouse,3136,64
651396,Mouse,3094,77
651396,Mouse,4446,71
651503,Elephant,95423,448
651523,Elephant,51732,295
651536,Mouse,4635,69
651557,Mouse,5095,66
651598,Mouse,5685,66
651633,Mouse,5638,72
651694,Mouse,4434,65
651722,Mouse,3905,65
651817,Mouse,4798,69
651832,Mouse,4464,70
651896,Mouse,4624,76
651925,Mouse,3211,67
651930,Elephant,325152,892
651989,Mouse,3117,64
652263,Mouse,3053,64
652397,Mouse,5789,71
652499,Mouse,3622,68
652529,Mouse,3373,67
652537,Mouse,5617,73
652618,Mouse,4336,74
652674,Mouse,3706,71
652687,Mouse,5763,81
652720,Elephant,576322,1212
652798,Mouse,3399,64
652802,Mouse,4662,65
652898,Mouse,3441,65
652948,Mouse,5272,67
653110,Mouse,3772,65
653199,Mouse,4940,71
653206,Mouse,3762,70
653228,Mouse,5161,71
653233,Elephant,316045,894
653365,Mouse,3510,67
653386,Mouse,3701,67
653427,Mouse,3160,67
653529,Mouse,3327,73
653578,Mouse,4327,78
653597,Mouse,3988,75
653610,Mouse,4362,79
653688,Mouse,4769,98
653904,Elephant,365014,1053
653948,Mouse,4983,111
653979,Mouse,3205,102
653990,Mouse,5162,109
654056,Mouse,3058,110
654197,Mouse,4339,109
654231,Mouse,3814,117
654262,Mouse,4680,110
654278,Mouse,5808,112
654332,Mouse,5800,108
654403,Mouse,3361,99
654539,Mouse,5202,107
654648,Mouse,3605,128
654763,Mouse,4605,136
654822,Mouse,3057,138
654917,Mouse,3306,148
654941,Mouse,3006,145
655024,Mouse,4135,147
655051,Mouse,3556,149
655068,Mouse,5187,154
655082,Mouse,5190,161
655168,Mouse,5234,174
655206,Elephant,442596,1973
655264,Mouse,3423,182
655277,Mouse,4681,171
655280,Elephant,411256,2077
655308,Elephant,256012,1449
655381,Mouse,5278,127
655391,Mouse,5731,125
655419,Mouse,5681,128
655548,Mouse,3372,85
655555,Mouse,4052,89
655616,Mouse,4748,97
655665,Mouse,5672,101
655690,Mouse,3446,99
655744,Mouse,5679,111
655759,Elephant,373938,2134
655774,Mouse,3651,103
655884,Elephant,581631,2477
655892,Mouse,5336,75
655920,Mouse,4166,82
656108,Mouse,4945,71
656158,Mouse,3099,69
656201,Mouse,5368,73
656203,Elephant,273880,1559
656341,Mouse,5814,77
656353,Mouse,4302,68
656507,Elephant,348357,1574
656704,Mouse,5739,71
656705,Mouse,4546,70
656711,Mouse,5033,70
656777,Mouse,5637,69
656830,Mouse,4998,66
656871,Mouse,4778,69
656916,Mouse,3979,69
656928,Mouse,3217,64
656959,Mouse,3627,64
657080,Mouse,3648,65
657195,Mouse,5769,78
657385,Mouse,4009,70
657536,Mouse,3357,76
657548,Mouse,3682,77
657583,Mouse,4082,85
657649,Mouse,3214,93
657760,Mouse,3863,85
657774,Mouse,5298,94
657793,Elephant,282842,892
657804,Mouse,3603,93
657809,Mouse,5760,98
657878,Mouse,4925,74
657881,Mouse,3823,72
657961,Mouse,5073,69
658107,Elephant,271108,1033
658132,Mouse,5501,72
658193,Mouse,3478,64
658249,Mouse,3319,67
658266,Elephant,408854,1156
658268,Mouse,5621,74
658303,Mouse,3803,71
658319,Mouse,5829,66
658484,Mouse,4723,75
658504,Mouse,4338,65
658536,Mouse,3778,76
658543,Mouse,4965,71
658655,Mouse,4590,70
658790,Mouse,5806,74
658801,Mouse,4985,74
658859,Mouse,3493,72
658927,Mouse,5449,80
658950,Mouse,3189,83
658952,Mouse,4308,85
659008,Mouse,4192,88
659105,Mouse,3246,67
659228,Mouse,3248,79
659249,Elephant,482294,1198
659250,Mouse,3489,85
659420,Mouse,3393,64
659530,Elephant,473496,1124
659574,Mouse,3069,69
659574,Mouse,3244,69
659574,Mouse,4915,71
659619,Mouse,3588,64
659755,Mouse,5650,66
659856,Mouse,3196,66
659857,Mouse,5700,69
659886,Mouse,5466,66
659908,Mouse,4719,73
659920,Mouse,4620,76
659974,Mouse,3835,64
660081,Mouse,3400,65
660094,Mouse,3200,67
660259,Mouse,3441,65
660300,Mouse,3426,65
660353,Mouse,5801,73
660360,Mouse,3098,71
660377,Mouse,5640,67
660452,Mouse,4620,68
660559,Mouse,4919,69
660594,Mouse,5033,73
660604,Mouse,3364,71
660646,Mouse,4354,72
660677,Mouse,4568,72
660687,Mouse,4215,70
660694,Elephant,533020,1157
660737,Mouse,4146,68
660754,Mouse,3655,65
660824,Mouse,3513,64
660845,Mouse,5200,70
660945,Mouse,4287,67
660947,Mouse,5081,68
660971,Mouse,4840,68
660987,Mouse,5731,68
661019,Mouse,4067,70
661066,Mouse,4819,72
661190,Mouse,5055,67
661236,Mouse,5834,69
661252,Mouse,4176,69
661287,Mouse,4661,71
661304,Mouse,3314,72
661377,Mouse,5624,69
661521,Mouse,3761,76
661570,Elephant,462992,1100
661593,Mouse,4635,77
661658,Mouse,4301,69
661662,Mouse,5523,70
661811,Mouse,3797,65
661836,Mouse,4749,66
661881,Mouse,4027,71
661901,Elephant,375683,958
661919,Mouse,4721,68
661979,Mouse,3499,64
661982,Mouse,4039,64
662050,Mouse,4339,69
662067,Mouse,3390,64
662136,Mouse,5508,69
662227,Mouse,5005,70
662293,Mouse,3480,67
662296,Mouse,3708,66
662313,Mouse,4677,69
662340,Mouse,3198,66
662404,Mouse,3581,67
662516,Elephant,426224,1081
662675,Mouse,3574,64
662798,Mouse,3007,64
662819,Mouse,4849,69
662877,Mouse,5147,76
662945,Mouse,3438,66
662993,Mouse,5230,70
663062,Mouse,5766,75
663114,Elephant,389816,998
663121,Mouse,3418,69
663131,Mouse,5677,74
663153,Mouse,5369,71
663178,Elephant,59138,337
663212,Mouse,4162,64
663222,Mouse,3969,64
663248,Mouse,4703,66
663285,Mouse,5251,71
663289,Mouse,4349,71
663296,Mouse,3640,72
663298,Mouse,4257,73
663310,Mouse,4478,65
663323,Mouse,4652,70
663337,Mouse,4912,75
663363,Mouse,3807,67
663430,Mouse,4222,64
663565,Mouse,5789,66
663608,Mouse,3155,64
663644,Mouse,4953,69
663704,Mouse,3767,68
663720,Mouse,5665,73
663730,Mouse,4540,74
663853,Elephant,434619,1048
663858,Mouse,4311,65
663947,Mouse,5560,68
664108,Mouse,3831,72
664249,Mouse,4712,80
664281,Mouse,3989,87
664399,Mouse,4755,100
664407,Mouse,3349,100
664416,Mouse,5670,106
664462,Mouse,3564,107
664586,Mouse,5074,110
664643,Mouse,5611,113
664679,Mouse,3880,115
664699,Mouse,3435,121
664708,Mouse,3846,127
664776,Elephant,323766,1067
664866,Mouse,3494,104
664941,Mouse,4404,107
664943,Mouse,5713,107
664995,Mouse,4803,123
665053,Elephant,277425,1173
665090,Mouse,4999,120
665099,Mouse,4833,125
665117,Elephant,404208,1483
665164,Mouse,4093,92
665186,Mouse,4884,93
665195,Mouse,4510,89
665202,Mouse,4305,90
665243,Mouse,3414,89
665283,Elephant,84080,604
665298,Mouse,5825,86
665330,Mouse,4156,74
665352,Elephant,248520,1283
665415,Mouse,5636,70
665478,Mouse,4342,65
665708,Mouse,5453,77
665739,Mouse,4285,84
665762,Mouse,3009,90
665797,Elephant,444533,1338
665802,Mouse,3280,97
665880,Mouse,5234,88
665930,Mouse,4596,67
666010,Mouse,5254,75
666029,Mouse,4646,80
666066,Mouse,5447,89
666075,Mouse,5044,93
666195,Mouse,4641,114
666219,Mouse,4310,116
666240,Mouse,3445,123
666352,Mouse,3136,125
666361,Mouse,4611,120
666376,Mouse,4964,126
666383,Elephant,180378,838
666423,Elephant,325604,1545
666427,Mouse,4952,136
666482,Mouse,5737,127
666548,Elephant,186844,916
666602,Mouse,4543,97
666696,Mouse,3786,91
666818,Mouse,5238,102
666852,Elephant,64981,528
666854,Elephant,167981,896
666863,Mouse,5105,109
666956,Elephant,293171,1246
666987,Mouse,5108,88
666991,Mouse,3450,87
667063,Mouse,4313,86
667150,Mouse,5195,95
667168,Mouse,3264,99
667208,Mouse,5646,106
667302,Mouse,4908,122
667334,Mouse,4635,130
667425,Mouse,5406,147
667499,Mouse,5209,140
667513,Mouse,3499,143
667524,Mouse,3062,145
667532,Mouse,3548,141
667541,Mouse,5148,146
667599,Mouse,3572,144
667703,Elephant,305898,1349
667743,Mouse,5147,107
667773,Mouse,4905,112
668015,Elephant,450233,1736
668044,Mouse,3336,109
668064,Mouse,4331,100
668349,Mouse,3921,121
668434,Elephant,239547,1625
668490,Mouse,4492,122
668518,Mouse,3885,106
668539,Mouse,3677,109
668550,Mouse,5773,111
668605,Mouse,3600,104
668706,Mouse,4476,97
668726,Mouse,4576,102
668774,Mouse,3736,100
668787,Mouse,5264,109
668932,Elephant,282340,1326
669042,Mouse,5780,116
669048,Elephant,417239,2186
669149,Mouse,4264,107
669168,Mouse,3708,90
669192,Mouse,5003,95
669218,Elephant,271292,1645
669351,Mouse,4577,78
669434,Mouse,4202,88
669510,Mouse,5322,98
669537,Elephant,553223,2550
669539,Elephant,447060,2403
669636,Mouse,4703,69
669687,Elephant,183712,872
669801,Mouse,3909,64
669835,Mouse,5817,66
669985,Mouse,3102,64
670051,Mouse,3781,67
670054,Mouse,5784,69
670135,Mouse,5307,65
670146,Mouse,5177,65
670241,Mouse,4863,65
670245,Mouse,4676,66
670250,Mouse,4851,66
670253,Mouse,4447,66
670282,Mouse,4344,65
670296,Mouse,4760,68
670757,Mouse,5043,65
670874,Mouse,3253,66
670905,Mouse,4557,65
670915,Mouse,4921,69
671319,Mouse,5711,69
671390,Mouse,3271,69
671396,Mouse,4189,69
671448,Mouse,4056,64
671501,Mouse,3574,67
671510,Mouse,5797,73
671601,Mouse,4579,68
671675,Elephant,492342,1170
671682,Mouse,3024,69
671688,Mouse,3212,66
671694,Mouse,4334,69
671756,Mouse,5460,69
671775,Mouse,3612,64
671789,Mouse,3442,64
671818,Mouse,4248,66
672079,Mouse,3020,65
672237,Elephant,594440,1232
672304,Mouse,5549,66
672319,Mouse,4269,68
672407,Mouse,3030,67
672472,Mouse,4608,65
672619,Mouse,3066,71
672622,Mouse,5559,74
672707,Mouse,3282,70
672716,Mouse,3731,68
672875,Mouse,3308,90
672881,Elephant,334729,942
672970,Mouse,5053,67
673011,Mouse,4792,71
673069,Mouse,5727,70
673098,Elephant,189237,685
673130,Mouse,4342,70
673199,Mouse,3587,64
673215,Mouse,4266,68
673254,Mouse,5044,69
673322,Mouse,4834,66
673365,Mouse,5418,70
673413,Mouse,4267,75
673478,Elephant,385022,1107
673494,Mouse,3889,64
673568,Mouse,5755,66
673612,Mouse,3063,64
673682,Mouse,3348,65
673756,Mouse,3918,64
673823,Mouse,5608,70
673830,Mouse,5442,70
673991,Mouse,5453,72
674013,Mouse,3175,68
674042,Mouse,4776,79
674064,Mouse,4915,80
674160,Mouse,3286,83
674223,Mouse,4595,97
674243,Mouse,3751,101
674308,Mouse,5017,100
674314,Elephant,132634,629
674329,Mouse,3948,93
674362,Mouse,3899,78
674384,Mouse,4108,78
674413,Mouse,5396,82
674427,Mouse,5433,79
674522,Mouse,5238,70
674547,Mouse,5804,77
674552,Mouse,3228,77
674581,Mouse,3317,76
674709,Mouse,4897,90
674775,Mouse,5159,99
674791,Elephant,442109,1253
674899,Elephant,492412,1390
674978,Mouse,5411,66
675085,Mouse,5721,66
675331,Mouse,4480,70
675359,Mouse,5365,69
675379,Mouse,5001,74
675392,Mouse,3122,75
675421,Mouse,4062,75
675496,Mouse,5223,80
675510,Mouse,4132,82
675524,Mouse,4171,88
675547,Elephant,350126,992
675694,Elephant,52432,351
675784,Mouse,5239,68
675789,Mouse,3159,66
675878,Mouse,5732,77
675925,Mouse,5572,78
676003,Mouse,5160,79
676022,Mouse,5831,86
676069,Mouse,5490,90
676105,Mouse,3174,97
676148,Mouse,5477,112
676187,Elephant,480777,1190
676236,Mouse,3285,91
676266,Mouse,3519,94
676297,Mouse,4986,78
676329,Mouse,3608,80
676525,Elephant,289835,990
676536,Mouse,5105,90
676570,Mouse,5357,89
676669,Mouse,3576,70
676694,Elephant,161904,713
676730,Mouse,4519,78
676762,Mouse,3246,75
676782,Mouse,4268,67
676793,Mouse,4151,67
676823,Mouse,3360,72
676826,Mouse,3441,74
676856,Mouse,4875,70
676934,Mouse,3413,69
676972,Mouse,4239,77
677008,Mouse,4614,88
677018,Elephant,400619,1232
677043,Mouse,3085,85
677105,Elephant,279507,1009
677211,Mouse,5127,70
677230,Mouse,5114,73
677357,Mouse,5134,68
677390,Mouse,3044,71
677402,Mouse,4641,77
677468,Mouse,3012,72
677490,Elephant,90520,436
677515,Mouse,5305,73
677663,Mouse,4217,71
677674,Mouse,4882,74
677770,Elephant,252016,820
677794,Mouse,4695,78
677858,Elephant,355105,982
677908,Mouse,3299,68
677918,Mouse,3041,66
678072,Mouse,3812,64
678261,Mouse,3761,67
678339,Elephant,247561,777
678413,Mouse,4109,64
678416,Mouse,3072,64
678534,Mouse,3446,64
678671,Mouse,5000,65
678717,Mouse,5466,67
678734,Mouse,3394,64
678778,Mouse,3008,64
678949,Mouse,3891,69
678955,Mouse,5576,73
678973,Mouse,3246,66
679000,Mouse,4648,67
679003,Mouse,3104,64
679101,Mouse,3202,64
679215,Mouse,3835,68
679219,Mouse,3695,67
679279,Mouse,3005,71
679406,Mouse,5195,74
679437,Mouse,5212,83
679486,Mouse,3824,93
679563,Mouse,5040,108
679579,Mouse,3631,96
679624,Mouse,3715,99
679667,Mouse,3641,93
679729,Mouse,3122,98
679775,Mouse,5173,107
679812,Elephant,378533,1147
679845,Mouse,3849,99
679852,Mouse,5804,105
679864,Mouse,3485,106
679872,Mouse,4486,90
679894,Mouse,4693,102
679965,Mouse,3106,76
680164,Mouse,3901,87
680183,Mouse,4585,93
680223,Mouse,4577,96
680246,Mouse,3851,98
680266,Mouse,4314,111
680316,Mouse,5153,116
680320,Elephant,93741,591
680342,Elephant,549528,1483
680364,Mouse,3475,90
680372,Mouse,4208,88
680379,Mouse,4720,87
680402,Mouse,5129,79
680427,Mouse,5110,69
680481,Elephant,473905,1405
680543,Mouse,5750,66
680550,Mouse,3912,64
680560,Mouse,4496,65
680604,Mouse,5329,66
680619,Mouse,4524,65
680630,Mouse,4183,64
680668,Mouse,4003,64
680675,Mouse,4024,67
680678,Mouse,5209,69
680692,Mouse,4905,65
680944,Mouse,4890,65
680989,Mouse,3777,69
681039,Mouse,4146,64
681042,Mouse,3566,64
681359,Elephant,85476,409
681428,Mouse,4588,70
681459,Elephant,231421,758
681490,Mouse,5451,66
681596,Mouse,4216,64
681620,Mouse,4542,65
681665,Mouse,3157,64
681713,Mouse,5656,67
681717,Mouse,5358,67
681780,Elephant,139509,549
681787,Mouse,3930,68
681873,Mouse,3934,64
681933,Mouse,4298,65
681941,Mouse,5028,65
681945,Mouse,3405,64
681961,Mouse,3766,64
682055,Mouse,5439,66
682089,Mouse,4353,65
682292,Mouse,4439,65
682397,Mouse,3397,64
682448,Mouse,5589,66
682468,Mouse,5363,65
682579,Mouse,5788,66
682855,Mouse,5061,65
682889,Mouse,4012,67
682893,Mouse,4019,64
682898,Mouse,3118,64
682955,Mouse,4248,68
682974,Mouse,5115,69
682989,Mouse,4540,65
683028,Mouse,4662,65
683175,Mouse,3080,67
683325,Elephant,558812,1170
683361,Mouse,4473,69
683383,Mouse,3972,64
683408,Mouse,3765,67
683417,Mouse,5301,65
683617,Mouse,3511,67
683631,Mouse,4740,65
683884,Mouse,3387,67
684033,Mouse,5456,66
684038,Mouse,3514,64
684082,Mouse,3468,65
684108,Elephant,316619,858
684161,Mouse,4319,65
684398,Mouse,4936,65
684443,Mouse,5203,66
684475,Mouse,3021,64
684482,Mouse,3577,64
684514,Mouse,3193,64
684614,Mouse,4691,65
684772,Mouse,4819,65
684830,Mouse,3706,64
684874,Mouse,3367,65
684888,Mouse,5363,65
684918,Mouse,5417,66
684924,Mouse,3514,64
684967,Mouse,3819,65
685016,Mouse,3287,64
685064,Mouse,3536,64
685093,Mouse,4161,64
685128,Mouse,3631,64
685148,Mouse,4354,65
685166,Mouse,3185,64
685248,Mouse,5521,66
685286,Mouse,3536,64
685452,Mouse,5796,66
685497,Mouse,5370,67
685610,Mouse,4736,65
685687,Mouse,4263,65
685765,Mouse,4342,69
685818,Mouse,3921,64
685833,Mouse,4452,66
685893,Mouse,5261,71
685899,Mouse,5433,74
685953,Mouse,4580,81
685959,Mouse,3539,64
685982,Mouse,4670,65
685997,Mouse,5741,72
686005,Mouse,3052,75
686006,Mouse,4286,71
686169,Mouse,5646,69
686200,Elephant,198277,676
686223,Mouse,5298,67
686246,Mouse,5544,67
686259,Mouse,5529,66
686290,Mouse,5524,67
686302,Mouse,3640,65
686336,Mouse,4840,67
686403,Mouse,5403,70
686485,Mouse,4176,66
686569,Elephant,318232,885
686603,Mouse,4046,66
686613,Mouse,5087,65
686682,Mouse,3986,65
686738,Mouse,4903,69
686805,Mouse,4264,67
686923,Mouse,4312,68
687026,Mouse,3208,72
687062,Mouse,4747,83
687097,Mouse,4043,85
687114,Mouse,5055,93
687176,Mouse,3068,99
687235,Mouse,3558,107
687292,Mouse,3108,109
687320,Mouse,5100,100
687364,Mouse,4378,108
687394,Mouse,5355,110
687407,Mouse,3453,117
687433,Mouse,3665,119
687440,Mouse,5745,125
687467,Mouse,4306,119
687546,Mouse,4742,122
687625,Mouse,5305,121
687641,Mouse,4578,129
687691,Elephant,74691,590
687769,Mouse,5632,116
687843,Mouse,4834,116
687880,Mouse,5173,125
687888,Mouse,3490,122
687998,Mouse,5450,125
688033,Mouse,3374,116
688040,Mouse,4745,120
688083,Mouse,5684,110
688226,Mouse,5531,104
688366,Mouse,4983,116
688396,Elephant,352239,1783
688402,Mouse,3674,121
688463,Mouse,4066,108
688531,Mouse,4344,103
688572,Mouse,5373,114
688586,Mouse,5040,115
688602,Elephant,578432,2372
688608,Mouse,5231,112
688652,Mouse,5729,101
688687,Mouse,5456,85
688702,Mouse,5820,90
688747,Mouse,5160,91
688800,Elephant,494322,1981
688822,Mouse,4626,95
688859,Elephant,555045,2296
688910,Mouse,5620,70
688953,Mouse,5816,69
689087,Mouse,5362,69
689147,Mouse,3805,69
689162,Elephant,111881,548
689228,Mouse,3138,66
689255,Mouse,3415,64
689271,Mouse,5760,71
689289,Mouse,3915,72
689305,Mouse,5831,66
689318,Mouse,4292,73
689328,Mouse,5248,77
689335,Mouse,3994,80
689357,Mouse,4716,80
689365,Mouse,4417,73
689413,Mouse,3722,72
689430,Mouse,3035,70
689466,Mouse,5361,70
689485,Mouse,4021,74
689525,Mouse,3560,73
689570,Mouse,5731,73
689739,Elephant,512022,2159
689781,Mouse,5644,72
689803,Mouse,4487,65
689840,Mouse,4373,65
689878,Mouse,4370,66
689920,Elephant,437090,1255
689928,Mouse,3244,64
689943,Mouse,3603,64
689958,Mouse,4143,65
690046,Mouse,3168,64
690051,Mouse,5566,66
690065,Mouse,4704,65
690117,Mouse,3605,64
690328,Mouse,4460,65
690357,Mouse,4617,65
690366,Mouse,4917,69
690385,Mouse,5694,66
690421,Mouse,5494,66
690467,Mouse,5695,71
690474,Mouse,5191,65
690505,Mouse,3062,64
690710,Mouse,5751,70
690895,Mouse,5169,70
690931,Elephant,226772,719
691006,Mouse,4598,65
691029,Mouse,3377,64
691086,Mouse,3767,67
691263,Mouse,3569,64
691312,Mouse,4545,65
691560,Mouse,3978,67
691631,Mouse,4260,77
691638,Mouse,3131,70
691725,Mouse,5212,67
691740,Mouse,3200,67
691767,Mouse,3311,73
691770,Mouse,3583,74
691911,Mouse,3977,73
691913,Elephant,488624,1114
692020,Mouse,4911,65
692086,Mouse,4803,66
692169,Mouse,3670,67
692203,Mouse,3601,67
692211,Elephant,342948,923
692298,Mouse,3514,64
692359,Mouse,5546,66
692386,Mouse,3542,64
692431,Mouse,4088,65
692438,Mouse,3091,64
692465,Mouse,3542,64
692606,Mouse,3359,64
692634,Mouse,4947,65
692738,Mouse,5302,65
692752,Mouse,5702,66
692821,Mouse,4351,65
692878,Mouse,3585,64
692884,Mouse,3181,64
692915,Mouse,3093,64
693031,Mouse,4377,65
693068,Mouse,4831,65
693105,Mouse,5395,65
693130,Mouse,4013,64
693273,Mouse,3138,64
693326,Mouse,3383,64
693332,Mouse,3511,64
693337,Mouse,5733,67
693481,Mouse,3673,64
693542,Mouse,3388,64
693555,Mouse,4906,65
693635,Mouse,3772,64
693728,Mouse,3446,64
693744,Mouse,5816,66
693781,Mouse,3795,64
693861,Mouse,3154,64
693960,Mouse,3906,64
693978,Mouse,4176,64
694061,Mouse,4167,64
694176,Mouse,4883,65
694472,Mouse,3522,64
694539,Mouse,3939,64
694545,Mouse,5706,66
694556,Mouse,4413,65
694569,Mouse,4041,67
694583,Mouse,3758,69
694685,Mouse,3467,64
694706,Elephant,159949,589
694730,Mouse,4835,66
694746,Mouse,3685,64
694798,Mouse,3116,64
694934,Mouse,5240,65
694941,Mouse,5170,65
694955,Mouse,3341,64
695040,Mouse,4599,65
695121,Mouse,3586,64
695136,Mouse,3460,64
695146,Mouse,3477,64
695154,Mouse,5191,65
695192,Mouse,3952,64
695291,Mouse,4711,65
695299,Mouse,5422,65
695325,Mouse,4636,68
695349,Mouse,5482,67
695413,Mouse,4002,66
695456,Mouse,4841,68
695567,Mouse,4094,77
695713,Mouse,3378,106
695713,Mouse,5357,108
695858,Mouse,4143,113
696134,Mouse,5716,138
696179,Mouse,5764,141
696200,Mouse,5646,147
696249,Mouse,5036,154
696490,Mouse,4595,177
696491,Mouse,3584,175
696590,Mouse,4086,182
696618,Mouse,3010,188
696679,Mouse,4325,160
696836,Mouse,4573,146
696877,Mouse,5379,157
696887,Mouse,5333,161
696894,Mouse,4538,167
696924,Elephant,255964,1507
696946,Mouse,4259,166
697010,Mouse,4591,181
697045,Mouse,4266,171
697087,Mouse,5622,172
697098,Mouse,5265,169
697144,Mouse,5548,170
697262,Mouse,5067,187
697345,Mouse,5259,180
697381,Elephant,358068,2096
697423,Mouse,3352,165
697443,Elephant,267357,1958
697467,Mouse,4790,167
697723,Mouse,5694,134
697780,Mouse,3044,141
697801,Mouse,4876,148
697881,Mouse,4059,169
697883,Mouse,4646,171
697947,Mouse,3091,168
697990,Mouse,4098,178
698072,Mouse,5695,158
698126,Elephant,206843,1930
698184,Elephant,408867,2923
698261,Mouse,3247,133
698321,Mouse,4527,127
698324,Mouse,4901,123
698419,Mouse,3706,126
698448,Mouse,3478,140
698513,Mouse,5697,150
698596,Mouse,3796,164
698604,Elephant,145155,2044
698766,Mouse,4338,136
698789,Mouse,4605,138
698814,Elephant,571618,3604
698846,Mouse,4208,143
698874,Mouse,4473,149
698888,Elephant,146470,1833
698895,Mouse,4794,130
698945,Mouse,3036,131
698992,Mouse,4201,109
698995,Mouse,4964,112
699002,Mouse,4062,114
699081,Elephant,466179,3704
699141,Mouse,3590,112
699151,Mouse,4559,102
699274,Mouse,3496,112
699294,Elephant,455108,3806
699313,Mouse,5799,109
699485,Elephant,474582,3711
699497,Elephant,116900,936
699573,Mouse,3712,71
699575,Mouse,4609,72
699586,Elephant,297768,1955
699776,Mouse,3910,66
699812,Elephant,249387,1013
699920,Mouse,3499,67
699927,Mouse,4165,71
699932,Mouse,3024,73
699987,Mouse,4691,74
699988,Mouse,4831,76
700013,Mouse,4500,65
700184,Mouse,3050,64
700205,Mouse,4093,65
700282,Elephant,423133,1364
700285,Mouse,3282,64
700390,Mouse,4753,65
700537,Mouse,5289,69
700538,Mouse,3020,67
700541,Mouse,3944,65
700614,Mouse,5224,68
700670,Mouse,4475,68
700722,Mouse,3153,64
700728,Mouse,4521,65
700759,Mouse,4049,64
700903,Mouse,3096,64
701027,Mouse,4956,65
701066,Mouse,5808,72
701068,Mouse,3156,71
701211,Mouse,4711,65
701255,Mouse,4838,65
701263,Mouse,4039,67
701298,Mouse,5070,75
701306,Mouse,4383,67
701340,Mouse,5214,76
701364,Elephant,470127,1071
701371,Mouse,4691,70
701466,Mouse,4423,65
701483,Mouse,5063,65
701532,Mouse,5298,65
701551,Mouse,5560,68
701564,Mouse,5401,65
701661,Mouse,4072,64
701687,Mouse,5059,65
701693,Mouse,4853,65
701760,Elephant,183341,640
701769,Mouse,5491,67
701809,Mouse,4686,65
701835,Mouse,3966,64
701843,Mouse,5091,65
701911,Mouse,4605,65
701915,Mouse,4438,66
701980,Mouse,3109,64
701995,Mouse,4095,64
701999,Mouse,5365,66
702008,Mouse,5804,66
702010,Mouse,3154,64
702153,Mouse,3429,64
702206,Mouse,5490,66
702257,Mouse,5609,66
702304,Mouse,3796,64
702439,Mouse,5576,66
702519,Mouse,5008,65
702531,Mouse,5031,65
702711,Mouse,3900,64
702737,Mouse,3924,64
702778,Mouse,4349,65
702843,Mouse,5814,66
702889,Mouse,3558,64
702908,Mouse,5352,65
702939,Mouse,5725,66
702952,Mouse,3320,64
703185,Mouse,5795,66
703210,Mouse,4322,65
703248,Mouse,5599,69
703265,Mouse,4935,69
703568,Elephant,125251,503
703679,Mouse,5592,70
703688,Mouse,3237,71
703709,Mouse,4077,64
703808,Mouse,3185,65
703819,Mouse,5206,67
703943,Mouse,3724,67
703949,Mouse,3190,70
704004,Mouse,3879,78
704148,Mouse,5815,97
704191,Elephant,515490,1185
704217,Mouse,3616,106
704223,Mouse,5722,100
704227,Mouse,4421,98
704262,Mouse,5268,93
704309,Mouse,5725,81
704523,Elephant,144836,635
704570,Mouse,5187,70
704576,Elephant,150366,773
704640,Mouse,5365,69
704698,Mouse,4553,66
704792,Mouse,4357,65
704843,Mouse,3055,65
704857,Mouse,5016,71
704937,Mouse,3778,67
704968,Elephant,484110,1172
705016,Mouse,5800,66
705112,Mouse,4077,67
705114,Mouse,4925,69
705146,Mouse,5384,65
705418,Mouse,3997,64
705556,Mouse,5127,65
705596,Mouse,4490,65
705615,Mouse,4224,64
705645,Mouse,5581,67
705714,Mouse,4290,65
705776,Mouse,4452,68
705844,Mouse,3983,64
705906,Mouse,4335,66
706173,Mouse,3270,67
706179,Elephant,257932,768
706320,Elephant,79852,404
706392,Mouse,4155,64
706417,Mouse,3165,64
706500,Mouse,5155,65
706594,Mouse,4995,65
706615,Mouse,3927,64
706778,Mouse,3565,64
706857,Mouse,4777,66
706859,Mouse,3882,66
706904,Mouse,5316,68
706909,Mouse,4843,65
706982,Mouse,5778,67
706985,Mouse,3831,67
706988,Mouse,4401,68
707014,Mouse,5621,66
707041,Mouse,4634,65
707051,Mouse,3272,64
707107,Mouse,3211,64
707141,Mouse,4334,65
707184,Mouse,4753,65
707195,Mouse,4391,68
707219,Mouse,5394,65
707224,Mouse,3065,64
707340,Mouse,3845,64
707386,Mouse,4329,65
707412,Mouse,4555,66
707458,Mouse,3626,64
707525,Mouse,4465,65
707576,Elephant,117585,495
707605,Mouse,4344,65
707643,Mouse,3301,64
707754,Mouse,3460,64
707793,Mouse,4137,64
707827,Mouse,3746,64
707848,Mouse,3601,64
707906,Mouse,4842,65
707931,Mouse,4845,65
707957,Mouse,3847,64
708068,Mouse,3376,64
708091,Mouse,3053,66
708091,Mouse,3502,66
708315,Mouse,3008,64
708422,Mouse,3142,64
708452,Mouse,4327,65
708540,Mouse,5566,66
708665,Mouse,3803,64
708676,Mouse,5111,65
708773,Mouse,3892,64
708874,Mouse,4110,64
708978,Mouse,5351,65
708981,Mouse,3636,66
709057,Mouse,3750,67
709135,Mouse,4756,65
709262,Mouse,4218,64
709308,Mouse,5650,67
709356,Mouse,4499,71
709392,Mouse,5395,65
709414,Elephant,57994,336
709417,Mouse,3991,72
709421,Elephant,53131,319
709455,Elephant,122971,506
709489,Mouse,3173,64
709534,Mouse,4340,65
709542,Mouse,4302,65
709578,Mouse,3735,64
709640,Mouse,4627,65
709737,Mouse,3638,64
709759,Mouse,3177,64
709830,Mouse,3943,64
709842,Mouse,3986,67
709848,Mouse,3062,66
709910,Mouse,4136,64
709915,Mouse,3891,64
709928,Mouse,5204,68
710082,Mouse,5037,65
710170,Mouse,3694,64
710266,Mouse,3150,65
710287,Mouse,3626,69
710291,Mouse,5551,72
710336,Mouse,3577,64
710426,Mouse,5141,65
710455,Elephant,259826,766
710464,Mouse,5372,65
710471,Mouse,4661,66
710476,Mouse,4102,64
710555,Mouse,3759,64
710563,Mouse,4397,65
710618,Mouse,5789,67
710632,Mouse,5134,65
710642,Mouse,4939,65
710670,Mouse,4504,71
710727,Mouse,4897,65
710736,Mouse,5014,65
710916,Mouse,5777,66
710983,Mouse,5500,66
711273,Mouse,3171,66
711341,Mouse,3398,72
711342,Mouse,5394,78
711346,Mouse,4602,70
711386,Mouse,4246,74
711404,Mouse,4777,70
711484,Elephant,364851,1015
711545,Mouse,4308,68
711675,Mouse,3529,72
711753,Elephant,34665,238
711846,Mouse,5496,68
711856,Mouse,4543,71
711870,Mouse,5243,71
711884,Mouse,3396,71
711947,Mouse,4182,66
712026,Mouse,4752,75
712091,Elephant,292258,843
712093,Mouse,3654,74
712149,Elephant,233731,744
712222,Mouse,5328,65
712369,Mouse,3091,64
712416,Mouse,5712,66
712465,Mouse,3274,64
712473,Mouse,5701,66
712577,Mouse,4404,65
712673,Mouse,4458,65
712747,Mouse,5096,65
712827,Mouse,4389,65
712922,Mouse,5240,65
713004,Mouse,5386,65
713015,Mouse,3817,64
713023,Mouse,4853,65
713039,Mouse,3426,67
713132,Mouse,4286,68
713186,Mouse,3284,64
713195,Mouse,4126,64
713261,Mouse,3309,66
713316,Mouse,5201,69
713319,Mouse,4077,69
713453,Mouse,4222,66
713468,Mouse,5280,71
713541,Mouse,3131,85
713545,Mouse,4671,88
713556,Mouse,5068,94
713594,Mouse,4204,92
713674,Mouse,5546,75
713691,Mouse,5670,77
713708,Elephant,494087,1173
713776,Mouse,4403,67
713791,Mouse,3057,66
713945,Mouse,3142,71
713984,Mouse,3195,71
714084,Mouse,5009,72
714119,Elephant,292468,889
714144,Mouse,4734,75
714148,Mouse,5396,75
714281,Mouse,3384,64
714342,Mouse,3841,69
714358,Elephant,385150,1003
714463,Mouse,4513,65
714547,Mouse,3209,64
714576,Mouse,5442,66
714615,Mouse,4573,68
714616,Mouse,4979,69
714683,Mouse,3320,64
714743,Mouse,4186,64
714861,Elephant,55481,320
714891,Mouse,5774,66
714934,Mouse,3737,65
714937,Mouse,5628,68
714961,Mouse,5493,66
714984,Mouse,4096,64
715035,Mouse,3306,64
715038,Mouse,3076,64
715112,Mouse,4412,65
715155,Mouse,4990,66
715171,Mouse,3467,64
715190,Mouse,5063,65
715304,Mouse,5284,65
715337,Mouse,4520,65
715382,Mouse,5214,66
715441,Mouse,3912,64
715512,Mouse,5839,66
715669,Mouse,3239,67
715730,Mouse,5520,71
715887,Mouse,4062,66
715906,Mouse,3359,67
715965,Mouse,5554,70
715974,Elephant,304081,845
716015,Mouse,4859,68
716024,Mouse,3779,64
716187,Mouse,5204,65
716289,Mouse,4576,65
716352,Mouse,5661,70
716613,Mouse,5191,70
716634,Mouse,3100,64
716800,Mouse,5651,71
716815,Elephant,374378,1009
716849,Mouse,4916,71
716866,Mouse,4092,74
716872,Mouse,5416,71
716938,Mouse,5434,67
717013,Mouse,5316,76
717036,Mouse,5643,70
717077,Mouse,5776,82
717088,Mouse,5332,79
717130,Mouse,3254,81
717383,Mouse,5779,111
717543,Mouse,4256,118
717548,Mouse,4366,120
717585,Mouse,5501,116
717690,Mouse,3594,111
717714,Mouse,4893,124
717901,Mouse,4541,92
717950,Elephant,247871,1168
717994,Mouse,3880,93
718050,Mouse,4057,90
718114,Mouse,3788,92
718172,Mouse,5647,106
718210,Mouse,5676,111
718261,Elephant,461841,1649
718275,Mouse,5450,114
718367,Mouse,3957,98
718395,Mouse,3503,97
718470,Mouse,4263,111
718488,Elephant,504776,1850
718500,Mouse,5483,88
718591,Mouse,4940,68
718669,Mouse,3942,76
718685,Mouse,3893,84
718690,Mouse,4935,84
718749,Elephant,592474,1910
718866,Mouse,4052,71
718869,Mouse,3481,73
718882,Mouse,5452,78
718896,Mouse,5446,73
718914,Mouse,5719,80
719222,Mouse,3700,85
719309,Elephant,334237,1132
719360,Mouse,5362,99
719373,Elephant,530979,1806
719377,Mouse,3559,85
719444,Mouse,5403,65
719453,Mouse,4792,67
719526,Mouse,4607,66
719574,Mouse,5643,79
719667,Mouse,4638,80
719735,Mouse,4492,73
719736,Mouse,5517,74
719749,Elephant,87043,454
719759,Mouse,3004,78
719777,Mouse,4835,80
719835,Elephant,297652,1011
719958,Mouse,3712,67
719961,Mouse,5679,69
719993,Mouse,3220,64
720027,Elephant,186533,792
720031,Mouse,4213,64
720041,Mouse,4869,65
720184,Mouse,4258,65
720208,Mouse,3366,64
720268,Mouse,5829,66
720400,Mouse,4073,64
720403,Mouse,3625,64
720424,Mouse,3791,64
720452,Mouse,4378,65
720497,Mouse,4058,65
720514,Mouse,5572,66
720528,Mouse,4823,65
720597,Mouse,5790,66
720675,Mouse,5530,66
720717,Mouse,3760,65
720768,Mouse,3887,64
720848,Mouse,3422,67
720933,Mouse,5098,69
721070,Mouse,3047,65
721118,Mouse,5527,66
721202,Mouse,4572,66
721241,Mouse,4146,67
721248,Mouse,4108,66
721291,Mouse,4214,68
721310,Mouse,5600,66
721336,Mouse,5617,70
721373,Mouse,4316,68
721475,Mouse,3589,64
721484,Mouse,5644,66
721600,Mouse,3006,67
721649,Mouse,3060,64
721684,Mouse,5567,70
721724,Mouse,4739,70
721866,Elephant,519303,1129
721918,Mouse,4831,65
721938,Mouse,4377,65
722010,Mouse,4685,66
722012,Mouse,4145,66
722060,Elephant,69056,370
722065,Mouse,3784,67
722068,Mouse,3911,68
722091,Mouse,5735,66
722129,Mouse,4356,65
722171,Mouse,5369,65
722223,Mouse,5152,65
722255,Mouse,3636,64
722308,Mouse,4480,65
722313,Mouse,3035,65
722314,Mouse,3396,66
722488,Mouse,3900,64
722644,Mouse,5542,66
722698,Mouse,4919,65
722846,Mouse,5264,65
722895,Mouse,3127,64
723024,Mouse,3217,64
723081,Mouse,5132,65
723161,Mouse,4193,64
723167,Mouse,5776,66
723224,Mouse,5320,65
723234,Mouse,5283,65
723279,Mouse,4227,65
723307,Mouse,4773,65
723367,Mouse,4617,65
723490,Mouse,4372,65
723564,Mouse,4622,65
723606,Mouse,3359,64
723642,Mouse,5395,65
723663,Mouse,4715,65
723697,Mouse,4715,67
723698,Mouse,4164,67
723816,Mouse,4825,65
723851,Mouse,4911,65
723888,Mouse,3101,64
723902,Mouse,3488,64
723934,Mouse,5566,66
724119,Mouse,4864,65
724126,Mouse,3263,64
724170,Mouse,3495,64
724203,Mouse,5621,66
724244,Mouse,4314,66
724347,Mouse,3986,64
724602,Mouse,4374,65
724605,Mouse,4373,65
724700,Mouse,5270,65
724732,Mouse,3885,64
724738,Mouse,5327,65
724789,Mouse,5328,65
724793,Mouse,4558,65
724835,Mouse,4061,66
724877,Mouse,4548,65
724890,Mouse,3437,64
724998,Mouse,4105,64
725003,Mouse,4434,65
725071,Mouse,5070,68
725080,Mouse,3714,72
725181,Mouse,3802,64
725318,Mouse,5104,65
725330,Mouse,4072,67
725397,Mouse,4732,65
725405,Mouse,3445,64
725424,Mouse,5839,71
725477,Mouse,3491,71
725497,Mouse,3799,64
725502,Mouse,3800,67
725570,Mouse,4148,68
725650,Elephant,374507,944
725664,Mouse,3460,64
725673,Mouse,4167,65
725689,Mouse,4843,65
725763,Mouse,4528,65
725803,Mouse,3707,64
725816,Mouse,3183,64
725991,Mouse,5266,69
726077,Mouse,5840,70
726203,Mouse,3871,67
726235,Mouse,3257,64
726239,Mouse,4597,66
726260,Mouse,3139,64
726263,Elephant,113358,492
726268,Mouse,5388,66
726337,Mouse,4573,69
726353,Mouse,4165,67
726359,Mouse,4842,65
726363,Mouse,4701,66
726550,Mouse,4443,68
726598,Mouse,5247,73
726644,Mouse,4544,71
726656,Mouse,5475,72
726729,Mouse,5077,80
726773,Mouse,3194,74
726787,Mouse,4708,79
726956,Mouse,3292,100
726990,Mouse,3277,91
727012,Mouse,5833,101
727040,Mouse,4288,98
727062,Mouse,3596,101
727117,Mouse,3605,99
727162,Mouse,5298,104
727174,Mouse,5372,107
727342,Mouse,4514,105
727403,Mouse,4352,114
727407,Elephant,589681,1486
727433,Mouse,4170,108
727438,Mouse,4922,113
727456,Mouse,5309,102
727520,Mouse,3311,77
727618,Mouse,3892,76
727621,Mouse,3818,77
727635,Mouse,3526,81
727648,Elephant,537348,1457
727771,Elephant,214201,985
727777,Mouse,3549,72
727803,Mouse,4414,77
727818,Mouse,3880,78
727857,Mouse,3272,77
727862,Mouse,3224,75
727869,Mouse,5138,80
727875,Mouse,4817,82
727926,Mouse,4064,83
727960,Mouse,3637,86
727968,Mouse,4482,92
727980,Mouse,4346,83
728015,Mouse,4878,88
728022,Mouse,5055,94
728113,Mouse,5576,102
728137,Elephant,81194,509
728159,Mouse,5284,90
728219,Mouse,3830,82
728281,Mouse,3141,89
728388,Mouse,5573,104
728401,Mouse,4825,112
728416,Mouse,5716,120
728446,Elephant,322789,1070
728459,Mouse,4516,122
728467,Mouse,5313,123
728625,Mouse,5565,81
728669,Elephant,284271,1006
728677,Mouse,5808,95
728763,Mouse,3029,64
728811,Mouse,4479,70
728852,Mouse,3840,77
728881,Mouse,5208,82
728907,Mouse,3804,81
728937,Mouse,3357,86
728969,Mouse,5454,93
728973,Mouse,5522,96
728984,Mouse,3264,99
729006,Mouse,5192,106
729037,Mouse,5593,108
729125,Mouse,3091,101
729230,Elephant,318394,1117
729231,Mouse,3230,112
729325,Mouse,3539,75
729445,Mouse,3093,71
729533,Elephant,463750,1921
729646,Mouse,3130,66
729671,Mouse,4390,77
729734,Mouse,5731,83
729773,Mouse,3424,84
729781,Mouse,5005,86
729797,Elephant,436874,1375
729832,Mouse,4322,78
729838,Mouse,4274,76
729858,Mouse,5235,69
729907,Mouse,3145,66
729913,Mouse,4019,71
729932,Mouse,3736,65
729982,Mouse,3245,69
730129,Mouse,5045,67
730181,Mouse,4723,70
730186,Mouse,4886,69
730222,Mouse,5575,68
730225,Elephant,451222,1174
730256,Mouse,4410,65
730266,Mouse,4970,68
730269,Mouse,3898,70
730282,Mouse,3442,64
730303,Mouse,5066,65
730423,Mouse,5319,65
730552,Mouse,4516,66
730588,Mouse,5017,70
730599,Mouse,4575,69
730642,Mouse,3186,67
730662,Mouse,5809,72
730818,Mouse,4238,71
730854,Elephant,94217,467
730899,Mouse,3007,72
730911,Mouse,3946,65
730919,Mouse,3302,67
731023,Mouse,5362,70
731066,Mouse,5839,75
731150,Mouse,4435,88
731158,Mouse,3437,88
731179,Mouse,5007,93
731219,Elephant,324463,930
731222,Mouse,4119,96
731287,Elephant,331228,946
731336,Mouse,3197,64
731352,Mouse,5830,70
731353,Mouse,5508,69
731367,Mouse,3439,67
731409,Mouse,4490,69
731444,Mouse,5737,67
731507,Mouse,3028,64
731583,Elephant,138788,581
731722,Mouse,3010,64
731736,Mouse,3621,70
731843,Mouse,4419,65
731892,Mouse,3713,64
732018,Mouse,5345,66
732041,Elephant,89176,419
732099,Mouse,5241,70
732155,Mouse,3817,66
732207,Mouse,4389,66
732334,Elephant,393451,971
732355,Mouse,4359,65
732365,Mouse,4759,66
732405,Mouse,5025,65
732465,Mouse,4813,65
732477,Mouse,3293,64
732545,Mouse,3995,64
732655,Mouse,3254,64
732679,Mouse,4833,65
732766,Mouse,5776,66
732794,Mouse,4901,68
732795,Mouse,4616,68
732823,Mouse,4423,67
732825,Mouse,5716,69
732950,Mouse,4958,65
732967,Mouse,4001,65
732972,Mouse,5531,66
732995,Mouse,4317,65
733097,Mouse,4265,67
733107,Mouse,4042,64
733205,Mouse,5268,65
733256,Mouse,3814,67
733269,Mouse,4961,71
733282,Mouse,4759,67
733289,Mouse,3959,64
733402,Mouse,4895,77
733500,Mouse,3155,71
733545,Mouse,3917,83
733566,Mouse,3013,85
733581,Mouse,4099,92
733780,Mouse,3559,93
733892,Mouse,5078,89
733898,Elephant,269355,925
733903,Mouse,3112,88
733924,Elephant,128055,650
733930,Mouse,4625,87
733991,Mouse,4140,68
734006,Elephant,427373,1196
734012,Mouse,3926,64
734029,Mouse,3519,64
734062,Elephant,97515,655
734255,Mouse,4915,65
734366,Mouse,3788,69
734405,Mouse,3461,67
734479,Mouse,3986,64
734607,Mouse,4788,65
734614,Mouse,4324,65
734719,Elephant,233347,723
734762,Mouse,5267,66
734824,Mouse,5669,66
734839,Mouse,5348,65
734918,Mouse,5734,66
734922,Mouse,5249,66
734933,Mouse,4848,65
735028,Mouse,4720,65
735045,Mouse,5541,66
735070,Mouse,4615,65
735105,Mouse,5381,65
735188,Mouse,3957,64
735507,Mouse,4205,64
735564,Mouse,5103,65
735598,Mouse,4219,67
735711,Mouse,5742,66
735746,Mouse,3327,64
735761,Elephant,33311,232
735762,Mouse,4342,66
735869,Mouse,5683,66
735978,Mouse,3607,64
735994,Mouse,5149,70
736006,Mouse,4863,65
736012,Mouse,3725,64
736132,Mouse,4477,65
736175,Mouse,5027,68
736179,Mouse,3930,69
736265,Mouse,4124,64
736396,Mouse,4388,68
736427,Mouse,3702,67
736534,Mouse,4093,64
736542,Mouse,5043,65
736603,Elephant,373010,937
736651,Mouse,3276,64
736663,Mouse,3981,64
736665,Mouse,3058,64
736697,Mouse,5203,66
736728,Mouse,3158,64
736785,Mouse,5754,66
736929,Mouse,3565,64
737042,Mouse,4103,64
737057,Mouse,3259,64
737132,Mouse,4640,65
737140,Mouse,4592,65
737146,Mouse,4556,65
737160,Mouse,4055,64
737172,Mouse,5636,66
737264,Mouse,4160,64
737316,Mouse,5637,66
737372,Mouse,4220,64
737391,Mouse,4425,65
737397,Mouse,4793,65
737403,Mouse,3606,64
737525,Mouse,4370,65
737598,Mouse,4531,65
737653,Mouse,5016,65
737668,Mouse,5576,66
737731,Mouse,3711,67
737741,Mouse,3504,64
737784,Mouse,5520,72
737789,Mouse,5518,71
737813,Mouse,5471,67
737817,Elephant,57201,324
737938,Mouse,3977,64
738175,Mouse,5610,66
738213,Mouse,3888,64
738287,Mouse,5212,67
738349,Mouse,3383,64
738358,Mouse,5622,69
738359,Mouse,5377,69
738395,Mouse,5665,66
738403,Elephant,110926,491
738532,Mouse,4299,65
738560,Mouse,5671,66
738673,Mouse,3158,64
738689,Mouse,4208,67
738792,Mouse,5011,65
738917,Mouse,4925,65
738927,Mouse,3643,64
738954,Mouse,4903,65
738984,Mouse,4540,67
739036,Mouse,4925,72
739056,Mouse,5192,65
739120,Mouse,4684,65
739151,Mouse,3469,64
739213,Elephant,161274,593
739333,Mouse,3938,68
739385,Mouse,5112,65
739401,Mouse,4233,64
739635,Mouse,3385,67
739645,Mouse,5485,73
739719,Mouse,3596,70
739759,Mouse,3390,72
739815,Elephant,176493,637
739820,Mouse,5040,74
739823,Mouse,4697,75
739894,Mouse,4189,72
739948,Mouse,3019,74
740040,Elephant,58982,347
740077,Mouse,3149,79
740087,Elephant,127669,535
740090,Mouse,4088,84
740108,Elephant,144113,558
740152,Mouse,5415,68
740167,Mouse,3597,64
740207,Mouse,3565,64
740235,Mouse,3771,65
740263,Mouse,5802,66
740281,Elephant,62319,335
740283,Mouse,5380,66
740552,Mouse,4694,66
740813,Mouse,4627,88
740817,Mouse,5297,91
740856,Elephant,54230,357
740879,Mouse,4257,101
740919,Mouse,4541,111
740929,Mouse,3264,103
740958,Mouse,4960,103
740997,Mouse,4010,103
741081,Mouse,3072,84
741208,Mouse,5562,100
741223,Mouse,3803,104
741302,Elephant,193289,885
741451,Mouse,5047,100
741465,Mouse,3903,101
741541,Mouse,5500,106
741545,Mouse,5093,107
741576,Mouse,5287,114
741614,Mouse,5254,111
741617,Mouse,3425,113
741626,Mouse,3979,115
741789,Mouse,3783,116
741819,Elephant,410864,1402
741881,Mouse,5224,116
741944,Mouse,3017,99
741967,Mouse,5757,103
741997,Elephant,246761,1420
742073,Mouse,4102,95
742091,Mouse,5557,104
742116,Mouse,3440,105
742190,Mouse,3262,122
742218,Mouse,4881,126
742357,Mouse,4861,124
742363,Mouse,4469,119
742377,Elephant,111382,776
742433,Elephant,536496,1995
742517,Mouse,5633,74
742554,Elephant,393736,1908
742566,Mouse,3586,75
742612,Mouse,3088,68
742628,Elephant,174087,980
742771,Mouse,4537,69
742800,Mouse,3721,67
742853,Mouse,3216,66
742909,Elephant,192480,787
743104,Mouse,3476,69
743117,Mouse,5631,68
743169,Mouse,3244,72
743215,Mouse,3254,70
743243,Mouse,4126,75
743266,Mouse,3693,78
743288,Mouse,4932,84
743301,Mouse,3788,85
743422,Mouse,3073,76
743422,Mouse,3562,76
743486,Mouse,5383,81
743492,Elephant,490586,1514
743588,Mouse,4153,70
743785,Mouse,4079,68
743851,Mouse,4430,72
743860,Elephant,470192,1273
743867,Mouse,4630,66
743872,Mouse,4758,65
743911,Mouse,5629,70
744019,Mouse,3188,67
744065,Mouse,4175,68
744079,Mouse,5646,73
744134,Mouse,4773,75
744188,Elephant,192520,669
744244,Mouse,5009,65
744264,Mouse,4865,65
744291,Mouse,5751,66
744323,Mouse,4659,65
744472,Mouse,3778,65
744484,Mouse,4994,65
744602,Mouse,4862,66
744621,Mouse,4812,65
744632,Mouse,4362,65
744655,Mouse,5086,65
744796,Mouse,5278,65
744860,Mouse,3178,66
744958,Mouse,3857,64
744976,Mouse,5235,65
744990,Mouse,4559,65
745032,Mouse,5182,66
745041,Mouse,4503,65
745133,Mouse,4448,65
745172,Mouse,5543,66
745194,Mouse,4552,66
745291,Mouse,4361,66
745293,Mouse,3988,66
745301,Mouse,4703,65
745387,Mouse,4189,64
745529,Mouse,4295,65
745655,Mouse,5755,66
745735,Mouse,4788,65
745750,Mouse,4033,66
745755,Mouse,5680,69
745825,Mouse,3108,64
745861,Mouse,3777,64
745930,Mouse,4023,69
745948,Mouse,5669,66
745997,Mouse,3411,64
746040,Mouse,4208,65
746080,Mouse,3400,64
746101,Mouse,4329,66
746160,Mouse,5356,65
746168,Mouse,5642,66
746174,Mouse,3971,67
746179,Elephant,70008,365
746186,Mouse,5021,67
746192,Mouse,4979,65
746259,Mouse,3473,66
746288,Mouse,4033,64
746316,Mouse,4269,65
746332,Mouse,3894,65
746415,Mouse,5246,65
746521,Mouse,5610,66
746566,Mouse,4517,65
746582,Mouse,3137,64
746705,Mouse,5071,65
746783,Mouse,3622,65
746922,Mouse,5231,65
747027,Mouse,4858,65
747069,Mouse,3428,64
747092,Mouse,4484,65
747203,Mouse,4403,65
747261,Mouse,4060,67
747315,Mouse,5576,66
747370,Mouse,3083,66
747403,Mouse,3768,68
747405,Mouse,4328,69
747537,Mouse,4494,69
747556,Elephant,41883,282
747577,Mouse,5417,71
747661,Mouse,5527,84
747667,Mouse,5326,87
747693,Mouse,3894,86
747716,Mouse,3302,96
747729,Elephant,229533,753
747765,Mouse,3905,78
747804,Mouse,4246,69
747871,Mouse,3556,70
747923,Mouse,4277,72
747951,Mouse,4832,75
747976,Mouse,3825,78
748039,Elephant,301157,907
748158,Mouse,3408,68
748209,Mouse,3001,74
748217,Mouse,3762,69
748226,Mouse,4694,71
748250,Elephant,127877,694
748342,Mouse,3054,66
748397,Mouse,5652,71
748407,Mouse,4412,71
748479,Mouse,5083,70
748625,Mouse,4045,68
748705,Elephant,475808,1146
748717,Mouse,4475,71
748722,Mouse,4954,70
748765,Mouse,4465,66
748845,Mouse,3487,64
748861,Elephant,221584,743
748877,Mouse,3002,64
748912,Mouse,4711,65
748951,Mouse,4732,65
748974,Mouse,5083,65
748988,Mouse,4694,65
749081,Mouse,3104,64
749092,Mouse,3310,64
749231,Mouse,3995,65
749385,Mouse,4688,68
749429,Mouse,4237,68
749490,Mouse,4984,69
749526,Mouse,4478,68
749556,Mouse,3671,67
749582,Mouse,5221,69
749801,Mouse,3710,68
749844,Mouse,3493,73
749996,Elephant,529378,1253
750009,Mouse,4987,92
750065,Mouse,3204,81
750214,Elephant,45607,312
750223,Mouse,5055,75
750249,Mouse,3853,83
750389,Elephant,537765,1228
750492,Mouse,3613,65
750502,Mouse,4085,69
750513,Mouse,3552,76
750585,Mouse,5367,79
750826,Mouse,4859,85
750868,Mouse,4089,94
750916,Mouse,3637,104
750998,Mouse,3252,115
751052,Mouse,4747,128
751062,Mouse,3393,129
751115,Mouse,5608,138
751129,Mouse,4852,144
751266,Mouse,4538,139
751342,Mouse,4108,137
751343,Mouse,4253,133
751351,Elephant,489159,1395
751427,Mouse,3996,94
751487,Mouse,3355,84
751505,Mouse,5137,82
751543,Mouse,4376,94
751545,Mouse,4934,94
751555,Mouse,4911,95
751588,Mouse,4073,100
751604,Mouse,3116,103
751668,Mouse,4646,91
751707,Mouse,4178,85
751729,Elephant,568950,1661
751828,Mouse,4765,69
751835,Elephant,159509,978
751848,Mouse,3008,73
751864,Mouse,3524,65
751931,Elephant,490202,1540
751960,Mouse,4623,65
752005,Mouse,4541,69
752094,Mouse,4660,65
752108,Mouse,3574,67
752130,Mouse,4471,65
752183,Mouse,4095,64
752203,Mouse,4035,68
752265,Mouse,3291,64
752326,Mouse,3693,67
752399,Mouse,4118,75
752429,Mouse,3374,69
752456,Elephant,142800,546
752568,Mouse,4567,72
752667,Mouse,4233,74
752686,Mouse,4864,78
752995,Mouse,3325,113
753007,Mouse,4651,119
753060,Mouse,5049,125
753153,Mouse,4625,129
753199,Elephant,515999,1322
753308,Mouse,4893,104
753375,Mouse,5048,86
753389,Mouse,4082,93
753453,Mouse,3854,99
753492,Mouse,5467,109
753553,Mouse,3416,108
753666,Mouse,3085,110
753677,Mouse,3447,113
753721,Mouse,3324,108
753789,Mouse,3162,123
753829,Mouse,4358,127
753854,Mouse,5830,135
753922,Mouse,4557,140
753982,Elephant,447556,1577
753987,Elephant,541793,1716
754023,Mouse,5286,143
754031,Mouse,4253,141
754034,Mouse,3563,135
754048,Mouse,4602,119
754066,Mouse,3839,121
754139,Mouse,3466,84
754145,Mouse,5304,88
754156,Mouse,4937,91
754315,Mouse,5626,92
754345,Mouse,3997,99
754372,Mouse,5481,109
754489,Mouse,4650,111
754508,Mouse,4543,114
754542,Mouse,3221,111
754591,Mouse,3357,122
754619,Mouse,3705,130
754620,Mouse,3715,131
754654,Mouse,3239,129
754674,Mouse,3963,127
754676,Mouse,3595,127
754724,Mouse,5116,131
754839,Mouse,5439,108
754949,Mouse,5322,107
755062,Mouse,3361,125
755303,Mouse,4739,142
755320,Mouse,5019,137
755353,Mouse,5466,149
755368,Mouse,3102,153
755379,Mouse,5684,159
755420,Elephant,430106,2629
755473,Mouse,4160,153
755485,Mouse,3271,153
755486,Mouse,3940,153
755710,Mouse,3298,132
755741,Mouse,5229,139
755769,Elephant,430270,2180
755818,Elephant,570544,2810
755823,Mouse,5759,132
755831,Mouse,5010,132
755832,Mouse,5543,134
755900,Mouse,3850,88
755944,Mouse,4112,77
755954,Elephant,419087,2124
755988,Mouse,4837,76
756034,Mouse,4535,75
756050,Mouse,5229,70
756069,Mouse,3828,74
756092,Mouse,3768,73
756144,Mouse,3654,75
756150,Mouse,3333,79
756177,Mouse,3360,88
756178,Mouse,4333,87
756196,Mouse,5184,94
756255,Mouse,3173,104
756270,Mouse,4697,108
756308,Elephant,139750,969
756335,Elephant,539226,2558
756355,Mouse,3940,88
756366,Mouse,3529,88
756375,Elephant,310083,2204
756473,Elephant,52152,391
756497,Mouse,3861,64
756567,Mouse,4092,74
756580,Mouse,5684,82
756581,Mouse,5367,82
756608,Mouse,5037,73
756652,Mouse,4644,71
756805,Mouse,4956,77
756805,Mouse,3563,74
757055,Mouse,4627,89
757099,Mouse,3473,95
757215,Mouse,5769,107
757243,Mouse,3433,106
757277,Mouse,5025,113
757292,Mouse,3669,114
757386,Mouse,5151,125
757402,Mouse,4719,122
757445,Elephant,317695,1043
757464,Mouse,3527,106
757471,Mouse,3942,105
757510,Mouse,5118,90
757525,Mouse,3177,85
757531,Mouse,5769,86
757566,Elephant,482745,1395
757604,Mouse,5437,83
757606,Elephant,329179,1115
757631,Mouse,5811,68
757650,Mouse,5308,69
757680,Mouse,3370,65
757682,Mouse,3289,66
757691,Mouse,3725,64
757745,Mouse,4455,69
757750,Mouse,3743,69
757835,Mouse,3825,65
757926,Mouse,5828,74
757927,Mouse,4916,74
758032,Mouse,4679,70
758037,Mouse,4792,66
758065,Mouse,5506,71
758082,Mouse,3251,73
758085,Mouse,3411,71
758093,Mouse,5565,74
758192,Mouse,4524,71
758197,Mouse,5201,74
758322,Elephant,305333,897
758356,Mouse,3121,65
758478,Mouse,4716,66
758494,Mouse,5140,71
758540,Mouse,3351,64
758616,Mouse,5728,71
758710,Elephant,329724,1062
758727,Mouse,3749,64
758764,Mouse,4496,65
758768,Mouse,3986,65
758835,Mouse,5382,65
759044,Mouse,3113,64
759055,Mouse,3200,67
759061,Mouse,3024,69
759071,Mouse,3752,64
759155,Mouse,3074,64
759259,Mouse,5485,66
759279,Mouse,5555,69
759291,Mouse,3250,70
759301,Mouse,3801,65
759340,Mouse,3105,64
759417,Elephant,210528,685
759433,Mouse,4345,65
759457,Mouse,5544,67
759463,Mouse,3111,64
759483,Mouse,4025,64
759777,Mouse,5222,65
759792,Mouse,3251,67
759886,Mouse,4055,64
759937,Mouse,3950,64
759945,Mouse,4496,65
760036,Mouse,4493,65
760038,Mouse,3192,64
760066,Mouse,3385,68
760073,Mouse,3993,64
760118,Mouse,5803,66
760183,Mouse,3663,69
760187,Elephant,63495,339
760195,Mouse,3638,72
760231,Mouse,3288,71
760255,Mouse,4476,77
760265,Mouse,4481,81
760326,Mouse,5559,76
760370,Mouse,3755,71
760432,Mouse,5028,70
760492,Mouse,3260,77
760511,Elephant,421580,1048
760516,Mouse,4858,83
760519,Mouse,3932,77
760634,Mouse,5519,70
760694,Mouse,3768,64
760784,Mouse,4166,66
760821,Mouse,3906,67
760883,Mouse,4304,70
760937,Mouse,4877,75
760955,Mouse,4044,79
760956,Mouse,4058,79
760970,Mouse,5458,88
761002,Mouse,5462,87
761076,Elephant,289106,891
761093,Mouse,4615,77
761134,Elephant,383472,1031
761139,Mouse,5588,81
761217,Mouse,4847,65
761259,Mouse,3575,64
761304,Mouse,3341,65
761398,Mouse,5630,67
761538,Mouse,4172,67
761571,Mouse,5473,74
761593,Mouse,3233,69
761635,Mouse,3050,79
761649,Mouse,5557,82
761664,Mouse,3899,86
761787,Mouse,3801,100
761799,Mouse,4776,108
761800,Mouse,4241,107
761809,Elephant,225445,833
761827,Mouse,4544,101
761873,Mouse,3470,101
761960,Mouse,5159,72
762007,Mouse,3182,77
762038,Mouse,3664,84
762261,Mouse,4516,102
762266,Mouse,4926,105
762278,Mouse,3362,109
762345,Mouse,4014,121
762418,Mouse,4354,127
762445,Elephant,506463,1469
762458,Mouse,4179,105
762490,Mouse,4534,109
762568,Mouse,3998,84
762625,Elephant,466010,1362
762669,Mouse,4514,86
762671,Mouse,3318,86
762711,Mouse,5498,91
762720,Mouse,4043,88
762739,Mouse,3685,79
762756,Mouse,5444,85
762780,Mouse,4967,97
762822,Mouse,3517,101
762826,Mouse,4552,105
762876,Mouse,5734,104
762894,Mouse,3808,100
762934,Elephant,88169,559
762947,Elephant,42406,332
762980,Mouse,4963,99
762989,Mouse,5054,90
762995,Mouse,4317,93
763194,Mouse,5186,79
763343,Mouse,4226,110
763373,Mouse,3592,118
763383,Mouse,5703,120
763417,Elephant,558832,1793
763456,Mouse,3881,102
763463,Mouse,5432,102
763465,Mouse,5121,102
763498,Mouse,4897,87
763511,Mouse,3533,70
763541,Mouse,4865,79
763555,Mouse,3963,85
763624,Mouse,5794,78
763644,Mouse,3678,83
763743,Mouse,3994,87
763758,Mouse,3833,91
763894,Mouse,3751,116
763977,Mouse,4708,135
764010,Mouse,4795,155
764091,Mouse,3378,160
764122,Mouse,4544,165
764157,Mouse,4997,166
764289,Mouse,5087,130
764334,Mouse,3105,137
764426,Elephant,561387,2256
764467,Mouse,4003,134
764494,Mouse,5017,123
764528,Mouse,3611,120
764531,Mouse,5039,127
764630,Mouse,5514,112
764708,Mouse,3168,111
764712,Mouse,4216,114
764785,Mouse,4247,117
764836,Mouse,5014,126
764870,Elephant,452918,2136
764909,Mouse,4968,123
764911,Elephant,409772,1765
764952,Mouse,5511,108
764971,Mouse,5478,82
764991,Elephant,79336,643
765005,Mouse,3510,79
765060,Mouse,3587,66
765105,Mouse,3259,67
765110,Mouse,3577,68
765139,Mouse,5589,76
765234,Elephant,273323,1451
765246,Mouse,3101,73
765364,Mouse,5802,77
765411,Mouse,3367,73
765437,Mouse,5004,69
765468,Mouse,4708,70
765485,Mouse,5565,75
765534,Mouse,5141,78
765669,Elephant,598473,2261
765673,Mouse,4634,73
765713,Mouse,5633,83
765722,Mouse,4097,64
765755,Mouse,4941,73
765930,Mouse,4058,74
765943,Elephant,239686,793
765958,Elephant,72274,397
766029,Mouse,4830,69
766046,Mouse,5734,71
766097,Mouse,4096,64
766107,Mouse,3818,64
766112,Mouse,4230,66
766144,Mouse,4342,67
766226,Mouse,3900,66
766234,Mouse,5557,66
766237,Mouse,3046,64
766352,Mouse,5621,72
766421,Mouse,3488,66
766505,Mouse,4523,71
766526,Mouse,5246,65
766568,Mouse,3910,65
766607,Mouse,4665,69
766638,Mouse,3922,72
766705,Elephant,405669,1017
766739,Mouse,4101,65
766916,Mouse,4249,66
766922,Mouse,5824,67
766945,Mouse,5160,68
766994,Mouse,5581,66
767081,Mouse,4299,65
767210,Mouse,4267,65
767230,Mouse,4149,64
767286,Mouse,5237,65
767298,Mouse,5840,66
767336,Mouse,3748,64
767401,Mouse,4352,65
767404,Mouse,3072,64
767421,Mouse,3271,64
767510,Mouse,3602,64
767593,Mouse,4218,64
767606,Mouse,5304,69
767615,Mouse,4442,65
767626,Mouse,5392,65
767689,Mouse,4925,69
767739,Mouse,4199,70
767766,Mouse,4870,65
768097,Mouse,3677,69
768128,Mouse,3276,74
768128,Mouse,5062,76
768136,Mouse,3534,79
768211,Mouse,3830,83
768336,Mouse,4979,91
768373,Elephant,99607,513
768462,Mouse,3930,99
768480,Mouse,5735,105
768612,Mouse,5251,128
768629,Elephant,529411,1307
768635,Mouse,4428,124
768684,Mouse,3198,96
768723,Mouse,3011,66
768782,Mouse,3299,71
768792,Mouse,4736,76
768851,Mouse,3508,84
769008,Mouse,4754,107
769150,Mouse,5766,116
769157,Elephant,162686,836
769401,Elephant,511642,1605
769411,Mouse,3112,107
769628,Mouse,3710,95
769662,Mouse,3175,110
769674,Mouse,3930,115
769678,Elephant,435745,1451
769692,Mouse,4991,115
769714,Elephant,107116,676
769737,Elephant,300668,1381
769767,Mouse,3550,86
769769,Mouse,4393,90
769821,Mouse,5500,66
769853,Mouse,5043,65
769883,Mouse,4937,69
769904,Mouse,4719,65
770133,Mouse,5811,68
770187,Elephant,176238,704
770223,Mouse,3020,67
770234,Mouse,5578,66
770245,Mouse,3230,64
770496,Mouse,5676,66
770526,Mouse,5368,70
770538,Mouse,3170,67
770584,Mouse,4516,70
770681,Mouse,5149,65
770717,Mouse,5812,70
770723,Mouse,3741,65
770728,Mouse,4364,65
770739,Mouse,4047,66
770811,Mouse,5671,66
770898,Mouse,4872,65
771024,Mouse,5571,69
771146,Mouse,3027,67
771175,Elephant,580911,1193
771211,Mouse,5608,66
771225,Mouse,5382,68
771288,Mouse,4034,64
771399,Mouse,4357,69
771447,Mouse,3525,70
771593,Mouse,4847,68
771620,Mouse,4146,68
771643,Mouse,3264,64
771685,Mouse,3364,69
771691,Mouse,5007,65
771742,Mouse,4012,66
771750,Mouse,4355,68
771760,Mouse,3728,69
771822,Mouse,4660,78
771829,Mouse,5507,82
771849,Mouse,4959,90
771879,Mouse,3039,86
771880,Mouse,3818,87
771940,Elephant,37939,281
771956,Mouse,5813,85
771987,Mouse,4152,80
772037,Mouse,3629,80
772056,Mouse,4219,86
772118,Elephant,364724,1002
772148,Elephant,288514,887
772163,Mouse,5103,68
772189,Mouse,5404,69
772256,Mouse,4001,64
772291,Mouse,3578,64
772369,Mouse,3598,64
772433,Mouse,3767,67
772517,Elephant,112097,514
772579,Mouse,3830,66
772598,Mouse,3522,66
772603,Mouse,3725,65
772634,Mouse,4786,70
772685,Mouse,4241,72
772825,Mouse,4439,69
772886,Mouse,4731,74
772901,Mouse,5383,79
772953,Mouse,3114,80
773025,Mouse,5500,85
773032,Mouse,3717,86
773155,Mouse,4106,96
773213,Mouse,4774,107
773392,Mouse,5306,93
773444,Elephant,406128,1134
773490,Elephant,297395,1026
773512,Mouse,5556,76
773525,Mouse,3334,70
773529,Mouse,3815,70
773534,Mouse,3271,64
773579,Mouse,3079,64
773610,Mouse,3134,66
773717,Mouse,3975,64
773737,Mouse,5179,70
773840,Mouse,4051,71
773845,Elephant,462025,1412
774036,Mouse,4067,66
774096,Mouse,5254,65
774099,Mouse,3123,64
774112,Mouse,4368,69
774169,Mouse,4550,71
774208,Mouse,4639,70
774232,Mouse,3184,66
774339,Mouse,4745,71
774422,Elephant,130171,550
774483,Mouse,3480,67
774545,Mouse,3255,76
774674,Elephant,297830,913
774686,Mouse,5189,107
774781,Mouse,5552,73
774807,Elephant,295663,931
774845,Mouse,3279,72
774928,Mouse,3220,69
774938,Mouse,4199,74
774976,Mouse,4493,72
775098,Mouse,5153,78
775166,Mouse,4775,93
775284,Elephant,263185,905
775370,Mouse,4783,84
775471,Mouse,4796,88
775507,Mouse,3970,90
775565,Mouse,4361,103
775583,Mouse,3907,110
775629,Elephant,306609,1131
775655,Mouse,5314,98
775660,Mouse,4209,97
775664,Mouse,4909,100
775690,Mouse,3598,92
775737,Mouse,5429,80
775781,Mouse,3933,74
775931,Mouse,3264,91
775943,Mouse,3273,95
775953,Mouse,3664,95
776052,Mouse,5116,115
776067,Mouse,4716,117
776073,Mouse,3815,118
776091,Mouse,4336,116
776130,Mouse,3057,125
776164,Elephant,575059,1675
776165,Mouse,5687,130
776208,Mouse,3693,97
776211,Mouse,5488,101
776226,Mouse,3829,95
776371,Mouse,5187,84
776545,Elephant,382300,1496
776550,Mouse,3177,97
776568,Mouse,4725,93
776641,Mouse,5799,82
776759,Elephant,253703,1137
776801,Mouse,4879,76
776862,Mouse,4882,65
776937,Elephant,442487,1655
776988,Mouse,3603,64
776997,Mouse,4652,66
777210,Mouse,4522,70
777256,Mouse,5176,65
777333,Mouse,4571,76
777336,Mouse,4363,76
777379,Elephant,514496,1272
777429,Mouse,4126,64
777435,Mouse,4323,65
777501,Mouse,3521,66
777625,Mouse,4367,65
777744,Mouse,4530,69
777752,Mouse,3122,70
777889,Mouse,5693,70
777953,Mouse,4157,74
777978,Mouse,4856,77
777989,Mouse,4240,76
778142,Mouse,4031,87
778143,Mouse,4164,88
778160,Elephant,462864,1127
778165,Mouse,5652,83
778177,Mouse,4795,82
778205,Mouse,5589,83
778257,Mouse,3722,68
778268,Elephant,336910,941
778344,Mouse,4613,65
778358,Mouse,4523,65
778468,Mouse,5429,65
778496,Mouse,3605,66
778499,Mouse,3547,68
778571,Mouse,4044,64
778635,Mouse,3406,69
778638,Mouse,4096,70
778647,Mouse,3711,73
778759,Mouse,4693,68
778991,Mouse,3544,65
779043,Mouse,4700,67
779063,Elephant,269440,844
779101,Mouse,4199,65
779105,Mouse,4800,65
779266,Mouse,4517,65
779309,Mouse,3106,64
779380,Mouse,3814,64
779434,Mouse,4070,64
779471,Mouse,3417,64
779507,Mouse,5672,73
779514,Mouse,4412,69
779518,Mouse,4371,70
779522,Mouse,4820,66
779606,Mouse,3354,64
779645,Mouse,4574,66
779776,Mouse,4172,73
779842,Mouse,5118,70
779925,Mouse,3803,71
779939,Mouse,5231,72
780056,Mouse,5614,72
780074,Mouse,4058,77
780245,Elephant,436457,1163
780373,Mouse,5258,72
780400,Mouse,4993,73
780403,Mouse,4824,74
780423,Elephant,569008,1214
780547,Mouse,4407,65
780595,Mouse,5255,65
780640,Mouse,3979,64
780688,Mouse,4983,65
780692,Mouse,3947,64
780764,Mouse,3867,64
780817,Mouse,4624,65
781077,Mouse,4440,65
781164,Mouse,4512,73
781214,Mouse,3470,74
781231,Mouse,4448,78
781302,Mouse,5155,89
781327,Mouse,4707,95
781342,Elephant,162694,626
781393,Mouse,3786,84
781429,Mouse,5519,91
781505,Mouse,4487,90
781505,Mouse,3611,87
781513,Mouse,3113,91
781771,Elephant,536297,1303
781774,Mouse,3603,105
781783,Mouse,3593,102
781815,Mouse,5420,92
781918,Mouse,4681,78
781937,Mouse,4298,78
781980,Mouse,5810,98
782101,Elephant,30876,260
782104,Mouse,3503,96
782115,Elephant,440062,1261
782134,Mouse,3904,85
782160,Mouse,3335,82
782167,Mouse,4136,80
782185,Mouse,3729,76
782317,Mouse,3254,67
782334,Elephant,172496,1032
782388,Mouse,5334,69
782407,Mouse,5691,74
782485,Mouse,4569,69
782549,Mouse,3298,68
782564,Elephant,363985,1083
782567,Mouse,5188,67
782571,Mouse,3355,65
782621,Mouse,4253,64
782740,Mouse,5707,68
782753,Mouse,5580,66
782777,Mouse,3577,70
782831,Mouse,4378,65
782896,Mouse,3111,66
782904,Mouse,5121,71
782965,Mouse,4454,77
782985,Elephant,227210,723
783039,Mouse,3301,66
783055,Mouse,5298,66
783114,Mouse,5299,68
783116,Mouse,5819,69
783184,Mouse,4863,70
783202,Mouse,4597,65
783256,Mouse,5522,69
783286,Mouse,3133,74
783313,Mouse,3773,67
783336,Mouse,5465,73
783378,Mouse,3508,66
783426,Mouse,3870,66
783451,Mouse,5606,74
783504,Elephant,59968,343
783582,Mouse,4035,72
783643,Elephant,450724,1068
783697,Mouse,4859,65
783950,Mouse,3692,64
783963,Mouse,4373,65
784076,Mouse,3008,64
784179,Mouse,3276,67
784207,Mouse,3534,64
784245,Elephant,379058,961
784391,Mouse,4155,64
784437,Mouse,4711,65
784706,Mouse,4428,66
784724,Mouse,3071,65
784753,Mouse,3585,68
784762,Mouse,4950,73
784946,Mouse,4746,69
784977,Elephant,277726,808
785037,Mouse,3421,64
785077,Mouse,3921,64
785160,Mouse,4852,65
785290,Mouse,3073,64
785320,Mouse,3150,64
785454,Mouse,5164,69
785462,Mouse,4906,65
785544,Mouse,4846,65
785755,Mouse,3480,69
785795,Elephant,511471,1133
785825,Mouse,3936,64
785866,Mouse,4171,68
786039,Mouse,3515,66
786086,Mouse,3704,69
786097,Mouse,3417,64
786243,Mouse,3039,67
786273,Mouse,5626,66
786293,Mouse,5760,72
786301,Mouse,4289,73
786462,Mouse,5227,70
786485,Mouse,4772,72
786512,Mouse,3972,72
786541,Mouse,5622,80
786640,Elephant,460283,1063
786656,Mouse,4841,72
786659,Mouse,3931,73
786686,Mouse,5795,66
786815,Mouse,4627,66
786924,Mouse,4873,69
786951,Mouse,3863,66
786967,Mouse,5717,73
787021,Mouse,3970,67
787026,Mouse,3990,70
787038,Mouse,4916,73
787087,Mouse,3076,69
787104,Mouse,5512,70
787110,Mouse,3981,72
787295,Mouse,4707,80
787299,Mouse,5511,82
787332,Elephant,336341,927
787380,Mouse,4288,85
787443,Mouse,4590,70
787462,Mouse,5244,73
787473,Mouse,3291,67
787496,Mouse,5151,81
787578,Mouse,5676,90
787745,Mouse,4897,91
787763,Mouse,3788,94
787909,Mouse,3251,103
788027,Elephant,532444,1327
788030,Mouse,3564,115
788042,Mouse,5334,114
788106,Elephant,253173,1033
788122,Mouse,4461,65
788131,Mouse,3019,64
788219,Mouse,3439,66
788271,Mouse,3596,66
788335,Mouse,4371,68
788517,Elephant,100582,476
788558,Mouse,4969,76
788569,Mouse,4240,76
788735,Mouse,5638,95
788757,Mouse,5839,100
788845,Mouse,4432,106
788906,Mouse,4871,102
788924,Elephant,488791,1502
788931,Mouse,5658,100
788935,Mouse,3909,99
788949,Mouse,4753,92
789011,Mouse,4447,82
789035,Mouse,5100,84
789136,Mouse,4710,86
789138,Elephant,522262,1729
789152,Mouse,4913,78
789174,Mouse,3949,77
789181,Mouse,3616,78
789214,Mouse,3842,77
789227,Mouse,5075,68
789241,Mouse,4067,68
789424,Mouse,3579,80
789577,Elephant,100394,651
789602,Mouse,4992,103
789630,Mouse,4317,107
789726,Mouse,5257,133
789732,Mouse,3947,129
789878,Mouse,3442,138
789885,Mouse,3847,136
789923,Mouse,4812,142
789932,Mouse,5557,147
790017,Mouse,4956,155
790033,Mouse,3546,153
790060,Mouse,4478,160
790061,Mouse,3417,159
790071,Mouse,3539,159
790111,Mouse,3429,160
790124,Mouse,3956,154
790134,Mouse,3351,153
790216,Mouse,4515,154
790268,Mouse,4701,151
790283,Mouse,4777,154
790360,Mouse,3212,148
790390,Mouse,4303,153
790393,Mouse,5625,159
790420,Mouse,4644,156
790473,Mouse,5229,149
790524,Mouse,3125,145
790534,Mouse,3307,146
790545,Mouse,5375,148
790625,Elephant,137621,1046
790641,Mouse,3630,125
790666,Mouse,3920,129
790709,Mouse,3938,113
790725,Mouse,4411,119
790779,Elephant,535581,2286
790869,Mouse,5737,104
790992,Mouse,3030,114
791105,Mouse,3593,121
791107,Mouse,3070,123
791141,Mouse,4845,135
791145,Mouse,3266,133
791151,Elephant,589900,2347
791187,Mouse,4184,129
791207,Mouse,4179,127
791259,Mouse,3842,121
791411,Mouse,5832,117
791447,Mouse,3234,128
791476,Mouse,5143,134
791495,Elephant,523668,2859
791702,Mouse,5425,96
791720,Elephant,126975,1102
791752,Mouse,5777,108
791765,Mouse,3418,109
791769,Mouse,5273,115
791852,Mouse,3804,122
791867,Mouse,4107,119
791901,Mouse,3347,116
791950,Mouse,4666,120
791974,Mouse,3501,123
792019,Mouse,4624,130
792063,Elephant,364684,2704
792067,Elephant,90540,935
792072,Mouse,4145,117
792084,Mouse,5292,121
792135,Mouse,4535,104
792146,Mouse,3224,108
792149,Mouse,4491,111
792150,Mouse,5671,112
792255,Elephant,380390,2727
792274,Mouse,4915,96
792316,Mouse,4214,90
792523,Elephant,509759,3019
792634,Mouse,3565,66
792743,Mouse,4751,74
792767,Mouse,5821,80
792831,Elephant,242241,1178
792861,Mouse,4237,65
792964,Elephant,417367,1659
793031,Mouse,5015,65
793333,Mouse,3436,66
793381,Mouse,4051,64
793403,Mouse,3052,64
793423,Mouse,4204,65
793446,Mouse,4840,65
793453,Mouse,4416,66
793478,Mouse,4503,65
793700,Mouse,3809,64
793716,Mouse,5105,69
793768,Mouse,3479,67
793858,Mouse,3234,64
793915,Mouse,3937,65
793963,Mouse,3302,66
794025,Mouse,4921,69
794035,Mouse,5470,76
794280,Mouse,3175,84
794326,Mouse,3311,94
794435,Mouse,3559,92
794440,Elephant,268926,877
794899,Mouse,3845,88
794978,Mouse,3963,105
795067,Elephant,485346,1351
795078,Mouse,4363,109
795099,Mouse,5748,118
795100,Mouse,5816,121
795120,Mouse,3132,110
795171,Mouse,4022,88
795172,Mouse,4080,87
795193,Mouse,3376,85
795204,Mouse,4089,91
795219,Mouse,4063,84
795224,Mouse,3410,85
795264,Mouse,4752,96
795271,Elephant,545254,1452
795272,Mouse,5472,100
795339,Mouse,4945,66
795353,Mouse,4354,69
795358,Mouse,4226,66
795400,Mouse,3920,66
795470,Mouse,5306,69
795545,Mouse,4269,70
795568,Mouse,3932,74
795583,Mouse,4545,77
795587,Mouse,4701,79
795901,Elephant,389139,1350
796022,Mouse,5628,91
796128,Mouse,3195,108
796138,Mouse,4975,113
796329,Mouse,4348,131
796345,Elephant,277121,1070
796365,Mouse,5334,133
796506,Elephant,364813,1434
796529,Mouse,5453,109
796626,Mouse,5660,78
796707,Mouse,3584,79
796709,Elephant,65080,525
796766,Mouse,4632,78
796836,Mouse,5634,93
796878,Mouse,4464,107
796878,Mouse,4615,107
797050,Mouse,3218,105
797079,Mouse,5164,106
797191,Mouse,4275,125
797252,Mouse,5146,123
797264,Elephant,46588,606
797320,Mouse,5124,132
797418,Mouse,3909,138
797446,Mouse,5390,148
797489,Mouse,5800,155
797529,Mouse,3705,152
797536,Elephant,433516,1933
797587,Mouse,4403,161
797637,Mouse,3959,128
797683,Mouse,3920,133
797751,Mouse,5023,111
797785,Mouse,3175,121
797870,Elephant,431592,2117
797980,Mouse,3701,103
797994,Elephant,66692,789
798086,Mouse,3856,105
798124,Mouse,4804,113
798223,Mouse,5348,127
798237,Mouse,4710,125
798255,Mouse,5453,127
798281,Mouse,4404,130
798293,Mouse,4213,132
798337,Elephant,468307,2344
798363,Elephant,456527,2275
798369,Mouse,3791,106
798378,Mouse,4897,102
798388,Mouse,3342,89
798389,Mouse,4117,102
798404,Mouse,4793,83
798440,Mouse,4002,72
798463,Elephant,185602,1161
798490,Mouse,3112,70
798598,Mouse,4052,65
798677,Mouse,5617,72
798681,Mouse,3277,74
798739,Mouse,4286,79
798749,Mouse,5199,81
798939,Mouse,3961,85
798959,Elephant,149081,618
798971,Mouse,5671,72
798999,Mouse,5417,81
799009,Mouse,3632,84
799065,Mouse,5566,70
799113,Mouse,5708,67
799172,Mouse,5007,66
799228,Elephant,548999,1671
799232,Mouse,4815,68
799251,Mouse,4452,65
799354,Mouse,4763,65
799415,Mouse,3551,67
799416,Mouse,5096,68
799469,Elephant,52699,320
799508,Mouse,3739,64
799540,Mouse,4794,65
799556,Mouse,5461,67
799643,Mouse,3325,64
799671,Mouse,5777,69
799686,Mouse,3348,64
799720,Mouse,4618,65
799760,Mouse,5672,70
799855,Mouse,3141,64
799894,Mouse,4746,69
799901,Mouse,5502,66
799912,Mouse,4909,65
799942,Mouse,5475,68
799986,Mouse,4359,70
800111,Mouse,3833,67
800144,Mouse,3491,69
800158,Mouse,4782,74
800343,Mouse,3108,77
800394,Mouse,4305,84
800413,Elephant,493315,1121
800434,Mouse,5401,79
800543,Mouse,3772,65
800548,Mouse,4803,65
800555,Mouse,3871,67
800573,Mouse,4569,70
800593,Mouse,5756,75
800606,Mouse,5490,73
800609,Elephant,98486,572
800641,Mouse,5794,80
800648,Mouse,3534,75
800649,Mouse,5508,80
800653,Mouse,4611,74
800689,Mouse,5711,79
800691,Mouse,3863,78
800702,Mouse,3318,67
800738,Mouse,3388,67
800803,Mouse,4494,69
800832,Mouse,4736,68
801044,Mouse,5627,79
801070,Mouse,5327,88
801125,Mouse,5201,98
801170,Mouse,4778,103
801191,Mouse,5684,110
801271,Mouse,3169,101
801307,Mouse,4379,102
801361,Mouse,5207,102
801459,Mouse,5374,86
801527,Mouse,3957,73
801535,Mouse,4987,79
801562,Mouse,4901,74
801658,Elephant,370231,1153
801671,Mouse,4120,72
801957,Mouse,4696,65
801997,Mouse,4609,67
802004,Elephant,507413,1397
802023,Mouse,5824,66
802078,Mouse,4784,65
802089,Mouse,4267,65
802119,Mouse,4249,66
802240,Mouse,3461,64
802260,Mouse,4511,66
802263,Mouse,5507,68
802271,Mouse,4314,68
802289,Mouse,3422,65
802364,Mouse,4674,69
802411,Mouse,3825,70
802428,Mouse,3466,64
802490,Mouse,3264,66
802498,Mouse,5771,71
802632,Mouse,3925,67
802675,Mouse,4592,70
802694,Mouse,4453,67
802695,Mouse,3755,67
802713,Mouse,3560,67
802731,Mouse,3146,64
802822,Mouse,5693,66
802828,Mouse,5572,67
802867,Mouse,5779,70
802901,Mouse,3846,71
802925,Elephant,309635,849
802953,Mouse,5263,71
802998,Mouse,4083,66
803008,Mouse,3221,64
803025,Mouse,4139,66
803065,Mouse,5314,70
803258,Mouse,3599,64
803315,Mouse,5498,66
803324,Mouse,3321,66
803325,Mouse,3614,70
803346,Mouse,3449,66
803437,Mouse,5309,71
803496,Mouse,4558,65
803551,Mouse,5219,69
803561,Elephant,286157,823
803564,Mouse,5234,72
803584,Mouse,4417,65
803701,Mouse,4691,69
803753,Mouse,3436,64
803794,Mouse,4472,69
803938,Mouse,4703,65
804018,Mouse,3254,66
804113,Mouse,3790,64
804185,Mouse,4423,69
804224,Mouse,4059,68
804258,Mouse,3525,68
804340,Mouse,3480,66
804475,Mouse,5017,69
804530,Elephant,496094,1117
804594,Mouse,5169,65
804620,Mouse,3126,64
804659,Mouse,5115,67
804702,Mouse,4699,69
804708,Mouse,5673,69
804743,Mouse,3897,67
804766,Mouse,4454,65
804776,Mouse,4202,69
804786,Mouse,3114,69
804792,Elephant,165460,664
804804,Mouse,4098,65
804836,Mouse,5003,71
804836,Mouse,3533,69
804872,Mouse,3480,64
805003,Mouse,3377,66
805005,Mouse,5784,68
805063,Mouse,4112,64
805229,Mouse,4924,65
805295,Mouse,4127,67
805305,Mouse,5063,73
805320,Mouse,5819,76
805345,Mouse,3423,71
805390,Mouse,3635,66
805408,Mouse,3125,65
805438,Mouse,5788,69
805443,Elephant,257838,775
805472,Mouse,3713,65
805485,Mouse,3671,67
805491,Mouse,5332,66
805495,Mouse,4883,65
805532,Mouse,3522,65
805636,Mouse,5291,65
805812,Mouse,3406,64
805843,Mouse,5640,66
806067,Mouse,4086,64
806101,Mouse,3800,68
806173,Mouse,4293,66
806218,Mouse,3814,66
806243,Mouse,4135,64
806370,Mouse,3521,64
806376,Mouse,5702,66
806458,Mouse,5429,65
806610,Mouse,3626,67
806613,Elephant,507446,1112
806707,Mouse,3008,64
806794,Mouse,3422,64
806884,Mouse,4646,65
807032,Mouse,3855,64
807184,Mouse,5584,66
807318,Mouse,5032,65
807366,Mouse,3062,64
807422,Mouse,4566,67
807426,Mouse,4303,70
807453,Mouse,5383,65
807477,Mouse,4169,72
807519,Mouse,5812,69
807614,Mouse,3119,66
807735,Mouse,3801,67
807753,Mouse,4558,66
807777,Mouse,5740,70
807906,Mouse,5072,74
808006,Mouse,3008,71
808007,Mouse,3533,72
808023,Elephant,201284,690
808034,Mouse,3182,67
808071,Mouse,3590,67
808093,Mouse,3257,64
808135,Mouse,5432,70
808286,Mouse,4036,67
808341,Mouse,4577,72
808403,Mouse,3304,74
808522,Mouse,3314,92
808525,Mouse,4498,93
808540,Mouse,5043,91
808569,Mouse,5119,95
808573,Mouse,3780,74
808597,Mouse,4832,81
808655,Mouse,3444,74
808659,Mouse,4593,79
808880,Elephant,410532,1057
808925,Mouse,5424,75
808944,Mouse,3177,78
809077,Mouse,5776,74
809163,Elephant,63896,351
809295,Mouse,3056,68
809408,Elephant,369941,1086
809472,Mouse,5329,69
809508,Elephant,329144,937
809521,Mouse,3623,69
809589,Mouse,4000,64
809603,Mouse,3710,64
809612,Mouse,3998,64
809710,Mouse,3029,66
809711,Mouse,4152,67
809715,Mouse,4297,65
809724,Mouse,4353,65
809728,Mouse,3923,65
809773,Mouse,5086,67
809933,Mouse,4615,69
809979,Mouse,3676,68
809992,Mouse,4738,65
810011,Mouse,4513,69
810073,Mouse,4064,68
810135,Mouse,3344,67
810163,Mouse,3329,73
810219,Mouse,5407,69
810317,Mouse,5440,72
810360,Mouse,3438,76
810383,Mouse,5603,79
810415,Mouse,5288,87
810450,Elephant,139156,589
810479,Mouse,5817,86
810517,Mouse,4344,70
810534,Mouse,5389,72
810544,Mouse,3342,67
810578,Mouse,5566,70
810649,Mouse,5825,68
810658,Elephant,85496,444
810753,Elephant,509610,1244
810813,Mouse,4132,64
810816,Mouse,3322,64
810838,Mouse,4463,65
810849,Mouse,4210,64
810882,Mouse,4388,66
810904,Mouse,3192,64
810964,Mouse,4937,65
810980,Mouse,5756,66
811011,Mouse,5575,66
811047,Mouse,5190,65
811061,Mouse,3021,64
811170,Mouse,4576,65
811176,Mouse,5061,65
811401,Mouse,4145,69
811404,Mouse,5055,70
811415,Mouse,3058,70
811421,Mouse,5813,74
811424,Elephant,133222,545
811440,Mouse,3403,67
811450,Elephant,55797,324
811470,Mouse,5313,74
811485,Mouse,4186,69
811584,Mouse,4703,65
811616,Mouse,4240,68
811793,Mouse,5180,69
811864,Mouse,4765,66
811959,Elephant,251921,759
812007,Mouse,3077,66
812177,Mouse,5211,68
812287,Mouse,4632,65
812291,Mouse,5003,66
812295,Mouse,3604,64
812382,Mouse,5665,66
812421,Mouse,4127,64
812452,Mouse,4861,65
812478,Mouse,3356,67
812528,Mouse,5049,72
812539,Elephant,167517,599
812545,Mouse,5642,66
812585,Mouse,5311,73
812702,Mouse,5352,69
812733,Mouse,5777,66
812753,Mouse,5073,73
812842,Mouse,4700,66
813025,Mouse,4797,68
813030,Mouse,5449,67
813041,Mouse,3467,67
813092,Mouse,4608,71
813209,Mouse,4427,73
813295,Mouse,3728,83
813298,Mouse,5530,87
813320,Mouse,5158,92
813343,Mouse,3099,94
813481,Mouse,4202,102
813537,Mouse,3917,110
813561,Mouse,5761,109
813567,Mouse,4554,114
813808,Mouse,3427,106
813822,Elephant,76356,553
813906,Mouse,3380,93
813916,Mouse,3262,87
814086,Mouse,4513,110
814145,Mouse,3478,113
814173,Mouse,4687,121
814181,Mouse,4424,125
814192,Elephant,39708,359
814194,Elephant,481494,1607
814232,Mouse,5117,117
814247,Mouse,4734,115
814273,Mouse,3718,115
814276,Mouse,3490,117
814282,Elephant,501530,1645
814285,Mouse,3257,100
814304,Mouse,5494,85
814328,Mouse,3584,76
814359,Mouse,5200,71
814364,Mouse,5528,68
814392,Mouse,4839,72
814400,Mouse,4789,73
814412,Mouse,5455,72
814417,Elephant,327001,1571
814420,Mouse,3705,65
814451,Mouse,4271,75
814465,Mouse,4596,65
814634,Mouse,3504,64
814790,Elephant,426562,1392
814826,Mouse,5167,65
814908,Mouse,3276,64
814993,Mouse,4912,65
815041,Mouse,4482,65
815052,Mouse,5030,65
815085,Mouse,3961,65
815130,Mouse,5749,67
815153,Mouse,5303,68
815156,Mouse,5688,69
815303,Mouse,4155,64
815312,Mouse,3381,64
815372,Mouse,3558,64
815420,Mouse,3044,64
815541,Mouse,3291,64
815602,Mouse,3429,64
815707,Mouse,3919,64
815807,Mouse,3143,64
815852,Mouse,3834,64
815938,Mouse,3263,64
816022,Mouse,3202,64
816040,Mouse,3298,64
816172,Mouse,4097,64
816251,Mouse,3645,64
816320,Mouse,4294,65
816374,Mouse,4656,65
816383,Mouse,5398,65
816413,Mouse,5236,65
816444,Mouse,5279,65
816454,Mouse,4917,65
816555,Mouse,4382,65
816574,Mouse,3208,64
816601,Mouse,5133,66
816668,Mouse,4849,65
816729,Mouse,5073,65
816739,Mouse,4678,65
816794,Mouse,3492,64
816815,Mouse,4507,65
816839,Mouse,3846,64
816889,Mouse,3519,64
816944,Mouse,5285,65
817035,Mouse,4683,65
817060,Mouse,5108,65
817084,Mouse,4551,65
817180,Mouse,3535,64
817280,Mouse,4513,65
817296,Mouse,4401,65
817333,Mouse,4283,65
817339,Mouse,4455,66
817436,Mouse,5100,65
817501,Mouse,5204,65
817584,Mouse,4313,65
817604,Mouse,3790,67
817605,Mouse,5113,68
817659,Mouse,5522,66
817686,Mouse,5834,67
817687,Mouse,3250,66
817749,Mouse,3250,64
817774,Mouse,5412,66
817816,Mouse,3514,64
817886,Mouse,4085,64
817970,Mouse,3172,64
818008,Mouse,3738,64
818015,Mouse,5719,66
818047,Mouse,4349,69
818115,Mouse,4948,65
818346,Mouse,3425,67
818352,Mouse,3784,70
818366,Mouse,4298,70
818477,Mouse,4175,68
818503,Mouse,3445,70
818663,Mouse,3549,85
818691,Mouse,5091,93
818772,Mouse,3942,107
818851,Mouse,5299,114
818880,Mouse,4782,110
818923,Mouse,5672,111
818960,Mouse,4671,106
818996,Mouse,4375,115
819011,Elephant,346441,1079
819055,Mouse,4112,119
819086,Mouse,3675,100
819119,Mouse,4389,102
819184,Mouse,4317,92
819274,Mouse,5269,102
819325,Mouse,5379,117
819338,Mouse,4646,120
819447,Mouse,5074,136
819462,Mouse,3189,138
819527,Mouse,3039,126
819543,Mouse,5647,133
819571,Elephant,379350,1329
819610,Mouse,3464,121
819632,Mouse,5672,126
819653,Elephant,265396,1354
819730,Mouse,5180,89
819807,Mouse,3685,71
819810,Mouse,3375,73
819873,Mouse,3426,77
819916,Mouse,5410,83
819952,Mouse,4302,90
819984,Elephant,202436,1295
820034,Mouse,4978,87
820048,Mouse,5410,91
820090,Mouse,3111,101
820093,Mouse,3639,102
820193,Mouse,3879,87
820195,Elephant,173151,1006
820297,Mouse,3631,69
820321,Elephant,524598,2106
820361,Mouse,3269,71
820364,Mouse,4095,72
820415,Elephant,376332,1557
820496,Mouse,3687,64
820525,Mouse,3427,64
820529,Mouse,3575,64
820574,Mouse,4012,64
820586,Mouse,3752,64
820609,Mouse,5215,65
820649,Mouse,4897,65
820681,Mouse,5742,68
820682,Mouse,4124,68
820688,Mouse,3963,64
820694,Mouse,5534,66
820714,Mouse,4178,64
820918,Mouse,4578,65
821086,Mouse,4053,67
821169,Mouse,5404,68
821174,Mouse,3358,71
821220,Mouse,3505,74
821285,Mouse,4879,65
821392,Mouse,3296,67
821453,Mouse,3905,71
821484,Mouse,4158,68
821497,Mouse,5306,76
821556,Elephant,266217,783
821566,Mouse,3363,69
821627,Mouse,4861,68
821648,Elephant,222149,717
821796,Mouse,3407,64
821824,Mouse,4335,65
821944,Mouse,5142,65
821954,Mouse,5009,65
822075,Mouse,3171,64
822078,Mouse,4306,65
822086,Mouse,4000,64
822092,Mouse,5395,65
822154,Mouse,3156,64
822176,Mouse,4864,65
822210,Mouse,3385,64
822231,Mouse,3575,64
822289,Mouse,3676,64
822306,Mouse,3338,64
822368,Mouse,4386,65
822398,Mouse,3007,64
822451,Mouse,3726,64
822476,Mouse,5742,66
822634,Mouse,5738,66
822670,Mouse,3067,64
822691,Mouse,5403,65
822817,Mouse,5631,70
822877,Mouse,5425,70
822885,Mouse,5224,70
822950,Mouse,4842,66
822998,Mouse,4895,68
822999,Mouse,3936,67
823119,Mouse,4845,69
823183,Mouse,4125,68
823192,Mouse,3136,71
823204,Mouse,3006,67
823224,Mouse,4813,71
823248,Mouse,3003,68
823310,Mouse,3158,64
823327,Mouse,3739,67
823435,Mouse,3891,72
823505,Mouse,3546,77
823533,Elephant,305856,872
823537,Mouse,5181,80
823573,Mouse,4124,79
823635,Elephant,367443,955
823639,Mouse,4959,69
823677,Mouse,3190,65
823681,Mouse,4650,66
823772,Mouse,5746,68
823782,Mouse,4864,69
823796,Mouse,5812,66
823815,Elephant,67554,381
823922,Mouse,5378,65
824058,Mouse,4506,65
824077,Mouse,5537,66
824135,Mouse,3797,66
824136,Mouse,4445,68
824307,Mouse,4936,65
824397,Mouse,3302,64
824443,Mouse,3958,64
824532,Mouse,3945,64
824576,Mouse,3195,64
824609,Mouse,4467,70
824641,Mouse,5394,68
824759,Mouse,4241,67
824810,Mouse,4525,65
824819,Mouse,4228,67
824851,Mouse,5370,70
824869,Elephant,338888,894
824970,Mouse,3098,66
824982,Mouse,3025,64
825047,Elephant,114408,505
825071,Mouse,3190,64
825093,Mouse,5119,66
825174,Mouse,4744,66
825176,Mouse,3430,66
825196,Mouse,3228,64
825223,Mouse,5075,67
825269,Mouse,4638,65
825275,Mouse,5770,66
825295,Mouse,5233,68
825312,Mouse,4558,66
825316,Mouse,4997,67
825367,Mouse,5076,65
825374,Elephant,112415,491
825452,Mouse,4800,65
825462,Mouse,4026,64
825569,Mouse,5762,66
825579,Mouse,4056,64
825619,Mouse,4585,65
825635,Mouse,4011,64
825650,Mouse,3092,64
825679,Mouse,3396,64
825682,Mouse,3519,65
825717,Mouse,5828,68
825883,Elephant,33449,233
825892,Mouse,5057,65
825897,Mouse,4205,64
825912,Mouse,3721,64
826096,Mouse,3479,64
826106,Mouse,4706,65
826168,Mouse,4240,64
826234,Mouse,3038,64
826342,Mouse,4297,65
826374,Mouse,5474,66
826476,Mouse,4477,65
826557,Mouse,5696,66
826602,Mouse,3269,64
826691,Mouse,3234,64
826704,Mouse,5011,65
826712,Mouse,5609,68
826745,Mouse,3703,65
826780,Mouse,4921,65
826922,Mouse,5334,65
826938,Mouse,3859,68
827003,Mouse,4888,65
827081,Mouse,3675,64
827084,Mouse,3303,65
827107,Mouse,4291,68
827134,Mouse,3350,64
827347,Mouse,4825,65
827512,Elephant,480276,1079
827516,Mouse,4936,71
827561,Mouse,4130,65
827961,Mouse,4086,66
828029,Mouse,4473,73
828041,Mouse,5750,78
828059,Elephant,162070,590
828093,Mouse,3728,69
828127,Mouse,4778,68
828188,Mouse,5775,66
828424,Mouse,3252,66
828529,Mouse,4369,69
828600,Elephant,540957,1164
828627,Mouse,4181,68
828747,Mouse,5267,65
828842,Mouse,4387,69
828862,Mouse,4465,71
828933,Mouse,4587,70
828962,Mouse,5475,66
828975,Mouse,4382,72
828998,Mouse,5676,77
829064,Mouse,5747,70
829145,Elephant,389016,980
829152,Mouse,4046,66
829163,Mouse,5759,68
829198,Mouse,4242,68
829294,Mouse,3169,64
829323,Mouse,4055,64
829387,Mouse,4861,65
829497,Mouse,4228,67
829504,Mouse,3298,69
829646,Mouse,5388,66
829684,Mouse,3785,74
829722,Elephant,315275,865
829978,Mouse,3885,68
830013,Mouse,5332,65
830019,Elephant,97936,459
830105,Mouse,4414,65
830359,Mouse,3360,64
830375,Mouse,4782,66
830409,Mouse,5446,71
830486,Mouse,5333,65
830539,Mouse,5539,66
830581,Mouse,5564,70
830585,Mouse,3321,71
830596,Mouse,3097,66
830645,Mouse,3464,68
830656,Mouse,3761,71
830671,Mouse,4064,75
830680,Mouse,3031,76
830685,Mouse,3399,75
830824,Mouse,4587,76
831029,Mouse,4781,93
831077,Mouse,4292,101
831090,Mouse,5687,108
831127,Mouse,4785,113
831148,Mouse,3999,121
831208,Elephant,588658,1327
831309,Mouse,4041,67
831332,Mouse,5288,65
831345,Mouse,3022,66
831548,Elephant,424779,1251
831550,Mouse,4331,70
831604,Mouse,5053,68
831651,Mouse,4524,71
831651,Mouse,3249,71
831662,Mouse,3656,73
831669,Mouse,4342,78
831735,Mouse,3188,64
831801,Mouse,3123,66
831810,Mouse,4095,69
831818,Elephant,396493,1092
831823,Mouse,5752,66
832002,Mouse,3149,64
832066,Mouse,4633,65
832155,Mouse,4088,67
832159,Mouse,3262,66
832228,Mouse,3906,64
832235,Mouse,4621,66
832244,Mouse,4523,71
832332,Mouse,4091,67
832334,Mouse,5251,69
832437,Mouse,5096,65
832441,Mouse,4197,65
832457,Mouse,5671,70
832521,Mouse,4970,65
832527,Mouse,4793,65
832564,Mouse,3638,65
832586,Mouse,5661,72
832591,Mouse,5811,73
832637,Mouse,3956,72
832719,Mouse,3711,67
832720,Mouse,3071,66
832730,Elephant,181688,644
832823,Mouse,4319,68
832834,Mouse,4152,69
832837,Mouse,3319,69
832884,Mouse,4762,74
832967,Mouse,4571,73
833013,Mouse,3442,80
833044,Mouse,4469,73
833084,Mouse,5793,81
833108,Mouse,3579,78
833117,Mouse,5085,80
833203,Mouse,4220,86
833297,Mouse,4777,99
833358,Mouse,4497,105
833364,Mouse,5099,110
833395,Mouse,4628,120
833396,Mouse,4873,122
833405,Elephant,85338,515
833411,Mouse,5361,124
833414,Elephant,278106,920
833417,Mouse,4041,113
833426,Mouse,3745,109
833452,Mouse,4309,104
833455,Mouse,4382,103
833560,Mouse,3934,67
833704,Mouse,3489,68
833752,Mouse,3584,72
833762,Mouse,3681,74
833909,Elephant,479701,1221
833978,Mouse,4226,72
833984,Mouse,5263,66
833989,Mouse,3311,64
833997,Mouse,4181,68
834013,Mouse,3328,69
834117,Mouse,4078,66
834134,Mouse,4989,70
834157,Mouse,3525,69
834188,Mouse,5202,73
834205,Mouse,4660,77
834344,Elephant,514710,1417
834365,Mouse,4484,71
834385,Mouse,4269,70
834388,Mouse,3435,70
834450,Mouse,5331,68
834460,Mouse,3362,68
834466,Mouse,5790,67
834555,Mouse,5493,66
834574,Mouse,4697,72
834577,Mouse,5070,74
834587,Mouse,4231,74
834601,Mouse,4794,68
834622,Elephant,335253,944
834689,Mouse,4849,65
834735,Mouse,4986,65
834747,Mouse,4602,65
834779,Mouse,4801,65
834802,Mouse,4660,65
834846,Mouse,4444,65
835033,Mouse,5736,66
835234,Mouse,5774,66
835253,Mouse,4839,65
835298,Mouse,3334,64
835336,Mouse,5535,66
835374,Mouse,4674,65
835566,Mouse,3176,64
835776,Mouse,3743,66
835877,Mouse,3768,70
835885,Mouse,5603,76
835932,Mouse,4881,65
836039,Mouse,3264,66
836081,Mouse,3821,66
836094,Mouse,5504,73
836120,Mouse,5510,76
836149,Mouse,4144,74
836157,Mouse,3189,78
836191,Mouse,5213,70
836208,Mouse,4034,72
836285,Mouse,4335,70
836414,Elephant,477888,1098
836441,Mouse,5614,68
836479,Mouse,3291,67
836505,Mouse,5059,69
836516,Mouse,4175,69
836553,Mouse,5152,69
836570,Mouse,3437,68
836611,Mouse,5207,74
836683,Mouse,5487,66
836713,Mouse,5291,70
836735,Mouse,3156,64
836799,Mouse,4567,72
836800,Mouse,4019,71
836860,Elephant,457756,1232
836986,Mouse,3285,64
837060,Mouse,5184,65
837130,Mouse,4085,68
837156,Mouse,5506,66
837336,Mouse,5316,65
837356,Mouse,4868,65
837375,Mouse,5625,66
837396,Elephant,140484,635
837427,Mouse,3289,65
837492,Mouse,3524,64
837784,Mouse,5268,65
837795,Mouse,4302,65
837863,Mouse,3521,64
837898,Mouse,3445,65
837900,Mouse,3566,66
837907,Mouse,5429,66
837955,Mouse,3581,64
837992,Mouse,5612,66
838019,Mouse,4509,67
838037,Mouse,4567,66
838052,Mouse,5692,70
838095,Mouse,4691,69
838097,Elephant,40647,244
838103,Mouse,3868,72
838162,Mouse,4256,64
838190,Mouse,4652,67
838253,Mouse,5119,71
838391,Mouse,4351,65
838712,Mouse,5315,69
838845,Mouse,5787,82
838895,Mouse,3888,83
838898,Mouse,5489,86
838907,Elephant,420299,1130
838918,Mouse,4356,75
838972,Mouse,4602,68
839086,Mouse,4517,69
839143,Mouse,5208,73
839150,Mouse,5283,72
839179,Mouse,4778,68
839229,Mouse,3527,69
839431,Mouse,5754,105
839464,Mouse,5798,110
839584,Mouse,3700,107
839592,Mouse,5051,113
839610,Mouse,4900,111
839663,Mouse,5480,123
839670,Mouse,4164,126
839678,Mouse,5457,129
839705,Mouse,3515,130
839771,Mouse,3703,126
839780,Mouse,5708,133
839782,Mouse,4331,133
839811,Mouse,3357,131
839847,Mouse,4109,129
839875,Mouse,4901,130
839994,Mouse,4394,134
839994,Mouse,3217,134
840035,Elephant,128529,837
840038,Mouse,4423,120
840048,Mouse,3892,123
840082,Elephant,517486,1670
840088,Mouse,4843,95
840097,Mouse,3131,95
840149,Mouse,4037,70
840168,Elephant,186617,1046
840203,Mouse,4251,66
840290,Mouse,3481,67
840339,Mouse,5725,69
840342,Mouse,4302,68
840399,Elephant,516654,1697
840409,Mouse,4121,67
840431,Mouse,5686,70
840642,Mouse,5110,70
840649,Mouse,5175,72
840676,Elephant,92425,440
840680,Elephant,261829,1511
840683,Mouse,4535,76
840742,Mouse,4109,67
840812,Mouse,5149,65
840834,Mouse,3264,67
840884,Mouse,4857,69
840898,Mouse,4370,65
840922,Mouse,4603,67
840974,Mouse,4658,67
841053,Mouse,4224,65
841074,Mouse,4626,69
841097,Mouse,5787,72
841161,Mouse,4680,75
841262,Mouse,3224,73
841424,Mouse,3282,90
841431,Mouse,4381,95
841490,Mouse,3995,99
841527,Elephant,65740,444
841555,Mouse,3172,94
841623,Elephant,370561,1042
841709,Mouse,5368,65
841806,Mouse,5403,80
841814,Elephant,572670,1311
841980,Mouse,4960,70
842027,Mouse,3017,64
842088,Mouse,4006,64
842128,Mouse,4972,70
842178,Mouse,4004,72
842198,Mouse,3800,68
842229,Mouse,4541,66
842340,Mouse,5358,72
842358,Mouse,4980,72
842415,Mouse,3605,72
842466,Mouse,3346,71
842515,Mouse,3456,72
842552,Mouse,5822,80
842637,Mouse,5030,92
842645,Mouse,3994,93
842701,Elephant,392940,1041
842750,Mouse,4816,65
842833,Mouse,4857,70
842935,Elephant,567514,1414
843053,Mouse,5467,70
843074,Mouse,5109,66
843109,Mouse,4585,65
843146,Mouse,3838,66
843150,Mouse,5606,68
843157,Mouse,3414,64
843168,Mouse,5599,71
843493,Mouse,4079,73
843565,Mouse,3412,75
843584,Mouse,5243,79
843614,Mouse,3056,80
843677,Mouse,4466,94
843699,Mouse,4804,94
843757,Mouse,4494,86
843759,Elephant,545588,1265
843771,Mouse,3217,69
843773,Mouse,3369,70
843787,Mouse,4653,71
843833,Mouse,3527,67
843894,Mouse,4045,64
843968,Mouse,5060,67
843997,Mouse,5068,70
844018,Mouse,3740,64
844068,Mouse,5209,65
844153,Mouse,3176,64
844195,Mouse,5298,65
844216,Elephant,459538,1249
844270,Mouse,4149,67
844460,Mouse,3679,64
844677,Mouse,3174,64
844774,Mouse,5442,69
844775,Mouse,5297,69
844778,Mouse,4216,67
844799,Mouse,5372,72
844805,Mouse,5511,75
844886,Mouse,5512,67
844901,Mouse,5656,66
844919,Mouse,5306,69
844920,Elephant,332499,897
844947,Mouse,5042,65
844982,Mouse,5834,70
844983,Mouse,4997,69
845203,Mouse,3094,64
845238,Mouse,5605,66
845555,Mouse,4490,67
845574,Mouse,5490,66
845615,Mouse,4976,65
845731,Mouse,4243,66
845737,Mouse,5534,66
845840,Mouse,4024,67
845847,Mouse,3299,64
845969,Mouse,3152,65
845979,Mouse,3353,64
846088,Mouse,5542,70
846174,Mouse,3148,67
846198,Elephant,217180,709
846311,Mouse,5558,68
846319,Elephant,39151,248
846343,Mouse,5347,67
846345,Mouse,3239,66
846425,Mouse,5467,70
846430,Mouse,5271,71
846443,Mouse,3476,64
846515,Mouse,3281,67
846574,Mouse,3844,68
846653,Mouse,4152,68
846684,Mouse,4997,78
846727,Mouse,3551,80
846788,Mouse,5627,97
846839,Mouse,3714,99
846860,Mouse,3867,104
846861,Elephant,460338,1131
846951,Mouse,5172,74
847054,Mouse,4744,88
847064,Mouse,3561,84
847118,Mouse,3862,92
847149,Mouse,3203,102
847150,Mouse,4145,103
847180,Mouse,3138,107
847221,Mouse,4177,106
847332,Mouse,3860,98
847387,Mouse,4198,97
847391,Elephant,285123,975
847411,Mouse,5106,97
847757,Mouse,3838,87
847794,Mouse,4731,97
847808,Mouse,4594,100
847838,Mouse,5335,106
847848,Mouse,3142,96
847854,Mouse,4126,102
847930,Mouse,5343,79
847941,Mouse,3016,72
847952,Mouse,4061,70
848172,Mouse,3514,84
848179,Elephant,543344,1673
848214,Mouse,3165,78
848223,Mouse,4281,79
848238,Mouse,5628,74
848282,Mouse,5433,72
848320,Elephant,513524,1574
848342,Mouse,4032,71
848348,Mouse,5515,76
848361,Mouse,4666,66
848619,Mouse,4779,71
848626,Mouse,5344,66
848650,Mouse,5386,74
848681,Elephant,67189,366
848841,Mouse,5392,69
848869,Mouse,5623,67
848930,Mouse,4906,69
848936,Elephant,351666,952
848945,Mouse,4015,64
848949,Mouse,3525,65
848984,Mouse,4992,65
848991,Mouse,5015,65
849028,Mouse,3464,65
849041,Mouse,5322,65
849262,Mouse,4258,66
849358,Mouse,4616,69
849383,Mouse,4250,64
849412,Mouse,4553,65
849459,Mouse,3224,64
849483,Mouse,5329,69
849545,Mouse,3760,64
849635,Mouse,4331,65
849657,Mouse,5572,67
849705,Mouse,5560,70
849739,Mouse,3358,65
849765,Mouse,5378,74
849773,Elephant,337730,1008
849803,Mouse,5732,67
849844,Mouse,4329,65
849849,Mouse,5521,67
849924,Mouse,3088,64
849970,Mouse,5568,66
850037,Mouse,5735,66
850182,Mouse,4455,65
850198,Mouse,5000,65
850204,Mouse,4386,65
850289,Mouse,3894,64
850361,Mouse,4976,65
850387,Mouse,5287,65
850438,Mouse,3814,67
850446,Mouse,3406,69
850453,Mouse,4810,65
850460,Mouse,3561,64
850497,Mouse,3391,65
850508,Mouse,3396,64
850722,Mouse,3147,64
850896,Mouse,5450,80
850964,Elephant,30812,203
850990,Mouse,4434,73
851054,Mouse,3856,68
851057,Mouse,3440,69
851064,Mouse,4376,72
851104,Mouse,4342,84
851165,Mouse,3814,90
851304,Mouse,5417,111
851350,Mouse,3354,125
851352,Elephant,383068,1065
851360,Mouse,5182,123
851438,Mouse,3240,85
851483,Mouse,4692,79
851506,Mouse,3772,84
851511,Mouse,4415,88
851517,Elephant,265779,923
851534,Mouse,3893,87
851588,Mouse,3662,77
851609,Mouse,3139,69
851609,Mouse,3777,69
851681,Mouse,5454,76
851765,Mouse,5158,77
851788,Mouse,5262,80
851926,Mouse,5750,90
851935,Mouse,3853,90
851965,Mouse,5657,100
851983,Elephant,144809,914
852025,Mouse,4895,109
852039,Mouse,5496,105
852081,Elephant,267122,989
852122,Elephant,381097,1162
852128,Mouse,4795,71
852199,Mouse,3232,64
852242,Mouse,3739,65
852249,Mouse,3704,64
852256,Mouse,4577,65
852313,Mouse,4516,67
852314,Mouse,4480,68
852448,Mouse,5018,65
852496,Mouse,3147,64
852558,Mouse,3780,65
852561,Mouse,5410,68
852591,Mouse,5046,65
852685,Mouse,3365,64
852751,Mouse,4433,65
852806,Mouse,3264,64
852857,Mouse,5278,65
852914,Mouse,4686,65
853001,Mouse,5424,65
853046,Mouse,4320,65
853098,Mouse,4031,64
853188,Mouse,3785,64
853196,Mouse,4574,65
853211,Mouse,3857,68
853233,Mouse,5473,69
853286,Mouse,4036,64
853338,Mouse,5538,68
853403,Mouse,5437,69
853459,Mouse,5615,70
853537,Mouse,4404,78
853542,Mouse,3379,79
853600,Elephant,87557,438
853607,Mouse,3971,77
853697,Mouse,5321,72
853735,Elephant,144109,577
853777,Mouse,5836,77
853781,Mouse,4198,70
853787,Mouse,4067,72
853832,Mouse,5109,72
853850,Mouse,3053,75
853946,Mouse,3468,67
854013,Mouse,5736,82
854020,Elephant,274580,919
854060,Mouse,3017,75
854122,Mouse,3958,68
854188,Mouse,4114,73
854241,Elephant,264445,836
854271,Mouse,5107,69
854360,Mouse,4114,66
854380,Mouse,3809,66
854393,Mouse,5051,67
854401,Mouse,3567,68
854440,Mouse,5519,70
854469,Mouse,4048,66
854511,Mouse,5017,70
854592,Mouse,5332,68
854767,Mouse,5759,68
854775,Elephant,521391,1376
854857,Mouse,4481,65
855245,Mouse,4744,67
855287,Mouse,5236,68
855306,Mouse,5761,66
855354,Mouse,3648,64
855470,Mouse,5303,68
855542,Mouse,5255,65
855645,Mouse,4059,67
855709,Mouse,3844,64
855749,Mouse,3268,64
855833,Mouse,4399,65
855871,Mouse,5594,69
855906,Mouse,4305,68
855964,Mouse,3941,64
855988,Mouse,4046,68
855991,Mouse,3350,70
856003,Mouse,4343,73
856071,Mouse,4023,67
856077,Mouse,3703,68
856131,Mouse,5525,73
856171,Mouse,5569,68
856190,Mouse,4949,73
856207,Mouse,5682,77
856227,Mouse,3267,77
856228,Mouse,4793,79
856317,Elephant,555641,1180
856325,Mouse,4545,68
856333,Mouse,3968,69
856431,Mouse,5111,65
856438,Mouse,4995,65
856564,Mouse,3900,64
856650,Mouse,5561,66
856678,Mouse,4886,69
856692,Elephant,214650,706
856696,Mouse,4988,66
856724,Mouse,4863,70
856741,Mouse,4282,65
856774,Mouse,4732,65
856845,Mouse,4655,65
856882,Mouse,4015,64
857093,Mouse,3988,64
857141,Mouse,5703,66
857160,Mouse,4842,65
857333,Mouse,5428,65
857337,Mouse,3921,64
857384,Mouse,3962,64
857471,Mouse,5408,67
857473,Mouse,4279,66
857480,Mouse,4355,65
857546,Mouse,5659,66
857611,Mouse,5119,65
857646,Mouse,3055,64
857813,Mouse,3980,64
857858,Mouse,5070,66
857933,Mouse,4609,65
858032,Mouse,3578,66
858081,Mouse,5425,72
858103,Mouse,3507,68
858130,Elephant,83111,414
858246,Mouse,4684,69
858332,Mouse,4852,68
858343,Mouse,4670,70
858359,Mouse,4970,79
858459,Mouse,4384,81
858535,Mouse,3893,93
858562,Mouse,5306,99
858595,Mouse,3726,104
858837,Mouse,4075,88
858859,Mouse,3701,91
858898,Mouse,4122,95
859043,Mouse,4999,128
859097,Mouse,3035,123
859239,Mouse,5042,118
859273,Mouse,3103,110
859327,Mouse,4220,117
859343,Mouse,3279,119
859355,Elephant,300203,1293
859400,Mouse,3697,123
859410,Elephant,525872,1575
859414,Mouse,4813,104
859472,Mouse,3503,85
859496,Mouse,5678,92
859532,Elephant,153548,1243
859552,Elephant,497930,1652
859639,Mouse,4650,70
859741,Mouse,4827,70
859915,Mouse,5534,74
859962,Mouse,5070,80
859994,Elephant,272172,1149
860015,Mouse,4812,77
860063,Mouse,4611,68
860067,Mouse,3985,69
860103,Mouse,3667,67
860134,Mouse,4879,69
860140,Mouse,4072,71
860157,Mouse,3584,70
860205,Mouse,3753,72
860222,Mouse,5226,78
860277,Mouse,3154,74
860287,Mouse,3676,74
860353,Elephant,189718,672
860357,Elephant,358212,997
860381,Mouse,4745,70
860390,Mouse,4704,67
860409,Mouse,5213,65
860428,Mouse,5663,67
860475,Mouse,4571,65
860493,Mouse,4718,65
860515,Mouse,5013,65
860541,Mouse,3363,67
860545,Mouse,5514,71
860547,Mouse,5412,72
860644,Elephant,64470,337
860647,Mouse,4301,66
860888,Mouse,4946,65
861031,Mouse,3920,64
861142,Mouse,5236,65
861161,Mouse,4215,64
861246,Mouse,5435,66
861318,Mouse,4639,65
861328,Mouse,3992,64
861347,Mouse,5642,66
861366,Mouse,5331,65
861471,Mouse,4949,65
861521,Mouse,3467,64
861524,Mouse,3601,65
861559,Mouse,4230,64
861643,Mouse,4339,65
861681,Mouse,4307,65
861723,Mouse,5769,66
861772,Mouse,5547,66
861831,Mouse,3269,64
861862,Mouse,3727,66
861890,Mouse,3039,64
861926,Mouse,3312,64
861970,Mouse,4978,65
861994,Mouse,3385,64
862084,Mouse,4395,65
862103,Mouse,5454,66
862168,Mouse,4451,65
862238,Mouse,4945,65
862247,Mouse,5564,69
862266,Mouse,4564,65
862273,Mouse,4574,65
862307,Mouse,5094,65
862423,Mouse,5333,68
862510,Mouse,4515,65
862538,Mouse,5136,67
862542,Mouse,4305,67
862558,Mouse,4574,68
862595,Mouse,4247,68
862635,Mouse,3923,68
862709,Mouse,4456,68
862755,Mouse,3000,71
862768,Mouse,5216,76
862810,Mouse,4526,89
862828,Mouse,3711,86
862869,Elephant,452000,1077
862879,Mouse,4815,94
862915,Mouse,5272,79
862945,Mouse,4663,65
863061,Mouse,3431,68
863074,Mouse,4901,74
863165,Mouse,3003,67
863230,Mouse,4231,72
863265,Mouse,5000,73
863328,Elephant,341338,1037
863341,Mouse,4034,78
863390,Mouse,4644,78
863396,Mouse,5757,75
863478,Mouse,3134,74
863499,Mouse,4491,71
863587,Mouse,5258,77
863720,Mouse,5414,93
863836,Mouse,4687,106
863875,Mouse,4718,108
863932,Elephant,271173,939
863980,Mouse,5281,90
864023,Mouse,5806,72
864046,Elephant,548446,1380
864054,Mouse,3036,71
864061,Mouse,4740,73
864103,Mouse,5319,67
864122,Mouse,5119,68
864129,Mouse,3812,70
864325,Mouse,4958,77
864336,Mouse,5127,82
864417,Mouse,3430,85
864425,Elephant,300679,1086
864435,Mouse,4619,84
864463,Mouse,3882,72
864508,Mouse,5204,73
864512,Mouse,5402,67
864518,Mouse,3225,67
864523,Mouse,3712,70
864541,Mouse,5282,74
864651,Mouse,3272,69
864709,Elephant,310073,963
864782,Mouse,5165,68
864821,Mouse,4709,70
864872,Mouse,4047,65
864933,Mouse,5614,66
865022,Mouse,3278,64
865047,Mouse,3357,66
865082,Elephant,213866,888
865172,Mouse,5710,69
865230,Mouse,3105,67
865274,Mouse,4068,67
865365,Mouse,3451,66
865404,Mouse,5415,70
865413,Mouse,3787,69
865462,Mouse,4492,65
865471,Mouse,3369,67
865479,Mouse,4413,71
865506,Mouse,5133,65
865540,Mouse,5306,72
865553,Mouse,5130,74
865622,Elephant,153881,588
865800,Mouse,5256,66
865804,Mouse,4566,66
865866,Mouse,4014,67
865890,Mouse,4121,64
865902,Elephant,299163,843
865941,Mouse,3435,64
865986,Mouse,3708,65
866086,Mouse,3893,64
866091,Mouse,3381,64
866137,Mouse,3524,68
866200,Mouse,5486,66
866206,Mouse,3762,64
866237,Mouse,5249,68
866238,Mouse,4429,67
866272,Elephant,40921,244
866362,Mouse,4226,64
866365,Mouse,3290,65
866438,Mouse,5607,66
866503,Mouse,3039,64
866555,Mouse,4765,65
866674,Mouse,3747,64
866819,Mouse,3695,64
866884,Mouse,5291,68
866886,Mouse,5222,68
866973,Mouse,4745,65
866988,Mouse,3307,64
867129,Mouse,5408,70
867143,Mouse,5671,72
867234,Elephant,33817,233
867268,Mouse,5483,76
867346,Mouse,5083,73
867386,Mouse,4507,79
867500,Elephant,50251,319
867558,Mouse,5628,89
867607,Mouse,4963,100
867830,Elephant,85123,539
867872,Mouse,4437,108
867935,Mouse,4282,91
867945,Mouse,4702,95
867979,Elephant,331817,1095
867995,Mouse,4162,94
868010,Mouse,3571,94
868114,Mouse,4850,76
868148,Mouse,4022,77
868191,Mouse,3664,80
868274,Mouse,5790,95
868312,Mouse,4696,106
868395,Mouse,4518,103
868401,Mouse,3742,100
868413,Mouse,4187,107
868421,Mouse,4221,109
868555,Elephant,114679,671
868561,Mouse,3672,92
868603,Elephant,577006,1675
868715,Mouse,3215,64
868789,Mouse,5598,69
868811,Elephant,543800,1607
868841,Mouse,3805,64
868976,Mouse,3015,64
868993,Mouse,4162,67
869047,Mouse,3511,64
869115,Mouse,4916,65
869158,Mouse,4435,65
869190,Mouse,4147,64
869235,Mouse,4673,67
869270,Mouse,5341,65
869365,Mouse,5808,66
869376,Mouse,3634,65
869386,Mouse,3118,68
869405,Mouse,3603,76
869461,Mouse,4917,75
869694,Elephant,192122,680
869753,Mouse,4135,66
869850,Mouse,5181,67
869970,Mouse,5136,70
870003,Mouse,5012,70
870009,Elephant,438090,1082
870101,Mouse,4787,65
870120,Mouse,4469,65
870177,Mouse,4201,68
870198,Mouse,4137,64
870273,Mouse,5806,66
870363,Mouse,3030,64
870432,Mouse,3233,67
870449,Mouse,4607,65
870489,Mouse,5403,72
870505,Mouse,3551,66
870541,Mouse,5451,68
870555,Mouse,3051,71
870594,Mouse,5143,72
870626,Elephant,365874,1288
870650,Mouse,4898,68
870685,Mouse,4433,67
870696,Mouse,5665,70
870766,Elephant,135059,544
870780,Mouse,4304,66
870820,Mouse,3407,64
870840,Mouse,3376,64
870885,Mouse,3531,64
870976,Mouse,3987,64
871090,Mouse,5589,66
871115,Mouse,3029,64
871280,Mouse,4874,65
871344,Mouse,4097,66
871440,Mouse,4682,65
871472,Mouse,4469,66
871491,Mouse,3145,64
871721,Mouse,4217,64
871744,Mouse,4363,67
871879,Mouse,5422,66
871883,Mouse,4069,65
872045,Mouse,3758,67
872061,Mouse,3118,70
872062,Mouse,3059,70
872358,Mouse,5253,71
872362,Mouse,3867,72
872379,Mouse,4339,76
872461,Elephant,39367,246
872473,Elephant,573159,1193
872486,Mouse,4393,66
872632,Mouse,4429,65
872641,Mouse,5829,66
872650,Mouse,4769,65
872700,Mouse,3722,64
872746,Mouse,5461,66
872859,Mouse,5058,65
872878,Mouse,3715,64
872898,Mouse,4382,66
872938,Mouse,3495,68
872966,Mouse,4140,64
873084,Mouse,4826,65
873124,Mouse,5213,65
873163,Mouse,4819,69
873169,Mouse,3598,68
873231,Mouse,4482,65
873257,Mouse,5136,69
873304,Mouse,3551,70
873322,Mouse,4708,68
873375,Mouse,4724,69
873387,Mouse,3698,68
873466,Mouse,3134,67
873606,Mouse,3229,80
873606,Mouse,4820,81
873612,Elephant,338162,914
873620,Mouse,3361,78
873688,Mouse,3295,64
873690,Mouse,3319,64
873735,Mouse,3256,64
873739,Mouse,5121,66
873889,Mouse,5512,71
873957,Mouse,5756,82
874161,Mouse,4400,96
874219,Mouse,5638,106
874228,Elephant,490875,1197
874236,Mouse,4274,92
874241,Mouse,5347,95
874274,Mouse,4148,89
874442,Mouse,3893,73
874445,Mouse,5703,73
874458,Mouse,5392,71
874555,Mouse,3916,68
874639,Mouse,3772,81
874641,Elephant,430880,1233
874720,Mouse,3731,67
874725,Mouse,3991,64
874802,Elephant,264248,1002
874813,Mouse,5247,68
874820,Mouse,3127,65
874907,Mouse,5254,74
874913,Mouse,5416,74
874957,Mouse,5053,75
874973,Mouse,4053,67
874983,Mouse,3350,66
875028,Mouse,4584,65
875113,Mouse,3633,64
875154,Mouse,3817,67
875182,Mouse,3215,66
875238,Elephant,372790,968
875284,Mouse,3860,64
875347,Mouse,4604,70
875362,Mouse,3467,65
875394,Mouse,3207,64
875431,Mouse,5201,68
875447,Mouse,5403,66
875460,Mouse,3648,64
875490,Mouse,4758,66
875499,Elephant,51190,286
875522,Mouse,4574,65
875585,Mouse,4260,65
875606,Mouse,3928,64
875624,Mouse,5008,65
875654,Mouse,5036,65
875808,Mouse,4673,65
875816,Mouse,5492,71
875834,Mouse,3571,70
875878,Mouse,4411,74
876037,Mouse,5278,68
876054,Mouse,5425,71
876158,Mouse,3947,69
876319,Mouse,5348,103
876420,Mouse,3092,114
876461,Mouse,4225,102
876491,Mouse,4655,99
876667,Mouse,5194,84
876680,Mouse,4907,91
876710,Mouse,4060,96
876756,Mouse,4963,113
876810,Mouse,5532,117
876873,Mouse,4791,120
876936,Mouse,3515,114
877034,Mouse,4041,112
877169,Mouse,3909,123
877220,Elephant,494300,1572
877326,Mouse,5707,85
877366,Mouse,4647,95
877368,Mouse,4770,97
877416,Mouse,5266,106
877481,Mouse,5283,124
877521,Mouse,3986,138
877597,Mouse,5152,138
877610,Mouse,5588,137
877632,Mouse,4918,124
877758,Mouse,3593,94
877908,Elephant,55655,640
877916,Mouse,5530,122
877920,Elephant,422413,1808
877962,Mouse,3608,123
877986,Mouse,5214,131
877995,Mouse,4661,128
878007,Mouse,4730,122
878016,Elephant,152832,1133
878031,Mouse,4449,122
878048,Mouse,3602,125
878087,Mouse,4986,107
878160,Elephant,464519,2051
878171,Mouse,4061,83
878191,Mouse,5593,86
878252,Mouse,4110,69
878264,Elephant,436329,1876
878464,Mouse,3372,77
878477,Mouse,4671,76
878586,Mouse,3949,79
878642,Elephant,42399,308
878672,Mouse,3596,86
878786,Mouse,4867,87
878849,Elephant,324893,1110
878860,Mouse,3926,80
878887,Mouse,4549,85
878902,Mouse,3201,83
878904,Mouse,4336,86
879123,Mouse,3240,99
879125,Elephant,576363,2347
879157,Mouse,3580,86
879169,Mouse,3464,76
879255,Mouse,3549,78
879472,Mouse,4110,97
879511,Mouse,4449,108
879580,Elephant,365366,1136
879640,Mouse,5308,83
879659,Mouse,4786,76
879694,Mouse,3345,72
879850,Mouse,4817,73
879887,Elephant,322386,1016
879906,Mouse,4018,71
879930,Mouse,3236,71
879960,Mouse,3792,67
880119,Mouse,3096,71
880178,Mouse,4959,73
880255,Mouse,3160,82
880263,Mouse,3418,81
880268,Elephant,270613,1113
880306,Mouse,3355,75
880374,Elephant,444026,1455
880405,Mouse,3566,65
880456,Mouse,4664,68
880504,Mouse,3368,64
880523,Mouse,3393,64
880625,Mouse,4307,69
880639,Mouse,5035,65
880697,Mouse,3266,64
880703,Elephant,153587,592
880707,Mouse,5147,67
880717,Mouse,3218,64
880757,Mouse,3309,64
880985,Mouse,5442,66
881010,Mouse,3064,64
881040,Mouse,4636,65
881161,Mouse,5422,65
881180,Mouse,3914,64
881192,Mouse,3796,64
881253,Mouse,5758,66
881292,Mouse,4962,65
881337,Mouse,5108,70
881342,Mouse,4770,65
881434,Mouse,5570,66
881463,Mouse,5154,65
881538,Mouse,3440,67
881610,Mouse,5231,65
881626,Mouse,5747,69
881656,Mouse,5600,67
881669,Mouse,3138,70
881670,Mouse,5588,73
881807,Mouse,3220,64
881842,Mouse,4339,70
881846,Mouse,5698,72
881883,Mouse,3897,68
882047,Elephant,151645,578
882050,Mouse,3116,66
882282,Mouse,4760,65
882320,Mouse,3034,64
882432,Mouse,5524,66
882477,Mouse,3673,65
882670,Mouse,3486,67
882841,Mouse,4488,67
882857,Mouse,5172,66
882861,Mouse,5301,66
882962,Mouse,4339,66
882996,Mouse,4178,64
883034,Mouse,4101,69
883100,Mouse,4965,70
883175,Mouse,4723,79
883175,Mouse,3705,73
883198,Mouse,5583,78
883336,Mouse,3691,75
883352,Mouse,5104,82
883363,Elephant,591331,1244
883416,Mouse,5315,65
883437,Mouse,4785,66
883485,Mouse,4177,66
883508,Mouse,5584,66
883566,Mouse,5030,67
883592,Mouse,3851,64
883608,Mouse,4967,69
883614,Mouse,5074,72
883618,Mouse,4120,68
883690,Mouse,3019,67
883845,Mouse,3503,67
883868,Mouse,5520,71
883880,Mouse,3315,71
883928,Mouse,4238,75
883941,Mouse,5425,77
884017,Mouse,3324,69
884031,Mouse,4807,70
884043,Elephant,565357,1227
884050,Mouse,4708,66
884106,Mouse,3888,64
884218,Mouse,5550,70
884225,Elephant,93589,433
884236,Mouse,5019,65
884240,Mouse,4595,65
884280,Mouse,4170,65
884296,Mouse,4512,65
884371,Mouse,5522,66
884412,Mouse,3332,65
884423,Mouse,4614,65
884462,Mouse,5638,66
884504,Mouse,5146,65
884586,Mouse,5680,66
884634,Mouse,3686,64
884698,Mouse,3382,64
884713,Mouse,4873,65
884765,Mouse,4720,65
884813,Mouse,3584,64
884817,Mouse,4118,65
884900,Mouse,4163,64
884980,Mouse,4581,65
884996,Mouse,5524,66
885106,Mouse,4040,64
885131,Mouse,5288,65
885139,Mouse,5428,65
885253,Mouse,4005,64
885407,Mouse,5566,66
885420,Mouse,4891,65
885452,Mouse,3254,64
885505,Mouse,5386,65
885572,Mouse,3958,64
885613,Mouse,3638,64
885617,Mouse,3678,64
885637,Mouse,4862,68
885669,Mouse,3638,64
885801,Mouse,4088,64
885871,Mouse,5126,70
885953,Mouse,3526,66
886088,Mouse,3048,69
886103,Mouse,4999,66
886106,Mouse,4636,66
886162,Elephant,164433,592
886507,Mouse,4447,65
886709,Mouse,5685,70
886759,Mouse,3736,72
886862,Elephant,572817,1192
886894,Mouse,4101,64
886959,Mouse,4370,65
887034,Mouse,5313,65
887045,Mouse,5098,65
887085,Mouse,4373,65
887099,Mouse,4759,65
887154,Mouse,4462,65
887173,Mouse,3312,64
887208,Mouse,5255,65
887399,Mouse,3674,64
887541,Mouse,3892,64
887560,Mouse,3109,65
887562,Mouse,4703,67
887672,Mouse,4302,66
887675,Mouse,5743,67
887680,Mouse,5738,66
887687,Mouse,3758,64
887782,Mouse,3623,64
887799,Mouse,5309,65
887863,Mouse,3679,64
887983,Mouse,5789,66
888036,Mouse,3093,64
888158,Mouse,3864,64
888253,Mouse,3521,67
888307,Mouse,4089,64
888326,Mouse,5391,70
888529,Mouse,4956,76
888547,Mouse,5160,84
888565,Mouse,5520,86
888669,Elephant,197379,711
888674,Mouse,5819,82
888707,Elephant,158044,733
888715,Mouse,4162,72
888718,Mouse,5073,74
888790,Mouse,3251,64
888799,Mouse,4062,64
888827,Elephant,155036,693
888863,Mouse,3601,69
888894,Mouse,4406,66
888901,Mouse,3798,64
888994,Mouse,5031,68
889034,Mouse,3066,65
889044,Elephant,185167,688
889120,Mouse,3838,64
889125,Mouse,5322,67
889131,Mouse,5694,66
889134,Mouse,3382,64
889170,Mouse,3931,64
889219,Mouse,4573,65
889229,Mouse,5713,66
889314,Mouse,5267,68
889382,Mouse,4309,69
889467,Mouse,4349,65
889477,Mouse,5712,73
889529,Mouse,4282,65
889582,Mouse,4350,65
889617,Mouse,5460,68
889696,Mouse,5305,68
889777,Mouse,5611,74
889872,Mouse,4904,69
889873,Mouse,3611,72
889936,Mouse,3167,70
889959,Mouse,3987,68
890062,Elephant,360102,962
890089,Mouse,4722,65
890193,Mouse,4217,64
890252,Mouse,3287,66
890273,Mouse,3197,64
890379,Mouse,3463,67
890440,Mouse,4461,68
890485,Mouse,3544,69
890517,Mouse,4965,70
890579,Mouse,5386,73
890581,Mouse,3877,72
890632,Mouse,3467,74
890643,Mouse,4138,77
890720,Mouse,4390,72
890730,Mouse,5276,72
890742,Mouse,5554,74
890764,Mouse,3688,73
890793,Mouse,5717,79
890811,Mouse,3887,81
890851,Mouse,3685,74
890870,Mouse,3508,75
890944,Mouse,3334,70
890993,Elephant,383448,1335
891007,Mouse,5090,72
891198,Mouse,5717,79
891428,Elephant,42348,356
891455,Mouse,5571,88
891470,Mouse,3810,94
891497,Mouse,4690,99
891547,Mouse,5445,107
891569,Mouse,5383,113
891630,Mouse,3720,106
891737,Mouse,4859,101
891747,Mouse,4747,105
891775,Mouse,3807,108
891817,Mouse,5007,113
891822,Elephant,510387,1663
891872,Mouse,3272,80
891890,Mouse,4092,81
891921,Mouse,4013,77
891938,Elephant,210016,992
891942,Mouse,4848,72
891958,Mouse,4158,74
891974,Mouse,3611,81
892050,Elephant,552645,1959
892153,Mouse,4966,69
892168,Mouse,5792,70
892175,Mouse,5026,65
892180,Mouse,5320,65
892256,Mouse,5068,67
892301,Mouse,4368,65
892333,Mouse,3246,66
892350,Mouse,5060,65
892367,Mouse,3029,67
892435,Mouse,3468,65
892449,Mouse,5209,70
892523,Mouse,5412,65
892537,Mouse,4124,67
892545,Mouse,4407,67
892596,Elephant,520226,1471
892610,Mouse,4311,65
892744,Mouse,5730,66
892830,Mouse,5021,65
893007,Mouse,5359,65
893115,Mouse,5273,69
893132,Mouse,4018,67
893132,Mouse,3164,66
893187,Mouse,4074,64
893208,Mouse,5726,68
893256,Mouse,4252,76
893331,Mouse,3454,67
893334,Mouse,5137,68
893398,Mouse,4697,68
893507,Mouse,5711,71
893510,Mouse,3687,66
893514,Elephant,371446,944
893592,Mouse,5724,66
893598,Mouse,4006,64
893651,Mouse,4592,65
893702,Mouse,4044,64
893771,Mouse,4339,65
893804,Mouse,5026,68
893805,Mouse,3969,67
893866,Mouse,3947,64
893937,Mouse,5519,66
893954,Mouse,3254,64
894068,Mouse,3035,64
894152,Mouse,3605,66
894153,Mouse,5770,69
894172,Mouse,3438,64
894233,Mouse,5359,65
894283,Mouse,5505,66
894304,Mouse,3449,64
894338,Mouse,5532,66
894352,Mouse,3414,64
894367,Mouse,5062,65
894399,Mouse,5475,66
894418,Mouse,4440,65
894471,Mouse,5085,65
894498,Mouse,4443,65
894533,Mouse,4515,65
894613,Mouse,3040,64
894618,Mouse,4467,65
894633,Mouse,3585,64
894688,Mouse,5418,66
894692,Mouse,4509,66
894709,Mouse,4399,65
894745,Mouse,3508,64
894755,Mouse,5499,66
894799,Mouse,5652,66
894810,Mouse,5377,65
894822,Mouse,4678,65
894831,Mouse,3864,65
894834,Mouse,5175,67
894904,Mouse,5403,65
895136,Mouse,3290,64
895181,Mouse,4492,65
895204,Mouse,3470,64
895212,Mouse,5198,70
895289,Mouse,3019,64
895392,Mouse,4873,65
895397,Mouse,3817,64
895404,Mouse,4546,65
895524,Mouse,5532,66
895622,Mouse,3908,64
895669,Mouse,4034,64
895724,Mouse,5782,70
895736,Mouse,5610,73
895824,Mouse,3756,66
895975,Mouse,4704,68
896007,Mouse,3578,76
896049,Mouse,5234,80
896072,Mouse,4273,86
896148,Mouse,3359,80
896225,Elephant,514959,1168
896271,Mouse,4507,68
896330,Mouse,5446,76
896349,Mouse,5413,74
896379,Mouse,3428,76
896420,Mouse,3643,74
896424,Mouse,5768,78
896448,Mouse,3673,73
896470,Mouse,4120,78
896603,Elephant,64551,352
896611,Mouse,4757,73
896671,Elephant,566964,1231
896770,Mouse,3231,64
896813,Mouse,4238,65
896829,Mouse,3589,64
896916,Mouse,5576,66
896921,Mouse,3562,64
896959,Mouse,3193,65
897010,Mouse,5411,65
897032,Mouse,3171,64
897118,Mouse,3401,64
897181,Mouse,3023,65
897184,Mouse,4099,66
897194,Mouse,4431,65
897259,Mouse,5646,66
897317,Mouse,3527,64
897388,Mouse,5671,66
897407,Mouse,3001,63
897492,Mouse,4207,64
897496,Mouse,4590,65
897499,Mouse,4090,65
897531,Mouse,4772,65
897669,Mouse,4064,64
897780,Mouse,3794,64
897794,Mouse,3239,64
897803,Mouse,4184,64
897890,Mouse,3188,64
897935,Mouse,5701,67
897999,Mouse,3522,64
898054,Mouse,5495,71
898150,Mouse,3898,64
898173,Mouse,5219,67
898252,Mouse,5613,68
898263,Elephant,114779,496
898388,Mouse,3321,64
898477,Mouse,4068,64
898558,Mouse,5634,66
898635,Mouse,5068,70
898766,Mouse,5283,69
898825,Elephant,210770,688
898867,Mouse,3596,68
898884,Mouse,3333,64
898920,Mouse,5619,73
898996,Mouse,4418,66
899082,Mouse,5132,68
899088,Mouse,3325,67
899103,Mouse,3804,64
899313,Elephant,231252,736
899454,Mouse,3892,64
899499,Mouse,3899,67
899501,Mouse,3838,67
899514,Mouse,3952,64
899649,Mouse,4060,64
899688,Mouse,4442,65
899697,Mouse,5600,66
899736,Mouse,4900,65
899808,Mouse,3276,67
899815,Mouse,4878,65
899954,Mouse,4668,66
900043,Mouse,3952,65
900124,Mouse,4521,69
900166,Elephant,351729,917
900266,Mouse,5103,70
900318,Elephant,181688,646
900378,Mouse,4563,65
900501,Mouse,3361,64
900585,Mouse,5274,65
900609,Mouse,3881,64
900662,Mouse,4041,64
900682,Mouse,3295,67
900706,Mouse,4564,67
900708,Mouse,3465,67
900759,Mouse,3175,64
900826,Mouse,3368,64
900864,Elephant,56337,325
900890,Mouse,3051,64
900893,Elephant,96845,449
900908,Mouse,4075,68
900923,Mouse,4215,64
900931,Mouse,3824,64
900941,Mouse,5157,65
900956,Mouse,5811,66
901023,Mouse,5782,66
901049,Mouse,5460,66
901117,Mouse,3106,64
901179,Mouse,3188,64
901185,Mouse,5483,66
901236,Mouse,3056,64
901265,Mouse,3138,64
901387,Mouse,5542,66
901453,Mouse,5126,65
901542,Mouse,5326,65
901593,Mouse,3143,64
901599,Mouse,3729,64
901646,Mouse,5291,65
901727,Mouse,3582,64
901742,Mouse,3327,64
901750,Mouse,4355,65
901777,Mouse,5457,66
901862,Mouse,3192,64
901912,Mouse,5496,66
901959,Mouse,5445,66
901993,Mouse,3022,64
902066,Mouse,5562,70
902153,Mouse,4605,70
902207,Mouse,3756,69
902244,Mouse,5257,70
902274,Mouse,5128,79
902347,Mouse,3380,68
902507,Mouse,3152,96
902512,Mouse,4969,100
902564,Elephant,251287,828
902782,Mouse,3853,99
902784,Elephant,402122,1215
902836,Mouse,4217,91
902856,Mouse,4368,95
902886,Mouse,3779,89
902889,Mouse,4992,91
902951,Mouse,3813,101
902980,Mouse,5311,110
903020,Mouse,4705,116
903068,Mouse,4534,115
903079,Mouse,5319,120
903135,Mouse,5327,114
903255,Mouse,4345,92
903280,Mouse,4852,106
903294,Mouse,5706,110
903334,Mouse,4169,118
903479,Mouse,4464,107
903504,Mouse,4963,114
903540,Elephant,119345,908
903618,Mouse,4710,97
903650,Mouse,3324,90
903658,Mouse,3024,88
903699,Mouse,5636,105
903940,Mouse,3546,117
904028,Elephant,277823,1456
904082,Mouse,4372,103
904127,Mouse,4646,102
904134,Mouse,4464,108
904136,Mouse,5830,111
904142,Mouse,3985,110
904159,Mouse,3907,110
904168,Elephant,572095,2019
904332,Mouse,3878,87
904350,Elephant,547246,2067
904355,Mouse,3649,92
904500,Mouse,3429,83
904516,Elephant,60196,550
904534,Elephant,415500,1728
904554,Mouse,4688,83
904590,Mouse,4893,85
904595,Mouse,3382,80
904645,Mouse,5743,77
904658,Mouse,5724,75
904827,Mouse,5261,93
904835,Mouse,3315,90
904960,Mouse,3580,111
904984,Mouse,3280,112
905090,Mouse,5767,122
905093,Mouse,3601,122
905106,Mouse,5380,125
905116,Mouse,3103,122
905199,Mouse,3019,114
905239,Mouse,3336,109
905284,Mouse,3659,105
905304,Mouse,4710,110
905446,Mouse,3942,111
905463,Mouse,5750,115
905484,Elephant,336935,1320
905570,Mouse,5690,100
905603,Mouse,5098,101
905726,Mouse,4627,122
905775,Elephant,227794,1276
905894,Mouse,4160,105
905915,Mouse,3276,100
905921,Elephant,182691,1298
905925,Mouse,4870,101
905931,Mouse,3371,100
906012,Mouse,4707,68
906049,Elephant,565428,1849
906050,Mouse,4868,73
906237,Mouse,4210,67
906254,Mouse,4916,77
906292,Elephant,124051,862
906367,Mouse,3160,64
906415,Mouse,5460,74
906416,Mouse,5200,73
906489,Mouse,5032,70
906506,Mouse,5526,69
906528,Elephant,463671,1818
906577,Mouse,3249,64
906679,Mouse,4847,65
906718,Mouse,3192,64
906733,Mouse,3271,64
906804,Mouse,4986,74
906820,Mouse,5430,67
906855,Mouse,5217,67
906864,Elephant,192896,683
906969,Mouse,5049,65
906983,Mouse,5108,65
907045,Mouse,4967,65
907196,Mouse,3364,64
907210,Mouse,5449,66
907248,Mouse,5433,66
907287,Mouse,3690,64
907364,Mouse,3557,67
907368,Mouse,3124,71
907417,Mouse,5245,70
907462,Mouse,5026,69
907498,Mouse,4589,67
907521,Mouse,3863,64
907548,Mouse,4898,69
907583,Mouse,5253,66
907604,Mouse,3563,64
907690,Mouse,5533,67
907693,Mouse,5492,67
907896,Mouse,5287,74
907921,Mouse,5237,77
907946,Elephant,228580,739
907955,Mouse,5784,77
907997,Mouse,3019,65
908005,Mouse,5467,73
908023,Mouse,3678,71
908088,Mouse,3591,67
908177,Mouse,3082,78
908203,Mouse,3200,80
908232,Elephant,127837,552
908238,Mouse,5139,89
908261,Mouse,4796,93
908275,Mouse,5685,89
908276,Mouse,5760,91
908302,Elephant,30940,233
908326,Mouse,3592,79
908331,Elephant,106069,516
908439,Mouse,3111,67
908450,Mouse,5139,65
908477,Mouse,5476,70
908486,Mouse,3801,72
908541,Mouse,4479,65
908571,Elephant,374502,1094
908605,Mouse,5830,69
908684,Mouse,3404,64
908729,Mouse,5104,66
908874,Mouse,3733,65
908893,Mouse,4611,66
908902,Mouse,5496,66
908909,Mouse,4130,64
908938,Mouse,3891,69
908977,Mouse,4976,69
908986,Mouse,5572,73
908989,Mouse,5415,74
908992,Mouse,4498,71
909038,Mouse,5390,71
909051,Mouse,3700,67
909070,Mouse,3915,65
909072,Mouse,3479,66
909095,Mouse,4328,69
909140,Mouse,4581,71
909149,Mouse,3831,71
909190,Elephant,177630,635
909232,Mouse,5144,67
909249,Mouse,4442,65
909276,Mouse,4978,66
909320,Mouse,4672,65
909401,Mouse,3751,65
909403,Mouse,3660,66
909478,Mouse,5549,69
909599,Mouse,4065,64
909614,Mouse,3161,67
909672,Mouse,4666,68
909710,Mouse,4426,69
909744,Mouse,4626,65
909783,Mouse,4635,66
909897,Mouse,4477,65
909991,Elephant,389116,967
909996,Mouse,4307,65
910001,Mouse,3485,65
910050,Mouse,3403,64
910078,Mouse,3437,66
910080,Mouse,4653,68
910083,Mouse,3280,68
910121,Mouse,3368,66
910152,Mouse,3068,65
910159,Mouse,5045,65
910175,Mouse,3660,64
910226,Mouse,3784,64
910275,Mouse,5159,68
910283,Mouse,3067,64
910371,Mouse,5150,71
910391,Mouse,4316,67
910398,Mouse,5257,70
910407,Mouse,3459,72
910523,Mouse,5522,69
910558,Mouse,4749,65
910665,Mouse,3659,68
910678,Mouse,5466,71
910728,Mouse,3158,74
910848,Elephant,117479,523
910955,Mouse,3819,70
911025,Mouse,3255,77
911151,Mouse,5224,85
911177,Elephant,468377,1138
911212,Mouse,4352,80
911215,Mouse,3088,80
911276,Mouse,5324,70
911333,Mouse,4714,73
911404,Mouse,5303,66
911409,Mouse,4122,65
911441,Mouse,3416,66
911442,Mouse,4344,67
911454,Elephant,439310,1162
911477,Mouse,4777,65
911497,Mouse,4502,65
911583,Mouse,5067,65
911984,Mouse,4838,65
912008,Mouse,5143,65
912031,Mouse,3599,64
912093,Mouse,5663,66
912222,Mouse,5408,65
912353,Mouse,3294,64
912566,Mouse,4752,66
912604,Mouse,4131,67
912711,Mouse,3477,67
912823,Mouse,5649,70
912876,Mouse,3261,78
912883,Mouse,3476,82
912933,Mouse,3755,82
912939,Elephant,327288,925
913055,Mouse,5076,72
913073,Mouse,4579,74
913459,Mouse,4081,118
913467,Elephant,289287,961
913472,Mouse,4356,121
913508,Mouse,4878,131
913530,Mouse,4132,107
913610,Mouse,5306,89
913615,Mouse,3577,90
913626,Mouse,5542,94
913641,Mouse,5205,92
913697,Mouse,5202,84
913827,Mouse,3467,97
913913,Mouse,5606,119
914025,Mouse,4124,127
914177,Mouse,5136,127
914325,Mouse,3842,139
914349,Mouse,3647,131
914381,Mouse,3748,135
914385,Elephant,480824,1773
914391,Elephant,405220,1819
914525,Mouse,5033,85
914610,Mouse,5658,103
914645,Elephant,272596,1573
914921,Elephant,160068,952
914959,Elephant,287568,1878
915047,Mouse,3074,76
915157,Mouse,4470,102
915253,Mouse,3949,126
915265,Mouse,5465,136
915296,Mouse,4227,140
915331,Elephant,172098,1038
915429,Mouse,4716,114
915430,Mouse,5500,113
915454,Mouse,3475,107
915470,Mouse,5794,113
915485,Mouse,3878,117
915531,Mouse,3016,124
915591,Mouse,3293,127
915669,Mouse,5595,133
915689,Elephant,345071,1990
915709,Mouse,3778,118
915850,Mouse,3285,96
915859,Elephant,541246,2503
915874,Mouse,4333,98
915897,Mouse,4096,106
915938,Mouse,5079,93
915975,Mouse,4970,83
916098,Mouse,3532,79
916102,Elephant,234686,1064
916233,Mouse,4450,79
916237,Elephant,68953,563
916261,Elephant,269112,1271
916351,Mouse,3437,68
916354,Mouse,5637,71
916440,Mouse,3026,73
916484,Elephant,429793,1763
916586,Elephant,128074,528
916615,Mouse,5194,65
916632,Mouse,4944,66
916658,Mouse,4168,65
916676,Mouse,5381,66
916692,Mouse,4465,68
916833,Mouse,5737,66
916839,Mouse,5718,66
916877,Mouse,4471,65
916916,Mouse,3493,66
916938,Mouse,4044,68
916953,Mouse,3065,71
916956,Mouse,5505,73
917013,Mouse,4161,72
917070,Mouse,3491,67
917122,Mouse,3563,69
917142,Mouse,4917,68
917224,Mouse,5442,70
917307,Mouse,3645,73
917411,Elephant,193536,674
917528,Elephant,536168,1256
917573,Mouse,4415,65
917594,Mouse,4628,65
917721,Mouse,3528,64
917824,Mouse,3437,64
917862,Mouse,5740,66
917867,Mouse,4102,66
917937,Mouse,5034,69
918069,Mouse,4282,66
918074,Mouse,4211,67
918117,Mouse,3197,66
918206,Mouse,5702,73
918258,Mouse,3313,64
918352,Mouse,4142,71
918398,Mouse,4213,75
918690,Mouse,5394,84
918698,Mouse,5738,81
918710,Elephant,333311,971
918730,Mouse,3080,69
918735,Mouse,3990,72
918744,Mouse,3072,74
918827,Mouse,4903,75
918878,Mouse,4269,80
918891,Mouse,5230,83
918977,Mouse,3116,94
918980,Mouse,4501,96
918985,Elephant,290123,894
919011,Mouse,4071,87
919055,Mouse,3461,82
919074,Mouse,4016,66
919143,Mouse,5837,70
919152,Mouse,4490,71
919185,Mouse,4023,69
919239,Elephant,210421,804
919345,Mouse,5665,70
919428,Mouse,3183,66
919442,Mouse,5087,70
919455,Mouse,5775,72
919456,Mouse,5720,72
919557,Mouse,4374,69
919597,Mouse,3703,67
919606,Mouse,4758,71
919617,Mouse,5676,68
919667,Elephant,515019,1438
919816,Mouse,5080,65
919822,Mouse,5652,66
919972,Mouse,5084,65
919994,Mouse,3742,64
920068,Mouse,4173,64
920454,Mouse,4126,78
920499,Mouse,4784,86
920543,Mouse,3793,90
920625,Mouse,3294,98
920630,Mouse,4685,100
920636,Mouse,3035,104
920682,Mouse,4915,107
920698,Mouse,4462,114
920727,Elephant,200420,779
920768,Mouse,5012,104
920786,Mouse,3054,83
921055,Mouse,5660,124
921095,Mouse,3551,133
921114,Elephant,191187,1124
921128,Mouse,5576,131
921132,Elephant,39642,366
921141,Mouse,4135,133
921181,Elephant,451644,1281
921220,Mouse,5378,98
921226,Mouse,5476,95
921228,Mouse,3539,84
921242,Mouse,5308,77
921257,Mouse,3390,74
921261,Mouse,5094,77
921347,Mouse,3184,67
921357,Mouse,4962,75
921413,Mouse,4757,82
921421,Elephant,331380,1134
921488,Mouse,3958,66
921498,Mouse,5183,71
921544,Mouse,3388,74
921666,Mouse,4874,70
921709,Mouse,3965,69
921726,Mouse,3650,70
921755,Mouse,3670,67
921758,Mouse,3787,69
921784,Mouse,3063,72
921785,Elephant,286739,990
921808,Mouse,3009,67
921846,Mouse,4364,74
921922,Elephant,179244,641
921944,Mouse,4948,65
922019,Mouse,4991,65
922053,Mouse,3271,64
922246,Mouse,3716,64
922271,Mouse,4160,64
922361,Mouse,4907,65
922446,Mouse,3310,64
922475,Mouse,3893,64
922482,Mouse,5590,66
922587,Mouse,3562,64
922619,Mouse,4361,65
922622,Mouse,3387,65
922686,Mouse,4330,65
922719,Mouse,4410,67
922851,Mouse,3214,64
922865,Mouse,5797,66
922973,Elephant,74885,369
922990,Mouse,5727,66
923139,Mouse,5693,66
923171,Mouse,5203,65
923184,Mouse,5536,67
923202,Mouse,5375,67
923203,Mouse,3028,66
923222,Mouse,3216,64
923334,Mouse,4193,64
923364,Mouse,4152,64
923421,Mouse,4120,64
923527,Mouse,3383,64
923644,Mouse,3300,66
923792,Mouse,4105,64
923819,Mouse,3478,64
923875,Mouse,4814,65
923962,Mouse,5189,65
923994,Mouse,5008,67
924018,Mouse,3352,64
924034,Mouse,3357,67
924055,Mouse,4929,65
924116,Mouse,4291,67
924170,Elephant,190115,640
924223,Mouse,4722,65
924231,Mouse,5580,66
924325,Mouse,3847,64
924331,Mouse,5028,65
924380,Mouse,4497,65
924519,Mouse,5766,66
924570,Mouse,3554,64
924607,Mouse,4986,65
924733,Mouse,3844,68
924760,Mouse,5329,65
924791,Mouse,5393,65
924805,Mouse,3711,64
924832,Mouse,5094,65
924917,Mouse,3508,64
924955,Mouse,3151,65
924985,Mouse,4391,67
925065,Mouse,5292,69
925095,Mouse,5305,71
925096,Mouse,4827,71
925151,Mouse,5265,66
925163,Mouse,4995,72
925208,Mouse,5763,74
925241,Mouse,4516,80
925269,Mouse,5643,88
925345,Mouse,4910,92
925357,Mouse,4343,92
925370,Mouse,4475,95
925391,Mouse,4396,101
925397,Mouse,5574,104
925528,Mouse,3618,111
925582,Mouse,4426,116
925595,Mouse,3361,121
925665,Mouse,5262,134
925704,Mouse,3839,137
925753,Elephant,48515,462
925794,Mouse,4601,132
925820,Mouse,4447,116
925858,Mouse,3705,122
925866,Mouse,5113,126
925913,Mouse,4149,118
925926,Elephant,118295,804
925975,Elephant,562813,1528
926033,Mouse,5194,77
926061,Mouse,3943,80
926095,Mouse,5101,82
926248,Elephant,295870,1381
926282,Mouse,5658,91
926299,Mouse,4024,84
926322,Mouse,4545,87
926343,Mouse,3883,95
926515,Mouse,4125,95
926522,Elephant,348540,1429
926558,Mouse,3812,89
926573,Mouse,5309,81
926579,Mouse,3864,72
926625,Mouse,3504,68
926777,Mouse,3752,74
926785,Mouse,5596,77
926901,Mouse,5167,85
927033,Elephant,361457,1739
927077,Elephant,442447,1270
927091,Elephant,102916,527
927144,Mouse,3002,63
927275,Mouse,3219,64
927286,Mouse,3346,67
927301,Mouse,4890,65
927374,Mouse,4956,70
927411,Elephant,58906,323
927447,Mouse,4741,65
927576,Mouse,4922,65
927784,Mouse,4231,64
927948,Mouse,5775,66
927969,Mouse,5532,70
927986,Mouse,4565,65
928139,Mouse,3961,65
928290,Mouse,3444,64
928331,Mouse,4608,65
928548,Mouse,3274,64
928571,Mouse,3123,66
928617,Mouse,3953,68
928634,Mouse,4622,71
928780,Mouse,5337,68
928812,Mouse,3935,70
928834,Mouse,3250,64
928853,Mouse,3674,72
928854,Mouse,5341,74
928913,Mouse,3659,72
928931,Mouse,3377,68
928979,Mouse,4144,69
929195,Mouse,4920,69
929234,Mouse,5505,71
929241,Elephant,571292,1342
929261,Mouse,4487,73
929271,Mouse,5057,68
929299,Mouse,3814,68
929375,Mouse,3546,64
929423,Mouse,4046,64
929439,Mouse,5756,70
929531,Mouse,3878,67
929561,Elephant,297748,961
929653,Mouse,3464,64
929662,Mouse,5691,66
929689,Mouse,4594,65
929701,Mouse,3762,64
929721,Mouse,3921,64
929734,Mouse,4008,65
929756,Mouse,5012,65
929774,Mouse,4997,65
929804,Mouse,5505,66
929867,Mouse,5818,66
929882,Mouse,3511,64
930001,Mouse,3014,64
930005,Mouse,4702,66
930049,Mouse,3247,66
930190,Mouse,3512,64
930299,Mouse,3380,68
930310,Mouse,3043,74
930414,Mouse,5503,66
930553,Mouse,5469,72
930698,Mouse,5218,76
930715,Mouse,5481,72
930726,Mouse,3629,76
930741,Mouse,5502,84
930796,Elephant,298901,863
930810,Mouse,3329,79
930875,Mouse,3402,69
930908,Mouse,3155,66
931052,Mouse,4729,65
931072,Elephant,436153,1055
931176,Mouse,3511,67
931209,Mouse,3802,75
931229,Mouse,5356,65
931236,Mouse,4390,65
931248,Mouse,4045,66
931356,Mouse,3472,66
931491,Mouse,3580,64
931531,Mouse,5795,69
931555,Mouse,5736,70
931592,Mouse,5713,70
931624,Mouse,5174,76
931647,Mouse,5072,73
931665,Mouse,5732,81
931697,Mouse,4584,79
931726,Mouse,5630,89
931766,Mouse,4347,86
931772,Elephant,396711,1034
931796,Mouse,3302,78
931799,Mouse,5489,82
931817,Mouse,5518,79
931826,Mouse,3372,65
931852,Mouse,3784,74
931868,Mouse,4524,65
931929,Mouse,5415,67
932008,Mouse,5606,70
932020,Mouse,5703,71
932032,Mouse,3321,71
932043,Mouse,5485,67
932071,Mouse,3115,71
932257,Mouse,3890,64
932271,Elephant,573745,1223
932329,Mouse,5359,65
932333,Mouse,4938,65
932409,Mouse,3139,64
932413,Mouse,3246,64
932419,Mouse,5780,66
932488,Mouse,5535,66
932586,Mouse,3110,64
932636,Mouse,4758,65
932705,Mouse,4754,68
932791,Mouse,4703,65
932809,Mouse,5179,65
932884,Mouse,5043,65
932922,Mouse,3143,67
933004,Mouse,5683,70
933068,Mouse,3786,64
933074,Mouse,4657,65
933089,Mouse,5561,69
933121,Mouse,4462,65
933138,Mouse,3468,67
933157,Mouse,5574,73
933158,Mouse,4489,73
933283,Mouse,5220,71
933299,Mouse,5577,67
933367,Mouse,5235,69
933603,Mouse,5217,69
933672,Mouse,4318,69
933699,Mouse,3355,67
933703,Elephant,578315,1198
933709,Mouse,3607,65
933734,Mouse,4431,65
933797,Mouse,5042,65
933814,Mouse,4654,69
934006,Elephant,36026,234
934050,Mouse,5634,66
934088,Mouse,4265,65
934130,Mouse,3547,64
934160,Elephant,127094,507
934200,Mouse,3671,65
934226,Mouse,3985,64
934409,Mouse,4243,64
934432,Mouse,3492,64
934509,Mouse,5094,65
934513,Mouse,3341,64
934549,Mouse,5034,65
934588,Mouse,3875,64
934611,Mouse,5495,66
934658,Mouse,5179,67
934679,Mouse,4602,67
934808,Mouse,4292,70
934905,Mouse,4168,70
935013,Mouse,3597,67
935079,Mouse,5721,74
935088,Mouse,3329,72
935214,Elephant,407765,1006
935366,Mouse,4793,68
935427,Mouse,3410,77
935452,Mouse,3139,75
935465,Mouse,4329,86
935496,Mouse,5453,96
935509,Mouse,5350,101
935637,Mouse,3735,97
935687,Mouse,4552,107
935706,Mouse,3153,104
935714,Mouse,4042,110
935804,Elephant,132985,653
935826,Elephant,104178,570
935848,Mouse,4732,79
935955,Mouse,4771,65
935965,Elephant,529160,1365
936067,Mouse,4678,72
936075,Mouse,4214,74
936132,Mouse,4140,73
936192,Elephant,130370,792
936232,Mouse,5327,67
936235,Mouse,4793,66
936358,Mouse,4453,65
936362,Mouse,4286,65
936422,Mouse,5621,70
936456,Elephant,33986,234
936458,Mouse,4111,67
936472,Mouse,3339,70
936508,Mouse,4363,65
936522,Elephant,317127,1189
936590,Mouse,4802,65
936749,Mouse,3206,64
936802,Mouse,4409,68
936811,Mouse,3164,68
936856,Mouse,4675,67
936866,Mouse,4526,65
936910,Mouse,4748,65
936940,Mouse,3845,64
937020,Mouse,4540,66
937024,Mouse,3513,66
937072,Mouse,5788,66
937212,Mouse,3653,64
937241,Mouse,3797,67
937349,Mouse,5510,68
937354,Mouse,4386,70
937355,Mouse,5438,71
937377,Mouse,5355,70
937475,Mouse,3607,64
937520,Mouse,4880,66
937641,Mouse,3713,68
937662,Mouse,4855,68
937774,Mouse,4599,69
937826,Mouse,5441,70
937882,Mouse,3500,66
937907,Mouse,4174,66
937983,Elephant,592208,1249
938020,Mouse,4042,64
938123,Mouse,3360,64
938143,Mouse,5297,65
938223,Mouse,5769,66
938231,Mouse,5442,66
938265,Mouse,3571,64
938290,Mouse,5400,65
938482,Mouse,3058,64
938503,Mouse,4269,65
938574,Mouse,3313,64
938581,Mouse,3321,65
938582,Mouse,4571,68
938598,Mouse,3578,64
938623,Mouse,4224,66
938637,Mouse,5743,66
938700,Mouse,4797,65
938711,Mouse,5022,65
938758,Mouse,4251,64
938775,Mouse,4990,69
938807,Mouse,5027,65
938825,Mouse,5335,73
938846,Mouse,5339,65
938890,Mouse,4632,66
938934,Mouse,3006,64
938991,Mouse,3261,67
939017,Mouse,5097,65
939039,Mouse,3417,70
939101,Mouse,4659,65
939171,Mouse,3015,66
939359,Mouse,5578,75
939372,Mouse,5141,81
939377,Mouse,4977,77
939412,Mouse,5465,78
939430,Mouse,5816,68
939500,Mouse,4102,66
939632,Mouse,3628,66
939679,Elephant,390847,1058
939692,Mouse,5732,67
939732,Mouse,3385,64
939742,Mouse,4549,65
939763,Mouse,4369,66
939939,Elephant,253950,1014
939949,Mouse,5189,65
939972,Mouse,5541,67
940001,Mouse,4945,65
940116,Mouse,4791,65
940185,Mouse,3895,66
940193,Mouse,5106,65
940200,Mouse,4709,65
940210,Mouse,3244,64
940228,Mouse,5467,69
940248,Mouse,4345,65
940468,Mouse,5481,66
940484,Mouse,3908,67
940619,Mouse,4374,68
940761,Mouse,3701,67
940816,Mouse,4150,64
940850,Mouse,3084,65
940901,Mouse,5342,65
940982,Mouse,4129,66
941072,Mouse,5721,66
941090,Elephant,433384,1019
941121,Mouse,4146,64
941156,Mouse,3725,65
941241,Mouse,5652,67
941306,Mouse,4637,67
941307,Mouse,3890,67
941379,Mouse,5436,70
941399,Mouse,3282,64
941427,Mouse,4150,73
941435,Mouse,4311,65
941543,Elephant,98263,451
941602,Mouse,4640,65
941706,Mouse,5775,70
941879,Mouse,4858,67
941962,Mouse,3987,67
942002,Mouse,4254,67
942014,Mouse,5121,73
942027,Mouse,3858,64
942098,Mouse,3976,66
942108,Mouse,4496,69
942308,Mouse,4557,67
942315,Mouse,5332,72
942319,Mouse,5676,75
942327,Mouse,5668,76
942369,Mouse,3761,77
942414,Mouse,3038,64
942470,Mouse,4001,68
942492,Mouse,3810,65
942639,Mouse,5561,70
942652,Elephant,492940,1102
942669,Mouse,3269,64
942757,Mouse,4340,65
942790,Mouse,5022,65
942800,Mouse,4009,64
942837,Mouse,3653,64
942930,Mouse,3296,66
942933,Mouse,5497,68
942956,Mouse,3212,64
942990,Mouse,5804,66
943068,Mouse,3173,64
943085,Mouse,5041,65
943101,Mouse,3439,64
943143,Mouse,3763,67
943145,Mouse,4650,68
943234,Mouse,3741,64
943323,Mouse,4259,65
943473,Mouse,4566,65
943496,Mouse,3097,64
943545,Mouse,3881,64
943571,Mouse,5506,66
943621,Mouse,5402,65
943661,Mouse,5433,66
943899,Mouse,5476,68
943958,Mouse,4496,65
943962,Mouse,4167,65
944023,Mouse,5732,70
944133,Mouse,5556,66
944194,Mouse,4412,67
944252,Mouse,4748,69
944392,Mouse,5198,69
944465,Mouse,3508,65
944498,Mouse,5378,68
944499,Elephant,272744,800
944508,Mouse,4663,65
944578,Mouse,5345,65
944581,Mouse,4024,65
944601,Mouse,3547,64
944638,Mouse,4125,64
944662,Mouse,4041,64
944678,Mouse,5149,65
944710,Mouse,4859,65
944723,Mouse,3218,64
944814,Mouse,3628,64
944823,Mouse,3582,64
944861,Mouse,3814,64
944890,Mouse,5416,65
945185,Mouse,3587,64
945195,Mouse,4067,68
945269,Mouse,4668,65
945309,Mouse,4213,64
945478,Mouse,4110,64
945482,Mouse,3244,64
945529,Mouse,3079,64
945548,Elephant,185928,634
945557,Mouse,3443,64
945567,Mouse,5215,65
945614,Mouse,5679,67
945621,Mouse,4146,64
945695,Mouse,3496,65
945697,Mouse,4487,67
945793,Mouse,5539,66
945963,Mouse,3557,64
946204,Mouse,5460,66
946216,Mouse,4067,64
946329,Mouse,4780,65
946364,Mouse,5456,66
946409,Mouse,5837,66
946431,Mouse,4753,65
946471,Mouse,5617,66
946521,Mouse,3491,64
946570,Mouse,3797,64
946630,Mouse,3882,66
946642,Mouse,5835,66
946716,Mouse,5504,70
946726,Mouse,4574,65
946761,Elephant,76195,374
946766,Mouse,4690,65
946803,Mouse,4731,66
946922,Mouse,4023,67
947118,Mouse,3291,69
947153,Mouse,3563,68
947163,Mouse,3763,67
947181,Mouse,4014,69
947236,Mouse,4683,72
947291,Mouse,3097,71
947334,Mouse,5114,72
947454,Mouse,4974,85
947468,Mouse,5025,89
947491,Elephant,113424,533
947495,Elephant,206145,789
947590,Mouse,3370,68
947591,Mouse,3851,69
947717,Mouse,5783,74
947748,Elephant,404549,1024
947771,Mouse,3889,76
947785,Mouse,4238,72
947792,Mouse,3692,67
947806,Mouse,4997,70
947824,Mouse,5264,75
947879,Mouse,4436,65
947954,Mouse,5791,75
947964,Mouse,4332,67
947969,Mouse,4648,67
948095,Mouse,5742,74
948138,Mouse,4785,73
948245,Mouse,4263,76
948334,Mouse,5644,87
948366,Mouse,4611,95
948367,Mouse,5346,96
948409,Mouse,5701,105
948528,Mouse,3735,110
948573,Mouse,5372,113
948629,Mouse,3814,110
948637,Elephant,492524,1272
948642,Mouse,5719,110
948669,Mouse,4341,101
948673,Mouse,3309,102
948684,Mouse,4903,105
948700,Mouse,4641,73
948795,Elephant,383568,1187
948932,Mouse,5502,69
948980,Mouse,5058,69
949039,Mouse,4157,68
949073,Mouse,5718,80
949102,Mouse,3926,77
949145,Elephant,151600,675
949396,Mouse,3357,74
949412,Mouse,5829,81
949424,Mouse,3989,82
949432,Elephant,52601,349
949462,Mouse,4215,83
949552,Mouse,5646,70
949576,Elephant,290251,898
949654,Mouse,4643,70
949671,Mouse,3322,70
949708,Elephant,588046,1676
949810,Mouse,4841,65
949824,Mouse,3052,64
949833,Mouse,3332,64
949895,Mouse,3206,64
950074,Mouse,5288,65
950161,Mouse,4716,65
950219,Mouse,3414,69
950225,Mouse,5619,73
950271,Mouse,4059,65
950307,Mouse,3174,65
950331,Mouse,3815,68
950335,Elephant,212508,686
950392,Mouse,3083,67
950457,Mouse,3091,64
950506,Mouse,4303,65
950583,Mouse,3278,67
950621,Mouse,5768,71
950647,Mouse,3772,65
950655,Mouse,4651,67
950660,Mouse,4805,71
950697,Mouse,4558,68
950722,Mouse,5542,68
950811,Mouse,4941,70
950813,Mouse,4500,72
950860,Mouse,5076,73
950876,Elephant,334973,895
950918,Mouse,4684,65
950924,Mouse,3129,64
950930,Mouse,4029,64
950936,Mouse,5245,65
950978,Mouse,3440,64
951056,Mouse,4383,65
951207,Mouse,3136,64
951293,Mouse,5654,66
951326,Mouse,4741,69
951351,Mouse,3026,66
951399,Mouse,5629,66
951643,Mouse,4047,66
951646,Mouse,3967,68
951660,Mouse,3911,71
951686,Mouse,4658,76
951718,Mouse,5552,77
951751,Mouse,3051,67
951769,Mouse,3582,72
951855,Mouse,3967,68
951861,Mouse,4359,71
951920,Mouse,5839,76
952162,Elephant,444324,1096
952166,Mouse,3152,98
952168,Mouse,3667,98
952204,Mouse,3262,84
952211,Mouse,3236,84
952251,Mouse,5774,66
952316,Mouse,4722,70
952373,Mouse,5106,77
952492,Elephant,546452,1321
952671,Mouse,4748,69
952700,Mouse,5046,69
952813,Mouse,5357,67
952863,Mouse,4561,72
952869,Mouse,5479,76
952890,Mouse,3512,66
952896,Mouse,3235,70
952905,Mouse,3665,69
952964,Mouse,5230,70
953079,Mouse,4384,79
953122,Mouse,3803,91
953199,Mouse,5016,89
953236,Elephant,500863,1263
953254,Mouse,3153,82
953283,Mouse,4762,96
953327,Mouse,4977,78
953344,Mouse,4897,68
953574,Mouse,4595,93
953647,Mouse,4924,119
953674,Elephant,110954,740
953702,Mouse,3224,120
953798,Mouse,4794,100
953854,Mouse,4698,98
953862,Elephant,386328,1157
953903,Mouse,5772,88
953905,Mouse,5632,89
953913,Mouse,4295,81
954002,Mouse,5425,84
954027,Mouse,3132,81
954092,Mouse,4148,89
954216,Elephant,414474,1334
954479,Mouse,4142,86
954565,Mouse,3450,87
954648,Elephant,367442,1357
954655,Mouse,5225,94
954760,Mouse,5314,93
954824,Elephant,255356,925
954831,Mouse,5094,92
954839,Mouse,5352,95
954867,Mouse,4967,83
955007,Mouse,3081,67
955013,Elephant,487169,1576
955040,Mouse,4182,68
955042,Mouse,5149,69
955110,Mouse,4055,64
955148,Mouse,3480,64
955233,Mouse,4696,69
955272,Mouse,4478,70
955332,Mouse,5438,66
955674,Mouse,3529,71
955756,Mouse,4058,68
955809,Elephant,554375,1240
955833,Mouse,3990,66
955836,Mouse,3868,65
955876,Mouse,3973,72
955882,Mouse,3864,72
956018,Mouse,5063,65
956191,Mouse,4829,72
956414,Mouse,4591,75
956499,Mouse,4430,78
956551,Mouse,3511,84
956569,Elephant,438517,1074
956603,Mouse,3326,85
956606,Mouse,3392,85
956608,Mouse,3458,86
956656,Mouse,4434,73
956673,Mouse,3663,69
956729,Mouse,3614,76
956766,Mouse,5215,69
956813,Elephant,387837,1012
956836,Mouse,4226,69
956870,Mouse,3171,64
956895,Mouse,3046,66
956957,Mouse,5397,65
957052,Mouse,5510,66
957286,Mouse,5720,73
957293,Mouse,4634,77
957306,Mouse,4322,76
957389,Mouse,3799,79
957413,Mouse,4540,79
957442,Mouse,5511,86
957543,Mouse,4933,95
957570,Mouse,5839,109
957579,Mouse,3798,107
957597,Mouse,5694,114
957717,Mouse,4023,83
957725,Mouse,3226,87
957737,Mouse,3789,83
957850,Mouse,5065,85
957875,Mouse,3151,89
957879,Elephant,593534,1441
958156,Elephant,543445,1507
958180,Mouse,3612,86
958188,Elephant,157710,810
958218,Mouse,3295,66
958267,Mouse,5667,73
958369,Mouse,4324,72
958417,Mouse,3068,74
958470,Mouse,3939,70
958484,Mouse,3653,72
958542,Mouse,4156,82
958593,Mouse,4339,89
958597,Elephant,192244,768
958600,Elephant,170711,712
958643,Mouse,3246,71
958645,Mouse,5702,78
958663,Mouse,5018,68
958666,Mouse,5089,70
958725,Mouse,4073,74
958746,Mouse,5113,65
958791,Mouse,5709,73
958884,Mouse,3383,68
958890,Elephant,61512,351
958902,Mouse,4639,71
958957,Mouse,3925,71
958978,Mouse,4764,78
959046,Mouse,5768,73
959048,Mouse,3841,72
959070,Mouse,5617,78
959146,Mouse,3761,69
959242,Mouse,3658,69
959256,Mouse,3088,77
959280,Elephant,551001,1480
959301,Mouse,4004,74
959349,Mouse,4831,68
959356,Mouse,3192,70
959384,Mouse,3202,64
959430,Mouse,3288,68
959471,Mouse,3543,73
959597,Elephant,49742,295
959607,Mouse,3556,67
959642,Elephant,414438,1266
959681,Mouse,5144,74
959762,Mouse,5303,67
959786,Mouse,3971,64
959896,Mouse,4187,67
959902,Mouse,4238,71
959920,Mouse,4307,68
959962,Mouse,5561,77
959970,Mouse,3319,69
959974,Mouse,4212,70
960025,Mouse,4427,71
960110,Mouse,3789,66
960133,Mouse,5727,74
960153,Mouse,5558,72
960255,Mouse,4547,71
960267,Mouse,3994,77
960346,Mouse,4314,101
960367,Mouse,4615,106
960469,Mouse,4506,122
960510,Mouse,4854,125
960540,Mouse,3127,128
960604,Elephant,533084,1313
960642,Mouse,3186,122
960695,Mouse,4004,87
960728,Mouse,3439,76
960796,Mouse,5323,84
960830,Mouse,4415,90
960858,Mouse,4482,97
960889,Mouse,5330,107
960899,Mouse,5500,114
960912,Mouse,5763,116
960991,Mouse,4897,111
961052,Elephant,171828,1001
961069,Mouse,4097,81
961107,Mouse,4629,81
961214,Elephant,188251,977
961236,Mouse,4578,77
961322,Mouse,3090,70
961452,Mouse,3584,84
961489,Mouse,4779,94
961543,Mouse,3574,100
961561,Elephant,437517,1711
961612,Mouse,5023,104
961646,Mouse,5228,96
961671,Mouse,5774,95
961672,Elephant,440742,1483
961680,Mouse,4791,88
961919,Mouse,5588,79
962035,Mouse,4852,85
962049,Mouse,4049,87
962111,Mouse,4516,104
962118,Mouse,5713,108
962127,Mouse,4848,111
962181,Mouse,3225,116
962241,Mouse,4492,118
962255,Mouse,4903,118
962309,Elephant,554272,1932
962341,Mouse,5563,95
962515,Mouse,5492,71
962522,Mouse,3441,74
962542,Mouse,5420,86
962730,Mouse,5286,95
962787,Mouse,3545,106
962887,Mouse,3024,119
962981,Mouse,4938,109
963238,Mouse,3361,117
963259,Mouse,4364,122
963493,Mouse,5514,126
963537,Elephant,595117,1944
963611,Mouse,5596,154
963613,Mouse,3924,150
963646,Mouse,5188,136
963674,Elephant,497782,1935
963705,Mouse,4395,119
963718,Mouse,4773,123
963719,Mouse,3764,122
963751,Mouse,4514,122
963853,Mouse,5298,82
963862,Mouse,3880,85
963868,Mouse,5137,89
963910,Mouse,4469,99
963939,Mouse,5047,103
963952,Elephant,53632,508
963971,Mouse,5180,108
963990,Mouse,3473,102
964035,Mouse,4114,99
964066,Mouse,5343,102
964090,Elephant,521708,2391
964101,Mouse,5494,92
964158,Elephant,391330,1677
964304,Elephant,139196,1004
964446,Mouse,5255,70
964486,Mouse,5799,78
964509,Mouse,3957,79
964531,Mouse,5545,87
964560,Elephant,268102,1033
964592,Mouse,3283,80
964602,Mouse,5777,82
964624,Mouse,3543,66
964651,Mouse,5335,65
964685,Mouse,5356,70
964739,Mouse,5551,68
964787,Mouse,4634,70
964821,Mouse,3980,70
964875,Mouse,3105,68
964916,Mouse,4253,70
964921,Mouse,4164,75
965025,Mouse,4034,79
965059,Mouse,4494,90
965181,Mouse,4420,103
965202,Mouse,4084,104
965246,Mouse,4120,113
965265,Mouse,4869,119
965312,Mouse,3282,127
965338,Mouse,4993,131
965367,Mouse,4181,129
965396,Elephant,512699,1338
965411,Mouse,3766,115
965444,Mouse,3902,117
965513,Mouse,3967,85
965564,Mouse,4001,85
965629,Mouse,4135,87
965705,Mouse,4928,92
965738,Mouse,3788,92
965769,Mouse,3558,92
965835,Mouse,3631,95
965865,Elephant,594857,1717
965867,Mouse,5374,110
965881,Mouse,5263,97
965960,Mouse,3784,76
965972,Mouse,5376,73
966025,Mouse,5412,76
966063,Mouse,5278,86
966172,Mouse,4093,91
966201,Mouse,3030,92
966259,Elephant,380040,1362
966293,Mouse,4352,104
966308,Mouse,3435,81
966318,Mouse,4703,85
966355,Mouse,4184,75
966382,Mouse,3052,83
966547,Mouse,3719,106
966562,Mouse,4328,106
966614,Mouse,5210,116
966648,Mouse,4027,108
966665,Mouse,5103,113
966690,Mouse,4314,108
966696,Mouse,3415,108
966715,Mouse,4981,110
966771,Mouse,4402,108
966872,Mouse,4437,96
966937,Mouse,5209,96
966954,Mouse,5306,100
966985,Mouse,5068,106
967027,Mouse,5590,117
967061,Mouse,4358,121
967095,Mouse,4521,124
967143,Mouse,4195,124
967153,Mouse,4359,127
967205,Elephant,537649,1872
967380,Mouse,3803,126
967517,Mouse,3093,137
967544,Mouse,4137,132
967571,Mouse,3878,133
967688,Elephant,537219,1992
967696,Mouse,3842,125
967702,Mouse,4380,126
967746,Mouse,5222,121
967764,Mouse,5012,112
967799,Mouse,5511,107
967822,Mouse,5021,110
967874,Mouse,3834,113
967892,Mouse,3768,110
967922,Mouse,4424,117
968005,Mouse,5394,130
968069,Elephant,134795,916
968115,Mouse,4317,125
968123,Mouse,5713,129
968160,Mouse,4357,109
968251,Elephant,365749,1986
968300,Mouse,4200,100
968302,Mouse,5541,104
968320,Mouse,3835,100
968324,Mouse,5337,103
968371,Mouse,4440,102
968373,Mouse,5433,104
968393,Mouse,3735,108
968420,Mouse,3299,111
968436,Mouse,5252,113
968468,Mouse,3408,103
968479,Elephant,335139,2168
968551,Mouse,4941,84
968624,Mouse,3629,70
968636,Mouse,3899,71
968650,Mouse,5266,76
968748,Elephant,518070,2168
968763,Mouse,3526,67
968805,Mouse,4758,69
968853,Mouse,3874,71
968871,Mouse,4418,66
968884,Mouse,5073,69
968899,Mouse,4840,69
968935,Mouse,3280,70
969144,Mouse,4580,65
969153,Mouse,5194,69
969249,Elephant,435373,1466
969290,Mouse,5332,73
969300,Mouse,3513,65
969355,Mouse,3143,64
969364,Mouse,3873,64
969369,Mouse,3117,64
969409,Mouse,3478,65
969415,Mouse,3870,64
969502,Mouse,4935,65
969539,Mouse,4548,65
969560,Mouse,3808,67
969597,Elephant,115375,498
969722,Mouse,3217,72
969728,Mouse,5162,68
969749,Mouse,4708,69
969818,Mouse,5513,70
969825,Mouse,3745,72
969955,Mouse,4881,67
970080,Mouse,3465,72
970147,Mouse,4173,71
970223,Elephant,435411,1117
970250,Mouse,4908,71
970269,Mouse,5406,68
970294,Mouse,5651,74
970411,Elephant,277468,813
970418,Mouse,3891,67
970459,Mouse,4587,67
970477,Mouse,4529,65
970489,Mouse,4418,65
970513,Mouse,5775,68
970561,Mouse,5363,69
970585,Mouse,3730,64
970597,Mouse,4413,69
970694,Mouse,4640,69
970699,Mouse,3015,68
970703,Mouse,5103,66
970805,Elephant,196214,673
970842,Mouse,5727,66
970878,Mouse,4629,65
970917,Mouse,3097,64
970921,Mouse,5686,67
970956,Mouse,4259,65
971093,Mouse,4689,65
971193,Mouse,3240,64
971200,Mouse,4031,64
971223,Mouse,3001,72
971242,Mouse,5677,66
971333,Mouse,5764,66
971401,Mouse,3366,69
971435,Mouse,3326,69
971480,Mouse,5464,72
971538,Mouse,3043,72
971745,Mouse,3701,95
971792,Mouse,5491,107
971905,Mouse,5094,117
971920,Mouse,3655,117
971930,Mouse,4401,124
971961,Elephant,304529,983
972130,Elephant,356282,1070
972135,Mouse,5605,70
972160,Mouse,4205,65
972314,Mouse,3916,68
972326,Mouse,5244,73
972366,Mouse,5471,73
972582,Mouse,5270,91
972630,Mouse,5135,101
972736,Mouse,3484,113
972811,Mouse,4311,128
972822,Mouse,4848,132
972899,Mouse,4361,145
972911,Mouse,3412,144
972983,Mouse,3486,154
973040,Elephant,458077,1702
973046,Mouse,4714,145
973177,Mouse,4528,93
973226,Elephant,593777,1838
973309,Elephant,32791,247
973355,Mouse,5196,69
973619,Mouse,4408,111
973691,Mouse,3981,120
973773,Mouse,5642,122
973830,Mouse,4513,114
973840,Mouse,4354,119
973881,Mouse,4581,130
973983,Mouse,3384,126
974093,Mouse,3987,130
974106,Mouse,4292,125
974269,Elephant,120364,877
974315,Mouse,5636,138
974398,Mouse,3793,143
974503,Mouse,3788,149
974517,Mouse,4075,144
974556,Mouse,5755,154
974631,Elephant,470914,2301
974711,Mouse,4945,109
974735,Mouse,3031,108
974755,Mouse,4580,109
974968,Elephant,580527,2645
975038,Mouse,5468,114
975074,Mouse,4311,113
975092,Mouse,4180,112
975103,Mouse,4151,105
975122,Mouse,4477,112
975128,Elephant,463079,2529
975139,Mouse,5149,115
975337,Elephant,154943,1017
975349,Mouse,5248,97
975428,Mouse,4376,98
975459,Mouse,5442,99
975512,Mouse,4653,104
975541,Mouse,4179,112
975562,Mouse,4822,120
975696,Elephant,540752,2776
975714,Elephant,195717,1567
975764,Mouse,5785,84
975850,Elephant,434209,1804
975856,Mouse,3496,71
975880,Mouse,5286,74
975930,Mouse,4862,65
975973,Mouse,3874,65
975989,Elephant,315651,2185
975997,Mouse,3254,64
976039,Mouse,4029,64
976107,Elephant,136721,681
976153,Mouse,3927,64
976189,Mouse,3009,64
976246,Mouse,5058,65
976248,Mouse,3008,64
976309,Mouse,3286,64
976314,Mouse,5684,67
976328,Mouse,5580,66
976331,Mouse,3140,64
976357,Mouse,4500,66
976423,Mouse,4510,65
976453,Mouse,3674,64
976508,Mouse,4733,65
976715,Mouse,5453,66
976803,Mouse,4214,66
976811,Mouse,5216,71
976877,Mouse,5632,66
976962,Mouse,3854,64
977082,Mouse,4940,67
977093,Mouse,4636,66
977152,Mouse,4143,68
977156,Mouse,3631,69
977219,Elephant,52387,318
977240,Mouse,5143,65
977280,Mouse,3832,65
977308,Mouse,4559,65
977484,Mouse,4508,68
977544,Mouse,3570,70
977558,Mouse,4168,70
977568,Elephant,442116,1042
977580,Mouse,5737,68
977612,Mouse,3189,69
977773,Mouse,3417,64
977891,Elephant,134991,548
977992,Mouse,3896,65
978036,Mouse,3494,69
978090,Mouse,5320,74
978110,Mouse,4843,80
978212,Mouse,5688,96
978248,Elephant,139736,610
978296,Mouse,3179,98
978323,Mouse,3740,84
978355,Mouse,5826,84
978376,Mouse,3299,85
978397,Elephant,181450,720
978469,Mouse,4533,69
978677,Elephant,284146,888
978700,Mouse,4342,71
978708,Mouse,4002,73
978720,Mouse,5348,77
978766,Mouse,3251,65
978768,Mouse,3921,66
978777,Mouse,3548,65
978843,Mouse,5544,68
978894,Mouse,3934,64
979007,Elephant,569749,1377
979050,Mouse,3824,65
979072,Mouse,4610,70
979081,Mouse,3705,69
979084,Mouse,5286,71
979129,Mouse,3518,64
979249,Mouse,3722,65
979298,Mouse,3742,68
979328,Mouse,3973,69
979407,Mouse,3774,69
979410,Mouse,5549,73
979496,Mouse,3096,83
979496,Mouse,3397,82
979500,Mouse,5058,82
979572,Mouse,5491,79
979634,Mouse,5668,83
979679,Mouse,3869,91
979685,Elephant,82551,462
979733,Mouse,4277,82
979805,Mouse,5802,79
979877,Elephant,347313,970
979940,Elephant,337096,979
980195,Mouse,3017,68
980246,Mouse,5599,72
980256,Mouse,4662,67
980298,Mouse,3975,72
980311,Mouse,3251,71
980361,Elephant,148592,614
980590,Mouse,4026,74
980697,Mouse,3634,71
980725,Mouse,4130,77
980731,Mouse,4624,83
980792,Mouse,3011,93
980839,Mouse,4642,102
980840,Mouse,5336,104
980959,Mouse,3808,100
980976,Elephant,326698,988
981340,Elephant,482199,1234
981363,Mouse,3811,73
981415,Mouse,3344,71
981509,Mouse,3928,67
981555,Mouse,5832,67
981615,Mouse,5500,70
981710,Mouse,5602,71
981719,Elephant,599031,1305
981724,Mouse,3688,64
981728,Mouse,5049,65
981746,Mouse,3114,64
981876,Mouse,3908,67
981878,Mouse,5661,69
981884,Mouse,3952,64
981904,Mouse,3033,64
981936,Mouse,5269,69
982013,Mouse,5754,66
982092,Mouse,3742,64
982121,Mouse,3885,64
982217,Mouse,4912,65
982255,Mouse,5021,65
982269,Mouse,3374,66
982271,Mouse,5072,68
982288,Mouse,5340,69
982396,Mouse,3373,64
982546,Mouse,3449,67
982556,Mouse,5021,72
982645,Mouse,5143,68
982699,Mouse,4022,64
982706,Elephant,358284,925
982765,Mouse,5465,66
982776,Mouse,3543,64
982924,Mouse,4454,65
982949,Mouse,3859,64
982981,Mouse,3793,64
983008,Mouse,5310,65
983074,Mouse,4266,65
983099,Mouse,3626,65
983102,Mouse,5135,67
983233,Mouse,3461,64
983317,Mouse,5151,65
983355,Mouse,3159,64
983361,Mouse,3491,65
983416,Mouse,3301,64
983627,Mouse,3539,67
983704,Mouse,5260,65
983723,Mouse,4219,64
983749,Mouse,3646,69
983766,Mouse,5580,68
983872,Mouse,4809,65
983903,Elephant,86203,411
983931,Mouse,4964,70
984080,Mouse,4884,70
984163,Mouse,3837,70
984206,Elephant,273047,815
984317,Mouse,4267,67
984368,Elephant,139699,557
984396,Mouse,4831,66
984452,Mouse,3150,67
984528,Mouse,3660,64
984556,Mouse,3908,67
984574,Mouse,4302,71
984581,Mouse,5229,73
984703,Mouse,4093,76
984784,Mouse,5420,82
984821,Mouse,5257,89
984852,Mouse,5300,94
984872,Mouse,4625,101
984909,Mouse,4192,104
984944,Mouse,4769,109
984975,Mouse,3968,110
985247,Mouse,5387,100
985301,Mouse,4927,107
985325,Elephant,586981,1464
985344,Mouse,4751,116
985440,Mouse,5326,85
985531,Elephant,481290,1413
985543,Mouse,5490,89
985582,Mouse,3453,78
985640,Mouse,4639,70
985670,Mouse,4748,76
985692,Mouse,4615,79
985702,Mouse,3030,81
985777,Mouse,3848,89
985855,Elephant,402157,1286
985984,Mouse,3343,67
986076,Mouse,3850,64
986095,Mouse,3698,73
986193,Elephant,269667,993
986222,Mouse,3884,71
986290,Mouse,4057,68
986337,Elephant,368489,1056
986426,Mouse,5650,66
986474,Mouse,4399,65
986497,Mouse,3780,66
986545,Mouse,4829,65
986558,Mouse,4315,65
986574,Mouse,4404,69
986593,Mouse,4453,65
986607,Mouse,3384,64
986659,Elephant,174118,638
986698,Mouse,5091,65
986756,Mouse,3466,64
986823,Mouse,4491,65
986927,Mouse,4026,64
986933,Mouse,3313,64
987093,Mouse,3457,64
987192,Mouse,4700,65
987229,Mouse,3784,64
987244,Mouse,3805,68
987265,Mouse,5676,66
987302,Mouse,4245,65
987412,Elephant,148374,576
987470,Mouse,4463,68
987472,Mouse,3206,67
987690,Mouse,5180,70
987762,Mouse,5126,67
987768,Mouse,5058,70
987783,Mouse,3086,68
988000,Mouse,5207,69
988051,Mouse,4095,71
988076,Mouse,4015,68
988114,Mouse,5290,66
988134,Mouse,3254,66
988136,Elephant,319466,868
988342,Mouse,4316,65
988351,Mouse,4185,64
988424,Mouse,3225,64
988467,Mouse,3481,68
988555,Mouse,5420,69
988605,Mouse,3388,67
988608,Mouse,3372,64
988676,Mouse,3485,67
988702,Mouse,4189,64
988711,Mouse,4451,69
988856,Elephant,214644,685
988910,Mouse,4158,68
988994,Mouse,4968,68
989037,Mouse,5399,67
989045,Mouse,5534,67
989069,Mouse,4158,64
989115,Mouse,4514,66
989126,Mouse,3149,64
989164,Mouse,3245,68
989189,Mouse,4013,65
989235,Mouse,5733,66
989320,Mouse,4359,72
989459,Elephant,52037,322
989508,Elephant,126010,519
989582,Elephant,509530,1493
989602,Mouse,3858,65
989607,Mouse,3663,65
989638,Mouse,5057,65
989656,Mouse,4123,64
989794,Mouse,4270,69
989889,Mouse,4647,69
989902,Mouse,4388,65
990030,Mouse,3164,64
990037,Mouse,3025,64
990122,Mouse,4577,65
990204,Mouse,3631,70
990213,Mouse,5738,73
990216,Mouse,3378,71
990290,Mouse,4959,65
990328,Mouse,4474,68
990345,Mouse,5083,65
990379,Mouse,5597,67
990402,Elephant,400620,980
990419,Mouse,4277,65
990468,Mouse,4688,65
990491,Mouse,3024,64
990560,Mouse,5085,65
990576,Mouse,5384,65
990647,Mouse,4214,64
990676,Mouse,3617,64
990716,Mouse,5704,71
990773,Mouse,3182,64
990852,Mouse,3951,64
990873,Mouse,3213,64
990928,Mouse,4016,67
990960,Mouse,4035,64
990973,Mouse,4461,70
991014,Mouse,4556,69
991031,Mouse,3583,64
991061,Elephant,88682,416
991097,Mouse,3237,64
991129,Mouse,3380,64
991140,Mouse,3770,65
991206,Mouse,3820,64
991249,Mouse,4670,66
991311,Mouse,4464,65
991313,Mouse,3024,64
991582,Mouse,4390,65
991585,Mouse,3774,65
991592,Mouse,4960,65
991763,Mouse,4379,65
991768,Mouse,5280,65
991779,Mouse,5623,70
991832,Mouse,3693,64
991890,Mouse,3735,64
991928,Mouse,4332,65
991960,Mouse,3609,64
991994,Mouse,3786,67
992009,Mouse,5800,66
992030,Mouse,4874,66
992187,Mouse,5795,66
992233,Mouse,4351,65
992252,Mouse,3667,67
992272,Mouse,3081,64
992343,Mouse,3493,69
992354,Mouse,4512,74
992437,Mouse,4237,68
992494,Mouse,4991,72
992504,Mouse,3786,68
992546,Mouse,3118,68
992703,Mouse,5120,67
992707,Mouse,3991,68
992772,Elephant,572494,1191
992801,Mouse,5267,66
992840,Mouse,4246,64
992886,Mouse,5192,65
992927,Mouse,3668,65
992932,Mouse,5469,67
992965,Mouse,4760,69
992998,Mouse,3624,64
993005,Mouse,3240,67
993035,Mouse,4255,64
993066,Mouse,3869,64
993147,Mouse,3799,64
993305,Mouse,5700,68
993361,Mouse,3270,70
993379,Mouse,4544,65
993384,Mouse,5792,66
993398,Mouse,4710,70
993411,Mouse,3772,71
993470,Mouse,5007,65
993509,Mouse,3673,64
993604,Mouse,3839,64
993749,Mouse,4940,73
993750,Mouse,5537,75
993815,Mouse,5597,75
993834,Mouse,3697,64
993851,Mouse,3669,67
993906,Mouse,4937,70
993934,Elephant,511503,1123
993949,Mouse,3769,68
993994,Mouse,5714,66
994001,Mouse,3541,64
994008,Mouse,4967,65
994031,Mouse,4161,64
994092,Mouse,3553,64
994106,Mouse,4443,65
994119,Mouse,4768,65
994356,Mouse,5481,67
994357,Mouse,3233,66
994524,Mouse,5318,66
994676,Mouse,5066,70
994700,Mouse,3257,70
994737,Mouse,4539,75
994792,Mouse,3409,78
994839,Mouse,4567,87
995075,Mouse,4084,102
995096,Mouse,4535,108
995150,Elephant,473473,1189
995161,Mouse,5275,112
995215,Mouse,4373,89
995251,Mouse,5173,78
995363,Mouse,4478,81
995392,Elephant,346276,1057
995427,Mouse,4386,77
995443,Mouse,5308,76
995552,Mouse,4569,70
995618,Elephant,99272,516
995622,Mouse,5600,71
995640,Mouse,4999,71
995707,Mouse,4933,75
995798,Mouse,4355,71
995804,Elephant,573125,1572
995814,Mouse,3592,67
995922,Mouse,4876,68
995929,Mouse,4870,65
995946,Elephant,41057,244
995956,Elephant,88179,422
995960,Mouse,4126,65
995993,Mouse,3883,64
996009,Mouse,3370,64
996065,Mouse,3157,66
996066,Mouse,5141,68
996070,Mouse,4535,67
996186,Mouse,4757,65
996261,Mouse,4384,67
996326,Mouse,4400,65
996344,Mouse,3871,65
996376,Mouse,4319,65
996391,Mouse,3986,65
996430,Mouse,4811,68
996493,Mouse,3964,64
996534,Mouse,5180,68
996573,Mouse,3380,67
996665,Mouse,4048,76
996725,Mouse,4723,80
996764,Mouse,4913,76
996804,Mouse,5029,85
996876,Mouse,3187,91
996926,Mouse,4989,106
996927,Mouse,5296,104
996964,Mouse,5349,112
997000,Mouse,3092,112
997046,Mouse,4466,123
997058,Mouse,4767,126
997070,Mouse,3160,118
997149,Mouse,3517,117
997167,Mouse,3144,120
997191,Mouse,3488,128
997195,Mouse,3959,131
997201,Mouse,3568,133
997224,Elephant,342581,1078
997258,Elephant,163883,788
997271,Mouse,5202,113
997323,Mouse,4708,69
997402,Mouse,5256,65
997413,Mouse,3900,66
997428,Mouse,4154,73
997433,Elephant,36665,314
997476,Mouse,4693,74
997551,Mouse,4047,70
997618,Mouse,5175,70
997648,Mouse,4016,75
997679,Mouse,5225,79
997698,Mouse,3424,86
997720,Mouse,5686,92
997736,Mouse,4819,94
997772,Mouse,3685,102
997812,Elephant,508016,1522
997861,Mouse,4974,78
997871,Mouse,3995,66
997880,Mouse,4199,70
997898,Mouse,5621,75
997919,Mouse,3942,71
997926,Mouse,5519,76
997944,Mouse,5107,80
997993,Mouse,4062,74
998002,Mouse,3186,76
998045,Mouse,3650,76
998084,Mouse,5279,91
998085,Mouse,5750,92
998140,Mouse,3736,89
998146,Elephant,432175,1612
998176,Mouse,4317,83
998250,Mouse,4313,68
998271,Mouse,3184,72
998371,Elephant,276521,894
998380,Mouse,5447,66
998414,Mouse,5254,68
998528,Elephant,215798,918
998537,Mouse,5210,66
998595,Mouse,4040,64
998630,Mouse,4765,65
998678,Mouse,5665,66
998775,Mouse,5568,66
998803,Mouse,5764,66
998890,Mouse,3738,64
998946,Mouse,5241,67
998950,Mouse,5475,67
998965,Mouse,3814,68
999027,Mouse,3715,64
999051,Mouse,3737,66
999093,Mouse,4442,69
999119,Mouse,5800,66
999248,Mouse,5783,66
999292,Mouse,4424,65
999304,Mouse,5424,70
999363,Mouse,5503,71
999372,Mouse,4276,73
999377,Mouse,4689,65
999629,Elephant,521388,1124
999630,Mouse,4801,68
999650,Mouse,3725,65
999754,Mouse,5632,69
999817,Mouse,4762,65
999853,Mouse,5750,68
999954,Mouse,4857,67
1000013,Mouse,4223,64
1000358,Elephant,224737,720
1000475,Elephant,374619,944