CompletionTime_us,FlowType,SizeBytes,FCT_us
100074,Mouse,3393,74
100077,Mouse,4329,77
100080,Mouse,4939,80
100081,Mouse,5282,81
100091,Mouse,3661,64
100137,Mouse,5051,65
100152,Mouse,4864,65
100218,Mouse,3839,64
100274,Mouse,3335,66
100289,Mouse,3517,66
100306,Mouse,3015,64
100346,Mouse,4039,64
100381,Mouse,3242,72
100388,Mouse,4789,68
100516,Mouse,4241,66
100528,Mouse,4141,66
100556,Mouse,4113,72
100781,Mouse,3331,83
100802,Mouse,3085,88
100987,Mouse,4747,122
101147,Mouse,4320,145
101350,Mouse,3630,164
101358,Mouse,3404,167
101369,Mouse,3374,172
101389,Elephant,410860,1389
101466,Mouse,3491,188
101542,Mouse,5238,181
101561,Elephant,116043,890
101566,Mouse,4015,156
101644,Elephant,458632,1479
101681,Mouse,3342,119
101701,Mouse,4933,109
101745,Mouse,5153,98
101758,Mouse,4880,104
101821,Mouse,5657,105
101826,Mouse,3621,107
101883,Elephant,522395,1628
101891,Mouse,3571,103
101909,Mouse,5174,106
101950,Mouse,3664,84
101964,Mouse,5361,87
102084,Elephant,266048,1231
102165,Mouse,5467,66
102197,Mouse,4477,69
102234,Mouse,5194,69
102256,Mouse,4763,71
102297,Mouse,3939,73
102304,Mouse,4876,75
102304,Mouse,3122,69
102312,Mouse,3713,69
102315,Mouse,3648,69
102371,Elephant,310406,1195
102375,Mouse,3592,73
102388,Mouse,5426,66
102400,Mouse,3497,64
102623,Mouse,3782,67
102666,Mouse,5466,69
102695,Mouse,4788,72
102710,Mouse,5077,70
102755,Mouse,4075,69
102765,Elephant,126192,513
102870,Mouse,4379,69
102912,Elephant,185842,645
102965,Mouse,3361,67
103057,Mouse,4284,65
103100,Mouse,5257,69
103145,Mouse,4973,72
103214,Mouse,4928,65
103241,Mouse,4651,65
103358,Mouse,3047,67
103410,Mouse,4051,64
103430,Mouse,4739,65
103436,Mouse,5594,68
103460,Mouse,4270,65
103508,Mouse,4067,64
103671,Mouse,4748,69
103889,Elephant,425161,1131
103938,Mouse,3588,64
103953,Mouse,4302,65
104191,Mouse,4765,65
104196,Mouse,5158,65
104244,Mouse,4926,65
104323,Mouse,4942,68
104493,Mouse,4168,74
104567,Mouse,3543,69
104613,Mouse,4794,82
104643,Mouse,3800,89
104670,Mouse,3601,95
104689,Mouse,3027,102
104741,Mouse,4486,105
104766,Mouse,4342,115
104783,Elephant,184806,717
104816,Mouse,5064,114
104830,Mouse,4616,110
104841,Mouse,5087,114
105042,Elephant,211901,849
105106,Mouse,3275,67
105123,Elephant,205712,805
105282,Elephant,413470,1117
105393,Mouse,3790,64
105477,Mouse,3717,64
105487,Mouse,3156,64
105530,Mouse,5151,65
105546,Mouse,5549,66
105578,Mouse,3275,64
105747,Mouse,5505,66
105801,Mouse,3656,64
105835,Mouse,3210,64
105992,Mouse,5134,71
105996,Mouse,3672,72
106081,Mouse,3325,64
106115,Mouse,4660,74
106120,Mouse,3858,76
106130,Mouse,3464,80
106142,Mouse,3332,83
106193,Mouse,4476,81
106221,Mouse,3659,85
106236,Mouse,4294,84
106298,Mouse,3501,87
106449,Mouse,3819,108
106522,Mouse,3651,124
106530,Mouse,3284,125
106669,Elephant,211843,877
106724,Mouse,4144,150
106749,Mouse,4175,145
106767,Mouse,3606,145
106817,Mouse,5458,151
106860,Mouse,5838,149
107077,Mouse,5674,165
107116,Elephant,385581,1385
107119,Mouse,3574,173
107125,Mouse,3288,165
107194,Mouse,5342,159
107205,Mouse,3361,153
107206,Mouse,5399,156
107214,Mouse,5568,155
107225,Mouse,5435,159
107247,Mouse,5551,162
107314,Elephant,396504,1495
107357,Mouse,3682,108
107372,Mouse,3075,108
107559,Mouse,3083,111
107653,Elephant,359211,1603
107695,Mouse,3071,116
107757,Mouse,5048,104
107822,Mouse,4603,107
107918,Mouse,5126,110
108034,Mouse,3706,86
108095,Mouse,3571,97
108140,Elephant,437240,1772
108279,Elephant,558490,1990
108280,Elephant,217505,950
108303,Mouse,4042,69
108323,Mouse,4091,78
108335,Mouse,4227,64
108377,Mouse,5492,66
108381,Mouse,4904,69
108409,Mouse,4963,65
108479,Elephant,52843,332
108601,Mouse,4410,65
108604,Mouse,3950,65
108611,Mouse,3914,64
108766,Mouse,3057,64
108830,Mouse,5125,65
108911,Mouse,4479,65
108918,Mouse,3328,64
108955,Mouse,5169,66
108974,Mouse,5050,65
109041,Mouse,5626,70
109083,Mouse,4279,69
109174,Mouse,3883,64
109220,Mouse,3824,66
109329,Mouse,5286,74
109364,Mouse,4150,78
109382,Mouse,3026,77
109415,Mouse,4862,84
109533,Mouse,5494,96
109597,Mouse,4059,109
109812,Mouse,3467,128
109849,Mouse,3404,133
109927,Mouse,3514,150
109952,Mouse,3924,152
109999,Elephant,521384,1379
110031,Mouse,4567,164
110078,Mouse,5066,148
110108,Mouse,5568,147
110160,Mouse,3865,127
110397,Mouse,3262,165
110509,Elephant,278986,1321
110527,Elephant,584938,1713
110531,Mouse,4141,162
110584,Mouse,4839,147
110642,Mouse,5207,111
110645,Mouse,3025,111
110728,Mouse,5416,105
110776,Mouse,4634,116
110788,Elephant,300421,1426
110830,Mouse,3326,95
110873,Mouse,3374,73
110883,Mouse,3051,78
110922,Mouse,3574,83
111036,Mouse,3765,102
111106,Mouse,5745,120
111133,Mouse,5379,125
111151,Elephant,297625,1424
111166,Mouse,3005,108
111193,Mouse,5830,115
111199,Mouse,5065,118
111248,Mouse,5677,94
111269,Mouse,4293,100
111289,Mouse,3065,105
111290,Mouse,3962,107
111294,Elephant,241030,1222
111322,Mouse,5550,107
111460,Mouse,5016,74
111487,Mouse,5722,66
111529,Mouse,3476,72
111547,Mouse,3887,67
111567,Mouse,3762,69
111568,Mouse,4210,71
111624,Mouse,5270,76
111685,Mouse,4191,65
111748,Elephant,163184,733
111763,Mouse,3316,66
111779,Mouse,5383,66
111839,Mouse,5027,66
112092,Mouse,4528,73
112112,Mouse,3254,65
112154,Mouse,4702,66
112170,Mouse,3401,70
112178,Mouse,5580,75
112238,Elephant,526813,1389
112261,Mouse,5092,65
112306,Mouse,4365,68
112321,Mouse,5492,66
112382,Mouse,5035,70
112430,Mouse,5290,72
112505,Mouse,5024,68
112532,Mouse,4152,66
112598,Mouse,3124,65
112693,Elephant,256522,777
112700,Mouse,3478,65
112888,Elephant,164083,590
112898,Mouse,4376,69
113152,Mouse,5687,67
113277,Mouse,4594,65
113322,Mouse,4203,76
113325,Mouse,4582,75
113373,Mouse,5187,82
113390,Mouse,3609,71
113400,Elephant,212489,698
113422,Mouse,5552,80
113524,Mouse,4331,66
113599,Mouse,3842,72
113611,Mouse,5085,71
113665,Mouse,5244,70
113696,Mouse,3566,76
113709,Mouse,3911,77
113743,Mouse,3078,87
113791,Mouse,3232,95
113880,Elephant,169970,692
113937,Mouse,3623,91
114066,Elephant,64324,427
114097,Mouse,4227,92
114171,Mouse,4189,88
114178,Mouse,5652,91
114265,Mouse,3692,95
114360,Elephant,591568,1392
114385,Mouse,4261,76
114435,Mouse,3803,67
114438,Mouse,5387,69
114572,Elephant,458654,1239
114591,Mouse,4322,67
114603,Mouse,3442,67
114656,Mouse,3668,64
114668,Mouse,3360,64
114824,Mouse,4705,69
114840,Mouse,3615,66
114841,Mouse,4795,68
114928,Mouse,5366,65
114933,Mouse,3747,65
115036,Mouse,4443,71
115092,Mouse,5708,72
115147,Mouse,3270,73
115154,Elephant,58235,352
115185,Mouse,4606,78
115187,Mouse,3121,73
115198,Mouse,5064,75
115212,Mouse,3282,72
115241,Mouse,3170,75
115301,Mouse,3644,66
115324,Elephant,377578,989
115404,Mouse,5279,69
115457,Mouse,5169,68
115545,Mouse,5048,66
115628,Mouse,4753,65
115682,Mouse,3313,67
115768,Mouse,3535,66
115817,Mouse,3292,68
115820,Mouse,4217,69
115916,Elephant,534980,1167
115972,Mouse,4942,65
115997,Mouse,3036,64
116101,Mouse,5518,66
116202,Mouse,3212,64
116255,Mouse,5729,66
116370,Mouse,3655,64
116473,Mouse,4972,65
116628,Mouse,4681,65
116677,Mouse,3744,64
116689,Mouse,4664,65
116741,Mouse,4190,64
116820,Mouse,5321,65
116875,Mouse,4027,64
116894,Mouse,4662,66
116944,Mouse,5246,71
116977,Mouse,5490,66
117031,Mouse,3263,65
117060,Mouse,5001,68
117065,Mouse,3296,67
117074,Mouse,3137,67
117220,Elephant,72650,368
117268,Mouse,5796,66
117290,Mouse,5678,71
117302,Elephant,128007,515
117308,Mouse,3805,64
117385,Mouse,3196,64
117437,Mouse,3558,65
117473,Mouse,4882,65
117518,Mouse,4182,65
117857,Mouse,5150,75
117913,Mouse,4823,76
117963,Mouse,5541,66
118076,Elephant,423777,1082
118157,Mouse,5435,66
118217,Mouse,5327,65
118239,Mouse,3644,64
118335,Mouse,4765,65
118352,Mouse,3842,64
118374,Mouse,4421,70
118465,Mouse,4584,69
118544,Mouse,4696,68
118558,Mouse,4390,70
118564,Mouse,4280,74
118717,Mouse,5177,75
118821,Mouse,4283,75
118864,Elephant,93746,488
118921,Mouse,3970,75
118924,Mouse,4726,79
118935,Mouse,5100,83
118999,Mouse,5656,85
119047,Elephant,225483,816
119078,Mouse,3375,87
119125,Mouse,3681,76
119154,Mouse,3426,68
119180,Mouse,4996,66
119234,Mouse,3725,69
119250,Mouse,3373,68
119273,Mouse,4585,70
119274,Mouse,3616,70
119287,Elephant,63978,362
119362,Mouse,5557,66
119395,Mouse,5592,68
119475,Mouse,5687,70
119541,Mouse,3683,67
119673,Mouse,5533,67
119722,Mouse,4384,73
119743,Mouse,4792,81
119745,Mouse,3389,82
119754,Elephant,555621,1239
119814,Mouse,5121,71
119943,Mouse,5168,67
119998,Mouse,3730,65
120001,Mouse,5657,67
120085,Mouse,5515,66
120163,Elephant,121157,515
120191,Mouse,4707,70
120262,Mouse,3141,64
120280,Elephant,177452,633
120344,Mouse,4403,69
120585,Mouse,4013,66
120596,Mouse,4868,66
120625,Mouse,3975,67
120796,Mouse,3753,67
120808,Mouse,4274,71
120892,Mouse,3390,67
120925,Elephant,133419,539
121009,Mouse,5253,69
121191,Mouse,4747,73
121233,Mouse,3225,72
121353,Elephant,545815,1162
121458,Mouse,5475,68
121466,Mouse,5219,65
121469,Mouse,4151,65
121513,Mouse,4667,66
121529,Mouse,5816,67
121543,Mouse,5369,74
121544,Mouse,5712,75
121669,Mouse,5221,65
121675,Mouse,4832,68
121770,Elephant,235219,739
121827,Mouse,4023,64
121884,Mouse,4831,65
121888,Mouse,4448,65
121950,Mouse,3461,64
122096,Mouse,3162,64
122120,Mouse,4651,65
122225,Mouse,5629,67
122227,Mouse,3900,66
122260,Mouse,5154,65
122304,Mouse,5297,66
122323,Mouse,3197,67
122356,Mouse,5190,65
122364,Mouse,4127,66
122428,Mouse,5558,67
122456,Mouse,4377,67
122612,Mouse,4578,65
122680,Elephant,281499,808
122743,Mouse,5329,65
122751,Mouse,5695,66
122765,Mouse,3632,64
122848,Mouse,4977,65
122876,Mouse,5178,65
122971,Mouse,3023,64
123008,Mouse,4207,67
123096,Mouse,5247,67
123107,Mouse,3494,68
123114,Mouse,5208,65
123149,Mouse,5141,70
123211,Mouse,3783,64
123353,Mouse,4380,68
123442,Mouse,5702,72
123442,Mouse,3361,70
123583,Mouse,4735,81
123597,Mouse,3924,82
123686,Mouse,5522,96
123709,Mouse,3574,89
123761,Elephant,261644,863
123766,Mouse,5712,92
123769,Mouse,3151,93
123777,Mouse,5406,97
123810,Elephant,167465,670
123828,Mouse,3909,84
123834,Elephant,259180,839
123853,Mouse,3357,82
124027,Mouse,5220,67
124076,Mouse,5472,69
124168,Mouse,4991,74
124171,Mouse,3602,66
124177,Mouse,3939,64
124247,Mouse,4540,72
124279,Mouse,4220,68
124298,Elephant,49707,299
124306,Mouse,3160,69
124333,Mouse,4433,66
124391,Elephant,168904,624
124406,Mouse,5782,66
124457,Mouse,3698,64
124537,Mouse,5354,65
124607,Mouse,5420,65
124730,Mouse,3806,67
124915,Mouse,5687,69
124935,Mouse,4208,64
125003,Mouse,5385,67
125067,Elephant,192996,663
125100,Mouse,3192,67
125129,Mouse,5577,66
125162,Mouse,4812,65
125169,Mouse,5042,65
125268,Elephant,95725,455
125401,Mouse,3714,64
125477,Elephant,85605,410
125485,Mouse,5563,66
125632,Mouse,4519,71
125824,Mouse,5547,66
125847,Mouse,4703,71
125853,Mouse,3422,72
126089,Mouse,5802,74
126107,Mouse,3465,68
126142,Mouse,4557,72
126201,Mouse,4923,70
126235,Mouse,3070,69
126267,Mouse,4305,74
126276,Mouse,4805,77
126423,Mouse,5154,82
126459,Elephant,502788,1163
126467,Mouse,3363,76
126542,Mouse,3243,64
126561,Mouse,5792,69
126622,Mouse,5607,74
126636,Mouse,3419,77
126645,Mouse,3379,72
126674,Elephant,439208,1168
126724,Mouse,3648,64
126735,Mouse,5747,66
126854,Mouse,4575,65
126860,Mouse,5060,65
126899,Mouse,5805,67
126907,Mouse,5726,66
127110,Mouse,4671,69
127119,Elephant,187987,654
127131,Mouse,5748,82
127133,Mouse,5775,82
127231,Mouse,4169,64
127350,Mouse,4745,65
127388,Mouse,5741,66
127426,Mouse,3987,67
127462,Elephant,101814,458
127497,Mouse,3962,64
127528,Mouse,3813,64
127587,Mouse,4140,66
127590,Mouse,5323,67
127635,Mouse,4149,65
127651,Mouse,4579,66
127661,Mouse,4387,71
127675,Mouse,3595,64
127765,Mouse,5088,65
127917,Mouse,5109,70
127957,Mouse,3034,66
128057,Mouse,5280,70
128085,Mouse,3137,66
128139,Mouse,5273,68
128207,Mouse,4018,64
128299,Mouse,3071,68
128327,Mouse,3191,67
128507,Mouse,5394,70
128576,Mouse,4392,78
128621,Mouse,5349,80
128677,Mouse,3235,85
128755,Mouse,3806,73
128829,Mouse,3937,64
128835,Elephant,588394,1333
128874,Mouse,3104,65
128877,Mouse,3809,67
128879,Mouse,3619,67
129023,Elephant,400395,1102
129068,Mouse,3945,64
129151,Mouse,3304,64
129188,Mouse,5395,65
129195,Mouse,4420,66
129264,Mouse,5354,65
129278,Mouse,4169,64
129289,Mouse,4491,69
129309,Mouse,3092,64
129393,Mouse,4931,68
129395,Mouse,4835,69
129513,Mouse,3103,64
129521,Mouse,4748,68
129569,Mouse,4848,67
129574,Mouse,4820,69
129584,Mouse,4251,70
129591,Mouse,3961,74
129606,Mouse,3520,64
129700,Mouse,3143,64
129735,Mouse,4927,69
129759,Mouse,4735,70
129815,Mouse,5525,76
129860,Elephant,197573,685
129887,Mouse,3532,64
129900,Mouse,3931,65
129946,Mouse,3216,64
129983,Mouse,4991,69
130076,Mouse,3884,67
130086,Mouse,5672,67
130110,Mouse,3209,69
130171,Mouse,4981,65
130208,Mouse,3346,66
130384,Elephant,477747,1091
130669,Mouse,4148,67
130677,Mouse,5638,71
130705,Mouse,3710,66
130713,Mouse,4528,69
130722,Elephant,236092,737
130909,Mouse,4513,65
130924,Mouse,3564,64
131071,Mouse,5428,75
131097,Mouse,5204,68
131097,Mouse,3513,67
131130,Mouse,4956,72
131248,Mouse,3610,68
131287,Mouse,4908,65
131324,Mouse,5122,71
131378,Mouse,3384,73
131404,Elephant,191509,654
131480,Mouse,3179,75
131482,Mouse,4166,74
131586,Elephant,142416,565
131668,Mouse,5102,68
131700,Mouse,5541,72
131750,Mouse,4696,73
131774,Mouse,3294,67
131831,Mouse,4784,76
131853,Mouse,3765,73
131874,Elephant,70731,382
131897,Mouse,3172,64
131899,Elephant,408923,1034
131920,Mouse,4914,65
131986,Mouse,3954,64
132038,Mouse,3290,64
132043,Mouse,3517,64
132058,Mouse,5274,65
132165,Mouse,3428,64
132175,Mouse,3680,64
132459,Mouse,3002,67
132467,Mouse,4332,66
132484,Mouse,4198,68
132644,Mouse,3558,66
132671,Mouse,4026,68
132682,Mouse,5046,73
132697,Mouse,3755,67
132900,Mouse,5745,70
132929,Mouse,4236,69
133061,Mouse,5674,70
133097,Mouse,3375,72
133130,Mouse,5840,75
133142,Mouse,5216,79
133250,Mouse,5738,77
133268,Mouse,3621,79
133358,Elephant,394341,1026
133411,Elephant,545955,1412
133419,Mouse,5740,67
133423,Mouse,4430,66
133444,Mouse,5643,68
133469,Mouse,5354,66
133510,Mouse,5804,66
133515,Mouse,4950,65
133534,Elephant,40958,271
133535,Mouse,3677,67
133649,Mouse,4677,65
133869,Mouse,3125,64
133878,Mouse,3422,64
134016,Elephant,200346,671
134021,Mouse,4699,65
134095,Mouse,4841,65
134309,Mouse,4367,67
134318,Mouse,5722,66
134335,Mouse,3193,67
134350,Mouse,3106,70
134420,Mouse,4348,69
134504,Mouse,5402,70
134580,Mouse,5111,67
134638,Mouse,4100,67
134830,Mouse,4801,75
134964,Mouse,4134,75
135078,Mouse,4545,87
135124,Mouse,4104,93
135129,Elephant,580130,1257
135213,Mouse,5258,65
135225,Mouse,4540,67
135269,Elephant,495237,1390
135327,Mouse,4501,65
135334,Mouse,5336,65
135448,Mouse,3538,64
135488,Mouse,3585,66
135554,Mouse,4335,65
135560,Mouse,4800,65
135588,Mouse,3791,64
135621,Mouse,4328,69
135668,Mouse,5561,69
135749,Mouse,3872,67
135766,Mouse,5218,65
135803,Mouse,4584,65
135883,Elephant,187371,637
135887,Mouse,3360,64
135959,Mouse,4805,67
135969,Mouse,4750,65
136069,Mouse,3939,64
136273,Mouse,5161,73
136289,Mouse,5409,67
136381,Mouse,4211,67
136406,Mouse,4820,74
136420,Mouse,4796,69
136472,Mouse,5142,74
136493,Mouse,4790,72
136581,Mouse,3571,69
136631,Mouse,3689,73
136646,Mouse,4690,75
136785,Elephant,413365,1031
136883,Elephant,374416,997
136980,Mouse,5454,66
137007,Mouse,5773,66
137022,Mouse,4809,66
137041,Mouse,5839,68
137050,Mouse,5346,66
137058,Mouse,3098,64
137072,Mouse,5052,65
137085,Mouse,4302,70
137240,Mouse,5514,69
137264,Mouse,3676,64
137293,Mouse,3169,72
137341,Mouse,5825,72
137347,Mouse,3048,72
137357,Mouse,4542,67
137472,Elephant,113518,502
137477,Mouse,5304,65
137596,Mouse,5439,74
137819,Mouse,3516,70
137824,Mouse,3204,72
137857,Mouse,4410,74
137859,Mouse,4264,74
137873,Mouse,5131,81
137899,Mouse,5294,82
137996,Mouse,5813,71
138031,Mouse,3946,66
138096,Mouse,4732,68
138141,Mouse,5397,69
138163,Mouse,5771,73
138211,Mouse,3004,73
138237,Elephant,460675,1147
138248,Mouse,5012,68
138368,Mouse,4412,70
138391,Elephant,413474,1220
138451,Mouse,5096,65
138472,Mouse,3222,64
138479,Mouse,5076,65
138489,Mouse,4986,65
138588,Mouse,5152,65
138704,Mouse,5372,65
138752,Mouse,3625,64
138796,Mouse,5294,66
138803,Mouse,5760,66
138863,Mouse,5473,66
138904,Mouse,3446,65
138994,Mouse,3679,64
139104,Mouse,3432,64
139159,Mouse,3393,67
139196,Elephant,113621,492
139247,Mouse,3221,64
139251,Mouse,4151,64
139275,Mouse,3840,64
139278,Mouse,3787,64
139464,Mouse,4560,65
139470,Mouse,4300,65
139491,Mouse,3760,64
139545,Mouse,3663,64
139559,Mouse,3040,64
139607,Mouse,3871,65
139610,Mouse,4566,67
139653,Mouse,4368,67
139660,Mouse,3031,64
139744,Mouse,5145,65
139788,Mouse,3322,69
139799,Mouse,4629,65
139833,Mouse,4605,65
139893,Mouse,5422,65
139909,Mouse,4694,65
139980,Mouse,3525,64
140049,Mouse,3551,64
140057,Mouse,3041,64
140132,Mouse,3604,64
140146,Mouse,5189,65
140158,Mouse,4182,64
140300,Mouse,3661,64
140377,Mouse,5615,67
140380,Mouse,4809,67
140493,Mouse,4351,65
140519,Mouse,3725,64
140522,Mouse,3077,65
140599,Mouse,4302,65
140673,Mouse,4048,64
140740,Mouse,3399,64
140771,Mouse,5145,70
140794,Mouse,3217,64
140859,Mouse,3325,64
140879,Mouse,3631,64
140903,Mouse,5061,70
140910,Mouse,4114,70
140913,Mouse,3279,69
141033,Mouse,5756,69
141135,Mouse,3690,64
141328,Elephant,314020,886
141365,Mouse,4843,65
141424,Mouse,4418,66
141570,Mouse,3586,71
141581,Mouse,3937,64
141599,Mouse,4659,67
141715,Mouse,3596,70
141719,Mouse,5386,69
141967,Mouse,5370,71
142033,Mouse,5739,76
142042,Mouse,4322,75
142093,Mouse,5375,83
142106,Elephant,327995,917
142126,Mouse,3011,76
142143,Mouse,4062,73
142317,Mouse,3927,66
142371,Mouse,3363,68
142383,Mouse,3274,72
142412,Mouse,5742,71
142453,Mouse,3500,70
142472,Elephant,494563,1148
142535,Mouse,5812,66
142673,Mouse,3532,67
142674,Mouse,5722,69
142698,Elephant,168846,608
142742,Mouse,5425,70
142782,Mouse,4627,65
142929,Mouse,3894,67
143017,Mouse,4480,68
143079,Mouse,4150,64
143101,Mouse,3848,68
143159,Mouse,5716,66
143204,Mouse,5216,66
143209,Mouse,5425,65
143282,Mouse,4299,65
143328,Mouse,5039,67
143387,Mouse,3941,64
143460,Mouse,4201,65
143491,Mouse,5398,70
143502,Mouse,4965,73
143558,Mouse,5119,72
143648,Mouse,4802,69
143651,Mouse,4034,68
143678,Mouse,4262,69
143706,Elephant,362065,932
143726,Mouse,3835,69
143835,Mouse,5074,66
143842,Mouse,4314,68
143885,Mouse,5646,69
143968,Mouse,3597,65
144009,Mouse,5341,69
144018,Mouse,4050,67
144041,Mouse,5059,67
144061,Mouse,3716,69
144081,Mouse,3991,67
144098,Mouse,5198,70
144128,Elephant,145780,555
144130,Mouse,4241,69
144140,Mouse,3728,70
144195,Mouse,3815,67
144208,Mouse,5262,65
144227,Mouse,5729,68
144320,Mouse,5366,68
144343,Mouse,3454,64
144441,Mouse,4000,69
144452,Mouse,4014,67
144544,Mouse,5463,68
144559,Mouse,5010,74
144579,Mouse,5404,68
144607,Mouse,3461,69
144613,Mouse,5073,72
144717,Mouse,5799,71
144748,Mouse,5785,68
144778,Mouse,3146,73
144781,Mouse,3418,72
144786,Elephant,558835,1194
144809,Mouse,3907,65
144832,Mouse,3329,72
144833,Mouse,5779,74
144861,Mouse,3175,64
144944,Mouse,4232,64
144964,Mouse,5619,66
144973,Mouse,4191,64
145177,Mouse,5370,65
145207,Mouse,3906,64
145367,Mouse,4948,75
145377,Mouse,4740,78
145419,Mouse,5190,79
145523,Mouse,4741,69
145582,Mouse,3530,66
145647,Mouse,3225,68
145801,Elephant,299384,853
145918,Mouse,5088,69
145942,Mouse,3174,70
145949,Mouse,4837,71
145951,Mouse,5229,72
145988,Mouse,3910,81
146115,Elephant,102984,483
146122,Mouse,4243,69
146159,Elephant,291368,920
146306,Mouse,4706,65
146395,Mouse,4894,65
146446,Mouse,5007,65
146460,Mouse,4500,66
146467,Mouse,5601,66
146477,Mouse,4041,64
146631,Mouse,5251,70
146651,Mouse,4604,65
146681,Mouse,3175,69
146681,Mouse,3654,69
146692,Mouse,4987,65
146777,Mouse,4164,64
146934,Mouse,3121,66
146958,Mouse,4792,65
146989,Mouse,3778,67
147210,Mouse,5736,72
147251,Mouse,4411,69
147447,Mouse,3194,64
147488,Mouse,4857,75
147526,Mouse,3724,75
147534,Mouse,4626,77
147566,Mouse,3338,78
147679,Mouse,3830,76
147693,Mouse,4470,82
147714,Elephant,584321,1324
147758,Mouse,3774,87
147764,Mouse,3287,66
147848,Mouse,3308,69
147899,Mouse,4956,72
147996,Mouse,3257,71
148048,Mouse,4219,79
148070,Elephant,318329,910
148116,Mouse,3254,74
148128,Elephant,184860,690
148144,Mouse,5661,70
148174,Mouse,4787,68
148388,Mouse,5201,74
148622,Mouse,4945,68
148639,Elephant,285986,887
148793,Mouse,4401,70
148848,Mouse,4757,70
148955,Elephant,243663,778
149082,Mouse,4127,67
149091,Mouse,5336,65
149163,Mouse,3281,67
149248,Elephant,334917,952
149274,Mouse,5106,67
149349,Mouse,5561,66
149401,Mouse,4195,64
149406,Mouse,3864,64
149414,Mouse,4802,65
149466,Mouse,5711,66
149511,Mouse,3082,64
149519,Mouse,3856,66
149554,Mouse,3379,65
149618,Mouse,5053,70
149873,Elephant,85266,411
150110,Mouse,4175,64
150166,Mouse,3827,68
150235,Mouse,5770,76
150239,Mouse,5694,78
150347,Elephant,338227,897
150358,Mouse,3431,70
150433,Mouse,4138,65
150500,Mouse,3919,68
150526,Mouse,5219,73
150539,Mouse,4348,69
150615,Mouse,4827,74
150857,Mouse,3476,95
150891,Mouse,4442,108
150936,Mouse,5374,112
150985,Elephant,339849,1007
151033,Mouse,4580,103
151134,Mouse,3641,87
151172,Elephant,179649,764
151194,Mouse,5298,84
151278,Mouse,4014,69
151374,Elephant,450107,1192
151453,Mouse,4744,76
151480,Mouse,3383,67
151497,Mouse,3320,73
151589,Mouse,4127,68
151657,Mouse,3895,70
151701,Mouse,5336,80
151713,Mouse,3477,80
151719,Mouse,3386,81
151763,Mouse,3528,90
151833,Mouse,5181,93
151845,Elephant,142337,622
151860,Elephant,458517,1253
151895,Mouse,5766,82
151921,Mouse,4372,65
151931,Mouse,3991,64
151945,Mouse,4404,73
151993,Mouse,4713,75
152053,Mouse,4982,65
152125,Elephant,126076,560
152199,Mouse,5095,65
152224,Mouse,4399,65
152391,Mouse,5806,69
152548,Mouse,3724,64
152554,Mouse,5414,67
152640,Mouse,5749,66
152654,Mouse,3172,68
152704,Mouse,3784,71
152718,Elephant,123806,506
152725,Mouse,4933,65
152782,Mouse,4176,67
152835,Mouse,4184,66
152865,Mouse,3104,67
152904,Mouse,5222,68
152912,Mouse,4152,70
152917,Mouse,3260,71
152934,Mouse,3608,66
152975,Mouse,4749,71
153065,Mouse,5426,67
153072,Mouse,3184,64
153087,Mouse,3885,67
153125,Mouse,3974,67
153178,Mouse,5652,73
153188,Mouse,4935,75
153259,Mouse,3686,67
153272,Mouse,4336,72
153273,Mouse,4525,73
153326,Elephant,554196,1179
153331,Mouse,5488,71
153382,Mouse,3815,67
153466,Mouse,3268,67
153487,Mouse,4633,65
153648,Elephant,107605,466
153748,Mouse,3337,64
153776,Mouse,4874,65
153974,Mouse,3541,64
154116,Mouse,3891,64
154196,Mouse,4708,65
154235,Mouse,4462,65
154297,Mouse,3612,64
154401,Mouse,5689,66
154428,Mouse,5559,66
154524,Mouse,5561,66
154533,Mouse,3014,64
154612,Mouse,4151,64
154749,Mouse,3230,64
155024,Mouse,4741,65
155103,Mouse,4722,65
155115,Mouse,4211,64
155138,Mouse,4382,65
155151,Mouse,5603,67
155154,Mouse,4614,67
155265,Mouse,3910,64
155348,Mouse,4492,69
155404,Mouse,3133,73
155475,Mouse,3781,66
155542,Mouse,3743,70
155549,Mouse,3322,69
155693,Mouse,5501,80
155701,Mouse,5194,85
155704,Mouse,4715,87
155725,Mouse,3740,89
155776,Mouse,4126,103
155980,Mouse,5505,109
156020,Mouse,4175,120
156045,Elephant,550450,1290
156063,Mouse,4209,117
156181,Mouse,3807,80
156289,Mouse,5480,117
156292,Mouse,3242,117
156383,Mouse,3620,127
156429,Mouse,4668,140
156453,Mouse,4445,144
156482,Mouse,4773,145
156515,Mouse,4991,153
156540,Mouse,4975,164
156564,Mouse,3258,170
156604,Mouse,3619,174
156661,Elephant,232135,1099
156710,Mouse,3686,97
156751,Mouse,3085,86
156832,Mouse,4888,79
157013,Mouse,4789,80
157018,Mouse,4849,83
157141,Mouse,5269,110
157161,Mouse,5706,107
157216,Mouse,5046,114
157224,Mouse,3452,115
157290,Mouse,4359,114
157297,Mouse,3132,113
157313,Elephant,178284,1261
157333,Mouse,4823,123
157341,Mouse,5392,127
157385,Mouse,3912,114
157424,Mouse,3511,120
157500,Mouse,3568,109
157566,Mouse,4582,118
157592,Elephant,599861,1986
157712,Mouse,5350,70
157716,Elephant,403566,1549
157824,Mouse,5456,70
157848,Mouse,4759,65
157883,Mouse,4186,64
157955,Mouse,3647,66
158008,Mouse,4655,71
158014,Mouse,3172,66
158109,Mouse,3783,64
158119,Mouse,3778,67
158183,Elephant,526437,1881
158212,Mouse,3973,67
158282,Mouse,4741,65
158337,Mouse,3588,64
158377,Mouse,4847,65
158507,Mouse,5752,66
158546,Mouse,5069,65
158594,Mouse,3112,64
158603,Mouse,4539,65
158648,Mouse,4827,65
158714,Elephant,31361,195
158855,Mouse,4004,67
158898,Mouse,4624,67
159050,Mouse,5338,69
159199,Elephant,102730,457
159205,Mouse,4250,65
159237,Mouse,5340,70
159357,Mouse,4274,68
159446,Mouse,3994,64
159522,Elephant,309639,847
159568,Mouse,5686,66
159603,Mouse,5056,70
159639,Elephant,143875,558
159776,Mouse,4613,65
159877,Mouse,3651,64
160075,Mouse,3880,65
160129,Mouse,4488,65
160219,Mouse,3440,64
160249,Mouse,5442,70
160257,Mouse,4765,65
160278,Mouse,4346,65
160469,Mouse,3120,67
160606,Mouse,4860,69
160674,Mouse,4422,74
160733,Elephant,337090,901
160887,Mouse,5131,69
160945,Mouse,5351,74
160950,Mouse,5695,69
161028,Mouse,5512,69
161039,Mouse,5713,69
161083,Mouse,5790,69
161107,Mouse,5698,68
161123,Mouse,4603,67
161261,Elephant,421964,1021
161290,Mouse,3008,67
161312,Mouse,3782,64
161328,Mouse,3803,64
161396,Mouse,4733,65
161451,Mouse,5135,65
161485,Mouse,3602,64
161489,Mouse,4320,66
161596,Mouse,4487,65
161624,Mouse,5454,66
161645,Mouse,3874,67
161701,Mouse,5254,73
161727,Mouse,3583,65
161731,Mouse,5717,68
161785,Mouse,5121,71
161830,Mouse,5468,71
161925,Mouse,4735,69
161945,Mouse,3685,64
161964,Mouse,4323,67
162005,Mouse,5295,68
162055,Elephant,287166,818
162067,Mouse,3548,64
162114,Mouse,5318,65
162133,Mouse,4029,64
162141,Mouse,3707,64
162160,Mouse,3791,64
162230,Mouse,3540,64
162264,Mouse,3485,64
162284,Mouse,3828,64
162342,Mouse,4621,65
162511,Mouse,5041,65
162649,Mouse,5650,66
162772,Mouse,4288,65
162818,Mouse,5562,69
162931,Mouse,5127,66
162940,Mouse,3223,68
163005,Mouse,4867,65
163026,Mouse,4577,68
163083,Mouse,5407,71
163090,Mouse,5687,66
163150,Mouse,4380,69
163215,Mouse,4626,81
163335,Mouse,3927,89
163413,Elephant,78428,469
163454,Elephant,171274,707
163464,Mouse,3306,92
163487,Mouse,4983,92
163499,Mouse,4001,101
163504,Mouse,3005,103
163632,Mouse,3756,85
163721,Mouse,4031,110
163762,Elephant,89524,620
163779,Mouse,5153,117
163874,Mouse,5626,135
163948,Mouse,3050,138
164035,Mouse,3739,139
164101,Mouse,5540,148
164206,Mouse,3818,162
164292,Mouse,5075,175
164316,Mouse,5362,179
164340,Mouse,4491,182
164373,Mouse,5258,192
164446,Elephant,583877,1708
164457,Mouse,3760,203
164510,Mouse,3926,185
164528,Elephant,194742,1195
164543,Mouse,3981,155
164730,Mouse,5344,143
164780,Elephant,443597,1697
164833,Mouse,4912,151
164835,Mouse,4106,150
164842,Mouse,5682,157
164933,Mouse,5125,124
164987,Mouse,4620,125
165012,Mouse,4089,129
165059,Mouse,3290,136
165186,Mouse,4276,144
165222,Mouse,3718,151
165227,Mouse,3443,154
165269,Elephant,86738,777
165293,Mouse,5646,162
165318,Mouse,4396,169
165325,Elephant,154138,1221
165374,Mouse,4194,156
165399,Mouse,3313,158
165469,Mouse,3742,145
165618,Elephant,499531,2083
165641,Mouse,3556,154
165655,Mouse,4526,154
165667,Mouse,4556,157
165673,Elephant,386157,2072
165676,Mouse,3891,148
165761,Mouse,4740,65
165971,Mouse,3838,80
166030,Mouse,5284,93
166033,Mouse,4241,95
166076,Mouse,3273,103
166091,Elephant,418290,1800
166099,Mouse,3026,105
166145,Mouse,4415,79
166179,Mouse,3150,74
166227,Elephant,212547,920
166231,Mouse,5299,69
166346,Mouse,5538,70
166350,Mouse,3054,64
166373,Elephant,310139,1113
166379,Mouse,3881,65
166461,Mouse,5534,66
166513,Mouse,5701,66
166761,Mouse,4322,65
166805,Mouse,3175,64
166843,Mouse,3751,64
166922,Mouse,4274,65
166985,Mouse,3712,64
167004,Mouse,5037,66
167052,Mouse,4199,69
167180,Mouse,3689,65
167399,Mouse,4780,69
167408,Mouse,4225,70
167417,Mouse,3909,64
167430,Mouse,5458,66
167486,Mouse,5296,68
167541,Mouse,3424,69
167555,Mouse,4178,64
167645,Mouse,5438,66
167761,Mouse,4808,71
167773,Mouse,5574,72
167782,Mouse,4788,70
167807,Mouse,4808,74
167864,Elephant,353521,924
167895,Mouse,4831,75
167903,Mouse,3194,64
167935,Mouse,3026,67
167942,Mouse,5121,65
167947,Mouse,4610,66
168031,Mouse,4452,65
168110,Mouse,5275,70
168118,Mouse,5117,74
168128,Mouse,4548,70
168447,Mouse,3987,106
168637,Mouse,4394,142
168652,Elephant,378967,1102
168667,Elephant,244926,918
168712,Mouse,4099,108
168723,Mouse,3232,100
168747,Mouse,4919,92
168887,Mouse,5313,87
168909,Mouse,5086,94
168997,Mouse,5117,113
169001,Elephant,109556,672
169006,Mouse,3584,119
169088,Mouse,3659,108
169119,Mouse,4833,92
169140,Mouse,3628,95
169179,Mouse,5665,109
169232,Elephant,461460,1474
169299,Mouse,4300,89
169499,Mouse,4122,94
169552,Mouse,3009,100
169567,Elephant,323989,1237
169618,Mouse,5542,72
169768,Mouse,4055,71
169841,Mouse,4789,77
170078,Mouse,5523,116
170119,Mouse,3859,128
170285,Elephant,353387,1232
170290,Elephant,517708,1832
170291,Elephant,52684,489
170297,Mouse,3760,113
170322,Mouse,4539,113
170362,Mouse,5264,78
170477,Mouse,3091,66
170529,Mouse,4897,72
170630,Mouse,4327,73
170784,Mouse,4263,102
170819,Mouse,4580,109
170831,Mouse,4146,110
170897,Mouse,4177,127
170899,Elephant,38253,339
170904,Mouse,3928,132
170943,Mouse,4471,137
171026,Mouse,5042,137
171033,Elephant,588000,1939
171098,Mouse,3264,97
171110,Mouse,3507,100
171118,Mouse,5238,105
171123,Mouse,3672,107
171212,Mouse,5050,94
171230,Elephant,131174,737
171234,Mouse,3880,80
171317,Mouse,5314,71
171320,Elephant,448800,1395
171341,Mouse,3258,66
171364,Mouse,3386,71
171385,Mouse,3795,65
171485,Mouse,3320,64
171501,Mouse,3252,67
171568,Mouse,4206,74
171621,Mouse,4312,65
171632,Mouse,3131,66
171664,Mouse,3294,66
171816,Mouse,3868,72
171831,Mouse,5291,77
171967,Mouse,3948,88
171978,Mouse,3152,91
172010,Mouse,3000,95
172033,Mouse,3509,102
172065,Mouse,4413,110
172140,Mouse,3673,115
172148,Mouse,4378,121
172161,Mouse,4393,122
172246,Mouse,3156,127
172285,Mouse,5765,138
172350,Elephant,514354,1583
172386,Elephant,281250,1023
172396,Mouse,5758,113
172402,Mouse,5179,94
172443,Mouse,5478,72
172451,Mouse,4921,77
172466,Mouse,4053,78
172549,Mouse,5283,70
172734,Elephant,504664,1328
172737,Mouse,5348,83
172752,Mouse,4132,80
172811,Mouse,5007,68
172883,Mouse,3998,70
172883,Mouse,4958,72
172921,Mouse,5396,68
173097,Elephant,299444,988
173139,Mouse,4016,65
173215,Mouse,3022,67
173231,Mouse,3902,67
173237,Mouse,4891,65
173266,Mouse,3699,70
173334,Mouse,4179,68
173334,Mouse,4938,69
173422,Mouse,4166,64
173460,Mouse,3994,64
173518,Mouse,5138,69
173689,Mouse,5126,70
173713,Elephant,511016,1143
173792,Mouse,3999,64
173975,Mouse,4158,68
174004,Mouse,4062,79
174136,Elephant,105975,528
174149,Mouse,4199,78
174217,Mouse,3328,79
174359,Elephant,91798,493
174417,Mouse,5213,102
174432,Mouse,4863,103
174477,Mouse,3540,105
174531,Mouse,5355,110
174547,Mouse,3102,107
174555,Mouse,3221,109
174562,Mouse,3677,110
174703,Mouse,4037,131
174715,Mouse,4765,131
174791,Elephant,410034,1253
174801,Mouse,5775,131
174834,Mouse,5313,134
174858,Mouse,5508,114
174928,Mouse,3669,95
174996,Mouse,4679,101
175021,Elephant,356264,1232
175025,Mouse,5670,86
175040,Mouse,4176,88
175061,Mouse,4004,96
175064,Mouse,3329,98
175087,Elephant,365044,1241
175121,Mouse,3310,76
175152,Mouse,4943,65
175217,Elephant,129294,742
175253,Mouse,5288,67
175264,Mouse,5026,65
175295,Mouse,4419,69
175302,Mouse,5614,72
175387,Mouse,4509,67
175402,Mouse,4438,65
175424,Mouse,3413,67
175445,Mouse,4510,65
175530,Mouse,4266,65
175722,Mouse,5208,69
175741,Elephant,228659,745
175745,Mouse,3857,65
175770,Mouse,3778,70
175814,Mouse,4559,71
175816,Mouse,3157,67
176011,Elephant,45830,296
176013,Mouse,5496,74
176049,Mouse,5280,70
176060,Mouse,5049,71
176076,Mouse,5400,77
176149,Mouse,3125,76
176150,Mouse,3104,73
176238,Mouse,4474,81
176282,Mouse,5128,86
176293,Mouse,5695,91
176366,Mouse,4634,89
176410,Mouse,3978,89
176491,Mouse,4231,104
176516,Mouse,5291,116
176517,Mouse,4192,114
176543,Mouse,5384,119
176563,Mouse,5382,125
176603,Mouse,4903,131
176676,Elephant,479723,1240
176726,Mouse,5129,100
176756,Mouse,4356,91
176766,Mouse,4867,91
176802,Mouse,3800,89
176823,Mouse,4698,97
176838,Mouse,3544,99
176855,Mouse,4135,101
176869,Mouse,4956,105
176899,Mouse,4601,104
176944,Mouse,3833,109
176998,Mouse,3225,105
176999,Mouse,4031,106
177038,Elephant,143395,812
177105,Mouse,5649,79
177136,Elephant,584978,1645
177173,Mouse,5074,76
177257,Mouse,5532,68
177342,Mouse,3877,67
177356,Mouse,5571,66
177368,Mouse,5668,66
177435,Mouse,5706,71
177520,Mouse,5417,70
177528,Mouse,4323,71
177553,Elephant,450087,1462
177577,Mouse,3580,64
177661,Mouse,3389,64
177788,Mouse,3052,64
177796,Mouse,4339,65
177800,Mouse,3879,64
177903,Mouse,4363,65
177946,Mouse,3446,64
177984,Mouse,4988,65
178080,Mouse,4905,65
178109,Mouse,5576,66
178204,Mouse,5331,65
178333,Mouse,3423,64
178410,Mouse,3851,64
178676,Mouse,5078,65
178719,Mouse,4168,65
178730,Mouse,4062,64
178884,Mouse,5775,66
178906,Mouse,3561,64
178921,Mouse,3591,64
178990,Mouse,5722,71
179056,Mouse,4113,64
179130,Mouse,3200,64
179254,Mouse,3226,74
179262,Mouse,4888,80
179346,Mouse,3205,69
179363,Elephant,135910,539
179432,Elephant,154901,597
179443,Mouse,4378,65
179497,Mouse,3864,65
179499,Mouse,4073,67
179512,Mouse,4871,69
179538,Mouse,5272,65
179618,Mouse,5384,65
179628,Mouse,5004,65
179666,Mouse,5692,66
179721,Mouse,3197,66
179759,Mouse,3806,64
179800,Mouse,4641,65
179840,Mouse,4928,72
179843,Mouse,3416,65
179857,Elephant,196234,680
179898,Mouse,5589,66
179958,Mouse,5549,70
179968,Mouse,5613,70
180097,Mouse,3110,66
180264,Elephant,155864,591
180419,Mouse,4117,64
180474,Mouse,4147,66
180476,Mouse,4286,67
180526,Mouse,3151,65
180528,Mouse,4564,68
180536,Mouse,5299,65
180547,Mouse,4760,65
180572,Mouse,5249,68
180648,Mouse,5811,66
180775,Mouse,4337,65
180799,Mouse,4761,65
180804,Mouse,4754,65
180856,Mouse,3303,64
180959,Mouse,3189,64
180983,Mouse,5036,65
181019,Mouse,4879,65
181066,Mouse,4592,65
181174,Mouse,4603,65
181188,Mouse,4488,69
181271,Mouse,4953,70
181297,Mouse,4442,72
181299,Mouse,5226,74
181304,Mouse,4890,77
181420,Mouse,3712,67
181441,Mouse,4152,68
181466,Mouse,3433,68
181781,Mouse,3834,71
181802,Elephant,258615,771
181831,Mouse,4184,71
181945,Mouse,3091,64
181963,Mouse,3067,67
182068,Mouse,3557,64
182099,Mouse,4353,65
182140,Mouse,3198,67
182190,Mouse,3554,72
182193,Mouse,4598,75
182194,Mouse,5011,75
182198,Mouse,4814,71
182238,Mouse,3634,71
182273,Mouse,3628,67
182316,Mouse,3401,68
182323,Mouse,5522,69
182347,Mouse,5301,69
182465,Elephant,581474,1284
182514,Mouse,4423,69
182516,Mouse,5123,72
182519,Mouse,4910,70
182546,Mouse,3324,74
182553,Mouse,4424,77
182643,Mouse,5214,65
182698,Mouse,3016,65
182708,Elephant,43484,284
182711,Mouse,4175,66
182719,Mouse,3481,64
182727,Mouse,4355,68
182757,Mouse,4101,70
182759,Mouse,5818,73
182887,Mouse,4976,68
182991,Mouse,3387,69
183033,Mouse,4696,73
183136,Elephant,276251,808
183284,Mouse,4537,66
183373,Mouse,3583,64
183432,Mouse,3617,67
183508,Mouse,3228,67
183549,Mouse,5801,66
183608,Elephant,305585,951
183738,Mouse,3430,64
183763,Mouse,3264,64
183787,Mouse,4989,65
183819,Mouse,4056,67
183891,Mouse,4244,64
183904,Elephant,77379,373
183916,Mouse,5478,66
183971,Mouse,4353,68
184011,Mouse,5415,69
184017,Elephant,162621,958
184020,Mouse,3851,70
184024,Mouse,3078,64
184044,Mouse,3217,64
184114,Mouse,5334,65
184125,Mouse,5278,65
184136,Mouse,3677,64
184147,Mouse,5552,66
184182,Mouse,5812,68
184313,Mouse,4994,65
184332,Mouse,4168,64
184385,Mouse,3727,64
184414,Mouse,4053,64
184499,Mouse,4326,65
184747,Mouse,5755,66
184865,Mouse,4173,64
184899,Mouse,4671,69
184908,Mouse,3808,71
184965,Mouse,5438,66
185003,Mouse,3917,64
185038,Elephant,107857,462
185176,Mouse,4355,66
185178,Mouse,4193,66
185227,Mouse,4946,65
185233,Mouse,4743,66
185236,Mouse,4673,67
185322,Mouse,4331,65
185455,Mouse,5367,65
185471,Mouse,4430,67
185480,Mouse,3891,64
185565,Mouse,4513,65
185613,Mouse,4782,68
185613,Mouse,3260,66
185647,Mouse,5564,70
185701,Mouse,4978,65
185807,Mouse,3666,67
185821,Mouse,4450,70
185837,Mouse,5499,66
185894,Elephant,272706,797
185899,Mouse,3312,65
185924,Mouse,4245,64
186034,Mouse,4401,65
186040,Mouse,3766,64
186073,Mouse,5007,65
186118,Mouse,3550,64
186151,Mouse,4552,65
186174,Mouse,4374,65
186339,Mouse,4130,68
186346,Mouse,5624,67
186350,Mouse,5352,67
186582,Mouse,4199,64
186655,Mouse,5651,66
186677,Mouse,3846,67
186741,Mouse,3640,77
186749,Mouse,5189,70
186795,Mouse,5184,71
186826,Mouse,3988,68
186831,Mouse,4527,70
186854,Mouse,3496,66
186874,Mouse,4650,70
186971,Mouse,3202,66
187122,Mouse,4625,74
187245,Elephant,451384,1062
187277,Mouse,3967,70
187329,Mouse,3758,69
187443,Mouse,3978,69
187484,Mouse,4163,73
187560,Mouse,4778,73
187593,Mouse,5492,75
187711,Mouse,5476,82
187782,Mouse,3728,91
187814,Elephant,533375,1202
187824,Mouse,3292,78
187846,Mouse,5265,84
187865,Mouse,5287,83
187875,Mouse,4142,68
187893,Mouse,5158,65
188029,Mouse,3293,67
188103,Mouse,3733,73
188113,Mouse,3816,77
188276,Mouse,3673,75
188290,Mouse,4669,80
188313,Elephant,376011,1064
188366,Mouse,4677,67
188503,Mouse,4700,82
188634,Mouse,5514,109
188685,Mouse,4297,119
188759,Elephant,405983,1178
188851,Mouse,3455,83
188889,Elephant,318721,1052
188910,Mouse,4416,85
189070,Elephant,174150,765
189142,Elephant,117366,675
189172,Mouse,3145,67
189272,Mouse,5043,69
189284,Mouse,3893,66
189328,Mouse,5519,75
189505,Mouse,5493,70
189549,Mouse,5039,71
189573,Mouse,4569,69
189589,Mouse,5041,77
189602,Mouse,3291,69
189698,Mouse,5417,70
189740,Mouse,5693,78
189755,Elephant,579331,1348
189820,Mouse,3762,64
189832,Mouse,3305,64
189837,Mouse,3491,64
189862,Mouse,4993,68
190139,Mouse,5008,65
190233,Mouse,3136,64
190271,Mouse,5661,73
190298,Mouse,3237,76
190299,Elephant,329930,922
190300,Mouse,4718,79
190334,Mouse,3741,72
190343,Mouse,4309,77
190439,Mouse,5503,66
190550,Mouse,5060,70
190859,Mouse,3544,108
190939,Elephant,279259,903
190951,Mouse,3643,106
191073,Mouse,4547,93
191274,Elephant,482689,1275
191314,Mouse,3289,88
191343,Mouse,5153,90
191365,Mouse,5756,74
191374,Mouse,4746,76
191416,Mouse,5485,79
191465,Mouse,3557,77
191494,Mouse,5551,82
191545,Mouse,3046,80
191559,Mouse,5389,84
191577,Mouse,3895,79
191615,Elephant,418674,1237
191714,Mouse,3735,64
191777,Mouse,4950,71
191797,Mouse,5743,70
191892,Elephant,54282,328
191974,Mouse,3933,64
192080,Mouse,4565,66
192111,Mouse,3415,64
192168,Mouse,3982,66
192192,Mouse,5667,70
192216,Mouse,4047,68
192221,Elephant,590765,1645
192566,Mouse,4907,65
192634,Mouse,4616,65
192651,Mouse,4140,64
192654,Mouse,4126,64
192743,Mouse,3696,64
193001,Mouse,4746,65
193045,Mouse,4715,66
193067,Mouse,4090,69
193267,Elephant,149695,577
193384,Mouse,3818,69
193393,Mouse,3429,72
193409,Mouse,3170,64
193424,Mouse,5840,70
193442,Mouse,3456,74
193482,Mouse,5384,72
193541,Mouse,4491,71
193650,Elephant,332095,906
193680,Mouse,3625,67
193809,Mouse,4095,68
193865,Mouse,3334,68
193912,Mouse,5026,70
193996,Mouse,5761,70
194006,Mouse,5654,71
194076,Mouse,5203,70
194109,Mouse,3941,70
194228,Mouse,5595,69
194326,Elephant,503280,1241
194439,Mouse,4855,65
194532,Mouse,4191,64
194560,Mouse,3819,67
194584,Mouse,4364,65
194688,Mouse,4392,69
194694,Mouse,5273,69
194733,Elephant,344917,924
194767,Mouse,3580,65
194782,Mouse,4697,65
194807,Mouse,4775,65
194827,Mouse,4140,65
194831,Mouse,3895,64
194841,Mouse,3824,64
194894,Mouse,3316,64
194899,Mouse,4167,64
194942,Mouse,4985,66
194977,Mouse,4595,65
195026,Mouse,5053,65
195144,Mouse,4200,64
195254,Mouse,4660,70
195299,Mouse,4498,66
195305,Mouse,4895,65
195343,Mouse,5223,69
195368,Mouse,5463,66
195405,Mouse,3061,64
195457,Mouse,3917,64
195642,Mouse,4669,69
195855,Mouse,3839,66
195927,Mouse,3272,64
196023,Mouse,4408,68
196078,Mouse,5436,72
196085,Elephant,470276,1073
196087,Mouse,3633,73
196194,Mouse,4595,65
196228,Mouse,4976,65
196336,Mouse,3734,64
196367,Mouse,4512,66
196466,Mouse,5674,70
196478,Mouse,5602,74
196481,Mouse,3217,66
196535,Mouse,5339,65
196559,Mouse,3741,67
196601,Mouse,4816,70
196621,Mouse,3730,64
196693,Mouse,3153,67
196707,Mouse,4597,67
196717,Mouse,5497,70
196962,Mouse,5326,82
196975,Mouse,3548,84
197166,Mouse,4306,102
197179,Mouse,3243,107
197213,Mouse,4918,116
197234,Mouse,3684,120
197412,Mouse,3212,127
197413,Mouse,3794,129
197586,Elephant,566028,1454
197649,Mouse,5305,96
197675,Mouse,3387,101
197708,Mouse,3623,105
197758,Mouse,3641,125
197764,Elephant,516809,1448
197807,Mouse,5833,114
197936,Mouse,3028,91
197981,Elephant,420648,1398
197992,Mouse,5292,106
198081,Mouse,3088,77
198164,Mouse,4423,78
198180,Elephant,44390,351
198286,Mouse,4811,88
198337,Mouse,5331,98
198410,Mouse,3854,111
198473,Mouse,4120,115
198505,Mouse,3335,120
198585,Mouse,5015,133
198642,Mouse,4568,140
198658,Mouse,4485,143
198732,Elephant,254293,1107
198756,Elephant,197805,950
198764,Mouse,3678,133
198782,Mouse,5130,134
198790,Mouse,4196,123
198795,Mouse,4045,124
198873,Mouse,4854,89
198910,Mouse,5317,82
198928,Mouse,5780,90
198938,Mouse,4881,93
198956,Mouse,5270,100
198974,Mouse,4217,108
199068,Mouse,3004,113
199071,Mouse,3128,113
199092,Mouse,5297,119
199205,Mouse,5341,126
199245,Mouse,3257,125
199276,Elephant,449522,1851
199300,Elephant,580163,1735
199301,Mouse,4483,129
199349,Mouse,4381,98
199359,Mouse,5356,97
199362,Elephant,64089,504
199458,Mouse,3111,67
199616,Mouse,4376,65
199730,Mouse,3519,67
199735,Mouse,4598,65
199866,Mouse,4785,68
200052,Mouse,4433,69
200106,Mouse,3111,67
200264,Mouse,3964,85
200357,Mouse,4680,91
200459,Mouse,3983,111
200476,Mouse,5705,113
200488,Elephant,594420,1401
200557,Mouse,3290,74
200709,Mouse,3502,67
200764,Elephant,584108,1294
200901,Mouse,5209,65
201050,Mouse,5177,65
201090,Mouse,3754,64
201135,Mouse,3813,64
201228,Mouse,4418,65
201261,Mouse,5555,66
201492,Mouse,5507,66
201527,Mouse,4410,65
201573,Mouse,3317,64
201656,Mouse,4871,65
201715,Mouse,4294,65
201740,Mouse,3200,64
201851,Mouse,3915,64
201920,Mouse,5281,65
201935,Mouse,5139,67
201937,Mouse,4570,66
202139,Mouse,3908,64
202180,Mouse,3557,64
202199,Elephant,114515,493
202273,Mouse,4572,65
202290,Mouse,4952,65
202340,Mouse,4457,65
202376,Mouse,4046,64
202384,Mouse,3288,64
202483,Mouse,5555,66
202522,Mouse,3679,64
202569,Mouse,4530,65
202576,Mouse,4183,64
202581,Mouse,3373,64
202654,Mouse,5790,66
202667,Mouse,4296,65
202671,Mouse,5219,66
202741,Mouse,3353,64
202774,Mouse,4529,65
202782,Mouse,5821,66
203009,Mouse,3174,64
203074,Mouse,4943,65
203131,Mouse,4530,70
203176,Mouse,5449,69
203205,Mouse,4011,64
203226,Mouse,3526,66
203317,Mouse,3547,68
203422,Mouse,4712,65
203505,Mouse,3444,75
203528,Mouse,5680,71
203554,Mouse,4204,69
203788,Mouse,4174,73
203832,Mouse,5189,82
203897,Elephant,389404,1006
203915,Mouse,3734,87
203983,Elephant,209516,836
204082,Mouse,5548,66
204174,Mouse,4422,65
204198,Elephant,269195,823
204219,Mouse,3025,65
204275,Mouse,4572,65
204296,Mouse,5302,65
204305,Mouse,4847,65
204311,Mouse,5290,65
204336,Mouse,3083,65
204338,Mouse,5188,68
204356,Mouse,3502,65
204448,Mouse,5068,69
204496,Mouse,4328,66
204536,Elephant,41520,244
204634,Mouse,3174,64
204718,Mouse,4586,65
204771,Mouse,4571,65
204784,Mouse,4808,65
204820,Mouse,3466,64
204828,Mouse,3280,64
204867,Mouse,5306,65
204872,Mouse,3686,64
204946,Mouse,5254,65
205086,Mouse,3723,65
205089,Mouse,4013,66
205143,Mouse,3933,64
205147,Mouse,3860,64
205207,Mouse,3385,64
205296,Mouse,3456,64
205348,Mouse,5111,65
205440,Mouse,3706,64
205468,Mouse,5042,65
205482,Mouse,4736,65
205489,Mouse,5281,65
205606,Mouse,3598,67
205635,Mouse,4846,68
205636,Mouse,3895,67
205767,Mouse,5380,68
205786,Mouse,3256,67
205803,Mouse,4541,65
205833,Mouse,5274,65
205867,Elephant,84874,418
205980,Mouse,4123,68
206043,Mouse,3754,75
206046,Mouse,4107,76
206151,Mouse,3584,67
206249,Mouse,3982,68
206322,Mouse,3110,73
206324,Mouse,4341,72
206356,Elephant,204965,698
206398,Mouse,4020,69
206558,Mouse,3505,65
206568,Mouse,5567,70
206574,Mouse,4261,68
206606,Mouse,3450,67
206738,Mouse,3805,69
206805,Mouse,3091,67
206893,Mouse,3868,75
206921,Mouse,5428,81
206941,Elephant,557672,1199
206944,Mouse,4060,79
206996,Mouse,3864,77
207044,Mouse,5143,74
207080,Mouse,4659,68
207128,Mouse,3496,65
207193,Mouse,3472,66
207215,Mouse,3931,64
207284,Mouse,3123,65
207304,Mouse,3802,65
207409,Mouse,3932,66
207460,Mouse,3867,72
207489,Elephant,511242,1142
207516,Mouse,5578,73
207600,Mouse,3851,67
207668,Mouse,3010,66
207710,Mouse,5190,69
207736,Mouse,4703,72
207811,Mouse,5784,73
207887,Mouse,5232,74
208000,Mouse,5748,81
208018,Mouse,5054,87
208137,Mouse,5263,100
208166,Mouse,5025,103
208185,Mouse,4915,110
208276,Mouse,3217,118
208277,Elephant,411218,1238
208284,Mouse,4098,100
208384,Mouse,3508,72
208462,Elephant,207307,837
208471,Mouse,4221,64
208580,Mouse,4516,69
208605,Mouse,4479,65
208612,Mouse,4425,68
208638,Elephant,517664,1255
208643,Mouse,4032,69
208650,Mouse,5122,66
208742,Mouse,5201,65
208775,Mouse,3774,64
208888,Mouse,3700,64
208902,Mouse,5283,65
208937,Mouse,5003,68
208958,Mouse,5069,65
208984,Mouse,4346,70
208990,Mouse,3978,65
208997,Mouse,4344,65
209035,Mouse,4745,66
209059,Mouse,5749,66
209076,Mouse,5032,67
209089,Mouse,4786,65
209112,Mouse,3729,66
209204,Mouse,4040,66
209293,Mouse,5160,67
209326,Elephant,119722,498
209376,Mouse,3332,64
209389,Mouse,4770,65
209427,Mouse,3028,64
209447,Mouse,4188,67
209448,Mouse,5594,69
209475,Mouse,5377,65
209685,Mouse,5673,69
209686,Mouse,3632,68
209688,Mouse,4025,69
209694,Mouse,4512,65
209897,Mouse,5836,66
209917,Mouse,5723,66
209925,Mouse,4216,64
209947,Mouse,5631,66
210164,Mouse,4985,65
210280,Mouse,4411,65
210297,Mouse,5053,65
210593,Mouse,4894,65
210611,Mouse,3668,64
210620,Mouse,3822,64
210819,Mouse,4279,65
210833,Mouse,4736,69
210834,Mouse,5353,69
210869,Mouse,4638,65
210949,Mouse,4957,65
211066,Mouse,4464,65
211082,Mouse,4933,65
211243,Mouse,5506,66
211251,Mouse,5412,65
211263,Mouse,5580,66
211336,Mouse,3169,64
211374,Mouse,4716,65
211409,Mouse,4186,64
211464,Mouse,5193,65
211505,Mouse,5126,65
211546,Mouse,5605,66
211576,Mouse,3887,64
211632,Mouse,4356,65
211677,Elephant,34075,235
211730,Mouse,3404,64
211805,Mouse,5399,65
211999,Mouse,5529,66
212019,Mouse,3880,64
212037,Mouse,4121,65
212102,Mouse,3802,64
212138,Mouse,4386,67
212139,Mouse,4392,67
212183,Mouse,3279,66
212200,Mouse,3790,67
212226,Mouse,5607,66
212397,Mouse,4422,65
212551,Mouse,4214,67
212698,Mouse,3399,68
212712,Mouse,3594,64
212731,Mouse,4803,70
212779,Elephant,312271,858
212907,Mouse,5335,65
212939,Mouse,5831,66
212964,Mouse,5442,66
213009,Mouse,4170,69
213039,Mouse,4635,65
213065,Mouse,3487,67
213216,Mouse,5747,66
213222,Mouse,4128,66
213226,Mouse,5312,68
213245,Mouse,4326,65
213362,Mouse,5441,69
213372,Mouse,5341,73
213425,Mouse,4683,77
213440,Mouse,4646,76
213443,Mouse,4668,77
213460,Mouse,3216,66
213491,Mouse,4299,75
213514,Mouse,4473,69
213854,Mouse,5113,69
213931,Mouse,4288,67
213955,Mouse,3668,66
214003,Mouse,5496,71
214016,Mouse,3562,72
214154,Mouse,5799,72
214185,Mouse,3202,72
214234,Mouse,3770,70
214265,Mouse,4255,65
214271,Elephant,563700,1363
214304,Mouse,3026,72
214309,Mouse,4267,76
214320,Mouse,4285,69
214431,Mouse,5228,70
214488,Mouse,4881,69
214515,Elephant,161024,887
214547,Mouse,4021,74
214627,Mouse,5698,71
214656,Mouse,3691,69
214911,Elephant,594304,1768
214938,Mouse,4360,74
215068,Mouse,3794,69
215085,Mouse,5343,67
215113,Mouse,3127,71
215146,Mouse,4841,74
215336,Mouse,3811,77
215355,Elephant,356402,977
215403,Mouse,3391,72
215433,Mouse,3181,71
215434,Mouse,5252,72
215498,Mouse,5525,68
215544,Elephant,455428,1111
215699,Mouse,3401,64
215842,Mouse,5084,69
215961,Mouse,3109,64
216234,Mouse,5215,75
216317,Mouse,4264,96
216318,Mouse,5786,98
216409,Mouse,3830,113
216431,Mouse,3451,117
216514,Elephant,311724,1095
216519,Mouse,4940,115
216520,Elephant,248078,940
216546,Mouse,3407,95
216619,Mouse,4619,71
216696,Mouse,3454,67
216703,Mouse,3527,67
216757,Elephant,307014,999
216801,Mouse,4244,68
216808,Mouse,5107,71
216818,Mouse,4252,72
216864,Mouse,5157,72
216906,Mouse,4071,66
216914,Mouse,3799,64
216968,Mouse,5698,68
217043,Mouse,4566,65
217059,Elephant,249092,857
217158,Mouse,5562,66
217185,Mouse,4613,65
217291,Mouse,5152,65
217297,Mouse,5171,65
217346,Mouse,5734,70
217347,Mouse,5465,70
217359,Mouse,5450,66
217398,Mouse,3318,64
217629,Mouse,5181,65
217714,Mouse,5724,66
217976,Mouse,4391,67
218044,Mouse,5769,66
218379,Mouse,4612,65
218491,Mouse,4125,69
218552,Mouse,3795,74
218571,Mouse,4811,68
218725,Elephant,69301,377
218743,Mouse,4720,67
218805,Elephant,439230,1028
218829,Mouse,4955,65
218838,Mouse,5729,67
219037,Mouse,5193,65
219078,Mouse,5438,66
219112,Mouse,3677,68
219193,Mouse,4056,64
219234,Mouse,3918,67
219283,Mouse,3630,67
219296,Mouse,3986,69
219342,Mouse,4869,72
219444,Mouse,4073,67
219457,Mouse,5645,75
219470,Mouse,4836,80
219528,Elephant,165739,610
219554,Mouse,3398,67
219694,Mouse,3321,68
219699,Mouse,4826,72
219711,Mouse,5062,73
219716,Elephant,281448,855
219725,Mouse,4419,65
219728,Mouse,3456,64
219760,Mouse,5676,67
219780,Mouse,3446,64
219849,Mouse,3231,64
219931,Mouse,5611,66
220008,Mouse,3103,67
220116,Mouse,4927,66
220118,Mouse,3450,66
220140,Mouse,3476,65
220188,Mouse,4068,69
220192,Mouse,4239,73
220233,Mouse,3068,68
220236,Mouse,4196,71
220320,Mouse,5742,69
220377,Mouse,3979,64
220468,Mouse,5756,67
220572,Mouse,3824,66
220649,Mouse,3758,71
220674,Mouse,4304,68
220702,Mouse,4774,77
220831,Elephant,545518,1241
220837,Mouse,4693,66
220921,Mouse,4278,65
220986,Mouse,3295,67
220992,Mouse,3652,64
221018,Mouse,3595,67
221082,Mouse,3214,67
221082,Mouse,3815,68
221123,Mouse,4871,69
221173,Mouse,4806,73
221191,Mouse,4393,66
221215,Mouse,3013,68
221239,Mouse,3410,68
221383,Mouse,4670,68
221446,Mouse,3107,67
221522,Mouse,5676,66
221588,Elephant,515197,1204
221628,Mouse,3385,64
221752,Mouse,5436,66
221862,Mouse,4522,68
221862,Mouse,4843,69
221867,Mouse,5447,69
221872,Mouse,5542,66
221878,Mouse,4506,65
221887,Mouse,5431,66
221933,Mouse,4421,65
221997,Mouse,3429,64
222123,Mouse,4245,64
222153,Mouse,5323,65
222227,Mouse,4377,65
222370,Mouse,3026,64
222380,Mouse,3544,64
222390,Mouse,3454,64
222509,Mouse,3190,66
222511,Mouse,4951,68
222591,Mouse,4972,65
222611,Mouse,5087,65
222626,Mouse,4005,64
222631,Mouse,4568,65
222691,Mouse,4471,65
222737,Mouse,4494,65
222801,Mouse,5389,66
222844,Mouse,4321,65
222874,Mouse,3790,64
222900,Mouse,3765,64
222937,Mouse,3965,64
222941,Mouse,5774,67
223028,Mouse,5443,66
223056,Mouse,5302,65
223076,Mouse,3326,64
223080,Mouse,3379,64
223136,Mouse,4735,65
223262,Mouse,3956,64
223279,Mouse,4772,69
223298,Mouse,3522,64
223331,Mouse,5318,71
223371,Mouse,5008,69
223468,Mouse,3148,64
223607,Mouse,3365,64
223775,Mouse,4878,68
223806,Mouse,4367,68
223819,Mouse,5471,73
223875,Mouse,5079,78
223894,Elephant,351081,942
223909,Mouse,5501,66
223970,Mouse,5625,67
224003,Mouse,4525,67
224030,Mouse,4144,64
224059,Mouse,3037,67
224091,Mouse,3542,66
224094,Mouse,4176,65
224123,Mouse,4143,64
224197,Mouse,4670,65
224217,Mouse,3172,66
224233,Mouse,4923,72
224252,Mouse,4907,65
224330,Mouse,4459,69
224364,Mouse,3326,70
224393,Mouse,4925,70
224398,Elephant,181566,647
224437,Mouse,4587,70
224446,Elephant,112738,501
224465,Mouse,3479,66
224588,Mouse,4698,65
224649,Mouse,3391,64
224689,Mouse,3807,64
224759,Mouse,3632,67
224818,Mouse,4085,67
224910,Mouse,4878,70
224912,Mouse,4735,70
224998,Mouse,3597,64
225154,Mouse,5705,70
225182,Mouse,4354,65
225221,Mouse,3800,66
225268,Mouse,4706,70
225295,Mouse,5568,73
225332,Mouse,4947,80
225392,Mouse,4724,79
225394,Elephant,439327,1141
225566,Mouse,5148,68
225578,Mouse,4877,65
225682,Mouse,4885,69
225828,Elephant,272293,834
226012,Mouse,5226,65
226142,Mouse,4780,74
226307,Mouse,4109,88
226319,Mouse,5523,93
226370,Elephant,524583,1210
226472,Mouse,3618,67
226491,Mouse,4490,69
226606,Mouse,3677,69
226612,Elephant,308722,909
226615,Mouse,3689,67
226673,Mouse,5582,68
226783,Mouse,4679,69
226820,Elephant,237985,797
226826,Mouse,4339,66
226843,Mouse,5712,66
226894,Mouse,4482,65
226934,Mouse,3505,64
226947,Mouse,3245,64
226978,Mouse,3139,64
227092,Mouse,5670,66
227107,Mouse,5635,66
227149,Mouse,3749,64
227197,Mouse,3073,64
227415,Mouse,4152,64
227462,Mouse,3790,64
227482,Mouse,5285,65
227581,Mouse,4003,64
227603,Mouse,4250,64
227612,Mouse,3598,64
227631,Mouse,4257,65
227639,Mouse,3118,64
227678,Mouse,5560,66
227703,Mouse,3592,64
227716,Mouse,3337,64
227726,Mouse,4813,65
227753,Mouse,4575,65
227849,Mouse,3086,64
227879,Mouse,5391,65
227913,Mouse,4752,65
227925,Mouse,5470,66
228058,Mouse,3400,64
228123,Mouse,5632,66
228201,Mouse,3494,64
228285,Mouse,4881,65
228321,Mouse,4918,66
228323,Mouse,4023,66
228404,Mouse,5674,67
228477,Mouse,5582,66
228503,Mouse,5074,65
228515,Mouse,5335,68
228584,Mouse,4515,67
228592,Mouse,4717,66
228600,Mouse,4766,71
228870,Mouse,3376,76
228930,Mouse,5709,80
228948,Mouse,3963,87
229005,Elephant,200478,709
229020,Mouse,5680,96
229051,Mouse,4958,84
229133,Mouse,4009,68
229146,Mouse,5687,74
229157,Mouse,3901,75
229295,Mouse,5542,86
229366,Mouse,4066,97
229396,Mouse,4560,103
229407,Elephant,375503,1135
229411,Mouse,3617,84
229451,Mouse,4761,93
229603,Mouse,3095,87
229775,Mouse,5019,116
229853,Mouse,3375,124
229946,Mouse,3275,130
230017,Elephant,107250,684
230022,Mouse,4443,146
230079,Mouse,5542,154
230093,Elephant,501619,1445
230101,Mouse,3998,129
230139,Mouse,4315,139
230196,Mouse,5462,92
230227,Mouse,4150,80
230258,Mouse,4494,85
230270,Elephant,587512,1579
230273,Mouse,3333,85
230344,Mouse,5438,71
230392,Mouse,5023,72
230394,Mouse,4979,69
230398,Mouse,5204,67
230411,Mouse,5028,70
230429,Mouse,4596,73
230491,Mouse,3155,66
230512,Mouse,4350,71
230523,Mouse,4016,78
230530,Mouse,5155,78
230546,Mouse,4777,81
230605,Mouse,3114,76
230678,Mouse,3378,78
230732,Mouse,4227,85
230850,Mouse,3992,100
230902,Mouse,5614,109
230963,Mouse,4016,123
231058,Elephant,173207,798
231060,Mouse,3489,129
231114,Mouse,3429,124
231169,Mouse,5135,123
231206,Elephant,594979,1741
231215,Mouse,5026,125
231236,Mouse,4398,130
231247,Mouse,4676,138
231265,Mouse,5797,129
231464,Mouse,5266,90
231475,Elephant,300197,1114
231487,Elephant,216940,961
231491,Mouse,3965,74
231523,Mouse,5608,93
231525,Mouse,4279,86
231547,Mouse,3936,66
231572,Mouse,4020,72
231578,Mouse,3959,76
231665,Mouse,5066,67
231672,Mouse,3286,67
231672,Elephant,139156,706
231695,Mouse,5616,66
231819,Mouse,4284,65
231845,Mouse,5620,66
231898,Mouse,4772,69
232021,Elephant,172748,651
232153,Mouse,5599,67
232326,Mouse,5496,73
232422,Mouse,5536,69
232442,Mouse,3689,66
232466,Mouse,4743,70
232627,Mouse,5329,73
232648,Elephant,160193,610
232733,Mouse,4622,69
232734,Elephant,145166,569
232854,Mouse,3640,68
232864,Mouse,5243,65
232903,Mouse,4472,78
232962,Mouse,4965,71
232971,Mouse,3624,71
232990,Mouse,3697,75
233021,Mouse,3893,75
233221,Mouse,3143,96
233345,Mouse,4956,131
233403,Elephant,460298,1203
233431,Mouse,4726,117
233457,Mouse,5124,126
233553,Mouse,4780,97
233569,Mouse,4269,101
233626,Mouse,4301,105
233677,Mouse,4953,118
233693,Mouse,3324,120
233712,Mouse,4551,121
233756,Mouse,3516,125
233988,Mouse,4265,137
234089,Mouse,5564,161
234138,Mouse,3420,155
234240,Mouse,5268,163
234251,Mouse,3182,169
234280,Mouse,5263,178
234301,Elephant,562396,1815
234355,Mouse,4967,167
234372,Mouse,3018,169
234376,Mouse,3221,155
234418,Mouse,3065,142
234433,Mouse,3463,148
234457,Mouse,4717,123
234486,Mouse,3237,131
234527,Mouse,4192,133
234621,Mouse,5043,154
234658,Elephant,551730,1901
234769,Mouse,4836,134
234802,Mouse,3997,117
234872,Elephant,333015,1761
234898,Mouse,5544,122
234966,Mouse,3093,105
235044,Mouse,5402,112
235091,Mouse,4426,123
235101,Mouse,3211,130
235116,Mouse,3610,135
235134,Mouse,3054,135
235198,Mouse,5007,146
235242,Mouse,3002,142
235246,Mouse,5255,145
235307,Elephant,571985,2202
235373,Mouse,3158,147
235374,Mouse,4175,148
235380,Mouse,4719,136
235424,Mouse,4440,137
235565,Mouse,5084,141
235587,Mouse,3733,147
235589,Mouse,5522,148
235632,Mouse,4399,153
235651,Mouse,3325,156
235719,Mouse,3193,154
235726,Mouse,3377,157
235744,Mouse,4278,163
235773,Mouse,4929,167
235787,Mouse,4732,165
235800,Mouse,3149,169
235864,Mouse,5091,174
235872,Mouse,3360,178
235946,Mouse,4326,178
235975,Mouse,5144,181
236040,Mouse,4856,190
236095,Elephant,322778,1707
236145,Mouse,3188,205
236235,Mouse,5161,197
236296,Mouse,5224,201
236319,Mouse,4650,190
236338,Mouse,5398,198
236365,Elephant,438496,2440
236449,Mouse,5558,184
236628,Mouse,3120,167
236637,Mouse,3286,168
236665,Mouse,5834,175
236721,Mouse,3367,185
236729,Elephant,240074,1599
236762,Mouse,3488,192
236826,Mouse,4652,191
236846,Mouse,4725,193
236853,Elephant,528623,2464
236863,Mouse,3363,190
236878,Mouse,3173,189
236881,Mouse,3657,187
236978,Mouse,3560,114
237009,Mouse,3453,98
237110,Mouse,5560,117
237119,Mouse,3168,118
237128,Mouse,3662,120
237210,Elephant,349608,1939
237266,Mouse,5457,126
237272,Elephant,298875,1996
237313,Mouse,3340,97
237426,Mouse,3721,68
237488,Mouse,4623,76
237560,Mouse,3805,90
237603,Mouse,4376,99
237635,Mouse,4224,107
237664,Mouse,5037,116
237713,Mouse,4423,120
237729,Mouse,5104,126
237809,Mouse,4632,135
237887,Mouse,5081,145
237971,Mouse,4176,156
237981,Mouse,4701,157
238004,Elephant,589352,2195
238087,Mouse,3780,115
238365,Elephant,446103,2499
238372,Mouse,3923,121
238379,Mouse,4418,115
238475,Mouse,5305,116
238550,Mouse,5436,122
238597,Mouse,5492,129
238605,Elephant,166508,978
238664,Mouse,5609,120
238686,Mouse,4347,125
238724,Elephant,46977,480
238772,Mouse,3868,103
238803,Mouse,5577,101
238954,Mouse,5014,99
238961,Elephant,545312,1943
239135,Elephant,563676,1715
239192,Mouse,4575,65
239196,Mouse,3990,65
239289,Mouse,4625,65
239304,Mouse,3823,64
239345,Mouse,4866,65
239354,Mouse,3978,64
239371,Mouse,4430,65
239395,Mouse,3657,66
239397,Mouse,4919,68
239412,Mouse,4105,64
239429,Mouse,5830,68
239462,Mouse,3187,64
239486,Mouse,5776,66
239684,Mouse,3805,64
239725,Mouse,4122,64
239803,Mouse,4888,68
239824,Mouse,3524,64
239829,Mouse,5703,66
239905,Mouse,4541,77
239968,Mouse,4273,67
240063,Mouse,5573,70
240098,Mouse,5603,80
240110,Mouse,5776,76
240173,Mouse,3668,77
240262,Elephant,305265,880
240309,Mouse,3269,71
240309,Mouse,3453,74
240394,Mouse,4603,67
240480,Mouse,5607,75
240511,Mouse,3668,72
240523,Mouse,3468,74
240721,Mouse,3471,100
240783,Mouse,3389,99
241037,Elephant,455941,1252
241057,Elephant,421635,1229
241130,Mouse,5100,68
241275,Mouse,3426,67
241315,Mouse,4663,69
241407,Mouse,3567,68
241564,Elephant,360194,1087
241577,Mouse,3387,64
241634,Mouse,4063,67
241635,Mouse,4745,68
241670,Mouse,4868,65
241781,Mouse,3266,67
241827,Mouse,4604,70
241919,Mouse,4930,74
241983,Mouse,4419,68
242080,Mouse,4405,73
242131,Mouse,5126,82
242159,Mouse,4771,85
242267,Mouse,3757,97
242283,Mouse,3990,94
242344,Mouse,5402,107
242380,Mouse,4620,115
242410,Mouse,3276,118
242440,Mouse,5613,121
242502,Mouse,4055,125
242554,Mouse,3746,131
242567,Mouse,4147,133
242578,Elephant,274181,989
242608,Mouse,4094,122
242636,Mouse,4639,131
242734,Mouse,4413,105
242771,Elephant,570928,1411
242775,Mouse,3552,106
242779,Mouse,5497,108
242889,Mouse,4423,68
242909,Mouse,4071,64
243029,Mouse,5117,69
243107,Mouse,4631,70
243160,Mouse,3544,72
243229,Mouse,4995,73
243278,Elephant,578409,1439
243283,Mouse,3475,73
243363,Mouse,4584,65
243374,Mouse,5792,66
243412,Mouse,3585,64
243466,Mouse,4422,65
243512,Mouse,5476,66
243553,Mouse,4324,66
243579,Mouse,4722,65
243599,Mouse,4728,65
243618,Mouse,4339,65
243669,Mouse,4837,65
243698,Mouse,5153,70
243717,Mouse,5648,71
243729,Mouse,4749,69
243789,Mouse,4003,67
243808,Mouse,4930,72
243909,Mouse,5491,73
244089,Mouse,4928,86
244144,Mouse,4333,96
244343,Mouse,3269,120
244412,Mouse,4696,139
244522,Elephant,487606,1421
244539,Mouse,3040,156
244545,Mouse,3437,148
244555,Mouse,5095,153
244601,Mouse,3329,151
244674,Mouse,5522,145
244723,Mouse,5670,141
244752,Mouse,4121,142
244787,Mouse,3371,141
244818,Mouse,5510,142
244856,Mouse,3304,147
244898,Elephant,195606,1085
244971,Mouse,3315,138
244988,Mouse,4270,112
245050,Mouse,5710,110
245059,Elephant,453390,1621
245093,Mouse,3948,115
245096,Elephant,242331,1291
245121,Mouse,3283,95
245125,Elephant,299884,1474
245143,Mouse,4126,90
245145,Mouse,5544,76
245211,Mouse,5297,67
245214,Mouse,4526,66
245278,Elephant,46957,322
245297,Mouse,5413,65
245412,Mouse,4286,65
245541,Mouse,4120,64
245590,Mouse,4401,65
245593,Mouse,4236,65
245625,Mouse,3757,64
245763,Mouse,5405,65
245784,Mouse,4282,65
245798,Mouse,4520,65
245836,Mouse,4106,64
245885,Mouse,5254,65
245898,Mouse,4153,64
245936,Mouse,4846,65
245988,Mouse,3784,64
246042,Mouse,4361,65
246123,Mouse,5611,68
246126,Mouse,3345,64
246148,Mouse,4396,65
246252,Mouse,5111,68
246292,Mouse,3572,66
246314,Elephant,97161,452
246325,Mouse,4906,65
246430,Mouse,5144,66
246527,Mouse,5076,70
246536,Mouse,4578,77
246567,Mouse,4373,70
246576,Mouse,3086,77
246591,Mouse,4617,80
246614,Mouse,4047,73
246660,Mouse,4513,71
246797,Mouse,4399,82
246848,Elephant,308510,883
246957,Mouse,4976,73
247165,Mouse,5059,87
247482,Elephant,472711,1283
247489,Mouse,3544,136
247500,Mouse,3380,127
247546,Mouse,4157,120
247576,Mouse,5059,110
247677,Mouse,4055,105
247743,Mouse,4047,112
247800,Elephant,215410,959
247806,Mouse,4972,127
247827,Elephant,484017,1412
247846,Mouse,3316,115
247850,Mouse,3995,114
247901,Mouse,5421,98
247952,Mouse,4842,76
247953,Mouse,5267,76
247965,Mouse,3325,77
248068,Mouse,3132,79
248093,Mouse,4244,85
248199,Mouse,3061,93
248242,Elephant,218469,1015
248372,Mouse,5243,77
248397,Mouse,5758,84
248500,Mouse,3399,108
248513,Mouse,3266,109
248572,Elephant,340730,1428
248632,Mouse,3280,97
248638,Mouse,5819,96
248644,Mouse,4081,94
248898,Mouse,5067,112
248912,Mouse,4951,120
248944,Elephant,315580,1159
248961,Mouse,3443,122
248974,Mouse,4725,118
249003,Mouse,4166,118
249137,Mouse,4412,106
249194,Mouse,4478,117
249216,Mouse,3937,121
249293,Elephant,511326,1579
249319,Mouse,3701,102
249348,Mouse,5372,100
249368,Mouse,4478,99
249436,Mouse,5272,91
249453,Mouse,4106,92
249474,Mouse,3526,93
249508,Mouse,3397,98
249584,Mouse,4383,101
249735,Mouse,4890,112
249759,Mouse,3553,115
249788,Mouse,3870,124
249790,Mouse,5259,126
249862,Mouse,4254,136
250027,Mouse,5233,153
250051,Mouse,5055,164
250098,Elephant,198873,1069
250139,Mouse,4282,158
250176,Mouse,4187,165
250209,Elephant,598823,1878
250242,Elephant,530503,1815
250287,Mouse,3317,79
250466,Mouse,3073,66
250522,Mouse,4010,70
250553,Mouse,3473,68
250562,Mouse,3254,68
250599,Mouse,5041,71
250634,Mouse,4545,73
250655,Mouse,3830,77
250698,Mouse,5227,80
250721,Elephant,207600,925
250754,Mouse,4890,71
250966,Elephant,236853,1024
250971,Mouse,4187,69
250975,Mouse,5836,68
250982,Mouse,4459,65
251022,Mouse,4770,65
251086,Mouse,5628,70
251098,Mouse,4969,67
251227,Mouse,4558,69
251302,Mouse,5829,70
251316,Mouse,4185,67
251324,Mouse,5791,70
251363,Mouse,3111,69
251380,Mouse,5222,69
251388,Mouse,3488,69
251463,Mouse,3028,64
251476,Mouse,4687,66
251485,Mouse,5410,72
251486,Elephant,474235,1600
251508,Mouse,3660,64
251619,Mouse,4752,69
251679,Mouse,4522,65
251718,Mouse,3322,64
251771,Mouse,5578,67
251856,Mouse,3582,64
251958,Mouse,4457,68
251968,Mouse,3750,71
252051,Elephant,387374,1087
252129,Mouse,3205,64
252204,Mouse,4798,69
252266,Mouse,5289,73
252302,Mouse,4268,68
252360,Mouse,3296,64
252399,Mouse,4483,69
252432,Mouse,5792,68
252506,Elephant,398087,997
252509,Mouse,3149,69
252530,Mouse,5692,67
252595,Mouse,5525,66
252627,Mouse,4269,66
252822,Mouse,3029,64
252834,Mouse,5754,69
252835,Mouse,5326,69
252892,Mouse,5583,70
252926,Mouse,5040,66
252956,Mouse,5283,77
252986,Mouse,3955,67
253036,Mouse,5166,71
253050,Mouse,3897,71
253188,Mouse,4474,69
253197,Mouse,3963,71
253217,Mouse,4359,68
253266,Mouse,3157,67
253356,Mouse,3678,76
253384,Mouse,5783,80
253410,Mouse,4651,90
253424,Elephant,157179,633
253465,Mouse,3256,81
253505,Mouse,5177,69
253606,Mouse,4600,79
253630,Elephant,540960,1197
253663,Mouse,5401,70
253691,Mouse,5242,75
253694,Mouse,5533,77
253783,Elephant,49247,303
253792,Mouse,3988,64
253932,Mouse,3522,66
253962,Mouse,5342,65
254035,Mouse,5414,70
254063,Mouse,3936,68
254079,Mouse,5194,73
254081,Mouse,3714,73
254124,Mouse,4653,73
254154,Elephant,305091,881
254159,Mouse,3332,65
254188,Mouse,3784,64
254266,Mouse,3001,63
254282,Mouse,5113,65
254324,Mouse,4222,66
254358,Mouse,5173,65
254381,Mouse,4050,64
254405,Mouse,3696,64
254425,Mouse,3543,64
254500,Mouse,3073,64
254553,Mouse,3266,64
254687,Mouse,4670,65
254738,Mouse,4008,64
254802,Mouse,5611,66
254860,Mouse,5085,65
254993,Mouse,5400,65
254999,Mouse,3948,64
255014,Mouse,5208,70
255046,Elephant,111429,490
255075,Mouse,3968,64
255085,Mouse,3631,64
255156,Mouse,5561,66
255349,Mouse,3126,64
255411,Mouse,4394,65
255428,Mouse,4921,65
255514,Mouse,3420,64
255577,Mouse,3838,64
255643,Mouse,3131,64
255807,Mouse,4399,65
255919,Mouse,4606,65
255959,Mouse,4649,65
256042,Mouse,4054,64
256056,Mouse,3195,64
256130,Mouse,5367,65
256156,Mouse,3248,67
256181,Mouse,3008,64
256279,Mouse,3975,68
256357,Mouse,3097,64
256381,Mouse,3713,68
256493,Elephant,100273,493
256507,Mouse,5831,70
256537,Mouse,5749,66
256555,Mouse,5159,72
256569,Mouse,5255,79
256578,Mouse,4141,67
256630,Mouse,5564,66
256658,Mouse,5373,70
256668,Mouse,5728,69
256757,Mouse,4875,65
256869,Mouse,4357,69
256954,Mouse,5184,71
256980,Mouse,3695,67
257108,Mouse,5559,75
257171,Elephant,414971,1042
257223,Mouse,3949,64
257303,Mouse,5042,68
257417,Elephant,398424,1009
257473,Mouse,3986,64
257513,Mouse,5006,65
257577,Mouse,5802,66
257649,Mouse,4429,65
257666,Mouse,5538,67
257687,Mouse,3654,64
257731,Mouse,5425,67
257745,Mouse,5561,66
257811,Mouse,3994,64
257837,Mouse,5575,67
257873,Mouse,3285,64
257994,Mouse,4004,64
258041,Mouse,3291,64
258151,Elephant,146805,549
258193,Mouse,3072,67
258241,Mouse,5706,66
258259,Mouse,3191,64
258488,Mouse,3657,64
258580,Mouse,3984,64
258586,Mouse,5419,65
258726,Mouse,5201,65
258829,Mouse,3456,64
258833,Mouse,4917,66
258918,Mouse,3887,64
259005,Mouse,3375,72
259057,Mouse,5200,78
259107,Mouse,5293,67
259136,Mouse,4767,72
259137,Mouse,3419,71
259225,Mouse,5701,67
259396,Mouse,4423,80
259401,Elephant,226066,730
259405,Mouse,3934,64
259561,Mouse,5258,70
259647,Mouse,3434,64
259691,Mouse,5195,68
259725,Elephant,273376,831
259806,Mouse,5243,66
259854,Mouse,3501,65
259926,Mouse,5033,71
259929,Mouse,3526,71
260045,Mouse,5206,68
260182,Mouse,4230,68
260253,Mouse,3487,64
260285,Mouse,5203,69
260302,Mouse,5213,72
260303,Mouse,4930,69
260367,Elephant,359805,1058
260372,Mouse,3569,67
260428,Mouse,4723,65
260512,Mouse,5157,67
260626,Mouse,3027,64
260913,Mouse,3157,66
260953,Elephant,47707,279
261058,Mouse,4163,66
261144,Mouse,4302,66
261179,Mouse,3603,64
261333,Mouse,5630,66
261428,Mouse,3338,64
261499,Mouse,3093,66
261500,Mouse,5780,68
261506,Mouse,5453,66
261558,Mouse,4188,64
261562,Mouse,4570,65
261578,Mouse,3277,66
261591,Mouse,5291,65
261638,Mouse,4387,65
261669,Mouse,5596,69
261714,Mouse,4109,68
261767,Mouse,4370,65
261956,Mouse,3078,66
262067,Mouse,3374,66
262217,Mouse,3868,68
262267,Mouse,5067,75
262304,Mouse,3400,79
262326,Mouse,3878,79
262366,Elephant,491520,1122
262374,Mouse,3462,74
262402,Mouse,3550,77
262410,Mouse,5792,80
262472,Mouse,3603,69
262477,Mouse,5160,72
262499,Mouse,5648,73
262759,Mouse,4489,90
262767,Mouse,3501,92
262801,Mouse,4216,97
262838,Mouse,5212,104
262884,Mouse,3557,99
262949,Mouse,5661,111
262986,Mouse,5828,114
263107,Mouse,3741,122
263130,Mouse,3332,122
263154,Elephant,308645,1079
263163,Mouse,3634,108
263245,Mouse,5144,100
263287,Mouse,5415,107
263328,Mouse,3605,119
263462,Elephant,459927,1428
263516,Mouse,4685,132
263531,Mouse,3475,125
263573,Mouse,3098,121
263587,Mouse,5804,117
263602,Mouse,3942,123
263684,Mouse,3026,118
263718,Mouse,4745,127
263803,Mouse,4454,133
263820,Mouse,5238,139
263853,Mouse,3217,143
264006,Mouse,4931,159
264150,Mouse,3163,170
264159,Elephant,472557,1695
264170,Mouse,4673,174
264232,Mouse,3845,168
264295,Mouse,5465,156
264346,Mouse,5602,141
264353,Mouse,3578,144
264404,Elephant,439771,1811
264463,Mouse,4334,147
264510,Mouse,3990,125
264530,Mouse,5417,128
264535,Mouse,3765,126
264592,Mouse,5262,120
264605,Mouse,4367,120
264627,Mouse,3126,126
264638,Mouse,4420,130
264692,Mouse,3442,121
264706,Mouse,3044,125
264720,Mouse,3071,130
264791,Mouse,5197,124
264828,Elephant,174424,1165
264833,Mouse,5836,130
264892,Mouse,5306,115
264899,Mouse,4962,114
265016,Mouse,5106,101
265128,Mouse,4107,111
265165,Elephant,567010,2027
265170,Elephant,546798,1977
265173,Mouse,4153,98
265203,Mouse,5281,94
265206,Mouse,3714,92
265214,Mouse,3278,75
265228,Mouse,4407,65
265282,Mouse,4789,65
265302,Mouse,4914,65
265463,Mouse,3656,72
265523,Mouse,5324,65
265541,Mouse,3758,69
265637,Mouse,4841,70
265709,Mouse,3322,67
265732,Mouse,5726,76
265743,Mouse,4223,77
265791,Mouse,3186,70
265925,Mouse,4230,94
265934,Mouse,3203,96
265981,Mouse,4847,110
266033,Mouse,5180,119
266258,Mouse,4722,136
266283,Elephant,302965,1027
266289,Mouse,3343,148
266459,Elephant,302709,1116
266465,Mouse,4529,119
266509,Mouse,4474,126
266546,Elephant,233905,1014
266611,Mouse,5086,83
266640,Mouse,3425,75
266684,Mouse,3719,80
266703,Mouse,4990,86
266730,Mouse,5758,91
266748,Mouse,3369,93
266770,Mouse,4716,101
266803,Mouse,3983,98
266818,Elephant,218600,1045
266909,Mouse,5745,66
266940,Mouse,5561,71
267051,Mouse,4509,71
267071,Mouse,5095,72
267121,Mouse,4375,78
267184,Mouse,4189,77
267240,Mouse,4663,73
267300,Elephant,457736,1560
267445,Mouse,4414,67
267506,Elephant,376731,1382
267529,Mouse,4688,67
267599,Mouse,3533,64
267625,Mouse,4190,68
267690,Mouse,5389,65
267780,Mouse,4877,68
268091,Mouse,5712,71
268103,Mouse,5357,75
268114,Elephant,513507,1154
268137,Mouse,3082,72
268298,Mouse,3793,67
268354,Mouse,5374,73
268391,Elephant,233227,730
268430,Mouse,5440,67
268451,Mouse,5017,65
268473,Mouse,3115,64
268530,Mouse,4690,65
268576,Mouse,3964,64
268590,Mouse,3601,67
268654,Mouse,4493,65
268663,Mouse,4709,65
268748,Mouse,3155,64
268767,Mouse,3362,65
268898,Mouse,4502,71
268983,Mouse,4184,71
269059,Mouse,4648,68
269112,Mouse,3674,69
269142,Elephant,51884,323
269259,Mouse,5090,68
269268,Mouse,4197,69
269276,Mouse,4269,75
269463,Mouse,5723,73
269483,Elephant,428997,1046
269567,Mouse,4946,67
269654,Mouse,3105,66
269696,Mouse,5059,68
269765,Mouse,3249,67
269907,Elephant,480281,1100
269955,Mouse,3474,64
270091,Mouse,5058,65
270127,Mouse,3746,64
270154,Elephant,101831,458
270277,Mouse,3317,67
270379,Mouse,3140,67
270427,Mouse,3804,66
270470,Mouse,3991,67
270515,Mouse,5519,70
270657,Mouse,5310,67
270758,Mouse,5149,70
270825,Elephant,142747,557
270843,Mouse,3191,67
270847,Mouse,5371,71
270863,Mouse,3994,65
270942,Mouse,5310,70
271011,Mouse,4270,68
271108,Elephant,508804,1116
271128,Mouse,3662,64
271134,Mouse,4153,65
271289,Mouse,4957,65
271352,Mouse,4179,64
271433,Mouse,5677,72
271436,Mouse,5160,74
271547,Mouse,5020,65
271636,Mouse,3739,64
271749,Mouse,4448,69
271796,Mouse,3062,66
271806,Mouse,3133,64
271821,Mouse,4950,68
271944,Mouse,3929,68
272049,Mouse,3492,66
272119,Mouse,3628,68
272122,Mouse,4540,71
272220,Mouse,5669,71
272228,Mouse,5817,76
272308,Mouse,5161,68
272311,Mouse,3540,65
272314,Elephant,581627,1210
272326,Mouse,4138,65
272339,Mouse,5638,67
272489,Mouse,5786,66
272493,Mouse,5117,66
272566,Mouse,5065,65
272666,Mouse,4339,65
272669,Mouse,4262,67
272681,Mouse,4216,64
272712,Mouse,5823,66
272784,Mouse,4834,65
272796,Mouse,3580,64
272860,Mouse,4880,65
272962,Mouse,5643,66
272983,Mouse,4943,65
273005,Mouse,4828,65
273015,Mouse,5423,68
273151,Mouse,4329,67
273198,Mouse,3456,64
273313,Mouse,4255,67
273409,Mouse,5563,70
273426,Mouse,5658,66
273466,Mouse,3503,64
273679,Mouse,4417,67
273722,Mouse,3599,70
273922,Mouse,3912,67
273998,Mouse,3614,64
274003,Mouse,5625,67
274139,Mouse,4489,68
274155,Elephant,515234,1206
274177,Mouse,3738,64
274225,Mouse,4681,65
274280,Mouse,5533,66
274450,Mouse,4140,64
274467,Mouse,3181,64
274550,Mouse,4060,64
274569,Mouse,4089,64
274644,Mouse,5239,65
274683,Mouse,5178,65
274725,Mouse,4659,66
274730,Mouse,3756,64
274752,Mouse,3693,65
274888,Mouse,3697,64
274958,Mouse,4048,64
275020,Mouse,3253,64
275024,Mouse,4638,66
275049,Mouse,4678,66
275198,Mouse,4608,73
275297,Mouse,4563,65
275303,Mouse,4328,66
275378,Mouse,5495,73
275454,Mouse,4539,73
275524,Mouse,4462,92
275533,Elephant,139396,633
275591,Mouse,5315,89
275823,Mouse,5197,100
275835,Mouse,3242,107
275838,Mouse,4641,109
275931,Mouse,4008,117
275937,Elephant,255322,902
276118,Elephant,271430,1050
276129,Mouse,4992,78
276154,Mouse,3266,80
276169,Mouse,5516,82
276191,Mouse,5239,77
276218,Mouse,3561,77
276236,Mouse,4208,77
276267,Mouse,5584,74
276271,Elephant,205223,921
276331,Elephant,360773,1120
276363,Mouse,3976,67
276365,Mouse,3795,67
276695,Mouse,4394,65
276789,Mouse,3734,64
276850,Mouse,4799,65
276867,Mouse,4711,70
276877,Mouse,5678,68
276880,Mouse,3868,64
276894,Mouse,5683,66
276980,Mouse,4938,65
277064,Mouse,5273,65
277081,Mouse,5245,67
277095,Mouse,5090,70
277322,Mouse,4775,76
277392,Mouse,3496,68
277479,Mouse,4484,70
277493,Mouse,5538,75
277494,Elephant,542630,1175
277538,Mouse,5780,81
277557,Mouse,4432,71
277604,Mouse,3213,66
277642,Mouse,5825,71
277708,Mouse,5001,65
277753,Mouse,4007,65
277837,Mouse,3227,68
277872,Mouse,5757,70
277990,Mouse,4357,76
278017,Mouse,3905,71
278030,Mouse,5107,74
278056,Mouse,5558,86
278079,Mouse,3250,81
278101,Mouse,5085,86
278177,Mouse,5056,78
278184,Mouse,4085,79
278207,Mouse,4311,81
278219,Mouse,4363,86
278283,Mouse,3926,92
278426,Mouse,5626,93
278432,Mouse,4756,96
278435,Elephant,551325,1259
278543,Elephant,405785,1177
278575,Mouse,4570,65
278617,Mouse,5003,65
278744,Mouse,3293,64
278854,Mouse,4220,64
278997,Mouse,4906,65
279031,Mouse,3008,64
279089,Mouse,5784,66
279140,Mouse,4005,64
279144,Mouse,4622,65
279178,Mouse,3056,64
279221,Mouse,5371,65
279256,Mouse,5190,65
279261,Mouse,4027,64
279286,Mouse,5522,66
279312,Mouse,5825,66
279351,Mouse,5402,65
279387,Mouse,4723,65
279519,Mouse,3343,64
279533,Mouse,3309,64
279566,Mouse,5538,66
279640,Mouse,4822,65
279809,Mouse,4616,65
279909,Mouse,3894,65
279914,Mouse,3184,68
279963,Mouse,3736,71
280006,Mouse,4039,68
280070,Mouse,3034,74
280093,Mouse,5806,68
280131,Mouse,4074,75
280161,Mouse,4259,75
280241,Mouse,3175,79
280356,Mouse,4001,87
280380,Mouse,5107,93
280423,Mouse,3678,102
280507,Mouse,4105,115
280517,Mouse,4164,113
280525,Mouse,3237,118
280635,Elephant,321675,1045
280674,Mouse,4364,120
280708,Mouse,3271,114
280811,Mouse,3808,93
280836,Mouse,5083,104
280888,Mouse,4741,109
281099,Mouse,5482,151
281153,Elephant,100809,771
281154,Mouse,4731,158
281167,Mouse,4703,162
281195,Mouse,3377,167
281211,Mouse,3450,170
281233,Elephant,403307,1528
281257,Mouse,3082,162
281320,Mouse,3194,131
281339,Elephant,551954,1619
281364,Mouse,5259,137
281412,Mouse,5597,108
281453,Mouse,5666,80
281551,Mouse,4208,79
281562,Mouse,4232,88
281604,Mouse,3927,94
281685,Mouse,3154,105
281783,Mouse,3100,111
281899,Mouse,4200,127
281943,Mouse,5705,137
281984,Mouse,4628,145
282007,Elephant,334267,1606
282100,Elephant,270223,1293
282181,Mouse,4387,87
282247,Elephant,476456,1797
282250,Mouse,3324,83
282345,Elephant,53229,440
282400,Mouse,3278,66
282477,Mouse,4371,66
282543,Mouse,3673,68
282594,Mouse,5603,76
282596,Mouse,3349,76
282618,Elephant,374494,1195
282670,Mouse,4817,65
282720,Mouse,3730,64
282778,Mouse,4352,65
282816,Mouse,5337,65
282849,Mouse,4489,65
282911,Mouse,5778,71
282917,Mouse,5157,71
282979,Mouse,4485,68
282993,Mouse,3251,64
283040,Elephant,41380,244
283068,Mouse,5028,69
283073,Mouse,3481,65
283083,Mouse,3523,64
283093,Mouse,3025,64
283142,Mouse,5469,66
283164,Mouse,4222,64
283192,Mouse,4149,68
283244,Mouse,4562,65
283266,Mouse,3272,64
283290,Mouse,4409,66
283313,Mouse,5011,65
283325,Mouse,4980,70
283381,Mouse,5632,74
283642,Mouse,5520,70
283754,Mouse,4829,69
283776,Mouse,4837,65
283861,Mouse,3095,64
283917,Mouse,4176,66
283927,Mouse,4195,69
284044,Mouse,3506,72
284078,Mouse,4107,68
284133,Mouse,4407,72
284158,Mouse,3809,72
284205,Elephant,538273,1295
284219,Mouse,5827,66
284248,Mouse,3672,65
284436,Mouse,3575,67
284544,Mouse,5148,70
284617,Mouse,4996,80
284688,Mouse,3252,75
284745,Mouse,5196,83
284759,Mouse,4521,88
284789,Mouse,5783,100
284873,Mouse,3982,101
284936,Mouse,4861,106
285006,Mouse,5225,121
285032,Mouse,4426,124
285075,Elephant,539814,1306
285078,Mouse,4172,119
285089,Mouse,5652,116
285111,Elephant,209912,839
285238,Mouse,3267,67
285255,Mouse,4054,69
285301,Mouse,5187,72
285438,Mouse,5720,72
285541,Elephant,439663,1225
285570,Mouse,4161,65
285588,Elephant,149049,664
285652,Mouse,4421,65
285737,Mouse,4154,64
285757,Mouse,3784,64
285848,Mouse,3309,64
285882,Mouse,4894,69
285902,Mouse,5392,65
285936,Mouse,4045,69
285944,Mouse,5633,66
286159,Mouse,3055,64
286217,Mouse,3477,64
286224,Mouse,4849,65
286285,Mouse,4637,69
286327,Mouse,5753,69
286352,Mouse,5080,65
286463,Mouse,4958,70
286475,Mouse,5226,68
286497,Mouse,3621,67
286509,Mouse,3854,70
286519,Mouse,3632,67
286533,Elephant,248536,757
286579,Mouse,4932,65
286594,Mouse,5418,65
286669,Mouse,3423,64
286691,Mouse,4502,65
286785,Mouse,4601,65
286850,Mouse,4339,65
286864,Mouse,4791,65
286904,Mouse,3680,64
286926,Mouse,5115,65
286933,Mouse,3691,64
286950,Mouse,3422,64
286976,Mouse,4816,66
287049,Mouse,4311,65
287062,Mouse,3157,64
287096,Mouse,5162,65
287138,Mouse,5135,65
287155,Mouse,4473,65
287294,Mouse,4968,65
287322,Mouse,3145,64
287338,Mouse,4486,66
287348,Mouse,5609,66
287410,Mouse,4877,65
287422,Mouse,3591,64
287475,Mouse,3765,64
287612,Mouse,4707,65
287628,Mouse,5228,65
287649,Mouse,3350,64
287676,Mouse,4159,64
287711,Mouse,3637,64
287723,Mouse,5445,68
287825,Mouse,5401,65
287842,Mouse,4587,65
287859,Mouse,4918,69
288017,Mouse,5053,65
288039,Mouse,4940,71
288042,Mouse,3877,71
288093,Mouse,5049,66
288096,Mouse,4119,68
288106,Mouse,4232,65
288184,Mouse,5195,74
288185,Mouse,4773,72
288196,Mouse,4011,72
288310,Mouse,3424,68
288389,Elephant,300283,859
288432,Mouse,4069,74
288659,Mouse,4917,71
288684,Mouse,3316,68
288782,Mouse,4953,69
288801,Mouse,4420,77
288830,Mouse,4241,82
288836,Elephant,318599,891
288911,Mouse,4259,65
288997,Mouse,3893,71
289082,Elephant,445651,1078
289098,Mouse,4233,72
289224,Mouse,4314,73
289231,Mouse,4097,71
289367,Mouse,4837,71
289385,Mouse,3023,67
289472,Mouse,4397,70
289528,Elephant,194268,697
289578,Mouse,4110,70
289624,Mouse,4448,65
289671,Mouse,3723,66
289674,Mouse,3845,68
289688,Mouse,5224,71
289707,Mouse,3668,79
289713,Mouse,5556,83
289809,Mouse,4281,72
289899,Mouse,3542,80
290045,Mouse,4002,92
290074,Elephant,396422,1068
290205,Elephant,500164,1221
290230,Mouse,3915,68
290253,Mouse,4457,67
290261,Mouse,3923,69
290365,Mouse,3244,64
290380,Mouse,5246,70
290390,Mouse,3941,69
290440,Mouse,4619,74
290489,Mouse,4488,69
290537,Mouse,4481,65
290586,Elephant,153549,616
290591,Mouse,5077,66
290633,Mouse,4088,65
290657,Elephant,186730,670
290788,Mouse,3728,64
290840,Mouse,4507,65
290880,Mouse,4708,65
290900,Mouse,4879,65
290913,Mouse,5526,66
290958,Mouse,5160,66
291007,Mouse,5671,66
291054,Mouse,4515,65
291062,Mouse,4872,65
291067,Mouse,5589,66
291161,Mouse,4577,65
291195,Mouse,4585,65
291280,Mouse,4934,65
291368,Mouse,5685,66
291468,Mouse,3704,64
291545,Mouse,4680,65
291553,Mouse,4971,65
291660,Mouse,4031,64
291707,Mouse,4972,65
291777,Mouse,5652,66
291889,Mouse,3468,64
291946,Mouse,5157,68
291949,Mouse,3078,64
292030,Mouse,5163,70
292086,Mouse,3800,64
292131,Mouse,3877,65
292249,Mouse,4729,71
292253,Mouse,4525,72
292262,Mouse,4392,77
292276,Mouse,3089,70
292329,Mouse,5349,71
292342,Mouse,5146,68
292394,Mouse,5345,70
292411,Mouse,4448,76
292452,Elephant,240742,748
292461,Mouse,4945,82
292549,Mouse,4315,68
292581,Mouse,5020,68
292674,Mouse,5660,70
292749,Mouse,5303,77
292763,Mouse,4820,82
292775,Elephant,159817,624
292900,Mouse,3345,71
293000,Mouse,5301,77
293017,Mouse,4752,82
293048,Mouse,4069,84
293056,Mouse,3592,88
293169,Mouse,4277,90
293175,Mouse,5642,95
293219,Elephant,412836,1092
293230,Mouse,5011,103
293233,Elephant,255538,877
293247,Mouse,4861,101
293260,Mouse,4306,91
293321,Elephant,95928,529
293444,Mouse,3334,64
293580,Mouse,5561,66
293627,Mouse,4391,65
293639,Mouse,5449,66
293721,Mouse,4822,65
293810,Mouse,5667,66
293839,Mouse,3166,64
294199,Mouse,3162,64
294237,Mouse,3742,67
294299,Mouse,5319,65
294382,Mouse,3040,64
294415,Mouse,4411,69
294537,Mouse,4130,68
294667,Mouse,3925,65
294804,Elephant,282225,807
294810,Mouse,3010,64
294860,Mouse,5657,66
294946,Mouse,4977,65
294971,Mouse,5091,65
295007,Mouse,4512,65
295069,Mouse,3022,64
295114,Mouse,3395,64
295125,Mouse,4983,69
295158,Mouse,3769,65
295215,Mouse,4723,65
295325,Mouse,4928,65
295397,Mouse,5827,66
295522,Mouse,5079,70
295593,Elephant,174704,624
295604,Mouse,5566,66
295619,Mouse,5397,65
295658,Mouse,5534,66
295677,Mouse,5825,66
295887,Mouse,3298,64
295900,Mouse,5696,66
296043,Mouse,3981,64
296153,Mouse,3057,64
296189,Mouse,3877,64
296198,Mouse,4625,65
296349,Mouse,5715,66
296431,Mouse,5344,70
296617,Mouse,4367,65
296663,Mouse,5474,66
296685,Mouse,4828,69
296708,Elephant,190374,650
296715,Mouse,5535,82
296762,Mouse,5517,75
296769,Mouse,4080,68
296805,Mouse,5594,69
296926,Mouse,4983,68
297029,Elephant,55883,331
297309,Elephant,264513,854
297362,Mouse,4698,76
297444,Elephant,262111,820
297565,Mouse,5703,66
297575,Mouse,5407,67
297578,Mouse,4764,67
297583,Elephant,301462,874
297645,Mouse,4789,65
297653,Mouse,4547,65
297752,Mouse,5602,66
297762,Mouse,4029,64
297829,Mouse,4599,65
297871,Mouse,5481,66
297902,Mouse,4363,68
297907,Mouse,4106,68
297922,Mouse,5746,66
297950,Mouse,3542,68
298008,Mouse,3118,64
298219,Mouse,5025,74
298261,Mouse,4253,74
298289,Mouse,5500,69
298468,Mouse,3911,79
298583,Mouse,5288,89
298768,Mouse,3498,114
298787,Mouse,3308,117
298958,Elephant,332798,1085
298961,Mouse,3226,146
298985,Mouse,3886,141
298992,Mouse,3579,140
299000,Mouse,5174,146
299031,Mouse,3617,131
299045,Elephant,267169,1034
299065,Mouse,3649,119
299153,Elephant,462018,1319
299206,Mouse,4839,65
299235,Mouse,4413,65
299242,Mouse,5611,68
299268,Mouse,3975,68
299337,Mouse,4305,65
299349,Mouse,3729,67
299388,Mouse,3200,67
299487,Mouse,3564,67
299505,Mouse,4299,74
299523,Mouse,3706,71
299635,Mouse,3396,69
299659,Mouse,5452,76
299721,Mouse,3652,83
299775,Mouse,4293,85
299908,Mouse,4279,89
299966,Mouse,4209,91
299974,Mouse,4074,94
300015,Mouse,3008,104
300038,Mouse,5696,110
300084,Mouse,4824,117
300155,Mouse,3577,120
300200,Mouse,4400,117
300202,Elephant,539569,1500
300214,Mouse,5519,109
300232,Mouse,3780,111
300256,Elephant,596699,1636
300258,Mouse,4582,91
300410,Mouse,3463,66
300419,Mouse,5282,69
300498,Mouse,4697,73
300520,Mouse,4290,65
300661,Mouse,4987,68
300801,Mouse,4535,73
300852,Mouse,4314,72
300861,Mouse,5440,74
300938,Elephant,381370,1298
300990,Mouse,4522,65
301242,Elephant,138304,569
301309,Mouse,4421,65
301339,Mouse,5643,67
301526,Elephant,464651,1402
301551,Mouse,4524,74
301650,Mouse,5319,70
301653,Elephant,103840,478
301789,Elephant,100071,461
301819,Mouse,4289,65
301912,Mouse,4302,65
301942,Mouse,3368,66
302077,Mouse,4820,69
302211,Mouse,4605,68
302295,Mouse,3900,68
302335,Elephant,296175,905
302411,Mouse,5311,65
302475,Mouse,5821,69
302497,Mouse,5506,74
302553,Mouse,4219,64
302569,Mouse,5062,69
302590,Mouse,4513,70
302714,Mouse,3060,68
302765,Elephant,242339,836
302776,Mouse,4129,69
302786,Mouse,3188,64
302796,Mouse,5189,69
302867,Mouse,5351,68
302899,Mouse,5637,68
302943,Mouse,4711,68
302997,Mouse,4615,69
303043,Mouse,5757,71
303172,Mouse,4010,67
303210,Mouse,4215,67
303434,Elephant,555254,1242
303447,Mouse,3300,69
303471,Mouse,3761,70
303538,Mouse,3564,64
303545,Mouse,3005,63
303559,Mouse,4440,69
303579,Mouse,3319,66
303600,Mouse,4839,69
303649,Elephant,234846,1055
303812,Mouse,5682,66
303969,Mouse,5452,70
304028,Mouse,4113,77
304068,Mouse,4391,82
304088,Mouse,5537,86
304125,Elephant,150451,905
304172,Mouse,5775,86
304179,Mouse,3142,75
304211,Mouse,5459,83
304243,Mouse,4053,76
304286,Mouse,4499,89
304296,Elephant,444175,1111
304357,Mouse,3589,75
304543,Mouse,5054,74
304568,Mouse,4623,72
304597,Mouse,5515,80
304621,Mouse,5668,82
304635,Mouse,4667,89
304640,Mouse,3022,89
304768,Mouse,4468,83
304828,Elephant,383867,1072
304868,Mouse,3409,78
304872,Mouse,3022,77
304968,Mouse,4462,66
305061,Mouse,5691,71
305070,Elephant,179124,698
305185,Mouse,3442,67
305216,Mouse,4981,69
305269,Mouse,5611,72
305424,Mouse,3392,64
305444,Elephant,576829,1317
305513,Mouse,3226,64
305534,Mouse,3536,64
305560,Mouse,5097,69
305654,Mouse,4281,65
305704,Mouse,5378,69
305738,Mouse,3869,64
305783,Mouse,4439,66
305866,Mouse,4347,65
305912,Elephant,44886,280
305944,Mouse,5716,70
305955,Mouse,5838,76
306140,Mouse,3174,64
306166,Mouse,4425,67
306325,Mouse,3915,67
306328,Mouse,3973,69
306360,Mouse,5349,65
306428,Mouse,3522,67
306644,Mouse,3688,68
306652,Elephant,586912,1207
306786,Mouse,4254,66
306901,Mouse,3132,64
307000,Mouse,4819,68
307115,Elephant,215562,684
307192,Mouse,5188,65
307235,Mouse,5382,66
307260,Mouse,5486,69
307266,Mouse,4906,69
307534,Mouse,5132,67
307590,Mouse,5169,70
307672,Mouse,3453,68
307678,Mouse,3627,70
307715,Elephant,472160,1090
307718,Mouse,3527,76
307898,Mouse,3838,67
307944,Elephant,57662,329
308001,Elephant,229053,735
308052,Mouse,3482,64
308057,Mouse,3189,64
308092,Mouse,4883,65
308290,Mouse,4839,65
308306,Mouse,4814,65
308315,Mouse,3993,66
308325,Mouse,4420,70
308511,Mouse,5392,70
308601,Mouse,4616,73
308632,Mouse,3286,72
308652,Mouse,3058,75
308654,Mouse,3736,71
308720,Mouse,4115,72
308726,Mouse,5258,77
308767,Mouse,5721,75
308813,Mouse,5830,83
308853,Mouse,5000,84
308986,Elephant,177525,691
309084,Mouse,5226,79
309123,Elephant,266295,867
309242,Mouse,3064,67
309278,Mouse,3931,64
309417,Mouse,3105,66
309425,Mouse,5601,73
309444,Mouse,3214,75
309454,Elephant,514593,1203
309551,Mouse,3922,65
309667,Mouse,3593,64
309698,Mouse,5384,67
309782,Mouse,4178,68
309819,Mouse,3463,67
309843,Mouse,4920,65
309923,Mouse,3303,66
309992,Mouse,5014,70
310074,Mouse,3069,66
310081,Elephant,472170,1095
310182,Mouse,4128,64
310193,Mouse,5123,65
310203,Mouse,3750,64
310260,Mouse,3451,64
310308,Mouse,5183,65
310350,Mouse,3062,64
310488,Mouse,4788,65
310508,Mouse,3466,64
310763,Mouse,5820,66
310785,Mouse,3443,64
310838,Mouse,3714,67
310887,Mouse,3750,70
310967,Mouse,4115,67
311067,Mouse,5738,69
311156,Mouse,5350,69
311272,Mouse,3082,66
311333,Mouse,5005,72
311354,Mouse,5668,75
311484,Mouse,3452,77
311509,Mouse,5177,87
311583,Mouse,3498,101
311600,Mouse,4226,104
311632,Mouse,4670,109
311670,Mouse,5817,120
311736,Elephant,312445,964
311762,Mouse,3864,111
311783,Mouse,5041,107
311793,Mouse,4375,91
311801,Mouse,4396,95
311835,Mouse,3814,98
311848,Mouse,3324,100
312117,Mouse,4841,106
312258,Mouse,3516,122
312279,Elephant,550545,1447
312370,Mouse,3795,68
312405,Mouse,3853,79
312424,Elephant,552290,1560
312428,Mouse,3985,83
312498,Mouse,4771,79
312514,Mouse,4438,65
312613,Mouse,5780,71
312649,Mouse,4952,83
312700,Mouse,3263,83
312865,Elephant,110112,543
312923,Mouse,3502,98
313131,Mouse,5412,120
313143,Mouse,3290,129
313203,Elephant,529652,1502
313248,Mouse,4746,125
313265,Mouse,3979,127
313339,Mouse,4401,104
313415,Elephant,144566,965
313421,Elephant,189305,908
313435,Mouse,4055,117
313467,Mouse,5346,115
313477,Mouse,3908,109
313592,Elephant,109771,693
313642,Elephant,93783,641
313647,Mouse,3965,91
313687,Mouse,4310,82
313734,Mouse,5733,83
313786,Mouse,4197,74
313793,Elephant,84294,541
313859,Mouse,5115,69
313897,Mouse,5752,73
313945,Mouse,4593,73
313994,Mouse,5815,75
314013,Mouse,3948,77
314045,Mouse,5781,87
314055,Mouse,5461,90
314087,Mouse,4486,89
314124,Mouse,5110,94
314163,Mouse,5486,98
314217,Elephant,124622,589
314250,Mouse,3687,89
314297,Mouse,4251,81
314307,Mouse,5617,86
314332,Elephant,477375,1620
314336,Mouse,5621,80
314370,Mouse,3023,73
314606,Mouse,3381,67
314624,Mouse,4621,72
314632,Elephant,450403,1179
314633,Mouse,4474,75
314679,Mouse,5225,76
314687,Mouse,4113,64
314702,Mouse,4984,65
314710,Mouse,3952,64
314847,Mouse,5233,65
314933,Mouse,4588,67
314934,Mouse,4346,68
314946,Mouse,3229,64
314997,Mouse,5153,65
315120,Mouse,3960,64
315140,Mouse,3466,64
315172,Mouse,4840,65
315212,Mouse,4427,65
315258,Mouse,4004,64
315387,Mouse,3604,68
315393,Mouse,5406,65
315401,Mouse,5077,65
315496,Mouse,4099,64
315568,Mouse,3227,71
315792,Mouse,4544,81
316001,Mouse,3945,129
316003,Mouse,5252,131
316059,Elephant,391926,1096
316102,Mouse,4937,135
316111,Mouse,3238,137
316112,Mouse,4186,141
316150,Mouse,4068,132
316199,Mouse,3960,120
316217,Elephant,44042,461
316247,Elephant,232829,933
316346,Mouse,3418,84
316410,Mouse,3866,93
316418,Mouse,5286,96
316560,Mouse,3391,116
316604,Mouse,5385,125
316762,Mouse,4906,149
316806,Mouse,4885,149
316909,Mouse,3894,171
316955,Mouse,4401,180
316960,Mouse,3784,182
317020,Mouse,3898,189
317075,Mouse,5108,203
317136,Mouse,3369,215
317173,Elephant,355722,1588
317362,Mouse,4497,207
317375,Mouse,5060,206
317480,Mouse,4305,207
317535,Elephant,444615,1911
317637,Mouse,3296,192
317722,Mouse,3901,187
317770,Elephant,397265,2052
317865,Mouse,5032,166
317866,Mouse,5145,167
317975,Mouse,3176,168
318045,Mouse,4187,185
318254,Mouse,4738,210
318284,Mouse,4795,217
318326,Mouse,5365,224
318343,Mouse,5811,232
318362,Elephant,463638,2357
318385,Elephant,34054,609
318446,Elephant,122612,1393
318451,Mouse,5051,219
318520,Elephant,365924,2147
318526,Mouse,3898,152
318529,Mouse,5023,145
318555,Mouse,4187,149
318596,Mouse,5031,132
318643,Mouse,5095,131
318658,Mouse,4060,133
318672,Mouse,5772,138
318686,Mouse,3074,126
318693,Elephant,277156,2166
318744,Mouse,5276,121
318749,Mouse,5078,122
318771,Mouse,3344,110
318797,Mouse,5033,110
318851,Mouse,4439,95
318866,Mouse,4689,91
318905,Mouse,5300,93
318933,Mouse,3691,96
318997,Mouse,3062,99
319088,Mouse,3120,94
319127,Mouse,3450,81
319169,Mouse,4942,71
319308,Mouse,5406,70
319377,Elephant,595078,2387
319392,Mouse,5015,74
319599,Mouse,3099,67
319613,Mouse,5764,73
319637,Mouse,4339,81
319653,Mouse,4141,78
319707,Mouse,3924,82
319788,Elephant,95974,494
319842,Mouse,4707,68
319856,Mouse,4911,72
319902,Elephant,312536,912
319911,Mouse,3278,72
319916,Elephant,222870,768
320047,Mouse,5649,66
320051,Mouse,5251,67
320120,Mouse,4202,64
320187,Mouse,5805,66
320290,Mouse,3299,66
320446,Mouse,4991,65
320493,Mouse,5501,66
320553,Mouse,4870,68
320559,Mouse,3623,71
320588,Mouse,4805,72
320643,Mouse,4830,77
320668,Mouse,4344,77
320683,Mouse,5033,81
320724,Mouse,4250,86
320736,Mouse,3449,88
320809,Mouse,4919,90
321009,Mouse,4650,107
321061,Mouse,4810,113
321140,Mouse,4876,128
321151,Mouse,4106,132
321274,Elephant,410632,1204
321317,Elephant,445984,1268
321359,Mouse,4816,105
321360,Elephant,262213,1011
321371,Mouse,3679,73
321435,Mouse,3404,64
321444,Mouse,3306,64
321464,Mouse,4703,68
321517,Mouse,5555,66
321528,Mouse,3380,64
321563,Mouse,4423,65
321604,Mouse,3112,64
321713,Mouse,4018,67
321722,Mouse,3396,66
321730,Mouse,4308,65
321735,Mouse,3805,64
321771,Mouse,3157,67
321789,Mouse,5148,65
321887,Mouse,5126,66
322082,Mouse,3971,64
322092,Mouse,3957,64
322295,Elephant,350192,1022
322351,Mouse,4932,65
322363,Mouse,3231,64
322384,Mouse,3943,64
322395,Mouse,3390,65
322420,Mouse,5021,65
322435,Mouse,4383,65
322468,Mouse,5452,66
322680,Mouse,4894,65
322756,Mouse,4921,65
322785,Mouse,4925,65
322844,Mouse,4867,69
322872,Mouse,4032,64
322977,Mouse,5781,70
322986,Mouse,5120,65
323107,Mouse,3488,67
323200,Mouse,3831,67
323210,Mouse,5397,65
323279,Mouse,3654,66
323294,Mouse,3532,66
323312,Mouse,4317,68
323369,Mouse,4450,68
323394,Mouse,5751,66
323400,Mouse,4866,65
323409,Mouse,4074,64
323447,Mouse,3533,64
323470,Mouse,4920,65
323506,Mouse,5051,65
323536,Mouse,5839,66
323551,Mouse,4660,67
323572,Mouse,4894,65
323599,Mouse,3870,64
323653,Mouse,3058,64
323673,Mouse,3966,64
323707,Mouse,4936,65
323744,Mouse,3589,64
323793,Mouse,4757,65
323829,Mouse,5385,67
323892,Mouse,3988,67
323957,Mouse,5524,71
323965,Mouse,4411,66
323994,Mouse,3675,69
324011,Mouse,5248,65
324015,Mouse,3888,64
324017,Elephant,96081,449
324093,Mouse,4787,69
324455,Mouse,3952,69
324540,Mouse,4829,77
324619,Mouse,4701,95
324696,Mouse,4282,104
324705,Elephant,494704,1165
324740,Mouse,4395,87
324765,Mouse,4590,80
324843,Mouse,3735,67
324949,Mouse,5178,79
325057,Elephant,228359,813
325098,Mouse,3491,79
325158,Elephant,279490,942
325273,Mouse,5047,65
325338,Mouse,5459,69
325354,Mouse,3361,73
325421,Mouse,4765,67
325544,Mouse,5276,70
325554,Mouse,4900,73
325583,Mouse,5465,76
325683,Mouse,5606,81
325750,Elephant,531472,1281
325776,Mouse,3442,80
325782,Elephant,126732,545
325889,Mouse,4962,71
325891,Mouse,5296,72
325936,Mouse,4544,72
326165,Mouse,3373,72
326217,Mouse,5339,78
326235,Mouse,3382,84
326235,Mouse,3944,83
326279,Mouse,4495,87
326349,Mouse,5738,72
326355,Mouse,3914,77
326467,Mouse,4361,89
326525,Elephant,133446,612
326531,Mouse,3415,92
326578,Mouse,4882,94
326621,Mouse,3977,83
326630,Mouse,5112,89
326642,Mouse,3713,91
326728,Elephant,340341,1216
326759,Mouse,4969,79
326782,Mouse,4612,76
326801,Mouse,3584,73
326878,Mouse,4610,76
326886,Mouse,3443,80
326887,Mouse,3487,80
326906,Mouse,4831,87
326909,Mouse,3981,89
326976,Mouse,5652,90
326978,Elephant,245678,1271
327027,Mouse,3267,64
327047,Elephant,508939,1249
327077,Mouse,5511,66
327088,Mouse,3854,64
327092,Mouse,3421,64
327231,Mouse,3172,67
327286,Mouse,4532,65
327319,Mouse,5735,70
327387,Mouse,5556,66
327391,Mouse,3514,64
327408,Mouse,4066,67
327499,Mouse,4127,70
327500,Mouse,5660,71
327587,Mouse,4223,64
327608,Elephant,149093,576
327653,Mouse,3754,65
327690,Mouse,3169,64
327711,Mouse,4107,64
327801,Mouse,4422,65
327820,Mouse,4041,64
328038,Mouse,3481,64
328053,Mouse,4852,65
328215,Mouse,5601,66
328342,Mouse,3338,64
328352,Mouse,5651,66
328402,Mouse,3319,64
328493,Mouse,5372,65
328500,Mouse,4792,65
328523,Mouse,4323,65
328547,Mouse,5391,65
328580,Mouse,3622,65
328582,Mouse,3875,66
328614,Mouse,4902,65
328775,Mouse,4391,65
328783,Mouse,4966,65
328794,Mouse,4626,65
328990,Mouse,4852,65
329030,Mouse,4283,65
329042,Mouse,5432,66
329128,Mouse,5330,65
329148,Mouse,3519,64
329186,Mouse,3354,64
329253,Mouse,5805,66
329314,Mouse,5796,66
329325,Mouse,5312,65
329339,Mouse,4260,65
329372,Mouse,4259,65
329387,Mouse,4040,64
329425,Mouse,4676,65
329464,Mouse,4352,65
329540,Mouse,5444,66
329547,Mouse,3326,64
329601,Mouse,5638,69
329655,Mouse,4771,65
329675,Mouse,3047,64
329685,Mouse,5689,70
329710,Mouse,4161,64
329755,Mouse,5266,66
329991,Mouse,5155,70
330108,Elephant,150860,578
330119,Mouse,5529,66
330212,Mouse,3665,64
330250,Mouse,4165,64
330262,Mouse,4009,64
330296,Mouse,4237,65
330300,Mouse,5232,66
330316,Mouse,5660,70
330322,Elephant,163080,594
330413,Mouse,5440,66
330459,Mouse,5192,68
330529,Mouse,5055,65
330547,Mouse,5397,65
330591,Mouse,3112,64
330640,Mouse,5135,65
330692,Mouse,4647,65
330696,Mouse,5233,66
330741,Mouse,3752,65
330792,Mouse,4377,65
330808,Mouse,3831,64
331116,Mouse,4416,65
331162,Mouse,5491,66
331174,Mouse,4171,64
331233,Mouse,3733,67
331424,Mouse,3473,64
331558,Mouse,3726,71
331602,Mouse,3549,67
331737,Mouse,3031,75
331756,Mouse,5461,79
331824,Mouse,4858,89
331861,Mouse,4167,95
331949,Mouse,5431,104
332075,Mouse,3400,138
332111,Mouse,3463,146
332113,Elephant,584314,1342
332169,Mouse,3716,118
332398,Mouse,4653,109
332483,Mouse,5231,131
332501,Mouse,4303,138
332510,Elephant,245305,1034
332515,Mouse,5468,132
332567,Mouse,4151,134
332600,Mouse,5591,124
332616,Elephant,113648,777
332641,Mouse,4825,91
332649,Elephant,380301,1294
332662,Mouse,4666,86
332696,Mouse,4713,65
332735,Mouse,5306,76
332743,Mouse,4620,69
332794,Mouse,3617,65
332828,Mouse,3801,75
332950,Mouse,4651,68
333042,Mouse,5214,70
333056,Elephant,184323,784
333067,Mouse,4917,71
333071,Elephant,364900,1218
333173,Mouse,5401,65
333221,Mouse,3654,64
333229,Mouse,3411,64
333250,Mouse,3452,64
333287,Mouse,4342,65
333294,Mouse,3500,65
333298,Mouse,4071,65
333319,Mouse,3315,64
333481,Mouse,4322,65
333646,Mouse,3648,64
333652,Mouse,4679,65
333848,Mouse,5604,66
333955,Elephant,62039,326
334001,Mouse,5675,66
334144,Mouse,5333,67
334147,Mouse,4978,67
334215,Mouse,5135,65
334274,Mouse,4783,65
334439,Mouse,5112,65
334499,Mouse,4900,65
334507,Mouse,4379,65
334574,Mouse,4085,64
334674,Mouse,3583,64
334773,Mouse,4306,65
334826,Mouse,5640,66
334859,Mouse,4572,65
334957,Mouse,3156,64
335094,Mouse,3070,64
335132,Mouse,4604,65
335154,Mouse,5359,65
335158,Mouse,4521,65
335169,Mouse,3101,64
335177,Mouse,4091,65
335202,Mouse,3879,65
335288,Mouse,3817,64
335310,Mouse,3007,64
335342,Mouse,5339,65
335472,Mouse,3958,64
335494,Mouse,5410,65
335516,Mouse,3423,64
335558,Mouse,4584,65
335573,Mouse,3285,64
335695,Mouse,5833,71
335706,Mouse,5520,68
335914,Mouse,3311,67
336169,Mouse,3791,73
336241,Mouse,4893,83
336358,Mouse,4704,104
336376,Mouse,5283,106
336401,Mouse,3119,110
336406,Mouse,4875,114
336562,Elephant,282479,926
336611,Elephant,310229,1030
336654,Mouse,4963,80
336729,Mouse,3597,72
336740,Mouse,5630,69
336771,Mouse,5395,80
336787,Mouse,3491,82
336813,Mouse,3849,82
336957,Mouse,5651,86
336972,Mouse,3659,88
336982,Elephant,537532,1335
336986,Mouse,4909,89
337039,Mouse,4023,69
337050,Mouse,4326,71
337172,Mouse,3132,67
337285,Mouse,5745,77
337437,Elephant,209112,805
337518,Mouse,4683,69
337542,Mouse,4847,70
337570,Mouse,4548,66
337626,Mouse,3656,64
337639,Mouse,4178,68
337681,Mouse,3091,67
337717,Elephant,573700,1316
337800,Mouse,4068,64
337868,Mouse,3865,64
338059,Mouse,3028,64
338128,Mouse,5566,66
338134,Mouse,4565,66
338149,Mouse,4860,65
338206,Mouse,5691,66
338294,Mouse,4068,64
338327,Mouse,3685,64
338413,Mouse,3849,64
338419,Mouse,4680,65
338439,Mouse,3933,68
338458,Mouse,3500,64
338461,Mouse,3062,65
338549,Mouse,5122,65
338608,Mouse,5639,68
338738,Mouse,4201,67
338761,Mouse,3654,67
338774,Mouse,4926,65
338815,Mouse,5273,65
338844,Mouse,5242,72
338847,Mouse,5087,73
338858,Mouse,5062,76
338863,Mouse,5078,74
339008,Mouse,3709,67
339068,Mouse,5247,69
339071,Mouse,3580,70
339099,Mouse,3991,66
339124,Elephant,490065,1097
339152,Mouse,3507,69
339365,Mouse,5218,65
339396,Mouse,5002,68
339398,Mouse,4956,68
339445,Mouse,4396,65
339451,Mouse,3806,64
339465,Mouse,3074,66
339510,Mouse,3547,66
339605,Mouse,5626,66
339634,Mouse,4001,66
339724,Elephant,105052,498
339810,Mouse,5236,65
339878,Mouse,3795,64
340089,Mouse,5170,65
340276,Mouse,3686,64
340301,Mouse,3799,68
340426,Mouse,4620,69
340455,Mouse,3239,64
340493,Mouse,3937,64
340510,Mouse,4753,66
340537,Mouse,3761,65
340601,Mouse,3689,71
340624,Mouse,3473,64
340653,Mouse,5698,73
340767,Elephant,342940,930
340838,Mouse,3110,66
340888,Mouse,4262,68
340998,Mouse,4709,65
341149,Mouse,5494,70
341207,Mouse,4543,73
341215,Mouse,4019,72
341221,Mouse,4454,66
341231,Mouse,4189,66
341255,Mouse,5394,72
341274,Mouse,4344,71
341280,Mouse,4406,72
341287,Mouse,5606,74
341343,Mouse,3547,73
341372,Mouse,4747,82
341376,Mouse,4238,87
341385,Mouse,4862,88
341417,Mouse,5622,89
341468,Mouse,4586,93
341491,Mouse,5040,94
341801,Mouse,4020,121
341803,Elephant,88607,561
341848,Mouse,5724,125
341974,Mouse,4196,121
341999,Mouse,3513,122
342017,Mouse,3440,127
342081,Mouse,4768,133
342141,Mouse,4717,134
342150,Elephant,522547,1596
342157,Mouse,3611,138
342159,Mouse,3038,137
342182,Elephant,474511,1546
342203,Mouse,3055,106
342232,Mouse,5205,94
342279,Mouse,3911,67
342295,Mouse,3338,67
342452,Elephant,355166,1263
342486,Mouse,5500,68
342489,Mouse,3108,64
342505,Mouse,4833,65
342552,Mouse,3113,64
342623,Mouse,3528,64
342676,Mouse,3785,64
342942,Mouse,4942,70
342961,Mouse,3554,64
343003,Mouse,3018,64
343052,Mouse,5189,66
343119,Mouse,4161,68
343142,Mouse,5319,74
343205,Mouse,3762,66
343343,Mouse,4581,69
343352,Elephant,214024,691
343430,Mouse,4410,65
343492,Mouse,4332,69
343522,Mouse,4027,64
343526,Mouse,4003,66
343545,Mouse,4147,71
343641,Mouse,3388,67
343698,Mouse,5668,66
343719,Mouse,5088,71
343760,Elephant,405420,1011
343773,Mouse,4635,76
343774,Mouse,5831,79
343793,Mouse,4297,65
343817,Mouse,3719,72
343831,Mouse,3406,64
343861,Mouse,4554,65
343882,Mouse,3716,64
343894,Mouse,3302,64
343990,Mouse,4559,65
344027,Mouse,5702,66
344078,Mouse,3074,64
344143,Mouse,3767,64
344147,Mouse,3753,64
344290,Mouse,3980,64
344369,Mouse,5604,66
344406,Mouse,5393,65
344438,Mouse,4426,65
344497,Mouse,3082,64
344517,Mouse,3906,64
344628,Mouse,3064,64
344743,Mouse,3318,64
344755,Mouse,3690,64
344784,Mouse,5812,66
344824,Mouse,4884,73
344829,Mouse,3234,74
344874,Mouse,3950,65
344933,Elephant,151386,578
344976,Mouse,3848,65
345003,Mouse,5467,66
345430,Mouse,4092,68
345484,Mouse,3182,72
345493,Mouse,4190,72
345543,Elephant,136151,552
345547,Mouse,4178,73
345644,Elephant,425638,1031
345645,Mouse,5559,71
345702,Mouse,4215,67
345808,Mouse,3142,65
345811,Mouse,5254,67
345848,Mouse,4311,69
345875,Mouse,3310,66
345890,Mouse,4280,68
346139,Mouse,4877,73
346175,Mouse,3688,78
346245,Elephant,289509,846
346277,Mouse,3247,73
346320,Mouse,3351,71
346383,Mouse,4646,69
346490,Mouse,4869,71
346501,Elephant,378117,998
346515,Mouse,4199,67
346589,Mouse,4871,65
346627,Mouse,5367,69
346686,Mouse,4971,65
346729,Mouse,3705,65
346747,Mouse,4841,67
346797,Mouse,4634,72
346810,Mouse,3698,69
346837,Mouse,5124,67
346854,Mouse,5226,73
346860,Mouse,5141,77
346862,Mouse,4389,73
346874,Mouse,5447,74
346911,Mouse,5602,71
346936,Mouse,5403,76
346942,Elephant,347052,945
346945,Mouse,4261,69
346953,Mouse,5742,68
346974,Mouse,4026,67
347003,Mouse,4159,66
347156,Mouse,4272,65
347204,Mouse,4861,69
347206,Mouse,5643,69
347225,Mouse,5540,68
347254,Mouse,4519,76
347267,Mouse,5463,71
347328,Mouse,5470,69
347518,Mouse,4633,69
347614,Elephant,207503,682
347703,Mouse,5422,65
347705,Elephant,283566,946
347713,Mouse,4550,65
347719,Mouse,3238,64
347736,Mouse,3465,64
347761,Mouse,3175,69
347767,Mouse,4155,69
347824,Mouse,5369,65
347837,Mouse,5096,65
347900,Mouse,5628,69
347910,Mouse,5806,66
348028,Mouse,3304,70
348036,Mouse,5377,75
348120,Mouse,4412,71
348172,Mouse,5512,66
348223,Mouse,5398,66
348269,Mouse,3928,70
348401,Mouse,4443,81
348409,Mouse,4784,86
348434,Mouse,3675,92
348462,Mouse,5630,100
348479,Mouse,4633,111
348484,Elephant,33385,374
348517,Mouse,4268,107
348566,Mouse,5811,106
348683,Elephant,322420,990
348707,Elephant,347827,1017
348707,Mouse,5091,110
348755,Mouse,5650,93
348836,Mouse,5664,68
348885,Mouse,3903,70
348894,Mouse,5592,74
348927,Mouse,3409,67
348970,Mouse,3989,75
348974,Mouse,3347,74
349088,Mouse,5223,76
349093,Mouse,3598,77
349108,Mouse,3373,84
349111,Mouse,3701,85
349165,Elephant,268301,1078
349247,Mouse,3800,67
349334,Mouse,5145,68
349389,Mouse,5228,71
349412,Mouse,5142,75
349545,Mouse,5216,69
349597,Elephant,371816,1123
349673,Mouse,3924,64
349772,Mouse,4959,65
349781,Mouse,4074,68
349853,Mouse,3396,64
349877,Mouse,4736,70
349937,Mouse,5579,68
349940,Mouse,4396,67
350029,Mouse,3003,63
350051,Mouse,3086,66
350092,Mouse,5253,68
350094,Elephant,544089,1477
350110,Mouse,4779,67
350136,Mouse,3028,65
350147,Mouse,4760,65
350162,Mouse,4710,65
350210,Mouse,3516,64
350289,Mouse,5280,65
350401,Mouse,5132,65
350408,Mouse,4241,64
350412,Mouse,4083,64
350428,Mouse,4626,65
350446,Mouse,4819,66
350489,Mouse,3488,64
350537,Mouse,3502,64
350610,Mouse,4196,64
350666,Mouse,3812,64
350722,Mouse,3144,64
350747,Mouse,3491,66
350943,Mouse,4220,64
350972,Mouse,5550,66
351217,Elephant,179474,627
351240,Mouse,3703,64
351283,Mouse,5429,66
351296,Mouse,3554,67
351304,Mouse,5133,65
351355,Mouse,3682,66
351357,Mouse,5375,68
351365,Mouse,3317,65
351367,Mouse,4867,67
351423,Mouse,5407,68
351452,Mouse,4784,65
351520,Mouse,4040,64
351540,Mouse,4769,65
351602,Mouse,3440,67
351611,Mouse,5419,71
351640,Mouse,3635,67
351658,Mouse,3619,64
351740,Mouse,3103,67
351846,Mouse,4781,65
351871,Mouse,3891,68
351893,Mouse,3584,64
351903,Mouse,3685,65
351937,Elephant,242820,751
352046,Mouse,3645,67
352240,Mouse,3843,64
352313,Elephant,235213,735
352360,Mouse,5010,65
352383,Mouse,4857,65
352394,Mouse,4261,65
352548,Mouse,5094,65
352597,Mouse,4954,65
352632,Mouse,4038,64
352698,Mouse,5496,66
352743,Mouse,3234,64
352777,Mouse,3296,64
352867,Mouse,3603,64
352889,Mouse,5105,65
353117,Mouse,4018,64
353256,Mouse,5167,65
353328,Mouse,5116,65
353596,Mouse,4715,65
353601,Mouse,5518,66
353656,Mouse,4624,65
353667,Mouse,3132,66
353690,Mouse,4993,65
353875,Mouse,4800,65
353959,Mouse,5134,65
354037,Mouse,5045,65
354065,Mouse,4593,69
354211,Mouse,3081,64
354278,Mouse,5450,70
354339,Mouse,3035,72
354350,Elephant,419454,1010
354506,Mouse,5444,66
354590,Mouse,3504,64
354625,Mouse,3216,64
354628,Mouse,3404,65
354643,Mouse,3551,64
354696,Mouse,3366,64
354717,Mouse,4438,65
354744,Mouse,5189,65
354754,Mouse,3067,64
354780,Mouse,5405,65
354930,Mouse,3945,64
355031,Mouse,5662,66
355070,Mouse,4021,64
355082,Mouse,3193,64
355143,Mouse,3744,68
355155,Mouse,4447,65
355216,Mouse,3465,64
355282,Mouse,3644,64
355313,Mouse,5534,70
355330,Mouse,5446,66
355347,Mouse,5177,65
355606,Mouse,3307,66
355624,Elephant,230416,722
355657,Mouse,4042,67
355692,Mouse,4869,68
355833,Mouse,3681,64
355976,Mouse,5785,66
355982,Mouse,4215,68
355984,Mouse,5378,69
356016,Mouse,3122,64
356041,Mouse,4651,69
356075,Mouse,5254,67
356094,Mouse,4932,73
356126,Mouse,4239,67
356140,Mouse,3006,70
356193,Mouse,4152,64
356237,Mouse,3212,64
356251,Mouse,5213,68
356260,Mouse,5499,69
356279,Mouse,3548,64
356416,Mouse,3286,64
356454,Mouse,3484,64
356467,Mouse,5437,68
356524,Mouse,4469,69
356539,Elephant,417917,999
356612,Mouse,3354,64
356664,Mouse,5183,68
356665,Mouse,4087,68
356764,Mouse,5023,65
356779,Mouse,4520,65
356818,Mouse,3375,64
356831,Mouse,5173,65
356836,Mouse,5056,65
356841,Mouse,5107,65
356907,Mouse,3804,64
356930,Mouse,4618,65
356942,Mouse,4315,65
356956,Mouse,5494,66
356973,Mouse,3951,65
356990,Mouse,4282,65
357008,Mouse,3660,64
357029,Mouse,5707,66
357080,Mouse,4863,65
357104,Mouse,5487,66
357335,Mouse,5520,66
357341,Mouse,4595,65
357397,Mouse,5115,65
357441,Mouse,3390,69
357486,Mouse,3178,64
357649,Mouse,3856,64
357654,Mouse,4907,65
357697,Mouse,5453,66
357708,Mouse,4966,65
357724,Mouse,4297,65
357747,Mouse,4455,65
357865,Mouse,3173,64
358012,Mouse,5002,65
358036,Mouse,4399,65
358105,Mouse,5351,66
358244,Mouse,4391,69
358366,Mouse,5668,73
358394,Mouse,3024,71
358480,Elephant,45492,295
358583,Elephant,144663,561
358600,Mouse,3531,70
358664,Elephant,516739,1228
358718,Mouse,4777,65
358817,Mouse,4875,65
359098,Mouse,3841,67
359215,Mouse,5235,65
359257,Mouse,4488,65
359369,Mouse,4164,67
359485,Mouse,4367,69
359506,Mouse,5608,71
359545,Mouse,5281,74
359619,Mouse,4308,69
359742,Mouse,4794,69
359844,Mouse,5714,66
359854,Elephant,593214,1306
359879,Mouse,4093,68
359925,Mouse,3274,64
359944,Mouse,4262,66
359946,Mouse,3435,67
360086,Mouse,3615,66
360192,Mouse,5333,68
360242,Mouse,4459,76
360284,Mouse,5822,92
360300,Mouse,3883,97
360340,Mouse,3749,102
360374,Mouse,4744,115
360387,Mouse,3303,113
360489,Mouse,3053,112
360509,Mouse,3082,116
360535,Mouse,4771,114
360552,Mouse,3841,119
360633,Elephant,271722,1004
360677,Elephant,64752,490
360751,Mouse,5082,86
360782,Mouse,5645,84
360788,Elephant,180075,1004
360826,Mouse,4123,85
360836,Mouse,4042,91
360878,Mouse,3510,79
360923,Elephant,294686,1101
360998,Mouse,3247,64
361092,Mouse,3293,64
361134,Mouse,5503,68
361140,Mouse,3158,69
361141,Mouse,4066,69
361239,Elephant,501822,1301
361251,Mouse,5469,66
361290,Mouse,5796,66
361318,Mouse,3033,64
361379,Mouse,3766,64
361408,Mouse,3012,64
361495,Mouse,3315,64
361544,Mouse,3785,65
361546,Mouse,4525,67
361580,Mouse,4464,65
361589,Mouse,4977,67
361600,Mouse,5406,65
361613,Mouse,5651,66
361647,Mouse,3796,64
361670,Mouse,4260,67
361671,Mouse,4111,68
361717,Mouse,5399,69
361798,Mouse,3318,64
361851,Mouse,3753,64
361917,Mouse,4613,65
361961,Mouse,5310,66
361989,Mouse,5071,65
361995,Mouse,4061,64
362028,Mouse,4492,65
362059,Mouse,3292,64
362128,Mouse,3415,64
362146,Mouse,4396,69
362340,Mouse,5491,66
362373,Elephant,168716,600
362387,Mouse,5409,65
362455,Mouse,4111,64
362538,Mouse,5661,68
362608,Mouse,3320,64
362640,Mouse,5833,66
362780,Mouse,4025,64
362812,Mouse,4506,65
362959,Mouse,5351,67
363038,Mouse,3763,64
363051,Mouse,5498,70
363074,Mouse,5275,74
363111,Mouse,3080,71
363141,Mouse,5419,71
363145,Mouse,4473,72
363174,Mouse,3380,65
363179,Mouse,5443,69
363304,Mouse,5436,66
363319,Elephant,463021,1070
363385,Mouse,4702,65
363417,Mouse,4188,65
363489,Mouse,3040,64
363523,Mouse,4357,65
363663,Mouse,4445,65
363700,Mouse,5243,65
363873,Mouse,5737,66
363963,Mouse,3352,64
363967,Mouse,4755,66
363983,Mouse,5692,72
363997,Mouse,4167,74
364046,Mouse,3169,64
364132,Mouse,4752,65
364147,Mouse,4013,68
364159,Elephant,342058,900
364172,Mouse,4655,65
364200,Mouse,3603,68
364299,Mouse,5086,65
364386,Mouse,4581,69
364582,Mouse,5209,65
364643,Elephant,34151,238
364643,Elephant,132084,633
364703,Mouse,5258,65
364734,Mouse,5201,65
364755,Mouse,5122,67
364758,Mouse,5149,67
364787,Mouse,5779,66
364811,Mouse,5556,66
364820,Mouse,3147,64
364832,Mouse,5480,66
364891,Mouse,5733,66
364954,Mouse,5450,66
364960,Mouse,5790,66
365082,Mouse,5000,65
365102,Mouse,4702,65
365158,Mouse,5809,71
365168,Mouse,3960,71
365188,Mouse,5502,66
365304,Mouse,5107,67
365306,Mouse,3079,65
365360,Mouse,5016,65
365478,Mouse,4857,70
365520,Elephant,215253,688
365533,Mouse,3872,64
365647,Mouse,5503,68
365648,Mouse,3807,67
365661,Mouse,3438,64
365843,Mouse,4862,72
365899,Mouse,3551,67
365945,Mouse,5323,69
365978,Mouse,3414,69
366039,Mouse,4512,74
366190,Mouse,4391,92
366361,Mouse,5368,113
366419,Mouse,5699,126
366489,Mouse,3015,139
366498,Mouse,4966,145
366535,Mouse,5515,151
366602,Mouse,3684,163
366619,Mouse,4753,165
366764,Mouse,4027,180
366767,Mouse,4679,182
366785,Mouse,3077,185
366897,Mouse,5231,199
366922,Elephant,425923,1419
366982,Mouse,3481,178
367061,Mouse,4724,150
367075,Mouse,4425,151
367124,Mouse,5584,158
367173,Mouse,5734,167
367224,Mouse,4133,174
367285,Mouse,4575,181
367378,Mouse,4647,177
367392,Mouse,4174,184
367396,Mouse,5811,190
367412,Mouse,5592,192
367427,Mouse,3348,198
367449,Elephant,578607,1888
367519,Mouse,3609,171
367554,Mouse,3696,168
367570,Mouse,4622,150
367601,Mouse,4386,131
367611,Elephant,148908,1217
367647,Elephant,538967,1930
367650,Mouse,3652,136
367885,Elephant,544884,1931
367897,Mouse,4558,67
367972,Mouse,5225,65
368033,Mouse,4240,67
368096,Mouse,5218,65
368232,Mouse,3531,64
368317,Mouse,3032,64
368361,Mouse,4368,66
368432,Mouse,5349,67
368508,Mouse,3881,67
368601,Elephant,381181,951
368691,Mouse,4048,66
368705,Mouse,4660,65
368749,Mouse,5246,66
368928,Mouse,3968,64
368989,Elephant,65774,362
369002,Elephant,59661,329
369017,Mouse,3220,64
369028,Mouse,3932,64
369126,Mouse,5356,65
369185,Mouse,4302,65
369199,Mouse,4966,65
369203,Mouse,3656,64
369288,Mouse,3376,64
369324,Mouse,3813,64
369342,Mouse,4802,65
369348,Mouse,4750,65
369356,Mouse,4291,65
369450,Mouse,3130,64
369485,Mouse,4624,65
369525,Mouse,5541,66
369806,Mouse,4797,65
369877,Mouse,4729,65
369887,Mouse,4528,65
369894,Mouse,3661,64
369925,Mouse,3069,64
369940,Mouse,5029,65
369952,Mouse,5190,65
370129,Mouse,3761,64
370149,Mouse,4039,64
370182,Mouse,4929,65
370353,Mouse,4947,65
370475,Mouse,4688,68
370476,Mouse,5836,70
370489,Mouse,4111,64
370620,Mouse,4247,64
370630,Mouse,4325,65
370675,Mouse,3478,65
370683,Mouse,5708,66
370699,Mouse,3979,66
370703,Mouse,3761,64
370850,Mouse,5354,65
370865,Elephant,85059,410
370911,Mouse,4540,65
371102,Mouse,5036,65
371210,Mouse,3739,64
371248,Mouse,4270,65
371339,Mouse,3629,64
371421,Mouse,3961,64
371458,Mouse,5045,70
371706,Mouse,3972,71
371721,Mouse,3048,67
371759,Mouse,3603,64
371834,Mouse,4867,71
371884,Mouse,4131,73
371948,Mouse,5110,81
371953,Mouse,3645,83
371980,Mouse,4087,90
371997,Mouse,4900,96
372118,Mouse,4227,100
372174,Mouse,4679,112
372203,Mouse,5529,119
372261,Elephant,412673,1128
372294,Elephant,236210,857
372333,Mouse,3584,71
372431,Mouse,5571,66
372454,Mouse,3206,67
372492,Mouse,4867,69
372506,Mouse,5196,67
372590,Mouse,3074,67
372622,Mouse,5515,70
372633,Mouse,5040,74
372644,Mouse,4729,70
372672,Elephant,442071,1175
372755,Mouse,3505,64
372853,Mouse,3316,67
372943,Mouse,4330,68
373047,Mouse,4193,68
373080,Elephant,50570,287
373100,Mouse,5791,75
373256,Mouse,3203,67
373485,Mouse,3520,87
373530,Mouse,4455,96
373659,Elephant,57028,413
373766,Mouse,4651,117
373773,Elephant,430180,1170
373777,Mouse,5031,121
373780,Mouse,3005,117
373994,Mouse,4204,82
373996,Mouse,4618,84
374021,Mouse,4993,96
374222,Elephant,507196,1546
374357,Mouse,3776,72
374375,Mouse,4340,72
374403,Elephant,459184,1557
374483,Mouse,4892,69
374585,Mouse,4847,68
374663,Mouse,3854,67
374749,Mouse,5348,69
374786,Mouse,4283,65
374793,Mouse,5462,70
374863,Mouse,5369,70
374932,Elephant,552546,1351
375016,Mouse,4000,65
375027,Mouse,5250,65
375035,Mouse,3522,64
375175,Mouse,4467,65
375321,Mouse,3226,66
375550,Mouse,3534,71
375584,Mouse,5222,69
375612,Mouse,3664,67
375657,Mouse,3028,71
375777,Mouse,5789,75
375817,Mouse,5079,73
375876,Mouse,3712,74
375891,Mouse,3587,78
375903,Mouse,4539,85
375930,Elephant,488334,1121
375931,Elephant,173228,667
375977,Mouse,4689,65
375999,Mouse,3534,64
376028,Mouse,4137,64
376089,Mouse,5380,70
376091,Mouse,3515,70
376091,Mouse,4971,72
376123,Mouse,4896,68
376124,Mouse,4338,68
376187,Mouse,3277,67
376325,Mouse,4151,64
376429,Mouse,4442,65
376515,Mouse,3162,64
376546,Mouse,3927,64
376561,Mouse,5261,66
376585,Mouse,5014,70
376651,Mouse,5121,69
376660,Elephant,249335,771
376669,Mouse,4117,64
376700,Mouse,3686,68
376737,Mouse,4132,68
376919,Mouse,4676,65
376993,Mouse,3927,67
377150,Mouse,5457,66
377282,Mouse,5365,65
377297,Elephant,222287,714
377344,Mouse,4417,65
377393,Mouse,5802,68
377395,Mouse,5431,68
377399,Mouse,5334,69
377555,Mouse,3894,64
377628,Mouse,5170,69
377661,Mouse,4835,65
377807,Mouse,3583,64
377814,Mouse,4756,71
377870,Mouse,4909,65
377887,Mouse,5730,71
377912,Mouse,3618,64
378104,Mouse,5130,68
378118,Mouse,4188,73
378191,Mouse,4892,65
378202,Mouse,3617,70
378212,Elephant,157257,595
378359,Mouse,4308,65
378380,Mouse,3865,65
378422,Mouse,5607,70
378444,Mouse,5811,66
378600,Mouse,3926,68
378602,Elephant,417939,1044
378710,Mouse,4594,65
378724,Mouse,3657,64
378736,Mouse,4577,65
378749,Mouse,5519,66
378771,Mouse,3984,67
378773,Mouse,4977,69
378783,Mouse,3501,64
378843,Mouse,3046,64
378893,Mouse,5483,71
378895,Mouse,4022,69
378994,Mouse,3419,64
379104,Mouse,4762,66
379130,Mouse,4358,65
379256,Mouse,5747,66
379295,Mouse,4934,65
379381,Mouse,3880,64
379416,Mouse,5696,70
379464,Elephant,182650,638
379558,Mouse,3812,64
379583,Mouse,3295,64
379600,Mouse,4904,68
379601,Mouse,4788,68
379718,Mouse,4320,65
379756,Mouse,4693,65
379760,Mouse,3994,65
379780,Mouse,3489,64
379867,Mouse,3290,64
379884,Mouse,5773,66
379921,Mouse,5726,66
379968,Mouse,3476,64
380095,Mouse,3105,64
380169,Mouse,4798,67
380242,Mouse,5349,65
380296,Mouse,4722,70
380327,Mouse,3644,65
380330,Mouse,5573,68
380377,Mouse,3260,70
380381,Mouse,5731,74
380384,Mouse,4779,74
380500,Mouse,5565,75
380515,Mouse,3545,67
380572,Elephant,220273,727
380663,Mouse,5016,68
380787,Elephant,189454,646
380817,Mouse,3441,64
380852,Mouse,5618,66
380876,Mouse,5755,68
381080,Mouse,4266,65
381109,Mouse,3162,66
381125,Mouse,3959,65
381198,Mouse,5800,68
381270,Elephant,306286,856
381278,Mouse,3660,64
381350,Mouse,4998,65
381354,Mouse,4312,65
381369,Mouse,5189,68
381370,Mouse,4293,68
381461,Mouse,5607,66
381478,Mouse,4721,65
381579,Mouse,3253,64
381601,Mouse,4730,65
381630,Mouse,5508,69
381631,Mouse,5739,70
381646,Mouse,5546,67
382054,Mouse,3283,69
382098,Mouse,4260,74
382154,Elephant,55418,387
382290,Mouse,3104,74
382355,Mouse,4309,79
382534,Elephant,481407,1175
382548,Mouse,3478,118
382554,Mouse,3579,120
382570,Mouse,3883,124
382616,Mouse,5727,111
382759,Mouse,5123,94
382957,Mouse,5238,122
383027,Elephant,279618,1067
383044,Elephant,402189,1447
383059,Mouse,5488,117
383097,Mouse,3386,95
383113,Mouse,3860,80
383157,Elephant,157090,825
383167,Mouse,4260,72
383173,Mouse,3262,70
383195,Mouse,4460,77
383202,Mouse,3188,75
383331,Mouse,4855,72
383415,Mouse,5224,68
383419,Elephant,98448,563
383456,Mouse,5497,69
383533,Mouse,4887,70
383589,Mouse,4188,65
383595,Mouse,3419,64
383614,Mouse,5006,69
383625,Elephant,442033,1277
383779,Mouse,3795,64
384040,Mouse,4150,64
384061,Mouse,3167,64
384091,Mouse,4745,65
384098,Mouse,3714,64
384104,Mouse,4700,68
384120,Mouse,5178,65
384125,Mouse,5344,66
384196,Mouse,5467,69
384203,Mouse,3413,64
384233,Mouse,3002,64
384244,Mouse,4502,65
384253,Mouse,5509,66
384344,Mouse,3897,64
384363,Mouse,3353,67
384377,Mouse,4917,65
384396,Mouse,3970,64
384586,Mouse,3989,67
384619,Mouse,5648,68
384667,Elephant,177644,630
384710,Mouse,4634,65
384806,Mouse,3034,64
384830,Mouse,5687,71
384847,Mouse,4179,74
384912,Elephant,156031,589
384923,Mouse,3357,67
385012,Mouse,4420,68
385040,Mouse,3765,65
385064,Mouse,4556,68
385077,Mouse,5501,66
385138,Mouse,4678,69
385153,Mouse,4851,70
385271,Mouse,4057,67
385278,Mouse,3058,69
385292,Mouse,4698,65
385333,Mouse,3893,71
385399,Mouse,4234,68
385484,Mouse,5074,68
385618,Elephant,448911,1078
385630,Mouse,3107,64
385699,Mouse,4197,64
385704,Mouse,4903,66
385779,Mouse,4575,65
385964,Mouse,4160,64
386065,Mouse,5135,65
386120,Mouse,4150,64
386188,Mouse,4078,64
386191,Mouse,3008,64
386368,Mouse,4047,64
386449,Mouse,5202,65
386503,Mouse,4301,65
386555,Mouse,4728,65
386616,Mouse,4444,65
386631,Mouse,5049,65
386691,Mouse,5173,65
386723,Mouse,4209,64
386758,Mouse,4421,65
386828,Mouse,4263,65
386974,Mouse,4242,64
387080,Mouse,3242,64
387163,Mouse,5790,66
387281,Mouse,3901,67
387371,Mouse,5204,68
387558,Mouse,3367,67
387594,Mouse,4883,69
387613,Mouse,5357,67
387651,Mouse,4329,72
387659,Mouse,4611,74
387708,Mouse,5233,71
387765,Mouse,4193,66
387813,Mouse,4836,70
387866,Elephant,409955,993
388040,Mouse,5448,66
388073,Mouse,5482,70
388093,Mouse,4562,65
388108,Mouse,3039,66
388156,Elephant,60774,327
388183,Mouse,4730,65
388194,Mouse,3648,64
388246,Mouse,3297,64
388295,Mouse,3717,64
388313,Mouse,5106,65
388436,Mouse,5686,66
388553,Mouse,5497,66
388734,Mouse,3942,64
388811,Mouse,4063,66
388859,Mouse,5009,65
388883,Mouse,4567,65
388942,Mouse,3311,64
389048,Mouse,3966,67
389053,Mouse,3513,64
389095,Mouse,4799,68
389160,Mouse,5677,70
389404,Mouse,5259,72
389511,Mouse,5000,73
389537,Mouse,3361,76
389560,Elephant,309789,864
389653,Mouse,5799,66
389671,Mouse,4015,67
389681,Mouse,4386,71
389756,Mouse,4267,69
389767,Mouse,5801,72
389792,Elephant,395884,984
389929,Mouse,3535,64
390018,Mouse,3576,64
390033,Mouse,3447,64
390043,Mouse,4508,65
390052,Mouse,4616,65
390083,Mouse,5839,66
390375,Mouse,5834,66
390409,Mouse,3269,64
390481,Mouse,4344,68
390482,Mouse,5178,69
390642,Mouse,5198,65
390651,Mouse,3820,64
390776,Mouse,5545,66
390931,Mouse,4859,65
390986,Elephant,178475,630
390989,Mouse,3453,70
390989,Mouse,5241,72
390994,Mouse,3775,67
391034,Mouse,5431,72
391089,Mouse,3978,64
391165,Mouse,4850,65
391303,Mouse,4524,65
391334,Mouse,3123,64
391337,Mouse,4144,65
391357,Mouse,3402,64
391389,Mouse,4036,64
391391,Mouse,3004,64
391402,Mouse,5023,66
391546,Mouse,3346,64
391617,Mouse,4293,65
391659,Mouse,4016,65
391880,Mouse,4400,65
391964,Mouse,3856,68
391979,Mouse,3141,64
392010,Mouse,5248,71
392069,Mouse,3453,69
392116,Mouse,5019,71
392137,Mouse,4036,68
392165,Mouse,5109,66
392265,Mouse,4995,72
392266,Mouse,5658,72
392321,Mouse,5821,78
392369,Mouse,4952,74
392386,Mouse,4035,78
392407,Mouse,3095,77
392461,Mouse,5079,77
392494,Mouse,3065,71
392543,Mouse,4456,78
392609,Elephant,368225,972
392777,Mouse,4884,65
392833,Elephant,457869,1100
392857,Mouse,5449,66
392921,Mouse,5554,66
392947,Mouse,3556,64
392969,Mouse,3391,64
393034,Mouse,4347,65
393096,Mouse,3367,64
393176,Mouse,3819,64
393209,Mouse,5770,67
393212,Mouse,4689,67
393286,Mouse,5623,66
393468,Mouse,5218,65
393485,Mouse,3607,67
393494,Mouse,3276,65
393839,Mouse,3459,66
393856,Mouse,5273,74
394063,Mouse,4669,68
394104,Mouse,4721,75
394309,Mouse,3917,101
394321,Mouse,3842,107
394334,Mouse,4592,112
394360,Mouse,4785,122
394409,Mouse,5046,129
394412,Elephant,534332,1251
394415,Mouse,3749,122
394443,Mouse,5471,126
394452,Mouse,4453,129
394513,Mouse,4066,79
394516,Mouse,4698,78
394599,Mouse,4947,85
394806,Mouse,5776,106
394825,Mouse,4372,110
394850,Mouse,5122,119
394881,Mouse,3207,124
395005,Mouse,3019,126
395079,Elephant,556811,1477
395088,Mouse,5409,130
395132,Mouse,4708,129
395169,Mouse,3572,118
395213,Mouse,3099,121
395214,Mouse,4033,122
395228,Mouse,4329,118
395324,Mouse,5244,129
395349,Mouse,4804,135
395528,Mouse,5354,147
395537,Mouse,3101,149
395612,Mouse,5276,170
395729,Mouse,4978,197
395730,Mouse,5607,198
395781,Mouse,3141,204
395815,Elephant,514506,1908
395843,Mouse,4150,191
395879,Elephant,41101,559
395887,Mouse,3458,194
395893,Mouse,4034,198
395906,Elephant,103172,943
395933,Mouse,3394,184
395936,Mouse,5144,188
395943,Mouse,3893,186
395948,Mouse,3174,183
396022,Mouse,3655,167
396098,Mouse,3766,165
396123,Mouse,4136,160
396190,Elephant,507043,2056
396246,Mouse,4313,153
396303,Mouse,4983,139
396393,Mouse,3588,134
396406,Mouse,4762,138
396413,Mouse,3917,140
396421,Mouse,3197,143
396457,Mouse,3008,158
396551,Mouse,5189,178
396616,Mouse,5645,193
396650,Elephant,120310,1141
396789,Elephant,506321,2172
396995,Mouse,3897,144
397041,Mouse,3537,153
397280,Mouse,3146,174
397305,Mouse,3401,181
397398,Elephant,134559,1181
397467,Mouse,3429,213
397510,Elephant,240593,1601
397569,Mouse,4972,224
397572,Mouse,4999,226
397603,Mouse,4951,230
397638,Mouse,4470,221
397672,Elephant,574748,2599
397711,Elephant,154524,1378
397715,Mouse,4282,213
397720,Mouse,3630,194
397788,Mouse,3880,167
397798,Mouse,3745,159
397976,Mouse,4870,157
398246,Mouse,5228,207
398351,Mouse,3818,238
398428,Mouse,5495,257
398440,Mouse,3753,261
398459,Mouse,5165,268
398526,Mouse,5145,284
398545,Mouse,3565,289
398563,Elephant,149309,1506
398583,Mouse,4548,281
398633,Mouse,3688,286
398679,Mouse,5770,295
398686,Elephant,303599,2113
398765,Mouse,5610,263
398792,Mouse,3298,269
398971,Mouse,4770,247
399017,Mouse,4620,256
399064,Mouse,5215,267
399199,Mouse,5387,297
399249,Mouse,5265,306
399261,Mouse,3241,309
399307,Mouse,4924,315
399369,Mouse,4158,322
399429,Elephant,475074,3730
399437,Elephant,238755,2220
399504,Elephant,451308,2801
399509,Mouse,5738,291
399542,Mouse,5782,284
399572,Mouse,4986,246
399622,Mouse,3694,203
399640,Mouse,3476,192
399771,Mouse,3989,158
399784,Mouse,3311,156
399845,Elephant,164560,1786
399872,Mouse,3080,162
399899,Elephant,311227,2641
400014,Mouse,4335,133
400022,Mouse,3998,138
400088,Mouse,3867,142
400163,Elephant,319633,2336
400174,Mouse,3493,148
400234,Mouse,3822,147
400241,Mouse,3168,143
400268,Mouse,4161,137
400434,Mouse,5086,131
400495,Mouse,3008,150
400509,Mouse,3024,152
400605,Elephant,433662,3122
400675,Mouse,4314,176
400768,Mouse,5144,158
400798,Mouse,3456,154
400842,Mouse,5334,165
400847,Mouse,3079,166
400878,Mouse,4609,173
401037,Mouse,4505,179
401049,Mouse,3941,176
401187,Mouse,5298,193
401201,Elephant,478698,2590
401264,Mouse,4983,190
401439,Mouse,3577,164
401480,Mouse,5345,176
401548,Elephant,547414,3642
401733,Elephant,327319,1892
401776,Mouse,4339,141
401813,Mouse,3210,136
401960,Mouse,4508,135
401972,Mouse,3462,140
402008,Elephant,592166,3244
402009,Mouse,4585,152
402015,Mouse,3613,153
402149,Mouse,3081,94
402161,Mouse,4015,99
402193,Mouse,4545,107
402456,Mouse,5166,141
402480,Mouse,3557,145
402506,Elephant,261225,1488
402541,Elephant,206463,1267
402599,Mouse,5020,110
402724,Mouse,3303,82
402733,Mouse,4789,88
402741,Elephant,442970,2427
402875,Mouse,5096,68
402928,Elephant,396430,1738
402951,Mouse,5521,72
402981,Mouse,4808,65
403080,Mouse,5149,65
403192,Mouse,3532,64
403247,Mouse,4525,68
403318,Mouse,4210,64
403336,Mouse,3569,66
403349,Mouse,3931,65
403394,Elephant,340406,1710
403404,Mouse,4585,65
403574,Mouse,3186,64
403683,Mouse,3860,65
403914,Mouse,5414,67
403999,Mouse,3137,67
404006,Mouse,4571,65
404035,Mouse,3314,67
404051,Mouse,4381,65
404106,Mouse,5209,65
404202,Mouse,3701,65
404219,Mouse,3293,66
404267,Mouse,4177,68
404355,Mouse,4947,65
404363,Mouse,3199,64
404402,Mouse,3453,64
404454,Mouse,5793,66
404462,Mouse,5093,69
404474,Mouse,3715,70
404501,Elephant,398563,1052
404515,Mouse,3439,68
404527,Mouse,4422,71
404536,Mouse,5228,68
404560,Mouse,4027,64
404728,Mouse,3753,64
404816,Mouse,4457,65
405028,Mouse,3533,74
405048,Mouse,5141,82
405061,Mouse,4123,75
405129,Mouse,4616,79
405142,Mouse,4916,84
405175,Mouse,5069,82
405199,Mouse,4615,92
405206,Mouse,4516,96
405407,Elephant,263897,943
405486,Mouse,5803,78
405579,Mouse,4397,95
405654,Mouse,5284,96
405748,Mouse,4492,108
405777,Mouse,5517,116
405838,Elephant,366148,1194
405862,Mouse,5123,112
405867,Elephant,126875,704
405897,Mouse,3163,109
405909,Mouse,4610,82
405952,Mouse,3834,77
406003,Mouse,4145,68
406014,Mouse,5289,74
406041,Mouse,3214,71
406081,Mouse,4613,78
406085,Elephant,412548,1476
406116,Mouse,3030,67
406141,Mouse,3883,68
406202,Mouse,4317,69
406218,Mouse,3401,64
406226,Mouse,4127,68
406348,Mouse,5648,73
406420,Elephant,462382,1360
406482,Mouse,4324,67
406546,Mouse,5413,68
406554,Mouse,3236,64
406569,Mouse,3996,66
406588,Mouse,5198,68
406640,Mouse,3508,64
406677,Mouse,4442,67
406679,Mouse,3384,67
406917,Mouse,5095,71
406920,Mouse,5123,73
406964,Elephant,179066,640
406994,Elephant,265933,786
407022,Mouse,4765,66
407092,Mouse,4253,65
407118,Mouse,5712,66
407138,Mouse,5237,67
407164,Mouse,5269,68
407189,Mouse,4912,70
407296,Mouse,4389,65
407450,Elephant,125232,503
407487,Mouse,4158,65
407534,Mouse,5527,66
407586,Mouse,4558,65
407598,Mouse,5149,65
407625,Mouse,5624,66
407648,Mouse,5708,68
407650,Mouse,5202,69
407694,Mouse,3162,66
407740,Mouse,3713,64
407746,Mouse,5596,66
407763,Mouse,5010,65
407789,Mouse,5237,66
407825,Mouse,3625,64
408046,Mouse,5122,65
408170,Mouse,3923,64
408421,Mouse,3133,64
408432,Mouse,4698,66
408444,Mouse,4383,68
408460,Mouse,3708,69
408558,Mouse,3402,64
408583,Mouse,5822,71
408613,Mouse,5405,70
408635,Mouse,5020,74
408694,Mouse,5489,72
408810,Mouse,3288,68
408827,Mouse,4624,73
408903,Mouse,4568,74
408908,Mouse,3640,76
408992,Mouse,4672,99
409020,Mouse,4915,103
409066,Mouse,4258,103
409112,Elephant,492893,1161
409144,Mouse,3640,74
409170,Elephant,55199,377
409171,Mouse,3396,67
409177,Mouse,3277,64
409245,Mouse,3457,66
409298,Mouse,4789,72
409341,Elephant,323103,1015
409346,Mouse,4039,67
409370,Mouse,5500,66
409423,Mouse,4347,65
409445,Mouse,4617,65
409465,Mouse,3768,65
409468,Mouse,3208,64
409488,Mouse,5723,66
409671,Mouse,5714,67
409732,Mouse,5142,65
409787,Mouse,4861,65
409829,Mouse,3919,64
410058,Mouse,5330,67
410061,Mouse,5670,67
410092,Mouse,5106,65
410152,Mouse,3788,65
410406,Mouse,5582,70
410461,Mouse,5336,67
410499,Mouse,4164,66
410524,Mouse,5414,65
410552,Mouse,4886,65
410616,Mouse,3394,67
410625,Mouse,3141,70
410671,Mouse,5483,71
410708,Mouse,3179,67
410717,Mouse,5650,70
410720,Elephant,118413,512
410809,Mouse,5454,70
410859,Mouse,3897,65
410881,Mouse,4533,69
411002,Mouse,4478,70
411004,Mouse,3817,70
411105,Mouse,3426,66
411119,Mouse,3917,67
411214,Mouse,4004,72
411242,Mouse,4524,80
411277,Mouse,4887,89
411403,Mouse,4602,96
411413,Mouse,4763,100
411437,Mouse,4119,107
411485,Mouse,4479,117
411486,Mouse,5547,119
411587,Mouse,4995,123
411610,Elephant,246984,923
411669,Mouse,3237,112
411721,Mouse,5613,104
411744,Mouse,4958,107
411774,Mouse,4928,114
411817,Mouse,3512,119
411846,Elephant,279737,1032
411865,Elephant,591239,1442
411870,Elephant,35216,369
411909,Mouse,3448,83
411910,Mouse,4359,81
411929,Mouse,3014,64
411973,Mouse,5181,66
412076,Mouse,5539,67
412079,Mouse,5819,67
412100,Mouse,5458,66
412104,Mouse,4605,65
412152,Mouse,4053,64
412162,Mouse,5030,65
412255,Mouse,3183,66
412256,Mouse,4044,67
412389,Mouse,3482,64
412417,Mouse,4190,66
412418,Mouse,3044,65
412555,Mouse,4158,64
412591,Mouse,5053,65
412664,Mouse,4766,65
412673,Mouse,5581,66
412697,Mouse,3969,67
412756,Mouse,5268,65
412788,Mouse,4140,64
412808,Mouse,5341,65
412837,Mouse,4552,68
412942,Mouse,5338,65
412946,Mouse,4551,65
412969,Mouse,3491,70
413027,Mouse,3440,75
413104,Mouse,5139,70
413177,Mouse,3404,72
413182,Elephant,86807,424
413191,Mouse,5556,75
413203,Mouse,5204,75
413216,Elephant,265738,803
413225,Mouse,4754,73
413248,Mouse,4159,75
413315,Mouse,5286,65
413328,Mouse,5237,70
413380,Elephant,107361,481
413439,Mouse,3580,67
413449,Mouse,4859,66
413495,Mouse,5445,70
413516,Mouse,5761,66
413626,Mouse,4056,64
413654,Mouse,4895,69
413714,Mouse,3287,64
413751,Mouse,4392,69
413819,Mouse,4202,75
414018,Mouse,5806,93
414171,Mouse,3351,102
414194,Elephant,400060,1236
414266,Mouse,3629,90
414381,Mouse,5005,79
414438,Mouse,3001,87
414441,Mouse,3077,89
414524,Mouse,4936,106
414527,Mouse,5677,108
414839,Elephant,491697,1485
414882,Mouse,4579,138
415005,Mouse,3035,114
415037,Mouse,3354,118
415093,Elephant,64728,737
415104,Mouse,5722,132
415162,Mouse,3213,123
415164,Mouse,4676,127
415170,Elephant,326755,1284
415174,Mouse,5496,128
415179,Mouse,5041,120
415221,Mouse,3701,84
415261,Elephant,491066,1575
415468,Mouse,5371,77
415514,Mouse,5237,67
415519,Mouse,3312,64
415559,Mouse,3643,64
415563,Mouse,4555,66
415577,Mouse,3618,68
415841,Elephant,484809,1499
415881,Mouse,3465,69
415891,Mouse,3857,68
415972,Mouse,4727,67
415983,Mouse,4209,70
416029,Mouse,4629,69
416075,Mouse,3765,64
416121,Mouse,3269,64
416150,Mouse,3228,67
416192,Mouse,3821,73
416257,Mouse,4653,71
416282,Mouse,4336,71
416295,Mouse,3367,70
416321,Mouse,3428,73
416355,Mouse,3323,71
416405,Mouse,4123,74
416520,Mouse,5610,88
416557,Mouse,4941,99
416620,Elephant,562398,1287
416637,Mouse,4689,105
416837,Mouse,3994,102
416877,Mouse,4364,116
416909,Elephant,51601,412
416965,Mouse,3126,135
416974,Elephant,324081,1214
417052,Mouse,3626,111
417064,Mouse,5735,116
417152,Mouse,3479,112
417164,Mouse,4819,117
417212,Mouse,4609,122
417222,Mouse,4620,126
417244,Mouse,4816,135
417285,Mouse,5306,144
417339,Elephant,201168,993
417409,Mouse,3885,117
417444,Mouse,3721,120
417462,Mouse,5091,122
417499,Mouse,4051,120
417594,Mouse,3617,136
417639,Mouse,4512,144
417662,Mouse,4055,146
417923,Mouse,4464,155
417983,Mouse,3102,164
418079,Mouse,5435,179
418122,Mouse,3568,183
418134,Mouse,4714,185
418197,Elephant,439543,1776
418258,Mouse,4318,199
418289,Mouse,4653,201
418298,Mouse,5539,203
418332,Mouse,3681,185
418369,Mouse,5518,183
418372,Mouse,3410,183
418520,Mouse,3142,169
418707,Mouse,4144,183
418733,Mouse,3830,187
418735,Mouse,3227,189
418746,Mouse,5611,193
418771,Elephant,396546,1967
418781,Mouse,3017,182
418906,Elephant,570042,2458
418927,Elephant,564286,2282
418971,Mouse,3128,83
419102,Mouse,4125,67
419184,Mouse,4314,69
419236,Mouse,5724,75
419359,Mouse,5725,79
419391,Elephant,369728,1801
419418,Mouse,3762,68
419426,Elephant,339696,1463
419548,Mouse,3011,64
419604,Mouse,4276,65
419616,Mouse,3557,66
419617,Mouse,5668,69
419672,Mouse,5441,66
419783,Mouse,5046,67
419810,Mouse,3637,65
419839,Mouse,5248,65
419970,Mouse,4208,64
419983,Mouse,5262,67
420053,Mouse,4902,73
420100,Mouse,3964,69
420123,Mouse,3432,67
420206,Mouse,4031,67
420247,Mouse,3901,72
420251,Elephant,173675,632
420265,Mouse,5694,71
420295,Mouse,3094,79
420299,Mouse,4304,75
420317,Mouse,5074,69
420402,Mouse,3178,66
420454,Mouse,4294,68
420507,Elephant,260414,794
420555,Mouse,5676,69
420584,Mouse,3769,64
420626,Mouse,4918,65
420890,Mouse,3501,70
421083,Mouse,5336,81
421098,Mouse,4745,85
421115,Mouse,4922,93
421169,Mouse,5089,94
421192,Mouse,4353,99
421250,Elephant,489087,1222
421280,Mouse,5374,83
421611,Mouse,3683,102
421675,Mouse,4693,113
421709,Mouse,5483,123
421754,Elephant,570633,1388
421784,Elephant,200289,954
421790,Mouse,3240,104
421866,Mouse,3890,64
421884,Mouse,4845,69
421891,Mouse,3465,70
421984,Mouse,3003,64
422007,Mouse,4709,72
422016,Mouse,5204,70
422054,Mouse,5260,74
422081,Mouse,4891,76
422088,Mouse,3818,78
422157,Mouse,3434,78
422168,Mouse,5218,86
422321,Mouse,5678,90
422382,Mouse,3290,97
422442,Elephant,350027,1123
422450,Mouse,3091,96
422536,Mouse,3404,64
422562,Mouse,3403,67
422569,Mouse,3871,71
422671,Mouse,4307,75
422682,Mouse,5684,78
422695,Mouse,3614,66
422751,Mouse,4168,70
422932,Mouse,3486,71
422968,Mouse,3057,70
423007,Mouse,4003,80
423036,Mouse,3915,80
423073,Mouse,5341,94
423194,Mouse,3076,93
423234,Mouse,4291,100
423284,Mouse,3147,118
423303,Mouse,3087,125
423312,Mouse,5510,130
423334,Elephant,370456,1557
423371,Mouse,3668,128
423375,Mouse,5767,129
423386,Mouse,3549,126
423411,Mouse,3674,133
423412,Mouse,3993,132
423457,Mouse,4992,120
423468,Mouse,4838,123
423561,Mouse,4971,131
423599,Mouse,3528,133
423740,Elephant,236890,1027
423743,Mouse,4919,154
423784,Mouse,4447,160
423846,Mouse,4061,149
423888,Mouse,5068,165
423893,Mouse,5785,166
423951,Mouse,4694,152
424252,Mouse,3036,171
424279,Elephant,494554,1688
424281,Elephant,171469,1169
424342,Mouse,4861,100
424388,Elephant,440943,1743
424406,Mouse,5097,103
424408,Mouse,5516,105
424424,Mouse,4074,102
424434,Mouse,5157,104
424452,Mouse,4931,103
424511,Mouse,5123,89
424527,Mouse,3574,80
424530,Elephant,209594,1200
424566,Mouse,5802,77
424600,Elephant,184890,1105
424677,Mouse,4614,70
424691,Mouse,4122,64
424775,Mouse,3670,64
424778,Mouse,3098,64
424987,Mouse,3249,71
424993,Mouse,4627,76
425118,Mouse,4527,83
425172,Mouse,5402,94
425217,Mouse,3417,101
425303,Mouse,4950,106
425340,Mouse,5179,120
425351,Mouse,3743,123
425539,Mouse,4979,131
425593,Mouse,3132,150
425655,Elephant,95675,693
425691,Elephant,441127,1345
425737,Mouse,4700,135
425808,Mouse,3221,100
426005,Elephant,572213,1835
426065,Mouse,4246,103
426087,Mouse,5175,103
426112,Mouse,4315,100
426165,Mouse,5200,113
426181,Mouse,4434,117
426267,Mouse,3024,121
426331,Mouse,5711,129
426347,Mouse,5680,131
426407,Mouse,5049,145
426511,Mouse,4353,154
426541,Mouse,3542,153
426635,Mouse,5732,168
426647,Mouse,3508,167
426697,Mouse,4240,181
426809,Elephant,477617,1794
426831,Elephant,196862,1174
426836,Mouse,5662,180
426857,Mouse,5790,171
426906,Mouse,5090,139
426997,Mouse,3187,102
427070,Mouse,5303,109
427088,Mouse,4725,112
427188,Mouse,3762,115
427286,Mouse,4821,115
427316,Mouse,4629,123
427359,Mouse,4028,122
427376,Mouse,4655,126
427504,Mouse,5502,73
427537,Mouse,5001,76
427583,Elephant,440122,1677
427697,Mouse,3166,66
427712,Mouse,4358,65
427765,Elephant,475537,1967
427787,Mouse,5027,65
427957,Mouse,5239,65
428068,Mouse,4432,65
428116,Mouse,4653,65
428149,Mouse,3002,63
428180,Mouse,3630,65
428197,Mouse,3326,64
428221,Mouse,5578,68
428223,Mouse,5581,68
428263,Mouse,3914,66
428289,Mouse,3192,64
428395,Mouse,4806,65
428428,Mouse,4365,65
428473,Mouse,5205,69
428498,Mouse,3485,66
428523,Mouse,3960,64
428532,Elephant,197301,670
428579,Elephant,51900,319
428684,Mouse,4819,65
428848,Mouse,4430,65
428868,Mouse,5785,67
428870,Mouse,3196,66
429014,Mouse,4044,64
429151,Mouse,4763,65
429181,Mouse,5784,66
429256,Mouse,3220,64
429299,Mouse,5343,65
429308,Mouse,3030,64
429338,Mouse,3838,64
429352,Mouse,4705,66
429411,Mouse,4562,65
429546,Mouse,3584,64
429570,Mouse,4270,65
429595,Mouse,3443,64
429655,Mouse,4241,64
429713,Mouse,3072,64
429728,Mouse,3425,64
429777,Mouse,5472,66
429803,Mouse,4925,65
429817,Mouse,4457,65
429926,Mouse,4815,65
429976,Mouse,5585,66
430055,Mouse,4047,64
430068,Mouse,4135,64
430079,Mouse,4213,65
430140,Mouse,5530,66
430232,Mouse,3795,64
430296,Mouse,4584,65
430346,Mouse,4260,65
430407,Mouse,3208,64
430440,Mouse,5237,65
430479,Mouse,3957,64
430514,Mouse,3944,64
430533,Mouse,4199,64
430542,Mouse,3127,67
430652,Mouse,4234,64
430735,Mouse,4418,65
430758,Elephant,88688,412
430973,Mouse,3785,64
430992,Mouse,5586,66
431052,Mouse,5805,66
431142,Mouse,3603,64
431172,Mouse,5572,67
431176,Mouse,5786,68
431192,Mouse,5770,66
431323,Mouse,5485,67
431326,Mouse,4471,67
431342,Mouse,3089,64
431397,Mouse,4558,65
431414,Mouse,4188,64
431491,Mouse,4494,65
431537,Mouse,5522,66
431558,Mouse,5033,65
431663,Mouse,4752,65
431738,Mouse,3296,64
431796,Mouse,5127,65
431853,Mouse,5405,70
431967,Mouse,5555,66
432106,Elephant,101692,497
432107,Mouse,4550,70
432145,Mouse,4244,65
432166,Mouse,3765,64
432243,Elephant,352853,973
432311,Mouse,3949,64
432370,Mouse,4070,64
432376,Mouse,3964,64
432434,Mouse,4243,64
432614,Mouse,3242,64
432665,Mouse,4739,65
432848,Mouse,4841,65
433068,Mouse,3338,64
433148,Mouse,5731,66
433211,Mouse,3993,68
433254,Mouse,3172,65
433344,Mouse,3222,67
433446,Mouse,4771,65
433482,Mouse,5827,66
433500,Elephant,111249,491
433588,Mouse,3545,64
433666,Mouse,4420,65
433727,Mouse,5671,66
433745,Mouse,3440,68
433784,Mouse,5747,72
433825,Mouse,4343,69
433919,Elephant,208445,687
433948,Mouse,5310,67
433964,Mouse,4459,66
433978,Mouse,4234,64
433991,Mouse,3947,66
434014,Mouse,4858,65
434032,Mouse,4616,69
434049,Mouse,3235,65
434077,Mouse,4331,65
434115,Mouse,5622,70
434125,Mouse,4583,73
434192,Mouse,5313,65
434359,Elephant,32456,207
434395,Mouse,4322,69
434632,Elephant,219610,746
434673,Mouse,5595,85
434683,Mouse,5011,76
434861,Mouse,3529,79
434868,Mouse,3023,81
434923,Mouse,4468,91
435007,Elephant,543570,1218
435199,Elephant,164762,708
435215,Mouse,4228,70
435321,Mouse,5736,70
435342,Mouse,4312,69
435398,Mouse,5041,72
435432,Mouse,3481,66
435457,Mouse,3179,73
435471,Mouse,5386,77
435507,Mouse,5837,79
435553,Mouse,5276,81
435561,Mouse,3687,81
435776,Mouse,3812,96
435797,Mouse,5448,102
435826,Mouse,3654,112
435858,Mouse,4761,123
435863,Elephant,585336,1379
435930,Mouse,4188,89
435955,Mouse,4403,76
435970,Mouse,4855,77
436008,Mouse,5755,81
436037,Mouse,4126,85
436041,Mouse,5813,88
436108,Mouse,3213,87
436125,Mouse,4589,86
436174,Mouse,4212,89
436220,Mouse,3813,98
436293,Mouse,4619,108
436368,Mouse,4525,107
436373,Mouse,4738,110
436388,Elephant,569836,1437
436435,Mouse,5373,90
436472,Elephant,156466,765
436486,Mouse,3391,70
436490,Mouse,5089,73
436517,Mouse,4910,85
436525,Mouse,5132,65
436607,Mouse,4947,68
436690,Mouse,4224,67
436709,Mouse,4524,68
436738,Mouse,3138,67
436774,Mouse,3131,71
436870,Elephant,448222,1246
436874,Mouse,4841,66
436956,Mouse,4740,65
437197,Mouse,5276,65
437254,Mouse,4133,66
437356,Mouse,4572,65
437469,Mouse,4858,69
437544,Elephant,449476,1185
437796,Mouse,3610,64
437837,Mouse,5222,67
437839,Mouse,3454,66
437870,Mouse,4039,64
437878,Mouse,5002,66
437950,Mouse,3217,64
438036,Mouse,3175,64
438059,Mouse,5563,66
438077,Mouse,3092,64
438120,Mouse,4007,65
438123,Mouse,3710,64
438156,Mouse,3850,64
438265,Mouse,3938,68
438345,Mouse,3763,68
438375,Mouse,5454,66
438400,Mouse,5667,76
438402,Mouse,4415,74
438434,Elephant,73886,369
438479,Mouse,5015,68
438508,Mouse,4439,69
438580,Mouse,4989,66
438719,Mouse,3811,67
438766,Mouse,4104,69
438861,Elephant,415600,1008
438923,Mouse,4654,65
438930,Mouse,4798,65
439048,Mouse,3555,64
439117,Mouse,3317,64
439129,Mouse,3858,64
439195,Mouse,3809,64
439245,Mouse,3830,64
439255,Mouse,4242,64
439342,Mouse,3685,64
439362,Mouse,5456,66
439475,Mouse,4479,65
439499,Mouse,4992,65
439578,Mouse,3342,64
439691,Mouse,5592,66
439702,Mouse,4035,64
439710,Mouse,5581,66
439714,Mouse,4647,66
439721,Mouse,3204,64
439752,Mouse,3778,64
439781,Mouse,3679,67
439835,Mouse,4053,64
440048,Mouse,4627,69
440095,Elephant,170391,680
440116,Mouse,5689,66
440219,Mouse,5192,70
440219,Mouse,4741,70
440293,Mouse,5152,70
440413,Mouse,5341,70
440474,Mouse,3913,70
440562,Elephant,79189,411
440616,Mouse,5237,71
440667,Elephant,102078,461
440713,Mouse,5164,78
440800,Mouse,3641,72
440842,Mouse,4595,75
440917,Elephant,473105,1088
440985,Mouse,5353,76
440992,Mouse,5005,77
440997,Mouse,5465,72
441084,Mouse,4956,65
441153,Mouse,3069,66
441239,Mouse,4493,66
441267,Elephant,219344,736
441293,Mouse,4739,71
441316,Mouse,4421,69
441347,Mouse,3562,71
441356,Mouse,4792,71
441368,Mouse,4959,69
441465,Mouse,3546,69
441469,Mouse,4685,72
441485,Mouse,5206,70
441497,Mouse,4370,72
441557,Mouse,3245,67
441574,Mouse,4351,70
441588,Mouse,3829,70
441632,Mouse,5383,74
441642,Mouse,4850,77
441710,Mouse,3044,73
441776,Mouse,4199,71
441785,Elephant,509671,1165
441839,Mouse,5434,75
441948,Mouse,5341,65
441993,Mouse,4626,68
442060,Mouse,3286,69
442114,Mouse,5533,72
442159,Mouse,3174,64
442257,Mouse,5505,66
442264,Mouse,5227,68
442297,Mouse,5692,76
442322,Mouse,5364,73
442332,Elephant,407483,1110
442340,Mouse,3778,80
442405,Mouse,4339,65
442517,Mouse,5263,65
442595,Mouse,4676,69
442645,Mouse,4844,73
442660,Mouse,4771,69
442680,Mouse,5164,70
442707,Mouse,3606,66
442712,Mouse,4853,65
442726,Mouse,4555,71
442783,Mouse,4644,72
442888,Mouse,3690,71
443027,Mouse,3208,78
443075,Elephant,282418,860
443167,Mouse,3577,66
443177,Mouse,4197,70
443266,Mouse,5256,87
443273,Mouse,3914,83
443283,Mouse,4369,89
443286,Mouse,5713,92
443414,Mouse,3587,91
443478,Mouse,4889,102
443550,Mouse,3118,116
443555,Mouse,3916,117
443632,Mouse,3870,134
443642,Mouse,5240,137
443727,Mouse,3322,142
443752,Mouse,3397,145
443754,Elephant,294798,1056
443873,Mouse,3436,132
443961,Mouse,4032,122
444051,Mouse,3789,130
444087,Mouse,5248,141
444118,Mouse,3069,147
444127,Mouse,3182,150
444133,Elephant,564337,1586
444147,Mouse,5575,131
444164,Mouse,3332,127
444184,Elephant,423519,1439
444200,Mouse,3931,100
444203,Mouse,3559,102
444222,Mouse,5756,89
444269,Mouse,5630,68
444273,Mouse,3689,65
444287,Mouse,5739,70
444312,Mouse,4122,70
444321,Mouse,4057,67
444335,Mouse,4252,69
444343,Mouse,3675,70
444411,Mouse,3953,81
444498,Mouse,3665,83
444508,Mouse,5739,87
444658,Mouse,3965,102
444712,Mouse,3375,103
444870,Mouse,4637,121
444912,Mouse,5505,131
444944,Mouse,5734,136
444949,Mouse,3175,136
444986,Mouse,4513,149
445038,Mouse,5723,164
445049,Mouse,5342,174
445137,Mouse,4044,164
445227,Mouse,5272,164
445290,Mouse,4466,166
445290,Elephant,557884,1867
445302,Mouse,4088,168
445404,Mouse,3857,142
445410,Mouse,4682,145
445460,Mouse,4971,123
445499,Mouse,5444,131
445515,Elephant,490614,1784
445612,Mouse,5294,81
445685,Mouse,3951,82
445725,Mouse,5738,86
445819,Mouse,5748,86
446060,Elephant,595508,1797
446079,Mouse,5425,106
446112,Mouse,4356,86
446119,Mouse,5311,89
446129,Elephant,399018,1884
446155,Mouse,4538,69
446247,Mouse,3317,67
446269,Mouse,3704,64
446288,Mouse,5832,70
446450,Mouse,3273,64
446537,Mouse,4449,66
446711,Mouse,3821,67
446792,Mouse,3071,67
446802,Mouse,3195,64
446831,Mouse,4712,69
446838,Elephant,504212,1436
446915,Mouse,5718,66
446975,Mouse,4434,65
447012,Mouse,4734,67
447039,Mouse,5417,65
447110,Mouse,5313,65
447164,Mouse,5178,65
447205,Mouse,3841,65
447254,Mouse,4148,64
447311,Mouse,4477,69
447342,Mouse,5759,67
447420,Mouse,5190,65
447458,Mouse,5335,66
447491,Elephant,207740,683
447503,Mouse,4614,66
447564,Mouse,3655,67
447649,Mouse,3830,68
447659,Mouse,3470,66
447848,Mouse,5605,66
447920,Mouse,4543,69
447968,Mouse,3618,70
448041,Mouse,3959,67
448217,Mouse,4939,69
448242,Mouse,4160,67
448320,Mouse,3120,74
448342,Mouse,5174,81
448435,Mouse,4414,90
448473,Mouse,4113,89
448507,Mouse,3667,98
448673,Mouse,4559,115
448710,Mouse,3926,125
448724,Mouse,3149,130
448796,Mouse,4381,150
448914,Elephant,496614,1340
448963,Elephant,516426,1730
448973,Mouse,3977,150
448992,Mouse,4763,142
449021,Mouse,3639,128
449026,Mouse,4262,118
449031,Elephant,131586,818
449033,Mouse,4752,117
449036,Mouse,3096,108
449076,Mouse,3806,95
449241,Mouse,3673,83
449293,Mouse,5154,92
449336,Elephant,229771,1047
449492,Mouse,3890,69
449719,Elephant,178124,761
449764,Mouse,3486,100
449765,Mouse,4256,102
449931,Elephant,72030,481
449937,Elephant,326899,1327
449940,Mouse,3955,89
450001,Mouse,3203,73
450087,Mouse,5601,69
450093,Mouse,3488,72
450136,Elephant,91621,520
450165,Mouse,5420,66
450203,Elephant,479578,1714
450240,Mouse,4969,68
450272,Mouse,4496,68
450349,Mouse,5387,65
450378,Elephant,77160,388
450385,Mouse,5416,65
450423,Mouse,4456,66
450503,Mouse,3661,65
450625,Mouse,4233,66
450759,Elephant,99322,455
450797,Mouse,5388,69
450905,Mouse,3641,64
450923,Mouse,3084,64
450929,Mouse,4265,66
450971,Mouse,4290,68
451117,Mouse,3806,64
451138,Mouse,4446,69
451199,Mouse,3600,68
451237,Mouse,3265,67
451309,Mouse,3222,67
451323,Mouse,3817,69
451404,Mouse,5765,69
451412,Mouse,4470,66
451424,Elephant,564227,1222
451448,Mouse,3589,68
451472,Mouse,3974,64
451605,Mouse,4593,65
451696,Mouse,3705,64
451740,Mouse,5415,66
451760,Mouse,5056,65
451766,Mouse,5227,65
451851,Mouse,4960,65
452057,Mouse,5725,66
452099,Mouse,5213,66
452112,Mouse,3876,64
452133,Mouse,4509,65
452256,Mouse,4686,65
452308,Mouse,5098,65
452322,Mouse,5622,66
452354,Mouse,3034,64
452431,Mouse,3578,64
452440,Mouse,4452,66
452442,Mouse,3419,66
452463,Mouse,4376,65
452478,Mouse,5482,66
452690,Mouse,5105,65
452699,Mouse,5496,66
452844,Mouse,5192,65
452872,Mouse,4620,69
452876,Mouse,4728,65
452912,Mouse,4230,67
452918,Mouse,4088,70
452972,Mouse,4884,65
453001,Mouse,4434,69
453064,Mouse,3082,64
453127,Mouse,4891,70
453141,Mouse,3330,64
453149,Mouse,5401,65
453228,Mouse,3048,64
453250,Mouse,4674,66
453302,Mouse,4315,69
453330,Mouse,5557,66
453387,Mouse,3362,64
453537,Mouse,4196,68
453554,Mouse,4631,66
453695,Elephant,432453,1023
453736,Mouse,4580,65
453857,Mouse,4888,65
453903,Mouse,4740,65
453909,Mouse,3407,64
454100,Mouse,3411,65
454109,Mouse,4605,71
454117,Mouse,3886,64
454198,Mouse,4038,68
454200,Mouse,3970,67
454289,Mouse,3717,70
454308,Mouse,5425,70
454324,Mouse,5132,70
454434,Mouse,3860,66
454506,Elephant,53848,333
454555,Mouse,3998,69
454637,Mouse,5201,74
454666,Mouse,3752,74
454676,Mouse,5305,75
454727,Mouse,4826,86
454787,Mouse,3508,82
454793,Mouse,4320,87
454823,Mouse,3214,89
454891,Mouse,3955,94
454896,Mouse,3102,97
454914,Elephant,372153,1006
454933,Mouse,5096,90
454934,Mouse,5045,88
455017,Mouse,3636,68
455055,Elephant,497644,1164
455119,Mouse,3414,64
455165,Mouse,3096,64
455178,Mouse,3638,64
455206,Mouse,3100,64
455305,Mouse,5260,65
455371,Mouse,3243,64
455456,Mouse,3970,64
455478,Mouse,5454,68
455617,Mouse,3684,74
455623,Mouse,3023,74
455711,Mouse,4893,75
455727,Mouse,5467,72
455767,Mouse,3511,78
455818,Mouse,3488,79
455856,Mouse,5294,92
455954,Mouse,4959,103
456057,Mouse,3702,125
456134,Mouse,4314,146
456240,Mouse,5154,169
456256,Mouse,5005,171
456359,Mouse,3315,189
456401,Elephant,246289,1128
456600,Mouse,5221,194
456709,Mouse,4810,202
456722,Mouse,4891,203
456801,Mouse,4497,222
456804,Mouse,3647,222
456847,Mouse,4895,231
456892,Elephant,306947,1452
456900,Mouse,4575,222
456936,Elephant,104371,1059
456944,Mouse,5775,234
456970,Elephant,274397,1470
457043,Mouse,3092,165
457352,Mouse,4909,148
457404,Mouse,4838,152
457470,Elephant,558655,2071
457510,Mouse,3453,164
457534,Mouse,3544,142
457592,Mouse,4961,127
457696,Mouse,3425,128
457741,Elephant,117980,1046
457825,Mouse,5694,128
457898,Mouse,3548,124
457929,Mouse,5481,134
457945,Mouse,3197,136
457948,Elephant,400389,2285
458070,Elephant,405995,2023
458097,Elephant,368888,1906
458099,Mouse,5340,109
458128,Mouse,5507,87
458165,Mouse,4892,70
458225,Mouse,5810,67
458233,Mouse,3081,67
458299,Mouse,3479,69
458428,Mouse,3555,67
458451,Mouse,4969,68
458511,Mouse,4960,74
458568,Mouse,3982,73
458607,Mouse,3930,72
458661,Mouse,3230,79
458756,Elephant,259228,904
458777,Mouse,5593,83
458842,Mouse,4743,69
458905,Mouse,4278,70
458931,Mouse,4144,82
459042,Elephant,596842,1521
459119,Mouse,4028,64
459156,Mouse,4641,76
459167,Mouse,3409,78
459228,Mouse,5394,68
459267,Mouse,5314,74
459327,Mouse,5020,71
459329,Mouse,3478,71
459378,Mouse,5394,76
459391,Elephant,249461,953
459398,Mouse,4508,83
459461,Mouse,3952,80
459464,Mouse,5089,83
459495,Mouse,4525,69
459513,Mouse,3780,79
459522,Mouse,4647,77
459525,Mouse,3180,73
459531,Mouse,4172,72
459649,Mouse,4761,75
459653,Mouse,4192,76
459711,Mouse,3677,71
459762,Mouse,4602,74
459818,Mouse,5627,79
459857,Elephant,395157,1060
459863,Mouse,5711,75
459954,Mouse,4454,65
460018,Mouse,5285,69
460115,Elephant,353234,969
460123,Mouse,3274,65
460209,Mouse,5422,65
460278,Mouse,4005,64
460406,Mouse,4291,65
460521,Mouse,4256,64
460538,Mouse,4183,64
460567,Mouse,5663,70
460607,Mouse,4825,65
460735,Mouse,4486,65
460780,Mouse,4254,64
460803,Mouse,4155,64
460846,Mouse,3119,64
460956,Elephant,78779,403
461167,Mouse,4176,64
461181,Mouse,5389,65
461202,Mouse,3765,64
461221,Mouse,4944,65
461323,Mouse,5055,65
461330,Mouse,5184,65
461435,Mouse,4969,65
461440,Mouse,3254,64
461449,Mouse,5583,66
461492,Mouse,5806,66
461527,Mouse,5272,65
461598,Mouse,4232,64
461770,Mouse,3225,64
461777,Mouse,5840,66
461893,Mouse,3076,64
462005,Mouse,3228,64
462010,Mouse,3417,64
462026,Mouse,3745,64
462042,Mouse,5444,66
462153,Mouse,4360,65
462184,Mouse,3989,64
462233,Mouse,5813,66
462365,Mouse,3079,64
462375,Mouse,5457,66
462410,Mouse,4859,66
462435,Mouse,4690,69
462436,Mouse,5549,70
462477,Mouse,3313,67
462562,Mouse,3136,64
462598,Mouse,3269,64
462731,Mouse,3322,64
462764,Mouse,3146,64
462926,Mouse,4453,65
462985,Mouse,3249,64
463070,Mouse,3853,64
463122,Mouse,4669,66
463125,Mouse,3110,64
463221,Mouse,3591,65
463255,Mouse,4752,66
463271,Mouse,5096,65
463316,Mouse,3852,65
463361,Mouse,4701,65
463366,Mouse,5822,66
463411,Mouse,3768,64
463545,Mouse,3540,64
463567,Elephant,124871,503
463625,Mouse,4559,65
463634,Mouse,4160,64
463827,Mouse,5724,66
463838,Mouse,3172,64
463903,Mouse,5679,66
463981,Mouse,3448,64
464144,Mouse,3453,67
464198,Mouse,3149,64
464235,Mouse,3123,65
464267,Mouse,3582,67
464284,Mouse,5824,68
464432,Mouse,4067,66
464456,Mouse,3517,69
464480,Mouse,4234,68
464507,Mouse,4982,76
464519,Mouse,5056,79
464567,Mouse,4563,71
464634,Mouse,3431,73
464645,Mouse,3207,72
464692,Mouse,4847,75
464714,Mouse,3074,74
464807,Elephant,274413,824
464828,Mouse,4007,72
464851,Mouse,3462,72
464870,Mouse,5021,65
465030,Mouse,5393,67
465060,Mouse,3181,71
465081,Elephant,509522,1176
465100,Mouse,3156,68
465173,Mouse,5267,65
465312,Mouse,4037,67
465382,Mouse,5750,69
465478,Mouse,3395,64
465550,Elephant,113722,517
465657,Mouse,5348,70
465739,Mouse,5702,69
465790,Mouse,5597,73
465918,Elephant,345741,930
465955,Mouse,3260,69
466074,Mouse,3183,68
466192,Elephant,87045,471
466236,Mouse,4991,67
466240,Mouse,4337,65
466337,Mouse,5176,70
466355,Mouse,3933,69
466364,Elephant,365879,1078
466383,Mouse,5614,70
466410,Mouse,5188,69
466427,Mouse,3009,64
466513,Mouse,3417,64
466582,Mouse,5064,69
466615,Elephant,201396,674
466680,Mouse,5101,65
466912,Mouse,3607,64
466915,Mouse,3431,64
467040,Mouse,3022,64
467102,Mouse,4289,65
467109,Mouse,4710,65
467243,Mouse,4394,65
467285,Mouse,5092,65
467304,Mouse,4282,65
467406,Mouse,3953,65
467455,Mouse,3363,67
467592,Mouse,4829,65
467638,Mouse,4861,70
467641,Mouse,4780,71
467659,Mouse,4529,71
467757,Mouse,3806,72
467864,Elephant,294151,832
467916,Mouse,3778,67
467969,Mouse,4709,69
468048,Mouse,3537,66
468057,Mouse,3077,65
468378,Mouse,4443,66
468386,Mouse,4171,64
468452,Mouse,5127,69
468473,Mouse,4503,70
468497,Mouse,4721,71
468504,Elephant,515644,1130
468601,Mouse,4270,69
468772,Mouse,3826,68
468832,Mouse,4500,70
468887,Mouse,5292,77
468920,Mouse,4164,86
468928,Elephant,93972,453
468930,Elephant,114760,526
468935,Mouse,4756,80
468952,Mouse,3129,85
468964,Mouse,5115,92
468990,Mouse,4963,75
469062,Mouse,5686,66
469157,Elephant,176014,643
469192,Elephant,168576,634
469196,Mouse,4039,65
469200,Mouse,3168,64
469212,Mouse,3014,64
469247,Mouse,5645,66
469388,Mouse,3020,64
469405,Mouse,5661,66
469429,Mouse,3714,64
469446,Mouse,3745,65
469480,Mouse,5641,66
469526,Mouse,5584,66
469581,Mouse,5619,66
469588,Mouse,5037,65
469651,Mouse,4143,64
469717,Mouse,5072,65
469774,Mouse,3392,64
469788,Mouse,4889,65
469823,Mouse,5026,68
469959,Mouse,3567,67
469980,Mouse,3959,64
469987,Mouse,3057,64
470003,Mouse,3746,67
470090,Mouse,3514,64
470099,Mouse,5141,65
470107,Mouse,4655,65
470207,Elephant,112797,492
470238,Mouse,3941,64
470251,Mouse,5237,66
470278,Mouse,4068,64
470299,Mouse,4808,65
470337,Mouse,3682,64
470416,Mouse,3820,64
470438,Mouse,3822,64
470537,Mouse,4894,65
470611,Mouse,5645,66
470634,Mouse,3028,64
470644,Mouse,5440,66
470680,Mouse,3347,64
470701,Mouse,3227,64
470721,Mouse,5189,65
470729,Mouse,4638,65
470740,Mouse,4089,64
470783,Mouse,4381,66
470818,Mouse,3499,64
470838,Mouse,5477,66
470869,Mouse,5111,65
470901,Mouse,5199,65
470907,Mouse,3974,64
470918,Mouse,3615,65
471008,Mouse,4015,64
471014,Mouse,3099,64
471021,Mouse,4745,65
471295,Mouse,5532,66
471331,Mouse,5411,65
471350,Mouse,5810,68
471352,Mouse,5116,68
471495,Mouse,5467,68
471527,Elephant,68763,364
471551,Mouse,4000,66
471553,Mouse,3732,65
471559,Mouse,3393,67
471614,Mouse,4948,65
471618,Mouse,4444,65
471687,Mouse,3839,64
471740,Mouse,5440,66
471779,Mouse,3124,64
471873,Mouse,4413,65
471945,Mouse,4445,67
471947,Mouse,4821,68
471949,Mouse,3229,68
472038,Mouse,5269,65
472058,Mouse,3640,67
472106,Mouse,3654,66
472116,Mouse,3153,64
472251,Mouse,3713,64
472295,Mouse,3753,75
472300,Mouse,5823,79
472313,Mouse,3293,65
472331,Mouse,5683,70
472383,Mouse,4731,74
472455,Mouse,5123,73
472539,Mouse,5229,76
472569,Mouse,4889,82
472601,Mouse,5703,91
472853,Mouse,5531,122
472918,Mouse,4345,130
472919,Mouse,3288,130
472970,Mouse,3496,139
472996,Elephant,557109,1354
473036,Elephant,70672,556
473089,Mouse,4203,68
473161,Mouse,4251,69
473339,Mouse,5158,83
473371,Mouse,3230,87
473436,Mouse,5116,98
473468,Mouse,3627,99
473470,Mouse,3095,100
473474,Elephant,519651,1383
473498,Elephant,381485,1202
473501,Mouse,4305,101
473505,Mouse,4351,98
473592,Mouse,4041,64
473597,Mouse,4223,64
473657,Mouse,3524,64
473695,Mouse,3092,64
473754,Elephant,31936,196
473763,Mouse,3724,64
473905,Mouse,4322,67
473906,Mouse,4749,68
473931,Mouse,4084,64
473939,Mouse,4276,65
473976,Mouse,3149,64
473988,Mouse,4692,65
474022,Mouse,5467,66
474085,Mouse,3321,64
474156,Mouse,3009,64
474167,Mouse,3246,64
474285,Mouse,3503,64
474395,Mouse,4325,65
474454,Mouse,4481,70
474465,Mouse,4772,72
474483,Mouse,5579,66
474498,Mouse,3393,70
474567,Mouse,3000,65
474571,Mouse,4668,67
474636,Mouse,3637,68
474642,Mouse,3563,71
474663,Mouse,5522,72
474702,Mouse,3089,70
474936,Mouse,4885,88
475003,Mouse,5599,101
475027,Elephant,250830,813
475046,Mouse,4178,92
475077,Mouse,3690,80
475088,Mouse,3947,79
475199,Mouse,4476,74
475254,Mouse,3530,81
475378,Elephant,428250,1151
475511,Mouse,5154,69
475523,Elephant,439333,1130
475566,Mouse,4608,69
475605,Mouse,5221,65
475609,Mouse,4600,66
475785,Mouse,3851,64
475793,Mouse,3852,67
475849,Mouse,3884,70
475951,Mouse,3296,66
476067,Mouse,3960,68
476098,Mouse,4059,72
476127,Elephant,119139,500
476132,Mouse,5755,69
476193,Mouse,3149,69
476196,Mouse,4879,72
476216,Mouse,5049,73
476340,Elephant,482732,1115
476466,Mouse,4345,65
476486,Mouse,5699,68
476488,Mouse,5413,68
476512,Mouse,4257,65
476626,Mouse,4517,65
476692,Mouse,4063,64
476727,Mouse,3791,64
476751,Mouse,5463,66
476755,Mouse,4163,65
476811,Mouse,3214,64
476841,Mouse,5135,65
476976,Mouse,3859,64
477001,Mouse,5686,66
477229,Mouse,4985,65
477238,Mouse,3317,64
477267,Mouse,5799,66
477274,Mouse,4543,65
477382,Mouse,4468,70
477386,Elephant,141168,547
477423,Mouse,5228,69
477447,Mouse,3433,64
477645,Mouse,3464,64
477829,Mouse,3355,64
477878,Mouse,5813,66
477901,Mouse,5267,76
477936,Elephant,80274,410
477989,Mouse,5432,72
477990,Mouse,5525,74
478146,Mouse,5293,70
478236,Mouse,5657,69
478250,Mouse,3141,71
478265,Mouse,3395,73
478303,Mouse,3318,73
478437,Mouse,3688,78
478469,Mouse,4339,82
478482,Mouse,4985,86
478540,Mouse,3866,96
478571,Mouse,3127,104
478593,Mouse,5588,108
478601,Mouse,4664,112
478625,Elephant,120766,584
478680,Mouse,4272,106
478693,Mouse,5089,99
478705,Mouse,4197,103
478756,Elephant,314030,976
478782,Mouse,4246,95
478910,Mouse,5433,81
479032,Mouse,5734,93
479073,Mouse,4693,101
479121,Mouse,4462,107
479150,Elephant,538904,1332
479345,Elephant,80903,499
479403,Mouse,3874,69
479432,Mouse,3863,74
479477,Mouse,4069,80
479484,Mouse,3676,87
479503,Mouse,5173,91
479566,Mouse,3605,94
479800,Elephant,411731,1259
479832,Mouse,5069,109
479861,Mouse,4310,88
479894,Mouse,3683,93
479947,Mouse,3528,76
479962,Mouse,5043,78
480030,Mouse,3356,84
480061,Mouse,4867,88
480062,Elephant,251885,918
480065,Mouse,3101,88
480091,Elephant,482823,1310
480109,Mouse,3383,75
480136,Mouse,3547,64
480153,Mouse,5595,67
480155,Mouse,4386,67
480162,Mouse,5501,66
480262,Mouse,4467,65
480288,Mouse,3237,64
480316,Mouse,3774,64
480347,Mouse,4237,64
480369,Mouse,4191,64
480452,Mouse,4139,67
480452,Mouse,3685,67
480481,Mouse,5491,66
480499,Mouse,5802,73
480599,Mouse,3935,64
480732,Mouse,4385,65
480755,Mouse,3702,64
480872,Mouse,5396,70
480943,Mouse,4318,69
480948,Mouse,3057,71
481032,Mouse,4977,75
481033,Elephant,250075,765
481054,Mouse,3167,67
481122,Mouse,3434,64
481206,Mouse,3508,64
481257,Mouse,4415,66
481274,Mouse,3204,69
481282,Mouse,5700,75
481308,Elephant,138001,550
481321,Mouse,4451,74
481365,Mouse,3930,65
481389,Mouse,3857,68
481405,Mouse,5098,65
481421,Mouse,3802,69
481424,Mouse,5406,73
481444,Mouse,5351,76
481632,Mouse,5741,70
481635,Elephant,459985,1083
481687,Mouse,3830,64
481734,Mouse,3998,64
481836,Mouse,4890,70
481839,Mouse,3770,70
481863,Mouse,4753,65
481945,Mouse,3939,64
481963,Mouse,4636,69
482080,Mouse,4277,65
482126,Mouse,3836,64
482241,Mouse,3280,66
482296,Mouse,5672,66
482386,Mouse,3455,64
482418,Mouse,4852,71
482485,Elephant,381948,1074
482564,Mouse,3950,65
482568,Mouse,4634,65
482626,Mouse,3862,64
482667,Mouse,5703,66
482727,Elephant,156404,593
482735,Mouse,4907,65
482738,Mouse,3166,64
482809,Mouse,4810,69
482897,Mouse,4252,70
482901,Mouse,4229,65
482986,Mouse,3546,68
482992,Mouse,3712,71
483010,Mouse,4166,67
483122,Mouse,4968,76
483158,Mouse,5774,88
483257,Mouse,4954,105
483280,Mouse,4151,113
483481,Mouse,5840,127
483594,Mouse,5145,150
483822,Mouse,4189,168
483916,Mouse,3410,184
484063,Mouse,5833,200
484073,Elephant,483440,1552
484137,Elephant,402657,1497
484142,Mouse,3199,208
484151,Elephant,201782,1183
484167,Mouse,5044,158
484201,Mouse,3878,130
484202,Mouse,4211,126
484230,Mouse,3539,95
484235,Mouse,4573,96
484272,Elephant,444180,1551
484275,Mouse,3000,75
484475,Mouse,4716,69
484541,Mouse,5205,69
484548,Mouse,5588,72
484567,Mouse,5523,72
484686,Mouse,3467,67
484774,Elephant,398748,1450
484829,Mouse,3939,68
484860,Mouse,4010,64
484927,Mouse,3567,65
484943,Mouse,4606,70
484949,Mouse,5182,69
484974,Mouse,3074,66
484995,Mouse,4890,70
485205,Mouse,3150,66
485232,Mouse,4217,72
485242,Mouse,5539,70
485384,Mouse,5661,84
485525,Mouse,5222,86
485603,Mouse,4172,107
485699,Mouse,3762,118
485782,Elephant,570029,1357
485845,Elephant,356378,1174
485854,Mouse,4000,98
486039,Mouse,4977,81
486071,Mouse,3770,82
486244,Elephant,292796,1039
486292,Mouse,4154,111
486301,Mouse,4358,118
486302,Mouse,5423,120
486394,Mouse,3496,93
486411,Mouse,5583,103
486419,Mouse,4254,96
486425,Elephant,242557,993
486487,Mouse,5516,92
486628,Mouse,3979,87
486668,Mouse,4596,92
486681,Mouse,5707,98
486738,Mouse,3201,101
486930,Mouse,4144,117
487043,Mouse,4796,134
487222,Mouse,5247,159
487269,Mouse,4299,158
487285,Mouse,3322,164
487341,Mouse,5143,179
487445,Mouse,4097,187
487495,Elephant,355922,1487
487516,Mouse,3814,179
487779,Elephant,490810,1917
487828,Mouse,4611,169
487882,Elephant,550397,2092
487918,Mouse,5274,147
487942,Elephant,127660,1224
487976,Mouse,4424,101
487984,Mouse,3855,104
488109,Mouse,4096,86
488173,Mouse,5000,99
488253,Mouse,5645,113
488272,Mouse,5029,120
488319,Mouse,4094,139
488341,Elephant,549243,2006
488395,Mouse,3815,122
488424,Mouse,4683,114
488454,Mouse,4006,100
488510,Elephant,143776,884
488539,Mouse,3612,100
488546,Mouse,4625,104
488558,Elephant,238111,1289
488615,Mouse,4232,75
488681,Mouse,4945,75
488757,Mouse,5043,69
488766,Mouse,5191,75
488771,Mouse,4563,78
488885,Mouse,4479,69
489004,Mouse,4153,68
489096,Elephant,223394,993
489100,Mouse,3419,67
489144,Mouse,5048,69
489188,Mouse,3166,65
489239,Mouse,4390,65
489246,Mouse,3529,64
489265,Mouse,4818,65
489323,Mouse,3254,64
489343,Mouse,4322,68
489375,Mouse,3421,64
489382,Elephant,473407,1510
489414,Mouse,5605,68
489416,Mouse,5081,69
489472,Mouse,4945,65
489546,Mouse,3056,64
489583,Mouse,4660,65
489639,Mouse,5304,65
489685,Mouse,5193,66
489712,Mouse,5413,67
489767,Mouse,5423,65
489797,Mouse,3240,67
489821,Mouse,3853,64
489904,Mouse,4020,64
490005,Mouse,3576,66
490123,Mouse,3073,64
490168,Mouse,5049,66
490353,Mouse,4692,68
490394,Mouse,4119,74
490481,Mouse,4245,75
490497,Mouse,5681,78
490570,Mouse,3581,85
490633,Mouse,3848,85
490662,Elephant,397037,1020
490767,Mouse,5719,68
490778,Mouse,3297,67
490846,Mouse,3432,71
490984,Mouse,3028,71
491087,Mouse,4722,80
491115,Mouse,4246,83
491125,Elephant,287994,901
491132,Mouse,3239,83
491157,Mouse,3513,89
491244,Mouse,4434,70
491342,Elephant,592883,1291
491682,Mouse,5355,68
491741,Mouse,4401,66
491858,Elephant,131693,557
491918,Elephant,247718,758
491923,Mouse,5041,66
491942,Mouse,4550,79
491991,Mouse,5170,72
492027,Mouse,5394,72
492058,Mouse,3626,67
492126,Mouse,4258,65
492135,Mouse,5194,69
492209,Mouse,5179,71
492345,Mouse,3911,69
492400,Mouse,4342,79
492422,Mouse,4915,87
492586,Mouse,5035,99
492624,Elephant,234595,806
492669,Elephant,333229,980
492698,Elephant,208546,761
492754,Mouse,4710,69
492813,Mouse,3959,64
492858,Mouse,3094,64
492872,Elephant,33249,238
492964,Mouse,3269,64
493029,Mouse,4962,65
493115,Mouse,5751,66
493177,Mouse,5202,65
493200,Mouse,3708,64
493327,Mouse,4080,64
493389,Mouse,3445,64
493428,Mouse,4859,65
493471,Mouse,4270,66
493530,Mouse,4077,64
493544,Mouse,3895,67
493545,Mouse,5026,68
493685,Mouse,5336,70
493698,Mouse,3882,65
493774,Mouse,3379,65
493781,Mouse,3973,68
493792,Mouse,4391,65
493879,Mouse,5626,70
493886,Mouse,5006,65
493957,Mouse,5357,68
494097,Mouse,4681,67
494114,Mouse,5614,70
494194,Mouse,5796,67
494228,Mouse,4806,67
494292,Mouse,3083,68
494310,Mouse,4803,69
494362,Elephant,570597,1222
494374,Mouse,5320,66
494442,Mouse,5720,66
494542,Mouse,3628,64
494615,Mouse,3868,64
494622,Mouse,4081,64
494660,Mouse,4825,65
494673,Mouse,4425,65
494698,Mouse,3944,64
494721,Mouse,3489,64
494753,Mouse,3817,64
494775,Mouse,5543,66
494899,Mouse,3026,64
494952,Mouse,3737,64
495000,Mouse,3975,64
495009,Mouse,4418,65
495034,Mouse,4886,65
495348,Mouse,5091,65
495392,Mouse,5285,65
495422,Mouse,4678,65
495429,Mouse,4494,65
495460,Mouse,5647,66
495467,Mouse,4514,66
495475,Mouse,4936,65
495492,Mouse,3762,64
495559,Mouse,5064,65
495576,Mouse,5400,65
495613,Mouse,3261,64
495763,Mouse,4863,65
495809,Mouse,4138,64
495914,Mouse,3686,64
496087,Mouse,3337,66
496088,Mouse,3976,67
496094,Mouse,5322,65
496182,Mouse,3317,64
496384,Mouse,3327,64
496469,Mouse,5185,71
496513,Mouse,3071,68
496559,Mouse,3839,71
496609,Mouse,3458,65
496641,Mouse,5506,73
496661,Mouse,3900,76
496735,Elephant,88818,426
496791,Mouse,5323,71
496889,Mouse,4743,71
496937,Mouse,4257,73
496992,Elephant,406414,995
496993,Mouse,3566,71
497242,Elephant,210945,710
497281,Mouse,4290,66
497314,Mouse,4000,66
497366,Mouse,5389,67
497375,Mouse,5079,65
497455,Mouse,3393,64
497496,Mouse,4430,69
497537,Mouse,3268,68
497561,Mouse,5136,65
497628,Mouse,4326,65
497776,Mouse,3776,66
497779,Mouse,5716,69
497800,Mouse,3601,67
497834,Mouse,5102,69
497978,Mouse,5179,70
498045,Mouse,5273,67
498091,Mouse,5564,66
498203,Mouse,4716,65
498298,Mouse,4085,66
498316,Elephant,543739,1244
498408,Mouse,3355,64
498440,Mouse,4383,65
498450,Mouse,4339,67
498451,Mouse,5826,69
498465,Mouse,5752,66
498497,Mouse,5485,67
498657,Mouse,4940,65
499100,Mouse,4719,65
499157,Mouse,4251,64
499180,Mouse,3401,64
499189,Mouse,4101,64
499208,Mouse,5344,65
499249,Mouse,4660,65
499429,Mouse,3068,64
499603,Mouse,4335,65
499615,Mouse,3608,64
499623,Mouse,5384,65
499648,Mouse,4671,66
499654,Mouse,4651,65
499835,Mouse,4581,65
499846,Mouse,4765,65
499959,Mouse,4197,64
499982,Mouse,3797,64
500013,Mouse,3599,64
500063,Mouse,3104,64
500184,Mouse,5402,69
500205,Mouse,3897,64
500210,Mouse,5587,66
500232,Mouse,4552,65
500240,Mouse,3562,64
500296,Mouse,3010,64
500325,Mouse,3983,64
500375,Mouse,3543,64
500393,Mouse,3747,67
500524,Mouse,5776,67
500573,Mouse,3763,69
500616,Mouse,4105,67
500641,Mouse,3996,64
500659,Mouse,3507,67
500691,Mouse,3295,66
500697,Mouse,3319,65
500743,Mouse,4019,67
500768,Mouse,4824,65
500831,Mouse,3191,66
500887,Mouse,3991,67
501050,Mouse,4770,66
501076,Mouse,4847,69
501245,Mouse,3343,64
501269,Mouse,3407,66
501321,Mouse,4759,69
501553,Elephant,354906,930
501590,Mouse,4511,68
501644,Mouse,4369,67
501645,Mouse,4132,67
501802,Mouse,3623,64
501958,Mouse,3170,67
501978,Mouse,5719,75
502129,Mouse,4267,67
502227,Mouse,3336,67
502235,Elephant,270821,812
502255,Mouse,5405,70
502334,Mouse,5438,66
502342,Elephant,310352,981
502365,Mouse,4269,65
502659,Mouse,4678,65
502712,Mouse,4779,65
502761,Mouse,4766,65
502886,Mouse,5668,66
502890,Mouse,4564,66
502913,Mouse,4479,68
502940,Mouse,3285,66
503004,Mouse,5385,65
503029,Mouse,3371,66
503109,Mouse,3867,64
503224,Mouse,4466,69
503238,Mouse,3344,64
503247,Elephant,302653,842
503270,Mouse,4792,68
503277,Mouse,5056,65
503286,Mouse,5683,66
503298,Mouse,4958,65
503303,Mouse,4701,65
503322,Mouse,3797,64
503356,Mouse,5524,66
503419,Mouse,3426,64
503426,Mouse,4452,65
503459,Mouse,4907,65
503607,Mouse,4597,65
503642,Mouse,5304,67
503657,Mouse,4699,65
503713,Mouse,4661,65
503856,Mouse,3905,67
503867,Mouse,4790,65
503919,Mouse,4837,65
503997,Mouse,5539,66
504075,Mouse,3816,67
504097,Mouse,4127,64
504108,Elephant,154782,581
504384,Mouse,3605,65
504415,Mouse,5749,69
504427,Mouse,4900,65
504462,Mouse,5281,71
504548,Mouse,4569,71
504608,Mouse,5034,65
504633,Mouse,5628,71
504710,Elephant,101349,453
504729,Mouse,3062,68
504763,Mouse,4220,66
504799,Mouse,5467,66
505010,Mouse,3285,64
505026,Mouse,5408,68
505161,Mouse,4619,69
505197,Mouse,5464,71
505255,Mouse,5584,70
505401,Mouse,5499,79
505411,Mouse,5783,82
505475,Mouse,3602,100
505498,Mouse,4819,105
505508,Mouse,3460,109
505517,Mouse,4128,112
505523,Elephant,461846,1133
505539,Mouse,4983,110
505549,Mouse,4225,113
505598,Elephant,33920,298
505616,Mouse,5125,66
505701,Mouse,3484,64
505781,Mouse,4730,65
505836,Mouse,3449,64
505865,Mouse,4388,66
505914,Mouse,3875,66
505989,Elephant,463171,1244
506027,Mouse,5687,66
506071,Mouse,3967,64
506121,Mouse,5826,66
506152,Mouse,3483,64
506176,Mouse,3995,66
506179,Mouse,5242,68
506183,Mouse,4027,65
506239,Mouse,3841,64
506276,Mouse,5728,66
506312,Mouse,3562,64
506332,Mouse,4712,65
506429,Mouse,3843,64
506472,Mouse,4948,65
506496,Mouse,3440,64
506594,Mouse,4026,64
506600,Mouse,5541,66
506621,Mouse,5439,66
506813,Mouse,3048,66
506838,Mouse,4026,64
506852,Mouse,3808,68
506863,Mouse,3992,64
506948,Mouse,4299,67
506957,Mouse,4899,67
506979,Elephant,64527,366
506984,Mouse,3717,69
507023,Mouse,4622,66
507280,Mouse,4442,65
507407,Mouse,4914,65
507558,Mouse,5545,70
507570,Mouse,4062,64
507596,Elephant,229368,720
507619,Mouse,5537,67
507687,Mouse,3790,64
507701,Mouse,4798,65
507750,Mouse,4071,67
507763,Mouse,4226,64
507769,Mouse,3444,64
507803,Mouse,4499,65
507956,Mouse,4013,64
507963,Elephant,83018,408
508053,Mouse,4274,65
508086,Mouse,5441,66
508092,Mouse,4771,65
508099,Mouse,5105,65
508119,Mouse,4098,64
508139,Mouse,4496,65
508278,Mouse,3906,64
508295,Mouse,5831,69
508305,Mouse,5520,66
508461,Mouse,5837,66
508508,Mouse,3334,64
508557,Mouse,4788,65
508578,Mouse,3507,66
508668,Mouse,4745,69
508733,Mouse,4101,64
508753,Mouse,5058,68
508821,Mouse,5068,65
508902,Mouse,5773,69
509030,Elephant,266817,776
509039,Mouse,3478,64
509121,Mouse,4164,64
509158,Mouse,5303,65
509169,Mouse,3101,67
509201,Mouse,3782,65
509288,Mouse,5307,65
509311,Mouse,4521,65
509362,Mouse,3996,64
509374,Mouse,3743,64
509438,Mouse,3113,75
509522,Mouse,5095,69
509616,Elephant,141580,557
509667,Mouse,4117,64
509682,Mouse,4392,66
509698,Mouse,4591,65
509705,Mouse,5343,66
509743,Mouse,3084,75
509781,Elephant,100107,465
509792,Mouse,3221,73
509793,Mouse,4714,74
509865,Mouse,4149,65
509880,Mouse,5214,65
509905,Mouse,5403,67
509927,Mouse,3195,64
510018,Mouse,4166,64
510072,Mouse,5161,70
510117,Elephant,116499,500
510127,Mouse,3819,64
510161,Mouse,5495,66
510284,Mouse,3475,64
510368,Mouse,3916,65
510428,Mouse,3699,64
510474,Mouse,4479,65
510650,Mouse,5338,69
510654,Mouse,4245,64
510676,Mouse,4379,69
510901,Mouse,3179,87
510967,Elephant,289815,884
510975,Mouse,3096,79
510997,Mouse,3336,87
511048,Mouse,5547,78
511140,Mouse,4186,78
511179,Mouse,4202,84
511182,Mouse,4027,86
511193,Mouse,4637,91
511200,Elephant,72560,435
511202,Elephant,186291,710
511211,Mouse,4059,84
511240,Mouse,4636,83
511274,Mouse,4527,79
511339,Mouse,3426,65
511364,Mouse,3029,64
511396,Mouse,5718,70
511408,Mouse,5637,74
511530,Mouse,4812,69
511539,Mouse,3438,69
511607,Mouse,4500,68
511626,Elephant,485475,1142
511631,Mouse,3228,64
511668,Mouse,3265,64
511761,Mouse,4669,65
511775,Mouse,5564,66
511922,Mouse,3576,64
511966,Mouse,3897,64
512109,Mouse,3634,64
512116,Mouse,4684,65
512169,Mouse,4349,65
512549,Elephant,62984,326
512702,Mouse,4531,65
512739,Mouse,4654,65
512785,Mouse,4220,65
512795,Mouse,3345,64
512820,Mouse,4570,65
512889,Mouse,4659,67
512891,Mouse,5103,68
512951,Mouse,4539,65
513024,Mouse,3662,64
513186,Mouse,3825,64
513251,Mouse,5187,65
513379,Mouse,3444,64
513425,Mouse,3440,66
513428,Mouse,5716,67
513496,Mouse,3187,66
513592,Mouse,5744,69
513640,Mouse,3961,72
513728,Mouse,4864,68
513764,Mouse,4349,76
513772,Mouse,3460,76
513842,Mouse,3446,76
513845,Elephant,100467,475
513913,Mouse,3120,68
513939,Mouse,5109,69
513956,Elephant,336980,911
514062,Mouse,5648,67
514126,Mouse,3161,64
514175,Mouse,4990,73
514249,Mouse,5127,68
514269,Mouse,4872,65
514359,Mouse,3168,64
514373,Mouse,3836,68
514462,Mouse,3709,65
514517,Elephant,357240,1144
514626,Mouse,4511,65
514710,Mouse,3406,64
514741,Mouse,4095,64
514777,Mouse,4405,65
514941,Mouse,4526,70
515014,Mouse,3178,64
515097,Mouse,4470,65
515119,Mouse,3387,67
515133,Mouse,5267,68
515374,Mouse,4215,70
515408,Elephant,270211,794
515547,Mouse,5222,65
515769,Mouse,5198,66
515813,Mouse,4511,77
515819,Mouse,5694,79
515914,Mouse,3968,69
515919,Mouse,4490,72
515989,Mouse,4775,79
515994,Elephant,447988,1068
516027,Mouse,3106,68
516038,Mouse,3825,72
516161,Mouse,4703,65
516327,Mouse,3637,68
516357,Mouse,3221,65
516421,Mouse,3763,67
516455,Mouse,5287,70
516458,Mouse,3469,71
516471,Mouse,3198,71
516476,Mouse,3706,74
516498,Mouse,4237,69
516565,Mouse,4870,67
516601,Mouse,5356,71
516642,Mouse,4684,70
516644,Elephant,374624,963
516730,Mouse,4994,65
516807,Mouse,4207,64
516834,Mouse,5342,70
516841,Mouse,3258,71
516886,Mouse,5294,74
516915,Mouse,3691,65
516919,Mouse,4743,68
516966,Mouse,3250,67
517125,Mouse,3390,65
517166,Mouse,5711,71
517181,Mouse,4534,68
517189,Mouse,5534,74
517340,Mouse,3258,67
517382,Elephant,509928,1141
517419,Mouse,5788,72
517591,Mouse,4735,65
517626,Mouse,3115,67
517641,Mouse,3582,64
517701,Mouse,4585,69
517724,Mouse,5298,65
517776,Mouse,3591,64
517838,Mouse,3861,67
517871,Mouse,4835,69
517880,Mouse,5711,74
517900,Mouse,4798,79
517908,Mouse,4494,80
517931,Mouse,3155,75
517962,Mouse,5721,68
518009,Elephant,565621,1303
518102,Mouse,3553,64
518142,Mouse,5243,65
518202,Mouse,5432,66
518292,Mouse,5783,66
518370,Elephant,89218,412
518420,Mouse,5044,65
518481,Mouse,5699,66
518505,Mouse,3522,64
518555,Mouse,4592,65
518646,Mouse,4530,65
518722,Mouse,3374,64
518832,Mouse,3272,64
518849,Mouse,3251,64
518855,Mouse,3764,64
518949,Mouse,4079,64
518974,Mouse,5469,66
519041,Mouse,4931,65
519069,Mouse,5033,69
519116,Mouse,3991,64
519219,Mouse,4356,65
519220,Elephant,94247,446
519240,Elephant,65783,372
519303,Mouse,3883,64
519319,Mouse,4602,65
519339,Mouse,3692,64
519343,Mouse,4426,65
519357,Mouse,4643,65
519386,Mouse,4495,66
519431,Mouse,4564,65
519487,Mouse,3682,64
519563,Mouse,3942,64
519566,Mouse,3447,65
519575,Mouse,4151,64
519612,Mouse,4168,64
519616,Mouse,4062,65
519797,Mouse,3247,64
519809,Mouse,4073,68
519867,Mouse,3980,69
519893,Mouse,3007,66
519927,Elephant,241832,748
520073,Mouse,3882,64
520085,Mouse,3474,64
520099,Mouse,3148,64
520125,Mouse,4041,64
520237,Mouse,5037,66
520240,Mouse,4839,67
520257,Mouse,4886,65
520310,Mouse,3762,64
520334,Mouse,3411,64
520348,Mouse,3466,64
520464,Mouse,3174,64
520481,Mouse,5501,66
520505,Mouse,4929,65
520517,Mouse,4800,65
520567,Mouse,5398,65
520647,Mouse,4550,65
520653,Mouse,4004,64
520717,Mouse,4755,65
520748,Mouse,4520,65
520798,Mouse,5275,71
520830,Mouse,5555,66
520878,Elephant,66298,363
521018,Mouse,4794,65
521044,Mouse,3211,64
521062,Mouse,3401,68
521132,Mouse,3284,64
521260,Mouse,5158,65
521275,Mouse,4210,64
521305,Mouse,4025,64
521314,Mouse,5610,66
521337,Mouse,4469,65
521358,Mouse,4131,65
521372,Mouse,4568,69
521390,Mouse,5712,66
521498,Mouse,5083,69
521554,Mouse,4671,65
521589,Mouse,3321,70
521644,Mouse,3841,67
521688,Mouse,5032,69
521694,Mouse,4411,65
521737,Mouse,3653,72
521788,Mouse,5221,65
521826,Mouse,3941,67
521861,Mouse,5809,70
521879,Mouse,5107,70
521944,Mouse,4732,73
522006,Mouse,4309,65
522078,Mouse,3900,73
522090,Mouse,4987,72
522100,Mouse,3259,74
522173,Mouse,4819,84
522238,Mouse,5238,86
522272,Mouse,5544,92
522422,Elephant,568923,1292
522435,Elephant,247581,831
522452,Mouse,4500,79
522535,Mouse,3884,65
522568,Mouse,4690,65
522636,Mouse,4183,65
522697,Mouse,4077,64
522829,Mouse,5200,68
522898,Mouse,5107,69
522902,Mouse,3482,67
522953,Mouse,3667,68
523018,Mouse,5533,73
523030,Mouse,5351,77
523040,Mouse,5033,78
523211,Mouse,4525,75
523221,Mouse,5808,80
523326,Mouse,3239,94
523334,Mouse,4183,95
523463,Mouse,3148,109
523510,Elephant,495640,1342
523526,Mouse,3157,109
523534,Mouse,4181,113
523566,Elephant,535324,1311
523568,Mouse,4760,91
523578,Mouse,3120,89
523727,Mouse,5421,65
523735,Mouse,4826,65
523746,Mouse,5188,68
523747,Mouse,3812,67
523838,Mouse,4858,65
523899,Mouse,3031,67
524139,Mouse,3044,66
524149,Mouse,3498,67
524204,Elephant,344066,1012
524207,Mouse,5058,70
524289,Mouse,3312,64
524344,Mouse,5714,67
524371,Mouse,5387,65
524408,Mouse,3128,64
524417,Mouse,5239,66
524521,Mouse,3363,67
524568,Mouse,4701,69
524584,Mouse,4153,67
524660,Mouse,5635,68
524675,Mouse,5420,72
524740,Mouse,4910,66
524744,Mouse,3501,68
524778,Mouse,4173,66
524886,Mouse,4226,67
524944,Mouse,5678,67
524971,Elephant,373426,946
524975,Mouse,3941,65
525018,Mouse,4904,66
525056,Mouse,3973,64
525079,Mouse,3671,64
525094,Mouse,3675,64
525115,Mouse,3210,64
525187,Mouse,4335,65
525263,Mouse,4793,69
525271,Mouse,3849,64
525301,Mouse,5074,66
525312,Mouse,5494,73
525325,Mouse,4893,65
525451,Mouse,3347,64
525608,Elephant,155293,583
525653,Mouse,4498,65
525785,Mouse,3437,64
525876,Mouse,3874,64
525890,Mouse,3958,64
525933,Mouse,3486,65
525950,Mouse,5350,65
526028,Mouse,4683,65
526035,Mouse,5505,66
526041,Mouse,4225,64
526144,Mouse,4179,64
526148,Mouse,3028,64
526164,Mouse,3325,64
526324,Mouse,4502,65
526374,Mouse,3341,64
526566,Mouse,3970,64
526605,Mouse,4466,72
526647,Mouse,4129,67
526696,Mouse,4031,64
526701,Mouse,4475,65
526709,Mouse,3925,64
526718,Mouse,4583,67
526729,Mouse,4564,76
526757,Mouse,5691,66
526833,Mouse,3084,73
526973,Mouse,5778,66
527117,Mouse,5360,70
527242,Elephant,261033,802
527272,Mouse,3813,66
527410,Mouse,4772,65
527525,Mouse,4040,68
527582,Mouse,4357,69
527585,Elephant,507747,1146
527807,Mouse,4726,65
527833,Mouse,5169,65
528006,Mouse,3972,64
528032,Mouse,5250,65
528058,Mouse,3497,64
528074,Mouse,4486,65
528111,Mouse,4571,65
528227,Mouse,5840,71
528323,Mouse,5092,66
528358,Mouse,5784,66
528382,Mouse,4775,67
528384,Mouse,5560,69
528394,Mouse,5359,68
528449,Mouse,5158,71
528463,Mouse,5621,66
528473,Mouse,3359,64
528536,Mouse,4314,69
528557,Mouse,3072,64
528618,Mouse,4945,66
528663,Elephant,179507,635
528715,Mouse,5388,65
528746,Mouse,3430,64
528790,Mouse,3938,65
528910,Mouse,4249,69
528953,Mouse,3733,70
528988,Mouse,3449,66
529059,Mouse,3922,66
529154,Mouse,4943,65
529200,Mouse,5044,67
529314,Mouse,5435,72
529354,Mouse,3912,74
529511,Mouse,3171,86
529540,Elephant,340391,957
529609,Mouse,3071,67
529642,Mouse,3417,65
529670,Elephant,401603,1047
529683,Mouse,4171,68
529766,Mouse,4731,65
529836,Mouse,4874,65
529842,Mouse,5805,66
530046,Mouse,4718,69
530155,Mouse,5616,66
530338,Mouse,3881,65
530427,Mouse,4049,75
530484,Mouse,4264,69
530491,Mouse,3122,67
530542,Mouse,4061,70
530611,Mouse,5656,77
530622,Mouse,5318,68
530636,Mouse,4902,70
530712,Elephant,595955,1379
530801,Mouse,5057,66
530865,Mouse,4843,67
530879,Mouse,5783,70
530894,Mouse,4506,75
530895,Mouse,4118,74
530953,Mouse,4797,79
530980,Mouse,5283,66
531073,Mouse,4053,66
531113,Mouse,4377,77
531291,Mouse,5279,87
531374,Elephant,539646,1245
531385,Mouse,5240,100
531389,Mouse,4791,96
531542,Mouse,5455,73
531563,Mouse,4727,74
531584,Mouse,5608,71
531615,Mouse,4722,75
531652,Elephant,126376,724
531654,Mouse,3110,67
531768,Mouse,5502,69
531828,Mouse,4944,73
531829,Mouse,5704,74
531845,Elephant,497012,1189
531864,Mouse,5349,66
532019,Mouse,3979,64
532036,Mouse,4703,65
532102,Mouse,5544,69
532118,Mouse,5221,65
532184,Mouse,3664,68
532195,Mouse,5385,66
532236,Mouse,3155,64
532301,Mouse,4279,65
532306,Elephant,152832,585
532360,Mouse,3946,64
532414,Mouse,3028,64
532421,Mouse,4363,65
532444,Mouse,4854,69
532515,Mouse,5031,65
532618,Mouse,5310,68
532643,Mouse,4035,64
532698,Mouse,4286,68
532710,Mouse,4138,64
532757,Mouse,5580,66
532777,Mouse,4068,68
532995,Mouse,5230,83
533021,Mouse,3563,90
533036,Mouse,3983,92
533215,Mouse,5764,111
533241,Mouse,4079,117
533247,Elephant,312531,960
533252,Mouse,5125,117
533303,Mouse,3923,110
533382,Mouse,4584,100
533395,Mouse,4512,104
533469,Elephant,289114,983
533503,Elephant,32658,305
533555,Mouse,5567,78
533594,Mouse,4098,73
533638,Mouse,3923,72
533766,Mouse,3962,76
533790,Mouse,3522,82
533791,Mouse,5411,84
533818,Elephant,299263,1046
533860,Mouse,3942,83
533947,Mouse,3250,67
533970,Mouse,4337,68
533975,Mouse,3265,67
533987,Mouse,3046,70
533994,Elephant,512624,1334
534039,Mouse,4592,65
534120,Mouse,3162,64
534178,Mouse,3481,64
534204,Mouse,3038,64
534243,Mouse,4890,65
534250,Mouse,3061,64
534353,Mouse,3891,64
534364,Mouse,5078,65
534436,Mouse,5277,65
534520,Mouse,5561,66
534542,Mouse,5482,70
534598,Mouse,5175,72
534662,Mouse,4619,65
534703,Mouse,4346,65
534832,Mouse,3025,64
535093,Mouse,5598,72
535139,Mouse,3093,78
535177,Mouse,5761,90
535241,Mouse,4965,95
535251,Mouse,3886,99
535261,Mouse,4339,102
535303,Mouse,3348,111
535317,Mouse,4362,115
535321,Elephant,443984,1103
535356,Mouse,3676,118
535516,Mouse,5200,87
535646,Mouse,3979,100
535726,Mouse,3378,118
535758,Mouse,5505,124
535891,Mouse,5495,139
535979,Mouse,5182,159
535989,Elephant,393392,1280
536005,Elephant,128913,787
536058,Mouse,3319,135
536156,Mouse,3226,94
536173,Mouse,5132,99
536227,Mouse,4757,101
536265,Mouse,4674,109
536278,Mouse,4671,114
536363,Elephant,250102,1172
536376,Mouse,5389,106
536397,Elephant,580015,1638
536538,Mouse,3963,64
536581,Mouse,5079,65
536592,Mouse,4089,64
536600,Mouse,5062,71
536684,Mouse,3165,64
536712,Mouse,5479,76
536771,Mouse,5676,69
536844,Elephant,323670,1146
536906,Mouse,5024,65
536955,Mouse,5315,67
537012,Mouse,3261,64
537106,Mouse,3772,68
537145,Mouse,3268,65
537223,Elephant,228388,725
537227,Mouse,5442,67
537251,Mouse,4659,65
537359,Mouse,3464,66
537369,Mouse,3242,64
537377,Mouse,4308,65
537381,Mouse,4029,65
537386,Mouse,5048,68
537443,Elephant,37266,238
537451,Mouse,5742,66
537523,Mouse,3901,72
537526,Mouse,5464,75
537806,Mouse,5053,65
537817,Mouse,4345,72
537817,Mouse,4829,73
537820,Elephant,85297,417
537915,Mouse,4521,69
537940,Mouse,3134,64
537969,Mouse,5202,73
538058,Mouse,3847,67
538072,Mouse,5650,71
538085,Mouse,3129,65
538122,Mouse,4427,66
538196,Mouse,3355,67
538231,Mouse,4126,66
538382,Mouse,5810,73
538406,Elephant,544758,1170
538434,Mouse,4818,82
538530,Mouse,4759,71
538538,Mouse,5283,70
538565,Mouse,5716,70
538608,Mouse,4037,70
538651,Elephant,45020,292
538654,Mouse,3878,67
538683,Mouse,5815,69
538689,Mouse,3852,66
538732,Elephant,198100,690
538736,Mouse,3610,66
538766,Mouse,3570,64
538786,Mouse,5550,70
538787,Mouse,5593,71
538840,Mouse,5785,66
538853,Mouse,4041,64
538953,Mouse,4648,65
538975,Mouse,4804,65
538986,Mouse,5578,66
539056,Mouse,4541,65
539159,Mouse,3351,64
539215,Mouse,3390,64
539328,Mouse,4412,65
539434,Mouse,3576,64
539623,Mouse,5282,71
539772,Mouse,3007,64
539880,Mouse,5831,72
539928,Mouse,4364,73
539959,Mouse,4972,73
539960,Mouse,5311,74
540144,Mouse,5527,85
540230,Mouse,5524,97
540344,Mouse,5281,112
540350,Elephant,64018,422
540364,Mouse,5536,119
540395,Mouse,4115,116
540474,Mouse,3416,110
540549,Mouse,4115,97
540559,Mouse,4583,101
540564,Mouse,3176,88
540589,Mouse,5748,93
540597,Mouse,4985,95
540606,Elephant,571946,1401
540611,Mouse,5615,101
540617,Mouse,4712,103
540630,Mouse,4282,84
540658,Elephant,483895,1245
540662,Mouse,4187,90
540773,Mouse,5694,66
540850,Mouse,5836,66
540900,Mouse,4744,65
540975,Mouse,4502,65
541104,Mouse,3030,71
541108,Mouse,5605,74
541145,Mouse,4337,69
541152,Mouse,3411,71
541193,Mouse,4187,70
541232,Mouse,5667,69
541289,Mouse,5541,66
541311,Mouse,3473,69
541333,Mouse,4416,72
541335,Mouse,4469,72
541352,Elephant,247098,787
541399,Mouse,4000,73
541410,Mouse,5773,68
541518,Mouse,4310,66
541550,Mouse,5530,66
541620,Mouse,4368,68
541635,Mouse,4053,72
541871,Mouse,4961,89
541940,Mouse,5090,87
541973,Mouse,3396,89
542013,Mouse,4167,86
542048,Mouse,3365,91
542049,Mouse,4250,96
542132,Mouse,3065,97
542146,Mouse,4433,102
542208,Mouse,5271,107
542217,Mouse,5062,111
542297,Mouse,3599,117
542334,Mouse,3554,129
542435,Mouse,4727,142
542454,Elephant,587332,1525
542492,Mouse,3314,130
542533,Mouse,4157,123
542615,Elephant,194126,943
542666,Mouse,4334,114
542740,Mouse,4233,104
542779,Mouse,5386,108
542799,Mouse,5192,121
542800,Mouse,5635,122
542903,Mouse,3616,136
542909,Mouse,4101,140
542987,Elephant,56453,544
542992,Mouse,5284,140
543033,Mouse,4209,144
543055,Elephant,428822,1471
543059,Mouse,4939,146
543100,Mouse,4657,130
543172,Mouse,4452,81
543247,Mouse,4063,95
543490,Elephant,566380,2158
543730,Elephant,201880,1054
543789,Mouse,3718,101
543846,Mouse,3400,97
543861,Elephant,432679,1711
543867,Mouse,3377,81
543941,Mouse,4235,70
544016,Mouse,3534,85
544019,Mouse,4781,87
544060,Elephant,68265,709
544096,Mouse,3448,87
544314,Mouse,3391,81
544441,Mouse,4802,117
544464,Mouse,4568,121
544630,Mouse,5505,165
544808,Mouse,4482,192
544968,Mouse,4017,211
545007,Mouse,5529,219
545039,Elephant,536527,2003
545127,Mouse,4512,221
545155,Mouse,4442,216
545169,Mouse,5289,207
545182,Mouse,3417,213
545267,Mouse,4387,213
545444,Mouse,4433,210
545501,Mouse,5375,215
545626,Mouse,4065,242
545728,Mouse,3575,265
545743,Elephant,165656,1507
545760,Mouse,4222,266
545786,Mouse,3947,264
545836,Mouse,3846,272
545876,Mouse,4286,287
545988,Mouse,5102,272
546119,Elephant,596835,2769
546202,Mouse,3328,242
546243,Mouse,5490,221
546268,Elephant,488494,2380
546291,Mouse,5466,224
546320,Mouse,3488,233
546364,Mouse,4371,211
546392,Mouse,5450,203
546477,Mouse,3882,207
546491,Mouse,4580,213
546496,Mouse,4495,213
546594,Mouse,4721,223
546619,Mouse,4818,228
546717,Mouse,4562,232
546772,Mouse,3613,231
546863,Mouse,3208,241
546912,Mouse,3295,243
546923,Mouse,3842,252
546999,Elephant,555163,3049
547103,Mouse,4027,270
547125,Mouse,4821,279
547201,Mouse,3993,272
547216,Mouse,3594,272
547232,Mouse,3647,264
547248,Mouse,4408,269
547259,Mouse,3721,271
547290,Mouse,4664,271
547360,Mouse,3806,267
547440,Mouse,3055,263
547594,Mouse,5806,266
547615,Mouse,3502,265
547671,Elephant,193547,3303
547696,Elephant,62685,1113
547797,Mouse,5555,280
547804,Elephant,502178,3496
547863,Mouse,5228,268
547884,Mouse,5294,272
548009,Mouse,3702,248
548167,Mouse,5006,227
548368,Mouse,5760,248
548458,Elephant,428848,3271
548471,Mouse,5373,246
548474,Mouse,4247,247
548485,Mouse,3207,245
548567,Mouse,3933,255
548635,Elephant,408892,4261
548644,Mouse,4327,234
548683,Mouse,4665,234
548696,Mouse,3100,235
548699,Elephant,551175,3990
548747,Elephant,339081,3181
548750,Mouse,3893,180
548754,Mouse,4484,181
548833,Elephant,267786,2239
548910,Mouse,5804,74
548913,Mouse,4750,74
548917,Mouse,4508,75
549140,Mouse,3985,81
549197,Elephant,211731,1910
549234,Elephant,87559,473
549335,Mouse,3588,78
549382,Mouse,5664,75
549393,Elephant,36414,291
549418,Mouse,3341,74
549496,Mouse,5128,71
549665,Mouse,4766,81
549668,Elephant,90847,626
549702,Mouse,5272,87
549775,Elephant,273579,898
549815,Elephant,410796,1559
549835,Mouse,4825,67
549909,Mouse,3022,67
549954,Mouse,3545,68
549979,Mouse,3874,64
549983,Mouse,4494,65
549997,Mouse,5212,67
550128,Elephant,134065,564
550136,Mouse,5196,66
550293,Mouse,3940,64
550312,Mouse,3523,64
550473,Mouse,4590,68
550488,Elephant,228612,823
550676,Mouse,5302,65
550710,Mouse,3681,67
550716,Mouse,5774,70
550805,Mouse,4924,77
550817,Mouse,4398,69
551014,Mouse,4877,89
551051,Mouse,5360,97
551186,Mouse,4575,122
551223,Mouse,4836,134
551267,Mouse,3520,134
551281,Elephant,78504,565
551338,Mouse,4224,137
551626,Mouse,3012,143
551668,Elephant,379758,1264
551675,Mouse,5459,154
551702,Elephant,473047,1421
551852,Mouse,3544,70
551862,Mouse,5606,75
551875,Mouse,5518,80
551892,Elephant,126679,807
551966,Mouse,5250,82
551984,Mouse,5709,77
552002,Mouse,4052,78
552019,Mouse,4214,81
552140,Elephant,376215,1629
552141,Mouse,5559,83
552174,Mouse,4755,78
552177,Mouse,3724,78
552285,Mouse,3333,68
552317,Mouse,3201,67
552337,Mouse,5416,70
552437,Mouse,4918,69
552463,Mouse,5489,77
552475,Mouse,5742,81
552504,Mouse,5485,88
552566,Mouse,5663,94
552613,Elephant,594536,1609
552639,Mouse,4131,77
552658,Mouse,3661,69
552684,Mouse,3549,64
552756,Mouse,3455,66
552770,Elephant,268691,848
552801,Mouse,4712,69
552809,Mouse,4519,71
552826,Mouse,4797,65
552849,Mouse,5665,66
552874,Mouse,4051,64
552929,Mouse,5713,66
553027,Mouse,5059,65
553032,Mouse,4379,65
553060,Mouse,5691,66
553068,Mouse,5346,65
553104,Mouse,5362,66
553118,Mouse,5443,69
553119,Mouse,5493,69
553218,Mouse,4078,65
553266,Mouse,5364,65
553328,Mouse,4309,68
553332,Mouse,3352,71
553479,Mouse,5768,72
553512,Mouse,3095,65
553546,Mouse,3188,67
553709,Mouse,5702,69
553764,Mouse,3372,71
553770,Elephant,180967,636
553956,Mouse,5036,71
553957,Mouse,3944,71
554051,Mouse,4711,75
554067,Mouse,4283,76
554084,Mouse,4160,80
554109,Mouse,5438,89
554130,Mouse,3155,96
554152,Mouse,3420,95
554211,Mouse,4581,111
554217,Mouse,5101,113
554220,Mouse,3529,112
554287,Mouse,5469,123
554295,Mouse,4855,129
554323,Elephant,461873,1174
554353,Mouse,4324,109
554431,Mouse,3916,80
554495,Mouse,4231,83
554546,Mouse,4080,90
554567,Mouse,4420,99
554637,Mouse,4320,105
554825,Elephant,118881,724
554905,Mouse,3975,112
555029,Elephant,549015,1474
555064,Mouse,4633,101
555074,Mouse,4823,92
555156,Elephant,229677,1001
555192,Mouse,5456,72
555207,Elephant,319919,1279
555256,Mouse,3756,64
555328,Mouse,3708,66
555332,Mouse,4988,67
555376,Mouse,4548,68
555388,Mouse,4229,64
555416,Mouse,4509,65
555457,Mouse,4135,68
555549,Mouse,4389,65
555588,Mouse,3377,64
555854,Mouse,5709,71
555871,Mouse,4334,65
555927,Mouse,4218,67
555971,Mouse,3951,68
555988,Mouse,4781,73
556020,Mouse,5103,70
556155,Elephant,476189,1082
556167,Mouse,3066,67
556201,Mouse,5118,69
556210,Mouse,3965,68
556421,Mouse,4489,65
556458,Mouse,5735,66
556492,Mouse,4071,64
556536,Mouse,5758,68
556594,Mouse,4924,65
556619,Mouse,4844,70
556691,Mouse,5427,69
556714,Mouse,3736,64
556765,Mouse,3426,64
556824,Mouse,3574,67
556826,Elephant,400365,985
556864,Mouse,5174,66
556924,Mouse,5310,65
556950,Mouse,4571,65
556964,Mouse,4052,64
557070,Mouse,4801,66
557115,Mouse,3137,65
557147,Mouse,5730,66
557211,Mouse,3103,65
557257,Mouse,4467,68
557333,Mouse,3776,66
557336,Elephant,69246,366
557377,Mouse,3125,66
557390,Mouse,3347,64
557406,Mouse,4340,65
557596,Mouse,3083,64
557650,Mouse,4482,65
557732,Mouse,5665,66
557812,Mouse,4079,64
557852,Mouse,5559,66
557974,Mouse,4410,66
558093,Mouse,5640,70
558102,Mouse,4628,73
558116,Mouse,5293,78
558225,Mouse,4879,68
558253,Mouse,4884,77
558285,Mouse,5004,71
558290,Mouse,4369,73
558324,Elephant,341365,902
558438,Mouse,3051,64
558466,Mouse,4983,68
558605,Mouse,4275,68
558609,Mouse,5109,66
558638,Mouse,4433,73
558842,Mouse,3401,65
558923,Elephant,289447,848
558923,Mouse,3684,73
558926,Mouse,3118,68
558944,Mouse,5537,67
558969,Mouse,5032,71
559017,Mouse,5132,66
559026,Mouse,4387,71
559126,Mouse,4033,64
559166,Elephant,294957,864
559268,Mouse,4610,65
559383,Mouse,4345,65
559445,Mouse,3796,64
559457,Mouse,3087,64
559507,Mouse,3227,64
559564,Mouse,3331,64
559581,Mouse,4741,65
559591,Mouse,3515,64
559641,Mouse,5519,66
559703,Mouse,5499,66
559752,Mouse,4476,65
559817,Mouse,5380,65
559892,Mouse,4186,64
559910,Mouse,4350,65
560015,Mouse,4114,64
560039,Mouse,3360,64
560102,Mouse,3215,64
560134,Mouse,3151,64
560140,Mouse,3764,64
560163,Mouse,4282,65
560172,Mouse,5712,66
560182,Mouse,3302,65
560192,Mouse,3554,64
560374,Mouse,5714,68
560380,Mouse,5255,65
560425,Mouse,5339,66
560448,Mouse,4836,65
560472,Mouse,5070,65
560490,Mouse,4822,68
560506,Mouse,5260,67
560529,Mouse,3774,67
560539,Mouse,4442,67
560603,Mouse,3293,65
560605,Mouse,4162,66
560618,Mouse,5084,70
560679,Mouse,4778,69
560800,Mouse,4834,65
560886,Mouse,4929,69
560909,Mouse,3592,66
560914,Mouse,4074,68
561113,Mouse,4764,96
561152,Mouse,4296,102
561179,Mouse,5430,113
561203,Mouse,4221,116
561249,Mouse,3249,116
561280,Mouse,5452,125
561283,Mouse,5469,127
561322,Mouse,3447,127
561326,Elephant,390512,1153
561337,Mouse,3559,123
561359,Mouse,5781,125
561405,Elephant,400045,1114
561469,Elephant,78298,542
561491,Mouse,5717,66
561574,Mouse,4958,65
561609,Mouse,3030,64
561630,Mouse,4587,68
561647,Mouse,4844,72
561696,Mouse,5064,76
561706,Elephant,43661,276
561715,Mouse,4234,64
561724,Mouse,3876,68
561752,Mouse,4326,66
561766,Mouse,4825,69
561777,Mouse,4181,68
561783,Mouse,4045,71
561933,Mouse,3963,64
561948,Mouse,5683,70
561999,Mouse,3882,72
562059,Mouse,3213,64
562124,Elephant,462666,1201
562206,Elephant,50565,290
562212,Mouse,3704,64
562235,Mouse,4288,68
562477,Mouse,4448,65
562481,Mouse,4526,66
562540,Mouse,3950,65
562566,Mouse,4021,64
562578,Elephant,106643,458
562606,Mouse,3195,64
562641,Mouse,3632,64
562654,Mouse,3122,64
562727,Mouse,3279,64
562819,Mouse,4150,64
562897,Mouse,5394,66
562933,Mouse,4565,65
562942,Mouse,4849,67
562944,Mouse,4279,66
562970,Mouse,3981,64
562979,Mouse,3198,64
563002,Mouse,4812,65
563099,Mouse,5484,66
563289,Mouse,4481,65
563334,Mouse,4000,65
563442,Mouse,3869,67
563659,Elephant,184283,633
563724,Mouse,3490,67
563733,Mouse,5338,68
563777,Mouse,5791,70
563805,Elephant,82465,407
563943,Mouse,3171,64
564015,Mouse,3182,64
564110,Mouse,4430,65
564191,Mouse,3926,64
564238,Mouse,3441,64
564270,Mouse,4187,64
564407,Mouse,4972,68
564409,Mouse,4242,68
564503,Mouse,3839,67
564525,Mouse,3433,64
564672,Mouse,4601,67
564710,Mouse,5795,66
564834,Mouse,4178,64
564846,Mouse,3324,68
564849,Mouse,4426,70
564854,Mouse,3301,70
564910,Mouse,4184,74
564969,Mouse,5522,66
565036,Mouse,3324,66
565053,Mouse,4006,64
565121,Mouse,4123,67
565190,Mouse,3591,65
565251,Elephant,305241,858
565565,Mouse,3237,71
565582,Elephant,77595,371
565601,Mouse,4133,70
565682,Mouse,4501,67
565698,Mouse,5619,70
565767,Mouse,4604,69
565884,Mouse,4335,69
565896,Mouse,3241,73
565936,Mouse,4412,72
565950,Mouse,4297,78
566016,Mouse,4639,84
566073,Mouse,4215,78
566189,Mouse,3249,81
566221,Mouse,5296,78
566280,Mouse,3450,87
566282,Elephant,431505,1097
566328,Mouse,5423,79
566432,Mouse,4849,66
566441,Mouse,4170,64
566475,Elephant,504363,1386
566534,Mouse,3934,64
566540,Mouse,3400,64
566549,Mouse,4351,66
566551,Mouse,4601,67
566579,Mouse,4170,65
566604,Mouse,4242,64
566621,Mouse,5658,68
566635,Mouse,3690,64
566642,Mouse,5327,65
566794,Mouse,3400,67
566869,Mouse,3770,67
566995,Elephant,100234,452
567001,Mouse,3581,64
567008,Mouse,4561,70
567100,Mouse,5822,68
567196,Mouse,3871,68
567220,Mouse,3518,64
567276,Elephant,306388,856
567332,Mouse,3275,65
567336,Mouse,5610,68
567406,Mouse,4198,64
567459,Mouse,5180,65
567482,Mouse,5339,65
567527,Mouse,5506,66
567547,Mouse,4032,64
567609,Mouse,4780,65
567893,Mouse,4934,69
568046,Mouse,4680,65
568060,Mouse,4524,70
568134,Mouse,3740,64
568425,Mouse,3455,97
568580,Elephant,463267,1151
568603,Mouse,4660,113
568666,Mouse,4542,94
568680,Mouse,4294,84
568721,Mouse,5139,86
569087,Elephant,363250,1223
569146,Mouse,5215,79
569171,Mouse,5769,89
569192,Mouse,4005,80
569219,Mouse,4015,87
569277,Elephant,362375,1158
569313,Mouse,3407,82
569341,Mouse,4865,71
569351,Mouse,3520,72
569367,Mouse,5737,79
569415,Mouse,3543,81
569418,Mouse,4836,82
569448,Mouse,3352,72
569478,Elephant,456264,1281
569485,Mouse,3271,71
569519,Mouse,3536,67
569586,Mouse,4858,66
569655,Mouse,5002,68
569687,Mouse,4024,68
569698,Elephant,126312,557
569835,Mouse,3514,66
569881,Elephant,55111,327
569895,Mouse,3851,69
569899,Elephant,90390,428
569978,Mouse,3679,64
570053,Mouse,4245,68
570068,Mouse,5324,67
570164,Mouse,3437,67
570192,Elephant,45916,288
570269,Mouse,5488,72
570275,Mouse,3531,74
570351,Mouse,4067,75
570482,Mouse,4694,82
570499,Mouse,4400,94
570560,Mouse,4342,100
570702,Mouse,5712,109
570833,Elephant,355875,1088
570836,Mouse,3771,129
571009,Mouse,3349,95
571021,Elephant,574641,1389
571035,Mouse,3622,82
571099,Mouse,3387,65
571176,Mouse,3993,67
571229,Mouse,4318,68
571497,Mouse,3827,67
571543,Mouse,3972,70
571546,Elephant,486079,1419
571617,Mouse,4944,70
571626,Mouse,5387,69
571808,Mouse,4868,69
571874,Elephant,397213,1181
571953,Mouse,3366,64
572144,Mouse,5350,65
572237,Mouse,4307,67
572254,Mouse,3952,67
572312,Mouse,5499,66
572350,Mouse,4600,69
572395,Mouse,3942,68
572478,Mouse,5106,68
572730,Elephant,591675,1202
572788,Mouse,5447,66
573021,Mouse,4442,65
573059,Mouse,4788,65
573108,Mouse,3359,64
573170,Mouse,3054,66
573188,Mouse,5443,66
573222,Mouse,4341,65
573292,Mouse,3816,64
573301,Mouse,4681,70
573375,Mouse,4280,65
573442,Mouse,3888,66
573640,Mouse,5700,67
573663,Mouse,3250,66
573688,Mouse,5334,70
573725,Mouse,4506,65
573736,Mouse,3088,69
573751,Mouse,3058,71
573772,Mouse,5047,71
573778,Mouse,3228,66
573782,Elephant,276250,806
574057,Mouse,3613,64
574155,Mouse,3598,64
574178,Mouse,5367,65
574215,Mouse,4058,67
574281,Mouse,4636,65
574407,Mouse,5144,65
574440,Mouse,3010,67
574454,Mouse,3638,64
574689,Mouse,3365,67
574889,Mouse,4805,78
574986,Mouse,3948,99
574995,Mouse,3641,103
574998,Elephant,466836,1114
575001,Mouse,5730,107
575009,Mouse,5784,95
575014,Mouse,3419,95
575051,Mouse,5783,93
575081,Mouse,4945,89
575088,Mouse,3877,85
575167,Mouse,4591,70
575183,Elephant,393672,1025
575191,Mouse,5539,66
575236,Mouse,3732,64
575244,Mouse,4457,67
575267,Mouse,5555,66
575293,Mouse,4044,71
575299,Mouse,3742,74
575356,Mouse,4939,65
575436,Mouse,4964,69
575454,Elephant,148221,622
575500,Mouse,5756,66
575579,Mouse,5439,66
575842,Mouse,5599,69
575888,Mouse,5219,70
575907,Mouse,4560,65
575949,Mouse,4178,65
576057,Mouse,4493,66
576124,Mouse,4067,64
576172,Mouse,4700,65
576298,Mouse,5345,73
576302,Mouse,3791,68
576316,Mouse,5082,71
576449,Mouse,4978,76
576540,Mouse,4727,91
576547,Mouse,4284,93
576584,Mouse,4472,96
576739,Elephant,354556,1012
576745,Mouse,3850,96
576795,Mouse,3607,71
576798,Mouse,5787,83
576827,Mouse,5563,82
576884,Mouse,4573,79
576990,Elephant,527782,1249
577020,Mouse,4284,69
577048,Mouse,4871,77
577106,Mouse,4817,78
577114,Mouse,5330,70
577326,Mouse,3616,73
577345,Mouse,4834,70
577429,Mouse,4603,70
577433,Elephant,428550,1312
577594,Mouse,3973,64
577662,Mouse,4620,68
577672,Mouse,4941,69
577687,Mouse,5036,65
577729,Mouse,3879,72
577796,Elephant,278176,826
577824,Mouse,3229,64
578097,Mouse,3217,64
578120,Mouse,3800,67
578154,Mouse,5719,66
578241,Mouse,4551,65
578283,Mouse,5438,68
578309,Mouse,3762,69
578317,Mouse,4689,72
578327,Mouse,4759,72
578425,Mouse,4693,65
578475,Mouse,5028,69
578496,Mouse,4612,77
578605,Mouse,3459,90
578654,Mouse,4828,98
578720,Mouse,3056,109
578781,Mouse,4948,115
578834,Elephant,191288,751
578895,Mouse,3922,114
578970,Mouse,3501,91
579036,Mouse,3115,93
579136,Mouse,3369,105
579221,Mouse,5693,128
579304,Elephant,536393,1466
579342,Mouse,3707,125
579358,Mouse,3417,134
579370,Mouse,5004,137
579428,Mouse,5167,119
579434,Elephant,407060,1365
579452,Mouse,3086,114
579478,Mouse,3028,102
579487,Mouse,4831,98
579585,Mouse,5475,71
579648,Mouse,5314,86
579655,Mouse,4006,88
579668,Mouse,5031,88
579673,Elephant,95016,648
579726,Mouse,4192,80
579764,Mouse,4591,84
579785,Mouse,4314,75
579794,Mouse,3568,80
579887,Mouse,5537,86
579946,Elephant,468713,1490
579950,Mouse,3133,72
580071,Mouse,3820,70
580081,Mouse,3627,70
580086,Elephant,296929,1045
580221,Mouse,3259,66
580283,Mouse,4590,74
580309,Mouse,4137,66
580457,Mouse,4376,72
580492,Mouse,3967,67
580542,Mouse,3079,70
580554,Mouse,3912,72
580569,Mouse,3018,72
580606,Mouse,5770,77
580626,Mouse,3129,74
580627,Elephant,227587,733
580643,Mouse,4786,68
580692,Elephant,202375,704
580737,Mouse,4643,65
580775,Mouse,5239,65
580844,Mouse,3330,64
580903,Mouse,4620,65
581014,Mouse,3899,64
581127,Mouse,3615,64
581302,Mouse,3630,64
581382,Mouse,5392,65
581449,Mouse,4890,69
581486,Mouse,4589,70
581500,Mouse,5797,77
581506,Mouse,3976,75
581685,Mouse,4421,69
581690,Mouse,3437,70
581720,Mouse,4560,67
581878,Elephant,271662,803
581975,Mouse,3984,64
581991,Mouse,5806,71
582005,Elephant,289669,918
582006,Mouse,4034,72
582148,Mouse,3299,64
582194,Mouse,3057,65
582198,Mouse,5798,67
582418,Mouse,5410,70
582423,Mouse,3337,71
582528,Mouse,5578,67
582654,Mouse,4889,74
582713,Mouse,3548,80
582763,Mouse,4355,86
582787,Mouse,4101,92
582827,Mouse,4744,99
582848,Mouse,5271,109
582916,Mouse,3354,122
582930,Elephant,302404,1305
583055,Mouse,5196,104
583189,Mouse,4186,124
583201,Mouse,3187,120
583279,Elephant,308919,1069
583317,Mouse,3060,120
583330,Elephant,346583,1229
583334,Mouse,4146,110
583337,Mouse,3545,104
583340,Mouse,3335,92
583366,Mouse,3862,91
583407,Mouse,3492,72
583523,Mouse,3004,72
583549,Mouse,5237,75
583622,Mouse,4090,85
583745,Mouse,5018,101
583843,Mouse,4411,111
583953,Mouse,3235,124
583986,Mouse,4788,133
584150,Mouse,3926,138
584177,Mouse,5439,147
584198,Mouse,3831,152
584234,Mouse,3479,161
584237,Mouse,5647,164
584291,Elephant,409900,1499
584309,Elephant,401759,1678
584328,Elephant,428255,1597
584330,Mouse,3110,125
584348,Mouse,5516,115
584387,Mouse,4093,64
584407,Elephant,108149,748
584433,Mouse,5624,66
584445,Mouse,5804,66
584653,Mouse,4795,65
584711,Mouse,5390,65
584741,Mouse,5585,66
584864,Mouse,5150,68
585070,Mouse,4610,65
585141,Mouse,4278,65
585184,Mouse,3771,64
585234,Mouse,4622,65
585402,Mouse,4790,65
585423,Mouse,3375,67
585430,Mouse,3094,70
585477,Mouse,4838,75
585495,Mouse,4054,70
585496,Mouse,5426,72
585501,Mouse,5292,71
585524,Elephant,231673,727
585666,Mouse,5646,66
585680,Mouse,4021,67
585746,Mouse,4078,64
585781,Mouse,3199,64
585803,Mouse,3860,67
585890,Mouse,3385,66
585939,Elephant,100583,468
586021,Mouse,3671,64
586099,Mouse,3551,64
586150,Mouse,4413,65
586162,Mouse,4805,70
586178,Mouse,4550,66
586222,Mouse,4966,66
586346,Elephant,147566,561
586360,Mouse,3832,64
586417,Mouse,5681,66
586459,Mouse,5482,66
586503,Mouse,3033,64
586508,Mouse,4225,64
586522,Mouse,3733,64
586527,Mouse,5411,66
586595,Mouse,3571,65
586599,Mouse,4766,68
586625,Mouse,4020,64
586634,Mouse,4516,65
586656,Mouse,4374,65
586680,Mouse,4823,66
586814,Mouse,3176,64
586821,Mouse,3077,64
586833,Mouse,3688,64
586935,Mouse,3273,64
586973,Mouse,3366,64
586988,Mouse,3291,64
587013,Mouse,5541,66
587033,Mouse,5058,66
587078,Mouse,3003,70
587101,Mouse,5586,70
587356,Mouse,3729,73
587416,Mouse,5234,74
587504,Elephant,162288,607
587541,Mouse,5266,74
587568,Elephant,147474,557
587580,Elephant,159814,602
587585,Mouse,5226,72
587592,Mouse,5511,66
587623,Mouse,5272,71
587665,Mouse,3439,64
587683,Mouse,5634,66
587843,Mouse,3462,64
587871,Mouse,3513,66
588017,Mouse,5245,69
588022,Mouse,5753,70
588081,Mouse,3359,64
588156,Mouse,5053,65
588199,Mouse,4059,65
588221,Mouse,3647,66
588382,Mouse,5249,65
588415,Mouse,3371,64
588447,Mouse,3935,68
588666,Mouse,3519,65
588667,Elephant,516959,1167
588731,Mouse,4595,65
588759,Mouse,3141,64
588804,Mouse,3145,64
588816,Mouse,5214,65
588831,Mouse,5094,68
588904,Mouse,3721,64
589025,Mouse,4560,66
589030,Mouse,5485,68
589086,Elephant,80218,405
589163,Mouse,5228,65
589169,Mouse,4937,65
589173,Mouse,4706,66
589203,Mouse,5124,74
589217,Mouse,4778,79
589229,Mouse,4941,68
589370,Mouse,3061,69
589398,Mouse,3451,73
589413,Elephant,231617,864
589418,Mouse,4885,69
589426,Mouse,5341,69
589610,Mouse,4958,69
589629,Mouse,3427,76
589694,Mouse,3022,80
589707,Mouse,4621,79
589861,Elephant,207503,724
589930,Elephant,80051,579
589932,Mouse,5730,75
590198,Elephant,520007,1166
590283,Mouse,4807,65
590448,Mouse,3375,72
590510,Mouse,3684,64
590539,Mouse,5572,74
590606,Mouse,3787,71
590667,Mouse,3033,78
590673,Mouse,5203,86
590852,Mouse,5436,92
590925,Mouse,3417,97
590969,Mouse,3097,112
591005,Elephant,150003,704
591063,Mouse,3368,91
591139,Mouse,5588,100
591150,Mouse,4633,107
591401,Mouse,3132,128
591445,Mouse,4047,136
591568,Elephant,539415,1591
591601,Mouse,4532,147
591769,Elephant,399486,1432
591815,Mouse,4482,109
591870,Mouse,4212,73
591913,Mouse,4007,83
591953,Mouse,3902,74
591960,Mouse,3795,68
591964,Mouse,4041,64
592165,Mouse,4411,68
592177,Mouse,4793,71
592275,Mouse,3630,78
592325,Mouse,5601,91
592366,Mouse,4433,101
592449,Mouse,4962,110
592526,Mouse,3424,117
592529,Elephant,474238,1485
592577,Mouse,5423,103
592636,Mouse,5616,82
592691,Mouse,5403,93
592756,Mouse,4345,101
592825,Mouse,4722,110
592862,Mouse,3008,112
592884,Mouse,3501,120
592937,Mouse,3444,129
592961,Mouse,3627,136
593139,Mouse,5469,152
593185,Mouse,3473,159
593207,Mouse,5488,166
593210,Mouse,5330,169
593220,Mouse,3033,172
593255,Mouse,4989,178
593356,Mouse,5818,201
593366,Mouse,4037,200
593413,Mouse,4604,203
593418,Elephant,318141,1349
593495,Elephant,427698,1557
593522,Mouse,3899,161
593587,Mouse,5438,120
593591,Elephant,425839,1606
593643,Elephant,102775,878
593707,Elephant,197155,1332
593749,Mouse,4542,69
593899,Mouse,3586,64
593918,Mouse,4248,67
593940,Mouse,3026,64
593990,Mouse,3632,64
594030,Mouse,4993,76
594033,Mouse,4573,75
594105,Elephant,57988,327
594115,Mouse,5447,71
594187,Mouse,3294,69
594267,Elephant,338613,1145
594304,Mouse,3393,69
594337,Mouse,3689,67
594508,Mouse,4865,69
594536,Mouse,4478,70
594540,Mouse,4832,66
594543,Mouse,3321,64
594575,Mouse,5821,75
594587,Mouse,3904,66
594697,Mouse,3237,66
594799,Mouse,4300,73
594817,Mouse,3368,77
594844,Mouse,3016,75
594961,Elephant,327839,908
594962,Mouse,3488,73
594967,Mouse,5387,73
595015,Mouse,5505,66
595030,Mouse,5048,70
595035,Mouse,3876,72
595068,Mouse,4040,67
595140,Mouse,5598,70
595231,Mouse,4414,65
595254,Mouse,3728,67
595258,Elephant,511155,1147
595266,Mouse,3117,64
595322,Mouse,4867,65
595393,Mouse,3607,64
595502,Mouse,4054,64
595512,Mouse,5234,65
595568,Mouse,4979,65
595666,Mouse,4570,65
595683,Mouse,5128,65
595706,Mouse,4839,65
595738,Mouse,3362,64
595793,Mouse,4182,64
596041,Mouse,4407,65
596081,Mouse,4863,69
596241,Mouse,3014,66
596265,Mouse,3437,77
596310,Mouse,5416,76
596366,Mouse,3476,64
596407,Mouse,3726,66
596487,Elephant,283755,827
596506,Mouse,4907,68
596530,Mouse,5070,73
596533,Mouse,3882,66
596561,Mouse,3789,65
596592,Mouse,5108,69
596598,Elephant,63111,332
596627,Mouse,5834,66
596663,Mouse,4038,64
596719,Mouse,3835,64
596793,Mouse,3651,64
597018,Mouse,4254,68
597031,Mouse,4957,70
597042,Mouse,4909,69
597117,Mouse,3127,73
597163,Mouse,4568,77
597433,Elephant,127202,568
597495,Mouse,3912,86
597533,Elephant,594750,1396
597553,Mouse,5093,73
597620,Mouse,5624,70
597665,Mouse,4999,74
597672,Mouse,3565,77
597773,Mouse,3572,65
597838,Mouse,4594,66
597952,Mouse,5372,69
597963,Mouse,5332,74
598043,Elephant,489810,1267
598058,Mouse,3322,64
598104,Mouse,5349,66
598148,Mouse,3652,65
598180,Mouse,3194,64
598187,Mouse,4307,65
598201,Mouse,4622,65
598235,Mouse,3902,64
598257,Mouse,3918,64
598335,Mouse,5491,66
598399,Mouse,4937,65
598407,Mouse,4975,66
598409,Mouse,4179,66
598478,Mouse,3730,64
598511,Mouse,3728,64
598542,Mouse,5151,65
598646,Mouse,3108,64
598699,Mouse,4424,65
598830,Mouse,4838,65
598883,Mouse,3840,64
598901,Mouse,4824,65
598964,Mouse,5478,66
599022,Mouse,4311,67
599022,Mouse,3098,66
599025,Mouse,3084,67
599029,Mouse,4606,67
599067,Mouse,3131,68
599070,Mouse,4725,70
599092,Mouse,3059,64
599193,Mouse,4221,65
599217,Mouse,4351,65
599239,Mouse,3506,64
599329,Mouse,4664,65
599366,Mouse,3062,64
599413,Mouse,4373,65
599441,Mouse,3718,64
599446,Mouse,5608,66
599450,Mouse,3430,64
599496,Mouse,3102,64
599542,Mouse,3582,67
599545,Mouse,5345,68
599598,Mouse,5541,66
599621,Mouse,3822,64
599637,Mouse,5203,65
599693,Mouse,5182,65
599779,Mouse,4625,65
599791,Mouse,3644,64
599843,Mouse,4142,64
599950,Mouse,5101,65
600063,Mouse,4080,64
600274,Mouse,4129,64
600307,Mouse,3957,64
600344,Mouse,3420,64
600406,Mouse,4449,65
600426,Mouse,5042,65
600493,Mouse,4644,67
600702,Mouse,5745,73
600904,Mouse,4846,79
600955,Mouse,4287,84
600966,Mouse,5441,91
601080,Elephant,183254,703
601231,Mouse,3449,80
601284,Mouse,4580,93
601302,Mouse,3258,97
601353,Elephant,293345,937
601370,Elephant,253450,872
601401,Mouse,4512,88
601414,Mouse,3462,84
601421,Mouse,3920,75
601479,Mouse,3647,70
601489,Mouse,3852,64
601502,Mouse,5527,68
601513,Elephant,152865,747
601526,Mouse,4705,65
601555,Mouse,3647,66
601653,Mouse,4431,65
601657,Mouse,5165,66
601847,Mouse,3340,66
601900,Mouse,4403,72
601989,Mouse,3783,66
602005,Elephant,51326,296
602210,Mouse,4166,72
602267,Mouse,4921,65
602361,Mouse,4239,78
602408,Elephant,557887,1250
602439,Mouse,5182,78
602488,Mouse,4910,66
602503,Mouse,4643,65
602558,Mouse,3564,71
602642,Elephant,84045,428
602677,Mouse,3243,64
602757,Elephant,219082,720
603052,Elephant,61194,325
603078,Mouse,3954,64
603265,Mouse,5547,66
603294,Mouse,3599,66
603296,Mouse,5183,68
603304,Mouse,4075,64
603337,Mouse,5189,67
603349,Mouse,4585,65
603413,Mouse,3513,65
603504,Mouse,3465,64
603535,Mouse,5441,68
603554,Mouse,5492,72
603559,Mouse,5389,70
603645,Mouse,4375,74
603696,Elephant,47361,279
603813,Mouse,5748,72
603887,Mouse,3391,67
603897,Mouse,5516,68
603968,Mouse,3012,66
604060,Elephant,149185,590
604224,Elephant,415302,1011
604352,Mouse,3857,64
604429,Mouse,4295,65
604455,Mouse,4202,65
604633,Mouse,5172,69
604637,Mouse,3929,64
604978,Mouse,4111,67
605101,Mouse,4235,68
605198,Mouse,4276,67
605283,Mouse,4983,80
605315,Mouse,4991,77
605326,Mouse,3072,81
605400,Mouse,5115,89
605436,Mouse,5638,93
605523,Mouse,3869,102
605534,Mouse,4203,104
605540,Elephant,550436,1327
605547,Mouse,5204,107
605575,Mouse,5639,109
605588,Mouse,4531,92
605596,Mouse,5148,94
605620,Elephant,183166,731
605625,Mouse,3023,99
605632,Mouse,3678,83
605634,Mouse,4263,86
605689,Mouse,3282,65
605743,Mouse,3928,67
605785,Mouse,3470,67
605802,Mouse,3310,66
605826,Mouse,4621,68
605915,Mouse,5140,69
605944,Elephant,354557,1013
605991,Mouse,3857,68
606050,Mouse,4566,65
606076,Mouse,3839,67
606088,Mouse,3313,68
606122,Elephant,146370,561
606159,Mouse,4178,64
606185,Mouse,4628,65
606218,Mouse,3121,66
606261,Mouse,5819,72
606295,Elephant,78982,412
606344,Mouse,3606,64
606387,Mouse,3581,67
606508,Mouse,3877,64
606537,Mouse,5083,65
606818,Elephant,113605,494
606876,Mouse,3974,67
606878,Mouse,5209,69
606886,Mouse,3342,67
606928,Mouse,5754,72
607041,Mouse,4088,64
607120,Mouse,5536,66
607232,Mouse,4626,71
607232,Mouse,3340,71
607256,Mouse,3107,64
607310,Mouse,5670,67
607338,Mouse,5004,65
607428,Mouse,3819,64
607786,Mouse,5009,80
607804,Mouse,4438,68
607904,Mouse,5301,73
607956,Mouse,5600,81
607998,Mouse,4916,95
608009,Elephant,495075,1235
608033,Mouse,5749,95
608085,Mouse,4683,79
608131,Mouse,3903,76
608218,Mouse,3760,90
608276,Elephant,30283,248
608279,Mouse,3417,99
608283,Mouse,5050,101
608288,Mouse,3466,104
608346,Mouse,4441,113
608364,Mouse,3533,113
608384,Mouse,4005,118
608389,Elephant,164900,733
608416,Mouse,3264,111
608483,Mouse,4337,94
608520,Mouse,3483,86
608542,Elephant,115103,662
608562,Elephant,242486,917
608683,Mouse,5132,69
608734,Mouse,4689,73
608798,Mouse,4744,65
608918,Mouse,4446,70
608968,Elephant,429227,1206
609003,Mouse,4500,65
609042,Mouse,4723,65
609086,Mouse,3742,65
609123,Mouse,3889,64
609242,Mouse,3930,64
609281,Mouse,3625,64
609329,Mouse,3502,64
609424,Mouse,4298,65
609614,Mouse,4840,65
609661,Mouse,5003,65
609697,Mouse,3855,64
609772,Mouse,3969,67
609807,Mouse,4490,65
609925,Mouse,5486,74
609933,Mouse,3483,76
609966,Mouse,4408,68
610075,Mouse,4983,71
610153,Mouse,4246,77
610363,Mouse,3896,92
610372,Mouse,5316,97
610481,Elephant,156415,731
610487,Mouse,4495,114
610501,Elephant,510228,1224
610510,Mouse,3053,98
610564,Mouse,3653,81
610569,Mouse,3723,78
610582,Mouse,3859,73
610586,Mouse,3875,75
610634,Mouse,4566,67
610668,Mouse,4955,70
610674,Mouse,3827,71
610743,Mouse,3679,74
610814,Mouse,3431,73
610913,Mouse,3991,81
610958,Mouse,4402,98
610965,Mouse,4381,101
610990,Mouse,3584,104
611018,Mouse,5066,113
611037,Mouse,4522,118
611076,Mouse,3434,125
611082,Mouse,4097,122
611113,Mouse,3314,120
611174,Mouse,4700,126
611234,Elephant,109240,625
611307,Mouse,3352,120
611318,Mouse,3996,120
611343,Mouse,4495,126
611358,Mouse,5213,129
611558,Mouse,3461,126
611564,Mouse,3711,128
611585,Mouse,4668,129
611603,Elephant,574628,1602
611692,Elephant,555603,1635
611728,Mouse,3461,68
611735,Mouse,5772,70
611809,Mouse,4071,64
611879,Mouse,3499,67
612030,Mouse,5664,67
612033,Mouse,5122,68
612068,Mouse,4115,64
612075,Mouse,5560,67
612196,Mouse,5468,73
612202,Mouse,5077,75
612247,Mouse,3754,79
612316,Mouse,5398,77
612345,Elephant,554594,1475
612421,Mouse,3101,64
612636,Mouse,3254,67
612700,Elephant,106652,476
612799,Mouse,5453,68
612855,Elephant,291711,883
612887,Mouse,3789,64
613020,Mouse,5423,69
613054,Mouse,3933,67
613225,Mouse,4023,68
613283,Mouse,3392,70
613390,Mouse,5121,86
613447,Mouse,5089,95
613478,Elephant,147679,608
613530,Mouse,3320,84
613552,Mouse,4884,93
613566,Mouse,3475,91
613581,Mouse,5315,84
613610,Mouse,3320,87
613623,Mouse,5776,95
613648,Mouse,4962,104
613665,Elephant,362850,1419
613702,Mouse,3626,101
613714,Mouse,3231,94
613732,Elephant,438086,1133
613752,Mouse,4886,83
613870,Mouse,3495,67
613882,Mouse,4861,68
613893,Mouse,4027,64
614010,Mouse,4915,66
614052,Mouse,3715,68
614088,Elephant,125338,553
614209,Mouse,3162,64
614213,Mouse,5079,66
614218,Mouse,3857,64
614324,Elephant,233429,775
614353,Mouse,4156,64
614396,Mouse,4999,65
614497,Mouse,5181,65
614521,Mouse,3910,64
614569,Mouse,5067,65
614626,Mouse,3801,64
614681,Mouse,4681,65
614704,Mouse,5365,65
614714,Mouse,4833,65
614749,Mouse,3316,64
614787,Mouse,3158,64
614881,Mouse,5717,66
615010,Mouse,3131,64
615021,Mouse,3498,64
615061,Mouse,3859,64
615098,Mouse,3829,64
615120,Mouse,4538,69
615126,Mouse,5396,72
615139,Mouse,4476,76
615150,Mouse,4670,65
615315,Mouse,3080,67
615366,Mouse,5715,66
615372,Mouse,3894,64
615378,Mouse,3582,66
615427,Mouse,3964,66
615497,Mouse,3772,65
615528,Mouse,3771,70
615545,Mouse,3827,69
615645,Elephant,398717,977
615658,Mouse,5331,69
615690,Mouse,3726,64
615693,Mouse,3767,64
615881,Mouse,4896,66
615920,Mouse,5599,70
615939,Mouse,5087,65
616004,Mouse,4738,67
616016,Mouse,5456,70
616143,Mouse,4010,67
616274,Mouse,3060,71
616289,Mouse,4477,73
616322,Mouse,5304,73
616328,Elephant,343365,913
616410,Mouse,5018,68
616454,Mouse,3033,66
616467,Mouse,4396,65
616472,Mouse,5548,66
616500,Mouse,3702,65
616599,Mouse,3372,64
616699,Mouse,3393,67
616706,Mouse,3884,72
616712,Mouse,3873,73
616721,Mouse,4952,80
616742,Mouse,4738,69
616752,Mouse,3364,72
616943,Mouse,3755,67
616964,Mouse,4384,74
617006,Mouse,4001,71
617106,Mouse,3380,74
617177,Mouse,3065,82
617307,Elephant,354152,1000
617317,Mouse,5173,91
617344,Elephant,510869,1185
617355,Mouse,4625,76
617384,Mouse,3989,65
617391,Mouse,3572,64
617441,Mouse,5214,65
617493,Mouse,4194,68
617591,Mouse,4838,65
617638,Mouse,5235,65
617701,Mouse,5804,72
617763,Mouse,5216,71
617805,Mouse,5483,69
617815,Mouse,4804,69
617890,Mouse,3910,71
617988,Mouse,4155,84
617996,Mouse,4710,87
617998,Mouse,4042,85
618009,Mouse,4131,85
618024,Mouse,5109,94
618118,Mouse,3281,97
618137,Mouse,3213,92
618224,Mouse,3869,110
618243,Elephant,168711,700
618323,Mouse,5250,108
618382,Mouse,5638,101
618401,Mouse,4612,107
618448,Elephant,352781,1153
618461,Mouse,5796,116
618466,Elephant,284025,976
618469,Mouse,3145,108
618579,Mouse,3417,74
618638,Mouse,4547,78
618725,Mouse,4836,70
618769,Mouse,3807,70
618824,Elephant,150829,705
618876,Mouse,5376,65
619090,Mouse,4417,74
619104,Mouse,5693,80
619127,Mouse,3301,79
619251,Elephant,441316,1358
619346,Mouse,3689,67
619378,Mouse,3864,69
619379,Mouse,3838,69
619454,Mouse,3073,66
619487,Mouse,3632,69
619497,Mouse,3644,66
619523,Elephant,467289,1145
619634,Mouse,3331,64
619704,Mouse,3705,64
619763,Mouse,4875,65
619784,Mouse,3782,64
619793,Mouse,4254,64
619862,Mouse,3469,64
619879,Mouse,4891,65
619929,Mouse,3717,64
619959,Mouse,3087,64
619973,Mouse,5714,66
620054,Mouse,4381,67
620056,Mouse,4891,68
620091,Mouse,5043,65
620149,Mouse,5705,66
620172,Mouse,4288,65
620177,Mouse,3810,64
620193,Mouse,3239,64
620220,Mouse,3347,64
620249,Mouse,5123,65
620257,Mouse,5405,65
620330,Mouse,3241,64
620341,Mouse,3849,64
620358,Mouse,3756,64
620363,Mouse,3750,67
620474,Mouse,4611,68
620475,Mouse,5585,70
620479,Mouse,4296,69
620498,Mouse,3874,67
620536,Mouse,5335,70
620674,Mouse,4925,70
620744,Mouse,4729,79
620778,Mouse,3677,73
620886,Mouse,3364,69
620905,Mouse,5208,76
620939,Mouse,4101,84
620964,Mouse,5032,89
620969,Mouse,4430,95
621207,Elephant,95523,588
621259,Mouse,5431,132
621441,Mouse,5339,147
621557,Mouse,5617,172
621593,Mouse,4590,179
621661,Mouse,4453,195
621669,Mouse,5659,198
621675,Mouse,4416,204
621697,Elephant,494558,1486
621706,Mouse,4690,205
621786,Mouse,4049,219
621840,Mouse,4036,210
621892,Mouse,4999,213
621995,Mouse,3178,200
621995,Mouse,4624,199
622020,Mouse,4461,203
622053,Mouse,3004,200
622168,Elephant,275480,1477
622272,Mouse,5620,198
622288,Mouse,4387,201
622324,Mouse,5650,216
622453,Elephant,505120,1980
622558,Mouse,3301,192
622664,Mouse,3424,187
622818,Mouse,3560,213
622924,Mouse,4009,220
623060,Mouse,5106,244
623066,Elephant,284283,2162
623129,Mouse,5246,239
623240,Mouse,3866,225
623245,Elephant,65807,1021
623342,Mouse,3525,224
623383,Mouse,4265,219
623487,Mouse,4521,237
623567,Elephant,77710,1085
623587,Mouse,4167,247
623679,Elephant,263082,2238
623765,Elephant,537817,2830
623794,Mouse,3085,239
623874,Mouse,4798,205
623878,Elephant,345061,2437
623893,Mouse,4699,169
623921,Elephant,463920,2727
623940,Mouse,3246,132
623968,Mouse,4985,112
623981,Mouse,5168,84
624052,Mouse,3048,77
624122,Mouse,3971,74
624176,Mouse,3804,80
624226,Mouse,3581,91
624245,Mouse,3489,93
624272,Mouse,3011,98
624319,Mouse,4029,105
624331,Mouse,4952,115
624439,Mouse,3728,111
624461,Mouse,3681,102
624547,Elephant,572608,3042
624589,Mouse,3613,83
624619,Elephant,238891,1336
624623,Mouse,4117,76
624719,Mouse,4072,67
624737,Mouse,5238,70
624808,Elephant,389302,1774
624846,Mouse,5721,66
625033,Mouse,3019,64
625084,Mouse,3569,64
625178,Mouse,4782,65
625198,Mouse,5369,65
625212,Mouse,4584,70
625310,Mouse,5603,66
625387,Mouse,5814,71
625458,Mouse,5367,65
625495,Mouse,3368,64
625554,Mouse,3412,67
625559,Elephant,140735,546
625617,Mouse,5737,66
625642,Mouse,5669,66
625671,Mouse,4275,65
625770,Mouse,5004,65
625788,Mouse,3360,64
625902,Mouse,4354,65
625938,Mouse,5243,65
625948,Mouse,3746,64
625993,Mouse,3250,64
626031,Mouse,4039,64
626076,Mouse,4432,65
626101,Mouse,3450,67
626125,Mouse,3210,65
626157,Mouse,3961,72
626196,Mouse,4761,70
626683,Mouse,3397,114
626734,Mouse,4373,124
626764,Mouse,3530,134
626848,Elephant,270194,1041
626863,Elephant,575532,1349
626866,Mouse,3756,137
626909,Mouse,5213,97
627001,Mouse,5735,78
627024,Mouse,5135,76
627043,Mouse,5592,84
627082,Mouse,3790,82
627153,Mouse,5481,79
627271,Mouse,4647,94
627345,Mouse,5090,105
627352,Elephant,283253,1023
627387,Mouse,4680,104
627388,Mouse,4025,111
627513,Elephant,252183,997
627613,Mouse,3532,68
627617,Mouse,5647,71
627650,Mouse,5206,80
627681,Mouse,4650,83
627769,Mouse,3746,78
627788,Mouse,3705,81
627814,Mouse,3793,84
627921,Mouse,5597,82
627948,Mouse,5164,89
628028,Elephant,179418,754
628140,Mouse,3392,67
628146,Mouse,3995,71
628161,Elephant,599216,1683
628260,Elephant,248583,846
628328,Mouse,3194,64
628377,Elephant,45890,292
628396,Mouse,4708,65
628479,Mouse,5557,66
628512,Mouse,3641,67
628593,Mouse,3027,66
628720,Elephant,132129,540
628787,Mouse,3560,64
628829,Mouse,3364,65
628894,Mouse,5227,69
628933,Mouse,4665,69
628959,Mouse,5107,65
629024,Mouse,4931,68
629163,Mouse,4668,69
629213,Mouse,4734,76
629214,Mouse,5637,70
629217,Mouse,3291,68
629344,Mouse,5362,65
629396,Elephant,30830,195
629401,Mouse,5383,67
629523,Mouse,4683,66
629524,Mouse,3274,66
629545,Mouse,5553,70
629569,Mouse,3724,66
629606,Mouse,4001,67
629641,Elephant,411156,990
629751,Mouse,4092,64
629822,Mouse,5286,65
629889,Elephant,47683,283
629917,Mouse,4493,65
630079,Mouse,4745,65
630084,Mouse,5705,66
630157,Mouse,3262,64
630248,Mouse,5479,66
630292,Mouse,3060,64
630402,Mouse,4417,65
630614,Mouse,4342,65
630753,Mouse,4358,69
630897,Mouse,5658,69
630898,Mouse,5675,70
630980,Mouse,3011,69
631002,Mouse,3184,70
631077,Mouse,4129,70
631274,Mouse,4675,80
631315,Mouse,4229,86
631355,Mouse,3239,100
631383,Mouse,4394,106
631420,Mouse,5458,115
631442,Mouse,3939,119
631448,Mouse,5735,120
631468,Elephant,569209,1276
631517,Mouse,3539,98
631528,Mouse,3229,87
631538,Mouse,4183,70
631553,Mouse,3749,72
631576,Mouse,5437,77
631657,Mouse,4307,85
631720,Mouse,4632,82
631730,Mouse,3735,77
631835,Mouse,4713,80
631841,Elephant,465858,1243
631856,Mouse,5259,72
631954,Mouse,5674,70
632010,Mouse,4400,77
632022,Mouse,3020,74
632171,Mouse,5240,72
632198,Mouse,5136,75
632226,Elephant,342231,1030
632354,Mouse,4708,65
632364,Mouse,4699,70
632396,Mouse,5738,66
632451,Mouse,5765,70
632452,Mouse,3179,68
632464,Mouse,4391,72
632521,Mouse,3581,75
632529,Mouse,3802,72
632560,Mouse,5299,70
632584,Mouse,3969,65
632615,Mouse,3936,69
632680,Elephant,540790,1206
632769,Mouse,5714,66
632773,Mouse,4323,65
632844,Mouse,3530,64
632854,Mouse,4553,65
632957,Mouse,3102,64
632962,Mouse,3987,64
632984,Mouse,5087,65
633040,Mouse,5332,65
633058,Mouse,5506,66
633110,Mouse,3113,64
633455,Mouse,3982,64
633461,Mouse,4813,65
633507,Mouse,3999,64
633528,Mouse,5228,65
633563,Mouse,4627,65
633643,Mouse,3406,64
633648,Mouse,3764,64
633679,Mouse,5144,65
633720,Mouse,3190,67
633754,Mouse,4281,69
633766,Mouse,3805,64
633834,Mouse,5120,68
633857,Mouse,4376,65
634031,Mouse,3252,64
634120,Mouse,4383,66
634160,Mouse,4128,68
634206,Mouse,5800,77
634236,Mouse,4374,74
634273,Mouse,5064,84
634503,Mouse,3492,106
634610,Mouse,5626,123
634642,Mouse,3358,128
634657,Mouse,4859,131
634666,Mouse,4978,136
634738,Elephant,449534,1217
634798,Mouse,5182,137
634841,Elephant,449230,1250
634936,Mouse,5721,70
634972,Mouse,5444,74
635014,Elephant,193913,892
635031,Mouse,3353,64
635085,Mouse,3126,67
635159,Mouse,4630,65
635204,Mouse,4067,67
635323,Elephant,290738,1044
635491,Mouse,5721,69
635823,Elephant,473795,1212
635834,Mouse,3247,68
635938,Mouse,5420,69
635951,Mouse,3478,65
636095,Mouse,3039,66
636125,Mouse,5333,70
636259,Mouse,5051,70
636325,Elephant,483039,1132
636406,Mouse,4857,65
636447,Mouse,3472,67
636702,Mouse,3524,67
636721,Mouse,3157,65
636742,Mouse,4373,69
636748,Elephant,358161,1005
636775,Mouse,3481,65
636824,Mouse,3539,64
636985,Mouse,3497,64
637058,Mouse,4668,65
637097,Mouse,4193,68
637252,Mouse,4270,65
637292,Mouse,3757,65
637325,Mouse,5172,75
637336,Elephant,51770,295
637347,Mouse,5311,76
637412,Mouse,3830,77
637463,Mouse,5274,75
637520,Mouse,3141,72
637642,Mouse,5747,80
637746,Mouse,5692,95
637800,Mouse,4218,100
637843,Elephant,265363,855
637921,Elephant,374889,1027
638040,Mouse,4110,67
638101,Elephant,247665,923
638115,Mouse,4733,65
638144,Mouse,3566,64
638148,Mouse,4482,65
638226,Mouse,5154,65
638271,Mouse,3723,65
638282,Mouse,4113,64
638303,Mouse,4467,65
638311,Mouse,5646,66
638317,Mouse,5620,67
638337,Mouse,3519,64
638522,Mouse,5292,65
638562,Mouse,5409,65
638591,Mouse,4772,65
638600,Mouse,5464,66
638763,Mouse,4069,67
638874,Mouse,5634,66
638906,Mouse,5510,72
638907,Mouse,3734,71
638946,Mouse,3830,69
638958,Mouse,3081,64
638965,Mouse,5266,65
639047,Mouse,3329,64
639081,Mouse,4107,70
639152,Mouse,4391,70
639243,Elephant,303873,853
639376,Mouse,4181,68
639397,Mouse,3024,67
639412,Mouse,4101,68
639463,Mouse,4207,71
639541,Mouse,5370,81
639547,Mouse,4737,78
639781,Mouse,4426,103
639782,Mouse,3557,103
639801,Elephant,288002,892
639814,Mouse,3804,105
639849,Mouse,5508,109
639884,Mouse,5608,99
639976,Mouse,3460,89
640037,Mouse,4354,91
640073,Mouse,5644,97
640167,Mouse,3118,105
640185,Mouse,3434,110
640237,Mouse,4353,115
640344,Mouse,4937,125
640347,Mouse,5298,127
640393,Mouse,4754,131
640410,Elephant,411244,1261
640425,Elephant,194335,926
640429,Mouse,5429,106
640474,Mouse,3773,66
640533,Mouse,5302,68
640569,Mouse,4881,66
640576,Mouse,3542,67
640634,Elephant,550597,1439
640650,Mouse,3501,64
640687,Mouse,3215,64
640705,Mouse,5349,65
640731,Mouse,5113,70
640736,Mouse,5765,69
640779,Mouse,4927,69
640860,Mouse,3130,64
640897,Mouse,3502,67
640938,Mouse,3182,66
640949,Mouse,3533,67
640995,Mouse,5152,66
641018,Mouse,5509,66
641025,Mouse,5179,66
641057,Mouse,3107,64
641094,Mouse,3530,64
641184,Mouse,4360,65
641396,Mouse,3447,71
641431,Mouse,3683,70
641500,Elephant,327606,884
641628,Mouse,5450,69
641633,Elephant,73379,374
641747,Mouse,5007,77
641821,Mouse,5344,73
641871,Mouse,5778,73
641903,Mouse,4474,77
641915,Elephant,40086,253
642042,Mouse,3111,75
642051,Mouse,4653,81
642113,Mouse,4572,75
642149,Mouse,3739,74
642169,Mouse,5278,80
642223,Mouse,4490,94
642256,Mouse,5712,99
642272,Mouse,3510,101
642275,Mouse,3666,101
642302,Elephant,162336,716
642348,Mouse,3690,102
642350,Mouse,4838,103
642394,Mouse,4830,91
642497,Mouse,3197,91
642515,Mouse,4761,94
642522,Elephant,558131,1297
642525,Mouse,5768,101
642588,Mouse,3650,106
642604,Mouse,4169,104
642612,Mouse,4051,105
642633,Elephant,201136,817
642684,Mouse,3351,77
642687,Mouse,4342,75
642767,Mouse,5295,66
642887,Mouse,4242,68
642922,Mouse,4385,71
643033,Mouse,3283,69
643070,Mouse,4611,71
643110,Mouse,4928,78
643177,Mouse,4795,86
643303,Elephant,257237,873
643364,Mouse,3361,73
643446,Mouse,4315,72
643453,Elephant,392259,1112
643522,Mouse,3109,67
643576,Mouse,3492,68
643691,Mouse,4777,67
643721,Mouse,4313,66
643821,Mouse,4090,67
643852,Mouse,5389,76
643895,Elephant,354279,1067
643912,Mouse,4908,70
643959,Mouse,4354,73
644023,Mouse,5241,67
644078,Mouse,4279,68
644091,Mouse,4762,69
644118,Mouse,5696,68
644192,Mouse,4504,70
644228,Mouse,4058,71
644242,Mouse,3422,71
644267,Mouse,5002,76
644291,Mouse,5382,72
644328,Mouse,3717,80
644389,Mouse,3157,78
644407,Mouse,3913,78
644416,Mouse,4246,82
644489,Mouse,3787,88
644512,Mouse,4597,94
644572,Mouse,5023,99
644612,Elephant,597620,1306
644646,Mouse,4876,91
644676,Mouse,4650,84
644733,Mouse,5555,75
644763,Mouse,4849,68
644876,Mouse,3775,72
645018,Mouse,5645,99
645027,Mouse,4710,102
645049,Mouse,3581,107
645132,Mouse,3769,118
645204,Mouse,3860,117
645228,Mouse,3624,122
645245,Elephant,73440,505
645253,Mouse,3181,122
645263,Mouse,3033,131
645263,Mouse,3269,130
645344,Mouse,3305,138
645424,Mouse,4407,145
645437,Mouse,3900,144
645464,Elephant,394683,1285
645596,Mouse,5152,112
645597,Mouse,5519,112
645631,Mouse,3705,114
645644,Elephant,591495,1592
645697,Mouse,4617,94
645725,Elephant,170069,907
645747,Mouse,3415,71
645785,Mouse,5376,71
645842,Mouse,5444,66
645880,Mouse,5291,70
645943,Mouse,5761,74
646134,Mouse,4533,83
646141,Mouse,4057,86
646143,Elephant,220262,952
646204,Mouse,5300,68
646329,Mouse,3227,70
646394,Mouse,3754,72
646423,Mouse,4903,81
646486,Mouse,4195,87
646516,Mouse,3470,88
646602,Elephant,497664,1451
646645,Elephant,241701,825
646692,Mouse,4617,65
646709,Mouse,5217,65
647031,Mouse,4669,70
647059,Mouse,4874,65
647084,Elephant,237417,823
647166,Mouse,5360,65
647225,Mouse,4950,65
647253,Mouse,3315,64
647294,Mouse,5562,66
647401,Mouse,5575,66
647404,Mouse,4437,65
647426,Mouse,3435,64
647459,Mouse,5172,70
647486,Mouse,3083,67
647549,Mouse,5567,68
647574,Mouse,3555,65
647602,Mouse,4701,73
647670,Mouse,4992,68
647674,Mouse,5538,69
647722,Mouse,3138,67
647876,Mouse,4802,79
648016,Mouse,3738,86
648060,Mouse,5386,95
648125,Mouse,5292,104
648142,Mouse,3231,104
648145,Elephant,419309,1098
648281,Elephant,292791,908
648291,Mouse,4235,70
648309,Mouse,5564,71
648314,Mouse,5040,67
648324,Mouse,5156,65
648442,Mouse,3435,64
648677,Mouse,5014,69
648710,Mouse,3583,64
648840,Mouse,4100,64
648859,Elephant,539766,1238
648896,Mouse,5445,67
648902,Mouse,5737,67
648933,Mouse,5814,66
648936,Mouse,3091,64
648957,Mouse,4107,64
649062,Mouse,5283,65
649096,Mouse,3263,64
649160,Mouse,3562,64
649164,Mouse,3789,64
649188,Mouse,4860,65
649416,Mouse,5584,66
649445,Mouse,5423,69
649453,Mouse,5349,71
649555,Mouse,4605,65
649664,Mouse,5111,70
649887,Mouse,3055,66
649907,Mouse,4909,68
649924,Mouse,4412,72
649959,Mouse,3856,73
650054,Mouse,5428,66
650072,Mouse,4207,68
650155,Mouse,5374,70
650157,Elephant,564814,1217
650249,Mouse,5545,66
650262,Mouse,5629,66
650302,Mouse,4083,64
650355,Mouse,3937,64
650448,Mouse,3534,64
650458,Mouse,3370,64
650463,Mouse,3064,64
650550,Mouse,5480,66
650585,Mouse,3558,64
650616,Mouse,5009,65
650644,Elephant,45485,278
650701,Mouse,3482,64
650705,Mouse,5012,65
650851,Mouse,4450,65
650877,Mouse,3719,64
650917,Mouse,3407,64
650956,Mouse,5444,66
650992,Mouse,3937,64
651055,Mouse,5812,66
651171,Mouse,3112,64
651207,Mouse,4424,65
651273,Mouse,3296,64
651310,Mouse,5337,65
651330,Mouse,5593,67
651332,Mouse,3663,66
651345,Mouse,3749,64
651400,Mouse,5093,65
651466,Mouse,4900,65
651544,Mouse,3934,64
651548,Mouse,4819,65
651597,Mouse,5304,70
651647,Mouse,5112,67
651681,Mouse,3173,66
651696,Mouse,3921,64
651940,Mouse,3754,65
651973,Mouse,3382,64
651994,Mouse,4317,69
652074,Mouse,5058,68
652138,Mouse,4581,69
652223,Mouse,5817,70
652278,Elephant,233681,725
652352,Mouse,4508,65
652434,Mouse,3724,71
652504,Mouse,4079,65
652580,Mouse,5789,68
652584,Elephant,58321,325
652630,Mouse,5565,73
652655,Mouse,3135,67
652693,Mouse,4704,69
652713,Mouse,5443,71
652752,Mouse,4099,70
652817,Mouse,4269,67
652832,Elephant,578619,1307
652832,Mouse,3577,67
652878,Mouse,3500,66
652881,Mouse,5320,67
652934,Mouse,3902,67
652953,Mouse,3898,64
652985,Mouse,3703,69
652987,Mouse,5509,71
653003,Mouse,4318,65
653051,Mouse,4101,64
653157,Mouse,3458,66
653190,Mouse,4777,67
653198,Mouse,3335,69
653298,Mouse,4959,70
653323,Mouse,5780,69
653512,Elephant,40838,289
653529,Mouse,5356,70
653675,Elephant,267141,989
653726,Mouse,3773,64
653770,Mouse,3615,64
653782,Mouse,4324,67
653796,Mouse,4228,71
653814,Mouse,5167,68
653911,Mouse,4934,69
653928,Mouse,5074,66
653949,Mouse,4021,70
654181,Elephant,512820,1162
654189,Mouse,4540,65
654320,Mouse,4061,64
654351,Mouse,3253,66
654461,Mouse,5009,66
654476,Mouse,4552,69
654484,Mouse,4140,69
654542,Mouse,5806,66
654565,Mouse,4815,68
654625,Mouse,3853,66
654673,Mouse,4733,68
654674,Mouse,4144,68
654728,Mouse,5435,73
654841,Mouse,5074,66
654871,Elephant,475194,1086
654885,Mouse,3765,65
654892,Mouse,3994,65
654953,Mouse,3592,64
654999,Mouse,4313,66
655047,Mouse,3172,69
655072,Mouse,3417,64
655078,Mouse,5295,65
655139,Mouse,3483,67
655243,Mouse,4770,65
655263,Mouse,5741,70
655297,Mouse,4122,64
655351,Mouse,4332,66
655400,Mouse,4101,68
655425,Mouse,4636,67
655462,Mouse,5040,71
655644,Mouse,5066,71
655722,Mouse,3255,84
655805,Mouse,3087,91
655810,Mouse,3244,94
655840,Mouse,4315,99
655853,Mouse,4382,100
655873,Mouse,5608,112
655987,Mouse,5725,112
656006,Elephant,431355,1155
656010,Mouse,4401,111
656043,Elephant,393880,1243
656051,Mouse,3387,92
656074,Elephant,93473,540
656089,Mouse,3648,78
656097,Mouse,3715,76
656335,Mouse,4184,71
656498,Mouse,3224,65
656604,Mouse,4440,79
656664,Mouse,4770,83
656781,Mouse,4283,89
656848,Mouse,4083,91
656925,Mouse,3801,111
657055,Mouse,4863,109
657115,Mouse,5422,122
657124,Mouse,4680,125
657200,Mouse,5817,152
657241,Mouse,3464,153
657270,Mouse,4427,154
657285,Mouse,4469,158
657296,Mouse,3960,158
657460,Elephant,503180,1545
657529,Mouse,3195,153
657592,Mouse,3990,158
657626,Mouse,4581,147
657627,Mouse,5620,151
657654,Elephant,593025,1707
657658,Mouse,4305,148
657712,Mouse,3044,121
657757,Mouse,3703,126
657874,Mouse,4351,113
657886,Mouse,3404,118
657935,Mouse,4453,119
658088,Elephant,479415,1832
658139,Elephant,106660,833
658167,Mouse,5826,137
658180,Mouse,3286,128
658197,Mouse,4066,135
658285,Mouse,4782,127
658298,Mouse,3364,123
658328,Mouse,5555,133
658417,Mouse,4078,144
658442,Mouse,4683,151
658504,Mouse,5426,156
658578,Elephant,213281,1293
658593,Mouse,4584,150
658635,Mouse,4732,143
658655,Mouse,3385,145
658672,Mouse,4789,138
658685,Mouse,3415,133
658760,Mouse,3646,138
658823,Mouse,3343,132
658832,Mouse,4916,135
658859,Mouse,4338,142
659169,Mouse,3117,144
659249,Mouse,3250,153
659336,Mouse,5007,178
659355,Mouse,5401,182
659371,Mouse,5411,189
659396,Mouse,3645,176
659407,Mouse,5011,177
659413,Elephant,456367,2462
659470,Mouse,5017,174
659482,Mouse,4196,171
659506,Mouse,4819,159
659512,Elephant,297184,1602
659525,Mouse,3442,135
659534,Elephant,483262,2321
659544,Mouse,3543,124
659551,Mouse,4337,121
659563,Mouse,5739,102
659570,Mouse,3013,92
659642,Elephant,472083,2021
659693,Mouse,3334,64
659707,Mouse,3208,64
659730,Mouse,5530,67
659731,Mouse,3106,66
659769,Mouse,5536,66
659789,Mouse,5780,66
659815,Mouse,4439,65
659888,Mouse,3250,64
659914,Mouse,4651,65
659921,Mouse,5352,65
660016,Mouse,3985,64
660027,Mouse,3485,64
660238,Mouse,5761,66
660323,Mouse,5549,66
660495,Mouse,3750,66
660541,Mouse,4198,65
660588,Mouse,5627,66
660684,Mouse,5466,76
660710,Mouse,4240,73
660771,Elephant,186578,650
660777,Mouse,5633,73
660787,Elephant,351605,1033
660888,Mouse,3877,64
660941,Mouse,3193,64
661047,Mouse,3355,64
661157,Mouse,5231,65
661236,Mouse,3559,67
661365,Elephant,116181,498
661369,Mouse,4883,66
661394,Mouse,4255,64
661412,Mouse,4477,66
661429,Mouse,3838,64
661560,Mouse,5468,66
661570,Mouse,3938,64
661586,Mouse,4370,65
661594,Mouse,3484,67
661604,Mouse,4805,69
661649,Mouse,4527,66
661724,Mouse,4745,68
661738,Mouse,5433,73
661798,Mouse,4783,65
661809,Mouse,4875,68
661927,Mouse,4898,65
661969,Mouse,4647,73
662079,Mouse,5295,70
662101,Elephant,86463,426
662124,Mouse,4841,72
662124,Mouse,3849,72
662139,Mouse,5048,73
662152,Mouse,3831,65
662175,Mouse,4029,70
662208,Mouse,5380,72
662210,Mouse,4782,74
662227,Elephant,350436,913
662235,Mouse,4385,65
662254,Mouse,3281,73
662281,Mouse,4661,65
662300,Mouse,4301,65
662486,Mouse,4111,64
662517,Mouse,3118,64
662595,Mouse,4399,65
662621,Mouse,4932,65
662624,Mouse,3458,65
662803,Mouse,3772,64
662841,Mouse,3869,64
662878,Mouse,4652,65
662972,Mouse,4887,65
663054,Mouse,3191,64
663306,Mouse,5638,66
663429,Mouse,3436,64
663512,Mouse,4548,65
663541,Mouse,5163,65
663543,Mouse,3278,65
663642,Mouse,4906,69
663642,Mouse,4577,69
663647,Mouse,3560,64
663895,Mouse,3600,64
664008,Mouse,5758,66
664091,Mouse,5208,65
664200,Mouse,5134,72
664203,Mouse,5319,74
664309,Mouse,3481,64
664372,Elephant,138446,546
664546,Mouse,4117,64
664645,Mouse,5212,67
664648,Mouse,5565,68
664652,Mouse,4436,67
664785,Mouse,4987,65
664800,Mouse,5724,66
664806,Mouse,3632,66
664863,Mouse,3407,66
664948,Mouse,4500,71
664951,Mouse,5188,73
664960,Mouse,3286,64
665056,Mouse,3704,64
665067,Mouse,5009,69
665227,Mouse,4961,69
665274,Mouse,3043,69
665275,Mouse,3939,68
665289,Mouse,3804,67
665319,Mouse,3663,68
665493,Mouse,4069,64
665537,Mouse,4296,65
665550,Elephant,498212,1108
665656,Mouse,4505,65
665682,Mouse,3441,64
665742,Mouse,3363,64
665818,Mouse,5702,66
665823,Mouse,5588,66
665838,Mouse,4753,65
665883,Mouse,4780,66
665889,Mouse,4220,67
665947,Mouse,3712,64
665974,Mouse,5607,68
666130,Mouse,5489,72
666152,Mouse,4765,69
666240,Mouse,4238,64
666296,Mouse,5235,71
666324,Mouse,4176,67
666365,Mouse,4913,69
666402,Mouse,3126,66
666491,Mouse,5556,69
666517,Mouse,3993,72
666532,Elephant,375218,1054
666572,Mouse,3385,70
666649,Mouse,3945,67
666672,Mouse,3079,66
666744,Mouse,5565,66
666807,Elephant,286607,858
666849,Mouse,5144,65
666907,Mouse,5043,65
666941,Mouse,4464,65
666966,Mouse,5208,65
667010,Mouse,3496,64
667033,Mouse,5670,66
667045,Mouse,3861,64
667067,Mouse,4004,64
667137,Mouse,4673,65
667166,Mouse,3897,64
667195,Mouse,4164,64
667251,Mouse,3483,64
667379,Mouse,4113,64
667400,Mouse,4736,65
667426,Mouse,4852,65
667461,Mouse,3393,64
667500,Mouse,5684,66
667546,Mouse,4744,65
667680,Mouse,3993,64
667755,Mouse,4717,65
667856,Mouse,4522,68
667980,Mouse,4294,68
668023,Mouse,4288,73
668226,Mouse,3922,103
668281,Mouse,4378,125
668336,Mouse,4453,138
668468,Mouse,4299,157
668502,Elephant,543755,1347
668534,Mouse,3213,145
668568,Elephant,129021,737
668583,Mouse,4806,132
668595,Mouse,3296,137
668629,Mouse,4090,141
668656,Mouse,5308,129
668775,Mouse,4371,130
668843,Elephant,264599,1102
668980,Mouse,5684,103
669064,Mouse,3171,122
669242,Elephant,109139,799
669305,Mouse,3243,147
669325,Mouse,4834,143
669369,Mouse,5408,152
669426,Elephant,248622,1328
669447,Mouse,5112,137
669463,Mouse,3607,137
669487,Mouse,5101,139
669515,Mouse,4662,127
669590,Mouse,3923,128
669597,Mouse,4689,131
669621,Mouse,4232,132
669633,Mouse,4013,134
669678,Mouse,3399,136
669704,Mouse,4628,141
669731,Elephant,139748,1280
669788,Elephant,516745,1872
669842,Mouse,3425,66
669874,Mouse,3777,65
669940,Elephant,409004,1831
670029,Mouse,4999,65
670123,Mouse,5092,65
670131,Mouse,3332,64
670153,Mouse,3648,72
670182,Mouse,4647,68
670189,Mouse,5572,68
670226,Elephant,234058,1330
670296,Mouse,4450,67
670296,Mouse,3912,67
670322,Mouse,5802,66
670361,Mouse,4137,64
670497,Mouse,4809,65
670571,Mouse,4233,68
670579,Mouse,4041,64
670758,Mouse,3530,64
670785,Elephant,120187,498
670924,Mouse,5284,65
671124,Mouse,4101,64
671188,Mouse,5702,66
671207,Mouse,3154,64
671227,Mouse,4568,65
671291,Mouse,4928,70
671361,Mouse,4833,66
671438,Elephant,126060,547
671479,Mouse,5547,68
671544,Mouse,5426,69
671564,Mouse,4844,70
671655,Mouse,4593,67
671684,Mouse,4348,69
671689,Elephant,344934,901
671715,Mouse,5315,66
671777,Mouse,3221,64
671882,Mouse,4721,65
671917,Mouse,4339,65
671934,Mouse,5750,70
671949,Mouse,5475,66
671955,Mouse,4643,65
671964,Mouse,5395,65
671995,Mouse,4693,65
672049,Mouse,3776,64
672076,Mouse,5615,66
672093,Mouse,3753,65
672178,Mouse,3834,64
672205,Mouse,3698,65
672224,Mouse,5167,65
672256,Mouse,3983,64
672329,Mouse,3980,67
672417,Mouse,4847,66
672418,Elephant,202741,724
672525,Mouse,5372,65
672535,Mouse,3354,64
672575,Mouse,5757,66
672658,Mouse,4425,69
672666,Mouse,4640,72
672669,Mouse,4219,73
672686,Mouse,3770,64
672764,Mouse,4167,64
672799,Mouse,4604,65
672963,Mouse,3268,68
673000,Mouse,3364,67
673023,Mouse,5207,65
673054,Mouse,4065,68
673102,Mouse,5017,74
673116,Mouse,5345,80
673184,Mouse,3475,64
673207,Mouse,3797,71
673267,Mouse,5645,73
673284,Elephant,95664,466
673441,Mouse,5366,69
673461,Elephant,382872,959
673558,Mouse,5540,66
673814,Mouse,3957,64
673883,Mouse,3101,64
673890,Mouse,5399,65
673918,Mouse,3947,64
673982,Mouse,5426,65
674112,Mouse,5434,70
674160,Mouse,4526,65
674205,Mouse,3958,64
674227,Mouse,4107,66
674381,Mouse,3347,64
674429,Mouse,4477,65
674588,Mouse,4052,73
674608,Mouse,5640,73
674714,Mouse,3161,67
674720,Elephant,124789,513
674723,Mouse,4310,72
674732,Mouse,5704,74
674750,Mouse,3855,68
674816,Mouse,5430,67
674827,Elephant,289213,833
674836,Mouse,3929,67
675032,Mouse,5203,65
675043,Mouse,5188,65
675097,Mouse,4953,65
675146,Mouse,5401,65
675167,Mouse,3515,64
675209,Mouse,5555,66
675273,Mouse,4101,64
675335,Mouse,5389,66
675338,Mouse,3244,64
675421,Mouse,4706,65
675491,Mouse,5694,66
675542,Mouse,3354,66
675714,Mouse,5016,69
675787,Mouse,3782,64
675831,Mouse,3040,66
675867,Mouse,4784,76
675870,Mouse,3205,70
675928,Mouse,5193,70
675979,Mouse,5196,73
676200,Mouse,5759,89
676221,Mouse,4250,93
676232,Elephant,96135,497
676249,Mouse,5581,95
676254,Mouse,4438,95
676297,Mouse,5109,94
676309,Mouse,3551,93
676332,Elephant,272037,864
676414,Mouse,5674,70
676481,Mouse,3502,65
676487,Mouse,4590,69
676513,Mouse,3502,69
676524,Mouse,3921,65
676568,Mouse,3870,65
676579,Mouse,3017,66
676605,Mouse,4796,80
676657,Elephant,587600,1395
676666,Mouse,4132,67
676708,Mouse,3844,65
676728,Mouse,3606,64
676843,Mouse,3766,68
676857,Mouse,4968,65
676874,Mouse,3304,64
677013,Mouse,4972,66
677035,Mouse,4970,72
677039,Mouse,3885,73
677096,Mouse,5731,66
677118,Mouse,4832,68
677133,Mouse,3813,68
677153,Mouse,5355,70
677178,Mouse,5329,73
677233,Mouse,4219,66
677241,Mouse,5491,72
677243,Mouse,5446,74
677251,Mouse,5586,75
677279,Mouse,5214,81
677319,Mouse,4757,83
677327,Mouse,5414,90
677387,Mouse,5176,74
677430,Mouse,4481,70
677436,Mouse,4217,74
677564,Mouse,4518,73
677569,Mouse,3100,75
677598,Elephant,481985,1130
677678,Mouse,3248,67
677704,Mouse,4785,77
677707,Mouse,3247,69
677719,Mouse,3350,66
677737,Mouse,5410,75
677760,Mouse,3671,66
677841,Mouse,4934,69
677957,Mouse,5279,70
678006,Mouse,3344,70
678061,Mouse,3589,70
678088,Elephant,122089,529
678116,Mouse,3101,69
678144,Mouse,3134,67
678170,Mouse,4837,66
678177,Mouse,5283,68
678207,Mouse,4843,68
678216,Mouse,5083,69
678228,Elephant,595594,1263
678357,Mouse,3244,64
678523,Mouse,3011,64
678619,Mouse,4331,65
678624,Mouse,3847,64
678698,Mouse,5609,66
678774,Mouse,3029,66
678806,Mouse,5210,67
678834,Mouse,4291,65
678867,Mouse,4592,65
678895,Elephant,114680,495
678902,Mouse,5534,67
678932,Mouse,4964,65
679059,Mouse,4177,64
679095,Mouse,5492,66
679106,Mouse,5614,68
679108,Mouse,3698,66
679142,Mouse,5739,66
679184,Mouse,3718,66
679187,Mouse,4185,67
679191,Mouse,4942,70
679222,Mouse,3816,64
679257,Mouse,5255,65
679541,Mouse,4272,65
679572,Mouse,3882,64
679585,Mouse,3218,64
679683,Mouse,3813,64
679760,Mouse,3877,64
679764,Mouse,4485,66
679770,Mouse,5303,65
679794,Mouse,3524,64
679836,Mouse,4632,65
679907,Mouse,4936,65
679969,Mouse,3510,64
679978,Mouse,5574,66
679996,Mouse,4602,65
680042,Mouse,5629,66
680092,Mouse,4098,64
680153,Mouse,3233,67
680169,Mouse,4308,65
680231,Mouse,4950,65
680259,Mouse,4002,64
680266,Mouse,3940,64
680353,Mouse,3852,64
680452,Mouse,4320,69
680476,Mouse,4482,75
680546,Mouse,4924,71
680557,Mouse,5362,79
680686,Mouse,4037,91
680736,Mouse,4076,100
680792,Mouse,4375,111
681007,Mouse,4158,119
681043,Elephant,82934,568
681165,Mouse,4182,124
681190,Mouse,4432,131
681266,Mouse,5788,143
681288,Mouse,3885,146
681368,Mouse,3131,157
681422,Mouse,3259,164
681506,Mouse,5007,175
681515,Mouse,3343,178
681585,Mouse,4064,196
681624,Elephant,436312,1622
681701,Mouse,3224,157
681710,Mouse,5239,151
681756,Mouse,3936,141
681827,Mouse,4012,152
681841,Mouse,4544,160
681902,Mouse,4223,154
681914,Elephant,509256,1738
681926,Elephant,453574,1799
681953,Mouse,3243,124
682098,Mouse,5635,78
682232,Mouse,4924,95
682260,Mouse,5054,103
682334,Mouse,3736,123
682337,Mouse,4424,125
682421,Mouse,4614,130
682533,Mouse,4859,141
682636,Elephant,384350,2064
682718,Mouse,5709,131
682779,Mouse,3458,136
682860,Mouse,5790,145
682931,Mouse,5627,148
682948,Mouse,4013,156
682959,Mouse,4794,160
683090,Mouse,5399,170
683153,Mouse,4252,172
683169,Mouse,3673,174
683183,Elephant,466162,2073
683196,Mouse,3294,171
683201,Elephant,280182,1738
683249,Elephant,486072,1959
683253,Mouse,4474,131
683261,Mouse,3552,113
683294,Mouse,4761,89
683386,Mouse,3336,67
683528,Mouse,5037,85
683552,Mouse,5133,95
683657,Mouse,5768,116
683687,Mouse,5120,115
683699,Mouse,4433,117
683733,Mouse,4887,128
683827,Mouse,4712,158
683870,Elephant,470074,1741
683898,Mouse,3068,146
683982,Mouse,5833,134
683994,Elephant,93104,642
684041,Mouse,4802,127
684252,Mouse,5527,129
684267,Elephant,158806,915
684279,Mouse,4934,129
684297,Mouse,4049,132
684372,Mouse,4156,134
684379,Mouse,3287,138
684395,Mouse,5098,147
684436,Mouse,3868,150
684535,Mouse,3480,154
684649,Mouse,4458,164
684815,Mouse,5050,185
684835,Mouse,5099,193
684909,Mouse,5412,207
684940,Elephant,213510,1348
684950,Elephant,426270,1727
684986,Mouse,3259,203
685102,Mouse,4912,162
685120,Elephant,389390,1740
685168,Mouse,5362,129
685186,Mouse,3381,119
685207,Mouse,3157,119
685274,Mouse,4769,115
685283,Mouse,3413,117
685290,Mouse,3347,120
685380,Mouse,3181,134
685392,Mouse,5410,137
685423,Mouse,3208,144
685453,Mouse,3693,142
685502,Mouse,4670,145
685551,Mouse,3771,148
685555,Mouse,4943,151
685557,Mouse,3051,151
685568,Mouse,4055,158
685578,Elephant,439224,1991
685621,Mouse,3017,146
685655,Mouse,3131,128
685689,Mouse,5370,130
685704,Mouse,5320,104
685735,Mouse,3601,113
685757,Mouse,5112,122
685759,Elephant,286363,1591
685842,Mouse,4031,96
685858,Mouse,3931,98
685939,Elephant,113030,788
685951,Mouse,4994,89
685986,Mouse,3455,87
685997,Mouse,4566,95
686006,Mouse,4365,91
686014,Elephant,259034,1337
686052,Mouse,3269,83
686056,Mouse,5422,84
686062,Mouse,3648,77
686101,Mouse,3864,77
686102,Mouse,5713,79
686142,Mouse,5348,83
686223,Mouse,3215,70
686474,Mouse,5374,100
686489,Mouse,3998,106
686505,Elephant,466915,2028
686569,Mouse,5294,90
686604,Mouse,3358,68
686632,Mouse,3835,75
686663,Elephant,148717,661
686812,Elephant,419090,1178
686821,Mouse,5666,66
686887,Mouse,3647,64
686971,Mouse,3388,64
686988,Mouse,3605,64
687036,Mouse,5828,66
687140,Mouse,3821,64
687168,Mouse,5791,66
687248,Mouse,5181,65
687284,Mouse,5524,66
687394,Mouse,5499,67
687397,Mouse,4578,66
687585,Mouse,4623,65
687642,Mouse,3980,64
687679,Mouse,5246,65
687684,Mouse,5168,66
687841,Mouse,3493,64
687909,Mouse,4704,69
687947,Mouse,3497,67
688043,Mouse,3773,65
688044,Mouse,3383,65
688057,Mouse,4209,64
688096,Mouse,4740,65
688107,Mouse,5561,66
688146,Mouse,3717,64
688183,Mouse,3217,64
688193,Mouse,5533,66
688258,Mouse,3094,67
688314,Mouse,3698,64
688333,Mouse,3639,68
688531,Mouse,3674,67
688533,Mouse,3093,67
688590,Mouse,3165,64
688782,Mouse,4232,68
688805,Mouse,4919,73
688824,Elephant,468709,1071
688908,Mouse,3451,64
688947,Mouse,4601,65
688960,Mouse,4946,65
688985,Mouse,5064,69
689006,Mouse,4396,65
689118,Mouse,4258,66
689125,Mouse,3279,68
689196,Mouse,3642,68
689202,Mouse,5495,70
689239,Mouse,4348,68
689312,Mouse,3730,71
689331,Mouse,3620,67
689441,Mouse,5087,74
689444,Mouse,3212,75
689602,Elephant,528819,1174
689623,Mouse,4564,77
689701,Elephant,82021,429
689742,Mouse,4113,65
689857,Mouse,4689,69
689904,Mouse,3058,70
689940,Mouse,4174,67
689963,Mouse,5536,72
689973,Mouse,4843,70
689994,Mouse,4985,72
690028,Mouse,4767,70
690040,Mouse,4194,69
690077,Mouse,5592,70
690191,Mouse,5262,74
690211,Elephant,393907,1016
690219,Mouse,3573,67
690252,Mouse,5221,76
690286,Mouse,5422,70
690430,Mouse,3211,66
690467,Mouse,4295,68
690549,Mouse,5808,73
690737,Elephant,401531,1010
690925,Mouse,5295,70
690943,Mouse,3147,77
690992,Mouse,3131,78
691032,Mouse,3992,67
691091,Mouse,5490,73
691153,Mouse,3350,76
691180,Elephant,401559,1114
691248,Mouse,5103,65
691306,Elephant,111557,513
691449,Mouse,3281,64
691620,Elephant,109784,481
691643,Mouse,5762,72
691659,Mouse,3958,72
691681,Mouse,4617,69
691705,Mouse,5506,70
691742,Elephant,265825,804
691782,Mouse,4316,68
691784,Mouse,3151,67
691794,Mouse,3963,64
691854,Mouse,4747,68
691905,Mouse,5530,73
691953,Mouse,3397,72
691967,Mouse,3360,64
692081,Mouse,5096,68
692095,Mouse,4370,69
692150,Mouse,3539,64
692167,Mouse,4538,66
692296,Mouse,3236,70
692298,Mouse,5110,72
692302,Mouse,3291,68
692348,Mouse,3222,70
692420,Mouse,3430,72
692544,Mouse,5834,84
692584,Mouse,3573,89
692596,Mouse,3300,95
692607,Mouse,3347,98
692615,Mouse,4040,102
692654,Mouse,3707,109
692674,Mouse,5508,117
692730,Elephant,529203,1246
692765,Mouse,5272,94
692777,Mouse,5663,96
692815,Mouse,3272,72
692831,Elephant,156586,674
692836,Mouse,5036,72
692864,Mouse,4158,69
692905,Mouse,3048,67
692917,Mouse,3550,68
692928,Mouse,4590,65
692970,Mouse,3356,64
692990,Mouse,3480,68
693015,Mouse,5384,66
693164,Mouse,4473,69
693177,Mouse,4344,68
693227,Mouse,5457,74
693302,Elephant,520646,1221
693318,Mouse,4568,65
693323,Mouse,3837,65
693404,Mouse,5466,68
693405,Mouse,4793,68
693494,Mouse,4868,65
693528,Mouse,3835,64
693581,Mouse,3755,64
693700,Mouse,3538,64
693714,Mouse,4631,65
693838,Mouse,5199,65
693930,Mouse,5772,67
694039,Mouse,5451,66
694085,Mouse,4829,67
694151,Mouse,4498,68
694202,Mouse,3841,70
694219,Mouse,5281,73
694238,Mouse,5051,70
694399,Elephant,129227,533
694405,Mouse,4439,65
694409,Mouse,3610,64
694493,Mouse,3172,64
694531,Mouse,4693,65
694604,Mouse,4163,66
694736,Mouse,5135,72
694740,Mouse,3326,72
694819,Mouse,5665,70
694991,Elephant,545634,1287
695053,Mouse,5043,65
695128,Mouse,4345,69
695161,Elephant,138534,546
695165,Mouse,4060,65
695244,Mouse,3079,64
695279,Mouse,5805,66
695333,Mouse,5033,65
695366,Mouse,3728,64
695380,Mouse,3119,64
695395,Mouse,4210,64
695490,Mouse,5734,66
695609,Mouse,3405,64
695686,Mouse,5777,66
695690,Mouse,4377,65
695713,Mouse,4449,65
695776,Mouse,3315,64
695809,Mouse,4316,65
695831,Mouse,4612,65
695862,Mouse,3044,64
695939,Mouse,5708,67
695941,Mouse,3259,65
696104,Mouse,3167,64
696136,Mouse,5216,65
696170,Mouse,5470,66
696321,Mouse,4245,64
696385,Mouse,5696,66
696418,Mouse,3078,64
696531,Mouse,4344,65
696602,Mouse,4662,65
696642,Mouse,4287,65
696717,Mouse,3975,64
696737,Mouse,5780,68
696802,Mouse,5042,65
696812,Mouse,5808,66
696849,Mouse,4222,64
696889,Elephant,240352,734
696946,Mouse,4068,64
696955,Mouse,3910,64
696999,Mouse,5362,66
697026,Mouse,3057,64
697111,Mouse,3922,66
697114,Mouse,3164,65
697123,Mouse,4963,68
697216,Mouse,3134,70
697229,Mouse,3152,66
697290,Mouse,3632,70
697465,Elephant,185084,651
697468,Mouse,3944,75
697509,Mouse,5036,82
697513,Mouse,5061,77
697574,Mouse,4836,72
697625,Elephant,168434,627
697661,Mouse,3901,73
697712,Mouse,4283,65
697859,Mouse,5184,73
697874,Mouse,4411,72
698144,Mouse,3555,114
698208,Elephant,240358,960
698270,Mouse,5078,112
698274,Elephant,458528,1218
698282,Mouse,3521,103
698288,Mouse,3038,88
698340,Mouse,4953,75
698343,Mouse,3523,71
698385,Mouse,5359,81
698445,Mouse,3591,93
698458,Mouse,5181,95
698467,Elephant,255564,943
698502,Mouse,4200,85
698519,Mouse,5675,85
698523,Mouse,4897,81
698550,Mouse,5336,74
698637,Mouse,3375,72
698668,Mouse,5753,69
698713,Mouse,3099,73
698851,Mouse,5133,88
698866,Elephant,273124,991
698886,Mouse,4496,77
698926,Elephant,168132,673
698932,Mouse,3497,64
698938,Mouse,4600,65
698998,Mouse,4494,70
699048,Mouse,5822,68
699066,Mouse,3371,64
699132,Mouse,3912,67
699144,Mouse,4809,65
699220,Mouse,3074,65
699226,Mouse,4562,65
699364,Mouse,5235,65
699372,Mouse,3925,66
699410,Mouse,3098,64
699417,Mouse,3247,66
699445,Mouse,3929,70
699513,Mouse,5280,69
699602,Mouse,4290,66
699614,Elephant,584292,1393
699635,Mouse,3908,65
699794,Mouse,3772,64
699948,Mouse,5311,65
699969,Mouse,3176,64
700067,Mouse,4054,64
700475,Mouse,3430,66
700517,Mouse,4944,69
700537,Mouse,3480,64
700612,Mouse,4482,70
700764,Elephant,262835,801
700765,Mouse,4312,86
700778,Mouse,3760,85
700889,Mouse,5742,76
700929,Mouse,3132,72
701049,Mouse,3327,80
701091,Mouse,3498,88
701220,Mouse,5666,111
701252,Elephant,93313,524
701262,Mouse,5631,118
701336,Mouse,5093,115
701350,Mouse,4427,121
701424,Elephant,435636,1354
701521,Mouse,5456,82
701588,Mouse,4709,80
701609,Mouse,5213,84
701753,Mouse,4042,95
701827,Mouse,4796,107
701869,Mouse,3804,112
701876,Elephant,541582,1440
701937,Mouse,4051,79
701992,Elephant,334615,1401
701993,Mouse,5488,72
702100,Mouse,3805,68
702127,Mouse,3990,64
702161,Mouse,3202,64
702172,Mouse,4038,64
702180,Elephant,275276,1002
702313,Mouse,5703,67
702341,Mouse,5727,66
702362,Mouse,4731,65
702395,Mouse,3749,67
702443,Mouse,4237,64
702469,Mouse,4150,64
702476,Mouse,4674,67
702489,Mouse,5728,69
702535,Mouse,5133,72
702549,Mouse,4626,65
702573,Mouse,3161,66
702653,Mouse,3002,66
702821,Mouse,3465,65
702913,Mouse,3571,67
702979,Mouse,3823,64
703117,Mouse,3442,64
703192,Mouse,3804,70
703275,Mouse,5757,70
703291,Mouse,3916,73
703381,Elephant,582793,1227
703455,Mouse,3062,65
703485,Mouse,3786,64
703519,Mouse,3513,64
703529,Mouse,3311,64
703573,Mouse,4257,65
703728,Mouse,3801,73
703740,Mouse,5160,75
703743,Mouse,3907,70
703772,Mouse,4259,71
703779,Mouse,3786,74
704031,Mouse,4592,77
704045,Mouse,5475,78
704093,Mouse,4272,80
704160,Mouse,4877,73
704241,Mouse,4344,81
704246,Elephant,485773,1126
704257,Mouse,3977,72
704276,Mouse,4178,75
704313,Mouse,3694,73
704324,Mouse,4980,75
704363,Mouse,5590,71
704395,Mouse,4959,67
704402,Mouse,4493,67
704489,Mouse,4451,70
704498,Mouse,5611,69
704499,Elephant,319974,897
704530,Mouse,5687,68
704544,Mouse,3835,66
704575,Mouse,5054,66
704581,Mouse,5361,65
704651,Mouse,5348,65
704702,Mouse,4926,65
704780,Mouse,3276,64
704884,Mouse,4449,65
704975,Mouse,4338,65
705028,Mouse,4406,68
705123,Mouse,5176,70
705283,Mouse,4080,66
705351,Mouse,4508,69
705413,Mouse,4953,68
705447,Mouse,5010,68
705465,Mouse,4708,66
705477,Mouse,5629,70
705519,Elephant,345112,903
705557,Mouse,5221,65
705568,Mouse,5224,65
705624,Mouse,3672,64
705671,Mouse,4619,65
705679,Mouse,4758,65
705709,Mouse,3874,64
705815,Mouse,3920,64
705822,Mouse,5415,65
705830,Mouse,4088,64
705901,Mouse,4136,64
706056,Mouse,3298,64
706125,Mouse,5827,66
706224,Mouse,4083,64
706242,Mouse,3558,64
706249,Mouse,4662,65
706368,Mouse,5332,65
706384,Mouse,3233,64
706486,Mouse,3035,64
706616,Mouse,5776,70
706646,Mouse,3366,67
706647,Mouse,3976,68
706650,Mouse,5068,70
706660,Mouse,3707,70
706772,Mouse,3923,72
706859,Mouse,5242,78
706883,Mouse,5008,77
706949,Mouse,4264,89
706960,Mouse,3665,91
707026,Mouse,3788,97
707066,Mouse,5266,110
707105,Mouse,5610,114
707160,Mouse,3516,126
707255,Mouse,4369,136
707369,Mouse,5607,150
707485,Elephant,251859,1028
707488,Elephant,121188,766
707518,Mouse,5502,152
707553,Mouse,4793,136
707609,Mouse,3415,110
707641,Mouse,4461,108
707689,Mouse,5445,104
707693,Mouse,4165,105
707697,Elephant,261754,1108
707706,Mouse,3828,90
707751,Mouse,4773,77
707812,Mouse,3520,66
707816,Mouse,4632,67
707898,Mouse,3766,68
707933,Elephant,405316,1414
708004,Elephant,64147,352
708062,Mouse,5173,65
708112,Mouse,4600,65
708204,Mouse,4546,65
708231,Mouse,4470,65
708400,Mouse,5001,65
708482,Mouse,3716,64
708512,Mouse,4200,64
708539,Mouse,4406,69
708542,Mouse,5621,71
708545,Mouse,3805,70
708588,Mouse,5502,73
708590,Mouse,4459,74
708597,Mouse,4017,64
708602,Mouse,4948,66
708646,Mouse,5439,66
708655,Mouse,3386,64
708712,Mouse,5112,65
708729,Mouse,4694,65
708772,Mouse,3518,64
708804,Mouse,3927,64
708843,Mouse,5568,66
708914,Mouse,3884,67
708916,Mouse,4709,68
708983,Mouse,4783,72
709008,Mouse,4103,68
709072,Mouse,4413,76
709081,Mouse,3618,74
709151,Mouse,4114,66
709256,Mouse,4195,73
709342,Mouse,5088,74
709359,Mouse,4975,78
709367,Mouse,5572,81
709470,Mouse,5628,93
709647,Mouse,4605,102
709676,Mouse,4510,110
709735,Elephant,527928,1268
709740,Mouse,4294,100
709783,Mouse,3295,100
709917,Mouse,5735,73
709977,Mouse,5331,83
710113,Elephant,298521,1015
710117,Mouse,4259,74
710132,Mouse,4922,74
710177,Mouse,3431,71
710195,Mouse,5296,74
710237,Elephant,554952,1330
710248,Mouse,5257,73
710266,Mouse,4167,65
710285,Mouse,4358,65
710357,Mouse,5035,65
710394,Mouse,3121,64
710551,Mouse,5235,65
710554,Mouse,3312,65
710602,Mouse,5519,66
710604,Mouse,3273,64
710690,Mouse,3033,64
710729,Mouse,4836,65
710814,Mouse,4481,69
710878,Mouse,3912,70
710903,Mouse,4883,69
710906,Mouse,3782,68
710968,Mouse,5603,69
710981,Mouse,3376,73
711000,Mouse,3376,69
711008,Mouse,5120,75
711048,Mouse,4493,73
711250,Mouse,3359,99
711258,Mouse,3610,104
711306,Elephant,293458,890
711334,Mouse,5615,117
711405,Mouse,4175,112
711410,Mouse,3460,115
711459,Mouse,3932,114
711490,Mouse,5323,114
711521,Mouse,4349,123
711539,Mouse,3237,128
711570,Mouse,4520,126
711622,Mouse,3212,131
711668,Elephant,328235,1096
711703,Mouse,3400,111
711718,Mouse,4983,116
711737,Mouse,5026,121
711830,Elephant,246983,1022
711874,Mouse,4077,87
711876,Mouse,5711,89
711887,Mouse,3565,71
711997,Elephant,141864,793
712040,Mouse,3693,80
712107,Mouse,5582,71
712269,Elephant,372283,1260
712283,Mouse,5639,101
712317,Mouse,3755,98
712332,Mouse,5308,97
712370,Mouse,3150,87
712431,Mouse,4343,85
712499,Mouse,4124,87
712588,Mouse,5557,102
712631,Mouse,5165,112
712648,Mouse,4294,117
712743,Elephant,353323,1509
712749,Mouse,4079,139
712801,Mouse,5817,135
712819,Mouse,4095,117
712894,Mouse,4471,119
713005,Mouse,4469,129
713161,Mouse,4756,161
713305,Mouse,5201,175
713338,Mouse,5476,182
713395,Mouse,4313,186
713424,Mouse,5183,195
713458,Elephant,459804,1625
713463,Mouse,5360,196
713493,Mouse,4242,186
713617,Mouse,5465,160
713643,Elephant,95866,918
713651,Mouse,5466,153
713674,Mouse,4337,149
713693,Mouse,3085,155
713698,Elephant,76846,805
713731,Mouse,5269,164
713749,Mouse,4447,159
713776,Mouse,3977,157
713780,Mouse,5092,156
713781,Elephant,394213,1688
713786,Mouse,3681,140
713795,Mouse,3503,142
713826,Mouse,3006,124
713940,Elephant,216626,1396
713951,Mouse,5616,73
714007,Mouse,4726,75
714014,Elephant,499506,1876
714018,Mouse,4379,79
714076,Mouse,3805,64
714114,Mouse,3952,64
714135,Mouse,5553,66
714161,Mouse,4028,64
714197,Elephant,76866,391
714209,Mouse,4231,64
714233,Mouse,3821,68
714235,Mouse,5463,69
714258,Mouse,5285,65
714331,Mouse,3128,64
714385,Mouse,4327,67
714409,Mouse,3668,64
714424,Mouse,3959,68
714437,Mouse,3070,64
714530,Mouse,3441,64
714643,Mouse,3893,67
714694,Mouse,3495,65
714748,Mouse,5408,66
714754,Mouse,3127,64
714792,Mouse,5477,66
714850,Mouse,3282,65
714875,Mouse,4698,65
715080,Mouse,4769,73
715171,Elephant,365597,943
715248,Mouse,4968,67
715276,Mouse,4859,65
715410,Mouse,5448,70
715445,Mouse,5304,74
715461,Mouse,3067,64
715514,Mouse,5658,70
715530,Elephant,208390,702
715573,Mouse,3612,72
715593,Mouse,4306,67
715611,Mouse,3005,66
715621,Mouse,3700,70
715687,Mouse,4789,67
715766,Mouse,3330,69
715900,Mouse,3314,68
715925,Mouse,5221,76
716081,Mouse,4312,70
716168,Mouse,5022,79
716234,Mouse,4176,84
716342,Mouse,3524,92
716417,Elephant,418222,1174
716423,Elephant,570957,1281
716449,Mouse,3384,80
716473,Mouse,4157,64
716539,Mouse,5509,66
716553,Mouse,4082,64
716599,Mouse,5553,66
716702,Mouse,3982,64
716732,Mouse,5120,65
716977,Mouse,4242,65
716981,Mouse,4774,66
717128,Mouse,5462,66
717214,Mouse,3577,65
717302,Mouse,3181,65
717497,Mouse,3022,64
717527,Mouse,3280,64
717552,Elephant,279948,801
717556,Mouse,4746,66
717559,Mouse,3496,66
717580,Mouse,3836,64
717690,Mouse,4060,64
717764,Mouse,3464,64
717860,Mouse,3124,64
717889,Mouse,3879,64
717950,Mouse,5720,66
717971,Mouse,5411,65
717982,Mouse,4171,64
718017,Mouse,3074,64
718068,Mouse,5161,68
718068,Mouse,3186,66
718143,Mouse,5639,70
718196,Mouse,4188,64
718223,Mouse,4201,67
718233,Elephant,126898,511
718234,Mouse,5731,74
718452,Mouse,4740,65
718477,Mouse,5441,66
718622,Mouse,3738,64
718652,Mouse,5773,66
718952,Mouse,4280,65
718961,Mouse,4219,64
718965,Mouse,4075,64
719010,Mouse,5165,66
719114,Mouse,4189,64
719216,Mouse,3835,64
719261,Mouse,4155,68
719473,Mouse,5271,71
719502,Mouse,4680,65
719549,Mouse,4347,65
719597,Mouse,5322,68
719606,Mouse,5244,74
719681,Mouse,4131,67
719683,Mouse,5171,69
719717,Mouse,3401,74
719731,Mouse,4564,80
719768,Mouse,4937,82
719784,Mouse,4604,86
719875,Mouse,3499,76
719984,Mouse,3280,86
720004,Mouse,3814,99
720035,Mouse,5034,105
720153,Mouse,3193,124
720246,Mouse,5659,136
720446,Mouse,5320,162
720470,Elephant,550665,1453
720525,Mouse,4859,151
720561,Mouse,3833,131
720625,Mouse,5265,125
720711,Mouse,3363,127
720820,Elephant,503513,1546
720828,Mouse,5294,135
720890,Mouse,4533,129
720893,Mouse,3343,126
720902,Mouse,3537,129
720920,Mouse,5649,127
720931,Elephant,332642,1358
720945,Mouse,4617,135
720956,Mouse,5504,127
720959,Mouse,3388,121
721030,Mouse,4702,88
721044,Mouse,5709,86
721113,Elephant,172949,1064
721135,Mouse,3324,84
721162,Mouse,4994,83
721174,Mouse,3655,69
721191,Mouse,4254,75
721215,Mouse,5107,80
721349,Mouse,5207,78
721360,Mouse,5455,78
721520,Mouse,4361,81
721560,Mouse,5590,90
721894,Mouse,5018,132
721914,Mouse,4221,131
721922,Mouse,4842,135
721932,Mouse,4675,141
721956,Mouse,3709,143
722066,Elephant,412286,1426
722195,Elephant,494314,2287
722214,Mouse,4386,85
722224,Mouse,5111,89
722286,Mouse,5556,82
722549,Elephant,557454,1917
722592,Mouse,3310,64
722751,Mouse,3905,67
722758,Mouse,3955,71
722841,Elephant,499840,1697
723247,Mouse,5803,68
723252,Mouse,3001,70
723308,Mouse,3509,64
723372,Mouse,5188,65
723413,Mouse,5836,66
723420,Mouse,3063,67
723431,Mouse,3361,69
723469,Mouse,3014,69
723517,Mouse,3383,69
723542,Mouse,3392,64
723646,Mouse,3539,65
723707,Elephant,315583,869
723783,Mouse,4315,69
723838,Mouse,3204,64
723897,Mouse,3857,66
723912,Mouse,4135,69
724011,Mouse,5743,68
724077,Mouse,5450,69
724098,Mouse,3118,69
724117,Mouse,4928,70
724244,Mouse,3792,73
724246,Mouse,5419,74
724343,Mouse,3802,76
724371,Mouse,3502,85
724471,Mouse,4988,114
724549,Mouse,4641,118
724561,Mouse,3867,123
724711,Elephant,599365,1490
724780,Mouse,4621,105
724796,Mouse,5163,95
724806,Mouse,5505,104
724818,Elephant,91757,605
724872,Elephant,81431,591
724941,Mouse,4750,66
725090,Elephant,359609,1145
725091,Mouse,4775,71
725297,Mouse,4412,65
725326,Mouse,3753,67
725477,Mouse,4287,65
725511,Mouse,3838,64
725575,Mouse,4376,69
725588,Mouse,3014,71
725644,Elephant,523649,1317
725759,Mouse,4160,64
725828,Mouse,3979,64
725864,Mouse,5514,66
726035,Mouse,4838,65
726164,Mouse,3650,64
726180,Mouse,4997,66
726235,Mouse,3392,64
726351,Mouse,3431,64
726470,Mouse,4526,65
726499,Mouse,5484,67
726623,Elephant,50778,282
726661,Mouse,3553,65
726703,Mouse,5819,66
726812,Mouse,3242,64
726831,Mouse,5636,66
727002,Mouse,3273,64
727040,Mouse,4815,65
727152,Mouse,5749,66
727169,Mouse,4228,64
727228,Mouse,4045,64
727420,Mouse,4777,65
727424,Mouse,4379,66
727516,Mouse,4905,65
727524,Mouse,3969,64
727562,Mouse,5017,65
727670,Mouse,4228,65
727713,Mouse,4968,66
727744,Mouse,3243,67
727783,Mouse,3985,67
727798,Mouse,4513,65
727821,Mouse,4407,66
727876,Mouse,4933,65
727914,Mouse,3075,69
727917,Mouse,5055,72
727937,Mouse,3375,65
728177,Elephant,159079,589
728193,Mouse,4087,64
728201,Mouse,4376,67
728280,Mouse,3289,64
728315,Mouse,3791,64
728333,Mouse,5322,69
728364,Mouse,3527,64
728475,Elephant,262441,773
728489,Mouse,3409,64
728644,Mouse,3766,64
728674,Mouse,5094,65
728700,Mouse,5149,65
728776,Mouse,4511,65
728938,Mouse,3993,64
729021,Mouse,3319,64
729028,Mouse,5076,66
729054,Mouse,3342,64
729086,Mouse,3732,67
729087,Mouse,4329,67
729191,Mouse,3398,66
729192,Mouse,4531,67
729195,Mouse,3795,66
729318,Mouse,3966,64
729573,Mouse,5334,65
729588,Elephant,249793,837
729663,Mouse,5133,65
729682,Mouse,3143,71
729801,Mouse,5781,68
729968,Mouse,4931,84
729990,Mouse,5241,78
730000,Mouse,5294,81
730063,Mouse,3806,86
730073,Mouse,4863,93
730191,Mouse,3668,87
730217,Mouse,3972,92
730279,Mouse,5552,107
730311,Mouse,5783,120
730470,Mouse,3763,126
730564,Elephant,432131,1261
730567,Mouse,5589,107
730598,Mouse,5752,99
730606,Mouse,4490,105
730630,Mouse,5485,102
730666,Mouse,4144,99
730770,Mouse,3970,95
730792,Mouse,5289,98
730849,Mouse,5408,109
730865,Elephant,176001,1048
730896,Mouse,5440,105
730917,Mouse,5601,112
730923,Mouse,5466,114
730996,Mouse,5739,93
731003,Mouse,4219,96
731019,Mouse,5147,105
731045,Mouse,5197,101
731089,Elephant,557235,1515
731166,Mouse,4642,70
731296,Mouse,4194,65
731360,Mouse,3730,64
731380,Mouse,3702,64
731434,Mouse,4778,65
731466,Mouse,5672,66
731518,Mouse,3457,64
731626,Mouse,5321,73
731629,Mouse,5009,74
731647,Mouse,5571,66
731764,Mouse,3343,66
731828,Mouse,3991,64
731874,Mouse,4386,65
731911,Mouse,3541,67
731940,Mouse,3823,67
731986,Mouse,4114,66
732048,Mouse,5126,65
732056,Mouse,3365,67
732078,Mouse,4234,67
732106,Mouse,3321,69
732149,Mouse,3862,67
732176,Mouse,3178,67
732251,Mouse,5478,70
732283,Elephant,319087,987
732302,Elephant,113599,504
732324,Mouse,3938,75
732334,Mouse,4978,74
732345,Mouse,4398,66
732435,Mouse,3881,64
732464,Mouse,3271,64
732487,Mouse,4682,66
732526,Mouse,3126,67
732548,Mouse,5209,69
732597,Elephant,74200,378
732601,Mouse,4261,69
732608,Mouse,5590,69
732614,Mouse,4341,72
732621,Mouse,4326,71
732700,Mouse,3597,64
732812,Mouse,4332,69
732872,Mouse,3904,67
732882,Mouse,4830,68
732908,Elephant,114984,495
732978,Mouse,5097,70
733100,Mouse,3577,67
733142,Mouse,5815,68
733248,Mouse,5370,69
733272,Mouse,4509,65
733302,Mouse,3100,66
733408,Mouse,3789,74
733547,Mouse,5222,68
733562,Mouse,4107,71
733653,Elephant,228159,795
733699,Elephant,545132,1495
733732,Mouse,3363,64
733814,Mouse,3851,67
733871,Mouse,3763,67
733871,Mouse,5227,69
733931,Mouse,5715,70
733962,Mouse,5170,65
733990,Mouse,3057,66
733999,Mouse,4318,72
734154,Mouse,3231,67
734165,Mouse,4436,69
734175,Mouse,3862,68
734249,Mouse,4861,66
734428,Elephant,519650,1144
734441,Mouse,5336,65
734456,Mouse,4785,66
734492,Mouse,3723,64
734535,Mouse,3703,65
734569,Mouse,4961,65
734596,Mouse,3817,64
734626,Mouse,5189,65
734637,Mouse,3121,64
734646,Mouse,5741,66
734686,Mouse,5653,66
734826,Mouse,5241,65
734842,Mouse,4192,64
734930,Mouse,5541,66
734983,Mouse,5398,69
735059,Mouse,5172,65
735093,Mouse,5561,66
735246,Mouse,3432,67
735363,Mouse,5052,71
735368,Mouse,3103,67
735406,Mouse,3132,71
735421,Mouse,5156,72
735563,Mouse,5025,76
735579,Elephant,273346,824
735584,Mouse,3317,71
735586,Mouse,4687,74
735649,Mouse,4699,68
735704,Mouse,5779,70
735714,Mouse,5222,72
735782,Mouse,5134,69
735840,Mouse,3226,64
735876,Mouse,3931,68
735918,Elephant,551328,1175
735965,Mouse,3974,64
736063,Mouse,3585,64
736147,Mouse,3529,64
736192,Mouse,4034,64
736227,Mouse,5145,65
736269,Mouse,4815,66
736321,Mouse,5729,66
736377,Mouse,5686,66
736435,Mouse,3091,64
736524,Mouse,3894,64
736618,Mouse,3576,64
736626,Elephant,39399,237
736632,Mouse,4773,65
736648,Mouse,4570,65
736662,Mouse,4654,66
736688,Mouse,3531,64
736714,Mouse,3750,64
736791,Mouse,5316,65
736895,Mouse,4801,70
736905,Mouse,4021,64
736963,Mouse,5090,65
737007,Mouse,4844,66
737070,Mouse,4156,65
737180,Mouse,3947,64
737266,Mouse,5769,68
737297,Mouse,4776,65
737438,Mouse,3890,64
737551,Mouse,4545,69
737633,Mouse,5126,69
737750,Mouse,4956,70
737820,Elephant,420844,1081
737852,Mouse,5564,70
737881,Mouse,3254,65
737887,Mouse,4109,68
738058,Mouse,4914,68
738061,Mouse,3981,70
738073,Mouse,3993,69
738166,Mouse,3181,68
738191,Elephant,440615,1040
738263,Mouse,3988,66
738347,Mouse,3506,67
738375,Mouse,4371,69
738405,Mouse,4190,64
738433,Mouse,5121,70
738488,Mouse,5157,69
738700,Mouse,3647,80
738815,Mouse,4496,92
738856,Mouse,3732,95
738924,Mouse,4226,114
738954,Mouse,3445,117
738968,Mouse,4407,122
738977,Mouse,4556,127
738991,Mouse,4947,136
738992,Mouse,3868,133
739139,Mouse,5692,146
739221,Mouse,3143,144
739357,Mouse,4320,162
739400,Mouse,3954,172
739433,Elephant,150324,916
739512,Mouse,4056,176
739515,Elephant,98029,817
739569,Mouse,4259,171
739596,Mouse,3402,174
739613,Elephant,488331,1522
739621,Mouse,5486,173
739678,Mouse,5401,169
739752,Mouse,4933,121
739759,Mouse,3137,112
739805,Elephant,277385,1323
739851,Mouse,4778,86
739897,Mouse,5618,67
739960,Mouse,4163,68
740094,Mouse,4871,69
740135,Mouse,5687,68
740149,Mouse,4507,69
740217,Mouse,3261,71
740245,Mouse,3082,67
740318,Mouse,4900,69
740367,Mouse,3428,72
740409,Elephant,280231,1024
740490,Mouse,5112,71
740493,Mouse,3369,70
740496,Mouse,3939,68
740621,Mouse,4270,65
740692,Elephant,508303,1398
740748,Mouse,5572,70
740919,Mouse,4717,67
740948,Mouse,3269,72
741050,Mouse,3559,68
741071,Mouse,4292,70
741098,Mouse,4393,74
741138,Mouse,3353,75
741155,Mouse,4526,80
741328,Mouse,5584,93
741357,Mouse,3325,95
741361,Elephant,166992,658
741409,Mouse,5774,103
741411,Mouse,5742,104
741430,Mouse,5005,102
741539,Mouse,4534,76
741555,Mouse,3392,82
741771,Mouse,3350,104
741772,Elephant,251070,905
741860,Mouse,4960,87
741924,Mouse,4928,91
741984,Mouse,4103,100
741985,Mouse,5691,102
742057,Mouse,5449,108
742151,Mouse,5713,116
742158,Mouse,5493,119
742285,Elephant,573162,1501
742339,Elephant,550242,1710
742364,Mouse,3155,71
742373,Mouse,4126,73
742375,Mouse,4754,74
742393,Mouse,5389,72
742495,Mouse,3816,64
742542,Mouse,4287,66
742665,Mouse,5795,71
742681,Elephant,68251,530
742753,Mouse,4168,67
742984,Mouse,4711,69
743017,Mouse,4137,69
743039,Mouse,3034,72
743085,Mouse,5065,78
743088,Elephant,527516,1320
743101,Mouse,4563,79
743132,Mouse,4827,79
743176,Elephant,30631,214
743232,Mouse,5787,68
743240,Mouse,5376,65
743249,Mouse,5122,70
743317,Mouse,4395,65
743326,Mouse,5247,65
743345,Mouse,4585,70
743382,Mouse,4664,68
743487,Mouse,5456,70
743529,Mouse,5696,69
743554,Mouse,5690,78
743608,Mouse,3656,78
743613,Mouse,4448,82
743667,Mouse,5626,77
743678,Mouse,5685,82
743712,Mouse,4640,88
743732,Mouse,4443,86
743755,Mouse,3143,89
743825,Mouse,4160,85
743899,Elephant,271479,887
743939,Mouse,4313,78
743942,Elephant,518533,1199
744001,Mouse,5326,65
744040,Mouse,3925,64
744061,Mouse,3525,64
744077,Mouse,3751,64
744117,Mouse,4937,65
744163,Mouse,3664,64
744170,Mouse,5336,65
744207,Mouse,3923,65
744308,Mouse,4693,65
744359,Mouse,4127,64
744392,Mouse,3259,64
744409,Mouse,3503,64
744428,Mouse,4683,65
744541,Mouse,3651,64
744545,Mouse,4117,64
744667,Mouse,3907,64
744676,Mouse,4260,65
744709,Mouse,4777,65
744739,Mouse,5590,66
744767,Mouse,3535,65
744827,Mouse,5082,65
744845,Mouse,5752,66
744970,Mouse,4323,65
745088,Mouse,5779,67
745122,Mouse,3752,66
745150,Mouse,4710,65
745172,Mouse,5500,69
745220,Mouse,3450,64
745351,Mouse,4671,69
745372,Mouse,4312,69
745425,Elephant,217947,723
745437,Mouse,3559,64
745444,Mouse,5036,65
745535,Mouse,3262,64
745566,Mouse,4496,65
745655,Mouse,4340,65
745678,Mouse,4486,65
745790,Mouse,3268,64
745806,Mouse,3069,66
745807,Mouse,4748,68
745829,Mouse,3126,64
745860,Mouse,3811,64
745880,Mouse,4551,65
745985,Mouse,3404,64
746073,Mouse,3077,64
746165,Mouse,3580,64
746193,Mouse,5086,65
746272,Mouse,4066,64
746359,Mouse,5147,65
746428,Mouse,3131,64
746435,Mouse,5769,66
746533,Mouse,4492,65
746557,Mouse,3530,69
746560,Mouse,5037,73
746572,Mouse,4800,65
746584,Mouse,4827,65
746757,Mouse,3496,64
746781,Mouse,5758,66
746827,Mouse,5005,65
746879,Mouse,4808,65
746905,Mouse,4347,69
746943,Elephant,204149,673
747026,Mouse,3392,64
747153,Mouse,3442,64
747200,Mouse,5211,65
747392,Mouse,3177,66
747415,Mouse,4444,73
747425,Mouse,3726,64
747496,Mouse,5385,72
747694,Mouse,4099,70
747710,Mouse,4977,74
747799,Mouse,3270,89
748048,Mouse,5334,127
748196,Mouse,3133,152
748285,Mouse,3602,158
748374,Mouse,3847,146
748452,Elephant,365593,1254
748489,Mouse,5185,163
748508,Mouse,3021,156
748525,Mouse,3486,156
748554,Mouse,5066,158
748587,Elephant,332986,1303
748623,Mouse,3599,149
748626,Mouse,4906,156
748640,Mouse,5715,155
748736,Mouse,3076,124
748786,Mouse,4177,121
748897,Mouse,5794,144
748911,Mouse,3195,144
748947,Mouse,5759,148
748952,Elephant,300845,1542
748956,Mouse,4446,143
748962,Mouse,3164,142
749018,Mouse,4956,152
749045,Mouse,3117,134
749091,Mouse,3772,141
749101,Mouse,5685,147
749120,Mouse,5659,134
749169,Mouse,4645,151
749386,Mouse,4828,164
749402,Mouse,4144,165
749463,Mouse,3018,178
749589,Elephant,53780,688
749627,Elephant,589914,2422
749645,Mouse,4177,185
749660,Elephant,312512,1954
749668,Mouse,3845,185
749672,Mouse,4341,178
749707,Mouse,3015,164
749724,Mouse,3306,145
749773,Mouse,3208,113
749790,Mouse,4093,98
749916,Mouse,5079,120
750046,Elephant,505318,2115
750053,Mouse,5093,142
750101,Mouse,4848,123
750115,Mouse,4153,113
750118,Mouse,5684,108
750150,Mouse,4299,112
750218,Mouse,4438,110
750218,Mouse,4579,111
750255,Mouse,3724,106
750277,Elephant,178464,1145
750293,Mouse,4456,106
750302,Elephant,76442,597
750311,Mouse,4214,109
750331,Mouse,4340,114
750386,Mouse,4873,89
750400,Mouse,3853,83
750423,Mouse,3267,77
750479,Mouse,4565,79
750488,Mouse,4704,83
750524,Elephant,532983,2070
750529,Mouse,5545,75
750643,Mouse,5522,66
750689,Mouse,4922,66
750702,Mouse,3076,64
750713,Mouse,3196,67
750726,Mouse,4572,70
750750,Mouse,5691,69
750783,Mouse,5053,73
750783,Mouse,5423,78
750787,Mouse,4791,71
750835,Mouse,5105,66
750843,Mouse,3832,68
750857,Mouse,3192,70
750908,Mouse,3821,70
750942,Mouse,3560,66
751001,Mouse,5243,66
751067,Elephant,472977,1301
751081,Mouse,4362,65
751150,Mouse,4047,64
751287,Mouse,3000,63
751322,Mouse,5233,65
751338,Mouse,5459,66
751552,Mouse,3430,64
751619,Mouse,5810,67
751657,Mouse,3706,64
751698,Mouse,4665,65
751714,Mouse,5795,71
751778,Mouse,4800,65
751852,Mouse,4970,67
751860,Mouse,3330,66
751861,Mouse,4169,67
751890,Mouse,5710,70
751921,Mouse,4196,67
751971,Mouse,3850,65
752279,Mouse,3276,70
752296,Mouse,3822,73
752321,Elephant,360066,937
752371,Mouse,4443,69
752405,Mouse,3713,67
752504,Mouse,3796,64
752532,Mouse,3718,66
752561,Mouse,5402,68
752574,Mouse,3780,66
752699,Mouse,3444,67
752725,Mouse,5514,69
752813,Mouse,4676,73
752814,Mouse,5314,74
752827,Mouse,5779,77
752858,Mouse,3963,78
752879,Mouse,4097,86
752912,Mouse,3583,80
753028,Elephant,315638,978
753046,Mouse,3428,73
753084,Mouse,3894,66
753123,Mouse,3515,66
753190,Mouse,4701,68
753243,Mouse,5025,69
753268,Mouse,3269,73
753366,Mouse,4510,93
753388,Mouse,5393,99
753452,Mouse,4065,111
753476,Mouse,5740,118
753500,Elephant,113189,576
753518,Mouse,3540,107
753571,Mouse,5285,112
753586,Mouse,5219,119
753590,Elephant,553008,1561
753599,Mouse,4207,101
753622,Mouse,4878,103
753706,Mouse,4352,88
753734,Mouse,3551,86
753789,Mouse,4562,102
753834,Mouse,3426,108
753878,Mouse,4696,112
754077,Mouse,5641,136
754172,Mouse,4992,145
754182,Mouse,4171,146
754326,Mouse,3179,173
754369,Mouse,5639,182
754376,Mouse,3689,186
754383,Mouse,5703,186
754454,Mouse,3617,180
754480,Mouse,4241,190
754581,Mouse,3229,198
754673,Elephant,282126,1462
754678,Mouse,3613,191
754692,Mouse,4755,197
754720,Elephant,391678,1614
754762,Mouse,4725,163
754772,Mouse,5588,160
754789,Elephant,202969,1261
754810,Mouse,4199,121
754821,Elephant,533125,1826
754852,Mouse,3910,95
754867,Mouse,3320,94
754937,Mouse,3700,70
755038,Mouse,3882,70
755088,Elephant,72024,692
755168,Mouse,5808,71
755174,Mouse,4716,67
755236,Mouse,5463,70
755308,Mouse,4576,75
755443,Mouse,3316,74
755544,Mouse,4437,76
755569,Mouse,3883,78
755673,Elephant,492243,1902
755729,Mouse,3713,69
755744,Elephant,360234,997
755782,Mouse,5193,67
755786,Mouse,4522,67
755838,Mouse,3556,64
755909,Mouse,5677,67
755923,Mouse,4913,65
756026,Mouse,4240,64
756172,Mouse,5522,66
756319,Mouse,5673,66
756360,Mouse,3166,65
756363,Mouse,3284,65
756390,Mouse,3989,64
756415,Mouse,3915,64
756528,Mouse,3138,64
756577,Mouse,3872,64
756643,Mouse,4406,69
756751,Mouse,3002,63
756770,Mouse,4637,67
756940,Mouse,4384,70
756958,Mouse,3860,75
757050,Mouse,4647,68
757078,Mouse,3402,74
757154,Elephant,114661,523
757302,Mouse,4746,73
757335,Mouse,4310,76
757342,Mouse,4940,80
757379,Elephant,279067,851
757508,Mouse,3722,67
757720,Elephant,596586,1243
757788,Mouse,5630,66
757808,Mouse,3552,64
757884,Mouse,4423,65
757897,Mouse,5789,66
757913,Mouse,5237,65
757920,Mouse,3938,64
757952,Mouse,3984,64
758035,Mouse,4537,65
758038,Mouse,4017,65
758045,Mouse,3475,64
758213,Mouse,4493,65
758290,Mouse,4082,64
758384,Mouse,5214,65
758395,Mouse,4831,65
758478,Mouse,4442,65
758526,Mouse,4471,65
758717,Mouse,5498,66
758721,Mouse,3259,64
758789,Mouse,5519,66
758897,Mouse,5476,66
758926,Mouse,3267,64
758951,Mouse,5827,66
759074,Mouse,3108,65
759076,Mouse,3339,66
759199,Mouse,5510,66
759241,Mouse,5102,66
759277,Mouse,4193,64
759371,Mouse,4870,65
759467,Mouse,3611,64
759501,Mouse,4207,64
759567,Mouse,3738,64
759616,Mouse,4097,64
759697,Mouse,3056,64
759728,Mouse,5365,65
759820,Mouse,3790,64
759831,Mouse,4657,65
759922,Mouse,5164,65
759969,Mouse,3149,64
760044,Mouse,5425,65
760185,Mouse,4096,65
760191,Mouse,5677,66
760199,Mouse,3783,64
760236,Mouse,4414,66
760326,Mouse,4559,65
760397,Mouse,4310,73
760404,Mouse,4359,76
760434,Mouse,3621,72
760438,Elephant,65253,378
760464,Mouse,4855,79
760581,Mouse,4410,67
760588,Mouse,5317,71
760599,Mouse,4145,74
760611,Elephant,169826,626
760618,Mouse,5427,81
760649,Mouse,3008,73
760687,Mouse,4178,89
760894,Mouse,4358,75
760963,Mouse,5743,82
760981,Mouse,5000,88
760997,Mouse,4494,94
761027,Mouse,3024,91
761054,Mouse,4223,104
761108,Mouse,5078,111
761111,Mouse,3643,110
761150,Mouse,3615,115
761169,Mouse,3648,116
761171,Elephant,286405,947
761184,Elephant,323504,1001
761266,Mouse,5349,65
761298,Mouse,5270,65
761302,Mouse,3251,64
761338,Mouse,3314,66
761364,Mouse,3824,67
761395,Mouse,3248,64
761432,Mouse,5073,71
761483,Mouse,3909,64
761547,Mouse,4387,66
761561,Elephant,269219,867
761568,Mouse,3171,64
761585,Mouse,5358,67
761589,Mouse,4083,66
761838,Mouse,5024,65
761855,Mouse,4934,65
761954,Mouse,3118,64
761972,Mouse,4697,65
762075,Mouse,5062,68
762100,Mouse,3935,64
762121,Mouse,4235,64
762467,Mouse,4326,69
762524,Mouse,4463,65
762611,Mouse,4329,65
762686,Elephant,315688,854
762777,Mouse,3366,64
762848,Mouse,4713,65
763035,Mouse,3754,64
763046,Mouse,3600,69
763051,Mouse,4266,72
763056,Mouse,4430,76
763073,Mouse,4674,65
763128,Mouse,4171,67
763198,Mouse,5186,65
763217,Mouse,3339,66
763242,Mouse,5104,66
763330,Mouse,5727,70
763336,Mouse,5666,66
763359,Mouse,4997,68
763376,Mouse,3003,64
763396,Mouse,3407,67
763423,Mouse,3007,69
763434,Elephant,303288,846
763596,Mouse,3550,66
763615,Mouse,4699,65
763639,Mouse,4012,68
763687,Mouse,3103,66
763707,Mouse,4871,65
763752,Mouse,3176,64
763775,Mouse,5497,70
763875,Mouse,4516,67
763970,Mouse,4391,71
763975,Mouse,5056,67
764034,Mouse,4213,66
764118,Mouse,3706,70
764168,Mouse,5434,73
764222,Mouse,4151,76
764232,Mouse,5126,79
764322,Mouse,3074,77
764373,Mouse,4284,81
764398,Mouse,3822,88
764400,Mouse,4771,91
764475,Elephant,461826,1121
764690,Mouse,3811,64
764753,Mouse,4722,69
764812,Elephant,588462,1275
764813,Mouse,5207,74
764900,Mouse,3253,64
764904,Mouse,3926,64
764916,Mouse,4248,64
764997,Mouse,4573,65
765041,Mouse,4906,66
765064,Mouse,4142,64
765229,Mouse,3427,64
765335,Mouse,3547,64
765374,Mouse,3556,64
765578,Mouse,3496,64
765610,Mouse,3272,64
765642,Mouse,5457,66
765654,Mouse,3761,65
765657,Mouse,3135,64
765736,Mouse,4962,65
765790,Mouse,4944,68
765795,Mouse,4430,71
765828,Mouse,5398,65
765837,Mouse,3356,70
765868,Mouse,3475,64
765875,Mouse,4373,67
765944,Mouse,4976,70
765978,Elephant,174874,623
766124,Mouse,3721,64
766137,Mouse,4504,67
766204,Mouse,4841,69
766205,Mouse,4414,69
766209,Mouse,5461,67
766274,Mouse,3874,67
766310,Mouse,3981,68
766330,Mouse,4180,73
766363,Mouse,3278,74
766367,Mouse,4260,76
766392,Mouse,3466,73
766406,Mouse,3622,74
766418,Mouse,3161,76
766425,Mouse,4888,82
766474,Mouse,4428,79
766521,Elephant,371227,966
766565,Mouse,4252,69
766600,Mouse,3797,67
766654,Mouse,5023,72
766668,Elephant,140126,563
766783,Mouse,4323,71
766838,Mouse,4287,65
766852,Mouse,4035,66
766879,Mouse,3626,70
766906,Mouse,4316,71
767120,Mouse,4790,74
767150,Elephant,353574,951
767312,Mouse,4707,69
767387,Mouse,4401,69
767482,Mouse,3270,75
767539,Mouse,4209,74
767744,Elephant,67127,383
767789,Mouse,4835,76
767840,Mouse,4352,77
767870,Mouse,4241,75
767915,Mouse,5638,82
767937,Mouse,5580,91
767958,Mouse,5527,83
768033,Mouse,4875,81
768043,Elephant,542225,1466
768058,Mouse,3819,66
768173,Mouse,3421,64
768228,Mouse,5036,68
768253,Mouse,3728,68
768306,Mouse,5390,65
768510,Elephant,465022,1314
768531,Mouse,5717,72
768567,Mouse,5536,69
768575,Mouse,4643,71
768587,Mouse,3828,67
768651,Mouse,4011,68
768727,Mouse,3827,71
769006,Mouse,5388,100
769039,Mouse,4238,100
769391,Elephant,468500,1263
769445,Mouse,3437,111
769481,Elephant,45683,440
769488,Mouse,3465,97
769581,Mouse,3599,84
769621,Elephant,472387,1344
769667,Mouse,3680,73
769705,Mouse,5384,66
769739,Mouse,3437,64
769746,Mouse,4057,65
769799,Mouse,3537,67
769800,Mouse,4749,68
769860,Mouse,4816,73
769867,Mouse,4990,76
770004,Mouse,4778,70
770136,Elephant,584059,1543
770216,Mouse,3138,64
770241,Mouse,3477,66
770242,Mouse,4551,67
770260,Mouse,3387,66
770274,Mouse,3287,64
770287,Mouse,4428,68
770387,Mouse,4765,65
770398,Mouse,3537,67
770408,Mouse,4270,73
770413,Mouse,5606,68
770443,Mouse,4604,69
770472,Mouse,4309,65
770497,Mouse,4590,65
770504,Mouse,3057,66
770505,Mouse,3579,66
770527,Mouse,3930,67
770582,Mouse,5204,70
770602,Mouse,5230,65
770622,Mouse,3796,68
770669,Mouse,3466,64
770727,Mouse,3171,64
770831,Mouse,5775,71
770851,Mouse,3537,64
770866,Elephant,174316,623
770871,Mouse,5358,67
770893,Mouse,4072,66
770896,Mouse,5114,68
771019,Mouse,4654,67
771039,Mouse,3117,64
771223,Mouse,3316,64
771287,Mouse,3666,64
771331,Mouse,3343,64
771357,Mouse,3697,64
771467,Mouse,4814,65
771512,Mouse,4388,65
771584,Mouse,4738,65
771695,Mouse,5094,65
771770,Mouse,4433,66
771781,Mouse,3898,64
771867,Mouse,4516,65
771974,Mouse,4016,64
772117,Mouse,4005,67
772134,Mouse,3273,71
772212,Mouse,3445,66
772290,Mouse,3874,72
772331,Mouse,5743,78
772362,Mouse,3811,84
772371,Mouse,5090,90
772401,Elephant,185608,678
772463,Elephant,290437,843
772473,Mouse,4956,70
772525,Mouse,4147,71
772531,Mouse,3318,72
772577,Mouse,3719,65
772620,Mouse,4916,69
772666,Mouse,4259,70
772717,Mouse,3633,64
772880,Mouse,4491,69
772930,Mouse,4138,71
772937,Mouse,4217,68
772966,Mouse,3445,64
773049,Mouse,4623,68
773132,Mouse,5573,67
773170,Mouse,4858,69
773282,Mouse,3954,66
773301,Elephant,508034,1415
773372,Mouse,5201,65
773433,Mouse,4307,65
773454,Mouse,5077,65
773518,Mouse,5180,65
773558,Mouse,3615,64
773616,Mouse,4409,65
773620,Mouse,3035,64
773629,Mouse,4996,65
773821,Mouse,3999,64
773881,Mouse,5634,66
773957,Mouse,4146,64
774005,Mouse,5536,66
774066,Mouse,5320,69
774082,Mouse,4659,67
774401,Mouse,3077,64
774438,Mouse,4438,67
774443,Mouse,5782,67
774590,Mouse,4987,68
774624,Elephant,439626,1100
774666,Mouse,5139,68
774825,Mouse,3872,64
774875,Mouse,5575,66
774881,Mouse,3127,64
774900,Mouse,5787,66
774934,Mouse,3914,64
774972,Mouse,4127,64
774979,Mouse,4085,66
775087,Mouse,4603,65
775097,Mouse,5170,65
775118,Mouse,5610,69
775137,Mouse,4329,65
775168,Mouse,3994,70
775198,Mouse,3639,68
775217,Mouse,5330,73
775232,Mouse,5101,70
775244,Mouse,3319,70
775263,Mouse,3639,71
775310,Mouse,5036,69
775337,Mouse,4545,68
775407,Mouse,4685,71
775420,Elephant,88860,417
775426,Mouse,3569,66
775468,Mouse,5536,67
775500,Mouse,4498,73
775569,Mouse,3933,67
775642,Mouse,3604,66
775709,Elephant,174424,652
775747,Mouse,3033,68
775768,Mouse,3376,67
775774,Mouse,5618,66
775846,Mouse,3597,67
775847,Mouse,3407,67
775878,Elephant,405497,996
775919,Mouse,4597,69
775922,Mouse,3198,70
775930,Mouse,3059,64
775937,Mouse,3781,64
776027,Mouse,4369,65
776041,Mouse,4168,64
776085,Mouse,5793,67
776114,Mouse,4207,64
776131,Mouse,5345,71
776159,Mouse,3313,65
776177,Mouse,5609,66
776192,Mouse,3230,64
776239,Mouse,4893,66
776243,Mouse,5707,68
776267,Mouse,4211,64
776304,Mouse,4041,64
776504,Mouse,4016,69
776507,Mouse,3853,65
776553,Mouse,3657,64
776574,Mouse,3690,67
776613,Mouse,4102,66
776896,Mouse,4392,68
776909,Elephant,204557,701
776937,Mouse,4867,70
777042,Elephant,349401,921
777064,Mouse,5273,66
777084,Mouse,5189,68
777097,Mouse,4397,65
777113,Mouse,3897,64
777286,Mouse,5764,68
777310,Mouse,3814,72
777321,Mouse,5134,65
777366,Mouse,4047,65
777419,Mouse,4926,68
777451,Mouse,3030,65
777470,Mouse,5177,73
777616,Mouse,3408,76
777633,Elephant,231298,753
777642,Mouse,4324,75
777669,Mouse,3489,73
777693,Mouse,4050,74
777696,Mouse,3907,76
777750,Mouse,4648,78
777776,Mouse,5333,82
777962,Mouse,3319,70
778069,Mouse,3461,74
778081,Mouse,3146,79
778220,Mouse,4191,90
778280,Mouse,4159,97
778319,Mouse,3671,106
778339,Mouse,4008,107
778354,Mouse,3250,110
778460,Mouse,3905,112
778518,Mouse,4158,100
778541,Elephant,588791,1431
778550,Elephant,595265,1416
778581,Mouse,4731,79
778583,Mouse,4589,75
778669,Mouse,5363,65
778675,Mouse,5056,65
778742,Mouse,3634,64
778780,Mouse,5606,66
778805,Mouse,3990,64
778837,Mouse,3975,66
778981,Mouse,3902,64
779008,Elephant,55663,320
779029,Mouse,3293,64
779111,Mouse,4977,65
779140,Mouse,4993,74
779193,Mouse,5103,65
779245,Mouse,3676,64
779466,Elephant,129637,533
779499,Mouse,3845,64
779591,Mouse,3370,64
779772,Mouse,3335,64
779777,Mouse,4766,65
779882,Elephant,288298,864
779928,Mouse,5066,67
779936,Mouse,4109,64
780045,Mouse,4242,65
780145,Mouse,4974,65
780176,Mouse,4621,65
780315,Mouse,4743,65
780328,Mouse,5068,67
780366,Mouse,4719,69
780378,Mouse,5387,67
780530,Mouse,5425,70
780549,Mouse,4053,72
780559,Mouse,5224,75
780583,Mouse,4983,76
780658,Mouse,3564,71
780699,Mouse,4009,73
780904,Mouse,3673,94
780924,Mouse,5692,102
780983,Mouse,3282,107
780995,Mouse,5229,113
781008,Mouse,5704,120
781027,Mouse,4319,127
781093,Mouse,5325,136
781172,Elephant,317649,1203
781203,Mouse,3682,127
781206,Mouse,5427,129
781239,Mouse,5233,141
781330,Elephant,409309,1530
781333,Mouse,5563,111
781377,Mouse,4905,95
781522,Elephant,561715,1437
781536,Mouse,4580,92
781771,Mouse,3325,77
781781,Mouse,4737,82
781825,Mouse,3213,91
782004,Mouse,3336,115
782062,Elephant,301140,1175
782082,Mouse,4924,110
782119,Mouse,4004,121
782151,Elephant,276475,1093
782186,Mouse,4194,91
782238,Mouse,4693,71
782311,Mouse,3886,70
782462,Elephant,271853,967
782467,Mouse,3441,79
782494,Elephant,247733,960
782537,Mouse,5220,70
782643,Mouse,5225,65
782656,Mouse,3594,67
782846,Mouse,3229,66
782868,Mouse,4090,65
782942,Mouse,3055,64
782986,Mouse,3255,64
783015,Mouse,5540,70
783019,Mouse,3116,65
783093,Mouse,4188,66
783113,Mouse,3079,65
783131,Mouse,3907,64
783207,Elephant,443914,1220
783320,Mouse,4874,65
783327,Mouse,4656,65
783333,Mouse,5169,65
783340,Mouse,4855,65
783395,Mouse,4777,65
783563,Mouse,5016,65
783981,Mouse,4330,75
784026,Mouse,5362,73
784142,Mouse,3981,74
784184,Mouse,4929,83
784234,Elephant,204198,723
784237,Mouse,5543,95
784248,Mouse,5714,94
784270,Mouse,5334,97
784291,Mouse,5779,98
784345,Mouse,5505,78
784346,Mouse,3662,79
784445,Mouse,3825,74
784571,Mouse,5532,70
784597,Mouse,3049,74
784605,Mouse,4006,82
784614,Mouse,5114,84
784654,Mouse,5149,88
784671,Mouse,4380,95
784722,Mouse,3559,90
784729,Mouse,3048,90
784782,Elephant,437259,1147
784795,Mouse,5147,83
784909,Elephant,561814,1368
784981,Mouse,4211,67
784986,Mouse,5603,71
784994,Mouse,3597,69
785061,Mouse,5703,67
785062,Mouse,3413,67
785080,Mouse,5485,69
785255,Mouse,4773,66
785398,Mouse,4478,65
785426,Mouse,4554,69
785605,Mouse,4665,74
785615,Mouse,4529,78
785622,Elephant,264370,792
785649,Mouse,3307,72
785704,Mouse,4159,64
785740,Mouse,4458,65
785761,Mouse,4721,70
785764,Mouse,3169,70
785817,Mouse,5288,76
785818,Elephant,67212,386
785873,Mouse,3212,64
785920,Mouse,4365,70
785922,Mouse,5609,73
786015,Mouse,3618,67
786040,Elephant,375535,958
786088,Mouse,4275,65
786098,Mouse,3819,64
786102,Mouse,4542,66
786124,Mouse,5560,66
786132,Mouse,4090,65
786179,Mouse,3340,64
786278,Mouse,5688,66
786347,Mouse,5233,65
786444,Mouse,5719,66
786475,Mouse,3682,64
786548,Mouse,4732,68
786554,Mouse,3686,64
786584,Mouse,3301,67
786599,Mouse,4462,66
786752,Mouse,4326,65
786820,Mouse,5656,72
786877,Mouse,5381,81
786983,Mouse,3600,70
787023,Mouse,4750,77
787033,Elephant,84019,430
787060,Mouse,4354,87
787095,Mouse,3913,82
787121,Mouse,3234,87
787140,Mouse,4356,89
787283,Mouse,5539,96
787491,Mouse,4463,123
787539,Elephant,81742,582
787580,Mouse,3583,127
787621,Elephant,547858,1360
787628,Mouse,5392,124
787668,Mouse,5019,109
787673,Mouse,3284,108
787692,Mouse,4433,103
787721,Mouse,5750,87
787730,Mouse,5429,84
787740,Mouse,4699,83
787826,Mouse,4225,76
787915,Mouse,3642,81
787948,Elephant,374751,1198
787955,Mouse,4315,84
787994,Elephant,340362,1152
788005,Mouse,3824,78
788126,Mouse,3596,64
788151,Mouse,5570,66
788163,Mouse,4625,65
788198,Mouse,3841,68
788200,Mouse,5251,70
788220,Mouse,4738,65
788274,Mouse,3401,64
788368,Mouse,4480,65
788545,Mouse,4369,67
788559,Mouse,4978,65
788623,Mouse,3052,66
788658,Mouse,3661,66
788711,Mouse,5251,72
788836,Mouse,4218,67
788912,Mouse,4336,65
789021,Mouse,3949,68
789046,Mouse,4431,77
789061,Mouse,4125,73
789201,Mouse,4998,88
789226,Elephant,495590,1195
789284,Elephant,109957,487
789302,Elephant,106801,489
789303,Mouse,3985,68
789332,Mouse,3126,64
789362,Mouse,5540,66
789373,Mouse,5614,66
789379,Mouse,5040,65
789455,Mouse,4612,69
789462,Mouse,3884,64
789484,Mouse,4837,65
789501,Mouse,3187,75
789562,Mouse,5516,66
789586,Mouse,3992,65
789652,Mouse,5028,65
789812,Mouse,4997,65
789839,Mouse,5107,70
789898,Mouse,3845,64
789903,Mouse,3189,64
789996,Mouse,3502,67
790042,Mouse,3862,69
790070,Mouse,3690,67
790107,Mouse,4694,69
790114,Mouse,3637,72
790199,Mouse,4268,66
790249,Mouse,5787,75
790300,Mouse,4572,83
790329,Mouse,3533,83
790368,Mouse,5404,84
790404,Mouse,3255,92
790405,Mouse,5536,93
790508,Mouse,3550,99
790540,Mouse,4634,98
790597,Mouse,5809,113
790603,Mouse,4325,116
790629,Mouse,3125,120
790660,Mouse,5119,131
790683,Elephant,593975,1342
790686,Mouse,3468,131
790702,Mouse,4709,128
790782,Mouse,4758,104
790783,Mouse,5150,83
790877,Mouse,3160,66
790915,Elephant,314883,1030
790934,Mouse,5091,73
790960,Mouse,5045,66
791039,Elephant,259966,934
791162,Mouse,5413,65
791265,Mouse,3577,64
791281,Mouse,4070,67
791352,Mouse,3804,64
791392,Mouse,4725,65
791514,Mouse,5643,70
791713,Mouse,5535,68
791778,Mouse,4267,68
791920,Mouse,5812,70
791944,Mouse,4039,67
791980,Mouse,3569,68
791991,Mouse,5433,73
792067,Mouse,5674,66
792129,Elephant,593826,1221
792144,Mouse,4739,66
792194,Mouse,4141,64
792254,Mouse,3417,64
792314,Mouse,5270,65
792349,Mouse,4169,64
792362,Mouse,3125,64
792460,Mouse,5682,66
792469,Mouse,4004,64
792549,Mouse,5711,66
792629,Mouse,3223,64
792647,Mouse,4159,64
792835,Mouse,4022,64
792924,Mouse,5286,65
793125,Elephant,46891,279
793256,Mouse,5436,66
793423,Mouse,3514,64
793452,Mouse,3616,64
793477,Mouse,5030,65
793547,Mouse,3655,64
793640,Mouse,4046,64
793660,Mouse,5102,65
793834,Mouse,4934,65
793852,Mouse,4625,66
793893,Mouse,3652,67
793901,Mouse,3928,64
793940,Mouse,5818,70
794026,Mouse,4451,65
794041,Mouse,4559,65
794050,Mouse,3298,64
794158,Mouse,5503,66
794172,Mouse,5642,66
794201,Mouse,5030,70
794261,Mouse,3093,64
794270,Mouse,5772,66
794369,Mouse,4106,67
794485,Mouse,4860,65
794509,Mouse,3963,67
794540,Elephant,279474,803
794616,Mouse,3260,64
794620,Mouse,3150,64
794648,Mouse,3902,67
794697,Mouse,3855,67
794715,Mouse,4560,65
794719,Mouse,4793,65
794807,Mouse,3718,64
794985,Mouse,5829,67
794993,Mouse,4312,69
795010,Mouse,3116,74
795053,Mouse,5553,74
795090,Mouse,3144,67
795188,Mouse,5414,77
795199,Mouse,3817,83
795217,Elephant,40367,259
795278,Mouse,4009,86
795284,Mouse,5367,90
795312,Elephant,378736,1000
795314,Mouse,3139,72
795322,Mouse,3865,71
795365,Mouse,4457,65
795418,Mouse,5183,69
795440,Mouse,4690,74
795751,Mouse,5718,82
795767,Elephant,282010,928
795797,Mouse,4673,84
795798,Mouse,3397,84
795920,Mouse,5594,82
795987,Mouse,3786,93
796089,Mouse,4122,108
796167,Mouse,4396,119
796190,Mouse,3443,124
796223,Mouse,4733,128
796231,Mouse,4330,132
796246,Elephant,190106,811
796316,Mouse,5387,125
796334,Mouse,4305,133
796367,Mouse,3419,124
796422,Mouse,4607,116
796487,Mouse,3428,115
796565,Elephant,552075,1501
796595,Mouse,5229,110
796598,Mouse,5682,111
796599,Elephant,241951,1053
796613,Mouse,3496,91
796716,Mouse,3204,68
796782,Mouse,4217,73
796799,Mouse,3363,75
796911,Mouse,4097,90
796996,Mouse,4334,108
797006,Mouse,4415,113
797028,Mouse,3147,122
797147,Mouse,3914,129
797164,Mouse,5317,131
797215,Mouse,5114,133
797381,Elephant,538884,1661
797494,Mouse,3834,109
797549,Mouse,4513,109
797565,Mouse,5798,116
797627,Mouse,5808,132
797645,Mouse,4286,138
797656,Mouse,5050,139
797732,Mouse,4025,166
797913,Mouse,4316,150
797982,Elephant,372898,1486
797995,Mouse,4970,159
798004,Mouse,3069,161
798114,Mouse,3795,154
798131,Mouse,3712,153
798151,Mouse,4385,146
798173,Mouse,3982,146
798192,Elephant,399904,1740
798308,Mouse,3125,131
798312,Mouse,5325,130
798387,Mouse,3038,124
798542,Mouse,5405,129
798549,Mouse,5345,133
798700,Mouse,5618,148
798735,Elephant,449189,1865
798749,Mouse,5840,148
798804,Mouse,3901,121
798896,Elephant,583348,2142
798950,Mouse,3649,79
799003,Mouse,3789,70
799032,Mouse,5814,72
799202,Elephant,390097,1736
799209,Mouse,5553,68
799290,Mouse,3296,64
799299,Mouse,4965,69
799410,Mouse,3720,65
799521,Mouse,4121,67
799538,Mouse,5797,74
799595,Elephant,565958,1550
799614,Mouse,3078,64
799634,Mouse,4293,65
799829,Mouse,5790,73
799866,Mouse,3680,72
799887,Mouse,4569,65
799894,Mouse,4487,65
799901,Mouse,3184,67
800039,Mouse,3043,69
800394,Mouse,3820,69
800405,Mouse,4814,76
800493,Elephant,254198,830
800512,Mouse,5561,77
800575,Mouse,5796,66
800831,Mouse,3309,70
800898,Mouse,4025,75
800987,Mouse,5271,85
801029,Mouse,5444,93
801042,Elephant,284586,888
801045,Mouse,3243,92
801047,Elephant,580547,1338
801060,Mouse,4834,80
801146,Mouse,4888,65
801264,Mouse,4958,65
801326,Mouse,3149,64
801372,Mouse,5245,66
801380,Mouse,4507,65
801435,Mouse,4816,65
801470,Mouse,3266,64
801650,Mouse,4395,65
801741,Mouse,5693,67
801760,Mouse,5308,71
801885,Mouse,4707,67
801919,Mouse,5656,75
801956,Mouse,4111,75
801978,Mouse,3737,76
802063,Elephant,217699,727
802075,Mouse,4581,68
802117,Mouse,5642,70
802213,Mouse,5256,69
802303,Mouse,4651,66
802403,Mouse,4753,69
802434,Mouse,3206,68
802481,Mouse,3915,69
802503,Mouse,5034,71
802568,Mouse,3211,80
802572,Elephant,357831,1189
802847,Mouse,3385,64
803020,Mouse,5511,72
803224,Elephant,84570,451
803238,Mouse,4054,89
803328,Mouse,3345,88
803385,Mouse,4417,91
803405,Elephant,98559,542
803412,Mouse,4161,87
803438,Elephant,307694,941
803442,Mouse,5172,87
803479,Mouse,4816,77
803600,Mouse,4480,69
803617,Mouse,4257,67
803620,Mouse,3109,66
803636,Mouse,5764,70
803656,Mouse,3333,73
803740,Mouse,4430,68
803740,Elephant,469572,1266
803796,Mouse,5186,71
803844,Mouse,5298,75
803890,Mouse,4168,66
803908,Mouse,4143,64
803926,Mouse,3227,67
804012,Mouse,5169,70
804057,Mouse,3265,70
804100,Mouse,5000,71
804120,Mouse,4683,65
804202,Mouse,4383,69
804250,Mouse,4092,69
804255,Mouse,3881,69
804258,Mouse,3241,65
804307,Mouse,3283,67
804333,Mouse,3149,75
804343,Mouse,5189,76
804379,Mouse,3525,76
804384,Mouse,3901,79
804387,Elephant,350518,932
804390,Mouse,4164,76
804534,Mouse,3894,68
804729,Mouse,3214,64
804745,Mouse,5077,69
804824,Mouse,5511,74
804888,Mouse,4389,76
804935,Mouse,5511,78
804977,Mouse,4720,92
805000,Mouse,3883,100
805168,Mouse,5431,115
805253,Elephant,342318,1048
805260,Mouse,3348,125
805327,Mouse,4145,112
805380,Elephant,190778,957
805397,Mouse,5449,108
805514,Mouse,3003,106
805528,Mouse,5537,107
805606,Mouse,4513,129
805619,Mouse,3544,131
805698,Mouse,5275,138
805789,Mouse,3714,163
805809,Mouse,5802,162
806051,Mouse,4867,194
806123,Mouse,4135,200
806150,Elephant,216984,1283
806203,Mouse,4836,193
806240,Mouse,4110,192
806290,Mouse,5463,182
806334,Mouse,4927,188
806449,Mouse,3483,205
806466,Mouse,5038,203
806474,Mouse,3037,203
806501,Mouse,4665,210
806525,Mouse,3810,212
806528,Mouse,5487,218
806550,Elephant,513537,2049
806561,Mouse,3944,209
806589,Mouse,5432,212
806670,Mouse,4173,191
806677,Elephant,292367,1954
806684,Mouse,4343,194
806744,Elephant,106395,1132
806813,Mouse,5241,150
806821,Mouse,3609,128
806868,Mouse,5516,135
806896,Elephant,237155,1654
806961,Mouse,3923,107
807044,Mouse,3874,113
807062,Elephant,432294,2016
807063,Elephant,159610,1455
807075,Elephant,259337,1695
807079,Mouse,4686,90
807102,Mouse,3669,92
807126,Mouse,3304,64
807154,Mouse,3190,67
807165,Mouse,4816,77
807174,Mouse,5321,70
807216,Mouse,4652,72
807302,Mouse,4080,68
807327,Mouse,5223,70
807334,Elephant,84065,501
807360,Mouse,4314,65
807416,Mouse,4167,67
807422,Mouse,5156,66
807484,Mouse,4611,65
807549,Mouse,5743,73
807619,Mouse,4283,68
807670,Mouse,4582,69
807790,Elephant,75016,407
807805,Elephant,243765,769
807826,Mouse,4994,69
807859,Mouse,3667,64
807881,Mouse,5041,65
807988,Mouse,4544,65
808080,Mouse,4608,65
808090,Mouse,4330,65
808105,Mouse,5324,68
808158,Mouse,3355,74
808159,Mouse,5393,75
808172,Mouse,3864,73
808220,Mouse,4469,74
808269,Mouse,5616,66
808372,Mouse,5241,68
808376,Mouse,4550,67
808463,Mouse,3775,64
808507,Mouse,3508,65
808520,Mouse,3831,69
808525,Elephant,320144,876
808625,Mouse,5649,66
808695,Mouse,5646,66
808818,Mouse,5271,65
808878,Mouse,4191,64
808908,Mouse,4881,65
808935,Mouse,4266,67
808936,Mouse,4496,67
808944,Mouse,3293,64
809179,Mouse,5760,66
809257,Mouse,5027,65
809340,Mouse,4228,64
809380,Mouse,5552,66
809451,Mouse,3119,64
809609,Mouse,3522,64
809767,Mouse,3810,65
809871,Mouse,5628,70
809880,Mouse,5166,70
809966,Mouse,3360,72
810017,Mouse,3934,81
810026,Elephant,244878,774
810031,Mouse,3303,72
810070,Mouse,3022,70
810109,Elephant,123779,528
810121,Mouse,5252,67
810170,Mouse,3611,68
810385,Elephant,297232,868
810402,Mouse,5352,65
810677,Mouse,3577,70
810969,Mouse,3124,99
811039,Mouse,4412,116
811145,Mouse,4250,124
811164,Elephant,467306,1228
811168,Mouse,3319,128
811212,Mouse,3449,99
811222,Mouse,3322,99
811227,Mouse,3292,99
811242,Mouse,3457,97
811268,Mouse,4075,85
811276,Mouse,5205,90
811301,Mouse,5815,94
811343,Mouse,4998,100
811346,Mouse,3191,97
811354,Elephant,375904,1139
811688,Mouse,4867,65
811904,Mouse,5629,69
811986,Mouse,5463,76
812025,Elephant,550837,1615
812171,Mouse,4141,67
812198,Mouse,5813,76
812229,Mouse,4999,77
812253,Elephant,41216,263
812295,Mouse,5532,79
812298,Mouse,3210,71
812302,Elephant,174796,652
812337,Mouse,5209,71
812347,Mouse,5675,75
812348,Mouse,4692,74
812373,Mouse,5080,69
812408,Mouse,4708,66
812415,Elephant,333796,1399
812448,Mouse,4527,65
812458,Mouse,5757,69
812506,Mouse,3210,65
812507,Mouse,3480,65
812688,Mouse,3794,67
812852,Mouse,5663,66
812873,Mouse,3616,64
813151,Mouse,5217,70
813168,Mouse,5488,74
813225,Elephant,310944,864
813256,Mouse,4596,75
813270,Mouse,3682,64
813303,Mouse,3004,70
813418,Mouse,5657,70
813469,Mouse,4854,75
813497,Elephant,453462,1068
813589,Mouse,4855,65
813675,Mouse,5349,69
813700,Mouse,4030,64
813813,Mouse,4353,74
813817,Mouse,5684,75
813875,Elephant,170683,634
813911,Mouse,5389,65
813927,Mouse,5312,65
813975,Mouse,5148,65
814039,Mouse,4038,64
814129,Mouse,5213,65
814183,Mouse,5802,66
814198,Mouse,5281,65
814243,Mouse,4035,67
814246,Mouse,5543,70
814340,Mouse,4677,65
814350,Mouse,3638,64
814381,Mouse,5104,65
814486,Mouse,4942,65
814695,Mouse,5050,65
814713,Mouse,5368,65
814722,Mouse,3591,64
814790,Mouse,5803,66
814798,Mouse,3427,64
814845,Mouse,4431,67
814846,Mouse,3193,65
814849,Mouse,3555,65
814856,Mouse,3929,64
814986,Mouse,4419,65
815068,Mouse,5415,65
815291,Elephant,129928,534
815339,Mouse,3070,64
815479,Mouse,4795,65
815500,Mouse,5056,65
815519,Mouse,3960,64
815563,Mouse,3101,65
815581,Mouse,5383,65
815610,Mouse,4778,71
815776,Elephant,47104,282
815783,Mouse,5452,66
815851,Elephant,67260,362
815934,Mouse,5619,70
815949,Mouse,3904,64
815953,Mouse,4959,66
815986,Mouse,4219,77
815988,Mouse,4743,74
815989,Mouse,5288,76
816120,Mouse,5364,65
816151,Mouse,4443,69
816167,Mouse,3390,64
816184,Mouse,4615,66
816294,Mouse,5365,69
816348,Mouse,3630,64
816415,Mouse,3271,71
816428,Mouse,4704,76
816446,Mouse,3631,67
816463,Elephant,256532,771
816471,Mouse,5086,73
816497,Mouse,3217,66
816633,Mouse,5619,66
816643,Mouse,5435,66
816654,Mouse,3360,66
816743,Mouse,4279,66
816758,Elephant,53234,333
816849,Mouse,5275,72
816943,Mouse,5029,70
816968,Mouse,5442,76
816986,Mouse,3343,80
817160,Elephant,317425,911
817162,Mouse,4079,94
817254,Mouse,5270,71
817263,Mouse,3862,71
817460,Mouse,3629,92
817490,Elephant,181732,736
817515,Mouse,3561,102
817570,Mouse,4039,94
817771,Mouse,5426,106
817800,Mouse,4611,116
817910,Mouse,4703,145
817938,Mouse,5510,153
818049,Mouse,5014,164
818058,Mouse,3667,165
818079,Mouse,5171,170
818102,Elephant,591260,1648
818136,Mouse,4413,165
818216,Mouse,5654,147
818229,Mouse,4852,146
818365,Mouse,5741,120
818448,Mouse,3060,130
818491,Mouse,4559,140
818493,Elephant,573974,1844
818712,Mouse,4856,96
818862,Mouse,5162,113
818933,Mouse,5036,125
819015,Mouse,3115,125
819048,Mouse,3440,132
819077,Mouse,5795,139
819101,Mouse,4630,135
819248,Mouse,4474,147
819306,Mouse,3794,151
819315,Mouse,4313,157
819320,Mouse,3349,159
819348,Mouse,3502,161
819350,Elephant,537147,2005
819387,Mouse,4273,150
819402,Elephant,441224,1749
819420,Mouse,3554,113
819423,Mouse,4969,116
819450,Mouse,4424,77
819461,Mouse,5074,80
819478,Elephant,513631,1842
819557,Mouse,4369,65
819626,Mouse,5807,66
819694,Mouse,3340,64
819794,Mouse,5444,66
819870,Mouse,5443,68
819872,Mouse,4842,68
819920,Mouse,5403,65
819981,Mouse,3679,64
819993,Mouse,3087,64
820167,Mouse,4567,71
820378,Mouse,5593,70
820390,Elephant,63855,339
820392,Mouse,4511,72
820482,Mouse,3469,64
820524,Mouse,5616,66
820591,Mouse,5097,65
820608,Mouse,3420,64
820675,Mouse,5008,65
820785,Mouse,3937,64
820792,Mouse,3081,64
820795,Mouse,3411,64
820831,Mouse,5099,65
820885,Mouse,3655,64
820903,Mouse,3567,68
820911,Mouse,4445,72
820921,Mouse,5055,76
820990,Mouse,5671,69
821005,Elephant,253016,825
821023,Mouse,4746,65
821032,Mouse,4409,68
821040,Mouse,3547,65
821071,Mouse,3809,64
821147,Mouse,3337,64
821315,Mouse,4941,65
821363,Mouse,4002,64
821388,Mouse,4622,65
821439,Mouse,3063,64
821483,Mouse,3125,64
821547,Mouse,3373,64
821584,Mouse,3234,64
821591,Mouse,5623,67
821666,Mouse,3098,64
821860,Mouse,5154,65
821871,Mouse,5158,65
821944,Mouse,4523,65
821992,Mouse,3734,64
822052,Mouse,3603,64
822120,Mouse,3942,64
822193,Mouse,3725,67
822193,Mouse,3369,67
822285,Mouse,3571,64
822288,Mouse,3021,64
822361,Mouse,3365,64
822381,Mouse,3874,64
822428,Mouse,4129,64
822468,Mouse,5720,66
822557,Mouse,4955,65
822674,Mouse,3121,64
822690,Mouse,5343,65
822696,Mouse,4638,65
822753,Mouse,3300,64
822764,Mouse,4492,65
822769,Mouse,3282,64
822786,Mouse,3779,64
822803,Mouse,4236,64
822861,Mouse,5764,69
823080,Mouse,3710,66
823168,Mouse,4559,68
823213,Mouse,3668,64
823439,Mouse,4041,72
823446,Mouse,3884,67
823569,Mouse,4208,77
823577,Elephant,251249,784
823689,Mouse,4950,70
823744,Mouse,3732,71
823852,Elephant,348236,1026
823879,Mouse,4162,75
823888,Mouse,5041,70
823975,Mouse,3098,64
824047,Mouse,5503,73
824105,Mouse,3796,73
824292,Mouse,3364,74
824308,Mouse,4189,70
824509,Elephant,465442,1166
824517,Mouse,3757,73
824613,Mouse,4227,67
824691,Mouse,5074,67
824718,Mouse,5600,70
824727,Mouse,3926,66
824874,Mouse,3924,66
824900,Elephant,508061,1143
824926,Mouse,3748,67
825012,Mouse,5632,66
825156,Mouse,3548,64
825447,Mouse,4246,64
825564,Mouse,3242,64
825682,Mouse,4276,65
825709,Mouse,4514,65
825720,Mouse,3457,67
825780,Mouse,3543,64
825837,Mouse,3680,64
826036,Mouse,3162,64
826131,Mouse,3982,64
826175,Mouse,3211,64
826261,Mouse,4216,64
826267,Mouse,5508,66
826270,Mouse,4197,64
826277,Mouse,5325,66
826296,Mouse,5012,68
826377,Mouse,5061,70
826409,Elephant,281409,889
826413,Mouse,5326,68
826446,Mouse,4115,66
826493,Mouse,4812,65
826547,Mouse,4602,65
826558,Mouse,4022,64
826634,Mouse,4967,66
826637,Mouse,5710,68
826686,Mouse,3754,64
826825,Mouse,4842,65
826857,Mouse,3685,64
826924,Mouse,4261,65
827029,Mouse,3082,64
827079,Mouse,4282,65
827100,Mouse,3085,66
827108,Mouse,5411,66
827208,Mouse,5578,66
827233,Mouse,5532,69
827239,Mouse,4947,71
827252,Mouse,3250,64
827733,Mouse,4703,79
827766,Mouse,3796,90
827824,Mouse,3918,105
827980,Mouse,3147,122
828051,Mouse,4256,134
828111,Mouse,3537,145
828117,Elephant,410391,1170
828174,Mouse,3109,131
828176,Mouse,4491,132
828199,Mouse,5009,128
828213,Mouse,5653,133
828245,Mouse,4178,137
828298,Mouse,4153,137
828317,Mouse,3234,146
828377,Mouse,4963,141
828520,Mouse,3054,153
828795,Mouse,4214,168
828798,Mouse,5001,171
828813,Mouse,4737,174
828862,Mouse,4817,183
828887,Mouse,4517,188
828895,Mouse,5027,191
828937,Mouse,4679,201
828971,Elephant,92127,882
828994,Mouse,3702,200
829062,Mouse,3759,193
829068,Mouse,4272,194
829167,Mouse,5150,180
829179,Mouse,5240,180
829203,Mouse,4054,180
829204,Mouse,4115,182
829230,Elephant,516786,1931
829266,Mouse,3835,195
829368,Elephant,558653,2022
829386,Mouse,4457,182
829435,Mouse,5798,166
829443,Mouse,5685,160
829679,Mouse,4548,140
829751,Mouse,5169,152
829784,Elephant,523352,2236
829827,Mouse,3059,157
829837,Elephant,69482,778
829840,Mouse,3845,162
829856,Mouse,3070,132
829865,Mouse,4257,136
829888,Mouse,4451,144
829909,Mouse,3571,137
830050,Mouse,5219,112
830088,Mouse,5282,124
830091,Mouse,3985,126
830097,Elephant,481588,2410
830177,Mouse,3541,105
830187,Mouse,4857,111
830201,Mouse,5772,106
830205,Mouse,3431,107
830224,Mouse,4897,100
830254,Mouse,3808,104
830268,Mouse,3654,108
830350,Mouse,3180,100
830381,Mouse,3872,102
830502,Mouse,5566,105
830545,Mouse,4637,114
830568,Mouse,3123,115
830646,Mouse,3193,121
830875,Mouse,5103,141
830934,Elephant,505935,1988
831008,Mouse,3351,135
831025,Mouse,5076,134
831062,Mouse,5285,136
831070,Mouse,3620,134
831101,Mouse,3740,131
831210,Elephant,505512,2089
831234,Mouse,3594,123
831252,Elephant,498955,1880
831259,Mouse,5038,106
831289,Mouse,4765,96
831296,Mouse,5376,94
831476,Mouse,3292,75
831504,Mouse,3895,76
831509,Mouse,3271,80
831578,Mouse,4691,95
831586,Elephant,146045,802
831599,Mouse,3282,92
831634,Mouse,5024,84
831673,Mouse,4578,84
831784,Mouse,5405,80
831815,Mouse,3346,82
831858,Mouse,3824,90
831893,Elephant,172343,865
831894,Elephant,323512,1193
831977,Mouse,3706,66
831994,Mouse,4764,65
832028,Mouse,3479,64
832239,Mouse,5671,71
832261,Mouse,5399,68
832327,Mouse,4090,69
832355,Elephant,402605,1339
832375,Mouse,4218,69
832455,Mouse,3494,64
832643,Mouse,3744,64
832652,Mouse,5260,67
832752,Mouse,3388,64
832787,Mouse,4616,70
832810,Mouse,4180,64
832840,Mouse,4894,73
832866,Mouse,4388,65
832978,Mouse,3601,64
833014,Mouse,4593,70
833030,Mouse,5323,65
833053,Mouse,3067,67
833059,Elephant,167940,598
833116,Mouse,3189,64
833148,Mouse,4590,65
833208,Mouse,3313,64
833259,Mouse,5321,65
833276,Mouse,5001,65
833376,Mouse,4722,65
833481,Mouse,4474,66
833551,Mouse,5326,76
833614,Mouse,3421,67
833631,Mouse,3460,68
833760,Mouse,4224,68
833995,Mouse,4589,99
834054,Elephant,188566,717
834102,Mouse,4544,108
834117,Mouse,5481,96
834228,Mouse,3037,85
834307,Elephant,204982,944
834383,Elephant,317667,1008
834415,Mouse,5040,83
834440,Mouse,3035,76
834444,Mouse,5470,78
834465,Mouse,3145,87
834534,Mouse,4334,70
834544,Mouse,5683,73
834554,Mouse,4406,73
834560,Mouse,5366,76
834567,Mouse,3066,76
834640,Elephant,442816,1212
834687,Mouse,3067,64
834828,Mouse,4555,66
834842,Mouse,3826,68
834858,Mouse,5038,65
834937,Mouse,4627,67
834986,Mouse,5834,66
835016,Mouse,5539,68
835116,Mouse,4431,66
835189,Mouse,4561,69
835311,Elephant,502518,1213
835419,Mouse,3793,65
835427,Mouse,3842,67
835442,Mouse,4401,65
835452,Mouse,3383,67
835563,Mouse,3694,67
835575,Mouse,4690,70
835663,Mouse,4572,70
835669,Mouse,5316,72
835705,Mouse,5779,78
835774,Mouse,4569,70
835793,Mouse,3014,66
835854,Mouse,4297,70
836125,Mouse,5752,74
836191,Mouse,3120,73
836344,Mouse,5076,93
836355,Mouse,4367,99
836371,Elephant,586033,1362
836380,Elephant,447227,1213
836426,Mouse,5164,72
836524,Mouse,4705,65
836550,Mouse,5354,69
836560,Mouse,5707,68
836571,Mouse,5130,65
836748,Mouse,4939,65
836830,Mouse,3489,65
836940,Mouse,4267,67
836974,Elephant,211466,790
837011,Mouse,5660,66
837016,Mouse,3835,64
837060,Mouse,3014,64
837089,Mouse,4951,70
837103,Mouse,4117,71
837111,Mouse,5599,66
837196,Mouse,4574,65
837223,Mouse,3906,67
837308,Mouse,3821,67
837362,Mouse,5446,73
837536,Mouse,3771,67
837577,Mouse,3804,67
837586,Mouse,4493,70
837655,Mouse,4707,72
837658,Mouse,4591,73
837659,Elephant,345565,1081
837722,Mouse,4772,65
837794,Mouse,4427,68
837803,Mouse,4697,71
837886,Mouse,3509,65
838020,Mouse,4515,67
838030,Mouse,4164,69
838096,Elephant,300497,1078
838222,Mouse,4759,65
838242,Mouse,5527,66
838269,Mouse,4722,65
838360,Mouse,3385,64
838398,Mouse,4426,65
838423,Mouse,5205,65
838557,Mouse,4354,65
838561,Mouse,4649,65
838584,Mouse,4602,65
838595,Mouse,3760,64
838650,Mouse,5738,66
838789,Mouse,4814,65
838850,Mouse,3923,64
838925,Mouse,4401,65
839003,Mouse,4354,65
839029,Mouse,4590,69
839150,Mouse,5354,65
839245,Mouse,5471,67
839273,Mouse,3612,65
839302,Mouse,5609,76
839303,Mouse,5678,76
839356,Mouse,4365,78
839378,Mouse,4481,76
839469,Mouse,4468,78
839549,Mouse,4021,70
839577,Elephant,286371,829
839672,Mouse,3470,65
839743,Mouse,5209,71
839753,Mouse,3182,75
839784,Mouse,5611,74
839800,Elephant,161483,741
839857,Mouse,3896,64
840011,Mouse,4666,66
840022,Mouse,5289,72
840104,Elephant,351019,944
840206,Mouse,4301,65
840230,Mouse,3366,64
840235,Mouse,4069,64
840261,Mouse,5376,65
840494,Mouse,3003,64
840499,Mouse,5476,66
840521,Mouse,5368,65
840633,Mouse,4390,66
840795,Mouse,4425,65
840950,Mouse,3533,73
840974,Mouse,3038,68
841053,Mouse,5616,72
841085,Mouse,3236,75
841148,Mouse,3776,72
841254,Elephant,315977,897
841267,Elephant,163432,643
841336,Mouse,4862,82
841337,Mouse,3698,80
841366,Mouse,3116,71
841388,Mouse,4591,74
841412,Mouse,4961,73
841424,Mouse,4525,75
841473,Mouse,3961,76
841500,Mouse,3529,66
841519,Mouse,4236,71
841595,Mouse,4704,78
841717,Mouse,5811,72
841754,Mouse,3892,79
841851,Elephant,396193,1070
841855,Mouse,4538,80
841981,Mouse,3565,69
842049,Mouse,5599,75
842123,Mouse,5092,79
842217,Mouse,3478,83
842260,Mouse,3801,88
842293,Mouse,4368,98
842330,Mouse,4277,106
842339,Elephant,345671,1018
842346,Mouse,5657,106
842359,Mouse,5059,100
842378,Mouse,5254,107
842388,Mouse,5768,107
842511,Mouse,4237,67
842523,Mouse,3648,70
842532,Elephant,510132,1366
842548,Mouse,3359,74
842597,Mouse,4273,68
842798,Mouse,3900,64
842836,Mouse,4023,67
842918,Elephant,100646,463
842930,Elephant,241625,843
843044,Mouse,5590,66
843052,Mouse,5070,65
843112,Mouse,4039,64
843130,Mouse,4829,66
843133,Mouse,5190,68
843200,Mouse,4538,65
843213,Mouse,3931,67
843214,Mouse,5397,69
843327,Mouse,3099,64
843373,Mouse,4696,65
843551,Mouse,3191,64
843621,Mouse,3608,71
843637,Mouse,5272,65
843641,Mouse,4350,65
843667,Mouse,3307,64
843680,Mouse,3935,65
843721,Mouse,5697,67
843765,Mouse,5135,67
843810,Mouse,3812,64
843876,Mouse,3035,66
843896,Mouse,3655,68
843921,Mouse,3986,71
843992,Mouse,4007,70
844005,Mouse,3834,67
844046,Mouse,3421,75
844120,Mouse,4876,80
844142,Mouse,3513,87
844148,Elephant,324901,1041
844214,Mouse,3922,65
844229,Mouse,5798,74
844274,Mouse,4543,74
844307,Elephant,68976,385
844398,Mouse,5665,67
844412,Mouse,4392,69
844429,Mouse,4580,66
844506,Elephant,338957,986
844536,Mouse,3136,66
844545,Mouse,5831,68
844584,Mouse,3823,65
844727,Mouse,5137,76
844882,Mouse,3050,101
845047,Mouse,4317,133
845082,Mouse,4881,139
845189,Mouse,5235,155
845298,Mouse,5571,168
845474,Mouse,4335,193
845496,Mouse,5198,198
845536,Mouse,5802,202
845562,Mouse,5501,208
845575,Mouse,5811,216
845600,Mouse,4121,222
845614,Mouse,4076,228
845690,Mouse,4883,239
845731,Mouse,5036,252
845758,Mouse,5458,260
845767,Mouse,4203,261
845821,Mouse,4927,263
845829,Mouse,3577,265
845917,Mouse,4634,252
845944,Elephant,524837,1818
845959,Elephant,331127,1577
845969,Mouse,5761,265
845985,Mouse,3557,237
846001,Mouse,5042,212
846014,Elephant,284738,1518
846035,Mouse,5141,212
846036,Mouse,5811,216
846079,Mouse,3633,179
846098,Mouse,4415,141
846172,Mouse,4620,107
846236,Mouse,3752,111
846275,Mouse,5668,119
846291,Mouse,4190,124
846297,Mouse,3201,126
846304,Elephant,264856,1814
846353,Mouse,5091,126
846372,Mouse,5283,109
846410,Mouse,3847,110
846504,Mouse,4142,92
846514,Mouse,5622,97
846628,Mouse,5111,107
846643,Mouse,5365,109
846648,Mouse,3265,109
846655,Elephant,442985,1955
846743,Elephant,586128,2242
846775,Mouse,3146,64
846882,Mouse,3907,64
847077,Mouse,4059,64
847113,Mouse,3884,68
847251,Mouse,4789,65
847405,Mouse,5814,67
847422,Mouse,4960,71
847431,Mouse,5275,77
847474,Mouse,3136,76
847490,Mouse,4362,72
847503,Mouse,4267,70
847518,Mouse,4924,68
847556,Mouse,5207,76
847638,Mouse,3509,67
847679,Mouse,4091,67
847720,Mouse,3465,67
847765,Elephant,298446,896
847886,Mouse,3808,66
847944,Mouse,4788,66
847972,Mouse,3419,66
847985,Mouse,3888,67
847989,Mouse,3795,70
848088,Mouse,5590,70
848096,Elephant,393413,984
848097,Mouse,3064,70
848143,Mouse,5799,71
848198,Mouse,4837,65
848208,Mouse,4167,68
848273,Mouse,4483,65
848337,Mouse,4314,67
848531,Mouse,3456,64
848543,Mouse,5169,65
848556,Mouse,3362,65
848562,Mouse,3935,69
848575,Mouse,5732,75
848607,Mouse,4108,72
848740,Mouse,3860,66
848761,Mouse,5777,66
848904,Mouse,4765,69
848926,Mouse,5251,68
848967,Mouse,4814,68
849130,Elephant,586116,1202
849185,Mouse,3865,64
849225,Mouse,4685,65
849239,Mouse,3616,64
849322,Mouse,4058,64
849365,Mouse,3862,67
849367,Mouse,3393,66
849400,Mouse,4843,65
849566,Mouse,3355,64
849647,Mouse,3888,64
849697,Mouse,5492,70
849698,Mouse,5285,69
849711,Mouse,5108,65
849742,Mouse,3144,69
849758,Mouse,4967,65
849853,Mouse,3229,64
849902,Mouse,4517,65
850058,Mouse,5524,69
850093,Mouse,4798,65
850107,Mouse,5017,72
850169,Mouse,3606,64
850380,Mouse,5036,65
850402,Elephant,88900,413
850408,Mouse,3146,64
850421,Mouse,5256,65
850446,Mouse,5587,66
850453,Mouse,4083,64
850468,Mouse,3384,69
850471,Mouse,3162,65
850528,Mouse,3288,64
850555,Mouse,4290,67
850613,Mouse,4205,64
850619,Mouse,5698,66
850741,Mouse,4218,66
850751,Mouse,3026,64
850768,Mouse,3383,66
850769,Elephant,72238,370
850788,Mouse,3502,71
850847,Mouse,5450,66
850918,Mouse,4968,65
850925,Mouse,3131,64
850980,Mouse,3286,64
851064,Mouse,3746,64
851098,Mouse,5399,65
851152,Mouse,4776,65
851219,Mouse,4861,70
851228,Mouse,4122,71
851299,Mouse,5316,70
851321,Mouse,3187,64
851402,Mouse,3334,65
851436,Mouse,5548,70
851454,Mouse,3550,65
851461,Mouse,3919,71
851533,Mouse,3602,72
851552,Mouse,3494,68
851631,Mouse,4936,78
851655,Mouse,3421,83
851683,Elephant,507497,1146
851804,Mouse,3043,67
851830,Elephant,119827,524
851838,Mouse,5085,65
851840,Elephant,66572,392
851862,Mouse,3027,70
851876,Mouse,3185,64
851885,Mouse,4276,65
851927,Mouse,4701,65
851988,Mouse,4167,66
851998,Mouse,5350,71
852079,Mouse,5232,68
852139,Mouse,4306,69
852147,Mouse,4598,65
852242,Mouse,3798,67
852303,Mouse,3062,71
852400,Mouse,4220,73
852431,Mouse,4724,70
852469,Mouse,5525,73
852489,Mouse,4667,72
852565,Mouse,4086,68
852571,Mouse,5702,74
852585,Mouse,3979,76
852590,Elephant,297467,849
852623,Mouse,3232,75
852623,Mouse,4859,78
852727,Mouse,4343,73
852736,Mouse,3207,66
852742,Mouse,3076,64
852830,Mouse,4559,66
852832,Mouse,4080,66
852889,Mouse,3226,68
852902,Elephant,143636,576
852926,Elephant,43075,279
852983,Mouse,4729,65
853042,Mouse,3692,67
853120,Elephant,149193,594
853157,Mouse,5697,68
853211,Mouse,4876,65
853248,Mouse,4783,65
853285,Mouse,3745,64
853348,Mouse,5078,65
853396,Mouse,4844,65
853435,Mouse,5437,66
853520,Mouse,4197,66
853522,Mouse,3860,66
853634,Mouse,5158,70
853677,Mouse,4280,69
853702,Mouse,3470,64
853707,Mouse,3830,67
853722,Mouse,4594,68
853800,Mouse,3737,68
853811,Mouse,4740,70
853881,Mouse,5534,67
853997,Mouse,5553,69
854083,Mouse,5376,69
854089,Mouse,3932,66
854104,Elephant,461808,1063
854114,Mouse,4452,66
854128,Mouse,3930,66
854140,Mouse,4296,65
854152,Mouse,4903,65
854345,Mouse,4606,67
854347,Mouse,5097,68
854352,Mouse,3030,64
854373,Mouse,5115,69
854411,Mouse,3303,67
854440,Mouse,4166,64
854529,Mouse,4920,65
854541,Mouse,4174,68
854553,Mouse,5330,65
854573,Mouse,3097,64
854596,Mouse,4083,67
854613,Mouse,5582,66
854637,Mouse,3872,67
854742,Mouse,4975,70
854747,Mouse,4691,68
854757,Mouse,5306,69
854770,Mouse,5791,68
854899,Mouse,4138,64
854928,Mouse,4652,74
854990,Elephant,285659,815
855047,Mouse,3824,65
855049,Mouse,3292,66
855062,Elephant,69412,434
855065,Mouse,5244,68
855186,Mouse,3716,67
855249,Mouse,3362,64
855278,Elephant,105207,478
855286,Mouse,3305,64
855351,Mouse,4014,64
855405,Mouse,3514,64
855496,Mouse,3467,64
855529,Mouse,4760,65
855540,Mouse,3182,64
855593,Mouse,5423,65
855681,Mouse,3856,64
855743,Mouse,4328,65
855937,Mouse,3224,64
855964,Mouse,5589,66
855969,Mouse,5671,66
856130,Mouse,3534,64
856156,Mouse,3709,64
856171,Mouse,3246,64
856207,Mouse,4707,65
856211,Mouse,4202,64
856353,Mouse,5586,66
856403,Mouse,3208,64
856459,Mouse,5269,67
856533,Mouse,3279,64
856559,Mouse,5547,66
856634,Mouse,4543,69
856639,Mouse,5162,70
856731,Mouse,3017,67
856949,Elephant,246414,768
856951,Mouse,4833,73
856979,Mouse,4282,72
856993,Mouse,4601,79
857001,Mouse,3521,78
857042,Mouse,4684,80
857082,Mouse,3453,68
857091,Mouse,5735,66
857161,Mouse,4945,72
857182,Elephant,131244,535
857207,Mouse,5428,74
857231,Mouse,5629,82
857255,Mouse,3139,66
857275,Mouse,3686,74
857364,Mouse,5528,74
857430,Mouse,5212,78
857542,Mouse,5289,71
857571,Elephant,308449,877
857702,Mouse,4663,73
857707,Mouse,5326,70
857795,Mouse,3258,71
857795,Mouse,3483,73
857849,Elephant,365527,979
857853,Mouse,3102,68
857870,Mouse,4824,71
857878,Mouse,3480,64
857981,Mouse,3366,64
858126,Mouse,3135,66
858159,Mouse,5064,68
858177,Mouse,3359,69
858230,Mouse,5461,70
858244,Mouse,4704,68
858268,Mouse,4070,69
858392,Mouse,4272,66
858420,Mouse,4777,73
858481,Mouse,5480,67
858499,Mouse,4871,68
858571,Elephant,351713,991
858594,Mouse,3211,67
858796,Mouse,5762,66
858908,Elephant,255673,818
858945,Mouse,4056,64
858952,Mouse,3901,64
858986,Mouse,3321,65
858998,Mouse,5150,65
859047,Mouse,5380,67
859052,Mouse,4923,69
859106,Mouse,5644,66
859201,Mouse,5086,68
859230,Mouse,3298,66
859260,Mouse,3354,64
859344,Mouse,4438,69
859358,Mouse,5710,71
859366,Mouse,4970,73
859462,Mouse,5266,68
859470,Mouse,3861,70
859482,Mouse,3647,73
859505,Elephant,151289,583
859543,Mouse,4934,73
859593,Mouse,3740,66
859609,Mouse,3046,64
859671,Mouse,4953,69
859678,Mouse,4368,69
859788,Elephant,272370,804
859868,Mouse,5125,65
859873,Mouse,5356,65
859913,Mouse,5339,66
859947,Elephant,40772,243
860001,Mouse,4386,67
860002,Mouse,4091,68
860018,Mouse,4888,65
860035,Mouse,3207,64
860047,Mouse,3880,68
860187,Mouse,3727,64
860201,Elephant,38997,241
860327,Mouse,3554,68
860378,Mouse,3805,69
860400,Mouse,4030,64
860512,Mouse,3966,64
860532,Mouse,3722,64
860546,Elephant,162067,589
860586,Mouse,4817,65
860591,Mouse,3931,65
860646,Mouse,5521,66
860688,Mouse,3006,64
860727,Mouse,5544,66
860843,Mouse,5606,66
861086,Mouse,3341,64
861104,Mouse,4863,65
861133,Mouse,5438,66
861140,Mouse,3270,64
861165,Mouse,4056,64
861218,Mouse,3632,64
861224,Mouse,4099,65
861263,Mouse,3539,65
861293,Mouse,4767,65
861296,Mouse,3488,64
861303,Mouse,4667,65
861370,Mouse,3185,64
861382,Mouse,5277,67
861424,Mouse,5548,69
861469,Mouse,4273,65
861530,Mouse,3973,64
861554,Mouse,3333,66
861596,Mouse,4585,69
861605,Mouse,3948,64
861629,Mouse,5577,67
861754,Mouse,3844,64
861812,Mouse,4263,67
861828,Mouse,3875,64
861914,Mouse,4498,68
862002,Mouse,3700,66
862020,Mouse,3089,64
862028,Mouse,5113,69
862262,Elephant,93191,452
862286,Mouse,5227,97
862376,Mouse,4547,85
862381,Mouse,4309,87
862528,Mouse,3476,96
862529,Elephant,522477,1306
862532,Mouse,3970,97
862558,Mouse,3463,90
862583,Mouse,5431,79
862592,Mouse,4165,81
862646,Mouse,3091,80
862658,Mouse,5238,84
862704,Mouse,5727,83
862868,Mouse,4759,86
862915,Mouse,5027,99
862967,Mouse,3718,114
863123,Mouse,5296,126
863168,Mouse,3778,132
863217,Elephant,547915,1481
863308,Mouse,4606,104
863357,Elephant,391023,1297
863369,Mouse,5044,95
863404,Mouse,5247,89
863450,Mouse,3497,76
863453,Mouse,5052,78
863497,Mouse,5291,81
863551,Mouse,3752,82
863617,Mouse,3617,80
863664,Mouse,3539,87
863680,Mouse,3419,89
863742,Mouse,5301,96
863744,Elephant,220521,961
863751,Mouse,5541,101
863892,Elephant,462910,1427
863918,Mouse,3001,69
864097,Mouse,5650,70
864170,Mouse,3609,67
864182,Mouse,4402,68
864222,Mouse,4079,69
864255,Mouse,5273,70
864355,Mouse,3516,68
864445,Mouse,5318,73
864551,Elephant,485914,1170
864689,Mouse,3730,67
864707,Mouse,3840,73
864734,Mouse,3282,70
864760,Mouse,3424,64
864810,Mouse,3044,65
864821,Mouse,4037,64
864846,Mouse,4930,72
864847,Mouse,5387,76
864854,Mouse,3429,76
864877,Mouse,4380,72
864931,Mouse,3557,78
865098,Elephant,512769,1152
865244,Mouse,3582,67
865282,Mouse,4268,68
865347,Mouse,3345,67
865409,Mouse,4771,70
865468,Mouse,5302,72
865542,Mouse,4214,68
865546,Mouse,3481,70
865670,Mouse,4600,69
865792,Mouse,3025,68
865866,Elephant,599698,1327
865931,Mouse,4755,70
865991,Mouse,4569,72
866001,Mouse,3315,66
866005,Mouse,4913,67
866243,Mouse,5766,69
866270,Mouse,3848,74
866293,Mouse,4601,74
866383,Mouse,5070,76
866500,Elephant,584463,1362
866517,Mouse,5385,80
866522,Mouse,3627,80
866558,Mouse,4593,75
866566,Mouse,3282,72
866576,Mouse,5738,66
866640,Mouse,3159,71
866649,Mouse,5212,77
866686,Mouse,4732,75
866730,Mouse,3100,68
866738,Mouse,3006,66
866753,Mouse,5347,72
866770,Mouse,4093,72
866865,Mouse,5281,74
866866,Mouse,3826,72
866890,Mouse,5615,74
866911,Mouse,5284,81
866986,Elephant,458408,1102
867051,Mouse,3675,65
867206,Mouse,5577,69
867210,Mouse,3556,66
867281,Mouse,4052,64
867316,Mouse,5473,69
867323,Mouse,5181,67
867378,Mouse,5097,66
867402,Elephant,292703,836
867460,Mouse,3433,64
867485,Mouse,5542,66
867507,Mouse,5790,66
867706,Mouse,5451,66
867746,Mouse,4473,65
867763,Mouse,5034,65
867930,Mouse,3470,64
867949,Mouse,5021,65
868007,Mouse,5784,72
868033,Mouse,3171,64
868093,Elephant,92663,418
868137,Mouse,3429,65
868161,Mouse,5630,66
868267,Mouse,4216,64
868527,Mouse,5007,65
868548,Mouse,3393,64
868748,Mouse,5525,68
868772,Mouse,4567,65
868784,Mouse,3560,67
868803,Mouse,5570,75
868814,Mouse,3807,74
868849,Mouse,4939,73
868864,Elephant,153529,580
868906,Mouse,5501,67
868912,Mouse,3957,68
868918,Mouse,3308,64
868931,Mouse,4679,69
868984,Mouse,4280,76
869039,Mouse,3617,71
869042,Mouse,3076,66
869276,Mouse,3833,73
869284,Mouse,3685,75
869295,Mouse,4243,74
869406,Mouse,5280,84
869488,Mouse,4154,89
869931,Mouse,4155,149
869972,Mouse,3332,157
870017,Mouse,3413,162
870043,Mouse,5363,167
870047,Elephant,581734,1491
870107,Mouse,4740,168
870128,Mouse,3468,150
870145,Mouse,3216,149
870172,Mouse,3033,147
870274,Elephant,485789,1587
870313,Mouse,4944,88
870340,Mouse,3610,77
870350,Mouse,5105,76
870371,Mouse,5522,82
870377,Elephant,204303,1067
870434,Mouse,4307,74
870485,Elephant,264110,1289
870486,Mouse,3780,67
870507,Mouse,5357,66
870593,Mouse,3033,65
870623,Mouse,3801,67
870641,Mouse,5736,74
870832,Elephant,339826,1372
870909,Mouse,4205,68
870951,Mouse,4043,67
870999,Mouse,4549,70
871028,Mouse,4814,65
871039,Mouse,5617,69
871073,Mouse,5221,66
871189,Mouse,4597,66
871310,Mouse,4248,67
871344,Mouse,5679,71
871369,Mouse,5050,74
871413,Elephant,293089,841
871536,Mouse,5371,65
871597,Mouse,3890,65
871623,Mouse,3974,64
871657,Mouse,4176,69
871675,Mouse,5636,66
871716,Mouse,3700,65
871806,Mouse,3189,64
871817,Mouse,4390,68
871973,Mouse,4282,65
872036,Elephant,364183,935
872570,Elephant,165154,724
872755,Mouse,4094,68
872854,Mouse,3617,67
872885,Mouse,4415,67
872906,Mouse,3904,64
873245,Mouse,5734,90
873258,Elephant,136521,624
873299,Mouse,5363,90
873307,Mouse,3548,91
873314,Mouse,3843,92
873316,Elephant,452627,1207
873318,Mouse,5570,95
873321,Mouse,3377,71
873366,Mouse,3379,67
873398,Mouse,3464,64
873438,Mouse,5361,69
873567,Mouse,3188,64
873575,Mouse,3828,67
873582,Mouse,4500,71
873596,Mouse,4107,67
873605,Mouse,3274,67
873706,Mouse,5028,65
873724,Mouse,4450,69
873732,Elephant,372332,1015
873766,Mouse,3369,65
873778,Mouse,5828,66
873784,Mouse,5119,65
873935,Mouse,4198,68
874086,Mouse,5442,67
874131,Mouse,4074,68
874402,Mouse,3447,70
874428,Elephant,276298,816
874547,Mouse,4764,70
874787,Mouse,5073,67
874832,Mouse,4498,72
874848,Mouse,4787,70
874918,Elephant,382821,962
874929,Mouse,4101,67
874982,Mouse,5305,69
875015,Mouse,4060,66
875197,Mouse,4641,70
875209,Mouse,4025,71
875220,Mouse,4398,70
875258,Mouse,5062,74
875411,Mouse,5688,70
875449,Elephant,32555,249
875479,Elephant,282829,831
875482,Mouse,3492,74
875496,Mouse,3474,65
875614,Mouse,5013,74
875752,Mouse,5268,65
875838,Mouse,4896,65
875897,Mouse,5370,70
875909,Mouse,3960,71
875962,Mouse,4431,77
876027,Elephant,421588,1030
876095,Mouse,4314,65
876105,Mouse,3872,64
876244,Mouse,4619,65
876362,Mouse,3616,70
876453,Mouse,3580,74
876461,Mouse,5190,76
876463,Mouse,5620,78
876476,Elephant,76953,373
876582,Mouse,5828,74
876598,Mouse,5087,81
876601,Mouse,3606,75
876650,Mouse,3941,66
876693,Elephant,195044,672
876771,Elephant,146793,577
876810,Mouse,3613,65
876856,Mouse,4115,64
876911,Mouse,5045,65
876982,Mouse,5036,65
877029,Mouse,4032,64
877059,Mouse,5806,66
877118,Mouse,4500,65
877163,Mouse,4548,66
877218,Mouse,3832,64
877301,Mouse,5466,66
877351,Mouse,4112,64
877384,Mouse,5813,66
877399,Mouse,5208,65
877410,Mouse,5376,70
877420,Mouse,5790,66
877525,Mouse,5225,65
877596,Mouse,3813,64
877683,Mouse,5276,70
877699,Mouse,3683,64
877723,Mouse,5085,71
877779,Mouse,5674,66
877915,Mouse,5162,65
877971,Mouse,5496,70
878121,Mouse,4855,73
878172,Mouse,4155,79
878190,Elephant,371074,980
878197,Mouse,5804,85
878281,Mouse,4260,65
878365,Mouse,5703,72
878453,Mouse,5823,68
878504,Mouse,4945,72
878592,Elephant,452688,1084
878611,Mouse,4958,66
878620,Mouse,3853,65
878692,Mouse,3833,64
878863,Mouse,3542,71
878872,Mouse,4883,65
878943,Mouse,4764,68
879023,Mouse,3620,66
879064,Mouse,4138,66
879137,Mouse,3077,66
879210,Mouse,4701,69
879232,Mouse,4422,69
879252,Mouse,5513,71
879254,Elephant,446627,1048
879266,Mouse,4622,65
879318,Mouse,3028,64
879330,Mouse,5061,65
879387,Mouse,4794,65
879625,Mouse,5467,67
879626,Mouse,3530,66
879729,Mouse,4731,65
879792,Mouse,3005,63
879822,Mouse,3630,64
879920,Mouse,5396,65
879934,Mouse,5080,65
879975,Mouse,5492,66
880011,Mouse,4814,65
880064,Mouse,3296,65
880108,Mouse,3056,65
880254,Mouse,4604,65
880263,Mouse,4769,65
880266,Mouse,3156,64
880356,Mouse,5575,70
880463,Mouse,3188,64
880609,Mouse,4305,65
880782,Mouse,5810,66
880824,Mouse,4400,66
880850,Mouse,5733,66
880882,Mouse,4063,64
880892,Mouse,4748,66
880915,Mouse,5050,65
880945,Mouse,3906,64
880953,Mouse,4828,65
880962,Mouse,3843,64
880969,Mouse,4086,64
880978,Mouse,5796,66
881001,Mouse,5420,66
881004,Mouse,3591,65
881020,Mouse,5248,67
881048,Mouse,3233,64
881130,Mouse,3638,65
881175,Mouse,3684,65
881347,Mouse,3297,64
881398,Mouse,5489,66
881433,Elephant,108826,459
881496,Mouse,3856,64
881563,Mouse,4494,65
881576,Mouse,3611,64
881583,Mouse,5185,65
881644,Mouse,4317,65
881745,Mouse,4201,64
881767,Mouse,5590,66
881852,Mouse,4565,65
881871,Mouse,4561,65
881903,Mouse,4911,65
881930,Mouse,4680,65
881978,Mouse,4443,65
882025,Mouse,3327,64
882051,Mouse,5697,66
882117,Mouse,5245,65
882143,Mouse,4699,65
882171,Mouse,4053,64
882259,Mouse,3775,64
882273,Mouse,3315,64
882342,Mouse,4869,65
882356,Mouse,3218,65
882359,Mouse,3756,66
882415,Mouse,4015,64
882534,Mouse,5701,66
882572,Mouse,3822,68
882717,Elephant,60226,325
882773,Mouse,3428,64
882786,Mouse,5126,69
882898,Mouse,3359,64
882943,Mouse,3407,65
883003,Mouse,5816,70
883096,Mouse,4702,69
883120,Mouse,5311,65
883179,Mouse,5307,68
883186,Mouse,5137,71
883336,Mouse,5609,66
883355,Elephant,582644,1197
883372,Mouse,5689,69
883383,Mouse,5253,69
883385,Mouse,3719,67
883424,Mouse,3753,65
883434,Mouse,5204,65
883508,Mouse,4842,65
883575,Mouse,3054,64
883647,Mouse,4289,68
883658,Mouse,5545,66
883677,Mouse,3984,64
883691,Mouse,3945,66
883815,Mouse,4122,68
883821,Mouse,4298,66
883971,Mouse,4685,69
883975,Mouse,3127,64
883995,Mouse,3907,64
884037,Mouse,5758,70
884046,Mouse,4632,72
884068,Mouse,3651,66
884082,Mouse,4584,71
884111,Mouse,3919,66
884239,Mouse,4596,65
884285,Mouse,5581,73
884336,Mouse,5611,81
884388,Mouse,4993,93
884402,Mouse,5444,99
884457,Mouse,3227,98
884536,Mouse,4838,97
884542,Mouse,3853,99
884627,Mouse,5660,112
884673,Mouse,4406,123
884727,Mouse,3869,121
884737,Mouse,5747,127
884877,Mouse,4068,141
884897,Mouse,4589,142
885015,Mouse,3864,157
885061,Mouse,3583,167
885169,Mouse,4838,180
885178,Elephant,149648,957
885191,Mouse,4438,171
885272,Elephant,588317,1740
885278,Mouse,3373,170
885280,Mouse,5801,176
885367,Mouse,3712,115
885431,Mouse,5322,105
885434,Elephant,499654,1577
885465,Mouse,5357,99
885497,Mouse,5838,89
885614,Mouse,4927,70
885674,Mouse,4293,75
885700,Mouse,5323,77
885746,Mouse,3890,77
885758,Mouse,5104,83
885818,Mouse,3591,83
885849,Elephant,389053,1624
885858,Mouse,5065,71
885891,Mouse,5137,78
885899,Mouse,5449,66
886000,Mouse,5447,70
886010,Mouse,5454,71
886020,Elephant,511212,1614
886024,Mouse,5125,73
886066,Mouse,4287,70
886132,Mouse,3960,65
886134,Mouse,4631,67
886163,Mouse,3808,64
886312,Mouse,3512,64
886425,Mouse,4054,64
886666,Mouse,4969,65
886677,Mouse,4697,65
886794,Mouse,4398,65
886799,Mouse,4774,65
886803,Mouse,4430,65
886815,Mouse,3879,65
886818,Mouse,4941,67
886879,Mouse,5562,66
886924,Mouse,3916,64
886970,Mouse,5673,68
887016,Mouse,3857,64
887138,Mouse,3692,64
887166,Mouse,3216,64
887175,Mouse,4590,65
887241,Mouse,5600,66
887286,Mouse,4741,66
887307,Mouse,4833,66
887402,Mouse,3755,67
887438,Mouse,3689,66
887555,Mouse,5237,76
887562,Elephant,30255,210
887595,Mouse,5816,73
887709,Mouse,5331,70
887746,Mouse,4154,66
887845,Mouse,3199,70
887895,Mouse,3532,81
887906,Mouse,4368,83
887985,Mouse,4473,93
888072,Elephant,263579,914
888076,Mouse,4359,100
888080,Elephant,219233,774
888089,Mouse,3790,99
888112,Mouse,4645,92
888151,Mouse,4776,85
888159,Mouse,4253,73
888260,Elephant,246277,827
888264,Mouse,3484,67
888270,Mouse,4245,67
888334,Mouse,5046,65
888356,Mouse,5365,67
888364,Mouse,3063,67
888383,Mouse,4441,65
888401,Mouse,3311,65
888501,Mouse,3261,67
888523,Mouse,3372,67
888534,Mouse,3912,66
888772,Elephant,265764,829
888923,Elephant,289757,816
888948,Mouse,3477,65
889044,Mouse,4610,68
889181,Mouse,3323,65
889417,Mouse,4416,65
889519,Elephant,143398,545
889845,Mouse,3448,67
889888,Mouse,5273,70
890027,Mouse,4107,68
890035,Mouse,5365,71
890063,Mouse,3495,71
890091,Mouse,3749,68
890116,Mouse,3881,74
890163,Mouse,5673,74
890181,Mouse,4045,79
890227,Mouse,3239,83
890271,Elephant,294461,857
890275,Mouse,4102,83
890277,Elephant,452411,1330
890282,Mouse,3007,77
890357,Mouse,4289,65
890563,Mouse,3351,64
890604,Mouse,3565,67
890628,Mouse,3721,64
890660,Mouse,5177,65
890700,Mouse,4211,64
890880,Mouse,3064,65
890882,Mouse,5377,68
890975,Mouse,4112,64
891021,Mouse,4204,64
891082,Elephant,39316,253
891098,Mouse,5757,73
891217,Mouse,3612,67
891377,Mouse,4025,73
891430,Mouse,4202,77
891503,Mouse,5283,79
891545,Elephant,573883,1427
891626,Mouse,5137,72
891640,Mouse,4480,65
891744,Mouse,5629,70
891763,Mouse,3906,75
891857,Mouse,3944,70
891860,Mouse,5050,73
891896,Mouse,4656,69
892011,Mouse,5789,76
892049,Mouse,5100,74
892141,Mouse,5444,82
892322,Mouse,4517,92
892372,Mouse,5585,101
892429,Mouse,4622,108
892477,Elephant,522525,1447
892510,Mouse,4403,91
892521,Mouse,3368,89
892538,Elephant,479528,1227
892611,Mouse,5450,66
892648,Mouse,5517,66
892697,Mouse,5323,65
892838,Mouse,3827,65
892859,Mouse,5587,69
893100,Mouse,3804,64
893164,Mouse,5818,72
893174,Mouse,4770,70
893214,Mouse,5789,74
893340,Elephant,347235,937
893377,Mouse,4629,66
893382,Mouse,5446,66
893505,Mouse,4974,65
893567,Mouse,5095,67
893578,Mouse,3377,64
893739,Mouse,3780,68
893741,Mouse,5597,70
893879,Mouse,5172,65
893891,Mouse,3154,64
893925,Mouse,5759,66
893958,Mouse,3304,64
894009,Mouse,5232,68
894018,Mouse,3909,66
894035,Mouse,4547,68
894455,Mouse,3034,65
894511,Mouse,3773,64
894523,Mouse,3888,65
894525,Mouse,3917,66
894571,Mouse,5061,68
894595,Mouse,5301,65
894634,Mouse,5467,66
894686,Mouse,5391,65
894735,Mouse,3245,65
894737,Mouse,5294,68
894832,Mouse,3030,64
895019,Mouse,4958,65
895122,Mouse,4752,65
895274,Mouse,3379,71
895357,Mouse,4754,70
895377,Mouse,3251,64
895493,Mouse,3460,68
895693,Mouse,4877,69
895760,Mouse,4105,67
895805,Mouse,4465,75
895923,Mouse,4875,92
895930,Elephant,564802,1216
896040,Mouse,3401,69
896042,Mouse,3233,70
896054,Mouse,5474,69
896151,Mouse,5823,88
896238,Mouse,5801,104
896259,Mouse,5535,111
896412,Mouse,4213,131
896531,Mouse,5071,146
896635,Mouse,5248,165
896673,Mouse,5290,173
896690,Mouse,4306,178
896777,Mouse,3240,191
896788,Elephant,190144,1063
896859,Mouse,3815,189
896872,Mouse,4681,191
896902,Mouse,5095,183
896990,Mouse,5036,176
897024,Mouse,3593,179
897057,Mouse,3504,184
897110,Elephant,52898,897
897150,Mouse,3101,177
897210,Mouse,5482,185
897253,Mouse,3768,179
897260,Mouse,3081,176
897298,Mouse,4123,187
897322,Mouse,3303,191
897355,Elephant,276957,1471
897373,Mouse,4847,183
897447,Mouse,4463,188
897512,Mouse,4374,175
897556,Mouse,3557,174
897566,Mouse,3598,177
897579,Mouse,3172,178
897588,Mouse,5223,181
897645,Mouse,4374,186
897842,Mouse,5693,129
897877,Mouse,3402,137
897888,Mouse,4707,143
897897,Mouse,3200,146
898021,Mouse,3808,146
898054,Elephant,578700,2233
898120,Mouse,5396,104
898182,Elephant,356324,2145
898204,Mouse,3064,87
898333,Mouse,3856,79
898379,Mouse,4199,87
898452,Elephant,503694,2353
898488,Mouse,5482,89
898503,Mouse,4225,87
898505,Mouse,4179,88
898583,Mouse,5267,73
898759,Mouse,3466,81
898780,Mouse,3360,71
898814,Elephant,306946,1260
898821,Mouse,4209,80
898854,Mouse,3964,67
898873,Mouse,4241,69
898972,Mouse,5026,73
899001,Mouse,4811,71
899008,Elephant,428602,1272
899050,Mouse,5037,72
899218,Mouse,5239,65
899251,Mouse,5104,67
899289,Mouse,5810,72
899298,Mouse,3287,68
899302,Mouse,5744,69
899394,Mouse,4313,65
899430,Mouse,5228,69
899537,Elephant,335329,911
899583,Mouse,5337,65
899621,Mouse,5534,66
899696,Mouse,5057,65
899769,Mouse,4326,65
899782,Mouse,5729,66
899900,Mouse,4734,65
899909,Mouse,5109,65
900038,Mouse,3131,65
900210,Mouse,5081,69
900223,Mouse,4154,71
900288,Mouse,3145,66
900492,Mouse,3969,82
900533,Mouse,5742,93
900559,Elephant,190288,679
900600,Mouse,5271,100
900651,Mouse,4314,70
900891,Mouse,3879,96
900904,Mouse,3036,100
901041,Elephant,563204,1320
901090,Elephant,392393,1116
901118,Mouse,3834,91
901123,Mouse,4855,89
901249,Mouse,3132,75
901353,Mouse,3615,64
901409,Mouse,3463,64
901500,Mouse,3575,70
901536,Mouse,4898,71
901563,Mouse,3745,75
901579,Mouse,3572,82
901608,Mouse,3908,87
901680,Mouse,5509,103
901688,Mouse,3759,101
901724,Mouse,4821,111
901778,Mouse,5600,111
901789,Elephant,52706,409
901829,Elephant,343528,1097
901886,Mouse,4788,78
901888,Mouse,4206,70
901962,Mouse,3522,70
902009,Mouse,4586,72
902017,Mouse,4278,74
902119,Mouse,5370,91
902229,Mouse,4482,112
902273,Elephant,30311,274
902363,Elephant,545019,1407
902396,Mouse,5536,104
902414,Mouse,3129,85
902500,Mouse,5405,74
902577,Mouse,4355,76
902632,Mouse,4731,85
902694,Mouse,4552,94
902733,Mouse,4458,86
902763,Elephant,384888,1269
902888,Elephant,261327,932
902983,Elephant,204656,814
902986,Mouse,4758,67
903004,Mouse,3415,64
903073,Mouse,3579,64
903235,Mouse,3679,64
903254,Mouse,5169,65
903290,Mouse,3920,64
903323,Mouse,5712,66
903404,Mouse,4830,65
903535,Mouse,3378,64
903569,Mouse,3874,64
903573,Mouse,4034,64
903579,Mouse,3632,64
903598,Mouse,4481,65
903646,Mouse,3852,67
903647,Mouse,5344,71
903655,Mouse,3864,64
903887,Mouse,4287,65
903993,Mouse,5155,65
904040,Mouse,5538,66
904085,Mouse,3168,64
904153,Mouse,3698,64
904185,Mouse,4396,65
904255,Mouse,3989,64
904388,Elephant,81062,405
904422,Mouse,4512,65
904447,Mouse,5317,65
904612,Mouse,5510,66
904691,Mouse,5044,65
904772,Mouse,3453,64
904834,Mouse,4674,67
904926,Mouse,5207,65
904979,Mouse,3896,64
905033,Mouse,4642,65
905065,Mouse,3858,64
905158,Mouse,5309,65
905206,Mouse,3136,64
905285,Mouse,3755,75
905296,Mouse,3058,64
905313,Mouse,5732,70
905371,Mouse,3920,77
905444,Mouse,5563,68
905510,Mouse,4923,71
905547,Mouse,5153,79
905571,Mouse,4679,87
905611,Elephant,184401,676
905623,Mouse,5013,89
905744,Mouse,4724,73
905844,Elephant,435677,1080
905862,Mouse,5712,69
905874,Mouse,3558,71
905878,Mouse,3037,70
905885,Mouse,4250,74
905925,Mouse,4979,70
905947,Mouse,3778,68
905952,Mouse,3109,69
906048,Mouse,3437,64
906140,Mouse,3661,67
906170,Mouse,4109,71
906214,Mouse,5530,72
906234,Mouse,3942,69
906351,Mouse,3583,78
906388,Mouse,3918,87
906478,Mouse,4251,108
906491,Mouse,5794,111
906497,Mouse,4977,106
906540,Mouse,5645,110
906607,Elephant,451551,1211
906778,Mouse,3058,79
906891,Mouse,3342,92
906921,Mouse,4414,98
906969,Mouse,4584,107
906991,Elephant,528148,1419
907057,Mouse,3359,80
907092,Mouse,5819,72
907158,Elephant,206227,852
907257,Mouse,3781,70
907307,Mouse,3009,72
907318,Mouse,3309,77
907365,Mouse,3813,78
907388,Mouse,5004,83
907420,Mouse,4632,90
907431,Mouse,4992,96
907455,Mouse,4875,97
907490,Mouse,5726,107
907555,Mouse,3291,102
907589,Mouse,4786,107
907680,Mouse,3994,122
907714,Mouse,3028,132
907723,Elephant,585544,1520
907864,Mouse,4522,97
907903,Mouse,4528,108
907904,Elephant,116478,685
907915,Mouse,4514,111
907929,Elephant,30864,503
907945,Mouse,5396,120
907989,Mouse,5363,112
908178,Mouse,5469,124
908307,Mouse,3438,159
908361,Mouse,5334,173
908377,Mouse,5742,175
908467,Mouse,4634,189
908509,Mouse,5601,202
908539,Mouse,3789,203
908564,Mouse,5751,209
908605,Mouse,5760,219
908650,Mouse,4204,219
908760,Mouse,4934,246
908779,Mouse,4976,253
908785,Elephant,406164,1640
908853,Mouse,4437,245
908894,Mouse,3635,254
908912,Elephant,88790,940
909010,Mouse,3182,231
909020,Mouse,4014,214
909027,Mouse,5342,210
909227,Mouse,4506,227
909323,Mouse,3138,217
909376,Mouse,4989,234
909383,Elephant,233740,1629
909408,Mouse,4975,236
909464,Mouse,3733,252
909480,Mouse,3039,252
909508,Mouse,3517,236
909530,Mouse,4533,239
909600,Mouse,4776,258
909621,Mouse,4489,261
909704,Elephant,593927,2605
909895,Mouse,4158,172
910024,Mouse,5676,187
910043,Mouse,3837,193
910083,Mouse,3058,204
910223,Mouse,4752,231
910226,Mouse,5316,232
910322,Elephant,82260,1690
910473,Elephant,592842,2954
910478,Mouse,4814,228
910489,Mouse,5614,221
910534,Mouse,5701,227
910592,Elephant,408110,2592
910597,Mouse,3616,214
910631,Mouse,5202,217
910706,Mouse,5701,190
910716,Mouse,3010,195
910750,Mouse,5491,202
910803,Mouse,5264,191
910826,Mouse,3689,190
910853,Mouse,5249,189
910906,Mouse,5487,187
911000,Mouse,4391,159
911015,Elephant,485924,2973
911082,Mouse,4706,153
911178,Mouse,4536,167
911265,Mouse,3398,173
911280,Mouse,3362,179
911342,Mouse,5195,185
911384,Mouse,3674,184
911429,Mouse,5646,189
911473,Elephant,515023,3086
911566,Mouse,3081,174
911627,Mouse,3043,171
911809,Mouse,3221,189
911935,Mouse,3986,189
911942,Mouse,3806,182
912002,Elephant,515128,2824
912015,Mouse,5426,178
912106,Mouse,3000,140
912129,Mouse,4316,150
912135,Mouse,3574,151
912154,Mouse,5712,155
912159,Mouse,3791,148
912217,Mouse,3597,150
912399,Mouse,3582,160
912444,Mouse,4513,170
912485,Mouse,4540,182
912557,Mouse,5371,191
912594,Mouse,5637,202
912626,Mouse,4756,210
912656,Mouse,3860,215
912657,Mouse,5644,216
912683,Elephant,441641,2873
912742,Mouse,5655,216
912760,Mouse,4841,220
913052,Elephant,110134,1085
913129,Mouse,5383,193
913269,Elephant,451088,2471
913315,Elephant,248098,1778
913323,Mouse,4950,155
913377,Mouse,3941,150
913395,Mouse,3846,137
913444,Mouse,5468,142
913494,Mouse,4039,143
913612,Elephant,517735,2703
913624,Mouse,4653,142
913769,Mouse,5325,147
913809,Mouse,3365,135
913945,Mouse,5389,147
913954,Mouse,5004,152
913992,Mouse,4551,159
914183,Mouse,4755,186
914437,Elephant,377762,2377
914461,Mouse,4201,193
914470,Mouse,5095,197
914498,Elephant,590445,3102
914513,Mouse,4011,203
914538,Mouse,3438,209
914551,Elephant,113022,1106
914562,Mouse,3477,201
914631,Mouse,5384,124
914662,Mouse,3684,106
914671,Mouse,4973,105
914680,Mouse,4852,107
914703,Mouse,3284,101
914753,Mouse,4840,104
914880,Mouse,4610,109
914893,Mouse,3009,107
914918,Mouse,4366,116
915042,Mouse,5436,129
915067,Elephant,315871,1813
915084,Elephant,525453,2580
915132,Mouse,4307,100
915132,Mouse,3789,99
915184,Mouse,4688,73
915193,Elephant,177435,1220
915215,Mouse,4736,65
915301,Mouse,3883,67
915374,Mouse,3483,67
915405,Mouse,3222,67
915607,Mouse,3896,65
915615,Mouse,3193,64
915630,Mouse,5785,69
915723,Mouse,3922,67
915769,Elephant,582469,1688
915833,Mouse,5375,65
915848,Mouse,5304,65
916101,Mouse,4836,65
916168,Mouse,3866,67
916372,Mouse,4401,65
916636,Elephant,242834,749
916648,Mouse,3429,65
916662,Mouse,5603,71
916677,Mouse,5322,67
916684,Mouse,3185,64
916738,Mouse,5685,66
916789,Mouse,5183,67
916803,Mouse,4807,71
916814,Mouse,5414,71
916895,Mouse,5665,70
916972,Mouse,4817,69
916982,Mouse,3645,71
916995,Mouse,3210,74
916998,Mouse,4718,77
917051,Elephant,196757,675
917139,Mouse,5221,65
917142,Mouse,3510,64
917440,Mouse,3744,64
917547,Mouse,4853,67
917552,Mouse,4041,68
917559,Mouse,3484,73
917627,Mouse,5289,65
917707,Mouse,3831,66
917769,Mouse,4577,66
917812,Elephant,427231,1265
917838,Mouse,3420,64
917868,Mouse,3147,64
917916,Mouse,3758,64
918058,Mouse,5322,65
918103,Mouse,5068,66
918135,Mouse,3363,64
918145,Mouse,4121,65
918240,Mouse,5283,65
918268,Mouse,4352,65
918290,Mouse,3124,64
918383,Mouse,4437,65
918473,Mouse,3804,64
918501,Mouse,4935,65
918573,Mouse,3628,64
918620,Mouse,5152,65
918656,Mouse,3667,67
918705,Mouse,3112,67
918741,Elephant,105603,458
918830,Mouse,3231,64
918849,Mouse,3989,68
918880,Mouse,3721,64
919038,Elephant,191640,641
919046,Mouse,4814,65
919194,Mouse,4870,65
919227,Mouse,3557,67
919250,Mouse,3993,64
919335,Mouse,4896,65
919720,Mouse,3328,85
919824,Mouse,3531,95
919967,Elephant,425258,1106
919974,Elephant,224810,811
919998,Mouse,5839,89
920042,Mouse,4646,68
920074,Mouse,4344,69
920103,Mouse,5499,69
920149,Mouse,5736,72
920203,Mouse,3633,69
920226,Mouse,3120,67
920246,Mouse,4360,69
920344,Mouse,4737,69
920349,Elephant,380112,1051
920409,Mouse,4510,65
920509,Mouse,5635,66
920697,Mouse,5035,65
920722,Mouse,4245,69
920729,Mouse,5153,65
920798,Mouse,3580,65
920839,Mouse,4437,69
920848,Mouse,3561,73
920987,Mouse,4079,71
921158,Elephant,309079,1126
921191,Elephant,202294,774
921314,Mouse,3285,65
921323,Mouse,4296,68
921373,Mouse,3039,68
921458,Mouse,4546,67
921473,Elephant,167346,609
921525,Mouse,3591,69
921582,Elephant,68115,381
921614,Elephant,71032,377
921720,Mouse,5247,65
921800,Mouse,5764,66
921914,Mouse,4241,68
921950,Mouse,4849,69
922050,Mouse,4036,66
922157,Mouse,3692,79
922184,Elephant,297714,873
922191,Mouse,4804,82
922266,Mouse,5163,69
922362,Mouse,5470,74
922395,Mouse,5575,83
922463,Mouse,5034,96
922490,Mouse,5783,95
922545,Mouse,4051,97
922679,Mouse,4533,120
922764,Mouse,5345,136
922784,Mouse,5830,144
922884,Mouse,3074,153
923027,Mouse,5076,168
923059,Elephant,572632,1521
923146,Mouse,3682,135
923193,Mouse,5676,134
923294,Mouse,4783,138
923314,Elephant,198631,1078
923348,Mouse,5508,134
923491,Mouse,4047,114
923566,Mouse,5249,128
923595,Mouse,4151,132
923603,Mouse,3841,135
923616,Mouse,3776,141
923664,Mouse,3003,150
923699,Mouse,3831,153
923753,Elephant,463626,1681
923754,Elephant,205535,1272
923768,Elephant,124613,900
923948,Elephant,482946,2038
923990,Mouse,3030,65
924002,Mouse,4807,65
924100,Mouse,3874,64
924168,Mouse,4989,65
924176,Mouse,3495,64
924256,Mouse,3476,64
924301,Mouse,3869,65
924316,Mouse,4177,67
924322,Mouse,5611,72
924374,Mouse,4356,65
924408,Mouse,3228,66
924427,Mouse,3607,64
924459,Mouse,5797,66
924464,Mouse,5274,66
924480,Mouse,4464,65
924485,Elephant,78478,403
924489,Mouse,4775,69
924560,Mouse,3131,64
924615,Mouse,4883,65
924695,Mouse,3646,64
924715,Mouse,3523,64
924732,Mouse,3457,64
924909,Mouse,5186,65
924981,Mouse,4318,65
925008,Elephant,118814,497
925019,Mouse,3159,64
925132,Mouse,5578,66
925161,Mouse,4294,67
925171,Mouse,4092,64
925184,Mouse,4600,65
925233,Mouse,5483,66
925247,Mouse,4217,65
925268,Mouse,4623,65
925369,Elephant,53650,318
925381,Mouse,4993,66
925435,Mouse,5233,65
925487,Mouse,5823,66
925491,Mouse,3114,64
925566,Mouse,3202,65
925569,Mouse,5772,68
925579,Mouse,3956,64
925597,Mouse,5455,66
926016,Mouse,3719,67
926036,Mouse,4685,68
926057,Mouse,3018,69
926126,Mouse,3942,68
926171,Mouse,5714,71
926231,Elephant,180785,631
926297,Mouse,4091,67
926348,Mouse,3489,69
926357,Mouse,3268,67
926410,Mouse,4814,65
926418,Mouse,3359,68
926465,Mouse,4883,69
926505,Mouse,4553,69
926585,Mouse,4772,74
926638,Mouse,4409,73
926672,Mouse,5521,78
926731,Elephant,249094,813
926863,Mouse,5158,68
926908,Elephant,352161,950
926978,Mouse,3148,64
927033,Mouse,3681,64
927039,Mouse,5469,66
927124,Mouse,5797,66
927311,Mouse,4930,68
927550,Mouse,4183,64
927579,Elephant,444564,1057
927642,Mouse,3492,64
927777,Mouse,5558,69
927794,Mouse,4218,64
927893,Mouse,4272,65
928094,Mouse,5442,66
928097,Mouse,3196,64
928216,Mouse,3399,66
928234,Mouse,3417,67
928262,Mouse,5287,68
928270,Mouse,3859,65
928324,Mouse,4643,71
928530,Mouse,5702,67
928566,Mouse,3776,66
928660,Mouse,4321,72
928718,Mouse,4516,75
928723,Elephant,230442,730
928769,Mouse,5069,65
928798,Mouse,3737,64
928811,Mouse,4116,65
928832,Mouse,3373,64
928958,Mouse,3615,68
929061,Mouse,3056,64
929080,Elephant,527049,1372
929101,Mouse,4829,68
929155,Mouse,3360,64
929187,Mouse,4843,65
929324,Mouse,5160,65
929382,Mouse,3527,64
929391,Mouse,5498,66
929416,Mouse,4693,65
929437,Mouse,5596,66
929451,Mouse,3919,64
929461,Mouse,5796,67
929481,Mouse,4978,65
929533,Mouse,3587,64
929553,Mouse,3696,64
929643,Mouse,5283,65
929695,Mouse,4252,66
929760,Mouse,3726,64
929818,Mouse,4799,65
930029,Mouse,4077,64
930115,Mouse,3551,64
930151,Mouse,4486,67
930153,Mouse,5014,68
930199,Mouse,5644,66
930214,Mouse,3996,66
930216,Mouse,4603,67
930287,Mouse,4627,73
930337,Mouse,3732,64
930407,Mouse,5344,72
930467,Mouse,4220,71
930519,Mouse,4390,72
930541,Mouse,3846,78
930559,Mouse,3624,83
930626,Mouse,4792,99
930632,Elephant,441692,1170
930653,Mouse,5580,92
930692,Mouse,5801,83
930711,Mouse,3163,83
930740,Mouse,5222,73
930782,Mouse,4591,70
930795,Elephant,138220,592
930799,Mouse,5346,74
930808,Mouse,3228,64
930829,Mouse,4245,69
931043,Mouse,4721,67
931087,Mouse,3968,74
931183,Mouse,4725,80
931207,Mouse,4110,82
931224,Mouse,4118,84
931403,Elephant,125503,607
931522,Mouse,3867,94
931573,Elephant,507328,1294
931590,Mouse,3970,90
931610,Mouse,5584,91
931667,Mouse,3556,67
931765,Mouse,5647,77
931803,Mouse,5076,81
931970,Mouse,3095,93
932038,Elephant,595726,1565
932078,Mouse,3015,88
932119,Elephant,109485,571
932123,Mouse,4680,85
932193,Mouse,4821,67
932235,Mouse,3646,67
932439,Mouse,3744,67
932455,Mouse,4831,73
932515,Mouse,3771,73
932516,Mouse,5754,76
932529,Mouse,4370,70
932535,Elephant,542294,1384
932540,Mouse,5823,72
932582,Mouse,4102,67
932593,Mouse,3535,64
932608,Mouse,5142,65
932634,Mouse,4169,64
932653,Mouse,3568,64
932698,Mouse,3191,64
932720,Mouse,3566,64
932835,Mouse,3345,64
932864,Mouse,3366,64
932869,Mouse,5451,66
933160,Mouse,4964,68
933213,Mouse,4280,65
933340,Mouse,5341,70
933366,Mouse,5023,65
933412,Mouse,3895,67
933415,Elephant,281714,1037
933446,Mouse,5472,72
933468,Mouse,5201,65
933513,Mouse,4846,65
933614,Mouse,5177,70
933664,Mouse,5063,74
933665,Mouse,5381,73
933695,Mouse,5219,70
933722,Mouse,4639,65
933766,Mouse,3628,67
933835,Mouse,3487,66
933902,Mouse,4214,68
933915,Mouse,3958,66
934114,Mouse,5703,73
934165,Mouse,4958,86
934192,Mouse,5653,94
934233,Mouse,4203,104
934415,Mouse,3823,112
934566,Elephant,501119,1283
934597,Mouse,5619,121
934633,Mouse,4983,117
934658,Mouse,3003,107
934692,Mouse,4602,111
934853,Mouse,4723,105
935043,Elephant,428228,1351
935075,Mouse,5703,125
935114,Mouse,5818,98
935126,Mouse,4771,104
935180,Elephant,508003,1485
935185,Mouse,3756,83
935213,Mouse,3245,76
935218,Elephant,47321,406
935273,Mouse,3904,64
935318,Mouse,4581,65
935363,Mouse,3696,66
935377,Elephant,235927,1335
935383,Mouse,4630,65
935420,Mouse,4851,65
935521,Mouse,3552,64
935576,Mouse,4944,67
935589,Mouse,5563,66
935655,Mouse,5442,68
935660,Mouse,3404,70
935678,Mouse,4536,65
935713,Mouse,5214,72
935765,Mouse,4525,65
935881,Mouse,4485,69
935969,Mouse,5278,67
936030,Mouse,4717,65
936133,Mouse,4223,66
936203,Mouse,3185,73
936298,Mouse,3596,69
936394,Mouse,5672,84
936493,Mouse,4070,98
936497,Mouse,5563,103
936545,Mouse,4033,108
936654,Elephant,536708,1321
936663,Mouse,3760,103
936686,Mouse,4428,99
936758,Mouse,4288,74
936807,Mouse,4325,77
936821,Mouse,3560,81
936848,Mouse,4382,87
936864,Mouse,3356,88
936925,Mouse,3625,101
937021,Mouse,4433,106
937052,Mouse,3317,110
937117,Mouse,3276,112
937215,Mouse,3226,121
937259,Elephant,220598,963
937267,Mouse,5645,120
937270,Mouse,4250,119
937278,Mouse,4961,122
937305,Mouse,4300,116
937330,Mouse,5211,120
937331,Mouse,5664,121
937383,Elephant,295801,1128
937406,Mouse,3004,84
937494,Elephant,555696,1497
937656,Mouse,4903,70
937711,Mouse,3996,64
937831,Mouse,5708,70
937996,Mouse,5049,72
938067,Mouse,4707,65
938110,Mouse,4614,66
938193,Mouse,4630,67
938242,Mouse,5656,67
938310,Mouse,4259,68
938391,Mouse,3919,69
938406,Mouse,5732,70
938422,Elephant,132411,544
938426,Mouse,4733,66
938474,Elephant,437539,1184
938479,Mouse,4257,65
938513,Mouse,3471,64
938757,Mouse,3680,64
938848,Mouse,4398,65
938951,Mouse,4794,65
939052,Mouse,3744,64
939120,Mouse,5806,66
939128,Mouse,5539,66
939204,Mouse,5048,68
939220,Mouse,3384,64
939425,Mouse,5210,65
939509,Mouse,4438,65
939545,Mouse,4699,69
939654,Elephant,111779,491
939737,Mouse,3087,64
939779,Mouse,3892,65
939885,Mouse,5514,67
939918,Mouse,3634,64
939939,Mouse,3938,69
939989,Mouse,3132,69
940153,Mouse,5061,69
940159,Mouse,4264,72
940168,Elephant,504668,1122
940234,Mouse,3252,64
940297,Mouse,4290,67
940307,Mouse,5535,66
940410,Mouse,3835,64
940421,Mouse,5273,68
940610,Mouse,3272,66
940670,Mouse,3309,66
940751,Elephant,200660,702
940810,Mouse,4032,67
940920,Mouse,3686,69
941060,Elephant,228334,748
941073,Mouse,3279,88
941107,Mouse,4083,85
941122,Mouse,3871,79
941191,Mouse,4807,79
941247,Mouse,4646,86
941266,Mouse,3397,90
941285,Mouse,3600,96
941388,Elephant,283190,1033
941392,Mouse,4543,81
941435,Mouse,3522,72
941481,Mouse,3906,71
941530,Mouse,5066,76
941605,Elephant,104160,548
941653,Mouse,5206,73
941667,Mouse,3103,74
941695,Mouse,3998,78
941768,Elephant,416280,1120
941792,Mouse,5234,68
941864,Mouse,3266,67
941930,Mouse,4584,68
941982,Mouse,3944,64
942037,Mouse,5466,70
942122,Mouse,3352,67
942209,Mouse,5581,68
942262,Elephant,534950,1357
942300,Mouse,4671,66
942344,Mouse,3283,65
942389,Mouse,3327,64
942615,Mouse,3602,64
942734,Mouse,4287,69
942753,Mouse,5006,69
943017,Mouse,4769,73
943190,Elephant,330398,1024
943241,Mouse,4700,73
943305,Mouse,3632,68
943315,Mouse,3528,69
943379,Mouse,4528,69
943416,Mouse,5275,72
943466,Mouse,5782,78
943482,Mouse,5639,75
943517,Elephant,585959,1657
943559,Mouse,4131,71
943618,Mouse,3489,67
943729,Elephant,341672,973
943810,Mouse,4909,67
943815,Mouse,3483,70
943824,Mouse,4147,64
943844,Mouse,4646,69
943896,Elephant,44059,330
943936,Mouse,4763,68
943944,Mouse,4110,64
943959,Mouse,5771,66
943985,Mouse,3590,64
944046,Mouse,3977,64
944180,Mouse,5432,66
944221,Mouse,4072,65
944407,Mouse,4478,68
944423,Mouse,3930,71
944437,Mouse,5116,68
944551,Mouse,5124,69
944655,Mouse,3642,64
944689,Elephant,342216,1129
944694,Mouse,3143,65
944705,Mouse,4424,66
944735,Mouse,4810,65
944738,Mouse,3060,64
944759,Mouse,5004,69
944822,Mouse,3653,66
945019,Mouse,4055,67
945027,Mouse,4974,70
945072,Mouse,4474,70
945108,Mouse,4910,68
945111,Mouse,3888,66
945187,Mouse,4630,71
945211,Mouse,4531,66
945269,Elephant,582428,1366
945303,Mouse,5706,67
945307,Mouse,5066,67
945372,Mouse,4250,65
945385,Mouse,4786,65
945415,Mouse,4668,66
945484,Mouse,4342,65
945538,Mouse,3442,64
945575,Mouse,5732,69
945575,Mouse,5168,69
945580,Mouse,3702,65
945703,Mouse,5227,65
945708,Mouse,3774,64
945760,Mouse,5664,66
945818,Mouse,5592,66
945823,Mouse,5286,65
945826,Mouse,4325,65
945895,Mouse,5137,65
946023,Mouse,5420,65
946075,Mouse,3789,64
946126,Mouse,3045,67
946161,Mouse,4333,65
946201,Mouse,3648,66
946234,Mouse,4624,80
946345,Mouse,3657,82
946348,Elephant,46429,306
946381,Mouse,4017,81
946447,Mouse,5608,81
946585,Elephant,80301,485
946814,Mouse,3138,115
946861,Mouse,5488,126
946942,Mouse,4221,134
946969,Mouse,5281,140
947056,Mouse,4176,147
947088,Mouse,4536,155
947235,Mouse,3942,174
947300,Elephant,462365,1455
947347,Mouse,4573,167
947395,Mouse,5607,149
947411,Elephant,291956,1249
947447,Mouse,4105,146
947473,Mouse,4750,142
947554,Elephant,318463,1416
947562,Mouse,5782,108
947624,Mouse,3888,84
947627,Mouse,5479,87
947657,Mouse,4843,83
947701,Mouse,4190,89
947751,Mouse,4722,89
947805,Mouse,4081,76
947823,Elephant,553218,1686
947843,Mouse,4787,73
947899,Mouse,4264,65
947941,Mouse,4653,74
947946,Mouse,3586,68
948010,Mouse,3521,71
948022,Mouse,4049,74
948053,Mouse,5463,74
948107,Mouse,3142,85
948135,Elephant,291319,1169
948167,Mouse,5136,79
948179,Mouse,4752,78
948199,Mouse,4024,77
948207,Mouse,3194,66
948226,Elephant,42475,292
948267,Mouse,4704,68
948432,Mouse,5545,75
948497,Elephant,69741,400
948537,Mouse,3317,86
948621,Mouse,4472,84
948698,Mouse,4717,94
948910,Elephant,386486,1110
948916,Mouse,4213,118
948932,Mouse,3293,119
948935,Mouse,3758,122
948987,Mouse,5424,109
949028,Mouse,3046,102
949098,Mouse,5243,114
949152,Elephant,359129,1161
949198,Mouse,3147,95
949218,Elephant,258356,964
949281,Mouse,3917,67
949316,Mouse,5787,67
949326,Mouse,3489,72
949378,Mouse,5512,72
949392,Mouse,4926,77
949402,Mouse,5637,78
949471,Mouse,4705,74
949492,Mouse,3186,64
949501,Mouse,4678,69
949570,Mouse,3969,74
949587,Mouse,3089,69
949604,Mouse,4036,76
949605,Mouse,5833,76
949676,Mouse,4410,87
949680,Mouse,5667,90
949705,Mouse,4822,93
949846,Mouse,3326,75
949858,Mouse,3085,78
949922,Mouse,3098,82
950024,Elephant,481348,1375
950027,Mouse,3752,92
950036,Mouse,3752,84
950061,Mouse,3030,92
950088,Mouse,3879,77
950095,Mouse,4591,86
950227,Mouse,5155,77
950233,Mouse,3420,79
950249,Mouse,3356,78
950312,Elephant,501329,1434
950390,Mouse,4032,68
950533,Mouse,5585,70
950601,Mouse,5704,77
950633,Mouse,5466,72
950636,Elephant,291312,911
950662,Mouse,5799,78
950697,Elephant,233552,799
950709,Mouse,4155,64
950783,Mouse,5302,69
950833,Mouse,4370,65
950853,Mouse,4647,66
950876,Mouse,5333,67
950967,Mouse,4083,64
950975,Mouse,5679,66
951069,Mouse,4414,65
951143,Mouse,3203,64
951189,Mouse,3508,64
951205,Mouse,5398,65
951319,Mouse,5097,69
951327,Mouse,3097,64
951404,Elephant,262219,777
951476,Mouse,5828,66
951511,Mouse,3943,64
951545,Mouse,3483,64
951566,Mouse,5439,66
951638,Mouse,4440,65
951642,Mouse,3742,64
951727,Mouse,3961,67
951743,Mouse,5068,68
951802,Mouse,4317,65
951889,Mouse,4895,70
951899,Mouse,4541,70
951945,Mouse,3662,71
951972,Mouse,5279,69
952027,Mouse,3084,66
952104,Mouse,3960,66
952198,Mouse,3331,66
952343,Mouse,3329,75
952380,Mouse,5518,83
952574,Mouse,3145,117
952585,Mouse,5761,120
952691,Mouse,4475,132
952718,Mouse,4603,134
952753,Mouse,4569,135
952918,Mouse,4588,140
952995,Mouse,3377,149
953060,Mouse,3195,159
953100,Mouse,3473,159
953117,Mouse,4747,168
953152,Mouse,5172,175
953231,Elephant,590139,1617
953317,Mouse,5420,138
953332,Elephant,478150,1601
953379,Mouse,4212,96
953381,Mouse,4015,93
953469,Mouse,4299,94
953540,Mouse,4029,88
953580,Mouse,5340,100
953599,Mouse,4750,101
953804,Elephant,392102,1693
953933,Mouse,5047,133
953948,Mouse,5336,132
954027,Mouse,5235,146
954106,Elephant,515873,1844
954181,Mouse,4343,123
954190,Mouse,3312,120
954204,Mouse,4963,116
954308,Elephant,187848,996
954317,Mouse,4905,120
954360,Mouse,3521,125
954446,Elephant,61658,554
954474,Mouse,3774,102
954497,Mouse,3116,106
954502,Mouse,4500,110
954510,Mouse,4485,109
954613,Mouse,5250,123
954644,Mouse,3321,135
954796,Mouse,5311,155
954826,Mouse,3198,163
954843,Elephant,523638,1903
954908,Mouse,4528,158
954979,Mouse,3475,113
955316,Elephant,107574,852
955341,Mouse,5339,158
955563,Mouse,3743,154
955577,Mouse,5590,164
955667,Mouse,4304,175
955772,Mouse,3271,186
955801,Elephant,500023,2038
955818,Elephant,535632,2113
955854,Mouse,5561,153
955855,Elephant,212944,1352
955864,Mouse,4538,157
955877,Mouse,3670,118
955895,Mouse,4166,119
956085,Mouse,5699,92
956145,Mouse,4682,100
956189,Mouse,3081,97
956244,Mouse,5589,107
956276,Mouse,3499,108
956296,Mouse,3108,116
956306,Elephant,460674,1879
956363,Mouse,5699,106
956389,Mouse,3629,107
956406,Elephant,66256,485
956493,Elephant,133782,727
956497,Mouse,4418,73
956580,Mouse,5794,74
956596,Mouse,4853,70
956672,Elephant,211527,851
956833,Mouse,5284,71
956835,Mouse,4898,72
956842,Mouse,5398,73
956845,Mouse,3543,66
956939,Elephant,426875,1234
956964,Mouse,5019,65
956968,Mouse,4654,65
957007,Mouse,4539,65
957012,Mouse,3484,65
957016,Mouse,5030,66
957026,Mouse,3112,64
957043,Mouse,3360,64
957130,Mouse,4781,65
957153,Mouse,3972,65
957243,Mouse,5317,69
957293,Mouse,4464,68
957328,Mouse,4988,70
957434,Mouse,3730,65
957436,Mouse,3948,66
957462,Mouse,4133,70
957533,Elephant,133414,538
957565,Mouse,3416,64
957578,Mouse,3741,64
957657,Mouse,4009,64
957745,Mouse,5595,66
957791,Mouse,5203,75
957821,Elephant,200389,691
957821,Mouse,3877,70
957861,Mouse,5580,70
957961,Mouse,5451,66
957981,Mouse,3464,67
958012,Mouse,4699,65
958158,Mouse,4675,67
958166,Mouse,4639,72
958315,Mouse,5640,68
958334,Mouse,4069,68
958348,Mouse,4490,69
958399,Mouse,4574,73
958412,Elephant,244511,754
958445,Mouse,5541,70
958461,Mouse,4388,77
958506,Mouse,3046,64
958548,Mouse,4493,72
958647,Mouse,4188,67
958669,Mouse,4662,69
958720,Elephant,105648,470
958751,Mouse,3896,71
958763,Mouse,5808,71
958771,Mouse,4252,70
958791,Mouse,4274,72
958843,Mouse,5323,78
958857,Mouse,3921,69
958912,Elephant,127299,530
958925,Mouse,4962,74
958926,Mouse,4155,77
958953,Mouse,4026,70
959029,Mouse,3823,72
959063,Mouse,3438,69
959065,Mouse,4912,68
959248,Elephant,250025,840
959332,Mouse,4788,74
959384,Elephant,217110,748
959472,Mouse,5446,70
959492,Mouse,3483,66
959544,Mouse,4923,74
959675,Mouse,3442,77
959698,Mouse,3144,84
959702,Mouse,4853,86
959821,Mouse,4940,108
959847,Mouse,3345,107
959852,Elephant,370443,1073
959951,Mouse,3539,75
959955,Mouse,5669,78
960019,Mouse,4223,80
960097,Mouse,4156,83
960124,Mouse,3857,90
960152,Mouse,5301,95
960202,Mouse,4454,113
960219,Elephant,190447,800
960281,Mouse,4583,131
960332,Mouse,4358,123
960345,Mouse,5138,127
960416,Mouse,5650,114
960556,Mouse,3533,127
960642,Elephant,487089,1398
960667,Mouse,3241,131
960675,Mouse,3235,134
960992,Elephant,347660,1705
961135,Mouse,5493,131
961160,Mouse,4015,142
961194,Elephant,206218,1111
961265,Mouse,5636,151
961312,Elephant,31249,385
961340,Mouse,5644,147
961362,Mouse,3793,136
961456,Mouse,4768,145
961480,Mouse,5596,158
961484,Mouse,4121,158
961637,Mouse,4275,178
961652,Mouse,4661,182
961756,Mouse,4802,188
961801,Mouse,5372,196
961955,Mouse,3163,203
961963,Mouse,4603,208
962023,Elephant,75359,863
962099,Mouse,4314,217
962128,Elephant,536639,2107
962141,Mouse,4101,197
962150,Mouse,3245,196
962220,Mouse,3550,171
962238,Mouse,3372,167
962330,Mouse,4407,158
962391,Elephant,547658,2244
962395,Mouse,5035,158
962420,Elephant,292690,1674
962445,Mouse,4947,163
962464,Mouse,3139,146
962468,Mouse,4304,124
962503,Mouse,5436,121
962517,Mouse,4666,123
962565,Mouse,4224,83
962642,Mouse,3994,82
962666,Mouse,5040,88
962721,Elephant,476030,2013
962746,Mouse,4739,92
962759,Mouse,5393,89
962767,Mouse,4847,74
962927,Elephant,247834,1565
962960,Mouse,4539,70
962971,Mouse,5720,77
963060,Mouse,4597,66
963087,Mouse,5365,65
963098,Mouse,4043,66
963115,Mouse,3304,66
963131,Mouse,3799,66
963191,Mouse,3539,65
963228,Mouse,4957,71
963274,Mouse,4233,68
963282,Mouse,4828,66
963293,Mouse,5153,70
963399,Mouse,3178,73
963506,Mouse,4385,91
963584,Elephant,599420,1508
963685,Mouse,5751,68
963743,Mouse,5239,68
963760,Mouse,3558,64
963961,Mouse,4280,69
964031,Mouse,5274,74
964084,Elephant,307768,985
964125,Mouse,4133,70
964199,Mouse,4085,68
964283,Mouse,3764,67
964340,Mouse,5739,70
964412,Mouse,4532,65
964573,Mouse,4894,67
964598,Elephant,488684,1296
964777,Mouse,3373,64
964854,Mouse,4966,65
964909,Mouse,3207,64
964985,Mouse,3724,68
965302,Mouse,3447,74
965424,Mouse,5065,79
965448,Mouse,3837,83
965451,Mouse,3850,84
965469,Elephant,131879,580
965474,Mouse,3303,86
965671,Elephant,295670,889
965694,Mouse,5725,74
965724,Mouse,5458,68
965904,Mouse,3045,70
965943,Mouse,4648,75
966008,Elephant,507303,1181
966102,Mouse,5236,69
966204,Elephant,263182,833
966211,Mouse,5261,65
966274,Mouse,4367,65
966362,Mouse,3456,64
966420,Mouse,5220,66
966451,Mouse,3100,64
966620,Mouse,4265,65
966678,Mouse,5799,71
966746,Elephant,106241,457
966759,Mouse,5557,66
966817,Mouse,4627,66
966828,Mouse,4501,65
966854,Mouse,5417,69
966974,Mouse,5623,69
967013,Mouse,5403,68
967079,Mouse,4720,68
967246,Mouse,3955,68
967257,Mouse,3695,71
967271,Mouse,4554,80
967295,Mouse,5021,75
967304,Elephant,377705,1042
967322,Mouse,3643,76
967330,Mouse,3177,73
967342,Mouse,5361,74
967530,Mouse,4796,69
967590,Mouse,4551,72
967661,Mouse,4902,66
967679,Elephant,163796,645
967779,Mouse,4969,65
967810,Mouse,4417,72
967822,Mouse,5065,75
968030,Elephant,402395,1011
968036,Mouse,4235,74
968049,Mouse,4193,72
968181,Mouse,4100,67
968274,Mouse,5594,76
968314,Mouse,5428,85
968324,Mouse,4604,89
968420,Elephant,37384,292
968427,Mouse,5087,110
968490,Mouse,5585,111
968592,Mouse,4065,121
968691,Mouse,3069,132
969052,Mouse,5060,185
969140,Mouse,3563,193
969163,Mouse,3338,198
969198,Mouse,5212,210
969242,Mouse,5199,216
969304,Mouse,3697,221
969376,Elephant,539430,1736
969416,Mouse,3168,208
969470,Mouse,4318,199
969476,Elephant,132683,1137
969490,Mouse,4805,173
969493,Elephant,272812,1525
969523,Mouse,4210,168
969526,Mouse,4759,171
969581,Elephant,496002,1776
969673,Mouse,4213,67
969684,Mouse,4994,73
969700,Mouse,3520,75
969756,Mouse,3665,82
969910,Elephant,398353,1693
969914,Mouse,4456,90
969954,Mouse,3617,84
969958,Mouse,4584,81
970002,Mouse,4604,72
970034,Mouse,3740,76
970203,Mouse,5588,87
970275,Mouse,4268,102
970295,Mouse,4352,107
970348,Mouse,3056,111
970403,Mouse,4433,125
970404,Mouse,4587,126
970415,Mouse,4234,131
970525,Mouse,5306,142
970557,Mouse,4195,139
970601,Mouse,5011,140
970603,Elephant,475793,2061
970682,Mouse,4714,96
970710,Mouse,5737,88
970854,Mouse,5732,91
970929,Mouse,5158,101
970946,Elephant,558200,1652
970974,Mouse,3033,97
971023,Mouse,3985,72
971122,Elephant,527775,1485
971139,Mouse,3491,64
971156,Mouse,4700,65
971289,Mouse,3588,64
971322,Mouse,3007,64
971326,Mouse,4185,64
971440,Mouse,5502,66
971532,Mouse,3531,64
971666,Mouse,5830,66
971746,Mouse,4190,69
971839,Mouse,3700,64
971856,Elephant,95536,448
971880,Mouse,3566,64
971971,Mouse,4219,64
971979,Mouse,4866,66
972141,Mouse,5697,69
972213,Mouse,3039,68
972279,Mouse,3660,64
972317,Elephant,214021,696
972369,Mouse,5286,65
972447,Mouse,3177,64
972489,Mouse,5163,65
972493,Mouse,5214,65
972519,Elephant,161692,593
972546,Mouse,3812,64
972614,Mouse,4828,65
972832,Mouse,5264,65
972850,Mouse,3990,64
972973,Mouse,3929,67
972982,Mouse,5041,73
972997,Mouse,4832,65
973036,Mouse,4740,65
973121,Mouse,4180,72
973233,Mouse,5432,67
973310,Mouse,4507,66
973341,Mouse,3019,68
973492,Mouse,4200,73
973502,Elephant,361766,942
973507,Mouse,3714,69
973540,Mouse,3372,75
973560,Mouse,5110,68
973671,Mouse,5606,70
973730,Mouse,5063,67
973790,Mouse,4711,69
973803,Mouse,5149,73
973813,Mouse,4841,78
973822,Mouse,3434,79
973833,Elephant,252763,786
973869,Mouse,4022,79
973878,Mouse,4023,67
974166,Elephant,315514,879
974172,Mouse,3933,65
974261,Mouse,3713,64
974266,Mouse,3944,64
974311,Mouse,3381,64
974321,Mouse,3036,64
974499,Mouse,4089,64
974539,Mouse,4883,65
974544,Mouse,4432,69
974568,Mouse,5084,65
974594,Mouse,3457,64
974678,Mouse,4160,64
974683,Mouse,4972,65
974710,Mouse,4860,65
974781,Mouse,3257,64
974858,Mouse,3919,64
975015,Mouse,4853,65
975119,Mouse,4969,65
975124,Mouse,5669,66
975191,Mouse,3963,64
975203,Mouse,4808,65
975286,Mouse,5487,66
975300,Mouse,4680,65
975439,Mouse,4677,65
975536,Mouse,3660,64
975542,Mouse,4531,65
975650,Mouse,5448,66
975667,Mouse,5390,70
975763,Mouse,3401,64
975783,Mouse,4175,64
975814,Mouse,5269,65
975835,Mouse,3755,65
975983,Mouse,4488,65
976138,Mouse,3953,67
976166,Mouse,3684,64
976264,Mouse,3945,67
976296,Mouse,3361,64
976429,Mouse,5162,65
976467,Mouse,5610,67
976555,Mouse,5765,68
976569,Mouse,3252,67
976592,Mouse,4459,72
976654,Mouse,4476,68
976667,Mouse,5354,71
976756,Mouse,5764,71
976761,Elephant,546025,1165
976802,Mouse,4406,70
976809,Mouse,3644,64
976953,Mouse,4387,69
976968,Mouse,4477,65
977023,Mouse,4755,65
977035,Elephant,186401,770
977039,Mouse,4402,65
977063,Mouse,3699,64
977100,Mouse,4998,65
977175,Mouse,4204,68
977202,Mouse,3450,64
977227,Mouse,5529,70
977335,Mouse,5311,65
977367,Mouse,4424,65
977836,Mouse,3261,64
977848,Mouse,3073,64
977877,Mouse,4335,65
977883,Mouse,3539,65
977937,Mouse,5550,67
977980,Mouse,4883,66
978021,Mouse,3656,69
978047,Elephant,414633,1066
978158,Mouse,4641,65
978237,Mouse,3668,64
978270,Mouse,4252,64
978324,Mouse,3106,64
978443,Mouse,4790,69
978451,Mouse,5331,65
978504,Mouse,5231,65
978591,Mouse,3172,66
978593,Mouse,4744,67
978659,Mouse,5234,69
978700,Mouse,5216,70
978775,Mouse,3649,67
978780,Elephant,366149,935
978845,Mouse,5633,66
978910,Mouse,4539,65
978983,Mouse,3094,64
979005,Mouse,4219,64
979017,Mouse,5742,66
979194,Mouse,5458,66
979205,Mouse,5463,66
979416,Mouse,3473,64
979454,Elephant,107656,468
979482,Mouse,4564,67
979522,Mouse,3125,66
979573,Mouse,4028,67
979595,Mouse,4833,69
979792,Mouse,3142,72
979852,Mouse,3865,72
979882,Mouse,4862,80
979950,Mouse,4436,89
979983,Elephant,225379,756
979987,Mouse,3657,87
980038,Mouse,4386,75
980169,Mouse,5191,92
980414,Mouse,3773,130
980440,Elephant,473946,1242
980449,Mouse,4588,128
980464,Mouse,3405,130
980492,Mouse,3824,139
980744,Elephant,341867,1179
980748,Mouse,5554,144
980816,Mouse,4975,158
980828,Mouse,3476,140
980892,Mouse,3515,129
980969,Elephant,201352,1025
981014,Elephant,188895,1050
981023,Mouse,5325,121
981037,Mouse,5790,111
981041,Mouse,4773,105
981089,Mouse,5225,110
981091,Mouse,4939,112
981271,Mouse,3795,102
981331,Mouse,4322,113
981498,Mouse,5686,139
981523,Elephant,156424,957
981578,Mouse,5064,138
981583,Elephant,207808,1132
981602,Elephant,222440,1165
981652,Mouse,3576,83
981665,Mouse,5391,66
981701,Elephant,414130,1538
981711,Mouse,3809,64
981765,Mouse,3750,64
981775,Mouse,3929,64
981876,Mouse,5489,66
981890,Mouse,5139,65
981939,Mouse,3461,64
981948,Mouse,4319,66
981981,Mouse,5263,68
981983,Mouse,5532,69
982030,Mouse,4412,65
982039,Mouse,4389,68
982168,Mouse,4776,70
982178,Mouse,3342,64
982251,Mouse,3765,66
982265,Mouse,4230,65
982365,Mouse,3876,64
982442,Mouse,4034,67
982491,Mouse,4364,65
982511,Mouse,5699,68
982528,Mouse,4380,68
982571,Mouse,5421,71
982593,Mouse,4754,66
982643,Mouse,5497,70
982672,Mouse,5409,67
982840,Mouse,4648,69
982858,Mouse,4214,68
982879,Mouse,5186,72
982911,Mouse,4179,72
982925,Elephant,464100,1083
982948,Mouse,5525,66
982960,Mouse,3747,64
983093,Mouse,3331,64
983101,Mouse,3448,64
983117,Mouse,3692,64
983152,Mouse,4273,65
983201,Mouse,4003,65
983405,Mouse,5216,65
983416,Mouse,5451,66
983436,Mouse,5043,65
983477,Mouse,5775,66
983496,Mouse,3369,64
983541,Mouse,4458,65
983591,Mouse,4462,65
983658,Mouse,3727,64
983668,Mouse,3419,64
983742,Mouse,4805,65
983807,Mouse,4106,67
983810,Mouse,3729,68
983816,Mouse,3378,65
983861,Mouse,3838,64
983904,Mouse,3874,65
983926,Mouse,3406,64
984026,Elephant,49491,284
984095,Mouse,4392,65
984120,Mouse,5759,66
984229,Mouse,5515,66
984316,Mouse,3203,64
984500,Elephant,89191,414
984509,Mouse,3386,64
984512,Mouse,3376,64
984535,Mouse,3228,65
984615,Mouse,3133,64
984621,Mouse,4667,68
984622,Mouse,4140,68
984670,Mouse,4787,65
984721,Mouse,3335,64
984749,Mouse,3151,64
984885,Mouse,4687,65
984911,Mouse,5482,66
985077,Mouse,5095,65
985169,Mouse,5321,65
985178,Mouse,4830,65
985208,Mouse,4750,65
985215,Mouse,5820,67
985294,Mouse,4450,65
985302,Mouse,3352,64
985390,Mouse,4133,64
985460,Mouse,4996,69
985484,Mouse,5304,65
985520,Mouse,4942,65
985557,Mouse,3355,64
985583,Mouse,5333,69
985613,Mouse,5659,66
985649,Mouse,4462,65
985665,Mouse,4157,68
985675,Elephant,285386,810
985746,Mouse,4357,65
985791,Mouse,3236,64
985872,Mouse,4636,65
985912,Mouse,3891,64
985996,Mouse,4238,64
986071,Mouse,3460,66
986164,Mouse,3023,64
986199,Mouse,4968,70
986280,Mouse,3559,67
986400,Mouse,4488,77
986515,Mouse,5194,69
986684,Mouse,5438,86
986719,Mouse,5292,98
986786,Mouse,3743,110
986872,Elephant,317291,957
986885,Mouse,3429,108
986886,Mouse,4892,109
986913,Mouse,5832,119
986944,Mouse,3247,105
986989,Elephant,120130,625
987050,Mouse,5348,78
987118,Mouse,3242,82
987137,Mouse,3638,84
987356,Mouse,4582,103
987442,Mouse,3161,108
987525,Mouse,5614,125
987559,Elephant,364902,1239
987561,Elephant,341760,1387
987645,Mouse,4810,65
987777,Mouse,4096,66
987813,Mouse,3255,64
987863,Mouse,5175,67
987933,Elephant,349031,1114
988001,Mouse,4299,66
988012,Mouse,5329,65
988121,Mouse,5030,73
988136,Mouse,4239,64
988147,Mouse,3043,66
988162,Elephant,89437,421
988165,Mouse,3042,69
988237,Mouse,4419,68
988258,Mouse,4362,68
988274,Mouse,3591,68
988276,Mouse,5090,70
988644,Mouse,5171,78
988726,Mouse,3836,89
988813,Elephant,90902,468
988821,Mouse,5462,103
988829,Mouse,3904,102
988871,Mouse,3176,99
988941,Mouse,5304,87
988964,Mouse,3738,89
988991,Elephant,368039,1039
988994,Mouse,3325,83
989033,Mouse,5768,84
989069,Mouse,4174,76
989124,Mouse,4908,75
989370,Mouse,3791,92
989394,Mouse,5142,91
989449,Elephant,560863,1348
989475,Mouse,5204,102
989615,Mouse,3383,73
989637,Mouse,4690,75
989700,Mouse,5361,84
989807,Mouse,5589,97
989837,Mouse,5170,101
989859,Mouse,5073,106
989959,Mouse,4668,112
990011,Mouse,4540,107
990134,Mouse,4733,120
990142,Elephant,389026,1223
990148,Mouse,4106,121
990175,Mouse,5780,121
990175,Elephant,176747,917
990335,Mouse,4291,69
990367,Elephant,425906,1262
990455,Mouse,4416,65
990565,Mouse,3588,67
990638,Mouse,5685,66
990708,Mouse,4500,65
990757,Mouse,5594,66
990823,Mouse,3941,65
990852,Mouse,4628,65
990862,Mouse,4522,65
990895,Mouse,5226,65
990913,Mouse,3254,66
990919,Mouse,3933,65
990923,Mouse,3395,64
990939,Mouse,5265,66
991135,Mouse,5018,70
991142,Mouse,5768,70
991186,Mouse,3333,68
991232,Mouse,5451,67
991246,Mouse,4703,65
991259,Mouse,4940,69
991280,Mouse,3433,64
991389,Elephant,199559,675
991422,Mouse,3834,64
991426,Mouse,4535,67
991535,Mouse,3259,67
991627,Elephant,86777,502
991630,Mouse,3522,65
991726,Mouse,3817,64
991731,Mouse,3734,64
991780,Mouse,5709,66
991808,Mouse,3447,71
991809,Mouse,5059,72
991854,Mouse,4475,70
991867,Mouse,5010,65
991888,Mouse,4160,66
991921,Mouse,3124,64
991993,Mouse,4880,65
992037,Mouse,5168,66
992043,Mouse,3132,64
992151,Mouse,5204,70
992165,Mouse,3879,64
992183,Elephant,131445,535
992201,Mouse,4456,70
992228,Mouse,3878,64
992241,Mouse,3828,64
992396,Mouse,3238,64
992439,Mouse,3906,65
992445,Mouse,5338,65
992469,Mouse,3449,66
992478,Mouse,4230,70
992520,Mouse,3334,69
992580,Mouse,5024,65
992627,Mouse,3843,64
992654,Mouse,3280,66
992732,Elephant,172361,758
992768,Mouse,5489,66
992856,Mouse,5047,65
992908,Mouse,4813,65
993142,Mouse,4137,64
993157,Mouse,3680,64
993265,Mouse,3876,64
993405,Mouse,5345,66
993437,Mouse,3599,65
993480,Mouse,5413,70
993531,Mouse,3497,64
993593,Mouse,4139,64
993641,Mouse,4701,65
993676,Mouse,3236,64
993679,Mouse,4319,65
993690,Elephant,85670,410
993724,Mouse,3529,64
993740,Mouse,5212,65
993839,Mouse,3414,64
993855,Mouse,4952,65
993886,Mouse,3159,64
993915,Mouse,3564,64
993952,Mouse,3794,64
993980,Mouse,4850,65
994002,Mouse,4855,65
994017,Mouse,3834,64
994202,Mouse,4681,65
994220,Mouse,3379,64
994306,Mouse,4691,65
994338,Mouse,4093,70
994422,Elephant,39782,242
994609,Mouse,4455,65
994665,Mouse,4377,65
994737,Mouse,5570,70
994813,Mouse,3509,67
994866,Mouse,3690,70
994876,Mouse,3801,75
994883,Mouse,5445,76
994991,Mouse,4110,74
995012,Mouse,5593,75
995072,Mouse,5774,77
995098,Mouse,3658,76
995172,Mouse,4946,85
995197,Mouse,3189,86
995207,Elephant,370992,983
995266,Elephant,130032,578
995320,Mouse,4185,64
995431,Mouse,3050,66
995456,Mouse,5115,65
995532,Mouse,3220,70
995546,Mouse,3349,73
995565,Mouse,3388,67
995682,Mouse,5058,79
995701,Mouse,4372,75
995714,Mouse,3168,76
995895,Mouse,3389,77
995956,Mouse,3405,83
996011,Mouse,5428,96
996020,Elephant,474209,1253
996063,Mouse,4634,89
996097,Mouse,5169,91
996358,Mouse,5200,114
996365,Elephant,216248,857
996465,Mouse,5833,124
996533,Elephant,140791,746
996543,Mouse,3731,108
996550,Mouse,4227,106
996594,Mouse,5158,109
996659,Mouse,4975,100
996667,Mouse,5690,106
996707,Mouse,3409,104
996751,Mouse,5358,112
996828,Elephant,485703,1410
996836,Mouse,4567,121
997056,Mouse,4238,84
997141,Mouse,4911,99
997248,Mouse,5626,119
997257,Mouse,5617,126
997274,Elephant,334424,1249
997311,Elephant,347932,1272
997371,Mouse,3506,64
997563,Mouse,5404,72
997624,Mouse,5317,75
997763,Mouse,4112,89
997806,Mouse,4591,104
997840,Mouse,4875,113
997923,Mouse,5749,127
997972,Mouse,4927,135
998043,Elephant,483267,1435
998071,Mouse,4451,139
998113,Mouse,5285,128
998128,Mouse,5006,125
998145,Mouse,3032,108
998166,Mouse,3723,117
998186,Mouse,5306,127
998192,Mouse,3467,122
998207,Mouse,5462,129
998247,Mouse,4261,134
998298,Mouse,4008,135
998323,Mouse,4634,133
998397,Mouse,5365,132
998430,Mouse,3229,137
998453,Mouse,4215,142
998468,Mouse,3744,144
998491,Mouse,4020,148
998540,Elephant,446402,1521
998547,Mouse,3015,151
998582,Mouse,4766,153
998638,Mouse,3082,134
998675,Mouse,5376,129
998797,Mouse,3530,127
998888,Mouse,4159,130
998981,Mouse,3122,132
998999,Mouse,5516,139
999003,Elephant,465449,1635
999031,Mouse,4417,128
999056,Mouse,3244,127
999115,Mouse,5531,89
999270,Mouse,3452,95
999396,Mouse,5388,114
999434,Mouse,5448,122
999449,Mouse,5246,126
999489,Mouse,5291,135
999502,Mouse,5146,140
999516,Mouse,4477,145
999518,Mouse,3411,143
999535,Mouse,5257,153
999576,Mouse,3799,153
999583,Mouse,3531,159
999676,Mouse,4510,166
999799,Mouse,3468,163
999800,Elephant,540710,2160
999878,Mouse,4021,117
999890,Elephant,579773,2074
999964,Mouse,3981,78
999970,Mouse,4273,83
1000065,Mouse,3731,79
1000264,Elephant,591220,1882
1000407,Elephant,109066,523