CompletionTime_us,FlowType,SizeBytes,FCT_us
100074,Mouse,3393,74
100077,Mouse,4329,77
100080,Mouse,4939,80
100081,Mouse,5282,81
100091,Mouse,3661,64
100137,Mouse,5051,65
100152,Mouse,4864,65
100222,Mouse,3839,68
100274,Mouse,3335,66
100287,Mouse,3517,65
100307,Mouse,3015,65
100340,Mouse,4087,64
100348,Mouse,4039,66
100376,Mouse,3242,67
100386,Mouse,4789,65
100467,Mouse,5320,65
100515,Mouse,4241,64
100528,Mouse,4141,66
100552,Mouse,4113,69
100732,Mouse,4231,74
100768,Mouse,3331,70
100787,Mouse,3085,73
100852,Mouse,4696,82
100957,Mouse,4747,92
101094,Mouse,4320,91
101264,Mouse,3630,79
101269,Mouse,3404,78
101279,Mouse,3374,82
101372,Mouse,3491,94
101657,Mouse,4922,91
101702,Elephant,458632,1538
101707,Elephant,116043,1035
101729,Mouse,5153,82
101743,Mouse,4880,89
101788,Mouse,5657,72
101793,Mouse,3621,74
101860,Mouse,3571,72
101876,Mouse,5174,73
101897,Elephant,522395,1642
101935,Mouse,3664,69
101950,Mouse,5361,73
102168,Mouse,5467,68
102195,Mouse,4477,67
102230,Mouse,5194,66
102236,Mouse,4773,69
102254,Mouse,4763,69
102291,Mouse,3939,67
102298,Mouse,4876,70
102305,Mouse,3122,70
102310,Mouse,3713,67
102315,Mouse,3648,69
102374,Mouse,3592,72
102401,Mouse,3497,66
102623,Mouse,3782,67
102666,Mouse,5466,69
102699,Mouse,4788,76
102713,Mouse,5077,73
102758,Mouse,4075,72
102771,Elephant,126192,519
102868,Mouse,4379,68
102926,Elephant,185842,660
102964,Mouse,3361,65
103060,Mouse,4284,68
103097,Mouse,5257,66
103143,Mouse,4973,70
103214,Mouse,4928,65
103241,Mouse,4651,65
103358,Mouse,3047,67
103410,Mouse,4051,64
103438,Mouse,5594,70
103460,Mouse,4270,65
103508,Mouse,4067,64
103671,Mouse,4748,69
103933,Elephant,425161,1175
103938,Mouse,3588,64
103953,Mouse,4302,65
104191,Mouse,4765,65
104196,Mouse,5158,65
104244,Mouse,4926,65
104323,Mouse,4942,68
104493,Mouse,4168,74
104567,Mouse,3543,69
104613,Mouse,4794,82
104643,Mouse,3800,89
104669,Mouse,3601,94
104690,Mouse,3027,103
104732,Mouse,4486,96
104760,Mouse,4342,109
104770,Elephant,184806,704
104789,Mouse,5064,87
104801,Mouse,4616,81
104810,Mouse,5087,82
105103,Mouse,3275,65
105186,Elephant,211901,993
105401,Mouse,3790,72
105412,Elephant,205712,1094
105480,Mouse,3717,67
105488,Mouse,3156,65
105531,Mouse,5151,67
105546,Mouse,5549,66
105566,Elephant,413470,1401
105578,Mouse,3275,64
105747,Mouse,5505,66
105801,Mouse,3656,64
105835,Mouse,3210,64
105992,Mouse,5134,71
105996,Mouse,3672,72
106081,Mouse,3325,64
106115,Mouse,4660,74
106120,Mouse,3858,76
106130,Mouse,3464,80
106142,Mouse,3332,83
106192,Mouse,4476,79
106223,Mouse,3659,87
106233,Mouse,4294,82
106287,Mouse,3501,76
106468,Mouse,3651,71
106477,Mouse,3284,73
106669,Mouse,4144,95
106704,Mouse,4175,100
106728,Mouse,3606,106
106772,Mouse,5458,106
106812,Mouse,5838,101
106939,Elephant,211843,1147
106981,Mouse,5674,70
107023,Mouse,3574,76
107032,Mouse,3288,72
107114,Mouse,5342,79
107137,Mouse,3361,85
107145,Mouse,5568,86
107160,Mouse,5435,93
107185,Mouse,5551,101
107253,Elephant,385581,1521
107299,Mouse,5563,74
107317,Mouse,3682,68
107338,Mouse,3075,74
107517,Elephant,396504,1698
107531,Mouse,3083,83
107649,Mouse,3071,71
107731,Mouse,5048,78
107809,Mouse,4603,94
107904,Mouse,5126,96
108006,Elephant,437240,1639
108028,Mouse,3706,80
108065,Mouse,3571,68
108198,Elephant,217505,867
108271,Elephant,558490,1982
108303,Mouse,4042,69
108314,Mouse,4091,69
108335,Mouse,4227,64
108377,Mouse,5492,66
108382,Mouse,4904,70
108409,Mouse,4963,65
108467,Elephant,52843,320
108602,Mouse,4410,66
108605,Mouse,3950,66
108612,Mouse,3914,65
108766,Mouse,3057,64
108830,Mouse,5125,65
108913,Mouse,4479,66
108918,Mouse,3328,64
108957,Mouse,5169,67
108974,Mouse,5050,65
109043,Mouse,5626,72
109085,Mouse,4279,70
109175,Mouse,3883,66
109222,Mouse,3824,68
109330,Mouse,5286,75
109364,Mouse,4150,78
109387,Mouse,3026,82
109419,Mouse,4862,87
109535,Mouse,5494,98
109592,Mouse,4059,104
109750,Mouse,3467,67
109787,Mouse,3404,70
109823,Mouse,5433,77
109867,Mouse,3514,89
109891,Mouse,3924,91
109952,Mouse,4567,85
110008,Mouse,5066,79
110039,Mouse,5568,78
110069,Elephant,521384,1449
110108,Mouse,3865,75
110321,Mouse,3262,88
110450,Mouse,4141,81
110525,Mouse,4839,88
110629,Mouse,5827,101
110633,Mouse,5207,103
110641,Mouse,3025,106
110716,Mouse,5416,93
110771,Mouse,4608,76
110809,Mouse,3326,74
110832,Elephant,584938,2018
110863,Elephant,278986,1675
110873,Mouse,3374,73
110877,Mouse,3051,72
110903,Mouse,3574,64
110935,Mouse,4035,66
111002,Mouse,3765,68
111059,Mouse,5745,73
111081,Mouse,5379,73
111157,Mouse,5830,79
111159,Mouse,5065,78
111241,Mouse,5677,87
111262,Mouse,4293,93
111272,Mouse,3065,89
111273,Mouse,3962,90
111310,Mouse,5550,95
111319,Mouse,5324,100
111453,Mouse,5016,66
111463,Mouse,5657,72
111470,Elephant,284784,1319
111524,Mouse,3476,66
111547,Mouse,3887,67
111564,Mouse,4210,67
111565,Mouse,3762,67
111621,Mouse,5270,73
111685,Mouse,4191,64
111766,Mouse,3316,70
111779,Mouse,5383,65
111839,Mouse,5027,67
111851,Elephant,163184,836
112089,Mouse,4528,70
112113,Mouse,3254,66
112158,Mouse,4702,70
112169,Mouse,3401,69
112178,Mouse,5580,75
112325,Mouse,5492,70
112394,Mouse,5035,82
112400,Elephant,526813,1551
112430,Mouse,5290,72
112504,Mouse,5024,67
112533,Mouse,4152,66
112598,Mouse,3124,65
112696,Elephant,256522,781
112699,Mouse,3478,65
112891,Elephant,164083,594
112896,Mouse,4376,67
113150,Mouse,5687,66
113277,Mouse,4594,65
113326,Mouse,4203,80
113328,Mouse,4582,78
113375,Mouse,5187,83
113391,Mouse,3609,72
113421,Elephant,212489,720
113424,Mouse,5552,82
113526,Mouse,4331,67
113594,Mouse,3842,67
113616,Mouse,5085,76
113670,Mouse,5244,74
113690,Mouse,3566,71
113711,Mouse,3911,79
113743,Mouse,3078,87
113785,Mouse,3232,90
113913,Mouse,3623,67
113996,Elephant,169970,808
114070,Mouse,4227,65
114149,Mouse,4189,67
114158,Mouse,5652,71
114239,Mouse,3692,69
114382,Mouse,4261,73
114419,Elephant,591568,1451
114439,Mouse,3803,71
114443,Mouse,5387,75
114598,Mouse,4322,74
114656,Mouse,3668,64
114670,Mouse,3360,66
114691,Mouse,4264,68
114719,Elephant,458654,1386
114825,Mouse,4705,71
114840,Mouse,3615,66
114841,Mouse,4795,68
114928,Mouse,5366,65
114932,Mouse,3747,64
114996,Mouse,5305,72
115037,Mouse,4443,72
115092,Mouse,5708,72
115148,Mouse,3270,74
115150,Elephant,58235,347
115179,Mouse,4606,72
115183,Mouse,3121,70
115198,Mouse,5064,75
115212,Mouse,3282,72
115235,Mouse,3170,70
115306,Mouse,3644,70
115332,Mouse,4521,73
115465,Mouse,5169,76
115478,Elephant,377578,1143
115548,Mouse,5048,69
115631,Mouse,4753,68
115681,Mouse,3313,66
115768,Mouse,3535,66
115819,Mouse,3292,70
115821,Mouse,4217,70
115921,Elephant,534980,1173
115972,Mouse,4942,65
115997,Mouse,3036,64
116101,Mouse,5518,66
116202,Mouse,3212,64
116255,Mouse,5729,66
116370,Mouse,3655,64
116473,Mouse,4972,65
116628,Mouse,4681,65
116677,Mouse,3744,64
116689,Mouse,4664,65
116741,Mouse,4190,64
116820,Mouse,5321,65
116875,Mouse,4027,64
116894,Mouse,4662,66
116944,Mouse,5246,71
116977,Mouse,5490,66
117031,Mouse,3263,65
117060,Mouse,5001,68
117065,Mouse,3296,67
117074,Mouse,3137,67
117220,Elephant,72650,368
117268,Mouse,5796,66
117290,Mouse,5678,71
117302,Elephant,128007,515
117308,Mouse,3805,64
117385,Mouse,3196,64
117437,Mouse,3558,65
117473,Mouse,4882,65
117518,Mouse,4182,65
117857,Mouse,5150,75
117913,Mouse,4823,76
117963,Mouse,5541,66
118076,Elephant,423777,1082
118157,Mouse,5435,66
118217,Mouse,5327,65
118239,Mouse,3644,64
118335,Mouse,4765,65
118352,Mouse,3842,64
118374,Mouse,4421,70
118465,Mouse,4584,69
118544,Mouse,4696,68
118558,Mouse,4390,70
118564,Mouse,4280,74
118717,Mouse,5177,75
118821,Mouse,4283,75
118864,Elephant,93746,488
118921,Mouse,3970,75
118924,Mouse,4726,79
118935,Mouse,5100,83
118999,Mouse,5656,85
119045,Elephant,225483,815
119072,Mouse,3375,80
119119,Mouse,3681,70
119156,Mouse,3426,70
119182,Mouse,4996,68
119229,Mouse,3725,65
119247,Mouse,3373,66
119272,Mouse,4585,69
119274,Mouse,3616,70
119276,Elephant,63978,351
119362,Mouse,5557,66
119393,Mouse,5592,66
119473,Mouse,5687,68
119538,Mouse,3683,65
119611,Mouse,5475,66
119673,Mouse,5533,67
119720,Mouse,4384,70
119737,Mouse,4792,76
119740,Mouse,3389,77
119813,Mouse,5121,70
119945,Mouse,5168,70
120000,Mouse,3897,75
120004,Elephant,555621,1489
120008,Mouse,3730,76
120012,Mouse,5657,78
120087,Mouse,5515,67
120166,Elephant,121157,517
120190,Mouse,4707,69
120262,Mouse,3141,64
120281,Elephant,177452,635
120340,Mouse,4403,65
120585,Mouse,4013,66
120595,Mouse,4868,65
120625,Mouse,3975,67
120796,Mouse,3753,67
120808,Mouse,4274,71
120892,Mouse,3390,67
120924,Elephant,133419,538
121009,Mouse,5253,69
121190,Mouse,4747,72
121230,Mouse,3225,68
121460,Mouse,5475,71
121474,Mouse,5219,74
121475,Elephant,545815,1285
121479,Mouse,4151,75
121523,Mouse,4667,76
121529,Mouse,5816,68
121542,Mouse,5369,74
121547,Mouse,5712,78
121671,Mouse,5221,68
121675,Mouse,4832,68
121770,Elephant,235219,739
121827,Mouse,4023,64
121884,Mouse,4831,65
121888,Mouse,4448,65
121950,Mouse,3461,64
122096,Mouse,3162,64
122120,Mouse,4651,65
122225,Mouse,5629,67
122227,Mouse,3900,66
122260,Mouse,5154,65
122304,Mouse,5297,66
122323,Mouse,3197,67
122356,Mouse,5190,65
122364,Mouse,4127,66
122428,Mouse,5558,67
122456,Mouse,4377,67
122612,Mouse,4578,65
122680,Elephant,281499,808
122743,Mouse,5329,65
122751,Mouse,5695,66
122765,Mouse,3632,64
122848,Mouse,4977,65
122876,Mouse,5178,65
122971,Mouse,3023,64
123008,Mouse,4207,67
123096,Mouse,5247,67
123107,Mouse,3494,68
123114,Mouse,5208,65
123149,Mouse,5141,70
123211,Mouse,3783,64
123353,Mouse,4380,68
123442,Mouse,5702,72
123442,Mouse,3361,70
123583,Mouse,4735,81
123597,Mouse,3924,82
123688,Mouse,5522,98
123710,Mouse,3574,90
123756,Elephant,261644,858
123762,Mouse,3151,86
123763,Mouse,5712,88
123772,Mouse,5406,92
123820,Mouse,3909,76
123860,Elephant,259180,865
123880,Elephant,167465,741
124026,Mouse,5220,65
124073,Mouse,5472,66
124159,Mouse,4991,65
124170,Mouse,3602,64
124177,Mouse,3939,64
124248,Mouse,4540,73
124279,Mouse,4220,67
124292,Elephant,49707,293
124300,Mouse,3160,64
124338,Mouse,4433,71
124374,Elephant,168904,607
124406,Mouse,5782,66
124457,Mouse,3698,64
124537,Mouse,5354,65
124607,Mouse,5420,65
124730,Mouse,3806,67
124915,Mouse,5687,69
124935,Mouse,4208,64
125003,Mouse,5385,67
125067,Elephant,192996,663
125100,Mouse,3192,67
125129,Mouse,5577,66
125162,Mouse,4812,65
125169,Mouse,5042,65
125268,Elephant,95725,455
125401,Mouse,3714,64
125477,Elephant,85605,410
125485,Mouse,5563,66
125632,Mouse,4519,71
125824,Mouse,5547,66
125847,Mouse,4703,71
125853,Mouse,3422,72
126089,Mouse,5802,74
126107,Mouse,3465,68
126142,Mouse,4557,72
126201,Mouse,4923,70
126235,Mouse,3070,69
126267,Mouse,4305,74
126276,Mouse,4805,77
126422,Mouse,5154,81
126459,Elephant,502788,1163
126467,Mouse,3363,77
126542,Mouse,3243,64
126562,Mouse,5792,70
126619,Mouse,5607,71
126630,Mouse,3419,71
126642,Mouse,3379,69
126699,Elephant,439208,1193
126725,Mouse,3648,64
126735,Mouse,5747,66
126854,Mouse,4575,65
126860,Mouse,5060,65
126899,Mouse,5805,67
126907,Mouse,5726,66
127110,Mouse,4671,70
127111,Elephant,187987,646
127127,Mouse,5748,78
127128,Mouse,5775,77
127231,Mouse,4169,64
127350,Mouse,4745,65
127388,Mouse,5741,66
127426,Mouse,3987,68
127461,Elephant,101814,457
127497,Mouse,3962,64
127528,Mouse,3813,64
127587,Mouse,4140,66
127590,Mouse,5323,67
127635,Mouse,4149,65
127651,Mouse,4579,66
127661,Mouse,4387,71
127675,Mouse,3595,64
127765,Mouse,5088,65
127917,Mouse,5109,70
127957,Mouse,3034,66
128057,Mouse,5280,70
128085,Mouse,3137,66
128139,Mouse,5273,68
128207,Mouse,4018,64
128299,Mouse,3071,68
128327,Mouse,3191,67
128507,Mouse,5394,70
128576,Mouse,4392,78
128621,Mouse,5349,80
128675,Mouse,3235,82
128752,Mouse,3806,70
128786,Elephant,588394,1285
128829,Mouse,3937,64
128874,Mouse,3104,65
128877,Mouse,3809,67
128879,Mouse,3619,67
129058,Elephant,400395,1137
129069,Mouse,3945,65
129151,Mouse,3304,64
129188,Mouse,5395,65
129195,Mouse,4420,66
129264,Mouse,5354,65
129278,Mouse,4169,64
129289,Mouse,4491,69
129309,Mouse,3092,64
129393,Mouse,4931,68
129395,Mouse,4835,69
129513,Mouse,3103,64
129521,Mouse,4748,68
129569,Mouse,4848,67
129574,Mouse,4820,69
129584,Mouse,4251,70
129591,Mouse,3961,74
129606,Mouse,3520,64
129700,Mouse,3143,64
129735,Mouse,4927,69
129759,Mouse,4735,70
129815,Mouse,5525,76
129860,Elephant,197573,685
129887,Mouse,3532,64
129900,Mouse,3931,65
129946,Mouse,3216,64
129983,Mouse,4991,69
130076,Mouse,3884,67
130086,Mouse,5672,67
130110,Mouse,3209,69
130171,Mouse,4981,65
130208,Mouse,3346,66
130384,Elephant,477747,1091
130669,Mouse,4148,67
130677,Mouse,5638,71
130705,Mouse,3710,66
130713,Mouse,4528,69
130722,Elephant,236092,737
130909,Mouse,4513,65
130924,Mouse,3564,64
131071,Mouse,5428,75
131097,Mouse,5204,68
131097,Mouse,3513,67
131130,Mouse,4956,72
131248,Mouse,3610,68
131287,Mouse,4908,65
131324,Mouse,5122,71
131378,Mouse,3384,73
131404,Elephant,191509,654
131480,Mouse,3179,75
131482,Mouse,4166,74
131586,Elephant,142416,565
131668,Mouse,5102,68
131700,Mouse,5541,72
131750,Mouse,4696,73
131774,Mouse,3294,67
131831,Mouse,4784,76
131853,Mouse,3765,73
131874,Elephant,70731,382
131897,Mouse,3172,64
131899,Elephant,408923,1034
131920,Mouse,4914,65
131986,Mouse,3954,64
132038,Mouse,3290,64
132043,Mouse,3517,64
132058,Mouse,5274,65
132165,Mouse,3428,64
132175,Mouse,3680,64
132459,Mouse,3002,67
132467,Mouse,4332,66
132484,Mouse,4198,68
132644,Mouse,3558,66
132671,Mouse,4026,68
132682,Mouse,5046,73
132697,Mouse,3755,67
132900,Mouse,5745,70
132929,Mouse,4236,69
133061,Mouse,5674,70
133097,Mouse,3375,72
133130,Mouse,5840,75
133142,Mouse,5216,79
133249,Mouse,5738,75
133266,Mouse,3621,77
133354,Elephant,394341,1023
133411,Elephant,545955,1412
133419,Mouse,5740,67
133423,Mouse,4430,66
133445,Mouse,5643,68
133469,Mouse,5354,66
133510,Mouse,5804,66
133515,Mouse,4950,65
133532,Mouse,3677,64
133650,Mouse,4677,66
133869,Mouse,3125,64
133878,Mouse,3422,64
134016,Elephant,200346,671
134021,Mouse,4699,65
134095,Mouse,4841,65
134309,Mouse,4367,67
134318,Mouse,5722,66
134335,Mouse,3193,67
134350,Mouse,3106,70
134420,Mouse,4348,69
134504,Mouse,5402,70
134580,Mouse,5111,67
134638,Mouse,4100,67
134830,Mouse,4801,75
134964,Mouse,4134,75
135077,Mouse,4545,87
135124,Mouse,4104,93
135129,Elephant,580130,1257
135213,Mouse,5258,65
135222,Mouse,4540,65
135282,Elephant,495237,1404
135327,Mouse,4501,66
135334,Mouse,5336,65
135448,Mouse,3538,64
135487,Mouse,3585,66
135554,Mouse,4335,65
135560,Mouse,4800,65
135588,Mouse,3791,64
135620,Mouse,4328,69
135668,Mouse,5561,68
135750,Mouse,3872,68
135766,Mouse,5218,65
135803,Mouse,4584,65
135881,Elephant,187371,635
135887,Mouse,3360,64
135959,Mouse,4805,67
135969,Mouse,4750,65
136069,Mouse,3939,64
136273,Mouse,5161,73
136289,Mouse,5409,67
136381,Mouse,4211,67
136406,Mouse,4820,74
136420,Mouse,4796,69
136472,Mouse,5142,74
136493,Mouse,4790,72
136581,Mouse,3571,69
136631,Mouse,3689,73
136646,Mouse,4690,75
136791,Elephant,413365,1037
136922,Elephant,374416,1036
136980,Mouse,5454,66
137007,Mouse,5773,66
137022,Mouse,4809,66
137041,Mouse,5839,68
137050,Mouse,5346,66
137058,Mouse,3098,64
137072,Mouse,5052,65
137085,Mouse,4302,70
137240,Mouse,5514,69
137264,Mouse,3676,64
137293,Mouse,3169,72
137341,Mouse,5825,72
137347,Mouse,3048,72
137357,Mouse,4542,67
137472,Elephant,113518,502
137477,Mouse,5304,65
137596,Mouse,5439,74
137819,Mouse,3516,70
137824,Mouse,3204,72
137857,Mouse,4410,74
137859,Mouse,4264,74
137873,Mouse,5131,81
137899,Mouse,5294,82
137996,Mouse,5813,71
138030,Mouse,3946,65
138096,Mouse,4732,68
138140,Mouse,5397,68
138161,Mouse,5771,71
138209,Mouse,3004,72
138252,Mouse,5012,72
138281,Elephant,460675,1191
138363,Mouse,4412,65
138386,Elephant,413474,1215
138451,Mouse,5096,65
138472,Mouse,3222,64
138479,Mouse,5076,65
138489,Mouse,4986,65
138588,Mouse,5152,65
138704,Mouse,5372,65
138752,Mouse,3625,64
138796,Mouse,5294,66
138803,Mouse,5760,66
138863,Mouse,5473,66
138904,Mouse,3446,65
138994,Mouse,3679,64
139104,Mouse,3432,64
139159,Mouse,3393,67
139196,Elephant,113621,492
139247,Mouse,3221,64
139251,Mouse,4151,64
139275,Mouse,3840,64
139278,Mouse,3787,64
139464,Mouse,4560,65
139470,Mouse,4300,65
139491,Mouse,3760,64
139545,Mouse,3663,64
139559,Mouse,3040,64
139607,Mouse,3871,65
139610,Mouse,4566,67
139653,Mouse,4368,67
139660,Mouse,3031,64
139744,Mouse,5145,65
139788,Mouse,3322,69
139799,Mouse,4629,65
139833,Mouse,4605,65
139893,Mouse,5422,65
139909,Mouse,4694,65
139980,Mouse,3525,64
140049,Mouse,3551,64
140057,Mouse,3041,64
140132,Mouse,3604,64
140146,Mouse,5189,65
140158,Mouse,4182,64
140300,Mouse,3661,64
140377,Mouse,5615,67
140380,Mouse,4809,67
140493,Mouse,4351,65
140519,Mouse,3725,64
140522,Mouse,3077,65
140599,Mouse,4302,65
140673,Mouse,4048,64
140740,Mouse,3399,64
140771,Mouse,5145,70
140794,Mouse,3217,64
140859,Mouse,3325,64
140879,Mouse,3631,64
140903,Mouse,5061,70
140910,Mouse,4114,70
140913,Mouse,3279,69
141033,Mouse,5756,69
141135,Mouse,3690,64
141328,Elephant,314020,886
141365,Mouse,4843,65
141424,Mouse,4418,66
141570,Mouse,3586,71
141581,Mouse,3937,64
141599,Mouse,4659,67
141715,Mouse,3596,70
141719,Mouse,5386,69
141967,Mouse,5370,71
142033,Mouse,5739,76
142042,Mouse,4322,75
142093,Mouse,5375,83
142106,Elephant,327995,917
142126,Mouse,3011,76
142143,Mouse,4062,73
142317,Mouse,3927,66
142371,Mouse,3363,68
142383,Mouse,3274,72
142412,Mouse,5742,71
142453,Mouse,3500,70
142472,Elephant,494563,1148
142535,Mouse,5812,66
142673,Mouse,3532,67
142674,Mouse,5722,69
142698,Elephant,168846,608
142742,Mouse,5425,70
142782,Mouse,4627,65
142929,Mouse,3894,67
143017,Mouse,4480,68
143079,Mouse,4150,64
143101,Mouse,3848,68
143159,Mouse,5716,66
143204,Mouse,5216,66
143209,Mouse,5425,65
143282,Mouse,4299,65
143328,Mouse,5039,67
143387,Mouse,3941,64
143460,Mouse,4201,65
143491,Mouse,5398,70
143502,Mouse,4965,73
143558,Mouse,5119,72
143648,Mouse,4802,69
143651,Mouse,4034,68
143678,Mouse,4262,69
143706,Elephant,362065,932
143726,Mouse,3835,69
143835,Mouse,5074,66
143842,Mouse,4314,68
143885,Mouse,5646,69
143968,Mouse,3597,65
144009,Mouse,5341,69
144018,Mouse,4050,67
144041,Mouse,5059,67
144061,Mouse,3716,69
144081,Mouse,3991,67
144098,Mouse,5198,70
144128,Elephant,145780,555
144130,Mouse,4241,69
144140,Mouse,3728,70
144195,Mouse,3815,67
144208,Mouse,5262,65
144227,Mouse,5729,68
144320,Mouse,5366,68
144343,Mouse,3454,64
144441,Mouse,4000,69
144452,Mouse,4014,67
144544,Mouse,5463,68
144559,Mouse,5010,74
144579,Mouse,5404,68
144607,Mouse,3461,69
144613,Mouse,5073,72
144717,Mouse,5799,71
144748,Mouse,5785,68
144778,Mouse,3146,73
144781,Mouse,3418,72
144786,Elephant,558835,1194
144809,Mouse,3907,65
144832,Mouse,3329,72
144833,Mouse,5779,74
144861,Mouse,3175,64
144944,Mouse,4232,64
144964,Mouse,5619,66
144973,Mouse,4191,64
145177,Mouse,5370,65
145207,Mouse,3906,64
145367,Mouse,4948,75
145377,Mouse,4740,78
145419,Mouse,5190,79
145523,Mouse,4741,69
145582,Mouse,3530,66
145647,Mouse,3225,68
145801,Elephant,299384,853
145918,Mouse,5088,69
145942,Mouse,3174,70
145949,Mouse,4837,71
145951,Mouse,5229,72
145988,Mouse,3910,81
146115,Elephant,102984,483
146122,Mouse,4243,69
146159,Elephant,291368,920
146306,Mouse,4706,65
146395,Mouse,4894,65
146446,Mouse,5007,65
146460,Mouse,4500,66
146467,Mouse,5601,66
146477,Mouse,4041,64
146631,Mouse,5251,70
146651,Mouse,4604,65
146681,Mouse,3175,69
146681,Mouse,3654,69
146692,Mouse,4987,65
146777,Mouse,4164,64
146934,Mouse,3121,66
146958,Mouse,4792,65
146989,Mouse,3778,67
147210,Mouse,5736,72
147251,Mouse,4411,69
147447,Mouse,3194,64
147488,Mouse,4857,75
147526,Mouse,3724,75
147534,Mouse,4626,77
147568,Mouse,3338,80
147674,Mouse,3830,71
147688,Mouse,4470,77
147718,Elephant,584321,1328
147753,Mouse,3774,82
147762,Mouse,3287,65
147845,Mouse,3308,66
147892,Mouse,4956,65
147990,Mouse,3257,65
148037,Mouse,4219,69
148053,Elephant,318329,893
148079,Mouse,5532,69
148109,Mouse,3254,67
148140,Mouse,5661,66
148176,Mouse,4787,70
148286,Elephant,184860,848
148571,Elephant,285986,819
148620,Mouse,4945,65
148792,Mouse,4401,70
148846,Mouse,4757,67
148961,Elephant,243663,784
149080,Mouse,4127,65
149091,Mouse,5336,65
149161,Mouse,3281,65
149241,Elephant,334917,944
149275,Mouse,5106,67
149349,Mouse,5561,66
149401,Mouse,4195,64
149406,Mouse,3864,64
149414,Mouse,4802,65
149466,Mouse,5711,66
149511,Mouse,3082,64
149519,Mouse,3856,66
149554,Mouse,3379,65
149618,Mouse,5053,70
149873,Elephant,85266,411
150110,Mouse,4175,64
150166,Mouse,3827,68
150235,Mouse,5770,76
150239,Mouse,5694,78
150347,Elephant,338227,897
150358,Mouse,3431,70
150433,Mouse,4138,65
150500,Mouse,3919,68
150526,Mouse,5219,73
150539,Mouse,4348,69
150615,Mouse,4827,74
150851,Mouse,3476,89
150874,Mouse,4442,91
150919,Mouse,5374,95
151016,Mouse,4580,86
151043,Elephant,339849,1065
151118,Mouse,3641,71
151176,Mouse,5298,66
151243,Elephant,179649,836
151275,Mouse,4014,67
151374,Mouse,3956,67
151446,Mouse,4744,69
151481,Mouse,3383,68
151495,Mouse,3320,72
151593,Mouse,4127,73
151630,Elephant,450107,1447
151705,Mouse,5336,84
151713,Mouse,3386,75
151747,Mouse,3528,73
151810,Mouse,5181,70
151842,Elephant,142337,619
151892,Mouse,5766,78
151934,Mouse,4372,78
151944,Mouse,3991,77
151945,Mouse,4404,73
151992,Mouse,4713,74
152044,Elephant,458517,1437
152112,Elephant,126076,547
152199,Mouse,5095,65
152224,Mouse,4399,65
152391,Mouse,5806,69
152548,Mouse,3724,64
152554,Mouse,5414,67
152640,Mouse,5749,66
152654,Mouse,3172,68
152704,Mouse,3784,71
152718,Elephant,123806,506
152725,Mouse,4933,65
152782,Mouse,4176,67
152835,Mouse,4184,66
152865,Mouse,3104,67
152904,Mouse,5222,68
152912,Mouse,4152,70
152917,Mouse,3260,71
152934,Mouse,3608,66
152975,Mouse,4749,71
153065,Mouse,5426,67
153072,Mouse,3184,64
153087,Mouse,3885,67
153125,Mouse,3974,67
153178,Mouse,5652,73
153188,Mouse,4935,75
153259,Mouse,3686,67
153272,Mouse,4336,72
153273,Mouse,4525,73
153326,Elephant,554196,1179
153331,Mouse,5488,71
153382,Mouse,3815,67
153466,Mouse,3268,67
153487,Mouse,4633,65
153648,Elephant,107605,466
153748,Mouse,3337,64
153776,Mouse,4874,65
153974,Mouse,3541,64
154116,Mouse,3891,64
154196,Mouse,4708,65
154235,Mouse,4462,65
154297,Mouse,3612,64
154401,Mouse,5689,66
154428,Mouse,5559,66
154524,Mouse,5561,66
154533,Mouse,3014,64
154612,Mouse,4151,64
154749,Mouse,3230,64
155024,Mouse,4741,65
155103,Mouse,4722,65
155115,Mouse,4211,64
155138,Mouse,4382,65
155151,Mouse,5603,67
155154,Mouse,4614,67
155265,Mouse,3910,64
155348,Mouse,4492,69
155404,Mouse,3133,73
155475,Mouse,3781,66
155542,Mouse,3743,70
155549,Mouse,3322,69
155693,Mouse,5501,80
155701,Mouse,5194,85
155704,Mouse,4715,87
155725,Mouse,3740,89
155778,Mouse,4126,106
155953,Mouse,5505,82
155973,Mouse,4175,73
156020,Mouse,4209,74
156035,Mouse,4232,73
156087,Elephant,550450,1332
156169,Mouse,3807,68
156246,Mouse,3242,71
156248,Mouse,5480,76
156384,Mouse,4668,96
156416,Mouse,4445,107
156449,Mouse,4773,112
156477,Mouse,4991,115
156496,Mouse,4975,120
156509,Mouse,3258,116
156538,Mouse,3619,108
156680,Mouse,3686,66
156736,Mouse,3085,71
156784,Elephant,232135,1223
156813,Elephant,427223,1577
156828,Mouse,4888,75
157002,Mouse,4789,69
157067,Elephant,178284,1015
157109,Mouse,5269,78
157124,Mouse,5706,70
157177,Mouse,5046,75
157185,Mouse,3452,76
157253,Mouse,4359,77
157264,Mouse,3132,80
157289,Mouse,4823,79
157293,Mouse,5392,79
157384,Mouse,3511,80
157466,Mouse,3568,75
157527,Mouse,4582,78
157734,Mouse,5350,92
157779,Elephant,403566,1612
157829,Mouse,5456,75
157859,Mouse,4759,76
157859,Elephant,526437,1556
157887,Mouse,4186,69
157953,Mouse,3647,64
158002,Mouse,4655,65
158012,Mouse,3172,64
158109,Mouse,3783,64
158117,Mouse,3778,65
158210,Mouse,3973,64
158283,Mouse,4741,66
158337,Mouse,3588,64
158380,Mouse,4847,68
158509,Mouse,5752,68
158549,Mouse,5069,69
158596,Mouse,3112,65
158603,Mouse,4539,65
158648,Mouse,4827,65
158715,Elephant,31361,196
158855,Mouse,4004,68
158900,Mouse,4624,69
159050,Mouse,5338,69
159199,Elephant,102730,457
159206,Mouse,4250,65
159237,Mouse,5340,70
159357,Mouse,4274,68
159446,Mouse,3994,64
159522,Elephant,309639,847
159568,Mouse,5686,66
159603,Mouse,5056,70
159639,Elephant,143875,558
159776,Mouse,4613,65
159877,Mouse,3651,64
160075,Mouse,3880,65
160129,Mouse,4488,65
160219,Mouse,3440,64
160249,Mouse,5442,70
160257,Mouse,4765,65
160278,Mouse,4346,65
160469,Mouse,3120,67
160606,Mouse,4860,69
160674,Mouse,4422,74
160733,Elephant,337090,901
160887,Mouse,5131,69
160945,Mouse,5351,74
160950,Mouse,5695,69
161028,Mouse,5512,69
161039,Mouse,5713,69
161083,Mouse,5790,69
161107,Mouse,5698,68
161123,Mouse,4603,67
161261,Elephant,421964,1021
161290,Mouse,3008,67
161312,Mouse,3782,64
161328,Mouse,3803,64
161396,Mouse,4733,65
161451,Mouse,5135,65
161485,Mouse,3602,64
161489,Mouse,4320,66
161596,Mouse,4487,65
161624,Mouse,5454,66
161645,Mouse,3874,67
161701,Mouse,5254,73
161727,Mouse,3583,65
161731,Mouse,5717,68
161785,Mouse,5121,71
161830,Mouse,5468,71
161925,Mouse,4735,69
161945,Mouse,3685,64
161964,Mouse,4323,67
162005,Mouse,5295,68
162055,Elephant,287166,818
162067,Mouse,3548,64
162114,Mouse,5318,65
162133,Mouse,4029,64
162141,Mouse,3707,64
162160,Mouse,3791,64
162230,Mouse,3540,64
162264,Mouse,3485,64
162284,Mouse,3828,64
162342,Mouse,4621,65
162511,Mouse,5041,65
162649,Mouse,5650,66
162772,Mouse,4288,65
162818,Mouse,5562,69
162931,Mouse,5127,66
162940,Mouse,3223,68
163005,Mouse,4867,65
163026,Mouse,4577,68
163083,Mouse,5407,71
163090,Mouse,5687,66
163150,Mouse,4380,69
163215,Mouse,4626,81
163334,Mouse,3927,87
163438,Elephant,171274,691
163446,Elephant,78428,502
163449,Mouse,3306,77
163476,Mouse,4983,81
163481,Mouse,4001,83
163484,Mouse,3005,83
163611,Mouse,3756,64
163684,Mouse,4031,73
163744,Mouse,5153,82
163831,Elephant,89524,688
163835,Mouse,5626,97
163964,Mouse,3739,69
164025,Mouse,5540,72
164115,Mouse,3818,71
164203,Mouse,5075,86
164232,Mouse,5362,95
164265,Mouse,4491,107
164276,Elephant,194742,944
164288,Mouse,5258,107
164352,Mouse,3760,98
164380,Mouse,4708,92
164403,Mouse,3926,79
164466,Mouse,3981,78
164682,Mouse,5344,95
164754,Elephant,583877,2015
164771,Mouse,4912,90
164783,Mouse,4106,99
164785,Mouse,5682,100
164876,Mouse,5125,67
164928,Mouse,4620,66
164953,Mouse,4089,71
164991,Mouse,3290,68
165093,Elephant,443597,2009
165109,Mouse,4276,67
165140,Mouse,3718,69
165145,Mouse,3443,71
165154,Elephant,86738,663
165200,Mouse,5646,69
165214,Mouse,4396,66
165283,Mouse,4194,64
165311,Elephant,386157,1710
165388,Mouse,3742,64
165510,Mouse,3525,68
165552,Mouse,3556,66
165566,Mouse,4526,65
165575,Mouse,4556,65
165599,Mouse,3891,71
165958,Mouse,3838,67
166008,Mouse,5284,71
166014,Mouse,4241,75
166026,Elephant,212547,719
166042,Mouse,3273,69
166071,Mouse,3026,78
166127,Elephant,310139,867
166131,Mouse,4415,65
166169,Mouse,3150,64
166228,Mouse,5299,65
166250,Mouse,5001,65
166342,Mouse,5538,66
166350,Mouse,3054,64
166378,Mouse,3881,64
166461,Mouse,5534,66
166513,Mouse,5701,66
166761,Mouse,4322,65
166805,Mouse,3175,64
166843,Mouse,3751,64
166922,Mouse,4274,65
166985,Mouse,3712,64
167004,Mouse,5037,66
167052,Mouse,4199,69
167180,Mouse,3689,65
167399,Mouse,4780,69
167408,Mouse,4225,70
167417,Mouse,3909,64
167430,Mouse,5458,66
167486,Mouse,5296,68
167541,Mouse,3424,69
167555,Mouse,4178,64
167645,Mouse,5438,66
167761,Mouse,4808,71
167773,Mouse,5574,72
167782,Mouse,4788,70
167807,Mouse,4808,74
167864,Elephant,353521,924
167895,Mouse,4831,75
167903,Mouse,3194,64
167935,Mouse,3026,67
167942,Mouse,5121,65
167947,Mouse,4610,66
168031,Mouse,4452,65
168110,Mouse,5275,70
168118,Mouse,5117,74
168128,Mouse,4548,70
168446,Mouse,3987,104
168538,Mouse,5094,135
168641,Mouse,4394,147
168653,Elephant,378967,1103
168660,Elephant,244926,911
168706,Mouse,4099,102
168715,Mouse,3232,92
168728,Mouse,4919,73
168804,Mouse,5423,69
168865,Mouse,5313,65
168883,Mouse,5086,68
168965,Mouse,3584,78
168965,Mouse,5117,81
169049,Mouse,3659,68
169114,Mouse,3628,69
169148,Mouse,5665,78
169286,Mouse,4300,77
169551,Mouse,3009,99
169652,Elephant,461460,1894
169764,Mouse,4055,67
169833,Mouse,4789,69
170051,Mouse,5523,89
170093,Mouse,3859,101
170133,Elephant,517708,1675
170251,Mouse,3760,67
170278,Mouse,4539,69
170359,Mouse,5264,74
170437,Elephant,353387,1383
170475,Mouse,3091,64
170521,Mouse,4897,65
170626,Mouse,4327,69
170657,Mouse,4304,65
170750,Mouse,4263,67
170785,Mouse,4146,64
170802,Mouse,4424,69
170841,Mouse,4177,71
170844,Mouse,3928,72
170851,Elephant,38253,291
170871,Mouse,4471,65
170961,Mouse,5042,72
171028,Elephant,131174,536
171066,Mouse,3264,65
171081,Mouse,5238,68
171084,Mouse,3507,74
171086,Mouse,3672,69
171138,Mouse,4510,68
171190,Mouse,5050,72
171219,Mouse,3880,65
171312,Mouse,5314,66
171339,Mouse,3258,64
171362,Mouse,3386,68
171386,Mouse,3795,65
171489,Mouse,3320,68
171503,Mouse,3252,69
171572,Mouse,4206,77
171632,Mouse,4312,76
171648,Mouse,3131,82
171678,Mouse,3294,80
171827,Mouse,3868,83
171837,Mouse,5291,82
171948,Mouse,3948,70
171967,Mouse,3152,80
171989,Mouse,3000,74
172000,Mouse,3509,69
172032,Mouse,4413,78
172045,Elephant,514354,1279
172091,Mouse,3673,67
172094,Mouse,4378,67
172112,Mouse,4393,73
172185,Mouse,3156,66
172219,Mouse,5765,72
172354,Mouse,5758,70
172377,Mouse,5179,69
172469,Mouse,4053,82
172561,Mouse,5283,83
172599,Elephant,281250,1236
172732,Mouse,5348,78
172747,Mouse,4132,75
172827,Mouse,5007,85
172898,Mouse,4958,87
172899,Mouse,3998,87
172940,Mouse,5045,93
172946,Mouse,5396,94
172953,Elephant,504664,1548
173021,Mouse,5520,88
173051,Elephant,299444,941
173139,Mouse,4016,65
173212,Mouse,3022,64
173228,Mouse,3902,64
173237,Mouse,4891,65
173260,Mouse,3699,64
173334,Mouse,4179,68
173334,Mouse,4938,69
173422,Mouse,4166,64
173460,Mouse,3994,64
173514,Mouse,5138,65
173684,Mouse,5126,65
173794,Mouse,3999,67
174013,Mouse,4158,106
174044,Mouse,4062,119
174160,Elephant,511016,1590
174176,Mouse,4199,106
174213,Mouse,3328,75
174265,Mouse,4850,66
174286,Mouse,3033,70
174295,Elephant,105975,687
174381,Mouse,5213,67
174396,Mouse,4863,66
174437,Mouse,5072,66
174438,Mouse,3540,67
174490,Mouse,5355,69
174519,Mouse,3102,79
174523,Mouse,3221,77
174526,Mouse,3677,74
174629,Mouse,4709,68
174649,Mouse,4037,77
174663,Mouse,4765,79
174771,Mouse,5313,72
174828,Mouse,5508,83
174919,Mouse,3669,86
174948,Mouse,3423,85
174990,Mouse,4679,96
175034,Mouse,5670,94
175046,Mouse,4176,94
175060,Mouse,4004,96
175063,Mouse,3329,97
175134,Mouse,3310,88
175170,Mouse,4943,83
175181,Elephant,356264,1393
175258,Mouse,5288,71
175273,Mouse,5026,75
175283,Elephant,410034,1745
175291,Mouse,4419,66
175305,Mouse,5614,75
175385,Mouse,4509,65
175390,Elephant,129294,915
175409,Mouse,4438,71
175420,Mouse,3413,64
175448,Mouse,4510,68
175531,Mouse,4266,66
175722,Mouse,5208,70
175744,Mouse,3857,64
175773,Mouse,3778,73
175817,Mouse,3157,68
176009,Elephant,45830,294
176011,Mouse,5496,72
176051,Mouse,5280,72
176061,Mouse,5049,71
176068,Mouse,5170,75
176076,Mouse,5400,77
176151,Mouse,3125,78
176153,Mouse,3104,77
176235,Mouse,4474,77
176286,Mouse,5128,89
176297,Mouse,5695,94
176365,Mouse,4634,87
176403,Mouse,3978,81
176467,Mouse,4231,80
176482,Mouse,5291,82
176491,Mouse,4192,89
176511,Mouse,5384,87
176524,Mouse,5382,86
176555,Mouse,4903,84
176699,Mouse,5129,73
176705,Mouse,4057,73
176754,Mouse,4867,79
176792,Mouse,3800,80
176801,Mouse,4698,76
176814,Mouse,3544,75
176833,Elephant,479723,1397
176836,Mouse,4135,81
176840,Mouse,4956,75
176872,Mouse,4601,77
176900,Mouse,3833,64
176959,Mouse,3225,67
176963,Mouse,4031,69
177092,Mouse,5649,66
177169,Mouse,5074,71
177242,Elephant,584978,1751
177256,Mouse,5532,67
177341,Mouse,3877,65
177356,Mouse,5571,66
177368,Mouse,5668,66
177431,Mouse,5706,68
177515,Mouse,5417,66
177521,Mouse,4323,65
177577,Mouse,3580,64
177661,Mouse,3389,64
177788,Mouse,3052,64
177796,Mouse,4339,65
177800,Mouse,3879,64
177903,Mouse,4363,65
177946,Mouse,3446,64
177986,Mouse,4988,66
178080,Mouse,4905,65
178110,Mouse,5576,67
178204,Mouse,5331,65
178333,Mouse,3423,64
178410,Mouse,3851,64
178676,Mouse,5078,65
178719,Mouse,4168,65
178730,Mouse,4062,64
178884,Mouse,5775,66
178906,Mouse,3561,64
178921,Mouse,3591,64
178990,Mouse,5722,71
179056,Mouse,4113,64
179130,Mouse,3200,64
179254,Mouse,3226,74
179262,Mouse,4888,80
179347,Mouse,3205,71
179364,Elephant,135910,540
179433,Elephant,154901,599
179446,Mouse,4378,68
179497,Mouse,3864,65
179499,Mouse,4073,67
179512,Mouse,4871,69
179538,Mouse,5272,65
179620,Mouse,5384,67
179628,Mouse,5004,65
179666,Mouse,5692,66
179721,Mouse,3197,66
179759,Mouse,3806,64
179800,Mouse,4641,65
179843,Mouse,4928,76
179846,Mouse,3416,69
179857,Elephant,196234,680
179899,Mouse,5589,67
179958,Mouse,5549,70
179968,Mouse,5613,70
179976,Mouse,5377,77
180097,Mouse,3110,66
180264,Elephant,155864,591
180419,Mouse,4117,64
180474,Mouse,4147,66
180476,Mouse,4286,67
180526,Mouse,3151,65
180528,Mouse,4564,67
180536,Mouse,5299,65
180547,Mouse,4760,65
180575,Mouse,5249,71
180648,Mouse,5811,66
180775,Mouse,4337,65
180799,Mouse,4761,65
180804,Mouse,4754,65
180856,Mouse,3303,64
180959,Mouse,3189,64
180983,Mouse,5036,65
181019,Mouse,4879,65
181066,Mouse,4592,65
181174,Mouse,4603,65
181188,Mouse,4488,69
181271,Mouse,4953,70
181297,Mouse,4442,72
181299,Mouse,5226,74
181304,Mouse,4890,77
181420,Mouse,3712,67
181441,Mouse,4152,68
181466,Mouse,3433,68
181781,Mouse,3834,71
181802,Elephant,258615,771
181831,Mouse,4184,71
181945,Mouse,3091,64
181963,Mouse,3067,67
182068,Mouse,3557,64
182099,Mouse,4353,65
182140,Mouse,3198,67
182190,Mouse,3554,72
182193,Mouse,4598,75
182194,Mouse,5011,75
182198,Mouse,4814,71
182238,Mouse,3634,71
182273,Mouse,3628,67
182316,Mouse,3401,68
182323,Mouse,5522,69
182347,Mouse,5301,69
182465,Elephant,581474,1284
182514,Mouse,4423,69
182516,Mouse,5123,72
182519,Mouse,4910,70
182546,Mouse,3324,74
182553,Mouse,4424,77
182643,Mouse,5214,65
182698,Mouse,3016,65
182708,Elephant,43484,284
182711,Mouse,4175,66
182719,Mouse,3481,64
182727,Mouse,4355,68
182757,Mouse,4101,70
182759,Mouse,5818,73
182887,Mouse,4976,68
182991,Mouse,3387,69
183033,Mouse,4696,73
183136,Elephant,276251,808
183284,Mouse,4537,66
183373,Mouse,3583,64
183432,Mouse,3617,67
183508,Mouse,3228,67
183549,Mouse,5801,66
183608,Elephant,305585,951
183738,Mouse,3430,64
183763,Mouse,3264,64
183787,Mouse,4989,65
183819,Mouse,4056,67
183891,Mouse,4244,64
183904,Elephant,77379,373
183916,Mouse,5478,66
183971,Mouse,4353,68
184011,Mouse,5415,69
184017,Elephant,162621,958
184020,Mouse,3851,70
184024,Mouse,3078,64
184044,Mouse,3217,64
184114,Mouse,5334,65
184125,Mouse,5278,65
184136,Mouse,3677,64
184147,Mouse,5552,66
184182,Mouse,5812,68
184313,Mouse,4994,65
184332,Mouse,4168,64
184385,Mouse,3727,64
184414,Mouse,4053,64
184499,Mouse,4326,65
184747,Mouse,5755,66
184865,Mouse,4173,64
184899,Mouse,4671,69
184908,Mouse,3808,71
184965,Mouse,5438,66
185003,Mouse,3917,64
185038,Elephant,107857,462
185176,Mouse,4355,66
185178,Mouse,4193,66
185227,Mouse,4946,65
185233,Mouse,4743,66
185236,Mouse,4673,67
185322,Mouse,4331,65
185455,Mouse,5367,65
185471,Mouse,4430,67
185480,Mouse,3891,64
185565,Mouse,4513,65
185613,Mouse,4782,68
185613,Mouse,3260,66
185647,Mouse,5564,70
185701,Mouse,4978,65
185807,Mouse,3666,67
185821,Mouse,4450,70
185837,Mouse,5499,66
185894,Elephant,272706,797
185899,Mouse,3312,65
185924,Mouse,4245,64
186034,Mouse,4401,65
186040,Mouse,3766,64
186073,Mouse,5007,65
186118,Mouse,3550,64
186151,Mouse,4552,65
186174,Mouse,4374,65
186339,Mouse,4130,68
186346,Mouse,5624,67
186350,Mouse,5352,67
186582,Mouse,4199,64
186655,Mouse,5651,66
186677,Mouse,3846,67
186741,Mouse,3640,77
186749,Mouse,5189,70
186795,Mouse,5184,71
186826,Mouse,3988,68
186831,Mouse,4527,70
186854,Mouse,3496,66
186874,Mouse,4650,70
186971,Mouse,3202,66
187122,Mouse,4625,74
187245,Elephant,451384,1062
187277,Mouse,3967,70
187329,Mouse,3758,69
187443,Mouse,3978,69
187484,Mouse,4163,73
187560,Mouse,4778,73
187593,Mouse,5492,75
187711,Mouse,5476,82
187782,Mouse,3728,91
187815,Elephant,533375,1204
187824,Mouse,3292,78
187844,Mouse,5265,83
187859,Mouse,5287,77
187876,Mouse,4142,69
187898,Mouse,5158,70
188030,Mouse,3293,67
188098,Mouse,3733,68
188101,Mouse,3816,64
188288,Mouse,4669,78
188385,Mouse,4677,87
188537,Mouse,4700,115
188632,Mouse,5514,107
188671,Mouse,4297,105
188750,Elephant,376011,1501
188834,Mouse,3455,66
188897,Mouse,4416,71
188977,Elephant,405983,1395
189132,Elephant,318721,1295
189172,Mouse,3145,67
189271,Mouse,5043,68
189282,Mouse,3893,64
189321,Mouse,5519,68
189355,Mouse,3337,67
189500,Mouse,5493,66
189544,Mouse,5039,65
189573,Mouse,4569,70
189596,Mouse,3291,64
189695,Mouse,5417,67
189729,Mouse,5693,67
189822,Mouse,3762,66
189835,Mouse,3305,67
189843,Mouse,3491,70
189859,Mouse,4993,65
190126,Mouse,3793,66
190144,Mouse,5008,69
190235,Mouse,3136,66
190271,Elephant,329930,894
190273,Mouse,5661,75
190295,Mouse,4718,74
190295,Mouse,3237,74
190329,Mouse,3741,67
190337,Mouse,4309,71
190549,Mouse,5060,70
190795,Mouse,4353,90
190848,Mouse,3544,97
190951,Mouse,3643,107
191053,Mouse,4547,73
191149,Elephant,279259,1114
191292,Mouse,3289,67
191329,Mouse,5153,75
191370,Mouse,5756,79
191379,Mouse,4746,81
191416,Mouse,5485,79
191470,Mouse,3557,82
191498,Mouse,5551,86
191534,Elephant,482689,1535
191566,Mouse,5389,91
191571,Mouse,3895,73
191721,Mouse,3735,72
191781,Mouse,4950,74
191813,Mouse,5743,86
191922,Elephant,54282,358
192085,Mouse,4565,71
192107,Elephant,418674,1728
192114,Mouse,3415,67
192171,Mouse,3982,69
192193,Mouse,5667,70
192219,Mouse,4047,71
192382,Elephant,590765,1806
192567,Mouse,4907,66
192634,Mouse,4616,65
192652,Mouse,4140,66
192655,Mouse,4126,65
192743,Mouse,3696,64
193001,Mouse,4746,65
193045,Mouse,4715,66
193065,Mouse,4090,67
193267,Elephant,149695,577
193382,Mouse,3818,67
193391,Mouse,3429,70
193409,Mouse,3170,64
193427,Mouse,5840,73
193441,Mouse,3456,73
193482,Mouse,5384,73
193540,Mouse,4491,70
193648,Elephant,332095,904
193679,Mouse,3625,67
193807,Mouse,4095,66
193866,Mouse,3334,68
193911,Mouse,5026,69
193996,Mouse,5761,70
194009,Mouse,5654,74
194075,Mouse,5203,69
194107,Mouse,3941,68
194228,Mouse,5595,69
194242,Mouse,5393,77
194439,Mouse,4855,65
194532,Mouse,4191,64
194561,Mouse,3819,68
194588,Mouse,4364,68
194688,Mouse,4392,69
194697,Mouse,5273,73
194730,Elephant,344917,921
194767,Mouse,3580,65
194782,Mouse,4697,65
194807,Mouse,4775,65
194827,Mouse,4140,65
194831,Mouse,3895,64
194841,Mouse,3824,64
194894,Mouse,3316,64
194899,Mouse,4167,64
194942,Mouse,4985,66
194977,Mouse,4595,65
195026,Mouse,5053,65
195144,Mouse,4200,64
195254,Mouse,4660,70
195299,Mouse,4498,66
195305,Mouse,4895,65
195343,Mouse,5223,69
195368,Mouse,5463,66
195405,Mouse,3061,64
195457,Mouse,3917,64
195642,Mouse,4669,69
195855,Mouse,3839,66
195927,Mouse,3272,64
196023,Mouse,4408,68
196078,Mouse,5436,72
196085,Elephant,470276,1073
196087,Mouse,3633,73
196194,Mouse,4595,65
196228,Mouse,4976,65
196336,Mouse,3734,64
196367,Mouse,4512,66
196466,Mouse,5674,70
196478,Mouse,5602,74
196481,Mouse,3217,66
196535,Mouse,5339,65
196559,Mouse,3741,67
196601,Mouse,4816,70
196621,Mouse,3730,64
196693,Mouse,3153,67
196707,Mouse,4597,67
196717,Mouse,5497,70
196962,Mouse,5326,82
196975,Mouse,3548,84
197142,Mouse,4306,78
197148,Mouse,3243,75
197176,Mouse,4918,78
197193,Mouse,3684,79
197360,Mouse,3794,76
197363,Mouse,3212,77
197561,Elephant,566028,1429
197622,Mouse,5305,70
197653,Mouse,3387,79
197682,Mouse,5686,83
197683,Mouse,3623,81
197733,Mouse,3641,101
197751,Elephant,516809,1434
197790,Mouse,5833,97
197866,Mouse,4224,68
197960,Mouse,5292,75
198081,Mouse,3088,77
198138,Elephant,44390,309
198169,Mouse,4423,84
198238,Mouse,4766,77
198272,Mouse,4811,74
198305,Elephant,420648,1722
198375,Mouse,3854,76
198428,Mouse,4120,70
198453,Mouse,3335,67
198519,Mouse,5015,67
198567,Mouse,4568,66
198585,Mouse,4485,71
198700,Mouse,3678,69
198744,Mouse,4196,76
198748,Elephant,197805,943
198752,Mouse,4045,80
198852,Mouse,4854,68
198898,Mouse,5317,69
198911,Mouse,5780,73
198925,Mouse,4881,80
198933,Mouse,5270,78
198948,Mouse,4217,82
199003,Elephant,449522,1578
199030,Mouse,3004,75
199030,Mouse,3128,73
199040,Mouse,5297,67
199184,Mouse,3257,64
199240,Mouse,4483,69
199317,Mouse,4381,66
199330,Mouse,5356,67
199458,Mouse,3111,66
199617,Mouse,4376,66
199730,Mouse,3519,66
199870,Mouse,4785,72
200076,Mouse,4433,94
200128,Mouse,3111,89
200256,Mouse,3964,77
200315,Mouse,5657,71
200344,Mouse,4680,77
200422,Mouse,3983,74
200443,Mouse,5705,79
200527,Elephant,594420,1440
200555,Mouse,3290,72
200707,Mouse,3502,64
200981,Elephant,584108,1511
201050,Mouse,5177,65
201090,Mouse,3754,64
201135,Mouse,3813,64
201228,Mouse,4418,65
201261,Mouse,5555,66
201492,Mouse,5507,66
201527,Mouse,4410,65
201573,Mouse,3317,64
201656,Mouse,4871,65
201715,Mouse,4294,65
201740,Mouse,3200,64
201851,Mouse,3915,64
201920,Mouse,5281,65
201935,Mouse,5139,67
201937,Mouse,4570,66
202139,Mouse,3908,64
202180,Mouse,3557,64
202199,Elephant,114515,493
202273,Mouse,4572,65
202290,Mouse,4952,65
202340,Mouse,4457,65
202376,Mouse,4046,64
202384,Mouse,3288,64
202483,Mouse,5555,66
202522,Mouse,3679,64
202569,Mouse,4530,65
202576,Mouse,4183,64
202581,Mouse,3373,64
202654,Mouse,5790,66
202667,Mouse,4296,65
202671,Mouse,5219,66
202741,Mouse,3353,64
202774,Mouse,4529,65
202782,Mouse,5821,66
203009,Mouse,3174,64
203074,Mouse,4943,65
203131,Mouse,4530,70
203176,Mouse,5449,69
203205,Mouse,4011,64
203226,Mouse,3526,66
203317,Mouse,3547,68
203422,Mouse,4712,65
203505,Mouse,3444,75
203528,Mouse,5680,71
203554,Mouse,4204,69
203788,Mouse,4174,73
203832,Mouse,5189,82
203897,Elephant,389404,1006
203910,Mouse,3734,83
204026,Elephant,209516,879
204083,Mouse,5548,67
204178,Mouse,4422,69
204223,Mouse,3025,69
204280,Mouse,4572,69
204296,Mouse,5302,65
204307,Mouse,4847,68
204314,Mouse,5290,69
204336,Mouse,3083,65
204338,Mouse,5188,68
204361,Mouse,3502,70
204371,Elephant,269195,997
204444,Mouse,5068,65
204498,Mouse,4328,68
204542,Elephant,41520,250
204634,Mouse,3174,64
204718,Mouse,4586,65
204771,Mouse,4571,65
204784,Mouse,4808,65
204820,Mouse,3466,64
204828,Mouse,3280,64
204867,Mouse,5306,65
204872,Mouse,3686,64
204946,Mouse,5254,65
205086,Mouse,3723,65
205089,Mouse,4013,66
205143,Mouse,3933,64
205147,Mouse,3860,64
205207,Mouse,3385,64
205296,Mouse,3456,64
205348,Mouse,5111,65
205440,Mouse,3706,64
205468,Mouse,5042,65
205482,Mouse,4736,65
205489,Mouse,5281,65
205606,Mouse,3598,67
205635,Mouse,4846,68
205636,Mouse,3895,67
205767,Mouse,5380,68
205786,Mouse,3256,67
205803,Mouse,4541,65
205833,Mouse,5274,65
205867,Elephant,84874,418
205980,Mouse,4123,68
206043,Mouse,3754,75
206046,Mouse,4107,76
206151,Mouse,3584,67
206249,Mouse,3982,68
206322,Mouse,3110,73
206324,Mouse,4341,72
206356,Elephant,204965,698
206398,Mouse,4020,69
206558,Mouse,3505,65
206568,Mouse,5567,70
206574,Mouse,4261,68
206606,Mouse,3450,67
206738,Mouse,3805,69
206805,Mouse,3091,67
206893,Mouse,3868,75
206921,Mouse,5428,81
206941,Elephant,557672,1199
206944,Mouse,4060,79
206996,Mouse,3864,77
207044,Mouse,5143,74
207080,Mouse,4659,68
207128,Mouse,3496,65
207193,Mouse,3472,66
207215,Mouse,3931,64
207284,Mouse,3123,65
207304,Mouse,3802,65
207409,Mouse,3932,66
207460,Mouse,3867,72
207489,Elephant,511242,1142
207516,Mouse,5578,73
207600,Mouse,3851,67
207668,Mouse,3010,66
207710,Mouse,5190,69
207736,Mouse,4703,72
207811,Mouse,5784,73
207887,Mouse,5232,74
208000,Mouse,5748,81
208018,Mouse,5054,87
208127,Mouse,5263,90
208151,Mouse,5025,88
208167,Mouse,4915,92
208231,Mouse,3217,73
208254,Mouse,4098,70
208263,Mouse,4366,75
208273,Elephant,411218,1234
208357,Mouse,4969,65
208379,Mouse,3508,67
208474,Mouse,4221,67
208550,Elephant,207307,925
208582,Mouse,4516,71
208605,Mouse,4479,65
208610,Mouse,4425,65
208638,Mouse,4032,64
208650,Mouse,5122,66
208745,Mouse,5201,69
208775,Mouse,3774,64
208840,Elephant,517664,1458
208888,Mouse,3700,64
208902,Mouse,5283,65
208937,Mouse,5003,68
208958,Mouse,5069,65
208984,Mouse,4346,70
208990,Mouse,3978,65
208997,Mouse,4344,65
209035,Mouse,4745,66
209059,Mouse,5749,66
209076,Mouse,5032,67
209089,Mouse,4786,65
209112,Mouse,3729,66
209204,Mouse,4040,66
209293,Mouse,5160,67
209326,Elephant,119722,498
209376,Mouse,3332,64
209389,Mouse,4770,65
209427,Mouse,3028,64
209447,Mouse,4188,67
209448,Mouse,5594,69
209475,Mouse,5377,65
209685,Mouse,5673,69
209686,Mouse,3632,68
209688,Mouse,4025,69
209694,Mouse,4512,65
209897,Mouse,5836,66
209917,Mouse,5723,66
209925,Mouse,4216,64
209947,Mouse,5631,66
210164,Mouse,4985,65
210280,Mouse,4411,65
210297,Mouse,5053,65
210593,Mouse,4894,65
210611,Mouse,3668,64
210620,Mouse,3822,64
210819,Mouse,4279,65
210833,Mouse,4736,69
210834,Mouse,5353,69
210869,Mouse,4638,65
210949,Mouse,4957,65
211066,Mouse,4464,65
211082,Mouse,4933,65
211243,Mouse,5506,66
211251,Mouse,5412,65
211263,Mouse,5580,66
211336,Mouse,3169,64
211374,Mouse,4716,65
211409,Mouse,4186,64
211464,Mouse,5193,65
211505,Mouse,5126,65
211546,Mouse,5605,66
211576,Mouse,3887,64
211632,Mouse,4356,65
211677,Elephant,34075,235
211730,Mouse,3404,64
211805,Mouse,5399,65
211999,Mouse,5529,66
212019,Mouse,3880,64
212037,Mouse,4121,65
212102,Mouse,3802,64
212138,Mouse,4386,67
212139,Mouse,4392,67
212183,Mouse,3279,66
212200,Mouse,3790,67
212226,Mouse,5607,66
212397,Mouse,4422,65
212551,Mouse,4214,67
212698,Mouse,3399,68
212712,Mouse,3594,64
212731,Mouse,4803,70
212779,Elephant,312271,858
212907,Mouse,5335,65
212939,Mouse,5831,66
212964,Mouse,5442,66
213009,Mouse,4170,69
213039,Mouse,4635,65
213065,Mouse,3487,67
213216,Mouse,5747,66
213222,Mouse,4128,66
213226,Mouse,5312,68
213245,Mouse,4326,65
213362,Mouse,5441,69
213372,Mouse,5341,73
213425,Mouse,4683,77
213440,Mouse,4646,76
213443,Mouse,4668,77
213460,Mouse,3216,66
213491,Mouse,4299,75
213514,Mouse,4473,69
213854,Mouse,5113,69
213931,Mouse,4288,67
213955,Mouse,3668,66
214003,Mouse,5496,71
214016,Mouse,3562,72
214154,Mouse,5799,72
214185,Mouse,3202,72
214234,Mouse,3770,70
214265,Mouse,4255,65
214271,Elephant,563700,1363
214304,Mouse,3026,72
214309,Mouse,4267,76
214320,Mouse,4285,69
214431,Mouse,5228,70
214488,Mouse,4881,69
214514,Elephant,161024,886
214548,Mouse,4021,75
214655,Mouse,3691,67
214739,Mouse,4267,72
214940,Elephant,594304,1797
214944,Mouse,4360,80
215065,Mouse,3794,66
215088,Mouse,5343,70
215111,Mouse,3127,69
215148,Mouse,4841,76
215334,Mouse,3811,74
215356,Elephant,356402,978
215401,Mouse,3391,70
215433,Mouse,3181,70
215433,Mouse,5252,72
215500,Mouse,5525,70
215552,Elephant,455428,1119
215699,Mouse,3401,64
215838,Mouse,5084,65
215961,Mouse,3109,64
216234,Mouse,5215,75
216314,Mouse,4264,93
216315,Mouse,5786,96
216406,Mouse,3830,110
216436,Mouse,3451,122
216502,Mouse,4940,99
216515,Elephant,248078,936
216531,Mouse,3407,80
216552,Elephant,311724,1133
216697,Mouse,3454,68
216701,Mouse,3527,65
216797,Mouse,4244,64
216802,Mouse,5107,65
216811,Mouse,4252,64
216908,Mouse,4071,68
216921,Mouse,3799,71
216976,Mouse,5698,76
217001,Elephant,307014,1242
217044,Mouse,4566,66
217159,Mouse,5562,67
217185,Mouse,4613,65
217293,Mouse,5152,67
217297,Mouse,5171,66
217350,Mouse,5734,73
217350,Mouse,5465,73
217359,Mouse,5450,66
217398,Mouse,3318,64
217630,Mouse,5181,67
217715,Mouse,5724,66
217976,Mouse,4391,67
218044,Mouse,5769,66
218379,Mouse,4612,65
218491,Mouse,4125,69
218552,Mouse,3795,74
218571,Mouse,4811,68
218725,Elephant,69301,377
218743,Mouse,4720,67
218805,Elephant,439230,1028
218829,Mouse,4955,65
218838,Mouse,5729,67
219037,Mouse,5193,65
219078,Mouse,5438,66
219112,Mouse,3677,68
219193,Mouse,4056,64
219234,Mouse,3918,67
219283,Mouse,3630,67
219296,Mouse,3986,69
219342,Mouse,4869,72
219444,Mouse,4073,67
219457,Mouse,5645,75
219470,Mouse,4836,80
219554,Mouse,3398,67
219611,Elephant,165739,693
219694,Mouse,3321,68
219699,Mouse,4826,72
219711,Mouse,5062,73
219716,Elephant,281448,855
219725,Mouse,4419,65
219728,Mouse,3456,64
219760,Mouse,5676,67
219780,Mouse,3446,64
219849,Mouse,3231,64
219931,Mouse,5611,66
220008,Mouse,3103,67
220116,Mouse,4927,66
220118,Mouse,3450,66
220140,Mouse,3476,65
220188,Mouse,4068,69
220192,Mouse,4239,73
220233,Mouse,3068,68
220236,Mouse,4196,71
220320,Mouse,5742,69
220377,Mouse,3979,64
220468,Mouse,5756,67
220572,Mouse,3824,66
220649,Mouse,3758,71
220674,Mouse,4304,68
220702,Mouse,4774,77
220831,Elephant,545518,1241
220837,Mouse,4693,66
220921,Mouse,4278,65
220986,Mouse,3295,67
220992,Mouse,3652,64
221018,Mouse,3595,67
221082,Mouse,3214,67
221082,Mouse,3815,68
221123,Mouse,4871,69
221173,Mouse,4806,73
221191,Mouse,4393,66
221215,Mouse,3013,68
221239,Mouse,3410,68
221383,Mouse,4670,68
221446,Mouse,3107,67
221522,Mouse,5676,66
221588,Elephant,515197,1204
221628,Mouse,3385,64
221752,Mouse,5436,66
221862,Mouse,4522,68
221862,Mouse,4843,69
221867,Mouse,5447,69
221872,Mouse,5542,66
221878,Mouse,4506,65
221887,Mouse,5431,66
221933,Mouse,4421,65
221997,Mouse,3429,64
222123,Mouse,4245,64
222153,Mouse,5323,65
222227,Mouse,4377,65
222370,Mouse,3026,64
222380,Mouse,3544,64
222390,Mouse,3454,64
222509,Mouse,3190,66
222511,Mouse,4951,68
222591,Mouse,4972,65
222611,Mouse,5087,65
222626,Mouse,4005,64
222631,Mouse,4568,65
222691,Mouse,4471,65
222737,Mouse,4494,65
222801,Mouse,5389,66
222844,Mouse,4321,65
222874,Mouse,3790,64
222900,Mouse,3765,64
222937,Mouse,3965,64
222941,Mouse,5774,67
223028,Mouse,5443,66
223056,Mouse,5302,65
223076,Mouse,3326,64
223080,Mouse,3379,64
223136,Mouse,4735,65
223262,Mouse,3956,64
223279,Mouse,4772,69
223298,Mouse,3522,64
223331,Mouse,5318,71
223371,Mouse,5008,69
223468,Mouse,3148,64
223607,Mouse,3365,64
223775,Mouse,4878,68
223806,Mouse,4367,68
223819,Mouse,5471,73
223875,Mouse,5079,78
223894,Elephant,351081,942
223909,Mouse,5501,66
223970,Mouse,5625,67
224003,Mouse,4525,67
224030,Mouse,4144,64
224059,Mouse,3037,67
224091,Mouse,3542,66
224094,Mouse,4176,65
224123,Mouse,4143,64
224197,Mouse,4670,65
224217,Mouse,3172,66
224233,Mouse,4923,72
224252,Mouse,4907,65
224330,Mouse,4459,69
224364,Mouse,3326,70
224393,Mouse,4925,70
224398,Elephant,181566,647
224437,Mouse,4587,70
224446,Elephant,112738,501
224465,Mouse,3479,66
224588,Mouse,4698,65
224649,Mouse,3391,64
224689,Mouse,3807,64
224759,Mouse,3632,67
224818,Mouse,4085,67
224910,Mouse,4878,70
224912,Mouse,4735,70
224998,Mouse,3597,64
225154,Mouse,5705,70
225182,Mouse,4354,65
225221,Mouse,3800,66
225268,Mouse,4706,70
225295,Mouse,5568,73
225332,Mouse,4947,80
225392,Mouse,4724,79
225394,Elephant,439327,1141
225566,Mouse,5148,68
225578,Mouse,4877,65
225682,Mouse,4885,69
225828,Elephant,272293,834
226012,Mouse,5226,65
226142,Mouse,4780,74
226307,Mouse,4109,88
226319,Mouse,5523,93
226370,Elephant,524583,1210
226469,Mouse,3618,64
226490,Mouse,4490,68
226603,Mouse,3677,66
226672,Mouse,5582,67
226691,Elephant,308722,988
226779,Mouse,4679,65
226825,Mouse,4339,65
226844,Mouse,5712,67
226900,Mouse,4482,71
226937,Mouse,3505,67
226951,Mouse,3245,68
226982,Mouse,3139,68
227033,Elephant,237985,1010
227092,Mouse,5670,66
227107,Mouse,5635,66
227149,Mouse,3749,64
227197,Mouse,3073,64
227415,Mouse,4152,64
227462,Mouse,3790,64
227482,Mouse,5285,65
227581,Mouse,4003,64
227603,Mouse,4250,64
227612,Mouse,3598,64
227631,Mouse,4257,65
227639,Mouse,3118,64
227678,Mouse,5560,66
227703,Mouse,3592,64
227716,Mouse,3337,64
227726,Mouse,4813,65
227753,Mouse,4575,65
227849,Mouse,3086,64
227879,Mouse,5391,65
227913,Mouse,4752,65
227925,Mouse,5470,66
228058,Mouse,3400,64
228123,Mouse,5632,66
228201,Mouse,3494,64
228285,Mouse,4881,65
228321,Mouse,4918,66
228323,Mouse,4023,66
228404,Mouse,5674,67
228477,Mouse,5582,66
228503,Mouse,5074,65
228515,Mouse,5335,68
228584,Mouse,4515,67
228592,Mouse,4717,66
228600,Mouse,4766,71
228870,Mouse,3376,76
228930,Mouse,5709,80
228948,Mouse,3963,87
229005,Elephant,200478,709
229019,Mouse,5680,94
229055,Mouse,4958,88
229131,Mouse,4009,66
229145,Mouse,5687,72
229150,Mouse,3901,68
229279,Mouse,5542,70
229338,Mouse,4066,69
229405,Mouse,3617,78
229430,Mouse,4761,72
229446,Elephant,375503,1174
229590,Mouse,3095,74
229749,Mouse,5019,91
229813,Mouse,3375,84
229889,Mouse,3275,72
229895,Elephant,107250,562
229947,Mouse,4443,70
229999,Mouse,5542,74
230048,Mouse,3998,76
230082,Mouse,4315,82
230185,Mouse,5462,82
230222,Mouse,4150,76
230273,Mouse,3333,85
230368,Mouse,5438,94
230386,Elephant,501619,1738
230410,Mouse,5023,90
230430,Mouse,5204,99
230436,Mouse,5028,94
230438,Elephant,587512,1746
230441,Mouse,4596,86
230498,Mouse,3155,72
230511,Mouse,4350,70
230516,Mouse,4016,71
230523,Mouse,5155,70
230534,Mouse,4777,69
230595,Mouse,3114,66
230664,Mouse,3378,64
230717,Mouse,4227,70
230750,Mouse,4036,70
230820,Mouse,3992,70
230883,Mouse,5613,82
230924,Mouse,4016,85
231010,Mouse,3489,79
231067,Mouse,3429,77
231129,Mouse,5135,84
231184,Mouse,5026,94
231210,Mouse,4398,103
231214,Mouse,4676,105
231249,Mouse,5797,113
231444,Mouse,5266,70
231490,Mouse,3965,73
231511,Mouse,5608,81
231524,Mouse,4279,85
231526,Elephant,300197,1166
231569,Mouse,3936,89
231578,Mouse,4020,79
231584,Mouse,3959,82
231667,Mouse,5066,69
231672,Mouse,3286,68
231704,Mouse,5616,74
231782,Elephant,594979,2316
231804,Elephant,216940,1279
231827,Mouse,4284,72
231832,Elephant,139156,867
231847,Mouse,5620,68
231894,Mouse,4772,65
232125,Elephant,172748,756
232153,Mouse,5599,67
232326,Mouse,5496,73
232422,Mouse,5536,69
232442,Mouse,3689,66
232466,Mouse,4743,70
232627,Mouse,5329,73
232648,Elephant,160193,610
232733,Mouse,4622,69
232734,Elephant,145166,569
232854,Mouse,3640,68
232864,Mouse,5243,65
232903,Mouse,4472,78
232962,Mouse,4965,71
232971,Mouse,3624,71
232990,Mouse,3697,75
233021,Mouse,3893,75
233221,Mouse,3143,96
233336,Mouse,4956,123
233397,Elephant,460298,1196
233420,Mouse,4726,106
233432,Mouse,5124,101
233525,Mouse,4780,68
233538,Mouse,4269,69
233628,Mouse,4953,70
233645,Mouse,3324,71
233664,Mouse,4551,74
233707,Mouse,3516,77
233862,Mouse,4615,82
233947,Mouse,4265,96
234026,Mouse,5564,98
234059,Mouse,3420,75
234159,Mouse,5268,82
234165,Mouse,3182,84
234190,Mouse,4500,89
234191,Mouse,5263,89
234273,Mouse,4967,86
234292,Mouse,3221,71
234351,Mouse,3065,75
234359,Mouse,3463,73
234410,Mouse,4717,75
234432,Mouse,3237,78
234485,Mouse,4192,91
234566,Mouse,5043,99
234598,Mouse,5661,106
234661,Elephant,562396,2175
234754,Mouse,3997,69
234844,Mouse,5544,68
234932,Mouse,3093,71
235017,Mouse,5402,84
235058,Mouse,4426,90
235076,Mouse,3610,95
235097,Mouse,3054,98
235125,Elephant,551730,2368
235134,Mouse,5007,82
235158,Elephant,571985,2052
235175,Mouse,3002,75
235178,Mouse,5255,78
235193,Mouse,5185,66
235294,Mouse,3158,69
235295,Mouse,4175,70
235314,Mouse,4719,70
235358,Mouse,4440,71
235499,Mouse,5084,75
235516,Mouse,3733,76
235520,Mouse,5522,79
235562,Mouse,4399,83
235580,Mouse,3325,85
235650,Mouse,3193,85
235656,Mouse,3377,87
235673,Mouse,4278,92
235688,Mouse,4929,82
235698,Mouse,4732,76
235707,Mouse,3149,77
235764,Mouse,5091,74
235836,Mouse,4326,67
235862,Mouse,5144,68
235922,Mouse,4856,73
236022,Mouse,3188,82
236130,Mouse,5161,91
236190,Mouse,5224,94
236231,Mouse,4650,102
236248,Mouse,5398,107
236261,Mouse,4275,100
236344,Mouse,5558,78
236537,Mouse,3120,76
236552,Mouse,3286,83
236589,Mouse,5834,98
236631,Mouse,3367,96
236642,Elephant,240074,1512
236654,Mouse,3488,84
236707,Mouse,4652,72
236728,Mouse,4725,74
236739,Mouse,3363,66
236760,Mouse,3173,71
236771,Mouse,3657,76
236937,Mouse,3560,74
236992,Mouse,3453,81
237082,Mouse,5560,89
237091,Mouse,3168,90
237100,Mouse,3662,92
237190,Mouse,4696,94
237299,Mouse,3340,83
237433,Mouse,3721,75
237450,Elephant,349608,2179
237496,Mouse,4623,85
237554,Mouse,3805,84
237600,Mouse,4376,96
237614,Mouse,3064,96
237629,Mouse,4224,101
237661,Mouse,5037,112
237699,Mouse,4423,106
237714,Mouse,5104,112
237767,Mouse,4632,93
237822,Mouse,5081,80
237897,Mouse,4176,82
237910,Mouse,4701,85
238046,Mouse,3780,73
238134,Elephant,446103,2268
238326,Mouse,3923,76
238341,Mouse,4418,76
238449,Mouse,5305,90
238467,Elephant,589352,2658
238515,Mouse,5436,87
238546,Mouse,5492,78
238630,Mouse,4347,69
238733,Mouse,3868,64
238770,Mouse,5577,68
238925,Mouse,5014,70
239196,Mouse,4575,69
239202,Mouse,3990,71
239290,Mouse,4625,66
239306,Mouse,3823,66
239347,Mouse,4866,67
239357,Mouse,3978,68
239376,Mouse,4430,69
239397,Mouse,3657,69
239400,Mouse,4919,71
239416,Mouse,4105,69
239432,Mouse,5830,72
239468,Mouse,3187,69
239487,Mouse,5776,67
239686,Mouse,3805,67
239729,Mouse,4122,69
239810,Mouse,4888,75
239835,Mouse,3524,75
239845,Mouse,5703,82
239934,Mouse,4541,106
239978,Elephant,422950,1064
240016,Mouse,4273,115
240073,Mouse,5573,80
240092,Mouse,5603,74
240103,Mouse,5776,69
240163,Mouse,3668,67
240233,Mouse,3796,67
240303,Mouse,3453,69
240309,Mouse,3269,72
240475,Mouse,5607,70
240510,Mouse,3668,72
240518,Mouse,3468,69
240617,Mouse,3319,69
240667,Elephant,305265,1285
240686,Mouse,3471,66
240748,Mouse,3389,64
240832,Mouse,3385,64
241132,Mouse,5100,70
241274,Mouse,3426,66
241311,Mouse,4663,65
241409,Mouse,3567,70
241412,Elephant,360194,935
241576,Mouse,3387,64
241634,Mouse,4063,67
241635,Mouse,4745,68
241670,Mouse,4868,65
241782,Mouse,3266,68
241827,Mouse,4604,70
241919,Mouse,4930,74
241987,Mouse,4419,72
242133,Mouse,5126,84
242167,Mouse,4771,92
242282,Mouse,3990,93
242351,Mouse,4620,86
242371,Mouse,3276,79
242397,Mouse,5613,78
242446,Mouse,4055,68
242494,Mouse,3746,71
242511,Mouse,4147,77
242555,Mouse,5775,76
242563,Mouse,4094,77
242587,Mouse,4639,82
242629,Mouse,3211,79
242636,Elephant,274181,1047
242699,Mouse,4413,70
242735,Mouse,3552,66
242742,Mouse,5497,70
242888,Mouse,4423,67
242915,Mouse,4071,70
242999,Elephant,570928,1639
243030,Mouse,5117,70
243107,Mouse,4631,69
243159,Mouse,3544,70
243232,Mouse,4995,75
243383,Mouse,5792,75
243422,Mouse,3585,74
243442,Mouse,4937,78
243482,Mouse,4422,80
243526,Mouse,5476,80
243546,Elephant,578409,1708
243557,Mouse,4324,69
243586,Mouse,4722,73
243602,Mouse,4728,69
243619,Mouse,4339,65
243669,Mouse,4837,65
243699,Mouse,5153,71
243719,Mouse,5648,72
243736,Mouse,4749,76
243796,Mouse,4003,74
243803,Mouse,4930,68
243911,Mouse,5491,75
244105,Mouse,4928,101
244141,Mouse,4333,93
244294,Mouse,3269,71
244344,Mouse,4696,71
244466,Mouse,3040,83
244483,Mouse,3437,87
244499,Mouse,5095,97
244547,Mouse,3329,97
244610,Mouse,5522,82
244651,Mouse,5670,69
244720,Mouse,3371,73
244750,Mouse,5510,74
244792,Mouse,3304,83
244901,Mouse,3315,67
244956,Mouse,4270,80
245021,Mouse,5710,81
245026,Mouse,4755,83
245069,Mouse,3948,91
245115,Mouse,3283,90
245140,Mouse,4126,87
245157,Mouse,5544,87
245166,Elephant,242331,1362
245218,Mouse,5297,74
245223,Mouse,4526,76
245279,Elephant,487606,2178
245303,Mouse,5413,71
245370,Elephant,299884,1719
245412,Mouse,4286,65
245443,Elephant,453390,2004
245541,Mouse,4120,64
245591,Mouse,4401,66
245594,Mouse,4236,66
245625,Mouse,3757,64
245763,Mouse,5405,65
245784,Mouse,4282,65
245798,Mouse,4520,65
245836,Mouse,4106,64
245886,Mouse,5254,67
245898,Mouse,4153,64
245936,Mouse,4846,65
245988,Mouse,3784,64
246042,Mouse,4361,65
246123,Mouse,5611,68
246126,Mouse,3345,64
246148,Mouse,4396,65
246252,Mouse,5111,68
246292,Mouse,3572,66
246314,Elephant,97161,452
246325,Mouse,4906,65
246430,Mouse,5144,66
246527,Mouse,5076,70
246536,Mouse,4578,77
246567,Mouse,4373,70
246576,Mouse,3086,77
246591,Mouse,4617,80
246616,Mouse,4047,74
246662,Mouse,4513,73
246798,Mouse,4399,83
246847,Elephant,308510,882
247164,Mouse,5059,86
247292,Mouse,4873,104
247421,Elephant,472711,1222
247441,Mouse,3544,88
247458,Mouse,3380,84
247496,Mouse,4157,70
247531,Mouse,5059,65
247642,Mouse,4055,70
247699,Mouse,4047,68
247748,Mouse,4156,70
247749,Mouse,4972,70
247800,Mouse,3316,68
247808,Mouse,3995,72
247883,Mouse,5421,81
247940,Elephant,484017,1525
247948,Elephant,215410,1107
247956,Mouse,4842,80
247959,Mouse,5267,82
247964,Mouse,3945,83
247967,Mouse,3325,79
248053,Mouse,3132,64
248074,Mouse,4244,66
248172,Mouse,3061,67
248361,Mouse,5243,67
248384,Mouse,5758,71
248462,Mouse,3399,69
248477,Mouse,3266,73
248625,Mouse,3280,90
248642,Mouse,5819,100
248650,Mouse,4081,100
248855,Mouse,5067,69
248865,Mouse,4951,72
248911,Mouse,3443,73
248935,Mouse,4725,80
248961,Mouse,4166,76
248963,Elephant,315580,1178
249103,Mouse,4412,71
249158,Mouse,4478,81
249184,Mouse,3937,89
249304,Mouse,3701,87
249337,Mouse,5372,89
249364,Mouse,4478,94
249426,Mouse,5272,81
249435,Mouse,4106,74
249457,Mouse,3526,75
249460,Elephant,511326,1746
249487,Mouse,3397,77
249550,Mouse,4383,66
249697,Mouse,4890,74
249715,Mouse,3553,71
249742,Mouse,3870,77
249744,Mouse,5259,80
249960,Mouse,5233,85
249979,Mouse,5055,92
250070,Mouse,4282,90
250098,Mouse,4187,88
250107,Elephant,198873,1078
250277,Mouse,3317,69
250322,Elephant,530503,1895
250468,Mouse,3073,69
250526,Mouse,4010,75
250548,Elephant,598823,2217
250561,Mouse,3473,76
250570,Mouse,3254,77
250603,Mouse,5041,74
250628,Mouse,4545,67
250648,Mouse,3830,70
250687,Mouse,5227,68
250744,Elephant,236853,802
250750,Mouse,4890,67
250800,Elephant,207600,1004
250907,Mouse,5232,65
250966,Mouse,4187,64
250973,Mouse,5836,66
250982,Mouse,4459,65
251022,Mouse,4770,65
251082,Mouse,5628,66
251096,Mouse,4969,65
251222,Mouse,4558,65
251297,Mouse,5829,66
251314,Mouse,4185,64
251320,Mouse,5791,66
251358,Mouse,3111,64
251380,Mouse,5222,69
251387,Mouse,3488,68
251477,Mouse,4687,67
251481,Mouse,5410,68
251512,Mouse,3660,67
251618,Mouse,4752,67
251721,Mouse,3322,67
251772,Mouse,5578,69
251857,Mouse,3582,65
251930,Elephant,387374,966
251955,Mouse,4457,65
251964,Mouse,3750,67
252129,Mouse,3205,64
252171,Mouse,5612,66
252203,Mouse,4798,69
252258,Mouse,5289,65
252299,Mouse,4268,65
252364,Mouse,3296,67
252398,Mouse,4483,69
252430,Mouse,5792,66
252486,Elephant,398087,977
252506,Mouse,3149,66
252530,Mouse,5692,66
252595,Mouse,5525,66
252629,Mouse,4269,68
252822,Mouse,3029,64
252834,Mouse,5754,69
252835,Mouse,5326,69
252891,Mouse,5583,70
252928,Mouse,5040,68
252955,Mouse,5283,77
252986,Mouse,3955,67
253039,Mouse,5166,74
253050,Mouse,3897,72
253187,Mouse,4474,68
253196,Mouse,3963,70
253217,Mouse,4359,67
253270,Mouse,3157,72
253382,Mouse,5783,78
253406,Mouse,4651,86
253422,Elephant,157179,631
253466,Mouse,3256,82
253503,Mouse,5177,68
253599,Mouse,4600,71
253648,Elephant,540960,1214
253663,Mouse,5401,70
253695,Mouse,5242,79
253697,Mouse,5533,80
253774,Elephant,49247,295
253792,Mouse,3988,64
253933,Mouse,3522,67
253962,Mouse,5342,65
254035,Mouse,5414,70
254062,Mouse,3936,66
254077,Mouse,5194,71
254079,Mouse,3714,72
254122,Mouse,4653,71
254151,Elephant,305091,878
254158,Mouse,3332,64
254188,Mouse,3784,65
254266,Mouse,3001,63
254282,Mouse,5113,65
254324,Mouse,4222,66
254358,Mouse,5173,65
254381,Mouse,4050,64
254405,Mouse,3696,64
254425,Mouse,3543,64
254500,Mouse,3073,64
254553,Mouse,3266,64
254687,Mouse,4670,65
254738,Mouse,4008,64
254802,Mouse,5611,66
254860,Mouse,5085,65
254993,Mouse,5400,65
254999,Mouse,3948,64
255014,Mouse,5208,70
255046,Elephant,111429,490
255075,Mouse,3968,64
255085,Mouse,3631,64
255156,Mouse,5561,66
255349,Mouse,3126,64
255411,Mouse,4394,65
255428,Mouse,4921,65
255514,Mouse,3420,64
255577,Mouse,3838,64
255643,Mouse,3131,64
255807,Mouse,4399,65
255919,Mouse,4606,65
255959,Mouse,4649,65
256042,Mouse,4054,64
256056,Mouse,3195,64
256130,Mouse,5367,65
256156,Mouse,3248,67
256181,Mouse,3008,64
256279,Mouse,3975,68
256357,Mouse,3097,64
256381,Mouse,3713,68
256493,Elephant,100273,493
256507,Mouse,5831,70
256537,Mouse,5749,66
256555,Mouse,5159,72
256569,Mouse,5255,79
256578,Mouse,4141,67
256630,Mouse,5564,66
256658,Mouse,5373,70
256668,Mouse,5728,69
256757,Mouse,4875,65
256869,Mouse,4357,69
256954,Mouse,5184,71
256980,Mouse,3695,67
257108,Mouse,5559,75
257171,Elephant,414971,1042
257223,Mouse,3949,64
257303,Mouse,5042,68
257417,Elephant,398424,1009
257473,Mouse,3986,64
257513,Mouse,5006,65
257577,Mouse,5802,66
257649,Mouse,4429,65
257666,Mouse,5538,67
257687,Mouse,3654,64
257731,Mouse,5425,67
257745,Mouse,5561,66
257811,Mouse,3994,64
257837,Mouse,5575,67
257873,Mouse,3285,64
257994,Mouse,4004,64
258041,Mouse,3291,64
258151,Elephant,146805,549
258193,Mouse,3072,67
258241,Mouse,5706,66
258259,Mouse,3191,64
258488,Mouse,3657,64
258580,Mouse,3984,64
258586,Mouse,5419,65
258726,Mouse,5201,65
258829,Mouse,3456,64
258833,Mouse,4917,66
258918,Mouse,3887,64
259005,Mouse,3375,72
259057,Mouse,5200,78
259107,Mouse,5293,67
259136,Mouse,4767,72
259137,Mouse,3419,71
259225,Mouse,5701,67
259396,Mouse,4423,80
259401,Elephant,226066,730
259405,Mouse,3934,64
259561,Mouse,5258,70
259647,Mouse,3434,64
259691,Mouse,5195,68
259725,Elephant,273376,831
259806,Mouse,5243,66
259854,Mouse,3501,65
259926,Mouse,5033,71
259929,Mouse,3526,71
260045,Mouse,5206,68
260182,Mouse,4230,68
260253,Mouse,3487,64
260285,Mouse,5203,69
260302,Mouse,5213,72
260303,Mouse,4930,69
260367,Elephant,359805,1058
260372,Mouse,3569,67
260428,Mouse,4723,65
260512,Mouse,5157,67
260626,Mouse,3027,64
260913,Mouse,3157,66
260953,Elephant,47707,279
261058,Mouse,4163,66
261144,Mouse,4302,66
261179,Mouse,3603,64
261333,Mouse,5630,66
261428,Mouse,3338,64
261499,Mouse,3093,66
261500,Mouse,5780,68
261506,Mouse,5453,66
261558,Mouse,4188,64
261562,Mouse,4570,65
261578,Mouse,3277,66
261591,Mouse,5291,65
261638,Mouse,4387,65
261669,Mouse,5596,69
261714,Mouse,4109,68
261767,Mouse,4370,65
261956,Mouse,3078,66
262067,Mouse,3374,66
262217,Mouse,3868,68
262267,Mouse,5067,75
262304,Mouse,3400,79
262326,Mouse,3878,79
262366,Elephant,491520,1122
262374,Mouse,3462,74
262402,Mouse,3550,77
262411,Mouse,5792,81
262468,Mouse,3603,65
262472,Mouse,5160,67
262742,Mouse,4489,73
262749,Mouse,3501,75
262788,Mouse,4216,84
262826,Mouse,5212,93
262874,Mouse,3557,89
262900,Mouse,3434,99
262930,Mouse,5661,92
262963,Mouse,5828,91
263032,Mouse,4745,71
263052,Mouse,3741,67
263083,Mouse,3332,74
263127,Mouse,3634,71
263233,Mouse,5144,88
263262,Elephant,308645,1187
263268,Mouse,5415,88
263303,Mouse,3605,94
263412,Mouse,5271,81
263440,Mouse,3417,82
263464,Mouse,4685,81
263477,Mouse,3475,72
263523,Mouse,3098,70
263547,Mouse,3942,68
263640,Mouse,3026,75
263668,Mouse,4745,78
263699,Elephant,459927,1665
263765,Mouse,5238,85
263785,Mouse,3217,75
263922,Mouse,4931,74
264063,Mouse,3163,83
264085,Mouse,4673,89
264150,Mouse,3845,86
264222,Mouse,5465,83
264298,Mouse,3578,89
264325,Elephant,472557,1861
264392,Mouse,4334,75
264450,Mouse,3990,66
264472,Mouse,5417,70
264477,Mouse,3765,69
264524,Elephant,439771,1931
264550,Mouse,4367,65
264565,Mouse,3126,64
264575,Mouse,4420,67
264635,Mouse,3442,64
264644,Mouse,3044,64
264653,Mouse,3071,64
264655,Elephant,174424,992
264732,Mouse,5197,65
264772,Mouse,5836,69
264844,Mouse,5306,67
264851,Mouse,4962,66
265081,Mouse,4107,64
265139,Mouse,4153,64
265176,Mouse,5281,67
265180,Mouse,3714,66
265203,Mouse,3278,64
265231,Mouse,4407,68
265302,Mouse,4914,65
265465,Mouse,3656,75
265524,Mouse,5324,67
265539,Mouse,3758,67
265637,Mouse,4841,70
265712,Mouse,3322,70
265734,Mouse,5726,78
265746,Mouse,4223,80
265801,Mouse,3186,81
265931,Mouse,4230,100
265942,Mouse,3203,103
265991,Mouse,4847,120
266040,Mouse,5180,127
266194,Mouse,4722,72
266216,Mouse,3343,74
266435,Mouse,4529,88
266480,Mouse,4474,98
266495,Elephant,302965,1239
266598,Mouse,5086,70
266637,Mouse,3425,71
266676,Mouse,3719,72
266708,Elephant,302709,1365
266713,Mouse,5758,74
266724,Mouse,3369,69
266745,Mouse,4716,75
266761,Mouse,5603,77
266776,Mouse,3983,71
266912,Mouse,5745,69
266943,Mouse,5561,74
267049,Mouse,4509,69
267072,Mouse,5095,73
267118,Mouse,4375,75
267178,Mouse,4189,71
267240,Mouse,4663,73
267389,Elephant,376731,1266
267446,Mouse,4414,69
267530,Mouse,4688,68
267605,Mouse,3533,69
267612,Mouse,3841,67
267622,Mouse,4190,66
267696,Mouse,5389,72
267708,Mouse,4964,68
267788,Mouse,4877,77
268109,Mouse,5712,89
268124,Mouse,5357,96
268181,Elephant,513507,1221
268297,Mouse,3793,65
268349,Mouse,5374,68
268451,Mouse,5017,65
268472,Mouse,3115,64
268534,Mouse,4690,69
268585,Mouse,3964,73
268588,Elephant,233227,928
268596,Mouse,3601,73
268654,Mouse,4493,65
268663,Mouse,4709,65
268748,Mouse,3155,64
268769,Mouse,3362,66
268896,Mouse,4502,69
268980,Mouse,4184,68
269060,Mouse,4648,69
269112,Mouse,3674,69
269145,Elephant,51884,326
269260,Mouse,5090,69
269270,Mouse,4197,71
269280,Mouse,4269,78
269464,Mouse,5723,74
269486,Elephant,428997,1050
269569,Mouse,4946,69
269653,Mouse,3105,65
269697,Mouse,5059,69
269765,Mouse,3249,67
269911,Elephant,480281,1104
269956,Mouse,3474,65
270091,Mouse,5058,65
270127,Mouse,3746,64
270154,Elephant,101831,457
270277,Mouse,3317,67
270379,Mouse,3140,67
270427,Mouse,3804,66
270470,Mouse,3991,67
270515,Mouse,5519,70
270657,Mouse,5310,67
270758,Mouse,5149,70
270825,Elephant,142747,557
270843,Mouse,3191,67
270847,Mouse,5371,71
270863,Mouse,3994,65
270942,Mouse,5310,70
271011,Mouse,4270,68
271108,Elephant,508804,1116
271128,Mouse,3662,64
271134,Mouse,4153,65
271289,Mouse,4957,65
271352,Mouse,4179,64
271433,Mouse,5677,72
271436,Mouse,5160,74
271547,Mouse,5020,65
271636,Mouse,3739,64
271749,Mouse,4448,69
271796,Mouse,3062,66
271806,Mouse,3133,64
271821,Mouse,4950,68
271944,Mouse,3929,68
272049,Mouse,3492,66
272119,Mouse,3628,68
272122,Mouse,4540,71
272220,Mouse,5669,71
272228,Mouse,5817,76
272308,Mouse,5161,68
272311,Mouse,3540,65
272314,Elephant,581627,1210
272326,Mouse,4138,65
272339,Mouse,5638,67
272489,Mouse,5786,66
272493,Mouse,5117,66
272566,Mouse,5065,65
272666,Mouse,4339,65
272669,Mouse,4262,67
272681,Mouse,4216,64
272712,Mouse,5823,66
272784,Mouse,4834,65
272796,Mouse,3580,64
272860,Mouse,4880,65
272962,Mouse,5643,66
272983,Mouse,4943,65
273005,Mouse,4828,65
273015,Mouse,5423,68
273151,Mouse,4329,67
273198,Mouse,3456,64
273313,Mouse,4255,67
273409,Mouse,5563,70
273426,Mouse,5658,66
273466,Mouse,3503,64
273679,Mouse,4417,67
273722,Mouse,3599,70
273922,Mouse,3912,67
273998,Mouse,3614,64
274003,Mouse,5625,67
274139,Mouse,4489,68
274155,Elephant,515234,1206
274177,Mouse,3738,64
274225,Mouse,4681,65
274280,Mouse,5533,66
274450,Mouse,4140,64
274467,Mouse,3181,64
274550,Mouse,4060,64
274569,Mouse,4089,64
274644,Mouse,5239,65
274683,Mouse,5178,65
274725,Mouse,4659,66
274730,Mouse,3756,64
274752,Mouse,3693,65
274888,Mouse,3697,64
274958,Mouse,4048,64
275020,Mouse,3253,64
275024,Mouse,4638,66
275049,Mouse,4678,66
275198,Mouse,4608,73
275297,Mouse,4563,65
275303,Mouse,4328,66
275378,Mouse,5495,73
275454,Mouse,4539,73
275524,Mouse,4462,92
275533,Elephant,139396,633
275588,Mouse,5315,86
275797,Mouse,5197,74
275805,Mouse,3242,76
275860,Mouse,3904,82
275893,Mouse,4008,79
276033,Elephant,255322,997
276125,Elephant,271430,1057
276128,Mouse,4992,78
276140,Mouse,3266,66
276164,Mouse,5516,77
276174,Elephant,205223,824
276180,Mouse,5239,65
276209,Mouse,3561,68
276225,Mouse,4208,66
276258,Mouse,5584,66
276363,Mouse,3976,67
276367,Mouse,3795,68
276632,Elephant,360773,1420
276695,Mouse,4394,65
276789,Mouse,3734,64
276850,Mouse,4799,65
276867,Mouse,4711,70
276877,Mouse,5678,68
276880,Mouse,3868,64
276894,Mouse,5683,66
276980,Mouse,4938,65
277064,Mouse,5273,65
277081,Mouse,5245,67
277095,Mouse,5090,70
277322,Mouse,4775,76
277393,Mouse,3496,70
277479,Mouse,4484,70
277492,Mouse,5538,74
277498,Elephant,542630,1179
277530,Mouse,5780,72
277559,Mouse,4432,74
277608,Mouse,3213,70
277640,Mouse,5825,70
277712,Mouse,5001,69
277754,Mouse,4007,67
277835,Mouse,3227,67
277873,Mouse,5757,70
277988,Mouse,4357,75
278016,Mouse,3905,70
278032,Mouse,5107,76
278056,Mouse,5558,86
278079,Mouse,3250,81
278103,Mouse,5085,88
278172,Mouse,5056,73
278180,Mouse,4085,74
278199,Mouse,4311,74
278209,Mouse,4363,76
278266,Mouse,3926,76
278409,Mouse,5626,76
278415,Mouse,4756,79
278453,Elephant,551325,1277
278575,Mouse,4570,65
278586,Elephant,405785,1219
278618,Mouse,5003,66
278744,Mouse,3293,64
278854,Mouse,4220,64
278997,Mouse,4906,65
279031,Mouse,3008,64
279089,Mouse,5784,66
279140,Mouse,4005,64
279144,Mouse,4622,65
279178,Mouse,3056,64
279221,Mouse,5371,65
279256,Mouse,5190,65
279261,Mouse,4027,64
279286,Mouse,5522,66
279312,Mouse,5825,66
279351,Mouse,5402,65
279387,Mouse,4723,65
279519,Mouse,3343,64
279533,Mouse,3309,64
279566,Mouse,5538,66
279640,Mouse,4822,65
279809,Mouse,4616,65
279909,Mouse,3894,65
279914,Mouse,3184,68
279963,Mouse,3736,71
280006,Mouse,4039,68
280070,Mouse,3034,74
280093,Mouse,5806,68
280131,Mouse,4074,75
280161,Mouse,4259,75
280241,Mouse,3175,79
280352,Mouse,4001,84
280368,Mouse,5107,81
280401,Mouse,3678,80
280422,Mouse,5585,75
280464,Mouse,4105,72
280475,Mouse,4164,72
280482,Mouse,3237,75
280654,Mouse,4364,100
280688,Mouse,3271,94
280728,Elephant,321675,1138
280786,Mouse,3808,68
280804,Mouse,5083,71
280854,Mouse,4741,75
281033,Mouse,5482,84
281091,Mouse,4731,95
281100,Mouse,4703,96
281120,Mouse,3377,92
281139,Mouse,3450,98
281176,Mouse,3082,82
281258,Mouse,3194,68
281302,Elephant,100809,921
281305,Mouse,5259,78
281393,Mouse,5597,88
281457,Mouse,5666,83
281520,Elephant,403307,1815
281554,Mouse,4208,83
281559,Mouse,4232,86
281582,Mouse,3927,72
281654,Mouse,3154,75
281749,Mouse,3100,76
281764,Elephant,551954,2044
281878,Mouse,5705,72
281908,Mouse,4628,69
282058,Elephant,270223,1250
282132,Elephant,334267,1731
282169,Mouse,4387,75
282234,Mouse,3324,67
282249,Elephant,53229,345
282397,Mouse,3278,64
282479,Mouse,4371,67
282539,Mouse,3673,64
282591,Mouse,5603,72
282593,Mouse,3349,73
282670,Mouse,4817,65
282720,Mouse,3730,64
282780,Mouse,4352,67
282849,Mouse,4489,65
282911,Mouse,5778,72
282921,Mouse,5157,75
282979,Mouse,4485,68
282993,Mouse,3251,64
283042,Elephant,41380,246
283068,Mouse,5028,69
283073,Mouse,3481,65
283083,Mouse,3523,64
283093,Mouse,3025,64
283165,Mouse,4222,66
283193,Mouse,4149,69
283245,Mouse,4562,66
283266,Mouse,3272,64
283292,Mouse,4409,68
283315,Mouse,5011,67
283326,Mouse,4980,71
283382,Mouse,5632,75
283643,Mouse,5520,71
283751,Mouse,4829,67
283867,Mouse,3095,69
283916,Mouse,4176,64
283926,Mouse,4195,68
284040,Mouse,3506,68
284078,Mouse,4107,68
284133,Mouse,4407,72
284150,Mouse,3809,64
284221,Mouse,5827,68
284250,Mouse,3672,68
284349,Elephant,538273,1438
284440,Mouse,3575,71
284544,Mouse,5148,69
284618,Mouse,4996,81
284695,Mouse,3252,82
284751,Mouse,5196,89
284765,Mouse,4521,94
284789,Mouse,5783,100
284859,Mouse,3982,87
284906,Mouse,4861,76
284938,Mouse,4499,79
284957,Mouse,5225,72
284985,Mouse,4426,77
285038,Mouse,4172,79
285048,Elephant,539814,1279
285060,Mouse,5652,87
285238,Mouse,3267,67
285257,Mouse,4054,70
285302,Mouse,5187,73
285328,Elephant,209912,1055
285439,Mouse,5720,73
285537,Elephant,149049,613
285573,Mouse,4161,68
285654,Mouse,4421,67
285682,Elephant,439663,1366
285737,Mouse,4154,64
285757,Mouse,3784,64
285848,Mouse,3309,64
285882,Mouse,4894,69
285902,Mouse,5392,65
285936,Mouse,4045,69
285944,Mouse,5633,66
286159,Mouse,3055,64
286217,Mouse,3477,64
286224,Mouse,4849,65
286285,Mouse,4637,69
286327,Mouse,5753,69
286352,Mouse,5080,65
286463,Mouse,4958,70
286475,Mouse,5226,68
286497,Mouse,3621,67
286509,Mouse,3854,70
286519,Mouse,3632,67
286533,Elephant,248536,757
286579,Mouse,4932,65
286594,Mouse,5418,65
286669,Mouse,3423,64
286691,Mouse,4502,65
286785,Mouse,4601,65
286850,Mouse,4339,65
286864,Mouse,4791,65
286904,Mouse,3680,64
286926,Mouse,5115,65
286933,Mouse,3691,64
286950,Mouse,3422,64
286976,Mouse,4816,66
287049,Mouse,4311,65
287062,Mouse,3157,64
287096,Mouse,5162,65
287138,Mouse,5135,65
287155,Mouse,4473,65
287294,Mouse,4968,65
287322,Mouse,3145,64
287338,Mouse,4486,66
287348,Mouse,5609,66
287410,Mouse,4877,65
287422,Mouse,3591,64
287475,Mouse,3765,64
287612,Mouse,4707,65
287628,Mouse,5228,65
287649,Mouse,3350,64
287676,Mouse,4159,64
287711,Mouse,3637,64
287723,Mouse,5445,68
287825,Mouse,5401,65
287842,Mouse,4587,65
287859,Mouse,4918,69
288017,Mouse,5053,65
288039,Mouse,4940,71
288042,Mouse,3877,71
288093,Mouse,5049,66
288096,Mouse,4119,68
288106,Mouse,4232,65
288184,Mouse,5195,74
288185,Mouse,4773,72
288196,Mouse,4011,72
288310,Mouse,3424,68
288389,Elephant,300283,859
288432,Mouse,4069,74
288659,Mouse,4917,71
288684,Mouse,3316,68
288782,Mouse,4953,69
288801,Mouse,4420,77
288830,Mouse,4241,82
288836,Elephant,318599,891
288911,Mouse,4259,65
288996,Mouse,3893,70
289101,Mouse,4233,75
289137,Elephant,445651,1133
289204,Mouse,4876,65
289218,Mouse,4314,67
289228,Mouse,4097,69
289383,Mouse,3023,65
289472,Mouse,4397,70
289578,Mouse,4110,69
289637,Mouse,4448,78
289691,Mouse,3723,86
289695,Mouse,3845,90
289709,Mouse,5224,92
289725,Mouse,3668,97
289728,Elephant,194268,897
289764,Mouse,4703,95
289811,Mouse,4183,86
289819,Mouse,4281,83
289883,Mouse,3542,64
290134,Mouse,4767,83
290231,Elephant,396422,1225
290241,Mouse,3915,80
290266,Mouse,4457,80
290273,Mouse,3923,81
290375,Mouse,3244,73
290388,Mouse,5246,78
290394,Elephant,500164,1409
290397,Mouse,3941,75
290439,Mouse,4619,73
290486,Mouse,4488,66
290543,Mouse,4481,71
290598,Elephant,153549,629
290599,Mouse,5077,74
290622,Mouse,4079,68
290636,Mouse,4088,69
290675,Elephant,186730,688
290788,Mouse,3728,64
290840,Mouse,4507,65
290880,Mouse,4708,65
290900,Mouse,4879,65
290913,Mouse,5526,66
290958,Mouse,5160,66
291007,Mouse,5671,66
291054,Mouse,4515,65
291062,Mouse,4872,65
291067,Mouse,5589,66
291161,Mouse,4577,65
291195,Mouse,4585,65
291280,Mouse,4934,65
291368,Mouse,5685,66
291468,Mouse,3704,64
291545,Mouse,4680,65
291553,Mouse,4971,65
291660,Mouse,4031,64
291707,Mouse,4972,65
291777,Mouse,5652,66
291889,Mouse,3468,64
291946,Mouse,5157,68
291949,Mouse,3078,64
292030,Mouse,5163,70
292086,Mouse,3800,64
292131,Mouse,3877,65
292249,Mouse,4729,71
292253,Mouse,4525,72
292262,Mouse,4392,77
292276,Mouse,3089,70
292333,Mouse,5349,75
292345,Mouse,5146,72
292398,Mouse,5345,74
292408,Mouse,4448,73
292456,Mouse,4945,78
292523,Elephant,240742,820
292548,Mouse,4315,66
292581,Mouse,5020,68
292674,Mouse,5660,70
292745,Mouse,5303,73
292764,Mouse,4820,83
292906,Mouse,3345,77
293022,Mouse,5301,99
293032,Mouse,4752,97
293063,Mouse,4069,98
293067,Mouse,3592,98
293162,Mouse,4277,83
293169,Mouse,5642,89
293196,Mouse,5011,69
293220,Mouse,4861,74
293241,Mouse,4306,71
293291,Elephant,412836,1165
293309,Elephant,255538,953
293365,Elephant,95928,573
293444,Mouse,3334,64
293580,Mouse,5561,66
293627,Mouse,4391,65
293639,Mouse,5449,66
293721,Mouse,4822,65
293810,Mouse,5667,66
293839,Mouse,3166,64
294199,Mouse,3162,64
294237,Mouse,3742,67
294299,Mouse,5319,65
294382,Mouse,3040,64
294415,Mouse,4411,69
294537,Mouse,4130,68
294667,Mouse,3925,65
294804,Elephant,282225,807
294810,Mouse,3010,64
294860,Mouse,5657,66
294946,Mouse,4977,65
294971,Mouse,5091,65
295007,Mouse,4512,65
295069,Mouse,3022,64
295114,Mouse,3395,64
295125,Mouse,4983,69
295158,Mouse,3769,65
295215,Mouse,4723,65
295325,Mouse,4928,65
295397,Mouse,5827,66
295522,Mouse,5079,70
295593,Elephant,174704,624
295604,Mouse,5566,66
295619,Mouse,5397,65
295658,Mouse,5534,66
295677,Mouse,5825,66
295887,Mouse,3298,64
295900,Mouse,5696,66
296043,Mouse,3981,64
296153,Mouse,3057,64
296189,Mouse,3877,64
296198,Mouse,4625,65
296349,Mouse,5715,66
296431,Mouse,5344,70
296617,Mouse,4367,65
296663,Mouse,5474,66
296685,Mouse,4828,69
296708,Elephant,190374,650
296715,Mouse,5535,82
296766,Mouse,5517,79
296773,Mouse,4080,72
296802,Mouse,5594,66
296926,Mouse,4983,68
297023,Elephant,55883,325
297368,Mouse,4698,81
297445,Elephant,262111,821
297568,Mouse,5703,68
297575,Mouse,5407,67
297580,Mouse,4764,70
297583,Elephant,264513,1128
297641,Elephant,301462,932
297646,Mouse,4789,66
297653,Mouse,4547,65
297752,Mouse,5602,66
297762,Mouse,4029,64
297829,Mouse,4599,65
297871,Mouse,5481,66
297902,Mouse,4363,68
297907,Mouse,4106,68
297922,Mouse,5746,66
297950,Mouse,3542,68
298008,Mouse,3118,64
298219,Mouse,5025,74
298261,Mouse,4253,74
298289,Mouse,5500,69
298468,Mouse,3911,79
298578,Mouse,5288,84
298742,Mouse,3498,88
298766,Mouse,3308,96
298913,Mouse,3226,98
298940,Mouse,3886,96
298948,Mouse,3579,96
298957,Mouse,5174,103
298969,Elephant,267169,959
298986,Mouse,3617,86
299025,Mouse,3649,78
299232,Elephant,462018,1398
299239,Mouse,4413,70
299264,Mouse,3975,64
299301,Mouse,3660,64
299340,Mouse,4305,68
299344,Elephant,332798,1471
299347,Mouse,3729,66
299388,Mouse,3200,66
299484,Mouse,3564,64
299497,Mouse,4299,66
299517,Mouse,3706,65
299521,Mouse,5636,67
299629,Mouse,3396,64
299649,Mouse,5452,66
299704,Mouse,3652,65
299759,Mouse,4859,72
299760,Mouse,4293,70
299886,Mouse,4279,67
299940,Mouse,4209,64
299945,Mouse,4074,64
299975,Mouse,3008,64
299995,Mouse,5696,66
300032,Mouse,4824,65
300103,Mouse,3577,68
300154,Mouse,4400,70
300171,Mouse,5519,66
300190,Mouse,3780,69
300241,Mouse,4582,74
300411,Mouse,3463,68
300425,Mouse,5282,74
300496,Mouse,4697,72
300525,Mouse,4290,69
300664,Mouse,4987,72
300751,Elephant,381370,1111
300848,Mouse,4314,68
300853,Mouse,5440,66
300990,Mouse,4522,65
301227,Elephant,138304,554
301313,Mouse,4421,69
301341,Mouse,5643,70
301520,Elephant,464651,1397
301550,Mouse,4524,73
301647,Mouse,5319,67
301662,Elephant,103840,487
301803,Elephant,100071,475
301829,Mouse,4289,75
301912,Mouse,4302,65
301940,Mouse,3368,64
302078,Mouse,4820,69
302211,Mouse,4605,68
302294,Mouse,3900,67
302378,Elephant,296175,948
302419,Mouse,5311,73
302472,Mouse,5821,66
302493,Mouse,5506,70
302560,Mouse,4219,71
302570,Mouse,5062,70
302590,Mouse,4513,71
302711,Elephant,242339,781
302718,Mouse,3060,72
302772,Mouse,4129,64
302786,Mouse,3188,64
302797,Mouse,5189,70
302867,Mouse,5351,67
302900,Mouse,5637,69
302945,Mouse,4711,71
302999,Mouse,4615,71
303042,Mouse,5757,69
303172,Mouse,4010,67
303209,Mouse,4215,66
303448,Mouse,3300,71
303549,Mouse,3005,67
303563,Mouse,4440,74
303581,Elephant,234846,987
303584,Mouse,3319,71
303595,Elephant,555254,1403
303603,Mouse,4839,72
303812,Mouse,5682,66
303970,Mouse,5452,71
304002,Mouse,5556,70
304022,Mouse,4113,72
304059,Mouse,4391,73
304074,Mouse,5537,72
304156,Mouse,5775,70
304204,Mouse,5459,76
304247,Mouse,4053,80
304254,Elephant,444175,1069
304348,Mouse,3589,67
304539,Mouse,5054,70
304568,Mouse,4623,72
304596,Mouse,5515,79
304615,Mouse,5668,76
304631,Mouse,4667,85
304758,Mouse,4468,74
304861,Mouse,3409,72
304869,Mouse,3022,73
304873,Elephant,383867,1118
304967,Mouse,4462,65
305057,Mouse,5691,66
305141,Elephant,179124,770
305183,Mouse,3442,66
305217,Mouse,4981,70
305268,Mouse,5611,71
305426,Mouse,3392,66
305498,Elephant,576829,1370
305513,Mouse,3226,64
305535,Mouse,3536,64
305560,Mouse,5097,69
305654,Mouse,4281,65
305704,Mouse,5378,69
305738,Mouse,3869,64
305783,Mouse,4439,66
305866,Mouse,4347,65
305912,Elephant,44886,280
305944,Mouse,5716,70
305955,Mouse,5838,76
306140,Mouse,3174,64
306166,Mouse,4425,67
306325,Mouse,3915,67
306328,Mouse,3973,69
306360,Mouse,5349,65
306428,Mouse,3522,67
306644,Mouse,3688,68
306652,Elephant,586912,1207
306786,Mouse,4254,66
306901,Mouse,3132,64
307000,Mouse,4819,68
307115,Elephant,215562,684
307192,Mouse,5188,65
307235,Mouse,5382,66
307260,Mouse,5486,69
307266,Mouse,4906,69
307534,Mouse,5132,67
307590,Mouse,5169,70
307672,Mouse,3453,68
307678,Mouse,3627,70
307715,Elephant,472160,1090
307718,Mouse,3527,76
307898,Mouse,3838,67
307944,Elephant,57662,329
308001,Elephant,229053,735
308052,Mouse,3482,64
308057,Mouse,3189,64
308092,Mouse,4883,65
308290,Mouse,4839,65
308306,Mouse,4814,65
308315,Mouse,3993,66
308325,Mouse,4420,70
308511,Mouse,5392,70
308601,Mouse,4616,73
308632,Mouse,3286,72
308652,Mouse,3058,75
308654,Mouse,3736,71
308720,Mouse,4115,72
308726,Mouse,5258,77
308767,Mouse,5721,75
308813,Mouse,5830,83
308851,Mouse,5000,82
308976,Mouse,5265,68
309009,Elephant,177525,714
309075,Mouse,5226,70
309153,Elephant,266295,897
309242,Mouse,3064,68
309287,Mouse,3931,73
309425,Mouse,3105,74
309428,Mouse,5601,76
309441,Mouse,3214,72
309554,Mouse,3922,67
309613,Elephant,514593,1362
309667,Mouse,3593,64
309701,Mouse,5384,70
309781,Mouse,4178,67
309819,Mouse,3463,67
309843,Mouse,4920,65
309923,Mouse,3303,66
309990,Mouse,5014,67
310074,Mouse,3069,66
310081,Elephant,472170,1095
310182,Mouse,4128,64
310193,Mouse,5123,65
310203,Mouse,3750,64
310260,Mouse,3451,64
310308,Mouse,5183,65
310350,Mouse,3062,64
310488,Mouse,4788,65
310508,Mouse,3466,64
310763,Mouse,5820,66
310785,Mouse,3443,64
310838,Mouse,3714,67
310887,Mouse,3750,70
310967,Mouse,4115,67
311067,Mouse,5738,69
311160,Mouse,5350,73
311289,Mouse,3082,84
311380,Mouse,5668,102
311422,Elephant,241030,201351
311486,Mouse,3452,79
311498,Mouse,5177,76
311533,Mouse,4510,69
311549,Mouse,3498,67
311563,Mouse,4226,67
311590,Mouse,4670,68
311616,Mouse,5817,66
311724,Mouse,3864,73
311745,Mouse,5041,69
311781,Mouse,4375,80
311786,Mouse,4396,80
311808,Mouse,3814,71
311821,Mouse,5145,78
311827,Mouse,3324,79
312034,Elephant,312445,1262
312083,Mouse,4841,72
312208,Mouse,3516,72
312222,Mouse,5582,81
312375,Mouse,3795,73
312410,Mouse,3853,84
312434,Mouse,3985,89
312519,Mouse,4771,100
312553,Mouse,4438,103
312652,Mouse,5780,110
312660,Elephant,550545,1829
312662,Mouse,4952,97
312714,Mouse,3263,97
312794,Elephant,552290,1930
312892,Mouse,3502,67
313087,Mouse,5412,75
313088,Mouse,3290,74
313206,Mouse,4746,83
313224,Mouse,3979,87
313291,Mouse,5660,93
313323,Mouse,4401,88
313403,Mouse,4055,85
313446,Mouse,3908,78
313646,Mouse,3965,90
313661,Elephant,93783,660
313699,Mouse,4310,94
313719,Mouse,4886,95
313758,Mouse,5733,107
313807,Mouse,4197,95
313848,Elephant,109771,950
313904,Mouse,5752,80
313946,Mouse,4593,74
313992,Mouse,5815,73
314005,Mouse,3948,68
314036,Mouse,5461,71
314065,Mouse,4486,67
314135,Mouse,5486,70
314227,Mouse,3687,66
314281,Mouse,4251,65
314292,Mouse,5617,72
314329,Mouse,5621,72
314370,Mouse,3023,73
314431,Elephant,477375,1718
314605,Mouse,3381,66
314618,Mouse,4621,66
314624,Mouse,4474,66
314670,Mouse,5225,67
314687,Mouse,4113,65
314702,Mouse,4984,65
314711,Mouse,3952,65
314847,Mouse,5233,65
314933,Mouse,4588,67
314934,Mouse,4346,68
314946,Mouse,3229,64
315000,Mouse,5153,68
315120,Mouse,3960,64
315140,Mouse,3466,64
315172,Mouse,4840,65
315213,Mouse,4427,66
315258,Mouse,4004,64
315390,Mouse,3604,71
315398,Mouse,5406,70
315402,Mouse,5077,66
315496,Mouse,4099,64
315569,Mouse,3227,72
315804,Mouse,4544,92
315987,Mouse,3945,115
315990,Mouse,5252,118
316064,Mouse,4186,93
316067,Mouse,3238,94
316068,Mouse,4937,101
316092,Mouse,4068,75
316147,Mouse,3960,68
316267,Elephant,44042,511
316330,Mouse,3418,67
316390,Mouse,3866,72
316400,Mouse,5286,78
316489,Elephant,232829,1175
316525,Mouse,3391,81
316556,Mouse,5385,76
316702,Mouse,4906,88
316763,Mouse,4885,107
316846,Mouse,3894,107
316882,Mouse,4401,107
316890,Mouse,3784,111
316935,Mouse,3898,104
316980,Mouse,5108,108
317012,Mouse,3369,92
317239,Mouse,4497,84
317252,Mouse,4087,88
317288,Mouse,4584,100
317361,Mouse,4305,88
317521,Mouse,3296,77
317632,Mouse,3901,97
317678,Elephant,444615,2054
317767,Mouse,5145,68
317770,Mouse,5032,70
317885,Mouse,3176,78
317950,Mouse,4187,90
318115,Mouse,4738,71
318172,Elephant,463638,2167
318192,Mouse,5811,81
318209,Elephant,122612,1156
318274,Mouse,4951,69
318301,Mouse,5051,69
318379,Mouse,5280,71
318442,Mouse,3898,68
318456,Mouse,5023,71
318476,Mouse,4187,70
318489,Elephant,365924,2115
318530,Mouse,5031,65
318577,Mouse,5095,65
318593,Mouse,4060,68
318610,Mouse,5772,76
318623,Mouse,3074,64
318697,Mouse,5078,70
318727,Mouse,3344,66
318760,Mouse,5033,73
318824,Mouse,4439,68
318846,Mouse,4689,71
318883,Mouse,5300,70
318907,Mouse,3691,69
318966,Mouse,3062,68
319117,Mouse,3450,71
319169,Mouse,4942,72
319170,Elephant,595078,2180
319308,Mouse,5406,70
319588,Mouse,4711,69
319606,Mouse,3099,73
319617,Mouse,5764,76
319637,Mouse,4339,81
319659,Mouse,4141,84
319713,Mouse,3924,88
319786,Elephant,95974,492
319844,Mouse,4707,70
319857,Mouse,4911,73
319912,Mouse,3278,73
319963,Elephant,312536,974
320031,Elephant,222870,883
320047,Mouse,5649,66
320053,Mouse,5251,68
320120,Mouse,4202,64
320190,Mouse,5805,69
320290,Mouse,3299,66
320450,Mouse,4991,69
320496,Mouse,5501,68
320554,Mouse,4870,68
320559,Mouse,3623,72
320593,Mouse,4805,77
320649,Mouse,4830,83
320677,Mouse,4344,86
320716,Mouse,4250,77
320730,Mouse,3449,82
320790,Mouse,4919,71
320976,Mouse,4650,75
321033,Mouse,4810,86
321102,Mouse,4876,89
321110,Mouse,4106,91
321136,Mouse,5508,102
321273,Elephant,410632,1202
321319,Mouse,4816,65
321363,Mouse,3679,65
321466,Mouse,4703,70
321497,Elephant,445984,1448
321524,Mouse,5555,73
321533,Mouse,3380,69
321571,Mouse,4423,73
321655,Elephant,262213,1306
321712,Mouse,4018,66
321720,Mouse,5576,68
321722,Mouse,3396,66
321735,Mouse,4308,69
321739,Mouse,3805,68
321768,Mouse,3157,64
321889,Mouse,5126,68
322084,Mouse,3971,67
322096,Mouse,3957,69
322277,Elephant,350192,1005
322351,Mouse,4932,65
322363,Mouse,3231,64
322384,Mouse,3943,64
322395,Mouse,3390,65
322420,Mouse,5021,65
322435,Mouse,4383,65
322468,Mouse,5452,66
322680,Mouse,4894,65
322756,Mouse,4921,65
322785,Mouse,4925,65
322844,Mouse,4867,69
322872,Mouse,4032,64
322977,Mouse,5781,70
322986,Mouse,5120,65
323107,Mouse,3488,67
323200,Mouse,3831,67
323210,Mouse,5397,65
323279,Mouse,3654,66
323294,Mouse,3532,66
323312,Mouse,4317,68
323369,Mouse,4450,68
323394,Mouse,5751,66
323400,Mouse,4866,65
323409,Mouse,4074,64
323447,Mouse,3533,64
323470,Mouse,4920,65
323506,Mouse,5051,65
323536,Mouse,5839,66
323551,Mouse,4660,67
323572,Mouse,4894,65
323599,Mouse,3870,64
323653,Mouse,3058,64
323673,Mouse,3966,64
323707,Mouse,4936,65
323744,Mouse,3589,64
323793,Mouse,4757,65
323829,Mouse,5385,67
323892,Mouse,3988,67
323957,Mouse,5524,71
323965,Mouse,4411,66
323994,Mouse,3675,69
324011,Mouse,5248,65
324015,Mouse,3888,64
324017,Elephant,96081,449
324093,Mouse,4787,69
324455,Mouse,3952,69
324540,Mouse,4829,77
324615,Mouse,4701,92
324680,Mouse,4282,88
324694,Elephant,494704,1154
324733,Mouse,4395,79
324752,Mouse,4590,67
324843,Mouse,3735,67
324918,Mouse,5786,71
324940,Mouse,5178,70
325083,Mouse,3491,64
325222,Elephant,228359,978
325273,Mouse,5047,65
325339,Mouse,5459,70
325343,Elephant,279490,1127
325349,Mouse,3361,68
325419,Mouse,4765,65
325542,Mouse,5276,68
325546,Mouse,4900,65
325574,Mouse,5465,67
325744,Elephant,126732,507
325765,Mouse,3442,68
325892,Mouse,4962,74
325896,Mouse,5296,78
326184,Mouse,3373,90
326243,Mouse,5339,104
326260,Mouse,3382,110
326275,Mouse,3944,122
326276,Mouse,5783,121
326398,Mouse,5738,121
326400,Mouse,3914,122
326465,Mouse,4361,87
326511,Mouse,3415,73
326551,Mouse,4882,66
326605,Mouse,3977,68
326619,Mouse,5112,79
326627,Mouse,3713,77
326760,Elephant,340341,1247
326776,Mouse,4612,70
326797,Mouse,3584,70
326803,Mouse,5341,69
326871,Mouse,4610,69
326881,Elephant,245678,1173
326884,Mouse,3487,77
326886,Mouse,3443,80
326896,Mouse,4831,78
326897,Mouse,3981,76
326957,Mouse,5652,71
327030,Mouse,3267,67
327083,Mouse,5511,72
327095,Mouse,3854,71
327103,Mouse,3421,75
327230,Mouse,3172,67
327318,Mouse,5735,69
327394,Mouse,3514,66
327412,Mouse,4066,71
327454,Elephant,508939,1656
327497,Mouse,4127,68
327498,Mouse,5660,69
327590,Mouse,4223,68
327652,Mouse,3754,64
327690,Mouse,3169,64
327711,Mouse,4107,64
327803,Mouse,4422,67
327820,Mouse,4041,64
328038,Mouse,3481,64
328054,Mouse,4852,66
328215,Mouse,5601,66
328342,Mouse,3338,64
328354,Mouse,5651,67
328402,Mouse,3319,64
328493,Mouse,5372,65
328500,Mouse,4792,65
328523,Mouse,4323,65
328547,Mouse,5391,65
328580,Mouse,3622,65
328582,Mouse,3875,66
328614,Mouse,4902,65
328775,Mouse,4391,65
328783,Mouse,4966,65
328794,Mouse,4626,65
328990,Mouse,4852,65
329030,Mouse,4283,65
329042,Mouse,5432,66
329128,Mouse,5330,65
329148,Mouse,3519,64
329186,Mouse,3354,64
329253,Mouse,5805,66
329314,Mouse,5796,66
329325,Mouse,5312,65
329339,Mouse,4260,65
329372,Mouse,4259,65
329387,Mouse,4040,64
329425,Mouse,4676,65
329464,Mouse,4352,65
329540,Mouse,5444,66
329547,Mouse,3326,64
329601,Mouse,5638,69
329655,Mouse,4771,65
329675,Mouse,3047,64
329685,Mouse,5689,70
329710,Mouse,4161,64
329755,Mouse,5266,66
329991,Mouse,5155,70
330108,Elephant,150860,578
330119,Mouse,5529,66
330212,Mouse,3665,64
330250,Mouse,4165,64
330262,Mouse,4009,64
330296,Mouse,4237,65
330300,Mouse,5232,66
330316,Mouse,5660,70
330322,Elephant,163080,594
330413,Mouse,5440,66
330459,Mouse,5192,68
330529,Mouse,5055,65
330547,Mouse,5397,65
330591,Mouse,3112,64
330640,Mouse,5135,65
330692,Mouse,4647,65
330696,Mouse,5233,66
330741,Mouse,3752,65
330792,Mouse,4377,65
330808,Mouse,3831,64
331116,Mouse,4416,65
331162,Mouse,5491,66
331174,Mouse,4171,64
331233,Mouse,3733,67
331424,Mouse,3473,64
331558,Mouse,3726,71
331602,Mouse,3549,67
331737,Mouse,3031,75
331756,Mouse,5461,79
331824,Mouse,4858,89
331861,Mouse,4167,95
331930,Mouse,5431,85
332029,Mouse,3400,91
332048,Mouse,3463,82
332120,Elephant,584314,1349
332127,Mouse,3716,76
332359,Mouse,4653,70
332377,Elephant,113648,539
332421,Mouse,5231,69
332434,Mouse,4303,70
332451,Mouse,5468,69
332504,Mouse,4151,71
332650,Mouse,4666,73
332655,Mouse,3881,75
332713,Mouse,4713,82
332732,Mouse,5306,73
332749,Mouse,4620,75
332766,Elephant,380301,1411
332804,Mouse,3617,75
332817,Mouse,3801,64
332932,Elephant,184323,661
332946,Mouse,4651,65
333038,Mouse,5214,65
333063,Mouse,4917,67
333173,Mouse,5401,65
333221,Mouse,3654,64
333230,Mouse,3411,65
333250,Mouse,3452,64
333287,Mouse,4342,65
333294,Mouse,3500,65
333298,Mouse,4071,65
333319,Mouse,3315,64
333481,Mouse,4322,65
333646,Mouse,3648,64
333652,Mouse,4679,65
333848,Mouse,5604,66
333955,Elephant,62039,326
334002,Mouse,5675,67
334144,Mouse,5333,67
334147,Mouse,4978,67
334215,Mouse,5135,65
334274,Mouse,4783,65
334439,Mouse,5112,65
334499,Mouse,4900,65
334507,Mouse,4379,65
334574,Mouse,4085,64
334674,Mouse,3583,64
334773,Mouse,4306,65
334826,Mouse,5640,66
334859,Mouse,4572,65
334957,Mouse,3156,64
335094,Mouse,3070,64
335132,Mouse,4604,65
335154,Mouse,5359,65
335158,Mouse,4521,65
335169,Mouse,3101,64
335177,Mouse,4091,65
335202,Mouse,3879,65
335288,Mouse,3817,64
335310,Mouse,3007,64
335342,Mouse,5339,65
335472,Mouse,3958,64
335494,Mouse,5410,65
335516,Mouse,3423,64
335558,Mouse,4584,65
335573,Mouse,3285,64
335695,Mouse,5833,71
335706,Mouse,5520,68
335914,Mouse,3311,67
336169,Mouse,3791,73
336241,Mouse,4893,83
336362,Mouse,4704,107
336380,Mouse,5283,110
336401,Mouse,3119,110
336407,Mouse,4875,115
336606,Elephant,310229,1026
336618,Elephant,282479,982
336643,Mouse,4963,68
336723,Mouse,3597,66
336741,Mouse,5630,70
336761,Mouse,5395,70
336772,Mouse,3491,67
336797,Mouse,3849,66
336941,Mouse,5651,70
336960,Mouse,3659,76
336974,Mouse,4909,76
337062,Mouse,4326,83
337180,Mouse,3132,74
337324,Elephant,537532,1676
337516,Mouse,4683,68
337538,Mouse,4847,66
337576,Mouse,4548,72
337606,Elephant,209112,974
337629,Mouse,3656,68
337636,Mouse,4178,64
337678,Mouse,3091,64
337868,Mouse,3865,64
337882,Elephant,573700,1482
338059,Mouse,3028,64
338128,Mouse,5566,66
338134,Mouse,4565,66
338149,Mouse,4860,65
338206,Mouse,5691,66
338294,Mouse,4068,64
338327,Mouse,3685,64
338413,Mouse,3849,64
338419,Mouse,4680,65
338439,Mouse,3933,68
338458,Mouse,3500,64
338461,Mouse,3062,65
338549,Mouse,5122,65
338608,Mouse,5639,68
338738,Mouse,4201,67
338761,Mouse,3654,67
338774,Mouse,4926,65
338815,Mouse,5273,65
338844,Mouse,5242,72
338847,Mouse,5087,73
338858,Mouse,5062,76
338863,Mouse,5078,74
339008,Mouse,3709,67
339068,Mouse,5247,69
339071,Mouse,3580,70
339099,Mouse,3991,66
339124,Elephant,490065,1097
339152,Mouse,3507,69
339365,Mouse,5218,65
339396,Mouse,5002,68
339398,Mouse,4956,68
339445,Mouse,4396,65
339451,Mouse,3806,64
339465,Mouse,3074,66
339510,Mouse,3547,66
339605,Mouse,5626,66
339634,Mouse,4001,66
339724,Elephant,105052,498
339810,Mouse,5236,65
339878,Mouse,3795,64
340089,Mouse,5170,65
340276,Mouse,3686,64
340301,Mouse,3799,68
340426,Mouse,4620,69
340455,Mouse,3239,64
340493,Mouse,3937,64
340510,Mouse,4753,66
340537,Mouse,3761,65
340601,Mouse,3689,71
340624,Mouse,3473,64
340653,Mouse,5698,73
340767,Elephant,342940,930
340838,Mouse,3110,66
340888,Mouse,4262,68
340998,Mouse,4709,65
341149,Mouse,5494,70
341207,Mouse,4543,73
341215,Mouse,4019,72
341221,Mouse,4454,66
341231,Mouse,4189,66
341255,Mouse,5394,72
341274,Mouse,4344,71
341280,Mouse,4406,72
341287,Mouse,5606,74
341343,Mouse,3547,73
341372,Mouse,4747,82
341376,Mouse,4238,87
341385,Mouse,4862,88
341417,Mouse,5622,89
341466,Mouse,4586,90
341482,Mouse,5040,86
341670,Mouse,4286,78
341714,Elephant,88607,473
341757,Mouse,4020,78
341935,Mouse,4196,82
341966,Mouse,3513,89
341984,Mouse,3440,94
342042,Mouse,4768,94
342086,Elephant,522547,1531
342090,Mouse,4717,83
342096,Mouse,3611,76
342099,Mouse,3038,78
342101,Mouse,3841,82
342164,Mouse,3055,67
342207,Mouse,5205,69
342295,Mouse,3338,67
342333,Elephant,474511,1697
342484,Mouse,5500,66
342488,Mouse,3108,64
342509,Mouse,4833,69
342556,Mouse,3113,68
342587,Elephant,355166,1398
342623,Mouse,3528,64
342676,Mouse,3785,64
342942,Mouse,4942,70
342961,Mouse,3554,64
343003,Mouse,3018,64
343052,Mouse,5189,66
343119,Mouse,4161,68
343142,Mouse,5319,74
343205,Mouse,3762,66
343343,Mouse,4581,69
343352,Elephant,214024,691
343430,Mouse,4410,65
343492,Mouse,4332,69
343522,Mouse,4027,64
343526,Mouse,4003,66
343545,Mouse,4147,71
343641,Mouse,3388,67
343698,Mouse,5668,66
343719,Mouse,5088,71
343760,Elephant,405420,1011
343773,Mouse,4635,76
343774,Mouse,5831,79
343793,Mouse,4297,65
343817,Mouse,3719,72
343831,Mouse,3406,64
343861,Mouse,4554,65
343882,Mouse,3716,64
343894,Mouse,3302,64
343990,Mouse,4559,65
344027,Mouse,5702,66
344078,Mouse,3074,64
344143,Mouse,3767,64
344147,Mouse,3753,64
344290,Mouse,3980,64
344369,Mouse,5604,66
344406,Mouse,5393,65
344438,Mouse,4426,65
344497,Mouse,3082,64
344517,Mouse,3906,64
344628,Mouse,3064,64
344743,Mouse,3318,64
344755,Mouse,3690,64
344784,Mouse,5812,66
344824,Mouse,4884,73
344829,Mouse,3234,74
344874,Mouse,3950,65
344933,Elephant,151386,578
344976,Mouse,3848,65
345003,Mouse,5467,66
345430,Mouse,4092,68
345484,Mouse,3182,72
345493,Mouse,4190,72
345543,Elephant,136151,552
345547,Mouse,4178,73
345644,Mouse,5559,70
345666,Elephant,425638,1053
345706,Mouse,4215,71
345808,Mouse,3142,65
345811,Mouse,5254,67
345846,Mouse,4311,68
345876,Mouse,3310,67
345893,Mouse,4280,71
346144,Mouse,4877,77
346177,Mouse,3688,80
346253,Elephant,289509,855
346280,Mouse,3247,76
346320,Mouse,3351,70
346378,Mouse,4646,65
346491,Mouse,4869,72
346507,Elephant,378117,1004
346516,Mouse,4199,68
346590,Mouse,4871,67
346625,Mouse,5367,67
346686,Mouse,4971,65
346729,Mouse,3705,65
346747,Mouse,4841,68
346795,Mouse,4634,71
346808,Mouse,3698,67
346838,Mouse,5124,68
346853,Mouse,5226,73
346856,Mouse,5141,74
346865,Mouse,4389,76
346871,Mouse,5447,71
346911,Mouse,5602,72
346937,Mouse,5403,77
346945,Elephant,347052,948
346948,Mouse,4261,72
346953,Mouse,5742,68
346974,Mouse,4026,68
347006,Mouse,4159,69
347054,Mouse,3244,73
347156,Mouse,4272,65
347204,Mouse,4861,69
347206,Mouse,5643,69
347232,Mouse,5540,75
347252,Mouse,4519,75
347268,Mouse,5463,72
347329,Mouse,5470,71
347518,Mouse,4633,69
347592,Elephant,283566,833
347618,Elephant,207503,686
347703,Mouse,5422,65
347713,Mouse,4550,65
347719,Mouse,3238,64
347736,Mouse,3465,64
347761,Mouse,3175,69
347767,Mouse,4155,69
347824,Mouse,5369,65
347837,Mouse,5096,65
347900,Mouse,5628,69
347910,Mouse,5806,66
348028,Mouse,3304,70
348036,Mouse,5377,75
348120,Mouse,4412,71
348172,Mouse,5512,66
348223,Mouse,5398,66
348269,Mouse,3928,70
348401,Mouse,4443,81
348409,Mouse,4784,86
348434,Mouse,3675,92
348462,Mouse,5630,100
348478,Mouse,4633,110
348485,Elephant,33385,375
348517,Mouse,4268,107
348555,Mouse,5811,95
348668,Mouse,5091,71
348741,Elephant,322420,1048
348753,Mouse,5650,91
348757,Elephant,347827,1067
348836,Mouse,5664,68
348881,Mouse,3903,66
348888,Mouse,5592,68
348925,Mouse,3409,65
348961,Mouse,3989,66
348966,Mouse,3347,66
349077,Mouse,5223,65
349082,Mouse,3598,66
349095,Mouse,3373,70
349098,Mouse,3701,72
349244,Mouse,3800,64
349332,Mouse,5145,65
349387,Mouse,5228,69
349406,Mouse,5142,69
349546,Mouse,5216,70
349674,Mouse,3924,65
349777,Mouse,4959,70
349784,Mouse,4074,71
349793,Elephant,544089,1176
349856,Mouse,3396,66
349872,Mouse,4736,65
349907,Mouse,5277,65
349937,Mouse,5579,68
349943,Mouse,4396,70
350029,Mouse,3003,63
350049,Mouse,3086,64
350089,Mouse,5253,65
350109,Mouse,4779,66
350134,Mouse,3028,64
350162,Mouse,4710,65
350210,Mouse,3516,64
350290,Mouse,5280,66
350403,Mouse,5132,67
350411,Mouse,4241,67
350416,Mouse,4083,68
350428,Mouse,4626,65
350447,Mouse,4819,67
350490,Mouse,3488,65
350537,Mouse,3502,64
350610,Mouse,4196,64
350668,Mouse,3812,65
350722,Mouse,3144,64
350747,Mouse,3491,66
350943,Mouse,4220,64
350972,Mouse,5550,66
351217,Elephant,179474,627
351240,Mouse,3703,64
351283,Mouse,5429,66
351296,Mouse,3554,67
351304,Mouse,5133,65
351355,Mouse,3682,66
351357,Mouse,5375,68
351365,Mouse,3317,65
351367,Mouse,4867,67
351423,Mouse,5407,68
351452,Mouse,4784,65
351520,Mouse,4040,64
351540,Mouse,4769,65
351602,Mouse,3440,67
351611,Mouse,5419,71
351640,Mouse,3635,67
351658,Mouse,3619,64
351740,Mouse,3103,67
351846,Mouse,4781,65
351871,Mouse,3891,68
351893,Mouse,3584,64
351903,Mouse,3685,65
351937,Elephant,242820,751
352046,Mouse,3645,67
352240,Mouse,3843,64
352313,Elephant,235213,735
352360,Mouse,5010,65
352383,Mouse,4857,65
352394,Mouse,4261,65
352548,Mouse,5094,65
352597,Mouse,4954,65
352632,Mouse,4038,64
352698,Mouse,5496,66
352743,Mouse,3234,64
352777,Mouse,3296,64
352867,Mouse,3603,64
352889,Mouse,5105,65
353117,Mouse,4018,64
353256,Mouse,5167,65
353328,Mouse,5116,65
353596,Mouse,4715,65
353601,Mouse,5518,66
353656,Mouse,4624,65
353667,Mouse,3132,66
353690,Mouse,4993,65
353875,Mouse,4800,65
353959,Mouse,5134,65
354037,Mouse,5045,65
354065,Mouse,4593,69
354211,Mouse,3081,64
354278,Mouse,5450,70
354339,Mouse,3035,72
354350,Elephant,419454,1010
354506,Mouse,5444,66
354590,Mouse,3504,64
354625,Mouse,3216,64
354628,Mouse,3404,65
354643,Mouse,3551,64
354696,Mouse,3366,64
354717,Mouse,4438,65
354744,Mouse,5189,65
354754,Mouse,3067,64
354780,Mouse,5405,65
354930,Mouse,3945,64
355031,Mouse,5662,66
355070,Mouse,4021,64
355082,Mouse,3193,64
355143,Mouse,3744,68
355155,Mouse,4447,65
355216,Mouse,3465,64
355282,Mouse,3644,64
355313,Mouse,5534,70
355330,Mouse,5446,66
355347,Mouse,5177,65
355606,Mouse,3307,66
355624,Elephant,230416,722
355657,Mouse,4042,67
355692,Mouse,4869,68
355833,Mouse,3681,64
355976,Mouse,5785,66
355982,Mouse,4215,68
355984,Mouse,5378,69
356016,Mouse,3122,64
356041,Mouse,4651,69
356075,Mouse,5254,67
356094,Mouse,4932,73
356126,Mouse,4239,67
356140,Mouse,3006,70
356193,Mouse,4152,64
356237,Mouse,3212,64
356251,Mouse,5213,68
356260,Mouse,5499,69
356279,Mouse,3548,64
356416,Mouse,3286,64
356454,Mouse,3484,64
356467,Mouse,5437,68
356524,Mouse,4469,69
356539,Elephant,417917,999
356612,Mouse,3354,64
356664,Mouse,5183,68
356665,Mouse,4087,68
356764,Mouse,5023,65
356779,Mouse,4520,65
356818,Mouse,3375,64
356831,Mouse,5173,65
356836,Mouse,5056,65
356841,Mouse,5107,65
356907,Mouse,3804,64
356930,Mouse,4618,65
356942,Mouse,4315,65
356956,Mouse,5494,66
356973,Mouse,3951,65
356990,Mouse,4282,65
357008,Mouse,3660,64
357029,Mouse,5707,66
357080,Mouse,4863,65
357104,Mouse,5487,66
357335,Mouse,5520,66
357341,Mouse,4595,65
357397,Mouse,5115,65
357441,Mouse,3390,69
357486,Mouse,3178,64
357649,Mouse,3856,64
357654,Mouse,4907,65
357697,Mouse,5453,66
357708,Mouse,4966,65
357724,Mouse,4297,65
357747,Mouse,4455,65
357865,Mouse,3173,64
358012,Mouse,5002,65
358036,Mouse,4399,65
358105,Mouse,5351,66
358244,Mouse,4391,69
358366,Mouse,5668,73
358394,Mouse,3024,71
358480,Elephant,45492,295
358583,Elephant,144663,561
358600,Mouse,3531,70
358664,Elephant,516739,1228
358718,Mouse,4777,65
358817,Mouse,4875,65
359098,Mouse,3841,67
359215,Mouse,5235,65
359257,Mouse,4488,65
359369,Mouse,4164,67
359485,Mouse,4367,69
359506,Mouse,5608,71
359545,Mouse,5281,74
359619,Mouse,4308,69
359742,Mouse,4794,69
359844,Mouse,5714,66
359854,Elephant,593214,1306
359879,Mouse,4093,68
359925,Mouse,3274,64
359944,Mouse,4262,66
359946,Mouse,3435,67
360086,Mouse,3615,66
360192,Mouse,5333,68
360242,Mouse,4459,76
360284,Mouse,5822,92
360300,Mouse,3883,97
360340,Mouse,3749,102
360374,Mouse,4744,115
360385,Mouse,3303,112
360483,Mouse,3053,106
360494,Mouse,3082,101
360518,Mouse,4771,97
360525,Mouse,3841,92
360735,Mouse,5082,69
360749,Elephant,271722,1119
360770,Mouse,5645,72
360808,Mouse,4123,68
360816,Mouse,4042,71
360868,Mouse,3510,68
360911,Elephant,294686,1090
360969,Elephant,180075,1185
360998,Mouse,3247,64
361092,Mouse,3293,64
361132,Mouse,5503,66
361138,Mouse,3158,67
361139,Mouse,4066,68
361251,Mouse,5469,66
361290,Mouse,5796,66
361318,Mouse,3033,64
361379,Mouse,3766,64
361408,Mouse,3012,64
361495,Mouse,3315,64
361544,Mouse,3785,65
361546,Mouse,4525,67
361580,Mouse,4464,65
361589,Mouse,4977,67
361600,Mouse,5406,65
361613,Mouse,5651,66
361647,Mouse,3796,64
361670,Mouse,4260,67
361671,Mouse,4111,68
361717,Mouse,5399,69
361798,Mouse,3318,64
361851,Mouse,3753,64
361917,Mouse,4613,65
361961,Mouse,5310,66
361989,Mouse,5071,65
361995,Mouse,4061,64
362028,Mouse,4492,65
362059,Mouse,3292,64
362128,Mouse,3415,64
362146,Mouse,4396,69
362340,Mouse,5491,66
362373,Elephant,168716,600
362387,Mouse,5409,65
362455,Mouse,4111,64
362538,Mouse,5661,68
362608,Mouse,3320,64
362640,Mouse,5833,66
362780,Mouse,4025,64
362812,Mouse,4506,65
362959,Mouse,5351,67
363038,Mouse,3763,64
363051,Mouse,5498,70
363074,Mouse,5275,74
363111,Mouse,3080,71
363141,Mouse,5419,71
363145,Mouse,4473,72
363174,Mouse,3380,65
363179,Mouse,5443,69
363304,Mouse,5436,66
363319,Elephant,463021,1070
363385,Mouse,4702,65
363417,Mouse,4188,65
363489,Mouse,3040,64
363523,Mouse,4357,65
363663,Mouse,4445,65
363700,Mouse,5243,65
363873,Mouse,5737,66
363963,Mouse,3352,64
363967,Mouse,4755,66
363986,Mouse,5692,75
363999,Mouse,4167,77
364046,Mouse,3169,64
364147,Mouse,4013,68
364167,Elephant,342058,908
364175,Mouse,4655,68
364304,Mouse,5086,70
364386,Mouse,4581,69
364585,Mouse,5209,68
364645,Elephant,34151,240
364663,Elephant,132084,653
364705,Mouse,5258,67
364735,Mouse,5201,66
364755,Mouse,5122,67
364758,Mouse,5149,67
364817,Mouse,5556,71
364824,Mouse,3147,68
364836,Mouse,5480,71
364893,Mouse,5733,69
364968,Mouse,5450,79
364977,Mouse,5790,83
365052,Elephant,499531,201517
365085,Mouse,5000,69
365102,Mouse,4702,65
365155,Mouse,5809,68
365167,Mouse,3960,70
365188,Mouse,5502,66
365309,Mouse,5107,71
365312,Mouse,3079,71
365367,Mouse,5016,73
365477,Mouse,4857,69
365537,Mouse,3872,69
365578,Elephant,215253,745
365650,Mouse,5503,71
365653,Mouse,3807,72
365672,Mouse,3438,74
365775,Elephant,418290,201484
365838,Mouse,4862,66
365903,Mouse,3551,71
365950,Mouse,5323,74
365976,Mouse,3414,66
366043,Mouse,4512,78
366187,Mouse,4391,88
366345,Mouse,5368,97
366378,Mouse,5699,85
366419,Mouse,3015,69
366429,Mouse,4966,75
366452,Mouse,5515,68
366517,Mouse,3684,78
366529,Mouse,4753,75
366674,Mouse,4027,90
366677,Mouse,4679,92
366696,Mouse,3077,96
366707,Mouse,3395,101
366802,Mouse,5231,104
366878,Mouse,3481,73
366977,Mouse,4724,66
366998,Mouse,4425,73
367048,Mouse,3580,76
367162,Elephant,425923,1658
367188,Mouse,4575,84
367272,Mouse,4647,71
367282,Mouse,4174,74
367283,Mouse,5811,77
367300,Mouse,5592,80
367311,Mouse,3348,82
367415,Mouse,3609,68
367461,Mouse,3696,75
367484,Elephant,148908,1091
367503,Mouse,4622,83
367586,Mouse,3652,72
367603,Elephant,578607,2042
367800,Elephant,538967,2083
367895,Mouse,4558,65
367977,Mouse,5225,70
368032,Mouse,4240,66
368102,Mouse,5218,72
368130,Elephant,544884,2176
368232,Mouse,3531,64
368317,Mouse,3032,64
368361,Mouse,4368,66
368433,Mouse,5349,67
368508,Mouse,3881,68
368602,Elephant,381181,951
368691,Mouse,4048,66
368705,Mouse,4660,65
368749,Mouse,5246,66
368928,Mouse,3968,64
368989,Elephant,65774,362
369002,Elephant,59661,329
369017,Mouse,3220,64
369028,Mouse,3932,64
369126,Mouse,5356,65
369185,Mouse,4302,65
369199,Mouse,4966,65
369203,Mouse,3656,64
369288,Mouse,3376,64
369324,Mouse,3813,64
369342,Mouse,4802,65
369348,Mouse,4750,65
369356,Mouse,4291,65
369450,Mouse,3130,64
369485,Mouse,4624,65
369525,Mouse,5541,66
369806,Mouse,4797,65
369877,Mouse,4729,65
369887,Mouse,4528,65
369894,Mouse,3661,64
369925,Mouse,3069,64
369940,Mouse,5029,65
369952,Mouse,5190,65
370129,Mouse,3761,64
370149,Mouse,4039,64
370183,Mouse,4929,66
370272,Elephant,52684,200470
370353,Mouse,4947,65
370475,Mouse,4688,68
370476,Mouse,5836,70
370489,Mouse,4111,64
370620,Mouse,4247,64
370630,Mouse,4325,65
370675,Mouse,3478,65
370683,Mouse,5708,66
370699,Mouse,3979,66
370703,Mouse,3761,64
370850,Mouse,5354,65
370865,Elephant,85059,410
370911,Mouse,4540,65
371102,Mouse,5036,65
371210,Mouse,3739,64
371248,Mouse,4270,65
371339,Mouse,3629,64
371421,Mouse,3961,64
371458,Mouse,5045,70
371706,Mouse,3972,71
371721,Mouse,3048,67
371759,Mouse,3603,64
371834,Mouse,4867,71
371884,Mouse,4131,73
371948,Mouse,5110,81
371953,Mouse,3645,83
371980,Mouse,4087,90
371997,Mouse,4900,96
372108,Mouse,4227,90
372114,Mouse,4649,94
372175,Mouse,5529,92
372266,Elephant,412673,1133
372325,Mouse,3584,64
372435,Mouse,5571,70
372454,Mouse,3206,68
372496,Elephant,236210,1059
372504,Mouse,5196,65
372587,Mouse,3074,64
372620,Mouse,5515,68
372629,Mouse,5040,70
372639,Mouse,4729,65
372758,Mouse,3505,67
372853,Mouse,3316,68
372957,Mouse,4330,82
372974,Elephant,442071,1477
373094,Mouse,5791,69
373096,Elephant,50570,303
373259,Mouse,3203,69
373465,Mouse,3520,67
373512,Mouse,4455,77
373733,Mouse,4651,84
373745,Mouse,5031,89
373753,Mouse,3005,90
373999,Mouse,4204,88
374005,Mouse,4618,93
374021,Mouse,4993,95
374045,Elephant,430180,1443
374355,Mouse,3776,70
374362,Elephant,507196,1685
374372,Mouse,4340,69
374484,Mouse,4892,70
374489,Mouse,4016,67
374545,Mouse,3106,64
374585,Mouse,4847,68
374661,Mouse,3854,65
374748,Mouse,5348,68
374792,Mouse,5462,69
374798,Mouse,4283,77
374864,Mouse,5369,71
375022,Mouse,4000,71
375037,Mouse,5250,75
375047,Mouse,3522,75
375072,Elephant,552546,1490
375175,Mouse,4467,65
375319,Mouse,3226,64
375547,Mouse,3534,67
375583,Mouse,5222,69
375618,Mouse,3664,74
375659,Mouse,3028,73
375772,Mouse,5789,69
375813,Mouse,5079,69
375869,Mouse,3712,66
375878,Mouse,3587,65
375888,Mouse,4539,71
375915,Mouse,3302,76
375970,Elephant,173228,706
375979,Mouse,4689,67
376004,Mouse,3534,69
376031,Mouse,4137,67
376097,Mouse,3515,76
376098,Mouse,5380,79
376101,Mouse,4971,81
376130,Mouse,4338,75
376131,Mouse,4896,76
376135,Elephant,488334,1326
376183,Mouse,3277,64
376234,Mouse,4265,65
376328,Mouse,4151,67
376429,Mouse,4442,65
376515,Mouse,3162,64
376549,Mouse,3927,67
376561,Mouse,5261,66
376581,Mouse,5014,65
376651,Mouse,5121,69
376671,Mouse,4117,66
376700,Mouse,3686,68
376738,Mouse,4132,69
376814,Elephant,249335,925
376919,Mouse,4676,65
376991,Mouse,3927,65
377150,Mouse,5457,66
377282,Mouse,5365,65
377298,Elephant,222287,715
377344,Mouse,4417,65
377393,Mouse,5802,68
377395,Mouse,5431,68
377399,Mouse,5334,69
377555,Mouse,3894,64
377628,Mouse,5170,69
377661,Mouse,4835,65
377807,Mouse,3583,64
377814,Mouse,4756,71
377870,Mouse,4909,65
377887,Mouse,5730,71
377912,Mouse,3618,64
378104,Mouse,5130,68
378118,Mouse,4188,73
378191,Mouse,4892,65
378202,Mouse,3617,70
378212,Elephant,157257,595
378359,Mouse,4308,65
378380,Mouse,3865,65
378422,Mouse,5607,70
378444,Mouse,5811,66
378600,Mouse,3926,68
378602,Elephant,417939,1044
378710,Mouse,4594,65
378724,Mouse,3657,64
378736,Mouse,4577,65
378749,Mouse,5519,66
378771,Mouse,3984,67
378773,Mouse,4977,69
378783,Mouse,3501,64
378843,Mouse,3046,64
378893,Mouse,5483,71
378895,Mouse,4022,69
378994,Mouse,3419,64
379104,Mouse,4762,66
379130,Mouse,4358,65
379256,Mouse,5747,66
379295,Mouse,4934,65
379381,Mouse,3880,64
379416,Mouse,5696,70
379464,Elephant,182650,638
379558,Mouse,3812,64
379583,Mouse,3295,64
379600,Mouse,4904,68
379601,Mouse,4788,68
379718,Mouse,4320,65
379756,Mouse,4693,65
379760,Mouse,3994,65
379780,Mouse,3489,64
379867,Mouse,3290,64
379884,Mouse,5773,66
379921,Mouse,5726,66
379968,Mouse,3476,64
380095,Mouse,3105,64
380169,Mouse,4798,67
380242,Mouse,5349,65
380296,Mouse,4722,70
380327,Mouse,3644,65
380330,Mouse,5573,68
380377,Mouse,3260,70
380381,Mouse,5731,74
380384,Mouse,4779,74
380500,Mouse,5565,75
380515,Mouse,3545,67
380572,Elephant,220273,727
380663,Mouse,5016,68
380787,Elephant,189454,646
380817,Mouse,3441,64
380852,Mouse,5618,66
380876,Mouse,5755,68
381080,Mouse,4266,65
381109,Mouse,3162,66
381125,Mouse,3959,65
381198,Mouse,5800,68
381270,Elephant,306286,856
381278,Mouse,3660,64
381350,Mouse,4998,65
381354,Mouse,4312,65
381369,Mouse,5189,68
381370,Mouse,4293,68
381461,Mouse,5607,66
381478,Mouse,4721,65
381579,Mouse,3253,64
381601,Mouse,4730,65
381630,Mouse,5508,69
381631,Mouse,5739,70
381646,Mouse,5546,67
382054,Mouse,3283,69
382098,Mouse,4260,74
382154,Elephant,55418,387
382290,Mouse,3104,74
382355,Mouse,4309,79
382518,Elephant,481407,1159
382528,Mouse,3478,98
382532,Mouse,3579,98
382550,Mouse,3883,104
382600,Mouse,5727,96
382872,Mouse,5245,68
382913,Mouse,5238,78
383018,Mouse,5488,77
383085,Mouse,3386,83
383123,Mouse,3860,90
383181,Mouse,4260,86
383190,Mouse,3262,87
383207,Elephant,402189,1610
383208,Mouse,4460,89
383213,Mouse,3188,86
383268,Elephant,279618,1307
383324,Mouse,4855,65
383417,Mouse,5224,70
383453,Mouse,5497,66
383504,Mouse,5281,65
383531,Mouse,4887,68
383534,Elephant,98448,677
383588,Mouse,4188,64
383595,Mouse,3419,64
383612,Mouse,5006,67
383780,Mouse,3795,65
384041,Mouse,4150,66
384061,Mouse,3167,64
384091,Mouse,4745,65
384098,Mouse,3714,64
384104,Mouse,4700,68
384122,Mouse,5178,67
384127,Mouse,5344,68
384196,Mouse,5467,69
384205,Mouse,3413,66
384233,Mouse,3002,64
384244,Mouse,4502,65
384346,Mouse,3897,66
384363,Mouse,3353,67
384377,Mouse,4917,65
384396,Mouse,3970,64
384586,Mouse,3989,67
384620,Mouse,5648,69
384668,Elephant,177644,632
384710,Mouse,4634,65
384806,Mouse,3034,64
384829,Mouse,5687,70
384847,Mouse,4179,75
384919,Elephant,156031,595
384921,Mouse,3357,66
385009,Mouse,4420,65
385041,Mouse,3765,67
385061,Mouse,4556,66
385077,Mouse,5501,66
385137,Mouse,4678,69
385150,Mouse,4851,67
385272,Mouse,4057,68
385278,Mouse,3058,70
385292,Mouse,4698,66
385338,Mouse,3893,76
385396,Mouse,4234,65
385486,Mouse,5074,70
385585,Elephant,448911,1045
385632,Mouse,3107,65
385699,Mouse,4197,64
385704,Mouse,4903,66
385779,Mouse,4575,65
385964,Mouse,4160,64
386065,Mouse,5135,65
386120,Mouse,4150,64
386188,Mouse,4078,64
386191,Mouse,3008,64
386368,Mouse,4047,64
386449,Mouse,5202,65
386503,Mouse,4301,65
386555,Mouse,4728,65
386616,Mouse,4444,65
386631,Mouse,5049,65
386691,Mouse,5173,65
386723,Mouse,4209,64
386758,Mouse,4421,65
386828,Mouse,4263,65
386974,Mouse,4242,64
387080,Mouse,3242,64
387163,Mouse,5790,66
387281,Mouse,3901,67
387371,Mouse,5204,68
387558,Mouse,3367,67
387594,Mouse,4883,69
387613,Mouse,5357,67
387651,Mouse,4329,72
387659,Mouse,4611,74
387708,Mouse,5233,71
387765,Mouse,4193,66
387813,Mouse,4836,70
387866,Elephant,409955,993
388040,Mouse,5448,66
388073,Mouse,5482,70
388093,Mouse,4562,65
388108,Mouse,3039,66
388156,Elephant,60774,327
388183,Mouse,4730,65
388194,Mouse,3648,64
388246,Mouse,3297,64
388295,Mouse,3717,64
388313,Mouse,5106,65
388436,Mouse,5686,66
388553,Mouse,5497,66
388734,Mouse,3942,64
388811,Mouse,4063,66
388859,Mouse,5009,65
388883,Mouse,4567,65
388942,Mouse,3311,64
389048,Mouse,3966,67
389053,Mouse,3513,64
389095,Mouse,4799,68
389160,Mouse,5677,70
389404,Mouse,5259,72
389511,Mouse,5000,73
389537,Mouse,3361,76
389560,Elephant,309789,864
389653,Mouse,5799,66
389671,Mouse,4015,67
389681,Mouse,4386,71
389756,Mouse,4267,69
389767,Mouse,5801,72
389792,Elephant,395884,984
389929,Mouse,3535,64
390018,Mouse,3576,64
390033,Mouse,3447,64
390043,Mouse,4508,65
390052,Mouse,4616,65
390083,Mouse,5839,66
390375,Mouse,5834,66
390409,Mouse,3269,64
390481,Mouse,4344,68
390482,Mouse,5178,69
390642,Mouse,5198,65
390651,Mouse,3820,64
390776,Mouse,5545,66
390931,Mouse,4859,65
390986,Elephant,178475,630
390989,Mouse,3453,70
390989,Mouse,5241,72
390994,Mouse,3775,67
391034,Mouse,5431,72
391089,Mouse,3978,64
391165,Mouse,4850,65
391303,Mouse,4524,65
391334,Mouse,3123,64
391337,Mouse,4144,65
391357,Mouse,3402,64
391389,Mouse,4036,64
391391,Mouse,3004,64
391402,Mouse,5023,66
391546,Mouse,3346,64
391617,Mouse,4293,65
391659,Mouse,4016,65
391880,Mouse,4400,65
391964,Mouse,3856,68
391979,Mouse,3141,64
392010,Mouse,5248,71
392069,Mouse,3453,69
392116,Mouse,5019,71
392137,Mouse,4036,68
392165,Mouse,5109,66
392265,Mouse,4995,72
392266,Mouse,5658,72
392321,Mouse,5821,78
392369,Mouse,4952,74
392386,Mouse,4035,78
392407,Mouse,3095,77
392461,Mouse,5079,77
392494,Mouse,3065,71
392543,Mouse,4456,78
392609,Elephant,368225,972
392777,Mouse,4884,65
392833,Elephant,457869,1100
392857,Mouse,5449,66
392921,Mouse,5554,66
392947,Mouse,3556,64
392969,Mouse,3391,64
393034,Mouse,4347,65
393096,Mouse,3367,64
393176,Mouse,3819,64
393209,Mouse,5770,67
393212,Mouse,4689,67
393286,Mouse,5623,66
393468,Mouse,5218,65
393485,Mouse,3607,67
393494,Mouse,3276,65
393839,Mouse,3459,66
393856,Mouse,5273,74
394063,Mouse,4669,68
394104,Mouse,4721,75
394285,Mouse,3917,76
394294,Mouse,3842,80
394300,Mouse,4592,78
394322,Mouse,4785,84
394364,Mouse,5046,84
394380,Mouse,3749,87
394398,Elephant,534332,1236
394401,Mouse,5471,84
394508,Mouse,4698,70
394579,Mouse,4947,65
394788,Mouse,5776,88
394807,Mouse,4372,93
394831,Mouse,5122,100
394866,Mouse,3207,108
394966,Mouse,3019,86
395028,Mouse,5409,70
395078,Mouse,4708,75
395129,Mouse,3572,78
395187,Mouse,3099,95
395205,Mouse,4329,95
395286,Mouse,5244,91
395300,Mouse,4804,86
395477,Elephant,556811,1875
395481,Mouse,3101,93
395530,Mouse,5276,88
395605,Mouse,4978,72
395606,Mouse,5607,73
395652,Mouse,3141,74
395724,Mouse,4150,71
395771,Mouse,3458,77
395774,Mouse,4034,79
395837,Mouse,3394,88
395838,Mouse,5144,90
395850,Mouse,3893,93
395865,Mouse,3174,100
395866,Mouse,5474,102
395952,Mouse,3655,97
395966,Mouse,4444,79
396005,Mouse,3766,72
396184,Mouse,4313,92
396249,Elephant,507043,2115
396260,Mouse,4983,97
396299,Elephant,120310,790
396337,Mouse,3588,77
396343,Mouse,4762,75
396347,Mouse,3917,74
396358,Mouse,3197,80
396383,Mouse,3008,85
396457,Mouse,5189,83
396506,Mouse,5645,83
396708,Elephant,514506,2801
396927,Mouse,3897,76
396958,Elephant,134559,742
396969,Mouse,3537,80
397204,Mouse,3146,98
397229,Mouse,3401,105
397339,Mouse,4317,88
397345,Mouse,3429,91
397441,Mouse,4972,96
397444,Mouse,4999,98
397471,Mouse,4951,99
397516,Mouse,4470,99
397530,Elephant,240593,1621
397554,Elephant,506321,2937
397581,Mouse,4282,79
397604,Mouse,3630,78
397699,Mouse,3880,79
397903,Mouse,4870,83
398141,Mouse,5228,101
398195,Mouse,4607,106
398217,Mouse,3818,104
398271,Mouse,5495,100
398298,Mouse,5165,107
398311,Mouse,4775,107
398344,Mouse,5145,102
398360,Mouse,3565,103
398403,Mouse,4548,102
398434,Mouse,3688,87
398463,Mouse,5770,79
398578,Mouse,5610,76
398607,Mouse,3298,84
398809,Mouse,4770,86
398850,Mouse,4620,89
398892,Mouse,5215,95
399020,Mouse,5387,117
399048,Mouse,5265,104
399059,Mouse,3241,107
399099,Mouse,4924,107
399139,Mouse,4158,92
399158,Mouse,4667,88
399295,Mouse,5738,78
399333,Mouse,5782,76
399398,Mouse,4986,71
399485,Mouse,3694,66
399517,Mouse,3476,70
399678,Mouse,3989,65
399701,Mouse,3311,73
399779,Mouse,3080,69
399858,Mouse,3617,71
399956,Mouse,4335,75
399962,Mouse,3998,79
400030,Mouse,3867,84
400106,Mouse,3493,79
400154,Mouse,4461,84
400170,Mouse,3822,83
400185,Mouse,3168,88
400218,Mouse,4161,87
400307,Elephant,478698,1696
400371,Mouse,5086,68
400412,Mouse,3008,66
400426,Mouse,3024,70
400568,Mouse,4314,69
400678,Mouse,5144,68
400713,Mouse,3456,69
400715,Mouse,4871,72
400758,Mouse,5334,81
400763,Mouse,3079,82
400939,Mouse,4505,81
400956,Mouse,3941,83
401071,Mouse,5298,78
401153,Mouse,4983,79
401230,Elephant,327319,1389
401349,Mouse,3577,73
401381,Mouse,5345,77
401481,Mouse,3192,76
401707,Elephant,442970,1393
401724,Mouse,4339,90
401755,Mouse,3210,79
401909,Mouse,3462,77
401921,Mouse,4070,77
401925,Elephant,261225,907
401931,Mouse,4585,74
401936,Mouse,3613,74
402122,Mouse,3081,66
402139,Mouse,4015,76
402152,Mouse,4545,66
402198,Elephant,206463,924
402403,Mouse,3557,68
402556,Elephant,396430,1365
402557,Mouse,5020,68
402705,Mouse,3303,64
402712,Mouse,4789,67
402867,Mouse,4646,66
402873,Mouse,5096,65
402944,Mouse,5521,66
402981,Mouse,4808,65
403080,Mouse,5149,66
403192,Mouse,3532,64
403243,Mouse,4525,65
403258,Mouse,4454,65
403319,Mouse,4210,66
403334,Mouse,3569,65
403350,Mouse,3931,66
403404,Mouse,4585,65
403574,Mouse,3186,64
403683,Mouse,3860,65
403914,Mouse,5414,67
403999,Mouse,3137,67
404006,Mouse,4571,65
404035,Mouse,3314,67
404051,Mouse,4381,65
404106,Mouse,5209,65
404202,Mouse,3701,65
404219,Mouse,3293,66
404267,Mouse,4177,68
404355,Mouse,4947,65
404363,Mouse,3199,64
404402,Mouse,3453,64
404454,Mouse,5793,66
404462,Mouse,5093,69
404474,Mouse,3715,70
404501,Elephant,398563,1052
404515,Mouse,3439,68
404527,Mouse,4422,71
404536,Mouse,5228,68
404560,Mouse,4027,64
404728,Mouse,3753,64
404816,Mouse,4457,65
405028,Mouse,3533,74
405048,Mouse,5141,82
405061,Mouse,4123,75
405129,Mouse,4616,79
405140,Mouse,4916,83
405173,Mouse,5069,80
405197,Mouse,4615,90
405202,Mouse,4516,92
405400,Mouse,5050,75
405415,Elephant,263897,952
405484,Mouse,5803,76
405562,Mouse,4397,78
405758,Mouse,5517,97
405793,Elephant,366148,1149
405796,Elephant,126875,632
405832,Mouse,5123,81
405854,Mouse,3163,66
405891,Mouse,4610,65
405926,Mouse,4851,65
405942,Mouse,3834,67
406003,Mouse,4145,69
406011,Mouse,5289,70
406036,Mouse,3214,67
406068,Mouse,4613,65
406115,Mouse,3030,67
406140,Mouse,3883,67
406198,Mouse,4317,65
406221,Mouse,3401,67
406229,Mouse,4127,70
406277,Elephant,412548,1668
406345,Mouse,5648,69
406486,Mouse,4324,72
406553,Mouse,5413,75
406565,Mouse,3236,74
406579,Mouse,3996,75
406599,Mouse,5198,80
406658,Mouse,3508,82
406684,Mouse,3384,73
406702,Elephant,462382,1642
406739,Mouse,4157,68
406917,Mouse,5095,72
407026,Mouse,4765,69
407094,Mouse,4253,66
407121,Mouse,5712,68
407141,Mouse,5237,70
407169,Elephant,179066,845
407170,Mouse,5269,73
407192,Mouse,4912,73
407261,Elephant,265933,1053
407296,Mouse,4389,65
407487,Mouse,4158,64
407502,Elephant,125232,555
407534,Mouse,5527,66
407586,Mouse,4558,65
407598,Mouse,5149,65
407625,Mouse,5624,66
407648,Mouse,5708,68
407650,Mouse,5202,69
407694,Mouse,3162,66
407740,Mouse,3713,64
407746,Mouse,5596,66
407763,Mouse,5010,65
407789,Mouse,5237,66
407825,Mouse,3625,64
408046,Mouse,5122,65
408170,Mouse,3923,64
408421,Mouse,3133,64
408432,Mouse,4698,66
408444,Mouse,4383,68
408460,Mouse,3708,69
408558,Mouse,3402,64
408583,Mouse,5822,71
408613,Mouse,5405,70
408635,Mouse,5020,74
408694,Mouse,5489,72
408810,Mouse,3288,68
408827,Mouse,4624,73
408903,Mouse,4568,74
408908,Mouse,3640,76
408991,Mouse,4672,98
409015,Mouse,4915,98
409060,Mouse,4258,96
409096,Elephant,492893,1145
409139,Mouse,3640,69
409169,Elephant,55199,376
409170,Mouse,3396,66
409177,Mouse,3277,64
409244,Mouse,3457,66
409291,Mouse,4789,65
409343,Mouse,4039,64
409375,Mouse,5500,70
409427,Mouse,4347,69
409445,Mouse,4617,65
409467,Mouse,3768,67
409472,Mouse,3208,69
409488,Mouse,5723,66
409593,Elephant,323103,1267
409671,Mouse,5714,67
409732,Mouse,5142,65
409787,Mouse,4861,65
409829,Mouse,3919,64
410058,Mouse,5330,67
410061,Mouse,5670,67
410092,Mouse,5106,65
410152,Mouse,3788,65
410406,Mouse,5582,70
410461,Mouse,5336,67
410499,Mouse,4164,66
410524,Mouse,5414,65
410552,Mouse,4886,65
410616,Mouse,3394,67
410625,Mouse,3141,70
410671,Mouse,5483,71
410708,Mouse,3179,67
410717,Mouse,5650,70
410720,Elephant,118413,512
410809,Mouse,5454,70
410859,Mouse,3897,65
410881,Mouse,4533,69
411002,Mouse,4478,70
411004,Mouse,3817,70
411105,Mouse,3426,66
411119,Mouse,3917,67
411214,Mouse,4004,72
411242,Mouse,4524,80
411277,Mouse,4887,89
411399,Mouse,4602,92
411411,Mouse,4763,97
411417,Mouse,4119,87
411459,Mouse,4479,91
411460,Mouse,5547,93
411539,Mouse,4995,74
411637,Mouse,3237,80
411640,Elephant,246984,953
411694,Mouse,5613,77
411720,Mouse,4958,83
411737,Mouse,4928,78
411763,Elephant,35216,262
411777,Mouse,3512,79
411805,Mouse,4442,76
411893,Mouse,3448,67
411900,Mouse,4359,70
411933,Mouse,3014,68
412050,Elephant,279737,1235
412076,Mouse,5539,67
412079,Mouse,5819,67
412100,Mouse,5458,66
412104,Mouse,4605,65
412152,Mouse,4053,64
412162,Mouse,5030,65
412255,Mouse,3183,66
412256,Mouse,4044,67
412389,Mouse,3482,64
412417,Mouse,4190,66
412418,Mouse,3044,65
412555,Mouse,4158,64
412591,Mouse,5053,65
412664,Mouse,4766,65
412673,Mouse,5581,66
412697,Mouse,3969,67
412756,Mouse,5268,65
412788,Mouse,4140,64
412808,Mouse,5341,65
412837,Mouse,4552,68
412942,Mouse,5338,65
412946,Mouse,4551,65
412969,Mouse,3491,70
413027,Mouse,3440,75
413104,Mouse,5139,70
413177,Mouse,3404,72
413182,Elephant,86807,424
413191,Mouse,5556,75
413203,Mouse,5204,75
413216,Elephant,265738,803
413225,Mouse,4754,73
413248,Mouse,4159,75
413315,Mouse,5286,65
413328,Mouse,5237,70
413381,Elephant,107361,482
413439,Mouse,3580,67
413449,Mouse,4859,66
413495,Mouse,5445,70
413516,Mouse,5761,66
413626,Mouse,4056,64
413654,Mouse,4895,69
413714,Mouse,3287,64
413751,Mouse,4392,69
413819,Mouse,4202,75
414018,Mouse,5806,93
414177,Mouse,3351,109
414230,Elephant,400060,1272
414262,Mouse,3629,86
414369,Mouse,5005,67
414421,Mouse,3001,71
414422,Mouse,3077,70
414495,Mouse,4936,78
414500,Mouse,5677,82
414732,Elephant,64728,376
414830,Mouse,4579,86
414943,Mouse,3432,71
414967,Mouse,3035,77
414989,Elephant,491697,1634
414996,Mouse,3354,76
415048,Mouse,5722,76
415119,Mouse,4676,82
415119,Mouse,3213,80
415128,Mouse,5496,82
415210,Mouse,3701,73
415443,Elephant,491066,1757
415472,Mouse,5371,81
415521,Mouse,5237,73
415529,Mouse,3312,73
415561,Mouse,3643,65
415568,Mouse,4555,71
415579,Mouse,3618,70
415825,Elephant,484809,1483
415878,Mouse,3465,66
415888,Mouse,3857,64
415969,Mouse,4727,65
415977,Mouse,4209,64
416025,Mouse,4629,65
416121,Mouse,3269,64
416158,Mouse,3228,75
416160,Mouse,5049,78
416191,Mouse,3821,72
416258,Mouse,4653,72
416281,Mouse,4336,71
416328,Mouse,3428,79
416359,Mouse,3088,79
416365,Mouse,3323,81
416416,Mouse,4123,85
416521,Mouse,5610,89
416555,Mouse,4941,98
416653,Mouse,4689,120
416830,Mouse,4364,69
416900,Mouse,3126,70
417011,Mouse,3626,70
417024,Mouse,5735,77
417037,Elephant,324081,1278
417112,Mouse,3479,71
417120,Mouse,4819,73
417164,Mouse,3180,76
417171,Mouse,4609,81
417182,Mouse,4620,86
417229,Mouse,5306,87
417356,Mouse,3885,64
417394,Mouse,3721,71
417406,Mouse,5091,66
417530,Mouse,3617,73
417598,Mouse,4055,82
417852,Mouse,4464,84
417909,Mouse,3102,89
417982,Mouse,5435,82
418015,Mouse,5627,83
418022,Mouse,3568,83
418032,Mouse,4714,83
418143,Mouse,4318,84
418175,Mouse,4653,87
418190,Mouse,5539,94
418237,Mouse,3681,90
418271,Mouse,3410,82
418272,Mouse,5518,86
418320,Elephant,396546,1516
418419,Mouse,3142,67
418459,Mouse,3053,67
418584,Elephant,564286,1940
418589,Mouse,4144,65
418614,Mouse,3227,69
418618,Mouse,3830,72
418630,Mouse,5611,77
418675,Mouse,3017,76
418954,Mouse,3128,67
419065,Elephant,369728,1476
419100,Mouse,4125,66
419181,Mouse,4314,66
419229,Mouse,5724,68
419346,Mouse,5725,66
419415,Mouse,3762,65
419548,Mouse,3011,64
419605,Mouse,4276,66
419616,Mouse,3557,66
419617,Mouse,5668,69
419672,Mouse,5441,66
419785,Mouse,5046,69
419810,Mouse,3637,65
419840,Mouse,5248,67
419970,Mouse,4208,64
419983,Mouse,5262,67
420055,Mouse,4902,75
420110,Mouse,3964,79
420123,Mouse,3432,67
420211,Mouse,4031,72
420255,Mouse,3901,80
420261,Elephant,173675,643
420268,Mouse,5694,73
420300,Mouse,3094,83
420312,Mouse,4304,88
420320,Mouse,5074,72
420394,Mouse,4928,67
420402,Mouse,3178,66
420452,Mouse,4294,66
420512,Elephant,260414,799
420551,Mouse,5676,66
420586,Mouse,3769,67
420630,Mouse,4918,69
420888,Mouse,3501,68
421093,Mouse,4745,80
421109,Mouse,4922,86
421160,Mouse,5089,85
421172,Mouse,4353,78
421601,Mouse,3683,92
421637,Elephant,489087,1609
421654,Mouse,4693,92
421676,Mouse,5483,90
421758,Mouse,3240,71
421874,Mouse,3890,72
421895,Mouse,3465,75
422000,Mouse,3003,80
422015,Mouse,4709,79
422094,Mouse,4891,89
422096,Mouse,3818,86
422103,Elephant,570633,1737
422122,Mouse,3930,72
422161,Mouse,3434,82
422163,Mouse,5218,81
422299,Mouse,5678,68
422359,Mouse,3290,75
422405,Elephant,63779,409
422425,Mouse,3091,72
422544,Mouse,3404,72
422568,Mouse,3403,72
422576,Mouse,3871,78
422654,Elephant,350027,1334
422675,Mouse,4307,79
422686,Mouse,5684,83
422703,Mouse,3614,74
422758,Mouse,4168,77
422946,Mouse,3486,84
422979,Mouse,3057,81
423010,Mouse,4003,83
423040,Mouse,3915,84
423068,Mouse,5341,89
423176,Mouse,3076,75
423213,Mouse,4291,78
423219,Elephant,474583,1955
423246,Mouse,3147,80
423256,Mouse,3087,79
423263,Mouse,5510,81
423308,Mouse,3668,65
423315,Mouse,5767,69
423337,Mouse,3549,76
423352,Mouse,3674,74
423356,Mouse,3993,76
423415,Mouse,4992,78
423425,Mouse,4838,81
423518,Mouse,4971,88
423544,Mouse,3528,78
423558,Elephant,370456,1780
423655,Mouse,4919,66
423698,Mouse,4447,74
423773,Mouse,4061,75
423777,Mouse,5037,78
423810,Mouse,5068,87
423821,Mouse,5785,94
423888,Mouse,4694,89
424135,Elephant,236890,1422
424162,Mouse,3036,80
424240,Elephant,171469,1128
424397,Mouse,5097,95
424398,Mouse,5516,95
424419,Mouse,4074,97
424459,Mouse,4931,110
424502,Elephant,494554,1910
424515,Mouse,5123,93
424538,Mouse,3574,90
424543,Elephant,184890,1049
424563,Mouse,5802,74
424692,Mouse,4122,65
424776,Mouse,3670,65
424779,Mouse,3098,64
424987,Mouse,3249,71
424990,Mouse,4627,73
425072,Mouse,4369,71
425105,Mouse,4527,70
425151,Mouse,5402,73
425187,Mouse,3417,72
425249,Mouse,3071,71
425275,Mouse,4950,78
425293,Mouse,5220,78
425305,Mouse,5179,84
425317,Mouse,3743,89
425473,Elephant,95675,511
425525,Mouse,3132,82
425798,Mouse,3221,91
425815,Elephant,572213,1645
426041,Mouse,4246,79
426061,Mouse,5175,77
426097,Mouse,4315,84
426142,Mouse,5200,90
426153,Mouse,4434,89
426198,Mouse,3920,96
426240,Mouse,3024,94
426283,Mouse,5711,81
426296,Mouse,5680,81
426333,Mouse,5049,71
426425,Mouse,4353,68
426460,Mouse,3542,72
426540,Mouse,5732,73
426555,Mouse,3508,76
426598,Mouse,4240,82
426765,Mouse,5790,79
426850,Mouse,5090,84
426972,Mouse,3187,77
427051,Mouse,5303,89
427068,Mouse,4725,93
427150,Mouse,3762,77
427169,Elephant,477617,2153
427230,Mouse,3668,73
427248,Mouse,4821,78
427262,Mouse,4629,69
427310,Mouse,4028,73
427331,Mouse,4655,81
427522,Mouse,5502,90
427557,Mouse,5001,96
427682,Elephant,558288,2308
427722,Mouse,4358,75
427796,Mouse,5027,73
427838,Elephant,440122,1932
427929,Elephant,475537,2131
427958,Mouse,5239,67
428068,Mouse,4432,65
428117,Mouse,4653,66
428149,Mouse,3002,63
428180,Mouse,3630,65
428197,Mouse,3326,64
428224,Mouse,5581,69
428263,Mouse,3914,66
428289,Mouse,3192,64
428395,Mouse,4806,65
428432,Mouse,4365,69
428478,Mouse,5205,74
428498,Mouse,3485,66
428523,Mouse,3960,64
428532,Elephant,197301,670
428579,Elephant,51900,319
428684,Mouse,4819,65
428848,Mouse,4430,65
428868,Mouse,5785,67
428870,Mouse,3196,66
429014,Mouse,4044,64
429151,Mouse,4763,65
429181,Mouse,5784,66
429256,Mouse,3220,64
429299,Mouse,5343,65
429308,Mouse,3030,64
429338,Mouse,3838,64
429352,Mouse,4705,66
429411,Mouse,4562,65
429546,Mouse,3584,64
429570,Mouse,4270,65
429595,Mouse,3443,64
429655,Mouse,4241,64
429713,Mouse,3072,64
429728,Mouse,3425,64
429777,Mouse,5472,66
429803,Mouse,4925,65
429817,Mouse,4457,65
429926,Mouse,4815,65
429976,Mouse,5585,66
430055,Mouse,4047,64
430068,Mouse,4135,64
430079,Mouse,4213,65
430140,Mouse,5530,66
430232,Mouse,3795,64
430296,Mouse,4584,65
430346,Mouse,4260,65
430407,Mouse,3208,64
430440,Mouse,5237,65
430479,Mouse,3957,64
430514,Mouse,3944,64
430533,Mouse,4199,64
430542,Mouse,3127,67
430652,Mouse,4234,64
430735,Mouse,4418,65
430758,Elephant,88688,412
430973,Mouse,3785,64
430992,Mouse,5586,66
431052,Mouse,5805,66
431142,Mouse,3603,64
431172,Mouse,5572,67
431176,Mouse,5786,68
431192,Mouse,5770,66
431323,Mouse,5485,67
431326,Mouse,4471,67
431342,Mouse,3089,64
431397,Mouse,4558,65
431414,Mouse,4188,64
431491,Mouse,4494,65
431537,Mouse,5522,66
431558,Mouse,5033,65
431663,Mouse,4752,65
431738,Mouse,3296,64
431796,Mouse,5127,65
431853,Mouse,5405,70
431967,Mouse,5555,66
432106,Elephant,101692,497
432107,Mouse,4550,70
432145,Mouse,4244,65
432166,Mouse,3765,64
432243,Elephant,352853,973
432311,Mouse,3949,64
432370,Mouse,4070,64
432376,Mouse,3964,64
432434,Mouse,4243,64
432614,Mouse,3242,64
432665,Mouse,4739,65
432848,Mouse,4841,65
433068,Mouse,3338,64
433148,Mouse,5731,66
433211,Mouse,3993,68
433254,Mouse,3172,65
433344,Mouse,3222,67
433446,Mouse,4771,65
433482,Mouse,5827,66
433500,Elephant,111249,491
433588,Mouse,3545,64
433666,Mouse,4420,65
433727,Mouse,5671,66
433745,Mouse,3440,68
433784,Mouse,5747,72
433825,Mouse,4343,69
433919,Elephant,208445,687
433948,Mouse,5310,67
433964,Mouse,4459,66
433978,Mouse,4234,64
433991,Mouse,3947,66
434014,Mouse,4858,65
434032,Mouse,4616,69
434049,Mouse,3235,65
434077,Mouse,4331,65
434115,Mouse,5622,70
434125,Mouse,4583,73
434192,Mouse,5313,65
434359,Elephant,32456,207
434395,Mouse,4322,69
434632,Elephant,219610,746
434675,Mouse,5595,88
434692,Mouse,5011,84
434852,Mouse,3529,69
434857,Mouse,3023,70
434907,Mouse,4468,75
435113,Elephant,543570,1324
435129,Mouse,5540,84
435213,Mouse,4228,69
435323,Mouse,5736,71
435344,Mouse,4312,71
435402,Mouse,5041,76
435432,Mouse,3481,67
435456,Mouse,3179,72
435468,Mouse,5386,74
435501,Mouse,5837,74
435543,Mouse,5276,71
435551,Mouse,3687,72
435769,Mouse,3812,89
435790,Mouse,5448,95
435821,Mouse,3654,107
435852,Mouse,4761,117
435959,Mouse,4188,118
435990,Mouse,4403,111
435993,Elephant,585336,1509
435999,Mouse,4855,106
436024,Mouse,5755,97
436042,Mouse,4126,90
436046,Mouse,5813,92
436094,Mouse,3213,72
436106,Mouse,4589,68
436152,Mouse,4212,67
436189,Mouse,3813,67
436328,Mouse,4525,67
436333,Mouse,4738,70
436417,Mouse,5373,72
436489,Mouse,3391,73
436492,Mouse,5089,76
436515,Mouse,4910,83
436547,Mouse,5132,87
436617,Mouse,4947,78
436634,Elephant,569836,1684
436689,Mouse,4224,67
436709,Mouse,4524,68
436738,Mouse,3138,67
436772,Mouse,3131,69
436875,Mouse,4841,67
436964,Mouse,4740,73
437188,Elephant,448222,1564
437199,Mouse,5276,68
437255,Mouse,4133,67
437361,Mouse,4572,69
437444,Elephant,449476,1085
437466,Mouse,4858,66
437796,Mouse,3610,64
437837,Mouse,5222,67
437839,Mouse,3454,66
437870,Mouse,4039,64
437878,Mouse,5002,66
437950,Mouse,3217,64
438036,Mouse,3175,64
438059,Mouse,5563,66
438077,Mouse,3092,64
438120,Mouse,4007,65
438123,Mouse,3710,64
438156,Mouse,3850,64
438265,Mouse,3938,68
438345,Mouse,3763,68
438375,Mouse,5454,66
438400,Mouse,5667,76
438402,Mouse,4415,74
438434,Elephant,73886,369
438479,Mouse,5015,68
438508,Mouse,4439,69
438580,Mouse,4989,66
438719,Mouse,3811,67
438766,Mouse,4104,69
438861,Elephant,415600,1008
438923,Mouse,4654,65
438930,Mouse,4798,65
439048,Mouse,3555,64
439117,Mouse,3317,64
439129,Mouse,3858,64
439195,Mouse,3809,64
439245,Mouse,3830,64
439255,Mouse,4242,64
439342,Mouse,3685,64
439362,Mouse,5456,66
439475,Mouse,4479,65
439499,Mouse,4992,65
439578,Mouse,3342,64
439691,Mouse,5592,66
439702,Mouse,4035,64
439710,Mouse,5581,66
439714,Mouse,4647,66
439721,Mouse,3204,64
439752,Mouse,3778,64
439781,Mouse,3679,67
439835,Mouse,4053,64
440048,Mouse,4627,69
440095,Elephant,170391,680
440116,Mouse,5689,66
440219,Mouse,5192,70
440219,Mouse,4741,70
440293,Mouse,5152,70
440413,Mouse,5341,70
440474,Mouse,3913,70
440562,Elephant,79189,411
440616,Mouse,5237,71
440667,Elephant,102078,461
440713,Mouse,5164,78
440800,Mouse,3641,72
440842,Mouse,4595,75
440917,Elephant,473105,1088
440985,Mouse,5353,76
440992,Mouse,5005,77
440997,Mouse,5465,72
441084,Mouse,4956,65
441153,Mouse,3069,66
441239,Mouse,4493,66
441267,Elephant,219344,736
441293,Mouse,4739,71
441316,Mouse,4421,69
441347,Mouse,3562,71
441356,Mouse,4792,71
441368,Mouse,4959,69
441465,Mouse,3546,69
441469,Mouse,4685,72
441485,Mouse,5206,70
441497,Mouse,4370,72
441557,Mouse,3245,67
441574,Mouse,4351,70
441588,Mouse,3829,70
441632,Mouse,5383,74
441642,Mouse,4850,77
441710,Mouse,3044,73
441776,Mouse,4199,71
441785,Elephant,509671,1165
441839,Mouse,5434,75
441948,Mouse,5341,65
441993,Mouse,4626,68
442060,Mouse,3286,69
442114,Mouse,5533,72
442159,Mouse,3174,64
442257,Mouse,5505,66
442264,Mouse,5227,68
442297,Mouse,5692,76
442322,Mouse,5364,73
442332,Elephant,407483,1110
442340,Mouse,3778,80
442405,Mouse,4339,65
442517,Mouse,5263,65
442595,Mouse,4676,69
442645,Mouse,4844,73
442660,Mouse,4771,69
442680,Mouse,5164,70
442707,Mouse,3606,66
442712,Mouse,4853,65
442726,Mouse,4555,71
442783,Mouse,4644,72
442888,Mouse,3690,71
443027,Mouse,3208,78
443075,Elephant,282418,860
443167,Mouse,3577,66
443177,Mouse,4197,70
443245,Mouse,5256,67
443256,Mouse,3914,66
443265,Mouse,4369,72
443269,Mouse,5713,75
443398,Mouse,3587,75
443450,Mouse,4889,73
443516,Mouse,3118,81
443524,Mouse,3916,86
443592,Mouse,3870,95
443604,Mouse,5240,99
443641,Mouse,3979,106
443684,Mouse,3322,100
443707,Mouse,3397,100
443819,Mouse,3436,78
443924,Mouse,4032,84
443972,Elephant,564337,1426
443993,Mouse,3789,72
444019,Mouse,5248,73
444040,Mouse,3069,69
444047,Mouse,3182,69
444086,Mouse,5575,70
444112,Mouse,3332,75
444139,Elephant,294798,1441
444175,Mouse,3559,73
444175,Mouse,3931,75
444201,Mouse,5756,69
444209,Mouse,4340,73
444271,Mouse,5630,70
444280,Mouse,3689,72
444296,Mouse,5739,79
444314,Mouse,4122,73
444335,Mouse,4057,80
444352,Mouse,4252,87
444356,Mouse,3675,84
444422,Mouse,3953,92
444495,Mouse,3665,79
444633,Mouse,3965,78
444689,Mouse,3375,80
444805,Elephant,423519,2060
444829,Mouse,4637,80
444855,Mouse,5505,74
444880,Mouse,5734,72
444887,Mouse,3175,74
444915,Mouse,4513,78
444928,Mouse,3220,72
444958,Mouse,5723,84
445047,Mouse,4044,74
445143,Mouse,5272,81
445214,Mouse,4466,90
445223,Mouse,4088,90
445278,Elephant,490614,1547
445327,Mouse,3857,65
445331,Mouse,4682,66
445363,Mouse,3444,64
445409,Mouse,4971,72
445442,Mouse,5444,73
445502,Mouse,4040,74
445601,Mouse,5294,70
445637,Mouse,3019,75
445680,Mouse,3951,78
445709,Elephant,399018,1463
445713,Mouse,5738,75
445798,Mouse,5748,66
445949,Mouse,3123,68
446038,Mouse,5425,66
446095,Mouse,4356,68
446103,Mouse,5311,73
446168,Mouse,4538,82
446249,Mouse,3317,69
446271,Mouse,3704,66
446455,Mouse,3273,69
446541,Mouse,4449,69
446655,Elephant,504212,1253
446708,Mouse,3821,64
446789,Mouse,3071,64
446802,Mouse,3195,64
446827,Mouse,4712,65
446977,Mouse,4434,67
447011,Mouse,4734,65
447039,Mouse,5417,65
447114,Mouse,5313,70
447164,Mouse,5178,66
447205,Mouse,3841,65
447254,Mouse,4148,64
447315,Mouse,4477,73
447342,Mouse,5759,67
447420,Mouse,5190,65
447458,Mouse,5335,66
447491,Elephant,207740,683
447504,Mouse,4614,66
447564,Mouse,3655,67
447649,Mouse,3830,68
447659,Mouse,3470,66
447848,Mouse,5605,66
447920,Mouse,4543,69
447968,Mouse,3618,70
448041,Mouse,3959,67
448217,Mouse,4939,69
448242,Mouse,4160,67
448320,Mouse,3120,74
448342,Mouse,5174,81
448435,Mouse,4414,90
448474,Mouse,4113,90
448502,Mouse,3667,93
448651,Mouse,4559,93
448669,Mouse,3926,84
448676,Mouse,3149,82
448728,Mouse,4381,81
448753,Mouse,4813,89
448888,Mouse,3977,64
448919,Mouse,4763,69
448961,Mouse,3639,67
448973,Mouse,4262,65
448983,Mouse,4752,67
448997,Mouse,3096,69
449171,Elephant,516426,1938
449224,Mouse,3673,65
449268,Mouse,5815,68
449271,Mouse,5154,70
449347,Mouse,5261,73
449357,Mouse,5575,72
449399,Mouse,3089,73
449479,Elephant,229771,1190
449486,Mouse,3890,64
449591,Elephant,178124,633
449734,Mouse,4256,70
449735,Mouse,3486,70
449789,Mouse,3713,71
449827,Elephant,72030,377
449916,Mouse,3955,64
449992,Mouse,3203,64
450030,Elephant,91621,414
450085,Mouse,5601,67
450086,Mouse,3488,66
450165,Mouse,5420,65
450238,Mouse,4969,66
450278,Mouse,4496,74
450354,Mouse,5387,70
450377,Elephant,77160,387
450387,Mouse,5416,67
450431,Mouse,4456,73
450505,Mouse,3661,68
450627,Mouse,4233,68
450764,Elephant,99322,459
450797,Mouse,5388,69
450905,Mouse,3641,64
450925,Mouse,3084,66
450930,Mouse,4265,67
450970,Mouse,4290,66
451118,Mouse,3806,66
451138,Mouse,4446,69
451198,Mouse,3600,66
451272,Mouse,3175,67
451308,Mouse,3222,66
451321,Mouse,3817,67
451404,Mouse,5765,69
451406,Elephant,564227,1204
451411,Mouse,4470,66
451448,Mouse,3589,69
451473,Mouse,3974,66
451606,Mouse,4593,65
451696,Mouse,3705,64
451740,Mouse,5415,66
451760,Mouse,5056,65
451767,Mouse,5227,67
451853,Mouse,4960,66
452057,Mouse,5725,66
452099,Mouse,5213,66
452115,Mouse,3876,67
452133,Mouse,4509,65
452256,Mouse,4686,65
452308,Mouse,5098,65
452324,Mouse,5622,67
452354,Mouse,3034,64
452431,Mouse,3578,64
452440,Mouse,4452,66
452442,Mouse,3419,66
452463,Mouse,4376,65
452478,Mouse,5482,66
452690,Mouse,5105,65
452699,Mouse,5496,66
452844,Mouse,5192,65
452872,Mouse,4620,69
452877,Mouse,4728,66
452912,Mouse,4230,67
452918,Mouse,4088,70
452972,Mouse,4884,65
453001,Mouse,4434,69
453064,Mouse,3082,64
453127,Mouse,4891,70
453142,Mouse,3330,64
453149,Mouse,5401,65
453228,Mouse,3048,64
453250,Mouse,4674,66
453302,Mouse,4315,69
453330,Mouse,5557,66
453387,Mouse,3362,64
453537,Mouse,4196,68
453554,Mouse,4631,66
453695,Elephant,432453,1023
453736,Mouse,4580,65
453857,Mouse,4888,65
453903,Mouse,4740,65
453909,Mouse,3407,64
454100,Mouse,3411,65
454109,Mouse,4605,71
454117,Mouse,3886,64
454198,Mouse,4038,68
454200,Mouse,3970,67
454289,Mouse,3717,70
454308,Mouse,5425,70
454324,Mouse,5132,70
454434,Mouse,3860,66
454506,Elephant,53848,333
454555,Mouse,3998,69
454637,Mouse,5201,74
454666,Mouse,3752,74
454676,Mouse,5305,75
454727,Mouse,4826,86
454779,Mouse,3508,74
454780,Mouse,5549,79
454783,Mouse,4320,77
454814,Mouse,3214,79
454872,Mouse,3955,75
454875,Mouse,3102,76
454913,Mouse,5096,70
454921,Mouse,5045,76
454934,Elephant,372153,1025
455017,Mouse,3636,67
455121,Mouse,3414,66
455126,Elephant,497644,1234
455167,Mouse,3096,66
455178,Mouse,3638,64
455206,Mouse,3100,64
455305,Mouse,5260,65
455371,Mouse,3243,64
455456,Mouse,3970,64
455478,Mouse,5454,68
455617,Mouse,3684,74
455623,Mouse,3023,74
455711,Mouse,4893,75
455727,Mouse,5467,72
455767,Mouse,3511,78
455818,Mouse,3488,79
455856,Mouse,5294,92
455945,Mouse,4959,95
456022,Mouse,3702,91
456063,Mouse,4314,75
456146,Mouse,5154,75
456158,Mouse,5005,72
456240,Mouse,3315,70
456459,Mouse,3433,79
456484,Mouse,5221,77
456581,Mouse,4810,74
456597,Mouse,4891,78
456656,Elephant,246289,1382
456669,Mouse,4497,89
456672,Mouse,3647,89
456707,Mouse,4895,91
456730,Mouse,5095,85
456754,Mouse,4575,77
456786,Mouse,5775,77
456973,Mouse,3092,95
457008,Elephant,306947,1567
457039,Elephant,274397,1539
457154,Mouse,4394,66
457276,Mouse,4909,73
457327,Mouse,4838,75
457421,Mouse,3453,75
457481,Mouse,3544,89
457557,Mouse,4961,91
457604,Elephant,400389,1941
457636,Elephant,117980,940
457642,Mouse,3425,73
457770,Mouse,5694,72
457870,Mouse,5481,75
457886,Mouse,3197,77
457926,Elephant,558655,2527
458061,Mouse,5340,72
458116,Mouse,5507,75
458152,Mouse,5153,74
458170,Mouse,4892,74
458228,Mouse,5581,76
458254,Mouse,3081,88
458321,Mouse,3479,91
458336,Elephant,405995,2289
458425,Mouse,3555,65
458447,Mouse,4969,65
458506,Mouse,4960,69
458565,Mouse,3982,69
458603,Mouse,3930,68
458652,Mouse,3230,70
458767,Mouse,5593,73
458861,Mouse,4743,87
458930,Mouse,4278,95
458956,Mouse,4144,106
458994,Elephant,259228,1143
459121,Mouse,4028,67
459149,Mouse,4641,70
459230,Mouse,5394,70
459248,Elephant,596842,1727
459260,Mouse,5314,67
459330,Mouse,3478,72
459331,Mouse,5020,74
459376,Mouse,5394,74
459449,Mouse,3952,69
459451,Mouse,5089,71
459499,Mouse,4525,73
459508,Mouse,3780,74
459522,Mouse,4647,77
459526,Mouse,3180,74
459536,Mouse,4172,77
459646,Mouse,4761,71
459649,Mouse,4192,72
459659,Elephant,249461,1220
459705,Mouse,4878,76
459710,Mouse,3677,71
459810,Mouse,5627,71
459861,Mouse,5711,74
459954,Mouse,4454,65
459960,Mouse,5496,68
459965,Mouse,3927,68
460014,Mouse,5285,65
460123,Mouse,3274,65
460215,Mouse,5422,71
460281,Mouse,4005,68
460329,Elephant,353234,1182
460406,Mouse,4291,65
460523,Mouse,4256,66
460538,Mouse,4183,64
460569,Mouse,5663,71
460780,Mouse,4254,65
460805,Mouse,4155,66
460847,Mouse,3119,65
460956,Elephant,78779,403
461167,Mouse,4176,64
461182,Mouse,5389,67
461203,Mouse,3765,65
461221,Mouse,4944,65
461323,Mouse,5055,65
461331,Mouse,5184,67
461435,Mouse,4969,65
461442,Mouse,3254,66
461450,Mouse,5583,67
461529,Mouse,5272,67
461598,Mouse,4232,64
461770,Mouse,3225,64
461777,Mouse,5840,66
461893,Mouse,3076,64
462005,Mouse,3228,64
462010,Mouse,3417,64
462026,Mouse,3745,64
462042,Mouse,5444,66
462153,Mouse,4360,65
462184,Mouse,3989,64
462233,Mouse,5813,66
462365,Mouse,3079,64
462375,Mouse,5457,66
462410,Mouse,4859,66
462435,Mouse,4690,69
462436,Mouse,5549,70
462477,Mouse,3313,67
462562,Mouse,3136,64
462598,Mouse,3269,64
462731,Mouse,3322,64
462764,Mouse,3146,64
462926,Mouse,4453,65
462985,Mouse,3249,64
463070,Mouse,3853,64
463122,Mouse,4669,66
463125,Mouse,3110,64
463221,Mouse,3591,65
463255,Mouse,4752,66
463271,Mouse,5096,65
463316,Mouse,3852,65
463361,Mouse,4701,65
463366,Mouse,5822,66
463411,Mouse,3768,64
463545,Mouse,3540,64
463567,Elephant,124871,503
463625,Mouse,4559,65
463634,Mouse,4160,64
463827,Mouse,5724,66
463838,Mouse,3172,64
463903,Mouse,5679,66
463981,Mouse,3448,64
464144,Mouse,3453,67
464198,Mouse,3149,64
464235,Mouse,3123,65
464267,Mouse,3582,67
464284,Mouse,5824,68
464432,Mouse,4067,66
464456,Mouse,3517,69
464480,Mouse,4234,68
464507,Mouse,4982,76
464519,Mouse,5056,79
464567,Mouse,4563,71
464634,Mouse,3431,73
464645,Mouse,3207,72
464692,Mouse,4847,75
464714,Mouse,3074,74
464807,Elephant,274413,824
464828,Mouse,4007,72
464851,Mouse,3462,72
464870,Mouse,5021,65
465030,Mouse,5393,67
465060,Mouse,3181,71
465081,Elephant,509522,1176
465100,Mouse,3156,68
465173,Mouse,5267,65
465312,Mouse,4037,67
465382,Mouse,5750,69
465478,Mouse,3395,64
465550,Elephant,113722,517
465657,Mouse,5348,70
465739,Mouse,5702,69
465790,Mouse,5597,73
465918,Elephant,345741,930
465955,Mouse,3260,69
466074,Mouse,3183,68
466192,Elephant,87045,471
466237,Mouse,4991,69
466241,Mouse,4337,65
466337,Mouse,5176,70
466355,Mouse,3933,69
466372,Elephant,365879,1085
466383,Mouse,5614,71
466427,Mouse,3009,65
466513,Mouse,3417,64
466582,Mouse,5064,70
466615,Elephant,201396,674
466685,Mouse,5101,70
466801,Elephant,233905,201269
466912,Mouse,3607,64
466915,Mouse,3431,64
467040,Mouse,3022,64
467102,Mouse,4289,65
467109,Mouse,4710,65
467243,Mouse,4394,65
467285,Mouse,5092,65
467304,Mouse,4282,65
467406,Mouse,3953,65
467455,Mouse,3363,67
467592,Mouse,4829,65
467638,Mouse,4861,70
467641,Mouse,4780,71
467659,Mouse,4529,71
467757,Mouse,3806,72
467864,Elephant,294151,832
467916,Mouse,3778,67
467969,Mouse,4709,69
468048,Mouse,3537,66
468057,Mouse,3077,65
468378,Mouse,4443,66
468386,Mouse,4171,64
468452,Mouse,5127,69
468473,Mouse,4503,70
468497,Mouse,4721,71
468504,Elephant,515644,1130
468601,Mouse,4270,69
468772,Mouse,3826,68
468832,Mouse,4500,70
468887,Mouse,5292,77
468920,Mouse,4164,86
468928,Elephant,93972,453
468930,Elephant,114760,526
468935,Mouse,4756,80
468948,Mouse,3129,81
468959,Mouse,5115,87
468988,Mouse,4963,74
469061,Mouse,5686,66
469195,Mouse,4039,64
469203,Mouse,3168,67
469252,Mouse,5645,71
469254,Elephant,176014,740
469307,Elephant,168576,749
469388,Mouse,3020,64
469405,Mouse,5661,66
469429,Mouse,3714,64
469446,Mouse,3745,65
469480,Mouse,5641,66
469526,Mouse,5584,66
469581,Mouse,5619,66
469588,Mouse,5037,65
469651,Mouse,4143,64
469717,Mouse,5072,65
469774,Mouse,3392,64
469788,Mouse,4889,65
469823,Mouse,5026,68
469959,Mouse,3567,67
469980,Mouse,3959,64
469987,Mouse,3057,64
470003,Mouse,3746,67
470090,Mouse,3514,64
470099,Mouse,5141,65
470107,Mouse,4655,65
470207,Elephant,112797,492
470238,Mouse,3941,64
470251,Mouse,5237,66
470278,Mouse,4068,64
470299,Mouse,4808,65
470337,Mouse,3682,64
470416,Mouse,3820,64
470438,Mouse,3822,64
470537,Mouse,4894,65
470611,Mouse,5645,66
470634,Mouse,3028,64
470644,Mouse,5440,66
470680,Mouse,3347,64
470701,Mouse,3227,64
470721,Mouse,5189,65
470729,Mouse,4638,65
470740,Mouse,4089,64
470783,Mouse,4381,66
470818,Mouse,3499,64
470838,Mouse,5477,66
470869,Mouse,5111,65
470901,Mouse,5199,65
470907,Mouse,3974,64
470918,Mouse,3615,65
471008,Mouse,4015,64
471014,Mouse,3099,64
471021,Mouse,4745,65
471295,Mouse,5532,66
471331,Mouse,5411,65
471350,Mouse,5810,68
471352,Mouse,5116,68
471495,Mouse,5467,68
471527,Elephant,68763,364
471551,Mouse,4000,66
471553,Mouse,3732,65
471559,Mouse,3393,67
471614,Mouse,4948,65
471618,Mouse,4444,65
471687,Mouse,3839,64
471740,Mouse,5440,66
471779,Mouse,3124,64
471873,Mouse,4413,65
471945,Mouse,4445,67
471947,Mouse,4821,68
471949,Mouse,3229,68
472038,Mouse,5269,65
472058,Mouse,3640,67
472106,Mouse,3654,66
472116,Mouse,3153,64
472251,Mouse,3713,64
472295,Mouse,3753,75
472300,Mouse,5823,79
472313,Mouse,3293,65
472331,Mouse,5683,70
472383,Mouse,4731,74
472455,Mouse,5123,73
472539,Mouse,5229,76
472569,Mouse,4889,82
472601,Mouse,5703,91
472815,Mouse,5531,84
472859,Mouse,4345,72
472862,Mouse,3288,72
472898,Mouse,3496,66
473021,Elephant,557109,1380
473086,Mouse,4203,64
473159,Mouse,4251,67
473322,Mouse,5158,67
473348,Mouse,3230,64
473407,Mouse,5116,69
473439,Mouse,3627,70
473440,Mouse,3095,70
473469,Mouse,4305,69
473482,Mouse,4351,75
473605,Mouse,4041,77
473612,Mouse,4223,80
473652,Elephant,381485,1356
473673,Mouse,3524,81
473701,Mouse,3092,69
473765,Mouse,3724,67
473792,Elephant,519651,1701
473905,Mouse,4322,67
473906,Mouse,4749,68
473931,Mouse,4084,64
473939,Mouse,4276,65
473976,Mouse,3149,64
473988,Mouse,4692,65
474022,Mouse,5467,66
474085,Mouse,3321,64
474156,Mouse,3009,64
474167,Mouse,3246,64
474285,Mouse,3503,64
474395,Mouse,4325,65
474454,Mouse,4481,70
474465,Mouse,4772,72
474483,Mouse,5579,66
474498,Mouse,3393,70
474567,Mouse,3000,65
474571,Mouse,4668,67
474636,Mouse,3637,68
474642,Mouse,3563,71
474663,Mouse,5522,72
474702,Mouse,3089,70
474936,Mouse,4885,88
475007,Mouse,5599,104
475047,Mouse,4178,93
475076,Mouse,3690,78
475086,Mouse,3947,77
475194,Mouse,4476,69
475244,Mouse,3530,71
475513,Mouse,5154,71
475549,Elephant,428250,1322
475570,Mouse,4608,74
475605,Mouse,5221,65
475612,Mouse,4600,69
475681,Elephant,439333,1288
475785,Mouse,3851,64
475794,Mouse,3852,68
475847,Mouse,3884,69
475951,Mouse,3296,66
476067,Mouse,3960,67
476095,Mouse,4059,69
476126,Elephant,119139,498
476131,Mouse,5755,67
476138,Mouse,3777,70
476193,Mouse,3149,69
476196,Mouse,4879,72
476214,Mouse,5049,71
476341,Mouse,4326,68
476470,Mouse,4345,68
476470,Elephant,482732,1245
476486,Mouse,5699,68
476488,Mouse,5413,68
476515,Mouse,4257,67
476626,Mouse,4517,65
476692,Mouse,4063,64
476727,Mouse,3791,64
476751,Mouse,5463,66
476755,Mouse,4163,65
476811,Mouse,3214,64
476841,Mouse,5135,65
476976,Mouse,3859,64
477001,Mouse,5686,66
477229,Mouse,4985,65
477238,Mouse,3317,64
477267,Mouse,5799,66
477274,Mouse,4543,65
477382,Mouse,4468,70
477386,Elephant,141168,547
477423,Mouse,5228,69
477447,Mouse,3433,64
477645,Mouse,3464,64
477829,Mouse,3355,64
477878,Mouse,5813,66
477901,Mouse,5267,76
477936,Elephant,80274,410
477989,Mouse,5432,72
477990,Mouse,5525,74
478146,Mouse,5293,70
478236,Mouse,5657,69
478250,Mouse,3141,71
478265,Mouse,3395,73
478303,Mouse,3318,73
478437,Mouse,3688,78
478469,Mouse,4339,82
478482,Mouse,4985,86
478540,Mouse,3866,96
478573,Mouse,3127,106
478593,Mouse,5588,108
478600,Mouse,4664,111
478668,Elephant,120766,627
478674,Mouse,4272,99
478678,Mouse,5118,95
478689,Mouse,5089,95
478696,Mouse,4197,93
478763,Mouse,4246,77
478816,Elephant,314030,1036
479009,Mouse,5734,69
479086,Mouse,4462,71
479290,Elephant,80903,445
479351,Elephant,538904,1533
479400,Mouse,3874,67
479423,Mouse,3863,65
479467,Mouse,4069,69
479480,Mouse,5173,67
479539,Mouse,3605,67
479788,Mouse,5069,65
479841,Mouse,4310,68
479869,Mouse,3683,69
479934,Mouse,3528,64
479955,Mouse,5043,71
480013,Mouse,3356,67
480039,Mouse,4867,66
480046,Mouse,3101,69
480102,Mouse,3383,68
480138,Mouse,3547,66
480138,Elephant,482823,1357
480154,Mouse,5595,69
480159,Mouse,4386,72
480168,Mouse,5501,72
480266,Mouse,4467,68
480288,Mouse,3237,64
480316,Mouse,3774,64
480348,Mouse,4237,66
480372,Mouse,4191,67
480452,Mouse,4139,67
480452,Mouse,3685,67
480483,Mouse,5491,68
480500,Mouse,5802,74
480605,Mouse,3935,70
480735,Mouse,4385,69
480755,Mouse,3702,64
480881,Mouse,5396,78
480949,Mouse,4318,75
480953,Mouse,3057,76
481037,Mouse,4977,80
481051,Elephant,250075,783
481060,Mouse,3167,73
481124,Mouse,3434,65
481260,Mouse,4415,69
481279,Mouse,3204,73
481282,Mouse,5700,76
481330,Elephant,138001,573
481369,Mouse,3930,69
481387,Mouse,3857,66
481410,Mouse,5098,69
481419,Mouse,3802,67
481420,Mouse,5406,69
481434,Mouse,5351,65
481631,Mouse,5741,70
481688,Mouse,3830,65
481739,Mouse,3998,69
481808,Elephant,459985,1255
481836,Mouse,4890,69
481838,Mouse,3770,68
481865,Mouse,4753,68
481945,Mouse,3939,64
481963,Mouse,4636,69
482080,Mouse,4277,65
482128,Mouse,3836,66
482240,Mouse,3280,65
482300,Mouse,5672,69
482361,Elephant,381948,950
482386,Mouse,3455,64
482416,Mouse,4852,69
482472,Mouse,5112,65
482563,Mouse,3950,64
482568,Mouse,4634,65
482627,Mouse,3862,65
482667,Mouse,5703,66
482728,Elephant,156404,594
482736,Mouse,4907,66
482739,Mouse,3166,65
482809,Mouse,4810,69
482893,Mouse,4252,67
482904,Mouse,4229,67
482984,Mouse,3546,66
483010,Mouse,4166,67
483121,Mouse,4968,76
483152,Mouse,5774,83
483242,Mouse,4954,91
483257,Mouse,4151,90
483426,Mouse,5840,73
483732,Mouse,4189,78
483782,Mouse,3887,88
483825,Mouse,3410,93
483937,Mouse,5833,73
484022,Mouse,3199,88
484094,Mouse,5044,85
484118,Elephant,402657,1478
484151,Mouse,3878,80
484157,Mouse,4211,81
484205,Mouse,3539,70
484208,Mouse,4573,68
484270,Mouse,3000,70
484297,Elephant,483440,1776
484425,Elephant,444180,1704
484471,Mouse,4716,65
484481,Elephant,201782,1513
484551,Mouse,5588,75
484561,Mouse,5523,66
484684,Mouse,3467,65
484752,Mouse,3376,71
484839,Mouse,3939,77
484868,Mouse,4010,72
484890,Elephant,398748,1566
484932,Mouse,3567,69
484939,Mouse,4606,67
484949,Mouse,5182,69
484974,Mouse,3074,66
484995,Mouse,4890,71
485096,Mouse,5500,70
485208,Mouse,3150,69
485229,Mouse,4217,68
485247,Mouse,5539,75
485379,Mouse,5661,78
485517,Mouse,5222,78
485658,Mouse,3762,76
485842,Elephant,570029,1416
485846,Mouse,4000,90
485980,Elephant,356378,1309
485988,Mouse,5800,69
486029,Mouse,4977,71
486056,Mouse,3770,67
486065,Mouse,4210,72
486179,Mouse,3540,75
486270,Mouse,4154,89
486282,Mouse,4358,99
486283,Mouse,5423,100
486383,Mouse,3496,82
486394,Mouse,5583,86
486406,Mouse,4254,83
486431,Elephant,292796,1225
486475,Mouse,5516,80
486641,Mouse,4596,65
486655,Mouse,5707,72
486675,Elephant,242557,1243
486708,Mouse,3201,71
486885,Mouse,4144,72
486982,Mouse,4796,72
487147,Mouse,5247,85
487184,Mouse,5362,92
487211,Mouse,4299,100
487222,Mouse,3322,102
487271,Mouse,5143,109
487338,Mouse,4097,79
487413,Mouse,3814,76
487571,Elephant,490810,1708
487728,Mouse,4611,70
487735,Elephant,127660,1016
487797,Elephant,550397,2007
487846,Mouse,5274,75
487942,Mouse,4424,68
487945,Mouse,3855,65
488094,Mouse,4096,71
488152,Mouse,5000,78
488199,Elephant,143776,573
488222,Mouse,5645,82
488241,Mouse,5029,89
488261,Mouse,4094,81
488337,Elephant,238111,1069
488341,Mouse,3815,69
488380,Mouse,4683,69
488422,Mouse,4006,69
488505,Mouse,3612,67
488514,Mouse,4625,72
488598,Mouse,3970,71
488612,Mouse,4232,72
488680,Mouse,4945,74
488767,Mouse,5043,80
488776,Mouse,5191,85
488781,Mouse,4563,88
488887,Mouse,4479,72
489007,Mouse,4153,71
489046,Elephant,223394,944
489053,Elephant,473407,1180
489097,Mouse,3419,64
489141,Mouse,5048,66
489186,Mouse,3166,64
489231,Mouse,3876,65
489239,Mouse,4390,65
489247,Mouse,3529,65
489265,Mouse,4818,65
489323,Mouse,3254,64
489340,Mouse,4322,66
489375,Mouse,3421,64
489414,Mouse,5605,68
489416,Mouse,5081,69
489473,Mouse,4945,66
489547,Mouse,3056,65
489583,Mouse,4660,65
489640,Mouse,5304,67
489687,Mouse,5193,69
489712,Mouse,5413,67
489768,Mouse,5423,67
489797,Mouse,3240,67
489821,Mouse,3853,64
489904,Mouse,4020,65
490005,Mouse,3576,66
490123,Mouse,3073,64
490168,Mouse,5049,66
490353,Mouse,4692,68
490400,Mouse,4119,80
490486,Mouse,4245,80
490508,Mouse,5681,89
490577,Mouse,3581,92
490624,Mouse,3848,77
490702,Elephant,397037,1060
490767,Mouse,5719,68
490781,Mouse,3297,70
490839,Mouse,3432,64
490977,Mouse,3028,64
491074,Mouse,4722,68
491101,Mouse,4246,70
491116,Mouse,3239,67
491143,Mouse,3513,76
491243,Mouse,4434,69
491363,Elephant,287994,1139
491665,Elephant,592883,1614
491688,Mouse,5355,74
491749,Mouse,4401,74
491928,Mouse,5041,71
491929,Elephant,131693,627
491941,Mouse,4550,78
491953,Elephant,247718,793
491994,Mouse,5170,75
492025,Mouse,5394,70
492056,Mouse,3626,64
492142,Mouse,5132,70
492208,Mouse,5179,70
492345,Mouse,3911,69
492400,Mouse,4342,79
492422,Mouse,4915,87
492570,Mouse,5035,82
492670,Elephant,234595,853
492708,Elephant,333229,1019
492756,Mouse,4710,71
492799,Elephant,208546,862
492813,Mouse,3959,64
492858,Mouse,3094,64
492868,Elephant,33249,234
492964,Mouse,3269,64
493029,Mouse,4962,65
493115,Mouse,5751,66
493177,Mouse,5202,65
493200,Mouse,3708,64
493327,Mouse,4080,64
493389,Mouse,3445,64
493428,Mouse,4859,65
493471,Mouse,4270,66
493530,Mouse,4077,64
493544,Mouse,3895,67
493545,Mouse,5026,68
493685,Mouse,5336,70
493698,Mouse,3882,65
493774,Mouse,3379,65
493781,Mouse,3973,68
493792,Mouse,4391,65
493879,Mouse,5626,70
493886,Mouse,5006,65
493957,Mouse,5357,68
494097,Mouse,4681,67
494114,Mouse,5614,70
494194,Mouse,5796,67
494228,Mouse,4806,67
494292,Mouse,3083,68
494310,Mouse,4803,69
494362,Elephant,570597,1222
494374,Mouse,5320,66
494442,Mouse,5720,66
494542,Mouse,3628,64
494615,Mouse,3868,64
494622,Mouse,4081,64
494660,Mouse,4825,65
494673,Mouse,4425,65
494698,Mouse,3944,64
494721,Mouse,3489,64
494753,Mouse,3817,64
494775,Mouse,5543,66
494899,Mouse,3026,64
494952,Mouse,3737,64
495000,Mouse,3975,64
495009,Mouse,4418,65
495034,Mouse,4886,65
495348,Mouse,5091,65
495392,Mouse,5285,65
495422,Mouse,4678,65
495429,Mouse,4494,65
495460,Mouse,5647,66
495467,Mouse,4514,66
495475,Mouse,4936,65
495492,Mouse,3762,64
495559,Mouse,5064,65
495576,Mouse,5400,65
495613,Mouse,3261,64
495763,Mouse,4863,65
495809,Mouse,4138,64
495914,Mouse,3686,64
496087,Mouse,3337,66
496088,Mouse,3976,67
496094,Mouse,5322,65
496182,Mouse,3317,64
496384,Mouse,3327,64
496469,Mouse,5185,71
496513,Mouse,3071,68
496559,Mouse,3839,71
496609,Mouse,3458,65
496641,Mouse,5506,73
496661,Mouse,3900,76
496735,Elephant,88818,426
496791,Mouse,5323,71
496889,Mouse,4743,71
496937,Mouse,4257,73
496992,Elephant,406414,995
496993,Mouse,3566,71
497242,Elephant,210945,710
497281,Mouse,4290,66
497314,Mouse,4000,66
497366,Mouse,5389,67
497375,Mouse,5079,65
497455,Mouse,3393,64
497496,Mouse,4430,69
497537,Mouse,3268,68
497561,Mouse,5136,65
497628,Mouse,4326,65
497776,Mouse,3776,66
497779,Mouse,5716,69
497800,Mouse,3601,67
497834,Mouse,5102,69
497978,Mouse,5179,70
498045,Mouse,5273,67
498091,Mouse,5564,66
498203,Mouse,4716,65
498298,Mouse,4085,66
498316,Elephant,543739,1244
498408,Mouse,3355,64
498440,Mouse,4383,65
498450,Mouse,4339,67
498451,Mouse,5826,69
498465,Mouse,5752,66
498497,Mouse,5485,67
498657,Mouse,4940,65
499100,Mouse,4719,65
499157,Mouse,4251,64
499180,Mouse,3401,64
499189,Mouse,4101,64
499208,Mouse,5344,65
499249,Mouse,4660,65
499429,Mouse,3068,64
499603,Mouse,4335,65
499615,Mouse,3608,64
499623,Mouse,5384,65
499648,Mouse,4671,66
499654,Mouse,4651,65
499835,Mouse,4581,65
499846,Mouse,4765,65
499959,Mouse,4197,64
499982,Mouse,3797,64
500013,Mouse,3599,64
500063,Mouse,3104,64
500184,Mouse,5402,69
500205,Mouse,3897,64
500210,Mouse,5587,66
500232,Mouse,4552,65
500240,Mouse,3562,64
500296,Mouse,3010,64
500325,Mouse,3983,64
500375,Mouse,3543,64
500393,Mouse,3747,67
500524,Mouse,5776,67
500573,Mouse,3763,69
500616,Mouse,4105,67
500641,Mouse,3996,64
500659,Mouse,3507,67
500691,Mouse,3295,66
500697,Mouse,3319,65
500743,Mouse,4019,67
500768,Mouse,4824,65
500831,Mouse,3191,66
500887,Mouse,3991,67
501050,Mouse,4770,66
501076,Mouse,4847,69
501245,Mouse,3343,64
501269,Mouse,3407,66
501321,Mouse,4759,69
501553,Elephant,354906,930
501590,Mouse,4511,68
501644,Mouse,4369,67
501645,Mouse,4132,67
501802,Mouse,3623,64
501958,Mouse,3170,67
501978,Mouse,5719,75
502129,Mouse,4267,67
502227,Mouse,3336,67
502235,Elephant,270821,812
502255,Mouse,5405,70
502334,Mouse,5438,66
502342,Elephant,310352,981
502365,Mouse,4269,65
502659,Mouse,4678,65
502712,Mouse,4779,65
502761,Mouse,4766,65
502886,Mouse,5668,66
502890,Mouse,4564,66
502913,Mouse,4479,68
502940,Mouse,3285,66
503004,Mouse,5385,65
503029,Mouse,3371,66
503109,Mouse,3867,64
503224,Mouse,4466,69
503238,Mouse,3344,64
503247,Elephant,302653,842
503270,Mouse,4792,68
503277,Mouse,5056,65
503286,Mouse,5683,66
503298,Mouse,4958,65
503303,Mouse,4701,65
503322,Mouse,3797,64
503356,Mouse,5524,66
503419,Mouse,3426,64
503426,Mouse,4452,65
503459,Mouse,4907,65
503607,Mouse,4597,65
503642,Mouse,5304,67
503657,Mouse,4699,65
503713,Mouse,4661,65
503856,Mouse,3905,67
503867,Mouse,4790,65
503919,Mouse,4837,65
503997,Mouse,5539,66
504075,Mouse,3816,67
504097,Mouse,4127,64
504108,Elephant,154782,581
504384,Mouse,3605,65
504415,Mouse,5749,69
504427,Mouse,4900,65
504462,Mouse,5281,71
504548,Mouse,4569,71
504608,Mouse,5034,65
504633,Mouse,5628,71
504710,Elephant,101349,453
504729,Mouse,3062,68
504763,Mouse,4220,66
504799,Mouse,5467,66
505010,Mouse,3285,64
505026,Mouse,5408,68
505161,Mouse,4619,69
505197,Mouse,5464,71
505255,Mouse,5584,70
505401,Mouse,5499,79
505411,Mouse,5783,82
505476,Mouse,3602,102
505501,Mouse,4819,107
505514,Mouse,3460,115
505524,Mouse,4128,119
505546,Mouse,4983,117
505551,Elephant,461846,1161
505555,Mouse,4225,120
505615,Mouse,5125,65
505701,Mouse,3484,64
505784,Mouse,4730,68
505819,Mouse,3758,66
505836,Mouse,3449,64
505864,Mouse,4388,65
505914,Mouse,3875,65
505981,Elephant,463171,1236
506027,Mouse,5687,67
506072,Mouse,3967,65
506121,Mouse,5826,66
506152,Mouse,3483,64
506176,Mouse,3995,66
506179,Mouse,5242,68
506183,Mouse,4027,65
506239,Mouse,3841,64
506276,Mouse,5728,66
506312,Mouse,3562,64
506332,Mouse,4712,65
506429,Mouse,3843,64
506472,Mouse,4948,65
506496,Mouse,3440,64
506594,Mouse,4026,64
506600,Mouse,5541,66
506621,Mouse,5439,66
506813,Mouse,3048,66
506838,Mouse,4026,64
506852,Mouse,3808,68
506863,Mouse,3992,64
506948,Mouse,4299,67
506957,Mouse,4899,67
506979,Elephant,64527,366
506984,Mouse,3717,69
507023,Mouse,4622,66
507280,Mouse,4442,65
507407,Mouse,4914,65
507558,Mouse,5545,70
507570,Mouse,4062,64
507596,Elephant,229368,720
507619,Mouse,5537,67
507687,Mouse,3790,64
507701,Mouse,4798,65
507750,Mouse,4071,67
507763,Mouse,4226,64
507769,Mouse,3444,64
507803,Mouse,4499,65
507956,Mouse,4013,64
507963,Elephant,83018,408
508053,Mouse,4274,65
508086,Mouse,5441,66
508092,Mouse,4771,65
508099,Mouse,5105,65
508119,Mouse,4098,64
508139,Mouse,4496,65
508278,Mouse,3906,64
508295,Mouse,5831,69
508305,Mouse,5520,66
508461,Mouse,5837,66
508508,Mouse,3334,64
508557,Mouse,4788,65
508578,Mouse,3507,66
508668,Mouse,4745,69
508733,Mouse,4101,64
508753,Mouse,5058,68
508821,Mouse,5068,65
508902,Mouse,5773,69
509030,Elephant,266817,776
509039,Mouse,3478,64
509121,Mouse,4164,64
509158,Mouse,5303,65
509169,Mouse,3101,67
509201,Mouse,3782,65
509288,Mouse,5307,65
509311,Mouse,4521,65
509362,Mouse,3996,64
509374,Mouse,3743,64
509438,Mouse,3113,75
509522,Mouse,5095,69
509616,Elephant,141580,557
509667,Mouse,4117,64
509682,Mouse,4392,66
509698,Mouse,4591,65
509705,Mouse,5343,66
509743,Mouse,3084,75
509781,Elephant,100107,465
509792,Mouse,3221,73
509793,Mouse,4714,74
509865,Mouse,4149,65
509880,Mouse,5214,65
509905,Mouse,5403,67
509927,Mouse,3195,64
510018,Mouse,4166,64
510072,Mouse,5161,70
510117,Elephant,116499,500
510127,Mouse,3819,64
510161,Mouse,5495,66
510284,Mouse,3475,64
510368,Mouse,3916,65
510428,Mouse,3699,64
510474,Mouse,4479,65
510650,Mouse,5338,69
510654,Mouse,4245,64
510676,Mouse,4379,69
510901,Mouse,3179,87
510967,Elephant,289815,884
510975,Mouse,3096,79
511000,Mouse,3336,89
511047,Mouse,5547,77
511090,Mouse,4384,67
511132,Mouse,4186,70
511159,Mouse,4202,64
511164,Mouse,4027,67
511175,Mouse,4637,74
511176,Elephant,72560,412
511194,Mouse,4059,67
511229,Mouse,4636,71
511263,Mouse,4527,68
511315,Elephant,186291,824
511338,Mouse,3426,64
511368,Mouse,3029,67
511392,Mouse,5718,66
511400,Mouse,5637,66
511526,Mouse,4812,65
511535,Mouse,3438,65
511603,Mouse,4500,65
511634,Mouse,3228,67
511670,Mouse,3265,66
511765,Mouse,4669,69
511784,Mouse,5564,74
511848,Elephant,485475,1365
511922,Mouse,3576,64
511966,Mouse,3897,64
512109,Mouse,3634,64
512116,Mouse,4684,65
512169,Mouse,4349,65
512549,Elephant,62984,326
512702,Mouse,4531,65
512739,Mouse,4654,65
512785,Mouse,4220,65
512795,Mouse,3345,64
512820,Mouse,4570,65
512889,Mouse,4659,67
512891,Mouse,5103,68
512951,Mouse,4539,65
513024,Mouse,3662,64
513186,Mouse,3825,64
513251,Mouse,5187,65
513379,Mouse,3444,64
513425,Mouse,3440,66
513428,Mouse,5716,67
513496,Mouse,3187,66
513592,Mouse,5744,69
513640,Mouse,3961,72
513728,Mouse,4864,68
513764,Mouse,4349,76
513772,Mouse,3460,76
513842,Mouse,3446,76
513845,Elephant,100467,475
513913,Mouse,3120,68
513939,Mouse,5109,69
513956,Elephant,336980,911
514062,Mouse,5648,67
514126,Mouse,3161,64
514175,Mouse,4990,73
514249,Mouse,5127,68
514269,Mouse,4872,65
514359,Mouse,3168,64
514373,Mouse,3836,68
514462,Mouse,3709,65
514517,Elephant,357240,1144
514626,Mouse,4511,65
514710,Mouse,3406,64
514741,Mouse,4095,64
514777,Mouse,4405,65
514941,Mouse,4526,70
515014,Mouse,3178,64
515097,Mouse,4470,65
515119,Mouse,3387,67
515133,Mouse,5267,68
515374,Mouse,4215,70
515408,Elephant,270211,794
515547,Mouse,5222,65
515769,Mouse,5198,66
515813,Mouse,4511,77
515819,Mouse,5694,79
515914,Mouse,3968,69
515919,Mouse,4490,72
515989,Mouse,4775,79
515994,Elephant,447988,1068
516027,Mouse,3106,68
516038,Mouse,3825,72
516161,Mouse,4703,65
516327,Mouse,3637,68
516357,Mouse,3221,65
516421,Mouse,3763,67
516455,Mouse,5287,70
516458,Mouse,3469,71
516471,Mouse,3198,71
516476,Mouse,3706,74
516506,Mouse,4237,77
516570,Mouse,4870,72
516610,Mouse,5356,79
516660,Mouse,4684,88
516671,Elephant,374624,991
516736,Mouse,4994,71
516810,Mouse,4207,67
516844,Mouse,5342,80
516846,Mouse,3258,76
516892,Mouse,5294,80
516920,Mouse,3691,71
516975,Mouse,3250,76
517129,Mouse,3390,69
517170,Mouse,5711,75
517174,Elephant,355722,201589
517191,Mouse,4534,79
517196,Mouse,5534,81
517339,Mouse,3258,66
517419,Mouse,5788,72
517642,Mouse,3115,83
517660,Mouse,3582,83
517730,Elephant,509928,1489
517747,Mouse,5298,88
517786,Mouse,3591,74
517837,Mouse,3861,65
517871,Mouse,4835,69
517878,Mouse,5711,72
517889,Mouse,4798,68
517898,Mouse,4494,70
517927,Mouse,3155,71
517960,Mouse,5721,66
518048,Elephant,565621,1342
518102,Mouse,3553,64
518142,Mouse,5243,65
518292,Mouse,5783,66
518372,Elephant,89218,414
518420,Mouse,5044,65
518481,Mouse,5699,66
518505,Mouse,3522,64
518555,Mouse,4592,65
518646,Mouse,4530,65
518722,Mouse,3374,64
518832,Mouse,3272,64
518849,Mouse,3251,64
518855,Mouse,3764,64
518949,Mouse,4079,64
518974,Mouse,5469,66
519041,Mouse,4931,65
519069,Mouse,5033,69
519116,Mouse,3991,64
519219,Mouse,4356,65
519220,Elephant,94247,446
519240,Elephant,65783,372
519303,Mouse,3883,64
519319,Mouse,4602,65
519339,Mouse,3692,64
519343,Mouse,4426,65
519357,Mouse,4643,65
519386,Mouse,4495,66
519431,Mouse,4564,65
519487,Mouse,3682,64
519563,Mouse,3942,64
519566,Mouse,3447,65
519575,Mouse,4151,64
519612,Mouse,4168,64
519616,Mouse,4062,65
519797,Mouse,3247,64
519809,Mouse,4073,68
519867,Mouse,3980,69
519893,Mouse,3007,66
519927,Elephant,241832,748
520073,Mouse,3882,64
520085,Mouse,3474,64
520099,Mouse,3148,64
520125,Mouse,4041,64
520237,Mouse,5037,66
520240,Mouse,4839,67
520257,Mouse,4886,65
520310,Mouse,3762,64
520334,Mouse,3411,64
520348,Mouse,3466,64
520464,Mouse,3174,64
520481,Mouse,5501,66
520505,Mouse,4929,65
520517,Mouse,4800,65
520567,Mouse,5398,65
520647,Mouse,4550,65
520653,Mouse,4004,64
520717,Mouse,4755,65
520748,Mouse,4520,65
520798,Mouse,5275,71
520830,Mouse,5555,66
520878,Elephant,66298,363
521018,Mouse,4794,65
521044,Mouse,3211,64
521062,Mouse,3401,68
521132,Mouse,3284,64
521260,Mouse,5158,65
521275,Mouse,4210,64
521305,Mouse,4025,64
521314,Mouse,5610,66
521337,Mouse,4469,65
521358,Mouse,4131,65
521372,Mouse,4568,69
521390,Mouse,5712,66
521498,Mouse,5083,69
521554,Mouse,4671,65
521589,Mouse,3321,70
521644,Mouse,3841,67
521688,Mouse,5032,69
521694,Mouse,4411,65
521737,Mouse,3653,72
521788,Mouse,5221,65
521826,Mouse,3941,67
521861,Mouse,5809,70
521879,Mouse,5107,70
521944,Mouse,4732,73
522006,Mouse,4309,65
522078,Mouse,3900,73
522090,Mouse,4987,72
522100,Mouse,3259,74
522173,Mouse,4819,84
522238,Mouse,5238,86
522272,Mouse,5544,92
522389,Elephant,568923,1259
522431,Elephant,247581,827
522454,Mouse,4500,82
522533,Mouse,3884,64
522568,Mouse,4690,65
522636,Mouse,4183,64
522697,Mouse,4077,64
522769,Mouse,5599,66
522826,Mouse,5200,65
522894,Mouse,5107,65
522899,Mouse,3482,64
522949,Mouse,3667,64
523013,Mouse,5533,68
523019,Mouse,5351,66
523027,Mouse,5033,65
523201,Mouse,4525,65
523206,Mouse,5808,66
523296,Mouse,3239,64
523307,Mouse,4183,67
523417,Mouse,3148,64
523481,Mouse,3157,64
523486,Mouse,4181,65
523542,Mouse,4760,65
523555,Mouse,3120,66
523731,Mouse,5421,69
523742,Mouse,4826,72
523758,Mouse,5188,79
523758,Mouse,3812,79
523844,Mouse,4858,71
523895,Mouse,3031,64
524098,Elephant,344066,906
524140,Mouse,3044,67
524146,Mouse,3498,64
524202,Mouse,5058,65
524289,Mouse,3312,64
524344,Mouse,5714,67
524371,Mouse,5387,65
524408,Mouse,3128,64
524417,Mouse,5239,66
524521,Mouse,3363,67
524568,Mouse,4701,69
524587,Mouse,4153,71
524660,Mouse,5635,68
524674,Mouse,5420,71
524740,Mouse,4910,66
524744,Mouse,3501,68
524778,Mouse,4173,66
524886,Mouse,4226,67
524946,Mouse,5678,69
524973,Elephant,373426,947
524975,Mouse,3941,65
525018,Mouse,4904,66
525056,Mouse,3973,64
525079,Mouse,3671,64
525095,Mouse,3675,65
525115,Mouse,3210,64
525187,Mouse,4335,65
525263,Mouse,4793,69
525271,Mouse,3849,64
525301,Mouse,5074,66
525312,Mouse,5494,73
525325,Mouse,4893,65
525451,Mouse,3347,64
525608,Elephant,155293,583
525653,Mouse,4498,65
525785,Mouse,3437,64
525878,Mouse,3874,66
525890,Mouse,3958,64
525933,Mouse,3486,65
525950,Mouse,5350,65
526028,Mouse,4683,65
526035,Mouse,5505,66
526041,Mouse,4225,64
526144,Mouse,4179,64
526148,Mouse,3028,64
526164,Mouse,3325,64
526324,Mouse,4502,65
526374,Mouse,3341,64
526567,Mouse,3970,66
526606,Mouse,4466,73
526649,Mouse,4129,69
526696,Mouse,4031,64
526701,Mouse,4475,65
526712,Mouse,3925,68
526720,Mouse,4583,69
526731,Mouse,4564,77
526759,Mouse,5691,68
526827,Mouse,3084,67
526840,Elephant,133446,200926
526973,Mouse,5778,66
527124,Mouse,5360,77
527236,Elephant,261033,796
527273,Mouse,3813,67
527459,Mouse,3161,71
527525,Mouse,4040,67
527582,Mouse,4357,68
527763,Elephant,507747,1323
527808,Mouse,4726,66
527833,Mouse,5169,65
528006,Mouse,3972,64
528032,Mouse,5250,65
528060,Mouse,3497,65
528074,Mouse,4486,65
528111,Mouse,4571,65
528227,Mouse,5840,71
528282,Mouse,4413,72
528325,Mouse,5092,67
528358,Mouse,5784,66
528382,Mouse,4775,67
528384,Mouse,5560,69
528394,Mouse,5359,68
528449,Mouse,5158,71
528463,Mouse,5621,66
528473,Mouse,3359,64
528536,Mouse,4314,69
528557,Mouse,3072,64
528618,Mouse,4945,66
528663,Elephant,179507,635
528717,Mouse,5388,67
528746,Mouse,3430,64
528790,Mouse,3938,65
528910,Mouse,4249,69
528953,Mouse,3733,70
528988,Mouse,3449,66
529060,Mouse,3922,67
529155,Mouse,4943,66
529203,Mouse,5044,71
529309,Mouse,5435,68
529356,Mouse,3912,75
529515,Mouse,3171,90
529554,Elephant,340391,971
529599,Mouse,3449,79
529619,Mouse,3071,77
529641,Mouse,3417,65
529672,Elephant,401603,1049
529679,Mouse,4171,64
529767,Mouse,4731,66
529840,Mouse,4874,69
530042,Mouse,4718,65
530160,Mouse,5616,71
530352,Mouse,3881,79
530421,Mouse,4049,69
530481,Mouse,4264,66
530490,Mouse,3122,66
530542,Mouse,4061,70
530613,Mouse,5656,79
530633,Mouse,5318,79
530644,Mouse,4902,78
530681,Elephant,595955,1348
530804,Mouse,5057,69
530863,Mouse,4843,65
530881,Mouse,5783,72
530896,Mouse,4506,77
530897,Mouse,4118,76
530952,Mouse,4797,79
530980,Mouse,5283,67
531036,Mouse,4640,69
531073,Mouse,4053,66
531106,Mouse,4377,69
531275,Mouse,4728,74
531281,Mouse,5279,78
531371,Mouse,5240,86
531381,Mouse,4791,88
531571,Mouse,4727,82
531601,Mouse,5608,88
531613,Elephant,539646,1483
531630,Mouse,4722,91
531668,Mouse,3110,80
531768,Mouse,5502,70
531816,Elephant,126376,889
531827,Mouse,4944,71
531828,Mouse,5704,73
531867,Mouse,5349,70
532037,Mouse,4703,66
532100,Mouse,5544,68
532102,Elephant,497012,1446
532121,Mouse,5221,68
532184,Mouse,3664,67
532198,Mouse,5385,68
532240,Mouse,3155,68
532303,Mouse,4279,66
532306,Elephant,152832,585
532360,Mouse,3946,64
532417,Mouse,3028,67
532425,Mouse,4363,68
532444,Mouse,4854,69
532515,Mouse,5031,65
532621,Mouse,5310,71
532649,Mouse,4035,71
532673,Elephant,245305,201197
532701,Mouse,4286,71
532716,Mouse,4138,70
532762,Mouse,5580,71
532780,Mouse,4068,71
532814,Mouse,5021,69
532999,Mouse,5230,87
533023,Mouse,3563,92
533038,Mouse,3983,95
533190,Mouse,5764,86
533204,Mouse,4079,79
533259,Elephant,312531,972
533262,Mouse,3923,69
533347,Mouse,4584,65
533359,Mouse,4512,68
533407,Elephant,32658,208
533546,Mouse,5567,69
533592,Mouse,4098,71
533642,Mouse,3923,76
533654,Elephant,289114,1169
533759,Mouse,3962,68
533779,Mouse,3522,71
533848,Mouse,3942,71
533933,Elephant,299263,1161
533949,Mouse,3250,68
533970,Mouse,4337,68
533977,Mouse,3265,70
533981,Mouse,3046,64
534044,Mouse,4592,70
534120,Mouse,3162,64
534181,Mouse,3481,67
534193,Elephant,512624,1533
534206,Mouse,3038,66
534243,Mouse,4890,65
534250,Mouse,3061,64
534353,Mouse,3891,64
534364,Mouse,5078,65
534436,Mouse,5277,65
534520,Mouse,5561,66
534542,Mouse,5482,70
534600,Mouse,5175,74
534662,Mouse,4619,65
534703,Mouse,4346,65
534835,Mouse,3025,66
535098,Mouse,5598,77
535142,Mouse,3093,82
535179,Mouse,5761,92
535243,Mouse,4965,97
535255,Mouse,3886,103
535272,Mouse,4339,113
535296,Mouse,3348,104
535308,Mouse,4362,107
535332,Elephant,443984,1114
535340,Mouse,3676,102
535495,Mouse,5200,67
535620,Mouse,3979,74
535672,Mouse,3378,64
535708,Mouse,5505,75
535834,Mouse,5495,82
535863,Mouse,5538,82
535909,Mouse,5182,90
536005,Mouse,3319,82
536134,Mouse,3226,72
536206,Mouse,4757,80
536236,Mouse,4674,80
536250,Mouse,4671,86
536323,Elephant,393392,1613
536343,Mouse,5389,73
536593,Mouse,5079,77
536603,Mouse,4089,75
536608,Mouse,5062,78
536706,Mouse,3165,86
536783,Mouse,5676,81
536791,Elephant,580015,2032
536908,Mouse,5024,67
536954,Mouse,5315,66
537015,Mouse,3261,67
537103,Mouse,3772,65
537147,Mouse,3268,66
537160,Elephant,323670,1462
537226,Mouse,5442,66
537252,Mouse,4659,66
537360,Mouse,3464,67
537369,Mouse,3242,64
537377,Mouse,4308,65
537382,Mouse,4029,66
537390,Mouse,5048,72
537449,Elephant,37266,244
537455,Mouse,5742,70
537522,Mouse,3901,71
537523,Mouse,5464,73
537819,Mouse,4345,74
537819,Mouse,4829,75
537822,Elephant,85297,419
537911,Mouse,4521,65
537941,Mouse,3134,64
537966,Mouse,5202,70
538057,Mouse,3847,65
538073,Mouse,5650,72
538084,Mouse,3129,64
538128,Mouse,4427,72
538196,Mouse,3355,67
538233,Mouse,4126,68
538381,Mouse,5810,71
538412,Elephant,544758,1176
538430,Mouse,4818,78
538531,Mouse,4759,72
538541,Mouse,5283,73
538566,Mouse,5716,71
538607,Mouse,4037,68
538647,Elephant,45020,288
538654,Mouse,3878,67
538682,Mouse,5815,67
538690,Mouse,3852,67
538735,Mouse,3610,65
538741,Elephant,198100,698
538766,Mouse,3570,64
538785,Mouse,5550,69
538786,Mouse,5593,70
538840,Mouse,5785,66
538853,Mouse,4041,64
538953,Mouse,4648,65
538975,Mouse,4804,65
538986,Mouse,5578,66
539056,Mouse,4541,65
539159,Mouse,3351,64
539215,Mouse,3390,64
539328,Mouse,4412,65
539434,Mouse,3576,64
539623,Mouse,5282,71
539772,Mouse,3007,64
539880,Mouse,5831,72
539928,Mouse,4364,73
539959,Mouse,4972,73
539960,Mouse,5311,74
540144,Mouse,5527,85
540234,Mouse,5524,100
540318,Mouse,5281,87
540334,Mouse,5536,90
540365,Mouse,4115,86
540430,Mouse,3416,67
540518,Mouse,4115,67
540530,Mouse,4583,72
540548,Mouse,3176,73
540571,Mouse,5748,74
540579,Mouse,4985,76
540587,Elephant,571946,1382
540590,Mouse,5615,80
540594,Mouse,4712,80
540614,Mouse,4282,69
540643,Mouse,4187,71
540773,Mouse,5694,66
540778,Elephant,483895,1366
540855,Mouse,5836,71
540907,Mouse,4744,72
540975,Mouse,4502,65
541098,Mouse,3030,65
541102,Mouse,5605,68
541143,Mouse,4337,67
541146,Mouse,3411,65
541191,Mouse,4187,68
541228,Mouse,5667,66
541293,Mouse,5541,70
541319,Mouse,3473,77
541329,Mouse,4416,67
541331,Elephant,247098,766
541333,Mouse,4469,70
541392,Mouse,4000,66
541519,Mouse,4310,68
541550,Mouse,5530,66
541620,Mouse,4368,69
541634,Mouse,4053,71
541858,Mouse,4961,76
541935,Mouse,5090,82
541957,Mouse,3396,73
541997,Mouse,4167,70
542027,Mouse,3365,70
542116,Mouse,3065,81
542133,Mouse,4433,88
542198,Mouse,5271,98
542210,Mouse,5062,104
542282,Mouse,3599,102
542313,Mouse,3554,108
542396,Mouse,4727,103
542446,Mouse,3314,85
542478,Mouse,4157,68
542487,Mouse,4813,71
542565,Elephant,587332,1635
542587,Mouse,4370,69
542613,Mouse,4549,65
542617,Mouse,4334,65
542704,Mouse,4233,67
542761,Mouse,5192,83
542762,Mouse,5635,84
542792,Elephant,56453,349
542848,Mouse,3616,81
542849,Mouse,4101,80
542959,Mouse,4209,69
542994,Mouse,4939,81
543036,Elephant,194126,1364
543048,Mouse,4657,77
543170,Mouse,4452,80
543233,Mouse,4063,82
543400,Elephant,566380,2067
543555,Elephant,428822,1971
543744,Elephant,68265,392
543759,Mouse,3718,71
543815,Mouse,3400,67
543939,Mouse,4235,68
544017,Mouse,4781,85
544017,Mouse,3534,87
544111,Mouse,3448,102
544307,Mouse,3391,74
544397,Mouse,4802,72
544423,Mouse,4568,80
544570,Mouse,5505,105
544695,Mouse,4482,78
544844,Mouse,4017,87
544878,Mouse,5529,90
544991,Mouse,5442,101
545010,Mouse,4512,103
545038,Mouse,4442,100
545061,Mouse,5289,99
545068,Mouse,3417,99
545117,Mouse,3449,81
545132,Mouse,4387,77
545249,Mouse,5741,66
545317,Mouse,4433,82
545384,Mouse,5375,99
545471,Mouse,4065,88
545544,Mouse,3575,81
545573,Mouse,4222,79
545594,Mouse,3947,73
545643,Mouse,3846,80
545655,Elephant,536527,2619
545673,Mouse,4286,84
545791,Mouse,5102,76
546050,Mouse,3328,89
546109,Mouse,5490,87
546155,Mouse,5466,88
546175,Mouse,3488,88
546241,Mouse,4371,88
546272,Mouse,5450,83
546299,Mouse,3722,85
546327,Mouse,3832,89
546362,Mouse,3882,92
546373,Mouse,4580,96
546385,Mouse,4495,102
546442,Mouse,4784,85
546471,Mouse,4818,80
546560,Mouse,3393,77
546567,Mouse,4562,82
546627,Mouse,3613,86
546714,Mouse,3208,92
546765,Mouse,3295,95
546769,Mouse,3842,98
546871,Mouse,5041,98
546883,Elephant,502178,2575
546910,Mouse,4027,77
546997,Mouse,3993,68
547015,Mouse,3594,72
547035,Mouse,3647,68
547053,Mouse,4408,74
547065,Mouse,3721,78
547089,Mouse,4664,69
547158,Mouse,3806,65
547242,Mouse,3055,65
547402,Mouse,5806,74
547431,Mouse,3502,81
547638,Elephant,551175,2930
547691,Mouse,5294,79
547751,Mouse,5050,70
547829,Mouse,3702,67
548009,Mouse,5006,69
548018,Elephant,211731,732
548022,Mouse,5765,72
548187,Mouse,5760,67
548296,Mouse,4247,69
548308,Mouse,3207,68
548380,Mouse,3933,68
548479,Mouse,4327,68
548519,Mouse,4665,70
548524,Mouse,3100,64
548639,Mouse,3893,68
548644,Mouse,4484,70
548907,Mouse,4750,68
548913,Mouse,4508,71
549130,Mouse,3985,72
549204,Elephant,87559,443
549206,Mouse,5067,92
549296,Elephant,410796,1040
549336,Mouse,3588,78
549377,Mouse,5664,70
549408,Mouse,3341,64
549490,Mouse,5128,65
549681,Elephant,90847,639
549685,Mouse,5272,70
549843,Mouse,4825,75
549911,Mouse,3022,69
549958,Mouse,3545,72
549962,Elephant,273579,1086
549983,Mouse,3874,68
549987,Mouse,4494,69
550005,Mouse,5212,75
550126,Elephant,134065,562
550139,Mouse,5196,69
550293,Mouse,3940,64
550315,Mouse,3523,67
550473,Mouse,4590,68
550521,Elephant,228612,856
550676,Mouse,5302,65
550710,Mouse,3681,67
550720,Mouse,5774,73
550805,Mouse,4924,77
550818,Mouse,4398,70
551006,Mouse,4877,82
551042,Mouse,5360,88
551156,Mouse,4575,92
551181,Mouse,4836,92
551209,Elephant,78504,493
551276,Mouse,4224,76
551568,Mouse,3012,85
551616,Mouse,5459,95
551670,Elephant,126679,584
551693,Mouse,5794,81
551793,Mouse,5381,74
551840,Elephant,473047,1560
551849,Mouse,3544,66
551859,Mouse,5606,72
551875,Mouse,5518,79
551894,Elephant,379758,1491
551929,Mouse,5748,66
551952,Mouse,5250,67
551973,Mouse,5709,66
551991,Mouse,4052,67
552009,Mouse,4214,71
552126,Mouse,5559,68
552132,Elephant,376215,1620
552167,Mouse,4755,71
552170,Mouse,3724,71
552260,Mouse,5272,65
552281,Mouse,3333,64
552314,Mouse,3201,64
552336,Mouse,5416,70
552438,Mouse,4918,70
552451,Mouse,5489,66
552463,Mouse,5742,69
552485,Mouse,5485,69
552537,Mouse,5663,66
552626,Mouse,4131,64
552658,Mouse,3661,68
552687,Mouse,3549,67
552706,Elephant,268691,784
552754,Mouse,3455,64
552799,Mouse,4712,66
552802,Mouse,4519,65
552828,Mouse,4797,66
552849,Mouse,5665,66
552874,Mouse,4051,64
552929,Mouse,5713,66
553027,Mouse,5059,65
553032,Mouse,4379,65
553060,Mouse,5691,66
553068,Mouse,5346,65
553104,Mouse,5362,66
553118,Mouse,5443,69
553119,Mouse,5493,69
553218,Mouse,4078,65
553266,Mouse,5364,65
553328,Mouse,4309,68
553332,Mouse,3352,71
553480,Mouse,5768,73
553513,Mouse,3095,66
553546,Mouse,3188,67
553711,Mouse,5702,71
553766,Mouse,3372,74
553772,Elephant,180967,639
553952,Mouse,5036,68
553953,Mouse,3944,67
554048,Mouse,4711,72
554068,Mouse,4283,77
554085,Mouse,4160,81
554110,Mouse,5438,90
554131,Mouse,3155,97
554158,Mouse,3420,102
554209,Mouse,4581,109
554222,Mouse,3529,114
554223,Mouse,5101,119
554273,Mouse,5469,109
554279,Mouse,4855,113
554307,Elephant,461873,1158
554335,Mouse,4324,90
554417,Mouse,3916,66
554477,Mouse,4231,65
554522,Mouse,4080,66
554534,Mouse,4420,66
554600,Mouse,4320,68
554767,Mouse,3561,71
554861,Mouse,3975,68
555034,Mouse,4633,72
555201,Mouse,5456,81
555266,Elephant,319919,1338
555276,Mouse,3756,84
555325,Elephant,549015,1770
555334,Mouse,3708,71
555337,Mouse,4988,71
555374,Mouse,4548,66
555390,Mouse,4229,67
555419,Mouse,4509,68
555453,Mouse,4135,64
555549,Mouse,4389,65
555589,Mouse,3377,64
555849,Mouse,5709,66
555876,Mouse,4334,70
555931,Mouse,4218,72
555970,Mouse,3951,67
555984,Mouse,4781,69
556020,Mouse,5103,71
556171,Mouse,3066,71
556198,Elephant,476189,1125
556205,Mouse,5118,73
556213,Mouse,3965,70
556421,Mouse,4489,65
556460,Mouse,5735,68
556495,Mouse,4071,68
556538,Mouse,5758,70
556598,Mouse,4924,69
556619,Mouse,4844,69
556688,Mouse,5427,65
556717,Mouse,3736,67
556820,Mouse,3574,64
556836,Elephant,400365,995
556864,Mouse,5174,66
556924,Mouse,5310,65
556950,Mouse,4571,65
556964,Mouse,4052,64
557116,Mouse,3137,67
557147,Mouse,5730,66
557213,Mouse,3103,67
557258,Mouse,4467,70
557331,Mouse,3776,64
557336,Elephant,69246,365
557375,Mouse,3125,64
557390,Mouse,3347,64
557406,Mouse,4340,65
557596,Mouse,3083,64
557650,Mouse,4482,65
557732,Mouse,5665,66
557812,Mouse,4079,64
557852,Mouse,5559,66
557975,Mouse,4410,68
558093,Mouse,5640,70
558102,Mouse,4628,73
558116,Mouse,5293,78
558226,Mouse,4879,70
558252,Mouse,4884,76
558286,Mouse,5004,72
558290,Mouse,4369,73
558329,Elephant,341365,907
558438,Mouse,3051,64
558607,Mouse,4275,70
558612,Mouse,5109,69
558633,Mouse,4433,69
558843,Mouse,3401,66
558923,Mouse,3684,72
558927,Elephant,289447,852
558929,Mouse,3118,72
558946,Mouse,5537,69
558973,Mouse,5032,75
559017,Mouse,5132,67
559025,Mouse,4387,70
559127,Mouse,4033,65
559168,Elephant,294957,867
559269,Mouse,4610,66
559383,Mouse,4345,65
559445,Mouse,3796,64
559457,Mouse,3087,64
559507,Mouse,3227,64
559564,Mouse,3331,64
559581,Mouse,4741,65
559591,Mouse,3515,64
559641,Mouse,5519,66
559703,Mouse,5499,66
559752,Mouse,4476,65
559817,Mouse,5380,65
559892,Mouse,4186,64
559910,Mouse,4350,65
560015,Mouse,4114,64
560039,Mouse,3360,64
560102,Mouse,3215,64
560134,Mouse,3151,64
560140,Mouse,3764,64
560166,Mouse,4282,67
560172,Mouse,5712,66
560182,Mouse,3302,65
560192,Mouse,3554,64
560374,Mouse,5714,68
560380,Mouse,5255,65
560425,Mouse,5339,66
560448,Mouse,4836,65
560472,Mouse,5070,65
560490,Mouse,4822,68
560507,Mouse,5260,69
560529,Mouse,3774,67
560539,Mouse,4442,67
560603,Mouse,3293,65
560605,Mouse,4162,66
560618,Mouse,5084,70
560679,Mouse,4778,69
560805,Mouse,4834,70
560885,Mouse,4929,69
560910,Mouse,3592,67
560915,Mouse,4074,69
561123,Mouse,4764,106
561176,Mouse,4296,126
561196,Mouse,5430,131
561220,Mouse,4221,133
561261,Mouse,3249,128
561274,Mouse,5452,119
561276,Mouse,5469,120
561303,Mouse,3447,108
561314,Mouse,3559,100
561330,Mouse,5781,97
561576,Mouse,4958,68
561576,Elephant,400045,1286
561612,Mouse,3030,67
561630,Mouse,4587,67
561644,Mouse,4844,70
561651,Elephant,390512,1478
561693,Mouse,5064,73
561710,Elephant,43661,279
561715,Mouse,4234,65
561722,Mouse,3876,65
561754,Mouse,4326,68
561762,Mouse,4825,65
561773,Mouse,4181,64
561778,Mouse,4045,65
561933,Mouse,3963,64
561943,Mouse,5683,66
561990,Mouse,3882,64
562059,Mouse,3213,64
562200,Elephant,50565,283
562212,Mouse,3704,64
562235,Mouse,4288,68
562478,Mouse,4448,66
562482,Mouse,4526,67
562544,Mouse,3950,69
562566,Mouse,4021,64
562579,Elephant,106643,459
562606,Mouse,3195,64
562642,Mouse,3632,65
562654,Mouse,3122,64
562727,Mouse,3279,64
562819,Mouse,4150,64
562897,Mouse,5394,66
562933,Mouse,4565,65
562941,Mouse,4849,66
562947,Mouse,4279,69
562970,Mouse,3981,64
562979,Mouse,3198,64
563002,Mouse,4812,65
563101,Mouse,5484,67
563291,Mouse,4481,66
563335,Mouse,4000,66
563442,Mouse,3869,67
563659,Elephant,184283,633
563724,Mouse,3490,67
563733,Mouse,5338,68
563777,Mouse,5791,70
563805,Elephant,82465,407
563943,Mouse,3171,64
564015,Mouse,3182,64
564110,Mouse,4430,65
564191,Mouse,3926,64
564238,Mouse,3441,64
564270,Mouse,4187,64
564407,Mouse,4972,68
564409,Mouse,4242,68
564503,Mouse,3839,67
564525,Mouse,3433,64
564672,Mouse,4601,67
564710,Mouse,5795,66
564834,Mouse,4178,64
564846,Mouse,3324,68
564849,Mouse,4426,70
564854,Mouse,3301,70
564913,Mouse,4184,76
564969,Mouse,5522,66
565036,Mouse,3324,66
565053,Mouse,4006,64
565121,Mouse,4123,67
565190,Mouse,3591,65
565251,Elephant,305241,858
565565,Mouse,3237,71
565582,Elephant,77595,371
565601,Mouse,4133,70
565682,Mouse,4501,67
565698,Mouse,5619,70
565768,Mouse,4604,70
565885,Mouse,4335,70
565896,Mouse,3241,73
565939,Mouse,4412,74
565951,Mouse,4297,80
566073,Mouse,4215,78
566188,Mouse,3249,80
566234,Mouse,5296,90
566281,Mouse,3450,89
566296,Elephant,431505,1110
566330,Mouse,5423,81
566382,Mouse,4690,65
566389,Elephant,504363,1300
566432,Mouse,4849,66
566441,Mouse,4170,64
566534,Mouse,3934,64
566540,Mouse,3400,64
566549,Mouse,4351,66
566551,Mouse,4601,67
566579,Mouse,4170,65
566604,Mouse,4242,64
566621,Mouse,5658,68
566635,Mouse,3690,64
566643,Mouse,5327,66
566794,Mouse,3400,67
566869,Mouse,3770,67
566995,Elephant,100234,452
567001,Mouse,3581,64
567008,Mouse,4561,70
567100,Mouse,5822,68
567196,Mouse,3871,68
567220,Mouse,3518,64
567276,Elephant,306388,856
567332,Mouse,3275,65
567337,Mouse,5610,69
567406,Mouse,4198,64
567459,Mouse,5180,65
567482,Mouse,5339,65
567527,Mouse,5506,66
567549,Mouse,4032,66
567609,Mouse,4780,65
567894,Mouse,4934,71
568046,Mouse,4680,65
568060,Mouse,4524,70
568134,Mouse,3740,64
568432,Mouse,3455,104
568567,Mouse,4660,78
568593,Elephant,463267,1164
568614,Mouse,4557,67
568646,Mouse,4542,73
568663,Mouse,4294,68
568700,Mouse,5139,65
568993,Mouse,4554,70
569165,Mouse,5769,82
569168,Elephant,363250,1305
569195,Mouse,4005,84
569210,Mouse,4015,78
569300,Mouse,3407,69
569345,Mouse,4865,75
569354,Mouse,3520,75
569416,Mouse,3543,82
569421,Mouse,4836,86
569452,Mouse,3352,76
569522,Mouse,3536,69
569606,Mouse,4858,86
569692,Mouse,5002,105
569715,Elephant,362375,1597
569725,Mouse,4024,106
569740,Elephant,456264,1544
569836,Mouse,3514,67
569894,Mouse,3851,67
569967,Mouse,5521,68
569980,Mouse,3679,66
570004,Elephant,126312,863
570027,Elephant,90390,556
570050,Mouse,4245,64
570068,Mouse,5324,66
570164,Mouse,3437,67
570184,Elephant,45916,281
570271,Mouse,5488,75
570275,Mouse,3531,74
570344,Mouse,4067,68
570468,Mouse,4694,68
570474,Mouse,4400,69
570530,Mouse,4342,70
570669,Mouse,5712,76
570697,Elephant,355875,952
570774,Mouse,3771,68
570981,Mouse,3349,67
571021,Mouse,3622,68
571105,Mouse,3387,71
571184,Mouse,3993,75
571244,Mouse,4318,83
571253,Elephant,486079,1126
571496,Mouse,3827,66
571541,Mouse,3972,68
571615,Mouse,4944,68
571629,Mouse,5387,72
571880,Elephant,397213,1186
571957,Mouse,3366,67
572240,Mouse,4307,70
572252,Mouse,3952,66
572348,Mouse,4600,67
572396,Mouse,3942,70
572477,Mouse,5106,67
572747,Elephant,591675,1220
572789,Mouse,5447,66
573060,Mouse,4788,66
573109,Mouse,3359,65
573170,Mouse,3054,66
573189,Mouse,5443,67
573224,Mouse,4341,66
573292,Mouse,3816,64
573301,Mouse,4681,70
573375,Mouse,4280,65
573446,Mouse,3888,70
573640,Mouse,5700,67
573663,Mouse,3250,66
573688,Mouse,5334,70
573725,Mouse,4506,65
573736,Mouse,3088,69
573750,Mouse,3058,70
573772,Mouse,5047,71
573778,Mouse,3228,66
573782,Elephant,276250,806
574057,Mouse,3613,64
574155,Mouse,3598,64
574178,Mouse,5367,65
574215,Mouse,4058,67
574281,Mouse,4636,65
574407,Mouse,5144,65
574440,Mouse,3010,67
574454,Mouse,3638,64
574689,Mouse,3365,67
574889,Mouse,4805,78
574981,Mouse,3948,94
574990,Mouse,3641,98
574994,Elephant,466836,1109
574996,Mouse,5730,102
575005,Mouse,5784,90
575009,Mouse,3419,90
575045,Mouse,5783,87
575078,Mouse,4945,86
575079,Mouse,3877,76
575163,Mouse,4591,66
575194,Mouse,5539,69
575244,Mouse,3732,72
575265,Elephant,393672,1107
575291,Mouse,4044,68
575294,Mouse,3742,69
575356,Mouse,4939,65
575432,Mouse,4964,65
575500,Mouse,5756,66
575579,Mouse,5439,66
575842,Mouse,5599,69
575888,Mouse,5219,70
575907,Mouse,4560,65
575949,Mouse,4178,65
576057,Mouse,4493,66
576124,Mouse,4067,64
576172,Mouse,4700,65
576298,Mouse,5345,73
576303,Mouse,3791,69
576318,Mouse,5082,72
576447,Mouse,4978,73
576538,Mouse,4727,89
576549,Mouse,4284,95
576583,Mouse,4472,95
576697,Elephant,354556,971
576720,Mouse,3850,71
576781,Mouse,5787,66
576790,Mouse,3607,67
576811,Mouse,5563,66
576870,Mouse,4573,65
577020,Mouse,4284,69
577040,Mouse,4871,69
577096,Mouse,4817,69
577117,Mouse,5330,73
577302,Elephant,527782,1561
577326,Mouse,3616,74
577342,Mouse,4834,67
577429,Mouse,4603,71
577600,Mouse,3973,70
577638,Elephant,428550,1516
577667,Mouse,4620,74
577679,Mouse,4941,76
577687,Mouse,5036,66
577730,Mouse,3879,72
577794,Elephant,278176,824
577823,Mouse,3229,64
578097,Mouse,3217,64
578120,Mouse,3800,67
578154,Mouse,5719,66
578241,Mouse,4551,65
578283,Mouse,5438,68
578310,Mouse,3762,71
578318,Mouse,4689,74
578328,Mouse,4759,73
578425,Mouse,4693,65
578475,Mouse,5028,69
578496,Mouse,4612,77
578606,Mouse,3459,92
578662,Mouse,4828,105
578725,Mouse,3056,114
578772,Mouse,4948,106
578853,Mouse,3922,72
578948,Mouse,3501,69
578987,Elephant,191288,905
579014,Mouse,3115,72
579101,Mouse,3369,70
579175,Mouse,5693,82
579301,Mouse,3707,85
579310,Mouse,3417,86
579319,Mouse,5004,86
579392,Mouse,5167,82
579402,Mouse,3086,64
579445,Mouse,3028,69
579455,Mouse,4831,66
579581,Mouse,5475,67
579631,Mouse,5314,69
579636,Mouse,4006,69
579656,Mouse,5031,76
579674,Elephant,95016,649
579722,Mouse,4192,76
579729,Elephant,407060,1659
579750,Mouse,4591,70
579784,Mouse,4314,74
579791,Mouse,3568,76
579858,Mouse,3168,65
579867,Mouse,5537,66
579944,Mouse,3133,66
580076,Mouse,3627,65
580219,Elephant,296929,1179
580226,Mouse,3259,71
580281,Mouse,4590,72
580309,Mouse,4137,66
580456,Mouse,4376,71
580492,Mouse,3967,67
580542,Mouse,3079,70
580551,Mouse,3912,70
580568,Mouse,3018,71
580602,Mouse,5770,74
580629,Mouse,3129,77
580631,Elephant,227587,736
580645,Mouse,4786,70
580740,Mouse,4643,69
580747,Elephant,202375,759
580775,Mouse,5239,65
580844,Mouse,3330,64
580903,Mouse,4620,65
581014,Mouse,3899,64
581127,Mouse,3615,64
581302,Mouse,3630,64
581382,Mouse,5392,65
581449,Mouse,4890,69
581486,Mouse,4589,70
581500,Mouse,5797,77
581506,Mouse,3976,75
581685,Mouse,4421,69
581690,Mouse,3437,70
581720,Mouse,4560,67
581878,Elephant,271662,803
581975,Mouse,3984,64
581991,Mouse,5806,71
582005,Elephant,289669,918
582006,Mouse,4034,72
582148,Mouse,3299,64
582194,Mouse,3057,65
582198,Mouse,5798,67
582418,Mouse,5410,70
582423,Mouse,3337,71
582528,Mouse,5578,67
582654,Mouse,4889,74
582713,Mouse,3548,80
582763,Mouse,4355,86
582787,Mouse,4101,92
582826,Mouse,4744,97
582849,Mouse,5271,110
582905,Mouse,3354,111
582923,Elephant,302404,1298
582992,Mouse,3493,77
583018,Mouse,5196,67
583103,Mouse,3383,65
583130,Mouse,4186,65
583148,Mouse,3187,67
583264,Mouse,3060,66
583294,Mouse,4146,71
583306,Mouse,3545,73
583351,Mouse,3862,76
583407,Mouse,3492,72
583463,Elephant,308919,1253
583497,Elephant,346583,1396
583515,Mouse,3004,63
583544,Mouse,5237,70
583602,Mouse,4090,66
583712,Mouse,5018,68
583798,Mouse,4411,65
583894,Mouse,3235,64
583922,Mouse,4788,69
584021,Mouse,3577,64
584082,Mouse,3926,70
584100,Mouse,5439,70
584112,Mouse,3831,66
584125,Elephant,108149,465
584142,Mouse,3479,69
584151,Mouse,5647,77
584270,Mouse,3110,64
584302,Mouse,5516,68
584390,Mouse,4093,68
584451,Mouse,5804,72
584655,Mouse,4795,67
584711,Mouse,5390,66
584742,Mouse,5585,66
584867,Mouse,5150,70
585070,Mouse,4610,65
585141,Mouse,4278,65
585184,Mouse,3771,64
585234,Mouse,4622,65
585404,Mouse,4790,67
585419,Mouse,3375,64
585428,Mouse,3094,67
585476,Mouse,4838,73
585503,Mouse,4054,78
585507,Mouse,5426,82
585507,Mouse,5292,78
585526,Elephant,231673,729
585667,Mouse,5646,67
585683,Mouse,4021,70
585746,Mouse,4078,64
585781,Mouse,3199,64
585800,Mouse,3860,64
585888,Mouse,3385,64
585949,Elephant,100583,477
586021,Mouse,3671,65
586099,Mouse,3551,64
586155,Mouse,4413,69
586162,Mouse,4805,70
586180,Mouse,4550,68
586224,Mouse,4966,68
586338,Elephant,147566,554
586360,Mouse,3832,64
586417,Mouse,5681,66
586459,Mouse,5482,66
586503,Mouse,3033,64
586508,Mouse,4225,64
586522,Mouse,3733,64
586527,Mouse,5411,66
586595,Mouse,3571,65
586602,Mouse,4766,71
586625,Mouse,4020,64
586634,Mouse,4516,65
586656,Mouse,4374,65
586680,Mouse,4823,66
586814,Mouse,3176,64
586821,Mouse,3077,64
586833,Mouse,3688,64
586935,Mouse,3273,64
586973,Mouse,3366,64
586988,Mouse,3291,64
587013,Mouse,5541,66
587033,Mouse,5058,66
587078,Mouse,3003,70
587101,Mouse,5586,70
587356,Mouse,3729,73
587416,Mouse,5234,74
587504,Elephant,162288,607
587541,Mouse,5266,74
587568,Elephant,147474,557
587580,Elephant,159814,602
587585,Mouse,5226,72
587592,Mouse,5511,66
587623,Mouse,5272,71
587665,Mouse,3439,64
587683,Mouse,5634,66
587843,Mouse,3462,64
587871,Mouse,3513,66
588017,Mouse,5245,69
588022,Mouse,5753,70
588081,Mouse,3359,64
588156,Mouse,5053,65
588199,Mouse,4059,65
588221,Mouse,3647,66
588382,Mouse,5249,65
588415,Mouse,3371,64
588447,Mouse,3935,68
588666,Mouse,3519,65
588667,Elephant,516959,1167
588731,Mouse,4595,65
588759,Mouse,3141,64
588804,Mouse,3145,64
588816,Mouse,5214,65
588831,Mouse,5094,68
588904,Mouse,3721,64
589025,Mouse,4560,66
589030,Mouse,5485,68
589086,Elephant,80218,405
589163,Mouse,5228,65
589169,Mouse,4937,65
589173,Mouse,4706,66
589203,Mouse,5124,74
589217,Mouse,4778,79
589229,Mouse,4941,68
589372,Mouse,3061,71
589397,Mouse,3451,72
589414,Elephant,231617,865
589420,Mouse,4885,70
589427,Mouse,5341,70
589569,Mouse,4593,65
589608,Mouse,4958,67
589622,Mouse,3427,68
589688,Mouse,3022,73
589700,Mouse,4621,73
589901,Elephant,80051,550
589929,Mouse,5730,72
590172,Elephant,520007,1140
590363,Mouse,5342,74
590448,Mouse,3375,72
590517,Mouse,3684,72
590540,Mouse,5572,75
590611,Mouse,3787,76
590668,Mouse,5203,81
590672,Mouse,3033,83
590827,Mouse,5436,66
590901,Mouse,3417,73
590930,Mouse,3097,73
590963,Mouse,4104,84
591046,Mouse,3368,74
591098,Elephant,150003,797
591132,Mouse,4633,89
591353,Mouse,3132,80
591521,Elephant,539415,1544
591531,Mouse,4532,76
591778,Mouse,4482,73
591850,Elephant,399486,1513
591867,Mouse,4212,70
591900,Mouse,4007,69
591945,Mouse,3902,66
591967,Mouse,4041,68
592194,Mouse,4411,97
592206,Mouse,4793,100
592242,Elephant,524857,1875
592285,Mouse,3630,88
592313,Mouse,5601,79
592330,Mouse,4433,65
592407,Mouse,4962,68
592475,Mouse,3424,66
592553,Mouse,5423,78
592576,Mouse,4989,84
592643,Mouse,5616,89
592679,Mouse,5403,82
592734,Mouse,4345,78
592774,Elephant,474238,1729
592788,Mouse,4722,73
592819,Mouse,3008,69
592835,Mouse,3501,71
592880,Mouse,3444,73
592909,Mouse,3627,84
593060,Mouse,5469,73
593111,Mouse,3473,85
593140,Mouse,5488,100
593145,Mouse,5330,103
593188,Mouse,4989,111
593257,Mouse,5818,102
593263,Mouse,4037,97
593294,Mouse,4604,84
593315,Elephant,197155,940
593434,Mouse,3899,72
593488,Elephant,102775,723
593539,Mouse,5438,72
593706,Elephant,425839,1721
593746,Mouse,4542,66
593757,Elephant,427698,1819
593900,Mouse,3586,65
593916,Mouse,4248,64
593942,Mouse,3026,66
593962,Mouse,5788,67
593990,Mouse,3632,64
594022,Mouse,4993,69
594026,Mouse,4573,68
594100,Elephant,57988,322
594112,Mouse,5447,67
594183,Mouse,3294,65
594299,Mouse,3393,64
594336,Mouse,3689,67
594509,Mouse,4865,69
594537,Mouse,4478,72
594544,Mouse,4832,70
594549,Mouse,3321,70
594578,Mouse,5821,77
594595,Mouse,3904,74
594697,Mouse,3237,66
594800,Mouse,4300,73
594816,Mouse,3368,76
594846,Mouse,3016,76
594961,Mouse,3488,72
594968,Mouse,5387,74
594976,Elephant,327839,924
595025,Mouse,5505,76
595035,Mouse,5048,75
595039,Mouse,3876,75
595067,Mouse,4040,67
595143,Mouse,5598,73
595253,Mouse,3728,67
595266,Mouse,3117,65
595316,Elephant,511155,1205
595322,Mouse,4867,65
595394,Mouse,3607,65
595502,Mouse,4054,64
595512,Mouse,5234,65
595568,Mouse,4979,65
595666,Mouse,4570,65
595684,Mouse,5128,67
595706,Mouse,4839,65
595738,Mouse,3362,64
595793,Mouse,4182,64
595864,Elephant,103172,200900
596042,Mouse,4407,65
596081,Mouse,4863,69
596241,Mouse,3014,66
596265,Mouse,3437,77
596310,Mouse,5416,76
596366,Mouse,3476,64
596409,Mouse,3726,68
596487,Elephant,283755,827
596506,Mouse,4907,68
596530,Mouse,5070,73
596534,Mouse,3882,68
596561,Mouse,3789,65
596592,Mouse,5108,69
596598,Elephant,63111,332
596627,Mouse,5834,66
596665,Mouse,4038,66
596719,Mouse,3835,64
596793,Mouse,3651,64
597019,Mouse,4254,69
597032,Mouse,4957,71
597043,Mouse,4909,70
597117,Mouse,3127,73
597164,Mouse,4568,77
597503,Mouse,3912,94
597539,Elephant,594750,1402
597568,Elephant,127202,703
597570,Mouse,5093,89
597619,Mouse,5624,70
597661,Mouse,4999,70
597666,Mouse,3565,71
597716,Elephant,154524,201383
597772,Mouse,3572,64
597841,Mouse,4594,69
597949,Mouse,5372,65
597956,Mouse,5332,67
598060,Mouse,3322,66
598107,Mouse,5349,69
598149,Mouse,3652,66
598182,Mouse,3194,65
598188,Mouse,4307,66
598205,Mouse,4622,68
598238,Mouse,3902,68
598245,Elephant,489810,1469
598257,Mouse,3918,64
598335,Mouse,5491,66
598399,Mouse,4937,65
598407,Mouse,4975,66
598410,Mouse,4179,67
598478,Mouse,3730,64
598511,Mouse,3728,64
598542,Mouse,5151,65
598646,Mouse,3108,64
598699,Mouse,4424,65
598830,Mouse,4838,65
598883,Mouse,3840,64
598904,Mouse,4824,68
598965,Mouse,5478,67
599024,Mouse,4311,69
599029,Mouse,3084,72
599038,Mouse,4606,76
599071,Mouse,4725,71
599094,Mouse,3059,66
599197,Mouse,4221,69
599201,Elephant,451308,202498
599218,Mouse,4351,65
599244,Mouse,3506,68
599329,Mouse,4664,65
599366,Mouse,3062,64
599413,Mouse,4373,65
599441,Mouse,3718,64
599446,Mouse,5608,66
599450,Mouse,3430,64
599496,Mouse,3102,64
599542,Mouse,3582,67
599545,Mouse,5345,68
599598,Mouse,5541,66
599621,Mouse,3822,64
599637,Mouse,5203,65
599693,Mouse,5182,65
599779,Mouse,4625,65
599791,Mouse,3644,64
599843,Mouse,4142,64
599950,Mouse,5101,65
600063,Mouse,4080,64
600274,Mouse,4129,64
600307,Mouse,3957,64
600344,Mouse,3420,64
600406,Mouse,4449,65
600426,Mouse,5042,65
600493,Mouse,4644,67
600702,Mouse,5745,73
600904,Mouse,4846,80
600957,Mouse,4287,86
600968,Mouse,5441,92
601078,Elephant,183254,701
601091,Mouse,3532,81
601216,Mouse,3449,65
601260,Mouse,4580,69
601270,Mouse,3258,65
601361,Mouse,5321,70
601382,Mouse,4512,69
601406,Mouse,3462,77
601415,Mouse,3920,70
601483,Mouse,3647,75
601506,Mouse,3852,81
601516,Mouse,5527,83
601549,Mouse,4705,89
601581,Elephant,152865,816
601602,Elephant,253450,1104
601625,Elephant,293345,1209
601655,Mouse,4431,67
601661,Mouse,5165,70
601845,Mouse,3340,65
601892,Mouse,4403,65
601991,Mouse,3783,68
601995,Elephant,51326,286
602203,Mouse,4166,64
602351,Mouse,4239,67
602435,Mouse,5182,74
602498,Mouse,4910,77
602521,Mouse,4643,83
602574,Mouse,3564,87
602679,Mouse,3243,66
602765,Elephant,84045,551
602777,Elephant,557887,1619
602937,Elephant,219082,900
603054,Elephant,61194,327
603078,Mouse,3954,64
603265,Mouse,5547,66
603294,Mouse,3599,66
603296,Mouse,5183,68
603304,Mouse,4075,64
603337,Mouse,5189,67
603349,Mouse,4585,65
603413,Mouse,3513,65
603504,Mouse,3465,64
603535,Mouse,5441,68
603554,Mouse,5492,72
603559,Mouse,5389,70
603645,Mouse,4375,74
603696,Elephant,47361,279
603813,Mouse,5748,72
603887,Mouse,3391,67
603897,Mouse,5516,68
603968,Mouse,3012,66
604060,Elephant,149185,590
604224,Elephant,415302,1011
604352,Mouse,3857,64
604429,Mouse,4295,65
604455,Mouse,4202,65
604633,Mouse,5172,69
604637,Mouse,3929,64
604978,Mouse,4111,67
605101,Mouse,4235,68
605198,Mouse,4276,67
605283,Mouse,4983,80
605315,Mouse,4991,77
605326,Mouse,3072,81
605397,Mouse,5115,85
605414,Mouse,3014,88
605430,Mouse,5638,87
605493,Mouse,3869,71
605505,Mouse,4203,76
605517,Mouse,5204,77
605542,Mouse,5639,76
605545,Elephant,550436,1332
605568,Mouse,4531,72
605576,Mouse,5148,74
605590,Mouse,3023,64
605621,Mouse,4263,73
605625,Mouse,3678,76
605690,Mouse,3282,67
605693,Elephant,183166,804
605742,Mouse,3928,66
605786,Mouse,3470,68
605806,Mouse,3310,70
605823,Mouse,4621,65
605911,Mouse,5140,65
605993,Mouse,3857,69
606057,Mouse,4566,72
606080,Mouse,3839,71
606094,Mouse,3313,74
606132,Elephant,146370,571
606162,Elephant,354557,1231
606166,Mouse,4178,71
606187,Mouse,4628,67
606215,Mouse,3121,64
606255,Mouse,5819,66
606304,Elephant,78982,421
606344,Mouse,3606,64
606387,Mouse,3581,67
606508,Mouse,3877,64
606537,Mouse,5083,65
606818,Elephant,113605,494
606876,Mouse,3974,67
606878,Mouse,5209,69
606886,Mouse,3342,67
606928,Mouse,5754,72
607041,Mouse,4088,64
607120,Mouse,5536,66
607232,Mouse,4626,71
607232,Mouse,3340,71
607256,Mouse,3107,64
607310,Mouse,5670,67
607338,Mouse,5004,65
607428,Mouse,3819,64
607786,Mouse,5009,80
607804,Mouse,4438,68
607904,Mouse,5301,73
607956,Mouse,5600,81
607998,Mouse,4916,95
608009,Elephant,495075,1235
608033,Mouse,5749,95
608082,Mouse,4683,77
608123,Mouse,3903,67
608199,Mouse,3760,71
608228,Elephant,30283,200
608248,Mouse,3417,69
608257,Mouse,3466,73
608258,Mouse,5050,76
608310,Mouse,4441,77
608347,Mouse,4005,82
608378,Mouse,3264,72
608463,Mouse,4337,75
608485,Elephant,164900,829
608505,Mouse,3483,71
608569,Elephant,242486,924
608683,Mouse,5132,69
608735,Mouse,4689,74
608786,Mouse,4586,65
608802,Mouse,4744,70
608913,Mouse,4446,65
608996,Elephant,429227,1234
609003,Mouse,4500,65
609042,Mouse,4723,65
609086,Mouse,3742,65
609123,Mouse,3889,64
609242,Mouse,3930,64
609281,Mouse,3625,64
609329,Mouse,3502,64
609424,Mouse,4298,65
609614,Mouse,4840,65
609661,Mouse,5003,65
609697,Mouse,3855,64
609772,Mouse,3969,67
609807,Mouse,4490,65
609925,Mouse,5486,74
609933,Mouse,3483,76
609966,Mouse,4408,68
610075,Mouse,4983,71
610153,Mouse,4246,77
610343,Mouse,3896,73
610353,Mouse,5316,78
610440,Mouse,4495,67
610480,Mouse,3053,68
610533,Elephant,156415,783
610554,Mouse,3653,71
610565,Mouse,3723,74
610571,Elephant,510228,1293
610575,Mouse,3859,67
610578,Mouse,3875,67
610632,Mouse,4566,65
610664,Mouse,4955,65
610667,Mouse,3827,64
610736,Mouse,3679,67
610808,Mouse,3431,67
610841,Mouse,4804,65
610896,Mouse,3991,64
610912,Mouse,5612,71
610927,Mouse,4402,67
610934,Mouse,4381,70
610960,Mouse,3584,73
610976,Mouse,5066,71
611001,Mouse,4522,82
611026,Mouse,3434,76
611045,Mouse,4097,85
611077,Mouse,3314,84
611097,Elephant,109240,488
611123,Mouse,4700,75
611135,Mouse,5493,75
611257,Mouse,3352,70
611266,Mouse,3996,68
611285,Mouse,4495,69
611302,Mouse,5213,73
611505,Mouse,3461,74
611512,Mouse,3711,77
611530,Mouse,4668,74
611664,Elephant,574628,1664
611726,Mouse,3461,67
611738,Mouse,5772,74
611811,Mouse,4071,67
611877,Mouse,3499,65
612033,Mouse,5664,70
612038,Mouse,5122,73
612076,Mouse,4115,73
612082,Mouse,5560,75
612195,Mouse,5468,71
612199,Mouse,5077,73
612247,Mouse,3754,78
612292,Elephant,554594,1422
612309,Mouse,5398,70
612426,Mouse,3101,69
612620,Mouse,5347,74
612635,Mouse,3254,67
612707,Elephant,106652,483
612800,Mouse,5453,69
612893,Mouse,3789,70
612907,Elephant,291711,936
613019,Mouse,5423,68
613054,Mouse,3933,68
613235,Mouse,4023,77
613297,Mouse,3392,83
613379,Mouse,5121,76
613434,Mouse,5089,82
613532,Mouse,3320,86
613551,Mouse,4884,91
613564,Mouse,3475,89
613582,Elephant,147679,712
613591,Mouse,5315,94
613608,Mouse,3320,85
613616,Mouse,5776,88
613634,Mouse,4962,90
613672,Mouse,3626,72
613693,Mouse,3231,73
613737,Mouse,4886,68
613739,Elephant,362850,1493
613869,Mouse,3495,67
613883,Mouse,4861,70
613903,Mouse,4027,75
613907,Elephant,438086,1309
614011,Mouse,4915,67
614052,Mouse,3715,67
614072,Elephant,125338,538
614209,Mouse,3162,64
614216,Mouse,5079,69
614225,Mouse,3857,72
614317,Elephant,233429,768
614356,Mouse,4156,67
614396,Mouse,4999,65
614497,Mouse,5181,65
614521,Mouse,3910,64
614569,Mouse,5067,65
614626,Mouse,3801,64
614681,Mouse,4681,65
614704,Mouse,5365,65
614714,Mouse,4833,65
614749,Mouse,3316,64
614787,Mouse,3158,64
614881,Mouse,5717,66
615010,Mouse,3131,64
615021,Mouse,3498,64
615061,Mouse,3859,64
615098,Mouse,3829,64
615120,Mouse,4538,69
615126,Mouse,5396,72
615139,Mouse,4476,76
615150,Mouse,4670,65
615315,Mouse,3080,67
615366,Mouse,5715,66
615372,Mouse,3894,64
615378,Mouse,3582,66
615427,Mouse,3964,66
615497,Mouse,3772,65
615528,Mouse,3771,70
615545,Mouse,3827,69
615645,Elephant,398717,977
615658,Mouse,5331,69
615690,Mouse,3726,64
615693,Mouse,3767,64
615881,Mouse,4896,66
615920,Mouse,5599,70
615939,Mouse,5087,65
616004,Mouse,4738,67
616016,Mouse,5456,70
616143,Mouse,4010,67
616274,Mouse,3060,71
616289,Mouse,4477,73
616322,Mouse,5304,73
616328,Elephant,343365,913
616410,Mouse,5018,68
616454,Mouse,3033,66
616467,Mouse,4396,65
616472,Mouse,5548,66
616500,Mouse,3702,65
616599,Mouse,3372,64
616699,Mouse,3393,67
616706,Mouse,3884,72
616712,Mouse,3873,73
616721,Mouse,4952,80
616742,Mouse,4738,69
616752,Mouse,3364,72
616941,Mouse,3755,65
616959,Mouse,4384,69
617003,Mouse,4001,68
617057,Mouse,4815,68
617099,Mouse,3380,68
617162,Mouse,3065,66
617250,Mouse,5019,77
617304,Mouse,5173,78
617363,Mouse,4625,84
617388,Elephant,354152,1081
617401,Mouse,3989,82
617408,Mouse,3572,81
617417,Elephant,510869,1258
617448,Mouse,5214,73
617490,Mouse,4194,65
617591,Mouse,4838,65
617638,Mouse,5235,65
617703,Mouse,5804,73
617758,Mouse,5216,65
617802,Mouse,5483,66
617813,Mouse,4804,67
617883,Mouse,5441,67
617886,Mouse,3910,67
617978,Mouse,4155,74
617982,Mouse,4710,73
617985,Mouse,4042,72
617992,Mouse,4131,69
618005,Mouse,5109,75
618098,Mouse,3281,76
618115,Mouse,3213,70
618163,Mouse,3927,66
618189,Mouse,3869,75
618255,Elephant,168711,712
618286,Mouse,5250,72
618355,Mouse,5638,74
618365,Mouse,4612,71
618379,Elephant,284025,888
618421,Mouse,5796,76
618430,Mouse,3145,68
618572,Mouse,3417,67
618625,Mouse,4547,65
618720,Elephant,150829,601
618722,Mouse,4836,67
618766,Mouse,3807,67
618880,Mouse,5376,69
619083,Mouse,4417,68
619093,Mouse,5693,69
619343,Mouse,3689,64
619381,Mouse,3864,72
619382,Mouse,3838,72
619443,Elephant,467289,1065
619454,Mouse,3073,66
619484,Mouse,3632,65
619495,Mouse,3644,64
619635,Mouse,3331,65
619704,Mouse,3705,64
619764,Mouse,4875,66
619784,Mouse,3782,64
619793,Mouse,4254,64
619862,Mouse,3469,64
619879,Mouse,4891,65
619930,Mouse,3717,65
619959,Mouse,3087,64
619974,Mouse,5714,67
620054,Mouse,4381,67
620056,Mouse,4891,68
620091,Mouse,5043,65
620149,Mouse,5705,66
620172,Mouse,4288,65
620177,Mouse,3810,64
620193,Mouse,3239,64
620220,Mouse,3347,64
620249,Mouse,5123,65
620258,Mouse,5405,67
620330,Mouse,3241,64
620342,Mouse,3849,65
620358,Mouse,3756,64
620363,Mouse,3750,67
620474,Mouse,4611,68
620475,Mouse,5585,70
620479,Mouse,4296,69
620498,Mouse,3874,67
620536,Mouse,5335,70
620674,Mouse,4925,70
620744,Mouse,4729,79
620778,Mouse,3677,73
620889,Mouse,3364,72
620907,Mouse,5208,78
620941,Mouse,4101,86
620967,Mouse,5032,92
620972,Mouse,4430,98
621056,Mouse,4515,111
621199,Mouse,5431,72
621263,Elephant,95523,644
621371,Mouse,5339,77
621439,Mouse,3644,87
621474,Mouse,5617,89
621503,Mouse,4590,90
621557,Mouse,4453,91
621564,Mouse,5659,93
621568,Mouse,4416,96
621605,Mouse,4690,104
621680,Mouse,4049,113
621722,Mouse,4036,91
621767,Mouse,4999,87
621774,Mouse,5413,91
621862,Mouse,3178,67
621866,Mouse,4624,69
621924,Mouse,3004,71
621963,Mouse,3061,68
622088,Elephant,494558,1877
622149,Mouse,5620,74
622169,Mouse,4387,81
622183,Mouse,5650,75
622217,Mouse,3269,79
622327,Mouse,5799,75
622442,Mouse,3301,76
622566,Mouse,3424,88
622664,Elephant,65807,440
622699,Mouse,3560,94
622781,Mouse,4009,77
622843,Elephant,505120,2370
622960,Mouse,5246,70
623081,Mouse,3866,67
623185,Mouse,3525,67
623235,Mouse,4265,70
623317,Mouse,4521,67
623408,Mouse,4167,68
623471,Mouse,3955,76
623628,Mouse,3085,72
623751,Mouse,4798,82
623897,Mouse,3246,89
623931,Mouse,4985,76
623971,Mouse,5168,75
624045,Mouse,3048,69
624118,Mouse,3971,70
624172,Mouse,3804,76
624189,Elephant,389302,1155
624208,Mouse,3581,73
624224,Mouse,3489,72
624237,Mouse,5277,76
624248,Mouse,3011,73
624250,Elephant,238891,967
624279,Mouse,5587,68
624284,Mouse,4029,70
624288,Mouse,4952,72
624392,Mouse,3728,64
624424,Mouse,3681,65
624570,Mouse,3613,64
624611,Mouse,4117,64
624719,Mouse,4072,67
624733,Mouse,5238,66
624848,Mouse,5721,68
625036,Mouse,3019,66
625087,Mouse,3569,67
625178,Mouse,4782,65
625212,Mouse,4584,70
625310,Mouse,5603,66
625387,Mouse,5814,71
625458,Mouse,5367,65
625495,Mouse,3368,64
625554,Mouse,3412,67
625563,Elephant,140735,549
625642,Mouse,5669,66
625673,Mouse,4275,66
625770,Mouse,5004,65
625788,Mouse,3360,64
625902,Mouse,4354,65
625948,Mouse,3746,64
625993,Mouse,3250,64
626018,Mouse,4172,69
626031,Mouse,4039,64
626076,Mouse,4432,65
626102,Mouse,3450,67
626125,Mouse,3210,65
626139,Mouse,4859,69
626155,Mouse,3961,70
626177,Mouse,3962,69
626191,Mouse,4761,65
626742,Mouse,4373,131
626765,Mouse,3530,135
626820,Elephant,270194,1013
626848,Mouse,3756,118
626893,Mouse,5213,81
626994,Mouse,5735,70
627004,Elephant,575532,1489
627023,Mouse,5135,75
627031,Mouse,5592,73
627072,Mouse,3790,73
627250,Mouse,4647,72
627299,Mouse,5017,76
627309,Mouse,5090,69
627354,Mouse,4025,77
627357,Mouse,4680,74
627501,Elephant,283253,1172
627614,Mouse,3532,69
627620,Mouse,5647,74
627629,Mouse,4184,75
627640,Mouse,5206,69
627677,Mouse,4650,79
627771,Mouse,3705,65
627810,Mouse,3793,80
627881,Mouse,5727,74
627911,Mouse,5597,71
627919,Elephant,179418,646
627929,Mouse,5164,71
628139,Mouse,3392,66
628142,Mouse,3995,67
628182,Mouse,4483,69
628311,Elephant,248583,897
628328,Mouse,3194,64
628365,Elephant,45890,280
628397,Mouse,4708,66
628480,Mouse,5557,67
628514,Mouse,3641,69
628590,Mouse,3027,64
628728,Elephant,132129,548
628788,Mouse,3560,66
628831,Mouse,3364,66
628894,Mouse,5227,69
628933,Mouse,4665,69
629024,Mouse,4931,68
629164,Mouse,4668,70
629214,Mouse,4734,77
629216,Mouse,5637,72
629218,Mouse,3291,70
629344,Mouse,5362,66
629404,Mouse,5383,69
629405,Elephant,30830,204
629529,Mouse,4683,72
629529,Mouse,3274,71
629545,Mouse,5553,70
629575,Mouse,3724,73
629612,Mouse,4001,73
629647,Elephant,411156,996
629751,Mouse,4092,64
629822,Mouse,5286,65
629890,Elephant,47683,284
629917,Mouse,4493,65
630079,Mouse,4745,65
630084,Mouse,5705,66
630157,Mouse,3262,64
630248,Mouse,5479,66
630292,Mouse,3060,64
630402,Mouse,4417,65
630614,Mouse,4342,65
630753,Mouse,4358,69
630897,Mouse,5658,69
630898,Mouse,5675,70
630980,Mouse,3011,69
631002,Mouse,3184,70
631077,Mouse,4129,70
631274,Mouse,4675,80
631315,Mouse,4229,86
631348,Mouse,3239,94
631379,Mouse,4394,102
631415,Mouse,5458,110
631438,Mouse,3939,115
631446,Mouse,5735,119
631468,Elephant,569209,1276
631512,Mouse,3539,93
631518,Mouse,3229,77
631533,Mouse,4183,65
631546,Mouse,3749,64
631565,Mouse,5437,66
631637,Mouse,4307,65
631707,Mouse,4632,69
631725,Mouse,3735,72
631824,Mouse,4713,70
631858,Mouse,5259,74
631944,Mouse,3150,67
631984,Elephant,465858,1386
632003,Mouse,4400,70
632021,Mouse,3020,73
632167,Mouse,5240,68
632354,Mouse,4708,65
632362,Mouse,4699,67
632396,Mouse,5738,66
632451,Mouse,3179,67
632452,Mouse,5765,72
632465,Mouse,4391,73
632520,Mouse,3581,74
632536,Mouse,3802,79
632560,Mouse,5299,70
632586,Mouse,3969,68
632614,Mouse,3936,69
632655,Elephant,540790,1181
632769,Mouse,5714,66
632773,Mouse,4323,65
632845,Mouse,3530,64
632854,Mouse,4553,65
632957,Mouse,3102,64
632962,Mouse,3987,64
632984,Mouse,5087,65
633040,Mouse,5332,65
633059,Mouse,5506,67
633110,Mouse,3113,64
633455,Mouse,3982,64
633461,Mouse,4813,65
633507,Mouse,3999,64
633529,Mouse,5228,67
633563,Mouse,4627,65
633643,Mouse,3406,64
633648,Mouse,3764,64
633679,Mouse,5144,65
633720,Mouse,3190,67
633756,Mouse,4281,72
633767,Mouse,3805,65
633834,Mouse,5120,68
633857,Mouse,4376,65
634033,Mouse,3252,65
634120,Mouse,4383,65
634160,Mouse,4128,67
634199,Mouse,5800,70
634230,Mouse,4374,69
634258,Mouse,5064,69
634595,Mouse,5626,108
634623,Mouse,3358,109
634640,Mouse,4859,114
634805,Elephant,449230,1213
634969,Mouse,5444,71
634993,Elephant,449534,1472
635040,Mouse,3353,74
635091,Mouse,3126,73
635168,Mouse,4630,73
635215,Mouse,4067,78
635227,Elephant,193913,1105
635478,Elephant,290738,1199
635503,Mouse,5721,81
635791,Elephant,473795,1180
635829,Mouse,3247,64
635935,Mouse,5420,65
635953,Mouse,3478,67
636093,Mouse,3039,64
636126,Mouse,5333,70
636256,Mouse,5051,67
636407,Mouse,4857,67
636571,Elephant,483039,1379
636702,Mouse,3524,67
636720,Mouse,3157,64
636742,Mouse,4373,69
636777,Mouse,3481,67
636827,Mouse,3539,67
636985,Mouse,3497,64
637037,Elephant,358161,1294
637062,Mouse,4668,69
637095,Mouse,4193,66
637252,Mouse,4270,65
637293,Mouse,3757,66
637322,Mouse,5172,72
637337,Elephant,51770,296
637348,Mouse,5311,77
637410,Mouse,3830,75
637463,Mouse,5274,76
637519,Mouse,3141,71
637638,Mouse,5747,76
637726,Mouse,5692,74
637802,Elephant,265363,814
638044,Mouse,4110,70
638053,Elephant,374889,1159
638060,Elephant,247665,882
638115,Mouse,4733,65
638144,Mouse,3566,64
638148,Mouse,4482,65
638226,Mouse,5154,65
638271,Mouse,3723,65
638282,Mouse,4113,64
638303,Mouse,4467,65
638311,Mouse,5646,66
638317,Mouse,5620,67
638337,Mouse,3519,64
638522,Mouse,5292,65
638562,Mouse,5409,65
638591,Mouse,4772,65
638600,Mouse,5464,66
638763,Mouse,4069,67
638874,Mouse,5634,66
638906,Mouse,5510,72
638907,Mouse,3734,71
638946,Mouse,3830,69
638958,Mouse,3081,64
638965,Mouse,5266,65
639047,Mouse,3329,64
639081,Mouse,4107,70
639152,Mouse,4391,70
639243,Elephant,303873,853
639376,Mouse,4181,68
639397,Mouse,3024,67
639412,Mouse,4101,68
639463,Mouse,4207,71
639541,Mouse,5370,81
639547,Mouse,4737,78
639768,Mouse,4426,91
639770,Mouse,3557,91
639799,Mouse,3804,90
639820,Mouse,5508,81
639824,Elephant,288002,915
639863,Mouse,5608,77
639951,Mouse,3460,64
640017,Mouse,4354,71
640042,Mouse,5644,66
640132,Mouse,3118,71
640138,Mouse,3434,64
640193,Mouse,4353,71
640293,Mouse,4937,74
640296,Mouse,5298,76
640342,Mouse,4754,79
640386,Elephant,194335,888
640396,Mouse,5429,73
640477,Mouse,3773,69
640570,Mouse,4881,67
640577,Mouse,3542,68
640628,Elephant,411244,1479
640657,Mouse,3501,71
640694,Mouse,3215,71
640705,Mouse,5349,66
640737,Mouse,5113,75
640748,Mouse,5765,81
640783,Mouse,4927,73
640865,Mouse,3130,68
640897,Mouse,3502,67
640909,Elephant,550597,1715
640947,Mouse,3182,75
640955,Mouse,3533,73
640999,Mouse,5152,70
641018,Mouse,5509,66
641024,Mouse,5179,65
641057,Mouse,3107,64
641094,Mouse,3530,64
641184,Mouse,4360,65
641393,Mouse,3447,68
641429,Mouse,3683,68
641513,Elephant,327606,897
641629,Mouse,5450,69
641633,Elephant,73379,373
641748,Mouse,5007,78
641820,Mouse,5344,71
641898,Mouse,4474,71
641915,Elephant,40086,252
642040,Mouse,3111,73
642049,Mouse,4653,79
642117,Mouse,4572,78
642150,Mouse,3739,75
642168,Mouse,5278,79
642190,Mouse,4155,83
642215,Mouse,4490,87
642236,Elephant,162336,650
642242,Mouse,5712,86
642263,Mouse,3510,91
642263,Mouse,3666,89
642321,Mouse,3690,75
642324,Mouse,4838,78
642376,Mouse,4830,72
642475,Mouse,3197,68
642490,Mouse,4761,69
642498,Mouse,5768,75
642563,Mouse,3824,83
642567,Mouse,3650,85
642579,Mouse,4169,80
642587,Mouse,4051,81
642603,Mouse,5435,74
642658,Elephant,558131,1433
642680,Mouse,3351,72
642682,Mouse,4342,70
642766,Mouse,5295,65
642885,Mouse,4242,66
642897,Elephant,201136,1081
642917,Mouse,4385,66
643029,Mouse,3283,64
643065,Mouse,4611,66
643097,Mouse,4928,65
643101,Mouse,5072,66
643160,Mouse,4795,69
643215,Mouse,4042,67
643355,Mouse,3361,64
643442,Mouse,4315,68
643523,Mouse,3109,68
643578,Mouse,3492,70
643695,Mouse,4777,71
643728,Mouse,4313,73
643760,Elephant,354279,933
643821,Mouse,4090,67
643845,Mouse,5389,69
643908,Mouse,4908,66
643956,Mouse,4354,70
644022,Mouse,5241,65
644081,Mouse,4279,70
644090,Mouse,4762,67
644118,Mouse,5696,68
644190,Mouse,4504,69
644226,Mouse,4058,69
644240,Mouse,3422,69
644264,Mouse,5002,73
644291,Mouse,5382,72
644314,Mouse,3358,85
644327,Mouse,3717,79
644391,Mouse,3157,81
644408,Mouse,3913,80
644419,Mouse,4246,85
644477,Mouse,3787,76
644551,Mouse,5023,77
644602,Mouse,3530,84
644613,Elephant,597620,1307
644630,Mouse,4876,76
644663,Mouse,4650,71
644728,Mouse,5555,70
644760,Mouse,4849,65
644872,Mouse,3775,68
645001,Mouse,5645,81
645011,Mouse,4710,85
645025,Mouse,3581,83
645115,Mouse,3769,101
645167,Elephant,73440,426
645169,Mouse,3860,81
645182,Mouse,3624,75
645205,Mouse,3181,75
645208,Mouse,3033,76
645209,Mouse,3269,76
645329,Elephant,394683,1150
645350,Mouse,4407,72
645366,Mouse,3900,73
645558,Mouse,5152,74
645559,Mouse,5519,75
645600,Mouse,3705,83
645689,Mouse,4617,86
645744,Mouse,3415,68
645785,Mouse,5376,70
645809,Elephant,591495,1757
645848,Mouse,5444,71
645879,Mouse,5291,69
645946,Mouse,5761,77
646040,Elephant,220262,848
646121,Mouse,4533,70
646123,Mouse,4057,67
646207,Mouse,5300,72
646327,Mouse,3227,69
646399,Mouse,3754,78
646419,Mouse,4903,78
646491,Mouse,4195,91
646517,Mouse,3470,88
646565,Elephant,497664,1414
646642,Elephant,241701,822
646691,Mouse,4617,65
646714,Mouse,5217,70
646773,Mouse,3168,64
647030,Mouse,4669,69
647032,Elephant,237417,772
647059,Mouse,4874,65
647166,Mouse,5360,65
647225,Mouse,4950,65
647253,Mouse,3315,64
647294,Mouse,5562,66
647401,Mouse,5575,66
647404,Mouse,4437,65
647426,Mouse,3435,64
647459,Mouse,5172,70
647486,Mouse,3083,67
647549,Mouse,5567,68
647574,Mouse,3555,65
647602,Mouse,4701,73
647670,Mouse,4992,68
647674,Mouse,5538,69
647722,Mouse,3138,67
647876,Mouse,4802,79
648011,Mouse,3738,81
648049,Mouse,5386,84
648111,Mouse,5292,91
648125,Mouse,3231,87
648133,Elephant,419309,1085
648285,Mouse,4235,65
648304,Mouse,5564,66
648317,Mouse,5040,70
648333,Mouse,5156,74
648338,Elephant,292791,964
648446,Mouse,3435,67
648677,Mouse,5014,70
648712,Mouse,3583,67
648842,Mouse,4100,67
648898,Mouse,5445,69
648903,Mouse,5737,68
648941,Mouse,5814,74
649074,Mouse,5283,78
649110,Mouse,3263,78
649130,Elephant,539766,1509
649167,Mouse,3562,71
649170,Mouse,3789,70
649178,Elephant,131586,200964
649194,Mouse,4860,71
649441,Mouse,5423,65
649451,Mouse,5349,69
649555,Mouse,4605,65
649663,Mouse,5111,69
649887,Mouse,3055,66
649906,Mouse,4909,67
649918,Mouse,4412,66
649951,Mouse,3856,65
650059,Mouse,5428,70
650076,Mouse,4207,72
650134,Elephant,564814,1195
650152,Mouse,5374,66
650249,Mouse,5545,66
650262,Mouse,5629,66
650302,Mouse,4083,64
650355,Mouse,3937,64
650448,Mouse,3534,64
650458,Mouse,3370,64
650463,Mouse,3064,64
650550,Mouse,5480,66
650585,Mouse,3558,64
650616,Mouse,5009,65
650644,Elephant,45485,278
650701,Mouse,3482,64
650705,Mouse,5012,65
650851,Mouse,4450,65
650877,Mouse,3719,64
650917,Mouse,3407,64
650956,Mouse,5444,66
650992,Mouse,3937,64
651055,Mouse,5812,66
651171,Mouse,3112,64
651207,Mouse,4424,65
651273,Mouse,3296,64
651310,Mouse,5337,65
651330,Mouse,5593,67
651332,Mouse,3663,66
651345,Mouse,3749,64
651400,Mouse,5093,65
651466,Mouse,4900,65
651544,Mouse,3934,64
651548,Mouse,4819,65
651597,Mouse,5304,70
651647,Mouse,5112,67
651681,Mouse,3173,66
651696,Mouse,3921,64
651940,Mouse,3754,65
651973,Mouse,3382,64
651994,Mouse,4317,69
652074,Mouse,5058,68
652138,Mouse,4581,69
652223,Mouse,5817,70
652278,Elephant,233681,725
652352,Mouse,4508,65
652434,Mouse,3724,71
652504,Mouse,4079,65
652580,Mouse,5789,68
652584,Elephant,58321,325
652630,Mouse,5565,73
652655,Mouse,3135,67
652693,Mouse,4704,69
652713,Mouse,5443,71
652752,Mouse,4099,70
652817,Mouse,4269,67
652832,Elephant,578619,1307
652832,Mouse,3577,67
652878,Mouse,3500,66
652881,Mouse,5320,67
652934,Mouse,3902,67
652953,Mouse,3898,64
652985,Mouse,3703,69
652987,Mouse,5509,71
653003,Mouse,4318,65
653051,Mouse,4101,64
653157,Mouse,3458,66
653190,Mouse,4777,67
653198,Mouse,3335,69
653298,Mouse,4959,70
653323,Mouse,5780,69
653512,Elephant,40838,289
653529,Mouse,5356,70
653675,Elephant,267141,989
653726,Mouse,3773,64
653770,Mouse,3615,64
653782,Mouse,4324,67
653796,Mouse,4228,71
653814,Mouse,5167,68
653911,Mouse,4934,69
653928,Mouse,5074,66
653949,Mouse,4021,70
654181,Elephant,512820,1162
654189,Mouse,4540,65
654320,Mouse,4061,64
654351,Mouse,3253,66
654461,Mouse,5009,66
654476,Mouse,4552,69
654484,Mouse,4140,69
654542,Mouse,5806,66
654565,Mouse,4815,68
654625,Mouse,3853,66
654673,Mouse,4733,68
654674,Mouse,4144,68
654728,Mouse,5435,73
654841,Mouse,5074,66
654871,Elephant,475194,1086
654885,Mouse,3765,65
654892,Mouse,3994,65
654953,Mouse,3592,64
654999,Mouse,4313,66
655047,Mouse,3172,69
655072,Mouse,3417,64
655078,Mouse,5295,65
655139,Mouse,3483,67
655243,Mouse,4770,65
655263,Mouse,5741,70
655297,Mouse,4122,64
655351,Mouse,4332,66
655400,Mouse,4101,68
655425,Mouse,4636,67
655462,Mouse,5040,71
655644,Mouse,5066,71
655721,Mouse,3255,83
655788,Mouse,3087,74
655790,Mouse,3244,74
655822,Mouse,4315,82
655836,Mouse,4382,83
655849,Mouse,5608,89
655945,Mouse,5725,69
656001,Elephant,431355,1149
656029,Mouse,3387,70
656080,Mouse,3648,69
656090,Mouse,3715,70
656115,Elephant,393880,1315
656172,Elephant,93473,639
656330,Mouse,4184,66
656500,Mouse,3224,67
656602,Mouse,4440,77
656666,Mouse,4770,86
656706,Mouse,3202,85
656779,Mouse,4283,87
656834,Mouse,4083,77
656839,Mouse,3505,79
656882,Mouse,3801,68
657011,Mouse,4863,65
657085,Mouse,4680,86
657146,Mouse,5817,98
657186,Mouse,3464,98
657212,Mouse,4427,96
657222,Mouse,4469,96
657230,Mouse,3960,92
657477,Mouse,3195,100
657543,Mouse,3990,109
657584,Mouse,5620,108
657589,Mouse,4581,110
657605,Mouse,4305,95
657668,Mouse,3044,77
657697,Mouse,3703,66
657725,Elephant,593025,1778
657831,Mouse,4351,69
657836,Mouse,3404,68
657844,Elephant,503180,1929
657877,Mouse,5645,69
657886,Mouse,4453,71
658106,Mouse,5826,76
658127,Mouse,3286,76
658143,Mouse,4066,81
658235,Mouse,4782,78
658246,Mouse,3364,71
658274,Mouse,5555,78
658348,Mouse,4078,75
658416,Mouse,5426,68
658514,Mouse,4584,71
658566,Mouse,4732,73
658580,Mouse,3385,69
658612,Mouse,4789,78
658630,Mouse,3415,78
658704,Mouse,3646,83
658708,Mouse,5839,88
658773,Mouse,3343,82
658806,Mouse,4338,89
658823,Mouse,5100,88
658945,Elephant,483262,1733
659023,Elephant,472083,1402
659088,Mouse,3117,64
659163,Mouse,3250,67
659223,Mouse,5007,65
659239,Mouse,5401,65
659252,Mouse,5411,70
659284,Mouse,3645,64
659288,Elephant,297184,1377
659299,Mouse,5011,70
659323,Mouse,3896,64
659362,Mouse,5017,65
659376,Mouse,4196,64
659413,Mouse,4819,65
659454,Mouse,3442,64
659484,Mouse,3543,64
659495,Mouse,4337,65
659526,Mouse,5739,66
659542,Mouse,3013,64
659693,Mouse,3334,64
659707,Mouse,3208,64
659730,Mouse,5530,67
659731,Mouse,3106,66
659769,Mouse,5536,66
659789,Mouse,5780,66
659815,Mouse,4439,65
659888,Mouse,3250,64
659914,Mouse,4651,65
659921,Mouse,5352,65
660016,Mouse,3985,64
660027,Mouse,3485,64
660238,Mouse,5761,66
660323,Mouse,5549,66
660495,Mouse,3750,66
660541,Mouse,4198,65
660588,Mouse,5627,66
660684,Mouse,5466,76
660710,Mouse,4240,73
660771,Elephant,186578,650
660777,Mouse,5633,73
660787,Elephant,351605,1033
660888,Mouse,3877,64
660941,Mouse,3193,64
661047,Mouse,3355,64
661157,Mouse,5231,65
661236,Mouse,3559,67
661365,Elephant,116181,498
661369,Mouse,4883,66
661394,Mouse,4255,64
661412,Mouse,4477,66
661429,Mouse,3838,64
661560,Mouse,5468,66
661570,Mouse,3938,64
661586,Mouse,4370,65
661594,Mouse,3484,67
661604,Mouse,4805,69
661649,Mouse,4527,66
661724,Mouse,4745,68
661738,Mouse,5433,73
661798,Mouse,4783,65
661809,Mouse,4875,68
661927,Mouse,4898,65
661969,Mouse,4647,73
662079,Mouse,5295,70
662101,Elephant,86463,426
662124,Mouse,4841,72
662124,Mouse,3849,72
662139,Mouse,5048,73
662152,Mouse,3831,65
662175,Mouse,4029,70
662208,Mouse,5380,72
662210,Mouse,4782,74
662227,Elephant,350436,913
662235,Mouse,4385,65
662254,Mouse,3281,73
662281,Mouse,4661,65
662300,Mouse,4301,65
662486,Mouse,4111,64
662517,Mouse,3118,64
662595,Mouse,4399,65
662621,Mouse,4932,65
662624,Mouse,3458,65
662803,Mouse,3772,64
662841,Mouse,3869,64
662878,Mouse,4652,65
662972,Mouse,4887,65
663054,Mouse,3191,64
663306,Mouse,5638,66
663429,Mouse,3436,64
663512,Mouse,4548,65
663541,Mouse,5163,65
663543,Mouse,3278,65
663642,Mouse,4906,69
663642,Mouse,4577,69
663647,Mouse,3560,64
663895,Mouse,3600,64
664008,Mouse,5758,66
664091,Mouse,5208,65
664200,Mouse,5134,72
664203,Mouse,5319,74
664309,Mouse,3481,64
664372,Elephant,138446,546
664546,Mouse,4117,64
664645,Mouse,5212,67
664648,Mouse,5565,68
664652,Mouse,4436,67
664785,Mouse,4987,65
664800,Mouse,5724,66
664806,Mouse,3632,66
664863,Mouse,3407,66
664948,Mouse,4500,71
664951,Mouse,5188,73
664960,Mouse,3286,64
665056,Mouse,3704,64
665067,Mouse,5009,69
665227,Mouse,4961,69
665274,Mouse,3043,69
665275,Mouse,3939,68
665289,Mouse,3804,67
665319,Mouse,3663,68
665493,Mouse,4069,64
665537,Mouse,4296,65
665550,Elephant,498212,1108
665656,Mouse,4505,65
665682,Mouse,3441,64
665742,Mouse,3363,64
665818,Mouse,5702,66
665823,Mouse,5588,66
665838,Mouse,4753,65
665883,Mouse,4780,66
665889,Mouse,4220,67
665947,Mouse,3712,64
665974,Mouse,5607,68
666130,Mouse,5489,72
666152,Mouse,4765,69
666240,Mouse,4238,64
666296,Mouse,5235,71
666324,Mouse,4176,67
666365,Mouse,4913,69
666402,Mouse,3126,66
666491,Mouse,5556,69
666517,Mouse,3993,72
666532,Elephant,375218,1054
666572,Mouse,3385,70
666649,Mouse,3945,67
666672,Mouse,3079,66
666744,Mouse,5565,66
666807,Elephant,286607,858
666849,Mouse,5144,65
666907,Mouse,5043,65
666941,Mouse,4464,65
666966,Mouse,5208,65
667010,Mouse,3496,64
667033,Mouse,5670,66
667045,Mouse,3861,64
667067,Mouse,4004,64
667137,Mouse,4673,65
667166,Mouse,3897,64
667195,Mouse,4164,64
667251,Mouse,3483,64
667379,Mouse,4113,64
667400,Mouse,4736,65
667426,Mouse,4852,65
667461,Mouse,3393,64
667500,Mouse,5684,66
667546,Mouse,4744,65
667680,Mouse,3993,64
667755,Mouse,4717,65
667856,Mouse,4522,68
667980,Mouse,4294,68
668023,Mouse,4288,73
668224,Mouse,3922,102
668274,Mouse,4378,118
668323,Mouse,4453,124
668419,Mouse,4299,107
668467,Mouse,3213,78
668479,Elephant,543755,1324
668525,Mouse,4806,73
668529,Mouse,3296,71
668564,Mouse,4090,76
668691,Elephant,129021,861
668717,Mouse,4371,72
668854,Mouse,3504,74
668927,Mouse,3451,80
668938,Elephant,109139,495
668965,Mouse,5684,88
668973,Mouse,3475,90
668974,Elephant,264599,1233
669022,Mouse,3171,80
669039,Elephant,139748,588
669222,Mouse,3243,64
669250,Mouse,4834,68
669286,Mouse,5408,68
669378,Mouse,5112,68
669391,Mouse,3607,65
669415,Mouse,5101,68
669453,Mouse,4662,65
669526,Mouse,3923,64
669534,Mouse,4689,68
669555,Mouse,4232,66
669564,Mouse,4013,64
669606,Mouse,3399,64
669623,Mouse,3058,66
669629,Mouse,4628,67
669840,Mouse,3425,64
669876,Mouse,3777,66
670031,Mouse,4999,67
670123,Mouse,5092,65
670131,Mouse,3332,64
670146,Mouse,3648,65
670181,Mouse,4647,67
670190,Mouse,5572,69
670296,Mouse,4450,67
670296,Mouse,3912,67
670322,Mouse,5802,66
670362,Mouse,4137,65
670497,Mouse,4809,65
670572,Mouse,4233,69
670581,Mouse,4041,66
670758,Mouse,3530,64
670785,Elephant,120187,498
670926,Mouse,5284,67
671124,Mouse,4101,64
671188,Mouse,5702,66
671211,Mouse,3154,68
671227,Mouse,4568,65
671290,Mouse,4928,69
671361,Mouse,4833,66
671439,Elephant,126060,547
671478,Mouse,5547,66
671543,Mouse,5426,68
671563,Mouse,4844,69
671656,Mouse,4593,68
671683,Mouse,4348,69
671717,Mouse,5315,67
671738,Elephant,344934,950
671778,Mouse,3221,65
671882,Mouse,4721,65
671917,Mouse,4339,65
671931,Mouse,5750,67
671949,Mouse,5475,66
671955,Mouse,4643,65
671964,Mouse,5395,65
671995,Mouse,4693,65
672049,Mouse,3776,64
672076,Mouse,5615,66
672093,Mouse,3753,65
672178,Mouse,3834,64
672187,Mouse,4554,65
672206,Mouse,3698,66
672224,Mouse,5167,65
672256,Mouse,3983,64
672405,Elephant,202741,711
672416,Mouse,4847,65
672525,Mouse,5372,65
672535,Mouse,3354,64
672575,Mouse,5757,66
672658,Mouse,4425,69
672666,Mouse,4640,72
672669,Mouse,4219,73
672686,Mouse,3770,64
672764,Mouse,4167,64
672799,Mouse,4604,65
672963,Mouse,3268,68
673000,Mouse,3364,67
673023,Mouse,5207,65
673054,Mouse,4065,68
673102,Mouse,5017,74
673116,Mouse,5345,80
673184,Mouse,3475,64
673207,Mouse,3797,71
673267,Mouse,5645,73
673284,Elephant,95664,466
673441,Mouse,5366,69
673461,Elephant,382872,959
673558,Mouse,5540,66
673814,Mouse,3957,64
673883,Mouse,3101,64
673890,Mouse,5399,65
673918,Mouse,3947,64
673982,Mouse,5426,65
674112,Mouse,5434,70
674160,Mouse,4526,65
674205,Mouse,3958,64
674227,Mouse,4107,66
674381,Mouse,3347,64
674429,Mouse,4477,65
674588,Mouse,4052,73
674608,Mouse,5640,73
674714,Mouse,3161,67
674720,Elephant,124789,513
674723,Mouse,4310,72
674732,Mouse,5704,74
674750,Mouse,3855,68
674816,Mouse,5430,67
674827,Elephant,289213,833
674836,Mouse,3929,67
675032,Mouse,5203,65
675043,Mouse,5188,65
675097,Mouse,4953,65
675146,Mouse,5401,65
675167,Mouse,3515,64
675209,Mouse,5555,66
675273,Mouse,4101,64
675335,Mouse,5389,66
675338,Mouse,3244,64
675421,Mouse,4706,65
675491,Mouse,5694,66
675542,Mouse,3354,66
675714,Mouse,5016,69
675787,Mouse,3782,64
675831,Mouse,3040,66
675867,Mouse,4784,76
675870,Mouse,3205,70
675928,Mouse,5193,70
675979,Mouse,5196,73
676200,Mouse,5759,89
676221,Mouse,4250,93
676232,Elephant,96135,497
676249,Mouse,5581,95
676253,Mouse,4438,94
676292,Mouse,5109,89
676302,Mouse,3551,87
676327,Elephant,272037,859
676414,Mouse,5674,70
676483,Mouse,3502,67
676490,Mouse,4590,72
676508,Mouse,3502,64
676526,Mouse,3921,67
676568,Mouse,3870,66
676576,Mouse,3017,64
676602,Mouse,4796,77
676663,Mouse,4132,64
676710,Mouse,3844,67
676731,Mouse,3606,68
676773,Elephant,587600,1511
676840,Mouse,3766,64
676860,Mouse,4968,69
676874,Mouse,3304,64
677012,Mouse,4972,65
677035,Mouse,4970,72
677040,Mouse,3885,74
677096,Mouse,5731,66
677118,Mouse,4832,67
677130,Mouse,3813,65
677150,Mouse,5355,67
677173,Mouse,5329,69
677233,Mouse,4219,66
677240,Mouse,5491,71
677240,Mouse,5446,71
677251,Mouse,5586,75
677274,Mouse,5214,76
677323,Mouse,4757,87
677323,Mouse,5414,86
677380,Mouse,5176,67
677429,Mouse,4481,69
677559,Mouse,4518,69
677561,Mouse,3100,67
677691,Mouse,3248,79
677696,Elephant,481985,1228
677701,Mouse,4785,73
677708,Mouse,3247,69
677725,Mouse,3350,73
677741,Mouse,5410,79
677767,Mouse,3671,73
677839,Mouse,4934,67
677957,Mouse,5279,70
678005,Mouse,3344,69
678059,Mouse,3589,68
678076,Elephant,122089,517
678114,Mouse,3101,67
678144,Mouse,3134,67
678174,Mouse,4837,69
678181,Mouse,5283,72
678204,Mouse,4843,66
678216,Mouse,5083,69
678360,Mouse,3244,66
678383,Elephant,595594,1417
678523,Mouse,3011,64
678619,Mouse,4331,65
678624,Mouse,3847,64
678698,Mouse,5609,66
678774,Mouse,3029,66
678806,Mouse,5210,67
678834,Mouse,4291,65
678867,Mouse,4592,65
678895,Elephant,114680,495
678902,Mouse,5534,67
678932,Mouse,4964,65
679059,Mouse,4177,64
679095,Mouse,5492,66
679106,Mouse,5614,68
679108,Mouse,3698,66
679142,Mouse,5739,66
679184,Mouse,3718,66
679187,Mouse,4185,67
679191,Mouse,4942,70
679222,Mouse,3816,64
679257,Mouse,5255,65
679541,Mouse,4272,65
679572,Mouse,3882,64
679585,Mouse,3218,64
679683,Mouse,3813,64
679760,Mouse,3877,64
679764,Mouse,4485,66
679770,Mouse,5303,65
679794,Mouse,3524,64
679836,Mouse,4632,65
679907,Mouse,4936,65
679969,Mouse,3510,64
679978,Mouse,5574,66
679996,Mouse,4602,65
680042,Mouse,5629,66
680092,Mouse,4098,64
680153,Mouse,3233,67
680169,Mouse,4308,65
680231,Mouse,4950,65
680259,Mouse,4002,64
680266,Mouse,3940,64
680353,Mouse,3852,64
680452,Mouse,4320,69
680476,Mouse,4482,75
680546,Mouse,4924,71
680557,Mouse,5362,79
680584,Mouse,5789,80
680670,Mouse,4037,75
680709,Mouse,4076,73
680751,Mouse,4375,70
680933,Elephant,82934,457
680969,Mouse,4158,82
681112,Mouse,4182,70
681136,Mouse,4432,78
681218,Mouse,5788,95
681236,Mouse,3885,94
681305,Mouse,3131,94
681337,Mouse,5255,103
681353,Mouse,3259,95
681413,Mouse,3343,76
681416,Mouse,5007,86
681452,Mouse,4000,73
681471,Mouse,4064,82
681620,Mouse,3224,76
681644,Mouse,5239,85
681714,Mouse,3936,100
681769,Mouse,4012,94
681778,Mouse,4544,98
681827,Mouse,4223,79
681901,Mouse,3243,71
681946,Elephant,453574,1819
682118,Mouse,5635,97
682134,Elephant,436312,2131
682159,Mouse,4088,90
682218,Mouse,4924,81
682233,Mouse,5054,76
682292,Mouse,3736,80
682294,Mouse,4424,82
682370,Mouse,4614,80
682461,Mouse,4859,69
682586,Elephant,509256,2410
682615,Mouse,3825,69
682658,Mouse,5709,71
682715,Mouse,3458,72
682775,Elephant,384350,2203
682788,Mouse,5790,73
682860,Mouse,5627,77
682866,Mouse,4013,74
682871,Mouse,4794,72
682994,Mouse,5399,74
683021,Mouse,5032,69
683046,Mouse,4252,65
683058,Elephant,486072,1769
683063,Mouse,3673,67
683090,Mouse,3294,65
683187,Mouse,4474,65
683214,Mouse,3552,67
683271,Mouse,4761,65
683390,Mouse,3336,71
683517,Mouse,5037,75
683538,Mouse,5133,81
683625,Mouse,5768,85
683653,Mouse,5120,82
683658,Mouse,4433,76
683757,Mouse,4712,88
683821,Mouse,3068,69
683920,Mouse,5833,72
683998,Mouse,4802,83
684038,Elephant,93104,686
684197,Mouse,5527,74
684224,Mouse,4934,75
684242,Mouse,4049,78
684329,Mouse,4156,90
684336,Mouse,3287,95
684343,Mouse,5098,94
684378,Mouse,3868,92
684383,Elephant,158806,1031
684447,Mouse,3480,66
684461,Mouse,4585,75
684559,Mouse,4458,73
684619,Mouse,3858,81
684728,Mouse,5050,98
684741,Mouse,5099,99
684805,Mouse,5412,103
684870,Mouse,3259,87
685015,Mouse,4912,75
685161,Mouse,3381,94
685182,Mouse,3157,95
685246,Mouse,4769,87
685257,Mouse,3413,91
685258,Mouse,3347,88
685269,Mouse,3365,81
685326,Mouse,3181,80
685348,Mouse,5537,87
685360,Mouse,3208,81
685386,Mouse,3693,75
685433,Mouse,4670,76
685481,Mouse,3771,78
685486,Mouse,3051,79
685486,Mouse,4943,82
685495,Mouse,4055,84
685556,Mouse,3017,80
685594,Mouse,3131,68
685632,Mouse,5370,73
685681,Mouse,5320,81
685691,Mouse,3601,70
685711,Mouse,5112,76
685739,Elephant,426270,2516
685741,Elephant,389390,2361
685811,Mouse,4031,66
685825,Mouse,3931,64
685849,Elephant,286363,1681
685903,Elephant,113030,751
685927,Mouse,3142,66
685933,Mouse,4994,71
685962,Mouse,3455,64
685972,Mouse,4566,70
685979,Mouse,4365,65
686036,Mouse,3269,66
686049,Mouse,3648,64
686092,Mouse,3864,68
686093,Mouse,5713,70
686216,Mouse,3215,64
686437,Mouse,5426,68
686443,Mouse,5374,69
686456,Mouse,3998,72
686551,Mouse,5294,71
686604,Elephant,148717,602
686613,Mouse,3358,76
686636,Mouse,3835,78
686825,Mouse,5666,70
686867,Elephant,419090,1232
686890,Mouse,3647,67
686972,Mouse,3388,65
686989,Mouse,3605,65
687036,Mouse,5828,66
687140,Mouse,3821,64
687168,Mouse,5791,66
687252,Mouse,5181,70
687288,Mouse,5524,70
687366,Elephant,355922,201358
687394,Mouse,5499,67
687397,Mouse,4578,66
687585,Mouse,4623,65
687642,Mouse,3980,64
687679,Mouse,5246,65
687684,Mouse,5168,66
687841,Mouse,3493,64
687909,Mouse,4704,69
687947,Mouse,3497,67
688043,Mouse,3773,65
688044,Mouse,3383,65
688057,Mouse,4209,64
688096,Mouse,4740,65
688107,Mouse,5561,66
688146,Mouse,3717,64
688183,Mouse,3217,64
688193,Mouse,5533,66
688258,Mouse,3094,67
688314,Mouse,3698,64
688333,Mouse,3639,68
688531,Mouse,3674,67
688533,Mouse,3093,67
688590,Mouse,3165,64
688782,Mouse,4232,68
688805,Mouse,4919,73
688824,Elephant,468709,1071
688908,Mouse,3451,64
688947,Mouse,4601,65
688960,Mouse,4946,65
688985,Mouse,5064,69
689006,Mouse,4396,65
689118,Mouse,4258,66
689125,Mouse,3279,68
689196,Mouse,3642,68
689202,Mouse,5495,70
689239,Mouse,4348,68
689312,Mouse,3730,71
689331,Mouse,3620,67
689441,Mouse,5087,74
689444,Mouse,3212,75
689602,Elephant,528819,1174
689623,Mouse,4564,77
689701,Elephant,82021,429
689742,Mouse,4113,65
689857,Mouse,4689,69
689904,Mouse,3058,70
689940,Mouse,4174,67
689963,Mouse,5536,72
689973,Mouse,4843,70
689994,Mouse,4985,72
690028,Mouse,4767,70
690040,Mouse,4194,69
690077,Mouse,5592,70
690191,Mouse,5262,74
690211,Elephant,393907,1016
690219,Mouse,3573,67
690252,Mouse,5221,76
690286,Mouse,5422,70
690430,Mouse,3211,66
690467,Mouse,4295,68
690549,Mouse,5808,73
690737,Elephant,401531,1010
690925,Mouse,5295,70
690943,Mouse,3147,77
690991,Mouse,3131,77
691032,Mouse,3992,67
691088,Mouse,5490,70
691154,Mouse,3350,78
691239,Elephant,401559,1173
691249,Mouse,5103,66
691301,Elephant,111557,509
691452,Mouse,3281,67
691618,Elephant,109784,479
691645,Mouse,5762,74
691657,Mouse,3958,71
691683,Mouse,4617,71
691703,Mouse,5506,68
691740,Elephant,265825,802
691779,Mouse,4316,65
691782,Mouse,3151,65
691794,Mouse,3963,64
691855,Mouse,4747,69
691903,Mouse,5530,71
691950,Mouse,3397,69
691967,Mouse,3360,64
692081,Mouse,5096,68
692096,Mouse,4370,70
692150,Mouse,3539,64
692167,Mouse,4538,66
692296,Mouse,3236,70
692298,Mouse,5110,72
692302,Mouse,3291,68
692348,Mouse,3222,70
692420,Mouse,3430,72
692544,Mouse,5834,84
692584,Mouse,3573,89
692596,Mouse,3300,95
692605,Mouse,3347,96
692611,Mouse,4040,97
692647,Mouse,3707,102
692668,Mouse,5508,111
692725,Elephant,529203,1241
692750,Mouse,5272,79
692763,Mouse,5663,81
692794,Mouse,4984,68
692808,Mouse,3272,64
692830,Mouse,5036,66
692862,Mouse,4158,68
692904,Mouse,3048,66
692915,Mouse,3550,66
692928,Mouse,4590,65
692949,Elephant,156586,792
692970,Mouse,3356,64
692987,Mouse,3480,65
693015,Mouse,5384,66
693160,Mouse,4473,65
693174,Mouse,4344,65
693221,Mouse,5457,68
693326,Mouse,3837,68
693408,Mouse,5466,73
693411,Mouse,4793,73
693495,Mouse,4868,66
693531,Mouse,3835,67
693584,Mouse,3755,67
693639,Elephant,520646,1559
693700,Mouse,3538,64
693714,Mouse,4631,65
693838,Mouse,5199,65
693930,Mouse,5772,67
694039,Mouse,5451,66
694085,Mouse,4829,67
694151,Mouse,4498,68
694202,Mouse,3841,70
694219,Mouse,5281,73
694238,Mouse,5051,70
694399,Elephant,129227,533
694405,Mouse,4439,65
694409,Mouse,3610,64
694493,Mouse,3172,64
694531,Mouse,4693,65
694604,Mouse,4163,66
694736,Mouse,5135,72
694740,Mouse,3326,72
694819,Mouse,5665,70
694991,Elephant,545634,1287
695053,Mouse,5043,65
695128,Mouse,4345,69
695161,Elephant,138534,546
695165,Mouse,4060,65
695244,Mouse,3079,64
695279,Mouse,5805,66
695333,Mouse,5033,65
695366,Mouse,3728,64
695380,Mouse,3119,64
695395,Mouse,4210,64
695490,Mouse,5734,66
695609,Mouse,3405,64
695686,Mouse,5777,66
695690,Mouse,4377,65
695713,Mouse,4449,65
695776,Mouse,3315,64
695809,Mouse,4316,65
695831,Mouse,4612,65
695862,Mouse,3044,64
695939,Mouse,5708,67
695941,Mouse,3259,65
696104,Mouse,3167,64
696136,Mouse,5216,65
696170,Mouse,5470,66
696321,Mouse,4245,64
696385,Mouse,5696,66
696418,Mouse,3078,64
696531,Mouse,4344,65
696602,Mouse,4662,65
696642,Mouse,4287,65
696717,Mouse,3975,64
696737,Mouse,5780,68
696802,Mouse,5042,65
696812,Mouse,5808,66
696849,Mouse,4222,64
696889,Elephant,240352,734
696946,Mouse,4068,64
696955,Mouse,3910,64
696999,Mouse,5362,66
697026,Mouse,3057,64
697111,Mouse,3922,66
697114,Mouse,3164,65
697123,Mouse,4963,68
697216,Mouse,3134,70
697229,Mouse,3152,66
697290,Mouse,3632,70
697465,Elephant,185084,651
697468,Mouse,3944,75
697509,Mouse,5036,82
697513,Mouse,5061,77
697574,Mouse,4836,72
697625,Elephant,168434,627
697661,Mouse,3901,73
697712,Mouse,4283,65
697856,Mouse,5184,69
697873,Mouse,4411,71
698117,Mouse,3555,86
698200,Elephant,458528,1144
698238,Mouse,5078,81
698250,Mouse,3521,71
698266,Mouse,3038,66
698317,Elephant,240358,1069
698335,Mouse,4953,71
698342,Mouse,3523,71
698372,Mouse,5359,68
698423,Mouse,3591,71
698431,Mouse,5181,67
698492,Mouse,4200,74
698505,Mouse,5675,71
698515,Mouse,4897,73
698639,Mouse,3375,75
698674,Mouse,5753,75
698722,Mouse,3099,82
698863,Mouse,5133,100
698899,Elephant,273124,1023
698904,Mouse,4496,95
698952,Mouse,3497,83
698959,Mouse,4600,86
698994,Mouse,4494,66
699046,Mouse,5822,66
699066,Mouse,3371,64
699129,Mouse,3912,64
699220,Mouse,3074,65
699230,Mouse,4562,69
699369,Mouse,5235,70
699378,Mouse,3925,71
699418,Mouse,3098,72
699423,Mouse,3247,73
699442,Mouse,3929,67
699510,Mouse,5280,67
699605,Mouse,4290,69
699637,Mouse,3908,66
699708,Elephant,584292,1486
699794,Mouse,3772,64
699948,Mouse,5311,65
699969,Mouse,3176,64
700067,Mouse,4054,64
700475,Mouse,3430,66
700517,Mouse,4944,69
700537,Mouse,3480,64
700612,Mouse,4482,70
700764,Elephant,262835,801
700765,Mouse,4312,86
700778,Mouse,3760,85
700887,Mouse,5742,74
700923,Mouse,3132,66
701041,Mouse,3327,72
701078,Mouse,3498,75
701207,Mouse,5666,98
701212,Elephant,93313,484
701251,Mouse,5631,107
701319,Mouse,5093,97
701390,Mouse,5416,69
701392,Elephant,435636,1321
701504,Mouse,5456,66
701577,Mouse,4709,69
701593,Mouse,5213,67
701729,Mouse,4042,71
701790,Mouse,4796,70
701826,Mouse,3804,69
701852,Mouse,3608,71
701927,Mouse,4051,69
701983,Elephant,334615,1392
701993,Mouse,5488,72
702100,Mouse,3805,68
702130,Mouse,3990,66
702165,Mouse,3202,68
702177,Mouse,4038,69
702238,Elephant,541582,1802
702313,Mouse,5703,67
702345,Mouse,5727,70
702362,Mouse,4731,65
702398,Mouse,3749,70
702445,Mouse,4237,66
702470,Mouse,4150,66
702476,Mouse,4674,67
702493,Mouse,5728,73
702539,Mouse,5133,76
702549,Mouse,4626,65
702573,Mouse,3161,66
702651,Mouse,3002,63
702820,Mouse,3465,64
702910,Mouse,3571,64
702983,Mouse,3823,67
703118,Mouse,3442,64
703192,Mouse,3804,71
703277,Mouse,5757,73
703293,Mouse,3916,74
703363,Elephant,582793,1209
703457,Mouse,3062,67
703485,Mouse,3786,64
703519,Mouse,3513,64
703529,Mouse,3311,64
703573,Mouse,4257,65
703729,Mouse,3801,75
703738,Mouse,5160,73
703741,Mouse,3907,68
703772,Mouse,4259,72
703779,Mouse,3786,75
704025,Mouse,4592,71
704045,Mouse,5475,77
704091,Mouse,4272,78
704160,Mouse,4877,73
704241,Mouse,4344,80
704243,Elephant,485773,1124
704255,Mouse,3977,70
704274,Mouse,4178,72
704307,Mouse,3694,67
704319,Mouse,4980,71
704362,Mouse,5590,70
704394,Mouse,4959,67
704410,Mouse,4493,75
704489,Mouse,4451,69
704492,Elephant,319974,890
704496,Mouse,5611,68
704530,Mouse,5687,68
704541,Mouse,3835,64
704575,Mouse,5054,66
704581,Mouse,5361,65
704651,Mouse,5348,65
704702,Mouse,4926,65
704780,Mouse,3276,64
704884,Mouse,4449,65
704975,Mouse,4338,65
705028,Mouse,4406,68
705123,Mouse,5176,70
705283,Mouse,4080,66
705351,Mouse,4508,69
705413,Mouse,4953,68
705447,Mouse,5010,68
705465,Mouse,4708,66
705477,Mouse,5629,70
705519,Elephant,345112,903
705557,Mouse,5221,65
705568,Mouse,5224,65
705624,Mouse,3672,64
705671,Mouse,4619,65
705679,Mouse,4758,65
705709,Mouse,3874,64
705815,Mouse,3920,64
705822,Mouse,5415,65
705830,Mouse,4088,64
705901,Mouse,4136,64
706056,Mouse,3298,64
706125,Mouse,5827,66
706224,Mouse,4083,64
706242,Mouse,3558,64
706249,Mouse,4662,65
706368,Mouse,5332,65
706384,Mouse,3233,64
706486,Mouse,3035,64
706616,Mouse,5776,70
706646,Mouse,3366,67
706647,Mouse,3976,68
706650,Mouse,5068,70
706660,Mouse,3707,70
706772,Mouse,3923,72
706859,Mouse,5242,78
706883,Mouse,5008,77
706951,Mouse,4264,90
706960,Mouse,3665,91
707008,Mouse,3788,79
707040,Mouse,5266,84
707062,Mouse,5610,70
707102,Mouse,3516,68
707190,Mouse,4369,71
707290,Mouse,5607,71
707435,Elephant,121188,713
707461,Mouse,5502,95
707505,Mouse,4793,88
707569,Mouse,3415,70
707571,Elephant,251859,1114
707600,Mouse,4461,67
707656,Mouse,5445,71
707657,Mouse,4165,70
707687,Mouse,3828,70
707745,Mouse,4773,70
707820,Mouse,3520,73
707831,Mouse,4632,82
707856,Elephant,261754,1267
707907,Mouse,3766,77
707914,Elephant,238914,1356
707980,Elephant,405316,1461
708062,Mouse,5173,65
708078,Elephant,64147,426
708112,Mouse,4600,65
708204,Mouse,4546,65
708231,Mouse,4470,65
708400,Mouse,5001,65
708482,Mouse,3716,64
708512,Mouse,4200,64
708539,Mouse,4406,69
708542,Mouse,5621,71
708545,Mouse,3805,70
708588,Mouse,5502,73
708590,Mouse,4459,74
708597,Mouse,4017,64
708602,Mouse,4948,66
708646,Mouse,5439,66
708655,Mouse,3386,64
708712,Mouse,5112,65
708729,Mouse,4694,65
708772,Mouse,3518,64
708804,Mouse,3927,64
708843,Mouse,5568,66
708914,Mouse,3884,67
708916,Mouse,4709,68
708983,Mouse,4783,72
709008,Mouse,4103,68
709072,Mouse,4413,76
709081,Mouse,3618,74
709151,Mouse,4114,66
709256,Mouse,4195,73
709342,Mouse,5088,74
709359,Mouse,4975,78
709367,Mouse,5572,81
709467,Mouse,5628,90
709614,Mouse,4605,69
709639,Mouse,4510,72
709711,Mouse,4294,71
709738,Elephant,527928,1271
709753,Mouse,3295,70
709910,Mouse,5735,66
709960,Mouse,5331,66
710056,Mouse,5568,68
710114,Mouse,4259,72
710138,Mouse,4922,80
710199,Mouse,5296,78
710220,Elephant,298521,1122
710248,Mouse,5257,72
710269,Mouse,4167,69
710289,Mouse,4358,68
710360,Mouse,5035,68
710397,Mouse,3121,67
710414,Elephant,554952,1506
710551,Mouse,5235,65
710554,Mouse,3312,65
710602,Mouse,5519,66
710604,Mouse,3273,64
710690,Mouse,3033,64
710729,Mouse,4836,65
710814,Mouse,4481,69
710878,Mouse,3912,70
710903,Mouse,4883,69
710906,Mouse,3782,68
710968,Mouse,5603,69
710981,Mouse,3376,73
711000,Mouse,3376,69
711008,Mouse,5120,75
711048,Mouse,4493,73
711252,Mouse,3359,100
711261,Mouse,3610,106
711335,Mouse,5615,118
711338,Elephant,293458,922
711389,Mouse,4175,96
711393,Mouse,3460,98
711427,Mouse,3932,82
711451,Mouse,5323,76
711474,Mouse,4349,76
711482,Mouse,3237,71
711517,Mouse,4520,73
711561,Mouse,3212,70
711585,Mouse,4518,74
711659,Mouse,3400,68
711676,Mouse,4983,74
711690,Mouse,5026,74
711783,Mouse,3334,71
711814,Elephant,328235,1242
711862,Mouse,4077,74
711865,Mouse,5711,78
711890,Mouse,3565,74
711912,Elephant,246983,1104
711929,Mouse,5177,75
711944,Mouse,4867,78
712027,Mouse,3693,67
712106,Mouse,5582,70
712193,Mouse,3372,77
712268,Mouse,5639,86
712313,Mouse,3755,94
712353,Mouse,4609,97
712380,Mouse,3150,97
712396,Elephant,372283,1387
712426,Mouse,4343,80
712476,Mouse,4124,65
712552,Mouse,5557,66
712589,Mouse,5165,70
712596,Mouse,4294,65
712678,Mouse,4079,69
712737,Mouse,5817,71
712772,Mouse,4095,70
712819,Mouse,4392,77
712964,Mouse,4469,88
713087,Mouse,4756,88
713207,Mouse,5201,76
713245,Mouse,5476,88
713300,Mouse,4313,91
713314,Mouse,4349,96
713323,Mouse,5183,94
713351,Mouse,5360,84
713383,Mouse,4242,77
713453,Elephant,95866,727
713595,Mouse,4337,70
713611,Mouse,3085,74
713620,Mouse,5190,76
713649,Mouse,5269,82
713685,Elephant,394213,1592
713694,Mouse,3977,75
713722,Mouse,3681,76
713726,Mouse,3503,73
713770,Mouse,3006,68
713803,Elephant,459804,1970
713906,Elephant,216626,1362
713944,Mouse,5616,67
713999,Mouse,4726,66
714009,Mouse,4379,69
714076,Mouse,3805,64
714115,Mouse,3952,66
714139,Mouse,5553,69
714163,Mouse,4028,66
714178,Elephant,76866,372
714209,Mouse,4231,64
714234,Mouse,3821,69
714237,Mouse,5463,71
714258,Mouse,5285,65
714332,Mouse,3128,64
714386,Mouse,4327,67
714409,Mouse,3668,64
714423,Mouse,3959,67
714437,Mouse,3070,64
714531,Mouse,3441,66
714643,Mouse,3893,67
714696,Mouse,3495,66
714748,Mouse,5408,66
714754,Mouse,3127,64
714792,Mouse,5477,66
714850,Mouse,3282,65
714878,Mouse,4698,68
715080,Mouse,4769,73
715171,Elephant,365597,943
715247,Mouse,4968,66
715276,Mouse,4859,66
715414,Mouse,5448,74
715442,Mouse,5304,70
715515,Mouse,5658,71
715532,Elephant,208390,704
715573,Mouse,3612,72
715597,Mouse,4306,71
715610,Mouse,3005,65
715621,Mouse,3700,70
715688,Mouse,4789,68
715766,Mouse,3330,69
715899,Mouse,3314,68
715922,Mouse,5221,74
715949,Mouse,3905,73
716083,Mouse,4312,72
716174,Mouse,5022,86
716241,Mouse,4176,90
716337,Mouse,3524,87
716440,Mouse,3384,72
716470,Elephant,570957,1328
716476,Mouse,4157,68
716493,Elephant,418222,1250
716541,Mouse,5509,67
716553,Mouse,4082,64
716599,Mouse,5553,66
716703,Mouse,3982,65
716732,Mouse,5120,65
716977,Mouse,4242,65
716981,Mouse,4774,66
717129,Mouse,5462,66
717217,Mouse,3577,67
717303,Mouse,3181,65
717497,Mouse,3022,64
717527,Mouse,3280,64
717552,Elephant,279948,801
717556,Mouse,4746,66
717559,Mouse,3496,66
717580,Mouse,3836,64
717690,Mouse,4060,64
717764,Mouse,3464,64
717860,Mouse,3124,64
717889,Mouse,3879,64
717950,Mouse,5720,66
717971,Mouse,5411,65
717982,Mouse,4171,64
718017,Mouse,3074,64
718068,Mouse,5161,68
718068,Mouse,3186,66
718143,Mouse,5639,70
718196,Mouse,4188,64
718223,Mouse,4201,67
718233,Elephant,126898,511
718234,Mouse,5731,74
718452,Mouse,4740,65
718477,Mouse,5441,66
718622,Mouse,3738,64
718652,Mouse,5773,66
718952,Mouse,4280,65
718961,Mouse,4219,64
718965,Mouse,4075,64
719010,Mouse,5165,66
719114,Mouse,4189,64
719216,Mouse,3835,64
719261,Mouse,4155,68
719473,Mouse,5271,71
719502,Mouse,4680,65
719549,Mouse,4347,65
719597,Mouse,5322,68
719606,Mouse,5244,74
719681,Mouse,4131,67
719683,Mouse,5171,69
719717,Mouse,3401,74
719731,Mouse,4564,80
719768,Mouse,4937,82
719784,Mouse,4604,86
719868,Mouse,3499,69
719974,Mouse,3280,77
719989,Mouse,3814,84
720139,Mouse,3193,110
720210,Mouse,5659,100
720325,Mouse,5155,76
720447,Mouse,4859,74
720499,Mouse,3833,70
720571,Mouse,5655,81
720607,Elephant,550665,1590
720776,Mouse,5294,83
720842,Mouse,4533,82
720852,Mouse,3343,85
720883,Mouse,5649,91
720902,Mouse,4617,92
720924,Mouse,3388,86
721011,Mouse,4702,69
721031,Mouse,5709,72
721120,Mouse,3324,69
721133,Elephant,503513,1859
721151,Mouse,4994,72
721177,Mouse,3655,72
721181,Mouse,4254,65
721198,Elephant,332642,1625
721204,Mouse,5107,69
721339,Mouse,5207,67
721353,Mouse,5455,72
721508,Mouse,4361,69
721540,Mouse,5590,70
721846,Mouse,5018,83
721867,Elephant,412286,1228
721870,Mouse,4221,87
721874,Mouse,4842,87
721878,Mouse,4675,87
721891,Mouse,3709,78
722196,Mouse,4386,67
722206,Mouse,5111,71
722347,Elephant,499840,1203
722392,Mouse,3372,66
722592,Mouse,3310,64
722748,Mouse,3905,64
722754,Mouse,3955,67
723247,Mouse,5803,68
723252,Mouse,3001,70
723311,Mouse,3509,66
723372,Mouse,5188,65
723413,Mouse,5836,66
723420,Mouse,3063,67
723431,Mouse,3361,69
723469,Mouse,3014,69
723517,Mouse,3383,69
723543,Mouse,3392,65
723646,Mouse,3539,65
723711,Elephant,315583,872
723783,Mouse,4315,69
723838,Mouse,3204,64
723897,Mouse,3857,66
723912,Mouse,4135,69
724011,Mouse,5743,68
724077,Mouse,5450,69
724098,Mouse,3118,69
724117,Mouse,4928,70
724244,Mouse,3792,73
724246,Mouse,5419,74
724343,Mouse,3802,76
724371,Mouse,3502,85
724463,Mouse,4988,105
724536,Mouse,4641,105
724545,Mouse,3867,107
724641,Mouse,4593,85
724746,Mouse,4621,71
724753,Elephant,599365,1532
724768,Mouse,5163,68
724772,Mouse,5505,69
724891,Elephant,91757,678
724942,Mouse,4750,67
725069,Mouse,5480,68
725087,Mouse,4775,67
725300,Mouse,4412,67
725317,Elephant,359609,1372
725324,Mouse,3753,65
725455,Mouse,4292,65
725477,Mouse,4287,65
725485,Mouse,4456,65
725512,Mouse,3838,65
725570,Mouse,4376,65
725581,Mouse,3014,64
725762,Mouse,4160,67
725828,Mouse,3979,64
725864,Mouse,5514,66
726035,Mouse,4838,65
726164,Mouse,3650,64
726180,Mouse,4997,66
726235,Mouse,3392,64
726351,Mouse,3431,64
726470,Mouse,4526,65
726501,Mouse,5484,69
726625,Elephant,50778,283
726661,Mouse,3553,65
726704,Mouse,5819,67
726812,Mouse,3242,64
726832,Mouse,5636,67
727002,Mouse,3273,64
727040,Mouse,4815,65
727152,Mouse,5749,66
727170,Mouse,4228,66
727228,Mouse,4045,64
727421,Mouse,4777,66
727425,Mouse,4379,67
727524,Mouse,3969,64
727564,Mouse,5017,68
727670,Mouse,4228,65
727713,Mouse,4968,66
727744,Mouse,3243,67
727783,Mouse,3985,67
727798,Mouse,4513,65
727822,Mouse,4407,67
727876,Mouse,4933,65
727912,Mouse,3075,68
727918,Mouse,5055,73
727937,Mouse,3375,65
728178,Elephant,159079,590
728193,Mouse,4087,64
728201,Mouse,4376,67
728280,Mouse,3289,64
728315,Mouse,3791,64
728333,Mouse,5322,69
728364,Mouse,3527,64
728475,Elephant,262441,773
728489,Mouse,3409,64
728644,Mouse,3766,64
728674,Mouse,5094,65
728700,Mouse,5149,65
728776,Mouse,4511,65
728938,Mouse,3993,64
729021,Mouse,3319,64
729028,Mouse,5076,66
729054,Mouse,3342,64
729086,Mouse,3732,67
729087,Mouse,4329,67
729191,Mouse,3398,66
729192,Mouse,4531,67
729195,Mouse,3795,66
729318,Mouse,3966,64
729573,Mouse,5334,65
729588,Elephant,249793,837
729663,Mouse,5133,65
729682,Mouse,3143,71
729801,Mouse,5781,68
729968,Mouse,4931,84
729991,Mouse,5241,79
730002,Mouse,5294,82
730063,Mouse,3806,87
730071,Mouse,4863,91
730169,Mouse,3668,66
730198,Mouse,3972,73
730272,Mouse,5783,81
730427,Mouse,3763,82
730486,Elephant,432131,1183
730531,Mouse,5589,70
730573,Mouse,5752,75
730601,Mouse,5485,73
730621,Elephant,176001,805
730635,Mouse,4144,69
730742,Mouse,3970,67
730763,Mouse,5289,69
730815,Mouse,5408,74
730864,Mouse,5440,73
730884,Mouse,5601,78
730890,Mouse,5466,80
730979,Mouse,5739,76
730983,Mouse,4219,75
730992,Mouse,5147,78
731027,Mouse,5197,82
731166,Mouse,4642,69
731310,Mouse,4194,79
731315,Elephant,557235,1741
731339,Elephant,468881,1502
731365,Mouse,3730,69
731379,Mouse,3702,64
731434,Mouse,4778,65
731466,Mouse,5672,66
731518,Mouse,3457,64
731621,Mouse,5321,68
731623,Mouse,5009,68
731647,Mouse,5571,66
731764,Mouse,3343,66
731828,Mouse,3991,64
731874,Mouse,4386,65
731911,Mouse,3541,67
731941,Mouse,3823,68
731990,Mouse,4114,71
732048,Mouse,5126,65
732053,Mouse,3365,64
732077,Mouse,4234,67
732104,Mouse,3321,67
732151,Mouse,3862,69
732179,Mouse,3178,70
732252,Mouse,5478,70
732290,Elephant,319087,994
732307,Elephant,113599,509
732326,Mouse,3938,77
732333,Mouse,4978,73
732344,Mouse,4398,65
732435,Mouse,3881,64
732464,Mouse,3271,64
732487,Mouse,4682,66
732526,Mouse,3126,67
732546,Mouse,5209,68
732596,Elephant,74200,377
732599,Mouse,4261,67
732607,Mouse,5590,68
732613,Mouse,4341,72
732621,Mouse,4326,71
732700,Mouse,3597,64
732812,Mouse,4332,68
732872,Mouse,3904,68
732881,Mouse,4830,67
732907,Elephant,114984,494
732977,Mouse,5097,69
733101,Mouse,3577,67
733145,Mouse,5815,72
733249,Mouse,5370,70
733274,Mouse,4509,67
733303,Mouse,3100,67
733408,Mouse,3789,75
733548,Mouse,5222,69
733561,Mouse,4107,71
733653,Elephant,228159,794
733698,Elephant,545132,1494
733732,Mouse,3363,64
733813,Mouse,3851,67
733871,Mouse,3763,67
733871,Mouse,5227,69
733931,Mouse,5715,70
733962,Mouse,5170,65
733990,Mouse,3057,67
733999,Mouse,4318,71
734154,Mouse,3231,67
734164,Mouse,4436,68
734175,Mouse,3862,68
734251,Mouse,4861,68
734427,Elephant,519650,1143
734441,Mouse,5336,66
734456,Mouse,4785,65
734492,Mouse,3723,64
734535,Mouse,3703,65
734569,Mouse,4961,65
734596,Mouse,3817,64
734626,Mouse,5189,65
734637,Mouse,3121,64
734646,Mouse,5741,66
734686,Mouse,5653,66
734826,Mouse,5241,65
734842,Mouse,4192,64
734930,Mouse,5541,66
734983,Mouse,5398,69
735059,Mouse,5172,65
735093,Mouse,5561,66
735246,Mouse,3432,67
735363,Mouse,5052,71
735368,Mouse,3103,67
735406,Mouse,3132,71
735421,Mouse,5156,72
735563,Mouse,5025,76
735579,Elephant,273346,824
735584,Mouse,3317,71
735586,Mouse,4687,74
735648,Mouse,4699,66
735702,Mouse,5779,68
735712,Mouse,5222,70
735779,Mouse,5134,66
735840,Mouse,3226,65
735876,Mouse,3931,67
735968,Mouse,3974,67
735976,Elephant,551328,1232
736063,Mouse,3585,64
736147,Mouse,3529,64
736192,Mouse,4034,64
736227,Mouse,5145,65
736269,Mouse,4815,66
736321,Mouse,5729,66
736377,Mouse,5686,66
736435,Mouse,3091,64
736524,Mouse,3894,64
736618,Mouse,3576,64
736626,Elephant,39399,237
736632,Mouse,4773,65
736648,Mouse,4570,65
736662,Mouse,4654,66
736688,Mouse,3531,64
736714,Mouse,3750,64
736791,Mouse,5316,65
736895,Mouse,4801,70
736905,Mouse,4021,64
736963,Mouse,5090,65
737007,Mouse,4844,66
737070,Mouse,4156,65
737180,Mouse,3947,64
737266,Mouse,5769,68
737297,Mouse,4776,65
737438,Mouse,3890,64
737551,Mouse,4545,69
737633,Mouse,5126,69
737750,Mouse,4956,70
737820,Elephant,420844,1081
737852,Mouse,5564,70
737881,Mouse,3254,65
737887,Mouse,4109,68
738058,Mouse,4914,68
738061,Mouse,3981,70
738073,Mouse,3993,69
738166,Mouse,3181,68
738191,Elephant,440615,1040
738263,Mouse,3988,66
738347,Mouse,3506,67
738375,Mouse,4371,69
738405,Mouse,4190,64
738433,Mouse,5121,70
738488,Mouse,5157,69
738700,Mouse,3647,80
738810,Mouse,4496,87
738844,Mouse,3732,83
738895,Mouse,4226,85
738916,Mouse,3445,79
738936,Mouse,4407,90
738940,Mouse,4556,91
738950,Mouse,4947,96
738956,Mouse,3868,98
739075,Mouse,5692,82
739152,Mouse,3143,76
739281,Mouse,4320,86
739324,Mouse,3954,96
739424,Mouse,4056,87
739463,Elephant,98029,765
739488,Mouse,4259,90
739523,Mouse,3402,100
739546,Mouse,5486,97
739560,Elephant,488331,1469
739592,Mouse,5401,83
739697,Mouse,4933,66
739714,Mouse,3137,67
739833,Mouse,4778,68
739899,Mouse,5618,68
739969,Mouse,4163,77
739976,Mouse,3497,83
740084,Elephant,589965,2205
740096,Mouse,4871,71
740117,Elephant,277385,1635
740154,Mouse,4507,74
740203,Mouse,3936,64
740210,Mouse,3261,64
740244,Mouse,3082,67
740311,Mouse,5587,67
740316,Mouse,4900,68
740364,Mouse,3428,69
740488,Mouse,5112,69
740490,Mouse,3369,67
740495,Mouse,3939,67
740590,Elephant,64018,200662
740623,Mouse,4270,66
740746,Mouse,5572,68
740918,Mouse,4717,67
740947,Mouse,3269,71
741057,Mouse,3559,75
741087,Mouse,4292,86
741113,Mouse,4393,89
741159,Mouse,3353,96
741179,Mouse,4526,105
741227,Mouse,5215,93
741310,Mouse,5584,75
741332,Mouse,3325,70
741377,Mouse,5742,70
741383,Mouse,5774,77
741412,Mouse,5005,83
741544,Mouse,3392,70
741590,Elephant,166992,888
741851,Mouse,4960,78
741931,Mouse,4928,98
741982,Mouse,4103,98
741983,Mouse,5691,99
742036,Mouse,5449,87
742106,Mouse,5713,71
742115,Mouse,5493,75
742165,Elephant,251070,1298
742368,Mouse,3155,74
742379,Mouse,4126,80
742381,Mouse,4754,79
742411,Mouse,5389,89
742511,Mouse,3816,80
742553,Mouse,4287,77
742554,Mouse,4335,78
742631,Elephant,550242,2001
742673,Mouse,5795,79
742755,Mouse,4168,68
742796,Elephant,68251,645
742989,Elephant,573162,2206
742991,Mouse,4711,77
743023,Mouse,4137,75
743045,Mouse,3034,78
743073,Mouse,5065,65
743099,Mouse,4563,77
743121,Mouse,4827,68
743170,Elephant,30631,207
743234,Mouse,5787,71
743249,Mouse,5376,74
743258,Mouse,5122,79
743330,Mouse,4395,78
743340,Mouse,5247,79
743353,Mouse,4585,78
743388,Elephant,527516,1620
743392,Mouse,4664,79
743483,Mouse,5456,66
743527,Mouse,5696,67
743548,Mouse,5690,73
743603,Mouse,3656,73
743656,Mouse,5626,66
743666,Mouse,5685,70
743700,Mouse,4640,77
743718,Mouse,4443,73
743749,Mouse,3143,83
743759,Mouse,5645,72
743811,Mouse,4160,70
743934,Mouse,4313,73
743965,Elephant,271479,953
744006,Mouse,5326,70
744040,Mouse,3925,65
744061,Mouse,3525,64
744080,Mouse,3751,67
744122,Mouse,4937,70
744170,Mouse,3664,71
744186,Elephant,518533,1443
744207,Mouse,3923,64
744308,Mouse,4693,65
744359,Mouse,4127,64
744392,Mouse,3259,64
744409,Mouse,3503,64
744428,Mouse,4683,65
744541,Mouse,3651,64
744545,Mouse,4117,64
744667,Mouse,3907,64
744676,Mouse,4260,65
744709,Mouse,4777,65
744739,Mouse,5590,66
744767,Mouse,3535,65
744827,Mouse,5082,65
744845,Mouse,5752,66
744970,Mouse,4323,65
745088,Mouse,5779,67
745122,Mouse,3752,66
745150,Mouse,4710,65
745172,Mouse,5500,69
745220,Mouse,3450,64
745351,Mouse,4671,69
745372,Mouse,4312,69
745425,Elephant,217947,723
745437,Mouse,3559,64
745444,Mouse,5036,65
745535,Mouse,3262,64
745566,Mouse,4496,65
745655,Mouse,4340,65
745678,Mouse,4486,65
745790,Mouse,3268,64
745806,Mouse,3069,66
745807,Mouse,4748,68
745829,Mouse,3126,64
745860,Mouse,3811,64
745880,Mouse,4551,65
745985,Mouse,3404,64
746073,Mouse,3077,64
746165,Mouse,3580,64
746193,Mouse,5086,65
746272,Mouse,4066,64
746359,Mouse,5147,65
746428,Mouse,3131,64
746435,Mouse,5769,66
746533,Mouse,4492,65
746557,Mouse,3530,69
746560,Mouse,5037,73
746572,Mouse,4800,65
746584,Mouse,4827,65
746757,Mouse,3496,64
746781,Mouse,5758,66
746827,Mouse,5005,65
746879,Mouse,4808,65
746905,Mouse,4347,69
746943,Elephant,204149,673
747026,Mouse,3392,64
747153,Mouse,3442,64
747200,Mouse,5211,65
747392,Mouse,3177,66
747420,Mouse,4444,77
747432,Mouse,3726,71
747498,Mouse,5385,73
747683,Elephant,428848,202497
747727,Mouse,4099,102
747735,Mouse,4977,99
747785,Mouse,3270,76
748002,Mouse,5334,82
748166,Mouse,5305,125
748186,Mouse,5491,140
748241,Mouse,3602,114
748300,Mouse,3847,73
748370,Mouse,4648,78
748403,Mouse,3245,69
748424,Mouse,3021,72
748438,Mouse,3486,69
748561,Mouse,3599,86
748579,Mouse,5715,95
748698,Mouse,3076,85
748745,Mouse,4177,80
748834,Mouse,5794,81
748855,Mouse,3195,88
748885,Mouse,5759,86
748957,Mouse,4956,91
748989,Mouse,3117,79
749020,Mouse,3772,70
749032,Mouse,5685,78
749125,Mouse,4645,107
749228,Elephant,300845,1818
749302,Mouse,4828,80
749317,Mouse,4144,80
749337,Elephant,365593,2139
749361,Mouse,3018,75
749418,Elephant,332986,2134
749443,Mouse,3761,73
749532,Mouse,4177,72
749560,Mouse,3845,77
749574,Mouse,4341,79
749627,Mouse,3015,84
749665,Mouse,3306,86
749734,Mouse,3208,73
749773,Mouse,4093,81
749871,Elephant,312512,2166
749886,Mouse,5079,89
749892,Elephant,589914,2687
749971,Mouse,3576,82
749985,Mouse,5093,74
750050,Mouse,4848,71
750069,Mouse,4153,67
750077,Mouse,5684,67
750105,Mouse,4299,68
750130,Elephant,178464,997
750177,Mouse,4438,69
750177,Mouse,4579,70
750215,Mouse,3724,66
750255,Mouse,4456,67
750267,Mouse,4214,66
750285,Mouse,4340,68
750364,Mouse,4873,66
750383,Mouse,3853,66
750388,Mouse,4159,64
750413,Mouse,3267,67
750466,Mouse,4565,66
750472,Mouse,4704,67
750521,Mouse,5545,67
750645,Mouse,5522,67
750692,Mouse,4922,68
750702,Mouse,3076,64
750712,Mouse,3196,66
750722,Mouse,4572,66
750772,Mouse,5423,67
750777,Mouse,5053,67
750785,Mouse,4791,69
750835,Mouse,5105,66
750842,Mouse,3832,67
750850,Mouse,3192,64
750902,Mouse,3821,64
750941,Mouse,3560,65
751002,Mouse,5243,67
751084,Mouse,4362,68
751150,Mouse,4047,64
751287,Mouse,3000,63
751322,Mouse,5233,65
751338,Mouse,5459,66
751552,Mouse,3430,64
751619,Mouse,5810,68
751659,Mouse,3706,66
751699,Mouse,4665,66
751714,Mouse,5795,72
751778,Mouse,4800,65
751856,Mouse,4970,71
751863,Mouse,3330,68
751864,Mouse,4169,70
751890,Mouse,5710,70
751919,Mouse,4196,64
751971,Mouse,3850,65
752280,Mouse,3276,71
752297,Mouse,3822,74
752328,Elephant,360066,944
752375,Mouse,4443,73
752406,Mouse,3713,67
752506,Mouse,3796,66
752531,Mouse,3718,65
752563,Mouse,5402,70
752581,Mouse,3780,72
752699,Mouse,3444,67
752728,Mouse,5514,73
752823,Mouse,4676,83
752823,Mouse,5314,83
752838,Mouse,5779,88
752867,Mouse,3963,87
752886,Mouse,4097,93
752932,Mouse,3583,100
752979,Elephant,315638,929
753038,Mouse,3428,66
753053,Mouse,5827,75
753085,Mouse,3894,67
753123,Mouse,3515,66
753196,Mouse,4701,74
753252,Mouse,5025,78
753260,Mouse,4684,76
753274,Mouse,3269,78
753375,Mouse,4510,102
753388,Mouse,5393,100
753439,Mouse,4065,98
753456,Mouse,5740,98
753496,Mouse,3540,85
753540,Mouse,5285,81
753548,Mouse,5219,81
753569,Mouse,4207,71
753603,Elephant,113189,679
753676,Elephant,553008,1647
753686,Mouse,4352,68
753719,Mouse,3551,72
753757,Mouse,4562,69
753791,Mouse,3426,65
753833,Mouse,4696,68
754023,Mouse,5641,82
754116,Mouse,4992,89
754128,Mouse,4171,93
754139,Mouse,4485,102
754228,Mouse,3179,74
754259,Mouse,5639,71
754260,Mouse,3689,70
754271,Mouse,5703,75
754353,Mouse,3617,79
754361,Mouse,4241,71
754369,Elephant,202969,841
754447,Mouse,3229,64
754557,Mouse,3613,69
754573,Mouse,4755,78
754668,Mouse,4725,69
754687,Mouse,5588,75
754768,Mouse,4199,79
754788,Elephant,72024,392
754834,Mouse,3910,78
754845,Mouse,3320,72
754941,Mouse,3700,75
754967,Elephant,533125,1973
755035,Mouse,3882,68
755177,Mouse,4716,70
755237,Mouse,5463,71
755309,Mouse,4576,76
755313,Elephant,492243,1542
755433,Mouse,3316,64
755537,Mouse,4437,69
755560,Mouse,3883,69
755709,Elephant,360234,962
755725,Mouse,3713,65
755780,Mouse,5193,65
755786,Mouse,4522,67
755838,Mouse,3556,64
755908,Mouse,5677,66
755923,Mouse,4913,65
756028,Mouse,4240,66
756172,Mouse,5522,66
756319,Mouse,5673,66
756360,Mouse,3166,65
756363,Mouse,3284,65
756390,Mouse,3989,64
756415,Mouse,3915,64
756528,Mouse,3138,64
756577,Mouse,3872,64
756643,Mouse,4406,69
756751,Mouse,3002,63
756770,Mouse,4637,67
756940,Mouse,4384,70
756958,Mouse,3860,75
757050,Mouse,4647,68
757078,Mouse,3402,74
757153,Elephant,114661,522
757298,Mouse,4746,69
757330,Mouse,4310,70
757333,Mouse,4940,71
757411,Elephant,279067,883
757505,Mouse,3722,64
757792,Mouse,5630,70
757810,Mouse,3552,65
757813,Elephant,596586,1336
757884,Mouse,4423,65
757897,Mouse,5789,66
757913,Mouse,5237,65
757920,Mouse,3938,64
757952,Mouse,3984,64
758035,Mouse,4537,65
758038,Mouse,4017,65
758045,Mouse,3475,64
758213,Mouse,4493,65
758290,Mouse,4082,64
758384,Mouse,5214,65
758395,Mouse,4831,65
758478,Mouse,4442,65
758526,Mouse,4471,65
758717,Mouse,5498,66
758721,Mouse,3259,64
758789,Mouse,5519,66
758897,Mouse,5476,66
758926,Mouse,3267,64
758951,Mouse,5827,66
759074,Mouse,3108,65
759076,Mouse,3339,66
759199,Mouse,5510,66
759241,Mouse,5102,66
759277,Mouse,4193,64
759371,Mouse,4870,65
759467,Mouse,3611,64
759501,Mouse,4207,64
759567,Mouse,3738,64
759616,Mouse,4097,64
759697,Mouse,3056,64
759728,Mouse,5365,65
759820,Mouse,3790,64
759831,Mouse,4657,65
759922,Mouse,5164,65
759969,Mouse,3149,64
760044,Mouse,5425,65
760185,Mouse,4096,65
760191,Mouse,5677,66
760199,Mouse,3783,64
760236,Mouse,4414,66
760326,Mouse,4559,65
760397,Mouse,4310,73
760404,Mouse,4359,76
760434,Mouse,3621,72
760438,Elephant,65253,378
760464,Mouse,4855,79
760581,Mouse,4410,67
760588,Mouse,5317,71
760599,Mouse,4145,74
760611,Elephant,169826,626
760618,Mouse,5427,81
760649,Mouse,3008,73
760686,Mouse,4178,88
760884,Mouse,4358,65
760950,Mouse,5743,69
760971,Mouse,5000,78
760994,Mouse,3850,71
761004,Mouse,3024,68
761023,Mouse,4223,73
761068,Mouse,5078,71
761076,Mouse,3643,75
761111,Mouse,3615,77
761130,Mouse,3648,77
761283,Mouse,5349,82
761320,Mouse,5270,87
761324,Mouse,3251,86
761357,Elephant,323504,1175
761360,Elephant,286405,1136
761363,Mouse,3314,91
761381,Mouse,3824,84
761407,Mouse,3248,76
761435,Mouse,5073,73
761483,Mouse,3909,64
761549,Mouse,4387,69
761568,Mouse,3171,64
761584,Mouse,5358,65
761590,Mouse,4083,67
761641,Elephant,269219,947
761842,Mouse,5024,69
761855,Mouse,4934,65
761954,Mouse,3118,64
761972,Mouse,4697,65
762082,Mouse,5062,75
762100,Mouse,3935,64
762128,Mouse,4235,71
762329,Elephant,501822,402391
762462,Mouse,4326,65
762529,Mouse,4463,69
762612,Mouse,4329,66
762708,Elephant,315688,875
762782,Mouse,3366,68
762848,Mouse,4713,65
763037,Mouse,3754,66
763048,Mouse,3600,71
763053,Mouse,4266,74
763058,Mouse,4430,78
763073,Mouse,4674,65
763126,Mouse,4171,66
763198,Mouse,5186,65
763218,Mouse,3339,67
763242,Mouse,5104,66
763326,Mouse,5727,66
763336,Mouse,5666,66
763361,Mouse,4997,70
763376,Mouse,3003,64
763396,Mouse,3407,67
763423,Mouse,3007,68
763521,Elephant,303288,934
763596,Mouse,3550,65
763615,Mouse,4699,65
763639,Mouse,4012,67
763686,Mouse,3103,65
763707,Mouse,4871,65
763752,Mouse,3176,64
763775,Mouse,5497,69
763875,Mouse,4516,67
763969,Mouse,4391,69
763973,Mouse,5056,65
764032,Mouse,4213,65
764115,Mouse,3706,67
764168,Mouse,5434,72
764208,Mouse,5195,77
764222,Mouse,4151,76
764232,Mouse,5126,79
764324,Mouse,3074,80
764365,Mouse,4284,73
764382,Mouse,3822,73
764384,Mouse,4771,74
764466,Elephant,461826,1112
764690,Mouse,3811,64
764753,Mouse,4722,70
764810,Mouse,5207,71
764871,Elephant,588462,1333
764900,Mouse,3253,64
764904,Mouse,3926,64
764916,Mouse,4248,64
764997,Mouse,4573,65
765041,Mouse,4906,66
765064,Mouse,4142,64
765229,Mouse,3427,64
765335,Mouse,3547,64
765374,Mouse,3556,64
765578,Mouse,3496,64
765610,Mouse,3272,64
765642,Mouse,5457,66
765654,Mouse,3761,65
765657,Mouse,3135,64
765736,Mouse,4962,65
765790,Mouse,4944,68
765795,Mouse,4430,71
765828,Mouse,5398,65
765837,Mouse,3356,70
765868,Mouse,3475,64
765875,Mouse,4373,67
765944,Mouse,4976,70
765978,Elephant,174874,623
766124,Mouse,3721,64
766137,Mouse,4504,67
766204,Mouse,4841,69
766205,Mouse,4414,69
766209,Mouse,5461,67
766274,Mouse,3874,67
766310,Mouse,3981,68
766330,Mouse,4180,73
766363,Mouse,3278,74
766367,Mouse,4260,76
766392,Mouse,3466,73
766406,Mouse,3622,74
766418,Mouse,3161,76
766425,Mouse,4888,82
766474,Mouse,4428,79
766523,Elephant,371227,968
766564,Mouse,4252,68
766603,Mouse,3797,69
766656,Mouse,5023,74
766671,Elephant,140126,566
766780,Mouse,4323,69
766839,Mouse,4287,66
766852,Mouse,4035,66
766876,Mouse,3626,67
766905,Mouse,4316,70
767045,Mouse,3869,69
767120,Mouse,4790,74
767157,Elephant,353574,958
767312,Mouse,4707,69
767382,Mouse,4401,65
767476,Mouse,3270,70
767535,Mouse,4209,70
767731,Elephant,67127,370
767782,Mouse,4835,70
767832,Mouse,4352,70
767865,Mouse,4241,71
767908,Mouse,5638,76
767920,Elephant,542225,1344
767925,Mouse,5580,79
767948,Mouse,5527,72
767965,Mouse,5748,75
768023,Mouse,4875,70
768059,Mouse,3819,67
768173,Mouse,3421,64
768226,Mouse,5036,65
768258,Mouse,3728,73
768348,Elephant,465022,1152
768525,Mouse,5717,66
768567,Mouse,5536,70
768571,Mouse,4643,68
768586,Mouse,3828,67
768650,Mouse,4011,68
768723,Mouse,3827,67
768934,Mouse,5506,78
768993,Mouse,5388,87
769032,Mouse,4238,93
769100,Mouse,4657,93
769353,Elephant,45683,312
769395,Elephant,468500,1267
769405,Mouse,3437,71
769458,Mouse,3465,67
769557,Elephant,472387,1280
769562,Mouse,3599,65
769709,Mouse,5384,69
769742,Mouse,3437,67
769753,Mouse,4057,72
769809,Mouse,4749,78
769810,Mouse,3537,78
769863,Mouse,4816,75
769868,Mouse,4990,78
770001,Mouse,4778,67
770117,Elephant,112251,499
770216,Mouse,3138,64
770245,Mouse,3477,70
770247,Mouse,4551,72
770260,Mouse,3387,66
770278,Mouse,3287,68
770290,Mouse,4428,72
770388,Mouse,4765,66
770394,Elephant,584059,1801
770398,Mouse,3537,67
770405,Mouse,4270,70
770411,Mouse,5606,67
770442,Mouse,4604,68
770472,Mouse,4309,65
770497,Mouse,4590,65
770504,Mouse,3057,66
770505,Mouse,3579,66
770526,Mouse,3930,66
770578,Mouse,5204,65
770602,Mouse,5230,65
770619,Mouse,3796,65
770669,Mouse,3466,64
770727,Mouse,3171,64
770831,Mouse,5775,71
770851,Mouse,3537,64
770866,Elephant,174316,623
770872,Mouse,5358,69
770893,Mouse,4072,66
770896,Mouse,5114,68
771016,Mouse,4654,65
771039,Mouse,3117,64
771223,Mouse,3316,64
771287,Mouse,3666,64
771331,Mouse,3343,64
771357,Mouse,3697,64
771467,Mouse,4814,65
771512,Mouse,4388,65
771584,Mouse,4738,65
771695,Mouse,5094,65
771770,Mouse,4433,66
771781,Mouse,3898,64
771867,Mouse,4516,65
771974,Mouse,4016,64
772117,Mouse,4005,67
772134,Mouse,3273,71
772212,Mouse,3445,66
772290,Mouse,3874,72
772331,Mouse,5743,78
772362,Mouse,3811,84
772371,Mouse,5090,90
772400,Elephant,185608,677
772474,Mouse,4956,71
772487,Elephant,290437,867
772527,Mouse,4147,74
772529,Mouse,3318,69
772576,Mouse,3719,64
772616,Mouse,4916,65
772661,Mouse,4259,65
772717,Mouse,3633,64
772880,Mouse,4491,69
772928,Mouse,4138,70
772933,Mouse,4217,64
772969,Mouse,3445,67
773048,Mouse,4623,68
773134,Mouse,5573,69
773169,Mouse,4858,68
773282,Mouse,3954,67
773359,Elephant,508034,1473
773372,Mouse,5201,65
773433,Mouse,4307,65
773454,Mouse,5077,65
773518,Mouse,5180,65
773558,Mouse,3615,64
773616,Mouse,4409,65
773620,Mouse,3035,64
773629,Mouse,4996,65
773821,Mouse,3999,64
773881,Mouse,5634,66
773957,Mouse,4146,64
774005,Mouse,5536,66
774066,Mouse,5320,69
774082,Mouse,4659,67
774401,Mouse,3077,64
774438,Mouse,4438,67
774443,Mouse,5782,67
774590,Mouse,4987,68
774624,Elephant,439626,1100
774666,Mouse,5139,68
774825,Mouse,3872,64
774875,Mouse,5575,66
774881,Mouse,3127,64
774900,Mouse,5787,66
774934,Mouse,3914,64
774972,Mouse,4127,64
774979,Mouse,4085,66
775087,Mouse,4603,65
775097,Mouse,5170,65
775118,Mouse,5610,69
775137,Mouse,4329,65
775168,Mouse,3994,70
775198,Mouse,3639,68
775217,Mouse,5330,73
775232,Mouse,5101,70
775244,Mouse,3319,70
775263,Mouse,3639,71
775310,Mouse,5036,69
775337,Mouse,4545,68
775407,Mouse,4685,71
775420,Elephant,88860,417
775426,Mouse,3569,66
775468,Mouse,5536,67
775500,Mouse,4498,73
775569,Mouse,3933,67
775642,Mouse,3604,66
775709,Elephant,174424,652
775747,Mouse,3033,68
775768,Mouse,3376,67
775774,Mouse,5618,66
775846,Mouse,3597,67
775847,Mouse,3407,67
775878,Elephant,405497,996
775919,Mouse,4597,69
775922,Mouse,3198,70
775930,Mouse,3059,64
775937,Mouse,3781,64
776027,Mouse,4369,65
776041,Mouse,4168,64
776085,Mouse,5793,67
776114,Mouse,4207,64
776131,Mouse,5345,71
776159,Mouse,3313,65
776177,Mouse,5609,66
776192,Mouse,3230,64
776239,Mouse,4893,66
776243,Mouse,5707,68
776267,Mouse,4211,64
776304,Mouse,4041,64
776504,Mouse,4016,69
776507,Mouse,3853,65
776553,Mouse,3657,64
776574,Mouse,3690,67
776613,Mouse,4102,66
776896,Mouse,4392,68
776909,Elephant,204557,701
776937,Mouse,4867,70
777042,Elephant,349401,921
777064,Mouse,5273,66
777084,Mouse,5189,68
777097,Mouse,4397,65
777113,Mouse,3897,64
777286,Mouse,5764,68
777310,Mouse,3814,72
777321,Mouse,5134,65
777366,Mouse,4047,65
777419,Mouse,4926,68
777451,Mouse,3030,65
777470,Mouse,5177,73
777612,Mouse,3408,72
777632,Elephant,231298,752
777636,Mouse,4324,69
777661,Mouse,3489,65
777690,Mouse,3907,70
777691,Mouse,4050,72
777750,Mouse,4648,78
777767,Mouse,5333,73
777960,Mouse,3319,68
778065,Mouse,3461,70
778072,Mouse,3146,70
778204,Mouse,4191,73
778267,Mouse,4159,84
778310,Mouse,3671,97
778325,Mouse,4008,93
778336,Mouse,3250,93
778434,Mouse,3905,86
778436,Elephant,595265,1302
778491,Mouse,4158,72
778570,Mouse,4731,69
778579,Mouse,4589,71
778674,Mouse,5363,70
778684,Mouse,5056,74
778743,Mouse,3634,65
778776,Elephant,588791,1665
778781,Mouse,5606,66
778805,Mouse,3990,64
778837,Mouse,3975,66
778981,Mouse,3902,64
779009,Elephant,55663,321
779029,Mouse,3293,64
779111,Mouse,4977,65
779140,Mouse,4993,74
779193,Mouse,5103,65
779245,Mouse,3676,64
779466,Elephant,129637,533
779499,Mouse,3845,64
779591,Mouse,3370,64
779772,Mouse,3335,64
779777,Mouse,4766,65
779882,Elephant,288298,864
779928,Mouse,5066,67
779936,Mouse,4109,64
780045,Mouse,4242,65
780145,Mouse,4974,65
780176,Mouse,4621,65
780315,Mouse,4743,65
780328,Mouse,5068,67
780366,Mouse,4719,69
780378,Mouse,5387,67
780530,Mouse,5425,70
780549,Mouse,4053,72
780559,Mouse,5224,75
780583,Mouse,4983,76
780660,Mouse,3564,72
780693,Mouse,4009,67
780892,Mouse,3673,82
780910,Mouse,5692,88
780967,Mouse,3282,91
780975,Mouse,5229,94
780989,Mouse,5704,101
781006,Mouse,4319,107
781055,Mouse,5325,98
781091,Elephant,317649,1122
781157,Mouse,3682,81
781159,Mouse,5427,82
781178,Mouse,5233,81
781191,Elephant,409309,1391
781287,Mouse,5563,66
781352,Mouse,4905,69
781509,Mouse,4580,65
781773,Mouse,3325,80
781812,Mouse,3213,78
781991,Mouse,3336,102
782009,Elephant,561715,1924
782059,Mouse,4924,87
782081,Mouse,4004,83
782167,Mouse,4194,73
782169,Elephant,276475,1111
782206,Mouse,3942,67
782236,Mouse,4693,68
782311,Mouse,3886,69
782383,Mouse,4935,66
782459,Mouse,3441,71
782542,Mouse,5220,74
782665,Mouse,5225,88
782678,Mouse,3594,89
782716,Elephant,271853,1221
782793,Elephant,247733,1260
782799,Mouse,3937,64
782809,Mouse,4273,67
782843,Mouse,3229,64
782870,Mouse,4090,67
782942,Mouse,3055,64
782991,Mouse,3255,68
783011,Mouse,5540,66
783019,Mouse,3116,65
783096,Mouse,4188,69
783111,Mouse,3079,64
783135,Mouse,3907,69
783252,Elephant,443914,1264
783322,Mouse,4874,66
783327,Mouse,4656,65
783333,Mouse,5169,65
783340,Mouse,4855,65
783395,Mouse,4777,65
783563,Mouse,5016,65
783981,Mouse,4330,75
784026,Mouse,5362,73
784142,Mouse,3981,74
784184,Mouse,4929,83
784234,Mouse,5543,91
784245,Mouse,5714,91
784268,Mouse,5334,94
784282,Mouse,5779,89
784334,Mouse,3662,67
784335,Mouse,5505,69
784436,Mouse,3825,66
784571,Mouse,5532,70
784588,Mouse,3049,65
784590,Mouse,4006,67
784597,Mouse,5114,66
784635,Mouse,5149,68
784646,Mouse,4380,70
784701,Mouse,3559,70
784712,Mouse,3048,73
784781,Mouse,5147,70
784979,Elephant,561814,1438
784994,Mouse,4211,80
784998,Mouse,5603,83
785012,Mouse,3597,87
785065,Elephant,437259,1431
785075,Mouse,3413,79
785076,Mouse,5703,82
785083,Mouse,5485,71
785254,Mouse,4773,65
785381,Mouse,3914,64
785398,Mouse,4478,65
785422,Mouse,4554,65
785603,Mouse,4665,73
785610,Mouse,4529,73
785646,Mouse,3307,69
785704,Mouse,4159,64
785740,Mouse,4458,65
785763,Mouse,4721,72
785766,Mouse,3169,73
785804,Elephant,67212,372
785814,Mouse,5288,73
785874,Mouse,3212,65
785918,Mouse,4365,69
785921,Mouse,5609,71
786017,Mouse,3618,69
786041,Elephant,375535,958
786088,Mouse,4275,65
786098,Mouse,3819,64
786124,Mouse,5560,66
786132,Mouse,4090,65
786181,Mouse,3340,66
786278,Mouse,5688,66
786347,Mouse,5233,65
786444,Mouse,5719,66
786475,Mouse,3682,64
786548,Mouse,4732,68
786554,Mouse,3686,64
786584,Mouse,3301,67
786599,Mouse,4462,66
786752,Mouse,4326,65
786820,Mouse,5656,72
786877,Mouse,5381,81
786983,Mouse,3600,70
787023,Mouse,4750,77
787033,Elephant,84019,430
787060,Mouse,4354,87
787095,Mouse,3913,82
787117,Mouse,3234,83
787132,Mouse,4356,80
787218,Mouse,3559,81
787262,Mouse,5539,75
787409,Elephant,81742,452
787442,Mouse,4463,74
787526,Mouse,3583,73
787587,Mouse,5392,83
787649,Mouse,5019,89
787672,Elephant,547858,1410
787676,Mouse,4433,86
787715,Mouse,5750,81
787720,Mouse,5429,74
787730,Mouse,4699,73
787818,Mouse,4225,67
787901,Mouse,3642,66
787936,Mouse,4315,65
788140,Mouse,3596,77
788166,Elephant,340362,1324
788171,Mouse,5570,85
788180,Mouse,4625,82
788190,Elephant,374751,1440
788210,Mouse,3841,80
788231,Mouse,4738,76
788275,Mouse,3401,66
788372,Mouse,4480,69
788543,Mouse,4369,66
788563,Mouse,4978,69
788620,Mouse,3052,64
788659,Mouse,3661,66
788707,Mouse,5251,68
788835,Mouse,4218,66
788908,Elephant,415467,1346
788921,Mouse,4336,74
789024,Mouse,3949,71
789034,Mouse,4431,66
789056,Mouse,4125,68
789187,Mouse,4998,74
789274,Elephant,109957,476
789305,Elephant,106801,492
789308,Mouse,3985,73
789337,Mouse,3126,69
789367,Mouse,5540,70
789380,Mouse,5614,73
789389,Mouse,5040,75
789456,Mouse,4612,70
789474,Mouse,3884,76
789488,Mouse,4837,69
789501,Mouse,3187,74
789564,Mouse,5516,67
789591,Mouse,3992,71
789605,Elephant,495590,1574
789652,Mouse,5028,65
789814,Mouse,4997,68
789835,Mouse,5107,65
789898,Mouse,3845,64
789903,Mouse,3189,64
789996,Mouse,3502,67
790042,Mouse,3862,69
790070,Mouse,3690,67
790107,Mouse,4694,69
790114,Mouse,3637,71
790199,Mouse,4268,66
790248,Mouse,5787,74
790299,Mouse,4572,82
790328,Mouse,3533,82
790367,Mouse,5404,84
790402,Mouse,3255,90
790403,Mouse,5536,91
790503,Mouse,3550,94
790528,Mouse,4634,86
790553,Mouse,4882,92
790574,Mouse,5809,91
790576,Mouse,4325,88
790594,Mouse,4530,93
790602,Mouse,3125,93
790616,Mouse,5119,87
790633,Mouse,3468,78
790653,Mouse,4709,79
790665,Mouse,3179,74
790697,Elephant,593975,1356
790743,Mouse,4758,65
790765,Mouse,5150,65
790874,Mouse,3160,64
790959,Mouse,5045,65
791162,Mouse,5413,65
791268,Mouse,3577,66
791282,Mouse,4070,68
791324,Elephant,314883,1439
791351,Elephant,259966,1245
791357,Mouse,3804,70
791392,Mouse,4725,65
791513,Mouse,5643,69
791711,Mouse,5535,66
791778,Mouse,4267,68
791922,Mouse,5812,71
791944,Mouse,4039,67
791980,Mouse,3569,67
791990,Mouse,5433,72
792068,Mouse,5674,67
792147,Mouse,4739,69
792180,Elephant,593826,1272
792196,Mouse,4141,66
792254,Mouse,3417,64
792314,Mouse,5270,65
792349,Mouse,4169,64
792362,Mouse,3125,64
792460,Mouse,5682,66
792469,Mouse,4004,64
792549,Mouse,5711,66
792629,Mouse,3223,64
792647,Mouse,4159,64
792835,Mouse,4022,64
792924,Mouse,5286,65
793125,Elephant,46891,279
793256,Mouse,5436,66
793423,Mouse,3514,64
793452,Mouse,3616,64
793477,Mouse,5030,65
793547,Mouse,3655,64
793640,Mouse,4046,64
793660,Mouse,5102,65
793834,Mouse,4934,65
793852,Mouse,4625,66
793893,Mouse,3652,67
793901,Mouse,3928,64
793940,Mouse,5818,70
794026,Mouse,4451,65
794041,Mouse,4559,65
794050,Mouse,3298,64
794158,Mouse,5503,66
794172,Mouse,5642,66
794201,Mouse,5030,70
794261,Mouse,3093,64
794270,Mouse,5772,66
794369,Mouse,4106,67
794485,Mouse,4860,65
794509,Mouse,3963,67
794540,Elephant,279474,803
794616,Mouse,3260,64
794620,Mouse,3150,64
794648,Mouse,3902,67
794697,Mouse,3855,67
794715,Mouse,4560,65
794719,Mouse,4793,65
794807,Mouse,3718,64
794985,Mouse,5829,67
794993,Mouse,4312,69
795010,Mouse,3116,74
795053,Mouse,5553,74
795090,Mouse,3144,67
795188,Mouse,5414,77
795199,Mouse,3817,83
795217,Elephant,40367,259
795278,Mouse,4009,86
795284,Mouse,5367,90
795310,Elephant,378736,998
795313,Mouse,3139,71
795322,Mouse,3865,71
795365,Mouse,4457,65
795418,Mouse,5183,69
795746,Mouse,5718,77
795801,Mouse,4673,88
795804,Mouse,3397,90
795896,Elephant,282010,1057
795931,Mouse,5594,93
795974,Mouse,3786,81
796047,Mouse,4122,67
796118,Mouse,4396,70
796140,Mouse,3443,74
796166,Mouse,4733,71
796177,Mouse,4330,77
796263,Mouse,5387,72
796272,Mouse,4305,71
796317,Mouse,3419,74
796349,Elephant,190106,914
796377,Mouse,4607,71
796436,Mouse,3428,64
796552,Mouse,5229,68
796561,Mouse,5682,73
796586,Elephant,552075,1521
796592,Mouse,3496,70
796650,Mouse,3279,64
796716,Mouse,3204,68
796773,Mouse,4217,64
796794,Mouse,3363,69
796891,Mouse,4097,70
796958,Mouse,4334,69
796967,Mouse,4415,74
797089,Mouse,3914,71
797108,Mouse,5317,76
797451,Mouse,3834,66
797531,Mouse,5798,82
797587,Mouse,5808,93
797602,Mouse,4286,95
797618,Mouse,5050,100
797657,Mouse,4025,91
797796,Elephant,399904,1344
797829,Mouse,4316,66
797903,Mouse,4970,67
797911,Mouse,3069,68
798031,Mouse,3795,70
798047,Mouse,3712,69
798084,Mouse,4385,78
798102,Mouse,3982,75
798271,Mouse,3125,93
798284,Mouse,5325,102
798364,Mouse,3038,101
798485,Mouse,5405,73
798490,Mouse,5345,74
798630,Mouse,5618,77
798690,Mouse,5840,90
798772,Mouse,3901,89
798822,Elephant,449189,1952
798890,Mouse,5179,69
798942,Mouse,3649,71
799005,Mouse,3789,72
799015,Elephant,583348,2262
799026,Mouse,5814,66
799290,Mouse,3296,64
799296,Mouse,4965,66
799411,Mouse,3720,65
799461,Elephant,311227,402203
799493,Mouse,3177,64
799521,Mouse,4121,67
799530,Mouse,5797,66
799613,Mouse,3078,64
799637,Mouse,4293,68
799832,Mouse,5790,76
799864,Mouse,3680,70
799888,Mouse,4569,66
799896,Mouse,4487,67
799904,Mouse,3184,70
800036,Mouse,3043,66
800131,Mouse,3081,67
800420,Mouse,3820,94
800429,Mouse,4814,100
800497,Elephant,254198,834
800578,Mouse,5796,68
800835,Mouse,3309,74
800888,Mouse,4025,66
800975,Mouse,5271,74
800987,Mouse,5363,73
801013,Mouse,5444,77
801031,Mouse,3243,78
801187,Elephant,580547,1478
801329,Mouse,3149,66
801375,Mouse,5245,68
801380,Mouse,4507,65
801428,Elephant,284586,1274
801435,Mouse,4816,66
801470,Mouse,3266,64
801650,Mouse,4395,65
801739,Mouse,5693,66
801759,Mouse,5308,70
801885,Mouse,4707,68
801921,Mouse,5656,76
801960,Mouse,4111,78
801988,Mouse,3737,85
802087,Elephant,217699,752
802093,Mouse,4581,85
802125,Mouse,5642,78
802211,Mouse,5256,66
802301,Mouse,4651,65
802404,Mouse,4753,69
802430,Mouse,3206,64
802479,Mouse,3915,68
802502,Mouse,5034,69
802559,Mouse,3211,71
802623,Elephant,357831,1240
802851,Mouse,3385,68
802874,Elephant,466918,1360
803019,Mouse,5511,70
803061,Mouse,5098,70
803190,Elephant,84570,417
803217,Mouse,4054,68
803306,Mouse,3345,67
803331,Elephant,98559,468
803364,Mouse,4417,70
803392,Mouse,4161,67
803421,Mouse,5172,65
803467,Mouse,4816,65
803595,Mouse,4480,65
803621,Mouse,4257,71
803627,Mouse,3109,74
803643,Mouse,5764,78
803655,Mouse,3333,71
803727,Elephant,469572,1252
803742,Mouse,4430,71
803795,Mouse,5186,70
803842,Mouse,5298,73
803888,Mouse,4168,64
803911,Mouse,4143,67
803926,Mouse,3227,67
804011,Mouse,5169,69
804056,Mouse,3265,69
804100,Mouse,5000,71
804120,Mouse,4683,65
804202,Mouse,4383,69
804250,Mouse,4092,68
804253,Mouse,3881,67
804258,Mouse,3241,65
804306,Mouse,3283,66
804331,Mouse,3149,73
804343,Mouse,5189,76
804366,Mouse,5387,71
804379,Mouse,3525,76
804384,Elephant,350518,929
804385,Mouse,3901,80
804391,Mouse,4164,76
804415,Mouse,3067,71
804536,Mouse,3894,70
804730,Mouse,3214,66
804744,Mouse,5077,68
804828,Mouse,5511,78
804903,Mouse,4389,91
804954,Mouse,5511,97
804982,Mouse,4002,105
804994,Mouse,4720,109
805014,Mouse,3883,113
805135,Mouse,5431,83
805209,Mouse,3348,75
805297,Mouse,4145,81
805496,Mouse,3003,88
805508,Mouse,5537,87
805569,Mouse,3544,81
805635,Elephant,342318,1430
805710,Mouse,3714,83
805737,Mouse,5802,90
805787,Mouse,5069,106
805932,Mouse,4867,75
805993,Mouse,4135,69
806084,Mouse,4836,74
806120,Mouse,4110,73
806190,Mouse,5463,82
806317,Mouse,3483,73
806348,Mouse,3037,76
806400,Mouse,5487,89
806405,Mouse,3810,92
806409,Mouse,3990,98
806445,Mouse,3944,93
806467,Mouse,5432,90
806550,Mouse,4173,71
806744,Mouse,5241,82
806775,Mouse,3609,82
806814,Mouse,5516,81
806857,Elephant,513537,2356
806920,Mouse,3923,66
807000,Mouse,3874,69
807055,Mouse,4686,65
807080,Mouse,3669,69
807130,Elephant,403749,2094
807137,Mouse,3304,74
807159,Mouse,3190,72
807163,Mouse,4816,75
807178,Mouse,5321,74
807208,Mouse,4652,65
807244,Mouse,3422,67
807256,Elephant,84065,424
807299,Mouse,4080,65
807327,Mouse,5223,70
807362,Mouse,4314,67
807417,Mouse,4167,68
807424,Mouse,5156,68
807485,Mouse,4611,66
807550,Mouse,5743,75
807619,Mouse,4283,68
807670,Mouse,4582,69
807790,Elephant,75016,407
807805,Elephant,243765,769
807826,Mouse,4994,69
807859,Mouse,3667,64
807881,Mouse,5041,65
807988,Mouse,4544,65
808080,Mouse,4608,65
808090,Mouse,4330,65
808105,Mouse,5324,68
808158,Mouse,3355,74
808159,Mouse,5393,75
808172,Mouse,3864,73
808220,Mouse,4469,74
808269,Mouse,5616,66
808372,Mouse,5241,68
808376,Mouse,4550,67
808463,Mouse,3775,64
808507,Mouse,3508,65
808520,Mouse,3831,69
808525,Elephant,320144,876
808625,Mouse,5649,66
808695,Mouse,5646,66
808818,Mouse,5271,65
808878,Mouse,4191,64
808908,Mouse,4881,65
808935,Mouse,4266,67
808936,Mouse,4496,67
808944,Mouse,3293,64
809179,Mouse,5760,66
809257,Mouse,5027,65
809340,Mouse,4228,64
809380,Mouse,5552,66
809451,Mouse,3119,64
809609,Mouse,3522,64
809767,Mouse,3810,65
809871,Mouse,5628,70
809880,Mouse,5166,70
809966,Mouse,3360,72
810017,Mouse,3934,81
810026,Elephant,244878,774
810031,Mouse,3303,72
810076,Mouse,3022,76
810128,Mouse,5252,75
810145,Elephant,123779,565
810171,Mouse,3611,69
810380,Elephant,297232,863
810403,Mouse,5352,66
810554,Mouse,4290,67
810674,Mouse,3577,66
810874,Mouse,3088,70
810935,Mouse,3124,65
810987,Mouse,4299,72
811001,Mouse,4412,78
811096,Mouse,4250,75
811110,Mouse,3319,70
811189,Mouse,3449,76
811204,Mouse,3322,81
811204,Mouse,3292,76
811215,Mouse,3457,69
811232,Elephant,375904,1018
811258,Mouse,4075,75
811261,Mouse,5205,75
811282,Mouse,5815,76
811320,Mouse,4998,77
811323,Mouse,3191,73
811460,Mouse,4868,69
811694,Mouse,4867,70
811932,Mouse,5629,97
811939,Elephant,550837,1529
811996,Mouse,5463,85
812172,Mouse,4141,68
812193,Mouse,5813,70
812226,Mouse,4999,74
812246,Elephant,41216,257
812286,Mouse,5532,71
812291,Mouse,3210,64
812332,Mouse,5209,67
812341,Mouse,5675,69
812342,Mouse,4692,68
812375,Mouse,5080,71
812398,Elephant,333796,1383
812407,Mouse,4708,65
812448,Mouse,4527,65
812509,Mouse,3480,67
812512,Mouse,3210,71
812575,Elephant,174796,925
812689,Mouse,3794,68
812857,Mouse,5663,71
812873,Mouse,3616,64
813151,Mouse,5217,70
813168,Mouse,5488,74
813253,Mouse,4596,71
813274,Mouse,3682,69
813309,Mouse,3004,76
813357,Elephant,310944,997
813420,Mouse,5657,71
813468,Mouse,4854,74
813554,Elephant,453462,1126
813675,Mouse,5349,69
813700,Mouse,4030,64
813810,Mouse,4353,70
813816,Mouse,5684,73
813911,Mouse,5389,65
813928,Mouse,5312,67
813976,Mouse,5148,66
814039,Mouse,4038,64
814129,Mouse,5213,65
814184,Mouse,5802,67
814199,Mouse,5281,67
814245,Mouse,4035,68
814247,Mouse,5543,71
814340,Mouse,4677,65
814350,Mouse,3638,64
814381,Mouse,5104,65
814486,Mouse,4942,65
814695,Mouse,5050,65
814713,Mouse,5368,65
814722,Mouse,3591,64
814790,Mouse,5803,66
814798,Mouse,3427,64
814845,Mouse,4431,67
814846,Mouse,3193,65
814849,Mouse,3555,65
814856,Mouse,3929,64
814986,Mouse,4419,65
815068,Mouse,5415,65
815291,Elephant,129928,534
815339,Mouse,3070,64
815479,Mouse,4795,65
815500,Mouse,5056,65
815519,Mouse,3960,64
815563,Mouse,3101,65
815581,Mouse,5383,65
815610,Mouse,4778,71
815776,Elephant,47104,282
815783,Mouse,5452,66
815851,Elephant,67260,362
815934,Mouse,5619,70
815949,Mouse,3904,64
815953,Mouse,4959,66
815986,Mouse,4219,77
815988,Mouse,4743,74
815989,Mouse,5288,76
816120,Mouse,5364,65
816151,Mouse,4443,69
816167,Mouse,3390,64
816184,Mouse,4615,66
816294,Mouse,5365,69
816348,Mouse,3630,64
816415,Mouse,3271,71
816428,Mouse,4704,76
816446,Mouse,3631,67
816463,Elephant,256532,771
816471,Mouse,5086,73
816497,Mouse,3217,66
816633,Mouse,5619,66
816643,Mouse,5435,66
816654,Mouse,3360,66
816743,Mouse,4279,66
816758,Elephant,53234,333
816849,Mouse,5275,72
816943,Mouse,5029,70
816968,Mouse,5442,76
816986,Mouse,3343,80
817144,Mouse,4079,75
817188,Elephant,317425,939
817265,Mouse,3862,74
817437,Mouse,3629,69
817486,Mouse,3561,73
817645,Elephant,181732,891
817741,Mouse,5426,76
817770,Mouse,4611,86
817867,Mouse,4703,101
817891,Mouse,5510,106
817944,Mouse,4203,88
817961,Mouse,5014,76
817970,Mouse,3667,77
817987,Mouse,5171,77
818044,Mouse,4413,73
818141,Mouse,5654,72
818161,Mouse,4852,78
818396,Mouse,3060,78
818443,Mouse,4559,92
818452,Elephant,591260,1998
818665,Elephant,573974,2016
818685,Mouse,4856,69
818795,Mouse,5445,66
818817,Mouse,5162,69
818878,Mouse,5036,71
818957,Mouse,3115,67
818982,Mouse,3440,67
819010,Mouse,5795,71
819170,Mouse,4474,69
819227,Elephant,513631,1591
819229,Mouse,3794,74
819236,Mouse,4313,78
819241,Mouse,3349,80
819250,Mouse,3502,64
819302,Mouse,4273,65
819373,Mouse,3554,66
819375,Mouse,4969,68
819378,Mouse,3329,67
819438,Mouse,4424,65
819448,Mouse,5074,68
819557,Mouse,4369,65
819694,Mouse,3340,64
819797,Mouse,5444,68
819868,Mouse,5443,66
819924,Mouse,5403,69
819981,Mouse,3679,64
819993,Mouse,3087,64
820167,Mouse,4567,71
820378,Mouse,5593,70
820390,Elephant,63855,339
820392,Mouse,4511,72
820482,Mouse,3469,64
820524,Mouse,5616,66
820591,Mouse,5097,65
820608,Mouse,3420,64
820675,Mouse,5008,65
820785,Mouse,3937,64
820792,Mouse,3081,64
820795,Mouse,3411,64
820831,Mouse,5099,65
820885,Mouse,3655,64
820903,Mouse,3567,68
820911,Mouse,4445,72
820921,Mouse,5055,76
820991,Mouse,5671,70
821023,Mouse,4746,65
821034,Elephant,253016,854
821034,Mouse,4409,70
821041,Mouse,3547,65
821071,Mouse,3809,64
821147,Mouse,3337,64
821315,Mouse,4941,65
821363,Mouse,4002,64
821388,Mouse,4622,65
821439,Mouse,3063,64
821483,Mouse,3125,64
821547,Mouse,3373,64
821584,Mouse,3234,64
821591,Mouse,5623,67
821666,Mouse,3098,64
821860,Mouse,5154,65
821871,Mouse,5158,65
821944,Mouse,4523,65
821992,Mouse,3734,64
822052,Mouse,3603,64
822120,Mouse,3942,64
822193,Mouse,3725,67
822193,Mouse,3369,67
822285,Mouse,3571,64
822288,Mouse,3021,64
822361,Mouse,3365,64
822381,Mouse,3874,64
822428,Mouse,4129,64
822468,Mouse,5720,66
822557,Mouse,4955,65
822674,Mouse,3121,64
822690,Mouse,5343,65
822696,Mouse,4638,65
822753,Mouse,3300,64
822764,Mouse,4492,65
822769,Mouse,3282,64
822786,Mouse,3779,64
822803,Mouse,4236,64
822861,Mouse,5764,69
823080,Mouse,3710,66
823168,Mouse,4559,68
823213,Mouse,3668,64
823439,Mouse,4041,72
823446,Mouse,3884,67
823569,Mouse,4208,77
823577,Elephant,251249,784
823689,Mouse,4950,70
823744,Mouse,3732,71
823852,Elephant,348236,1026
823879,Mouse,4162,75
823888,Mouse,5041,70
823975,Mouse,3098,64
824047,Mouse,5503,73
824105,Mouse,3796,73
824292,Mouse,3364,74
824308,Mouse,4189,70
824509,Elephant,465442,1166
824517,Mouse,3757,73
824613,Mouse,4227,67
824691,Mouse,5074,67
824718,Mouse,5600,70
824727,Mouse,3926,66
824874,Mouse,3924,66
824900,Elephant,508061,1143
824926,Mouse,3748,67
825012,Mouse,5632,66
825156,Mouse,3548,64
825447,Mouse,4246,64
825564,Mouse,3242,64
825682,Mouse,4276,65
825709,Mouse,4514,65
825720,Mouse,3457,67
825780,Mouse,3543,64
825837,Mouse,3680,64
826036,Mouse,3162,64
826131,Mouse,3982,64
826175,Mouse,3211,64
826261,Mouse,4216,64
826267,Mouse,5508,66
826270,Mouse,4197,64
826277,Mouse,5325,66
826296,Mouse,5012,68
826377,Mouse,5061,70
826409,Elephant,281409,889
826413,Mouse,5326,68
826446,Mouse,4115,66
826493,Mouse,4812,65
826547,Mouse,4602,65
826558,Mouse,4022,64
826634,Mouse,4967,66
826637,Mouse,5710,68
826686,Mouse,3754,64
826825,Mouse,4842,65
826857,Mouse,3685,64
826924,Mouse,4261,65
827029,Mouse,3082,64
827079,Mouse,4282,65
827100,Mouse,3085,66
827108,Mouse,5411,66
827208,Mouse,5578,66
827233,Mouse,5532,69
827239,Mouse,4947,71
827252,Mouse,3250,64
827733,Mouse,4703,79
827766,Mouse,3796,90
827827,Mouse,3918,109
827942,Mouse,3147,84
827992,Mouse,4256,75
828036,Mouse,3537,70
828116,Mouse,3109,72
828118,Mouse,4491,75
828137,Mouse,5609,73
828139,Elephant,410391,1192
828146,Mouse,5009,76
828157,Mouse,5653,77
828183,Mouse,4178,75
828231,Mouse,4153,70
828239,Mouse,3234,68
828312,Mouse,4963,76
828447,Mouse,3054,80
828648,Elephant,92127,559
828704,Mouse,5001,76
828771,Mouse,4817,92
828779,Mouse,4763,97
828796,Mouse,4517,97
828804,Mouse,5027,101
828835,Mouse,4679,100
828876,Mouse,3702,81
828936,Mouse,3759,67
828943,Mouse,4272,69
829067,Mouse,5150,79
829091,Mouse,5240,92
829097,Elephant,516786,1797
829109,Mouse,4054,86
829116,Mouse,4220,92
829164,Mouse,3835,93
829290,Mouse,4457,86
829361,Mouse,5798,91
829628,Mouse,4548,89
829684,Mouse,5169,84
829756,Mouse,3845,77
829802,Mouse,3070,78
829806,Mouse,4257,77
829827,Mouse,4451,83
829918,Elephant,558653,2573
829923,Elephant,523352,2375
830008,Mouse,5219,70
830031,Mouse,5282,68
830032,Mouse,3985,67
830138,Mouse,3541,67
830145,Mouse,4857,69
830161,Mouse,5536,68
830165,Mouse,5772,71
830168,Mouse,3431,70
830194,Mouse,4897,70
830220,Mouse,3808,69
830230,Mouse,3654,70
830242,Mouse,4142,68
830316,Mouse,3180,66
830346,Mouse,3872,67
830463,Mouse,5566,66
830505,Mouse,4637,73
830517,Mouse,3123,64
830592,Mouse,3193,67
830607,Mouse,4816,66
830947,Elephant,498955,1576
830952,Mouse,3351,79
831000,Mouse,5285,73
831008,Mouse,3620,71
831034,Mouse,3740,64
831184,Mouse,3594,73
831231,Mouse,5038,78
831282,Mouse,4765,89
831291,Mouse,5376,90
831408,Mouse,5293,98
831472,Mouse,3292,71
831494,Mouse,3895,67
831498,Elephant,146045,714
831501,Mouse,3271,71
831574,Mouse,3282,68
831625,Mouse,5024,75
831773,Mouse,5405,70
831799,Mouse,3346,67
831835,Mouse,3824,67
831991,Mouse,3706,81
832015,Mouse,4764,86
832031,Elephant,323512,1331
832043,Mouse,3479,79
832053,Elephant,172343,1024
832234,Mouse,5671,66
832262,Mouse,5399,69
832322,Mouse,4090,65
832358,Elephant,402605,1341
832371,Mouse,4218,64
832455,Mouse,3494,64
832643,Mouse,3744,64
832652,Mouse,5260,67
832752,Mouse,3388,64
832787,Mouse,4616,70
832810,Mouse,4180,64
832840,Mouse,4894,73
832866,Mouse,4388,65
832978,Mouse,3601,64
833014,Mouse,4593,70
833030,Mouse,5323,65
833053,Mouse,3067,67
833059,Elephant,167940,598
833116,Mouse,3189,64
833148,Mouse,4590,65
833208,Mouse,3313,64
833259,Mouse,5321,65
833276,Mouse,5001,65
833376,Mouse,4722,65
833481,Mouse,4474,66
833551,Mouse,5326,76
833614,Mouse,3421,67
833631,Mouse,3460,68
833760,Mouse,4224,68
833980,Mouse,4589,85
834101,Mouse,4544,107
834124,Mouse,5481,103
834141,Elephant,188566,805
834207,Mouse,3037,64
834305,Elephant,204982,941
834403,Mouse,5040,71
834429,Mouse,3035,65
834434,Mouse,5470,68
834455,Mouse,3145,77
834531,Mouse,4334,67
834541,Mouse,5683,70
834546,Elephant,317667,1172
834558,Mouse,4406,77
834563,Mouse,5366,80
834572,Mouse,3066,81
834687,Mouse,3067,64
834826,Mouse,4555,65
834842,Mouse,3826,68
834868,Mouse,5038,75
834931,Elephant,442816,1503
834936,Mouse,4627,65
834989,Mouse,5834,68
835013,Mouse,5539,66
835114,Mouse,4431,65
835185,Mouse,4561,65
835421,Mouse,3793,68
835430,Mouse,3842,70
835452,Mouse,4401,75
835469,Mouse,3383,83
835564,Mouse,3694,68
835578,Mouse,4690,73
835582,Elephant,502518,1483
835612,Mouse,5602,72
835663,Mouse,4572,69
835668,Mouse,5316,72
835693,Mouse,5779,66
835771,Mouse,4569,68
835791,Mouse,3014,64
835852,Mouse,4297,68
836122,Mouse,5752,70
836192,Mouse,3120,74
836339,Mouse,5076,88
836445,Mouse,5164,91
836547,Mouse,4705,87
836566,Mouse,5354,86
836581,Mouse,5707,89
836614,Elephant,447227,1447
836663,Elephant,586033,1654
836751,Mouse,4939,68
836830,Mouse,3489,64
836939,Mouse,4267,66
837011,Mouse,5660,67
837016,Mouse,3835,64
837036,Mouse,3589,67
837060,Mouse,3014,64
837090,Mouse,4951,71
837104,Mouse,4117,72
837115,Mouse,5599,70
837198,Elephant,211466,1014
837200,Mouse,4574,69
837224,Mouse,3906,69
837305,Mouse,3821,64
837344,Mouse,3067,64
837356,Mouse,5446,68
837536,Mouse,3771,67
837577,Mouse,3804,67
837589,Mouse,4493,73
837647,Elephant,345565,1069
837653,Mouse,4707,70
837655,Mouse,4591,69
837726,Mouse,4772,70
837795,Mouse,4427,69
837802,Mouse,4697,70
837887,Mouse,3509,67
837888,Elephant,300497,870
838017,Mouse,4515,65
838026,Mouse,4164,64
838222,Mouse,4759,65
838242,Mouse,5527,66
838269,Mouse,4722,65
838360,Mouse,3385,64
838398,Mouse,4426,65
838423,Mouse,5205,65
838557,Mouse,4354,65
838561,Mouse,4649,65
838584,Mouse,4602,65
838595,Mouse,3760,64
838650,Mouse,5738,66
838789,Mouse,4814,65
838850,Mouse,3923,64
838925,Mouse,4401,65
839003,Mouse,4354,65
839029,Mouse,4590,69
839150,Mouse,5354,65
839245,Mouse,5471,67
839273,Mouse,3612,65
839302,Mouse,5609,76
839303,Mouse,5678,76
839356,Mouse,4365,78
839378,Mouse,4481,76
839469,Mouse,4468,78
839549,Mouse,4021,70
839577,Elephant,286371,829
839672,Mouse,3470,65
839743,Mouse,5209,71
839753,Mouse,3182,75
839784,Mouse,5611,74
839800,Elephant,161483,741
839857,Mouse,3896,64
840011,Mouse,4666,66
840022,Mouse,5289,72
840104,Elephant,351019,944
840206,Mouse,4301,65
840230,Mouse,3366,64
840235,Mouse,4069,64
840261,Mouse,5376,65
840494,Mouse,3003,64
840499,Mouse,5476,66
840521,Mouse,5368,65
840633,Mouse,4390,66
840795,Mouse,4425,65
840950,Mouse,3533,73
840974,Mouse,3038,68
841053,Mouse,5616,72
841085,Mouse,3236,75
841148,Mouse,3776,72
841254,Elephant,315977,897
841267,Elephant,163432,643
841336,Mouse,4862,82
841337,Mouse,3698,80
841366,Mouse,3116,71
841390,Mouse,4591,76
841411,Mouse,4961,72
841422,Mouse,4525,74
841469,Mouse,3961,72
841473,Mouse,3959,67
841499,Mouse,3529,65
841516,Mouse,4236,68
841586,Mouse,4704,68
841711,Mouse,5811,66
841743,Mouse,3892,67
841840,Mouse,4538,65
841982,Elephant,396193,1201
841982,Mouse,3565,70
842041,Mouse,5599,67
842113,Mouse,5092,69
842203,Mouse,3478,69
842231,Elephant,345671,910
842236,Mouse,3801,64
842261,Mouse,4368,66
842289,Mouse,4277,65
842306,Mouse,5657,66
842325,Mouse,5059,66
842341,Mouse,5254,70
842347,Mouse,5768,66
842512,Mouse,4237,68
842518,Mouse,3648,65
842538,Mouse,3359,64
842597,Mouse,4273,68
842799,Mouse,3900,66
842831,Elephant,241625,744
842845,Mouse,4023,75
842921,Elephant,100646,466
843046,Mouse,5590,67
843052,Mouse,5070,65
843112,Mouse,4039,64
843135,Mouse,4829,72
843137,Mouse,5190,72
843200,Mouse,4538,65
843215,Mouse,3931,70
843219,Mouse,5397,73
843327,Mouse,3099,64
843373,Mouse,4696,65
843477,Mouse,3938,65
843560,Mouse,3191,72
843626,Mouse,3608,76
843659,Mouse,5272,88
843669,Mouse,4350,94
843693,Mouse,3307,90
843706,Mouse,3935,91
843712,Elephant,392259,201371
843737,Mouse,5697,83
843767,Mouse,5135,70
843812,Mouse,3812,66
843895,Mouse,3655,66
843989,Mouse,4007,67
844044,Mouse,3421,73
844118,Mouse,4876,77
844129,Mouse,3513,74
844222,Mouse,3922,73
844235,Elephant,324901,1128
844236,Mouse,5798,81
844280,Mouse,4543,80
844312,Elephant,68976,390
844401,Mouse,5665,69
844408,Mouse,4392,65
844435,Mouse,4580,72
844537,Mouse,3136,67
844543,Mouse,5831,67
844593,Mouse,3823,73
844695,Elephant,338957,1176
844849,Mouse,3050,68
844989,Mouse,4317,75
845019,Mouse,4881,76
845128,Mouse,5235,94
845200,Mouse,5571,70
845356,Mouse,4335,75
845383,Mouse,5198,85
845427,Mouse,5802,93
845452,Mouse,4671,101
845459,Mouse,5501,105
845473,Mouse,5811,113
845488,Mouse,4121,111
845499,Mouse,4076,113
845504,Elephant,264856,1013
845548,Mouse,4883,97
845570,Mouse,5036,91
845581,Mouse,4203,76
845583,Mouse,5458,85
845633,Mouse,4927,74
845633,Mouse,3577,69
845646,Elephant,284738,1150
845732,Mouse,4634,67
845772,Mouse,5761,67
845811,Mouse,3557,64
845855,Mouse,5042,66
845888,Mouse,5811,68
845891,Mouse,5141,68
845966,Mouse,3633,66
846024,Mouse,4415,67
846136,Mouse,4620,71
846192,Mouse,3752,67
846225,Mouse,5668,69
846236,Mouse,4190,70
846244,Mouse,3201,73
846296,Mouse,5091,69
846333,Mouse,5283,70
846341,Elephant,442985,1642
846365,Mouse,3847,66
846477,Mouse,4142,64
846483,Mouse,5622,66
846537,Mouse,4555,65
846588,Mouse,5111,66
846599,Mouse,5365,65
846604,Mouse,3265,65
846775,Mouse,3146,64
846883,Mouse,3907,65
847077,Mouse,4059,64
847113,Mouse,3884,68
847251,Mouse,4789,65
847405,Mouse,5814,67
847422,Mouse,4960,71
847431,Mouse,5275,77
847472,Mouse,3136,73
847493,Mouse,4362,74
847504,Mouse,4267,72
847520,Mouse,4924,69
847557,Mouse,5207,78
847641,Mouse,3509,69
847681,Mouse,4091,70
847720,Mouse,3465,67
847770,Elephant,298446,901
847889,Mouse,3808,69
847950,Mouse,4788,72
847975,Mouse,3419,69
847984,Mouse,3888,67
847990,Mouse,3795,71
848087,Mouse,5590,70
848100,Mouse,3064,73
848105,Elephant,393413,993
848148,Mouse,5799,76
848198,Mouse,4837,65
848205,Mouse,4167,64
848273,Mouse,4483,65
848290,Mouse,3310,64
848335,Mouse,4314,65
848535,Mouse,3456,68
848543,Mouse,5169,66
848555,Mouse,3362,64
848560,Mouse,3935,67
848572,Mouse,5732,71
848605,Mouse,4108,70
848625,Mouse,3194,72
848740,Mouse,3860,65
848899,Mouse,4765,65
848968,Mouse,4814,69
849187,Mouse,3865,67
849199,Elephant,586116,1270
849230,Mouse,4685,70
849243,Mouse,3616,68
849322,Mouse,4058,64
849365,Mouse,3862,67
849367,Mouse,3393,66
849400,Mouse,4843,65
849566,Mouse,3355,64
849647,Mouse,3888,64
849697,Mouse,5492,70
849698,Mouse,5285,69
849711,Mouse,5108,65
849743,Mouse,3144,70
849758,Mouse,4967,65
849853,Mouse,3229,64
849902,Mouse,4517,65
850058,Mouse,5524,69
850093,Mouse,4798,65
850107,Mouse,5017,72
850170,Mouse,3606,65
850380,Mouse,5036,65
850402,Elephant,88900,413
850408,Mouse,3146,64
850421,Mouse,5256,65
850446,Mouse,5587,66
850453,Mouse,4083,64
850468,Mouse,3384,69
850472,Mouse,3162,66
850528,Mouse,3288,64
850555,Mouse,4290,67
850613,Mouse,4205,64
850619,Mouse,5698,66
850742,Mouse,4218,68
850751,Mouse,3026,64
850768,Mouse,3383,66
850769,Elephant,72238,370
850789,Mouse,3502,73
850847,Mouse,5450,66
850918,Mouse,4968,65
850925,Mouse,3131,64
850980,Mouse,3286,64
851064,Mouse,3746,64
851098,Mouse,5399,65
851152,Mouse,4776,65
851219,Mouse,4861,70
851228,Mouse,4122,71
851299,Mouse,5316,70
851321,Mouse,3187,64
851403,Mouse,3334,66
851435,Mouse,5548,69
851457,Mouse,3550,68
851533,Mouse,3602,72
851552,Mouse,3494,69
851634,Mouse,4936,81
851658,Mouse,3421,86
851687,Elephant,507497,1150
851796,Mouse,3784,65
851800,Mouse,3043,64
851842,Mouse,5085,70
851859,Mouse,3027,67
851879,Mouse,3185,67
851882,Elephant,119827,577
851887,Mouse,4276,66
851903,Elephant,66572,456
851927,Mouse,4701,66
851987,Mouse,4167,64
851994,Mouse,5350,67
852078,Mouse,5232,67
852134,Mouse,4306,65
852147,Mouse,4598,65
852241,Mouse,3798,67
852303,Mouse,4315,71
852304,Mouse,3062,71
852394,Mouse,4220,67
852467,Mouse,5525,70
852491,Mouse,4667,73
852567,Mouse,4086,70
852570,Mouse,5702,73
852586,Mouse,3979,78
852588,Elephant,297467,847
852623,Mouse,4859,78
852628,Mouse,3232,80
852727,Mouse,4343,73
852735,Mouse,3207,64
852742,Mouse,3076,64
852830,Mouse,4559,66
852832,Mouse,4080,66
852889,Mouse,3226,68
852899,Elephant,143636,573
852926,Elephant,43075,279
852983,Mouse,4729,65
853042,Mouse,3692,67
853118,Elephant,149193,591
853157,Mouse,5697,68
853211,Mouse,4876,65
853248,Mouse,4783,65
853285,Mouse,3745,64
853348,Mouse,5078,65
853396,Mouse,4844,65
853435,Mouse,5437,66
853520,Mouse,4197,66
853522,Mouse,3860,66
853634,Mouse,5158,70
853677,Mouse,4280,69
853702,Mouse,3470,64
853707,Mouse,3830,67
853722,Mouse,4594,68
853800,Mouse,3737,68
853811,Mouse,4740,70
853881,Mouse,5534,67
853994,Mouse,5553,67
854081,Mouse,5376,67
854090,Mouse,3932,68
854104,Elephant,461808,1063
854114,Mouse,4452,66
854130,Mouse,3930,69
854140,Mouse,4296,65
854152,Mouse,4903,65
854346,Mouse,4606,68
854348,Mouse,5097,69
854352,Mouse,3030,64
854373,Mouse,5115,69
854411,Mouse,3303,67
854440,Mouse,4166,64
854529,Mouse,4920,65
854541,Mouse,4174,68
854555,Mouse,5330,67
854573,Mouse,3097,64
854596,Mouse,4083,67
854613,Mouse,5582,66
854637,Mouse,3872,67
854742,Mouse,4975,70
854747,Mouse,4691,68
854757,Mouse,5306,69
854770,Mouse,5791,68
854899,Mouse,4138,64
854932,Mouse,4652,77
854990,Elephant,285659,815
855020,Elephant,69412,392
855049,Mouse,3824,67
855050,Mouse,3292,67
855064,Mouse,5244,66
855186,Mouse,3716,67
855249,Mouse,3362,64
855276,Elephant,105207,475
855286,Mouse,3305,64
855351,Mouse,4014,64
855405,Mouse,3514,64
855496,Mouse,3467,64
855529,Mouse,4760,65
855540,Mouse,3182,64
855593,Mouse,5423,65
855681,Mouse,3856,64
855743,Mouse,4328,65
855937,Mouse,3224,64
855964,Mouse,5589,66
855969,Mouse,5671,66
856130,Mouse,3534,64
856156,Mouse,3709,64
856171,Mouse,3246,64
856207,Mouse,4707,65
856211,Mouse,4202,64
856353,Mouse,5586,66
856403,Mouse,3208,64
856459,Mouse,5269,67
856533,Mouse,3279,64
856559,Mouse,5547,66
856634,Mouse,4543,69
856639,Mouse,5162,70
856731,Mouse,3017,67
856949,Elephant,246414,768
856951,Mouse,4833,73
856979,Mouse,4282,72
856993,Mouse,4601,79
857001,Mouse,3521,78
857042,Mouse,4684,80
857082,Mouse,3453,68
857091,Mouse,5735,66
857161,Mouse,4945,72
857182,Elephant,131244,535
857207,Mouse,5428,74
857231,Mouse,5629,82
857255,Mouse,3139,66
857275,Mouse,3686,74
857364,Mouse,5528,74
857430,Mouse,5212,78
857542,Mouse,5289,71
857571,Elephant,308449,877
857707,Mouse,4663,77
857711,Mouse,5326,75
857801,Mouse,3258,77
857801,Mouse,3483,79
857849,Mouse,3102,64
857876,Mouse,4824,77
857893,Mouse,3480,79
857903,Elephant,365527,1032
857981,Mouse,3366,64
858159,Mouse,5064,68
858179,Mouse,3359,72
858238,Mouse,5461,78
858263,Mouse,4704,87
858382,Mouse,3782,79
858404,Mouse,4272,78
858422,Mouse,3081,81
858438,Mouse,4777,91
858504,Mouse,5480,91
858594,Mouse,3211,67
858649,Elephant,479415,202392
858739,Mouse,4447,76
858800,Mouse,5762,70
858873,Mouse,4971,79
858889,Elephant,351713,1309
858915,Elephant,456367,201964
858951,Mouse,4056,70
858959,Mouse,3901,72
858988,Mouse,3321,67
859001,Mouse,5150,69
859053,Mouse,5380,73
859054,Mouse,4923,72
859108,Mouse,5644,68
859164,Elephant,255673,1074
859198,Mouse,5086,66
859227,Mouse,3298,64
859262,Mouse,3354,66
859344,Mouse,4438,69
859358,Mouse,5710,70
859367,Mouse,4970,73
859460,Mouse,5266,65
859468,Mouse,3861,67
859478,Mouse,3647,69
859505,Elephant,151289,584
859541,Mouse,4934,70
859593,Mouse,3740,66
859609,Mouse,3046,64
859669,Mouse,4953,67
859677,Mouse,4368,68
859788,Elephant,272370,804
859868,Mouse,5125,65
859873,Mouse,5356,65
859913,Mouse,5339,66
859947,Elephant,40772,243
860001,Mouse,4386,67
860002,Mouse,4091,68
860018,Mouse,4888,65
860035,Mouse,3207,64
860047,Mouse,3880,68
860187,Mouse,3727,64
860201,Elephant,38997,241
860327,Mouse,3554,68
860378,Mouse,3805,69
860400,Mouse,4030,64
860512,Mouse,3966,64
860532,Mouse,3722,64
860546,Elephant,162067,589
860586,Mouse,4817,65
860591,Mouse,3931,65
860646,Mouse,5521,66
860688,Mouse,3006,64
860727,Mouse,5544,66
860843,Mouse,5606,66
861086,Mouse,3341,64
861104,Mouse,4863,65
861133,Mouse,5438,66
861140,Mouse,3270,64
861165,Mouse,4056,64
861218,Mouse,3632,64
861224,Mouse,4099,65
861263,Mouse,3539,65
861293,Mouse,4767,65
861296,Mouse,3488,64
861303,Mouse,4667,65
861370,Mouse,3185,64
861382,Mouse,5277,67
861424,Mouse,5548,69
861469,Mouse,4273,65
861530,Mouse,3973,64
861554,Mouse,3333,66
861596,Mouse,4585,69
861605,Mouse,3948,64
861629,Mouse,5577,67
861754,Mouse,3844,64
861812,Mouse,4263,67
861828,Mouse,3875,64
861914,Mouse,4498,68
862002,Mouse,3700,66
862020,Mouse,3089,64
862028,Mouse,5113,69
862262,Elephant,93191,452
862284,Mouse,5227,94
862360,Mouse,4547,68
862362,Mouse,4309,67
862499,Mouse,3476,66
862506,Mouse,3970,70
862542,Mouse,3463,74
862558,Elephant,522477,1335
862575,Mouse,5431,71
862586,Mouse,4165,76
862633,Mouse,3091,66
862644,Mouse,5238,71
862696,Mouse,5727,75
862859,Mouse,4759,78
862893,Mouse,5027,77
862934,Mouse,3718,81
863070,Mouse,5296,73
863118,Mouse,3778,81
863278,Mouse,4606,73
863361,Mouse,5044,87
863397,Mouse,5247,82
863405,Elephant,391023,1344
863449,Mouse,3497,75
863451,Mouse,5052,76
863542,Mouse,3752,73
863606,Mouse,3617,69
863634,Elephant,547915,1898
863653,Mouse,3539,75
863669,Mouse,3419,79
863686,Mouse,4471,76
863723,Mouse,5301,77
863724,Mouse,5541,74
863925,Mouse,3001,76
863949,Elephant,220521,1166
864104,Mouse,5650,77
864133,Elephant,462910,1668
864178,Mouse,3609,76
864190,Mouse,4402,76
864217,Mouse,4079,64
864255,Mouse,5273,70
864353,Mouse,3516,66
864442,Mouse,5318,69
864530,Elephant,485914,1148
864690,Mouse,3730,68
864707,Mouse,3840,72
864735,Mouse,3282,70
864762,Mouse,3424,66
864809,Mouse,3044,64
864824,Mouse,4037,67
864848,Mouse,5387,77
864855,Mouse,4930,81
864858,Mouse,3429,80
864876,Mouse,4380,71
864924,Mouse,3557,71
865204,Elephant,512769,1258
865247,Mouse,3582,69
865279,Mouse,4268,65
865346,Mouse,3345,66
865406,Mouse,4771,67
865464,Mouse,5302,68
865546,Mouse,3481,69
865547,Mouse,4214,72
865671,Mouse,4600,69
865791,Mouse,3025,67
865847,Mouse,3645,65
865905,Elephant,599698,1366
865930,Mouse,4755,69
865983,Mouse,4569,65
866003,Mouse,3315,67
866010,Mouse,4913,73
866244,Mouse,5766,70
866264,Mouse,3848,69
866289,Mouse,4601,70
866377,Mouse,5070,70
866472,Elephant,584463,1333
866506,Mouse,5385,69
866510,Mouse,3627,68
866548,Mouse,4593,66
866557,Mouse,3282,64
866580,Mouse,5738,70
866640,Mouse,3159,71
866645,Mouse,5212,72
866687,Mouse,4732,75
866729,Mouse,3100,67
866737,Mouse,3006,66
866753,Mouse,5347,72
866770,Mouse,4093,72
866860,Mouse,5281,69
866866,Mouse,3826,71
866890,Mouse,5615,74
866905,Mouse,5284,76
866964,Elephant,458408,1080
867051,Mouse,3675,64
867203,Mouse,5577,66
867211,Mouse,3556,67
867281,Mouse,4052,64
867315,Mouse,5473,69
867321,Mouse,5181,65
867377,Mouse,5097,65
867460,Mouse,3433,64
867507,Mouse,5790,66
867554,Elephant,292703,988
867706,Mouse,5451,66
867746,Mouse,4473,65
867763,Mouse,5034,65
867930,Mouse,3470,64
867949,Mouse,5021,65
868007,Mouse,5784,72
868033,Mouse,3171,64
868093,Elephant,92663,418
868137,Mouse,3429,65
868161,Mouse,5630,66
868267,Mouse,4216,64
868528,Mouse,5007,65
868548,Mouse,3393,64
868748,Mouse,5525,68
868772,Mouse,4567,65
868784,Mouse,3560,67
868803,Mouse,5570,75
868814,Mouse,3807,74
868849,Mouse,4939,73
868864,Elephant,153529,580
868906,Mouse,5501,67
868912,Mouse,3957,68
868918,Mouse,3308,64
868931,Mouse,4679,69
868984,Mouse,4280,76
869039,Mouse,3617,71
869042,Mouse,3076,66
869276,Mouse,3833,73
869284,Mouse,3685,75
869295,Mouse,4243,74
869406,Mouse,5280,84
869476,Mouse,4154,77
869879,Mouse,4155,98
869906,Mouse,3332,92
869935,Mouse,3413,80
869958,Mouse,5363,83
870050,Mouse,3468,72
870067,Mouse,3216,71
870103,Mouse,3033,77
870212,Elephant,485789,1526
870220,Elephant,581734,1663
870298,Mouse,4944,73
870348,Mouse,5105,75
870354,Mouse,5522,66
870430,Mouse,4307,71
870486,Mouse,3780,66
870511,Mouse,5357,71
870543,Elephant,264110,1347
870592,Mouse,3033,64
870622,Mouse,3801,65
870634,Mouse,5736,67
870823,Elephant,339826,1363
870907,Mouse,4205,67
870950,Mouse,4043,66
870995,Mouse,4549,66
871040,Mouse,5617,70
871076,Mouse,5221,69
871188,Mouse,4597,65
871310,Mouse,4248,67
871344,Mouse,5679,71
871360,Mouse,5050,65
871460,Elephant,293089,888
871536,Mouse,5371,65
871595,Mouse,3890,64
871623,Mouse,3974,64
871656,Mouse,4176,68
871675,Mouse,5636,66
871716,Mouse,3700,65
871806,Mouse,3189,64
871813,Mouse,4390,65
871973,Mouse,4282,65
872039,Elephant,364183,939
872573,Elephant,165154,726
872619,Mouse,5468,67
872755,Mouse,4094,68
872854,Mouse,3617,67
872909,Mouse,3904,67
873209,Elephant,452627,1101
873221,Elephant,136521,587
873242,Mouse,5734,86
873274,Mouse,5363,65
873280,Mouse,3548,65
873288,Mouse,3843,67
873291,Mouse,5570,68
873318,Mouse,3377,68
873362,Mouse,3379,64
873398,Mouse,3464,64
873438,Mouse,5361,69
873453,Mouse,4362,65
873569,Mouse,3188,66
873574,Mouse,3828,66
873578,Mouse,4500,67
873596,Mouse,4107,67
873608,Mouse,3274,69
873620,Mouse,4446,72
873709,Mouse,5028,69
873724,Mouse,4450,69
873770,Mouse,3369,69
873786,Mouse,5828,74
873794,Mouse,5119,75
873815,Elephant,372332,1098
873932,Mouse,4198,64
874132,Mouse,4074,69
874403,Mouse,3447,71
874427,Elephant,276298,815
874545,Mouse,4764,67
874785,Mouse,5073,65
874831,Mouse,4498,70
874851,Mouse,4787,73
874913,Elephant,382821,957
874927,Mouse,4101,65
874984,Mouse,5305,70
875014,Mouse,4060,64
875196,Mouse,4641,69
875208,Mouse,4025,71
875222,Mouse,4398,71
875260,Mouse,5062,75
875412,Mouse,5688,70
875452,Elephant,32555,252
875485,Elephant,282829,837
875496,Mouse,3474,65
875613,Mouse,5013,73
875752,Mouse,5268,65
875838,Mouse,4896,65
875895,Mouse,5370,68
875908,Mouse,3960,70
875959,Mouse,4431,75
876026,Elephant,421588,1029
876095,Mouse,4314,65
876105,Mouse,3872,64
876244,Mouse,4619,65
876362,Mouse,3616,70
876453,Mouse,3580,74
876461,Mouse,5190,76
876463,Mouse,5620,78
876476,Elephant,76953,373
876582,Mouse,5828,74
876598,Mouse,5087,81
876601,Mouse,3606,75
876650,Mouse,3941,66
876693,Elephant,195044,672
876771,Elephant,146793,577
876810,Mouse,3613,65
876856,Mouse,4115,64
876911,Mouse,5045,65
876982,Mouse,5036,65
877029,Mouse,4032,64
877059,Mouse,5806,66
877118,Mouse,4500,65
877163,Mouse,4548,66
877218,Mouse,3832,64
877301,Mouse,5466,66
877351,Mouse,4112,64
877384,Mouse,5813,66
877399,Mouse,5208,65
877410,Mouse,5376,70
877420,Mouse,5790,66
877525,Mouse,5225,65
877596,Mouse,3813,64
877683,Mouse,5276,70
877699,Mouse,3683,64
877723,Mouse,5085,71
877779,Mouse,5674,66
877915,Mouse,5162,65
877971,Mouse,5496,70
878121,Mouse,4855,73
878172,Mouse,4155,79
878190,Elephant,371074,980
878197,Mouse,5804,85
878281,Mouse,4260,65
878368,Mouse,5703,74
878502,Mouse,4945,69
878615,Mouse,4958,70
878630,Mouse,3853,75
878655,Elephant,452688,1147
878699,Mouse,3833,71
878859,Mouse,3542,67
878872,Mouse,4883,65
878940,Mouse,4764,65
878993,Mouse,4156,64
879024,Mouse,3620,67
879065,Mouse,4138,67
879134,Mouse,3077,64
879206,Mouse,4701,65
879231,Mouse,4422,69
879251,Mouse,5513,69
879265,Mouse,4622,65
879320,Mouse,3028,65
879336,Mouse,5061,71
879388,Mouse,4794,67
879496,Elephant,446627,1291
879625,Mouse,5467,67
879626,Mouse,3530,66
879729,Mouse,4731,65
879792,Mouse,3005,63
879822,Mouse,3630,64
879920,Mouse,5396,65
879934,Mouse,5080,65
879975,Mouse,5492,66
880011,Mouse,4814,65
880064,Mouse,3296,65
880108,Mouse,3056,65
880254,Mouse,4604,65
880263,Mouse,4769,65
880266,Mouse,3156,64
880356,Mouse,5575,70
880463,Mouse,3188,64
880609,Mouse,4305,65
880782,Mouse,5810,66
880824,Mouse,4400,66
880850,Mouse,5733,66
880882,Mouse,4063,64
880892,Mouse,4748,66
880915,Mouse,5050,65
880945,Mouse,3906,64
880953,Mouse,4828,65
880962,Mouse,3843,64
880969,Mouse,4086,64
880978,Mouse,5796,66
881001,Mouse,5420,66
881004,Mouse,3591,65
881020,Mouse,5248,67
881048,Mouse,3233,64
881130,Mouse,3638,65
881175,Mouse,3684,65
881347,Mouse,3297,64
881398,Mouse,5489,66
881433,Elephant,108826,459
881496,Mouse,3856,64
881563,Mouse,4494,65
881576,Mouse,3611,64
881583,Mouse,5185,65
881644,Mouse,4317,65
881745,Mouse,4201,64
881767,Mouse,5590,66
881852,Mouse,4565,65
881871,Mouse,4561,65
881903,Mouse,4911,65
881930,Mouse,4680,65
881978,Mouse,4443,65
882025,Mouse,3327,64
882051,Mouse,5697,66
882117,Mouse,5245,65
882143,Mouse,4699,65
882171,Mouse,4053,64
882259,Mouse,3775,64
882273,Mouse,3315,64
882342,Mouse,4869,65
882356,Mouse,3218,65
882359,Mouse,3756,66
882415,Mouse,4015,64
882535,Mouse,5701,67
882572,Mouse,3822,68
882776,Mouse,3428,67
882786,Mouse,5126,69
882816,Elephant,60226,425
882908,Mouse,3359,73
882953,Mouse,3407,75
883009,Mouse,5816,75
883036,Elephant,280182,201572
883093,Mouse,4702,66
883178,Mouse,5307,67
883185,Mouse,5137,70
883308,Mouse,3981,64
883340,Mouse,5609,70
883373,Elephant,582644,1215
883386,Mouse,5253,72
883389,Mouse,3719,71
883423,Mouse,3753,64
883434,Mouse,5204,65
883508,Mouse,4842,65
883575,Mouse,3054,64
883647,Mouse,4289,68
883658,Mouse,5545,66
883677,Mouse,3984,64
883691,Mouse,3945,66
883815,Mouse,4122,68
883821,Mouse,4298,66
883971,Mouse,4685,69
883975,Mouse,3127,64
883995,Mouse,3907,64
884037,Mouse,5758,70
884046,Mouse,4632,72
884068,Mouse,3651,66
884082,Mouse,4584,71
884111,Mouse,3919,66
884239,Mouse,4596,65
884285,Mouse,5581,73
884336,Mouse,5611,81
884388,Mouse,4993,93
884402,Mouse,5444,99
884459,Mouse,3227,101
884508,Mouse,5217,98
884545,Mouse,3853,101
884611,Mouse,5660,96
884631,Mouse,4406,81
884677,Mouse,3869,71
884688,Mouse,5747,78
884812,Mouse,4068,76
884832,Mouse,4589,77
884934,Mouse,3864,76
884968,Mouse,3583,73
885075,Mouse,4838,86
885105,Mouse,4438,85
885114,Mouse,4872,91
885172,Elephant,588317,1640
885177,Elephant,149648,956
885184,Mouse,5801,81
885189,Mouse,3373,80
885316,Mouse,3712,64
885395,Mouse,5322,69
885438,Mouse,5357,73
885480,Mouse,5838,72
885623,Mouse,4927,79
885664,Elephant,389053,1439
885689,Mouse,4293,89
885702,Mouse,5323,79
885705,Elephant,499654,1848
885744,Mouse,3890,75
885801,Mouse,3591,66
885852,Mouse,5065,65
885899,Mouse,5449,66
885999,Mouse,5447,69
886016,Mouse,5125,65
886037,Elephant,439224,202451
886061,Mouse,4287,65
886132,Mouse,3960,65
886134,Mouse,4631,67
886163,Mouse,3808,64
886312,Mouse,3512,65
886425,Mouse,4054,64
886666,Mouse,4969,65
886677,Mouse,4697,65
886794,Mouse,4398,65
886799,Mouse,4774,65
886803,Mouse,4430,65
886815,Mouse,3879,65
886818,Mouse,4941,67
886879,Mouse,5562,66
886924,Mouse,3916,64
886970,Mouse,5673,68
887016,Mouse,3857,64
887138,Mouse,3692,64
887166,Mouse,3216,64
887175,Mouse,4590,65
887241,Mouse,5600,66
887286,Mouse,4741,66
887307,Mouse,4833,66
887402,Mouse,3755,67
887438,Mouse,3689,66
887555,Mouse,5237,76
887563,Elephant,30255,211
887595,Mouse,5816,73
887710,Mouse,5331,70
887746,Mouse,4154,66
887843,Mouse,3199,68
887891,Mouse,3532,77
887904,Mouse,4368,81
887982,Mouse,4473,90
888075,Mouse,4359,98
888075,Elephant,219233,769
888085,Mouse,3790,95
888105,Mouse,4645,85
888144,Mouse,4776,78
888150,Elephant,263579,992
888159,Mouse,4253,73
888263,Mouse,3484,66
888273,Mouse,4245,70
888334,Mouse,5046,65
888362,Mouse,5365,73
888369,Mouse,3063,72
888389,Mouse,4441,71
888408,Mouse,3311,71
888459,Mouse,4750,67
888467,Elephant,246277,1034
888501,Mouse,3261,67
888523,Mouse,3372,66
888536,Mouse,3912,69
888925,Elephant,289757,818
888947,Mouse,3477,64
889044,Mouse,4610,68
889181,Mouse,3323,65
889422,Mouse,4416,69
889521,Elephant,143398,547
889589,Mouse,4473,71
889846,Mouse,3448,68
889889,Mouse,5273,71
890029,Mouse,4107,70
890039,Mouse,5365,75
890069,Mouse,3495,77
890132,Elephant,452411,1185
890134,Mouse,3881,92
890179,Mouse,4045,77
890206,Mouse,4145,67
890215,Mouse,3239,71
890261,Mouse,4102,69
890272,Mouse,3007,66
890299,Elephant,294461,885
890358,Mouse,4289,66
890509,Mouse,5190,65
890563,Mouse,3351,64
890601,Mouse,3565,64
890628,Mouse,3721,64
890703,Mouse,4211,67
890886,Mouse,3064,70
890886,Mouse,5377,72
890977,Mouse,4112,67
891027,Mouse,4204,71
891097,Elephant,39316,268
891103,Mouse,5757,78
891218,Mouse,3612,68
891345,Mouse,3981,79
891388,Mouse,4025,84
891438,Mouse,4202,85
891500,Mouse,5283,76
891563,Elephant,573883,1444
891623,Mouse,5137,69
891643,Mouse,4480,68
891741,Mouse,5629,67
891756,Mouse,3906,67
891858,Mouse,3944,71
891859,Mouse,5050,73
891898,Mouse,4656,71
892007,Mouse,5789,72
892047,Mouse,5100,73
892136,Mouse,5444,77
892316,Mouse,4517,86
892330,Elephant,588779,1671
892353,Mouse,5585,82
892492,Mouse,4403,73
892500,Mouse,3368,68
892620,Mouse,5450,75
892625,Elephant,522525,1595
892649,Mouse,5517,67
892699,Mouse,5323,68
892836,Mouse,3827,64
892858,Mouse,5587,68
893102,Mouse,3804,65
893161,Mouse,5818,69
893175,Mouse,4770,71
893210,Mouse,5789,70
893310,Elephant,347235,907
893376,Mouse,4629,65
893382,Mouse,5446,66
893505,Mouse,4974,65
893566,Mouse,5095,65
893578,Mouse,3377,64
893737,Mouse,3780,66
893739,Mouse,5597,69
893879,Mouse,5172,65
893891,Mouse,3154,64
893925,Mouse,5759,66
893961,Mouse,3304,67
894009,Mouse,5232,68
894018,Mouse,3909,66
894032,Mouse,4547,65
894453,Mouse,3034,64
894513,Mouse,3773,66
894523,Mouse,3888,65
894525,Mouse,3917,66
894571,Mouse,5061,68
894599,Mouse,5301,69
894634,Mouse,5467,66
894688,Mouse,5391,67
894735,Mouse,3245,65
894737,Mouse,5294,68
894832,Mouse,3030,64
895020,Mouse,4958,66
895122,Mouse,4752,65
895271,Mouse,3379,67
895357,Mouse,4754,70
895377,Mouse,3251,64
895492,Mouse,3460,67
895690,Mouse,4877,65
895759,Mouse,4105,66
895804,Mouse,4465,74
895889,Mouse,3136,74
895910,Mouse,4875,80
896064,Mouse,3233,92
896064,Mouse,3401,93
896072,Mouse,5474,87
896103,Elephant,564802,1389
896145,Mouse,5823,82
896205,Mouse,5801,71
896233,Mouse,5535,85
896355,Mouse,4213,74
896460,Mouse,5071,75
896559,Mouse,5248,89
896563,Elephant,52898,350
896582,Mouse,5290,82
896602,Mouse,4306,89
896658,Mouse,3240,72
896740,Mouse,3815,70
896750,Mouse,4681,69
896886,Mouse,5036,72
896919,Mouse,3593,73
896949,Mouse,3504,76
897054,Mouse,3101,81
897117,Mouse,5482,93
897134,Mouse,3499,93
897168,Mouse,3768,95
897176,Mouse,3081,91
897198,Mouse,4123,87
897218,Mouse,3303,87
897224,Elephant,276957,1340
897266,Mouse,4847,76
897298,Elephant,356324,1261
897326,Mouse,4463,67
897411,Mouse,4374,74
897456,Mouse,3557,74
897470,Mouse,3598,81
897477,Mouse,3172,76
897481,Mouse,5223,74
897526,Mouse,4374,67
897610,Mouse,5423,67
897783,Mouse,5693,70
897813,Mouse,3402,73
897822,Mouse,4707,77
897829,Mouse,3200,77
897868,Elephant,503694,1769
897939,Mouse,3808,64
898086,Mouse,5396,70
898181,Mouse,3064,64
898318,Mouse,3856,64
898363,Mouse,4199,71
898477,Mouse,5482,78
898502,Mouse,4225,86
898504,Mouse,4179,87
898594,Mouse,5267,85
898753,Mouse,3466,74
898775,Mouse,3360,66
898805,Mouse,4209,64
898851,Mouse,3964,64
898871,Mouse,4241,68
898891,Mouse,3014,75
898924,Elephant,428602,1188
898967,Mouse,5026,67
898996,Mouse,4811,66
899049,Mouse,5037,70
899221,Mouse,5239,69
899244,Mouse,3045,64
899249,Mouse,5104,65
899296,Mouse,3287,65
899302,Mouse,5744,69
899395,Mouse,4313,65
899427,Mouse,5228,67
899527,Elephant,335329,902
899583,Mouse,5337,65
899621,Mouse,5534,66
899696,Mouse,5057,65
899769,Mouse,4326,65
899782,Mouse,5729,66
899900,Mouse,4734,65
899909,Mouse,5109,65
900038,Mouse,3131,65
900210,Mouse,5081,69
900223,Mouse,4154,71
900288,Mouse,3145,66
900492,Mouse,3969,82
900533,Mouse,5742,93
900559,Elephant,190288,679
900604,Mouse,5271,103
900650,Mouse,4314,69
900669,Mouse,4638,69
900861,Mouse,3879,67
900874,Mouse,3036,70
901043,Mouse,3135,87
901127,Elephant,563204,1407
901128,Mouse,3834,100
901135,Mouse,4855,102
901242,Mouse,3132,67
901270,Elephant,392393,1296
901280,Mouse,4231,65
901353,Mouse,3615,64
901409,Mouse,3463,64
901498,Mouse,3575,68
901534,Mouse,4898,69
901557,Mouse,3745,69
901567,Mouse,3572,70
901591,Mouse,3908,69
901651,Mouse,5509,74
901661,Mouse,3759,74
901683,Mouse,4821,70
901706,Elephant,52706,326
901745,Mouse,5600,78
901877,Mouse,4788,70
901888,Mouse,4206,71
901914,Elephant,343528,1182
901960,Mouse,3522,68
902004,Mouse,4586,66
902012,Mouse,4278,69
902097,Mouse,5370,69
902149,Mouse,5652,69
902184,Mouse,4482,67
902217,Elephant,30311,218
902404,Mouse,3129,76
902507,Mouse,5405,81
902601,Elephant,384888,1108
902625,Mouse,4731,78
902664,Mouse,5116,79
902674,Mouse,4552,74
902718,Mouse,4458,71
902896,Elephant,261327,940
902985,Mouse,4758,66
903007,Mouse,3415,66
903017,Elephant,204656,848
903073,Mouse,3579,64
903235,Mouse,3679,64
903254,Mouse,5169,65
903290,Mouse,3920,64
903323,Mouse,5712,66
903404,Mouse,4830,65
903535,Mouse,3378,64
903569,Mouse,3874,64
903573,Mouse,4034,64
903579,Mouse,3632,64
903598,Mouse,4481,65
903646,Mouse,5344,70
903648,Mouse,3852,70
903655,Mouse,3864,65
903887,Mouse,4287,65
903995,Mouse,5155,68
904044,Mouse,5538,69
904087,Mouse,3168,66
904155,Mouse,3698,66
904185,Mouse,4396,65
904255,Mouse,3989,65
904389,Elephant,81062,406
904424,Mouse,4512,66
904447,Mouse,5317,65
904612,Mouse,5510,66
904691,Mouse,5044,65
904772,Mouse,3453,64
904834,Mouse,4674,67
904926,Mouse,5207,65
904979,Mouse,3896,64
905033,Mouse,4642,65
905065,Mouse,3858,64
905158,Mouse,5309,65
905206,Mouse,3136,64
905285,Mouse,3755,75
905296,Mouse,3058,64
905313,Mouse,5732,70
905371,Mouse,3920,77
905444,Mouse,5563,68
905510,Mouse,4923,71
905547,Mouse,5153,79
905571,Mouse,4679,87
905623,Mouse,5013,89
905650,Elephant,184401,716
905738,Mouse,4724,67
905867,Mouse,5712,74
905873,Mouse,3558,70
905882,Mouse,3037,74
905892,Mouse,4250,81
905937,Mouse,4979,82
905962,Mouse,3778,84
905966,Elephant,435677,1202
905969,Mouse,3109,87
906048,Mouse,3437,64
906096,Mouse,4483,65
906138,Mouse,3661,65
906165,Mouse,4109,66
906213,Mouse,5530,70
906230,Mouse,3942,64
906291,Mouse,4770,67
906340,Mouse,3583,68
906372,Mouse,3918,70
906447,Mouse,4251,77
906463,Mouse,5794,83
906523,Mouse,5645,93
906763,Mouse,4174,72
906772,Mouse,3058,73
906874,Elephant,451551,1478
906874,Mouse,3342,75
906906,Mouse,4414,83
906943,Mouse,4584,80
907043,Mouse,3359,66
907093,Mouse,5819,73
907284,Mouse,3781,97
907303,Elephant,528148,1731
907336,Mouse,3009,100
907341,Mouse,3309,101
907348,Elephant,206227,1041
907383,Mouse,3813,95
907397,Mouse,5004,92
907417,Mouse,4992,82
907446,Mouse,4875,89
907461,Mouse,5726,77
907520,Mouse,3291,67
907554,Mouse,4786,72
907623,Mouse,3994,66
907652,Mouse,3028,69
907684,Elephant,30864,258
907882,Mouse,4528,87
907899,Mouse,4514,95
907922,Mouse,5396,97
907981,Mouse,5363,104
908149,Mouse,5469,94
908251,Mouse,3438,103
908290,Mouse,5334,103
908303,Mouse,5742,102
908364,Mouse,4634,86
908394,Mouse,5601,87
908414,Mouse,3789,78
908437,Mouse,5751,82
908472,Mouse,5760,85
908511,Mouse,4204,81
908558,Mouse,5203,89
908612,Mouse,4934,99
908616,Elephant,585544,2413
908625,Mouse,4976,99
908709,Mouse,3635,69
908847,Mouse,3182,68
908875,Mouse,4014,69
909050,Elephant,82260,419
909073,Mouse,4506,74
909174,Mouse,3138,68
909212,Mouse,4989,70
909244,Mouse,4975,72
909290,Mouse,3733,78
909311,Mouse,3039,83
909358,Mouse,3517,86
909382,Mouse,4533,91
909434,Mouse,4776,93
909452,Mouse,4489,92
909481,Mouse,3597,91
909526,Mouse,4260,83
909807,Mouse,4158,84
909939,Mouse,5676,101
909955,Mouse,3837,105
909983,Mouse,3058,104
910084,Mouse,4752,92
910086,Mouse,5316,92
910321,Mouse,4814,72
910341,Mouse,5614,74
910370,Mouse,4992,79
910452,Mouse,3616,68
910483,Mouse,5202,69
910587,Mouse,5701,70
910592,Mouse,3010,71
910616,Mouse,5491,68
910680,Mouse,5264,68
910707,Mouse,3689,71
910788,Mouse,5487,69
910863,Mouse,3370,68
910917,Mouse,4391,76
910978,Mouse,5647,79
911018,Mouse,4706,89
911050,Mouse,5377,89
911083,Mouse,5715,98
911105,Mouse,4536,94
911118,Elephant,515128,1940
911166,Mouse,3398,74
911232,Mouse,5195,75
911264,Mouse,3674,64
911308,Mouse,5646,68
911354,Mouse,5363,69
911410,Mouse,3399,65
911458,Mouse,3081,67
911524,Mouse,3043,68
911692,Mouse,3221,72
911827,Mouse,3986,81
911845,Mouse,3806,85
911939,Mouse,5426,102
912040,Mouse,3000,74
912052,Mouse,4316,73
912056,Mouse,3574,72
912068,Mouse,5712,70
912085,Mouse,3791,74
912145,Mouse,3597,79
912334,Mouse,3582,94
912372,Mouse,4513,98
912404,Mouse,4540,102
912465,Mouse,3426,82
912473,Mouse,5637,81
912494,Elephant,451088,1696
912499,Mouse,4756,83
912522,Mouse,3860,81
912523,Mouse,5644,83
912597,Mouse,5655,71
912612,Mouse,4841,72
912615,Mouse,3726,74
912794,Elephant,110134,827
912920,Elephant,248098,1383
913006,Mouse,5383,70
913258,Mouse,4950,90
913316,Mouse,3941,90
913349,Mouse,3846,91
913446,Mouse,4039,95
913564,Mouse,4653,82
913762,Mouse,3365,88
913792,Elephant,590445,2397
913870,Mouse,5389,71
913881,Mouse,5004,79
913904,Mouse,4551,71
913996,Elephant,377762,1935
914072,Mouse,4755,75
914173,Elephant,113022,729
914357,Mouse,4201,89
914406,Mouse,4011,96
914424,Mouse,3438,95
914462,Mouse,3477,101
914581,Mouse,5384,74
914629,Mouse,3684,73
914644,Mouse,4852,71
914668,Mouse,3284,66
914722,Mouse,4755,74
914722,Mouse,4840,74
914774,Elephant,134112,781
914845,Mouse,4610,74
914864,Mouse,3009,78
914874,Mouse,4366,72
914984,Mouse,5436,72
914989,Elephant,177435,1016
915094,Elephant,525453,2590
915099,Mouse,4307,68
915101,Mouse,3789,68
915176,Mouse,4688,65
915215,Mouse,4736,65
915298,Mouse,3883,64
915344,Mouse,3651,64
915371,Mouse,3483,64
915403,Mouse,3222,64
915606,Mouse,3896,64
915615,Mouse,3193,64
915627,Mouse,5785,66
915724,Mouse,3922,68
915833,Mouse,5375,65
915851,Mouse,5304,68
916104,Mouse,4836,68
916168,Mouse,3866,67
916372,Mouse,4401,65
916636,Elephant,242834,749
916648,Mouse,3429,65
916658,Mouse,5603,68
916684,Mouse,3185,64
916738,Mouse,5685,66
916790,Mouse,5183,68
916804,Mouse,4807,72
916822,Mouse,5414,79
916895,Mouse,5665,70
916972,Mouse,4817,69
916981,Mouse,3645,70
916991,Mouse,3210,70
916994,Mouse,4718,73
917060,Elephant,196757,684
917141,Mouse,5221,67
917144,Mouse,3510,66
917361,Mouse,4636,65
917442,Mouse,3744,66
917552,Mouse,4853,71
917555,Mouse,4041,71
917562,Mouse,3484,77
917599,Elephant,427231,1052
917628,Mouse,5289,67
917704,Mouse,3831,64
917768,Mouse,4577,65
917838,Mouse,3420,64
917869,Mouse,3147,65
917916,Mouse,3758,64
918060,Mouse,5322,67
918103,Mouse,5068,67
918135,Mouse,3363,64
918144,Mouse,4121,64
918240,Mouse,5283,65
918270,Mouse,4352,66
918290,Mouse,3124,64
918383,Mouse,4437,65
918474,Mouse,3804,66
918501,Mouse,4935,65
918573,Mouse,3628,64
918620,Mouse,5152,65
918656,Mouse,3667,67
918706,Mouse,3112,68
918744,Elephant,105603,461
918830,Mouse,3231,64
918849,Mouse,3989,68
918880,Mouse,3721,64
919038,Elephant,191640,641
919046,Mouse,4814,65
919194,Mouse,4870,65
919227,Mouse,3557,67
919250,Mouse,3993,64
919335,Mouse,4896,65
919727,Mouse,3328,92
919794,Mouse,3531,64
919995,Elephant,425258,1134
920034,Elephant,224810,870
920040,Mouse,4646,67
920071,Mouse,4344,66
920104,Mouse,5499,70
920201,Mouse,3633,66
920226,Mouse,3120,67
920245,Mouse,4360,68
920340,Mouse,4737,65
920599,Elephant,380112,1301
920697,Mouse,5035,65
920721,Mouse,4245,68
920729,Mouse,5153,65
920800,Mouse,3580,67
920839,Mouse,4437,69
920846,Mouse,3561,70
920988,Mouse,4079,71
921006,Elephant,309079,974
921209,Elephant,202294,793
921320,Mouse,3285,71
921324,Mouse,4296,70
921374,Mouse,3039,70
921479,Mouse,4546,89
921501,Elephant,167346,637
921541,Mouse,3591,85
921656,Elephant,68115,456
921723,Mouse,5247,69
921804,Mouse,5764,70
921926,Mouse,4241,81
921971,Mouse,4849,90
922074,Mouse,4036,91
922137,Mouse,5163,82
922161,Mouse,3692,83
922185,Mouse,4804,76
922272,Mouse,5163,75
922375,Mouse,5470,88
922406,Mouse,5575,94
922462,Mouse,5034,95
922488,Mouse,5783,93
922525,Mouse,4051,77
922638,Elephant,297714,1326
922650,Mouse,4533,91
922652,Elephant,557454,202020
922712,Mouse,5345,84
922727,Mouse,5830,87
922767,Mouse,3451,71
922796,Mouse,3074,66
922933,Mouse,5076,74
923090,Mouse,3682,79
923135,Mouse,5676,76
923226,Mouse,4783,70
923416,Elephant,198631,1179
923451,Mouse,4047,73
923484,Elephant,205535,1001
923537,Mouse,4151,74
923542,Mouse,3841,74
923545,Mouse,5403,77
923551,Mouse,3776,76
923590,Mouse,3003,76
923622,Mouse,3831,77
923927,Elephant,572632,2389
923990,Mouse,3030,65
924009,Mouse,4807,72
924104,Mouse,3874,67
924172,Mouse,4989,69
924184,Mouse,3495,71
924233,Elephant,463626,2161
924256,Mouse,3476,64
924301,Mouse,3869,65
924315,Mouse,4177,66
924318,Mouse,5611,68
924379,Mouse,4356,70
924406,Mouse,3228,64
924430,Mouse,3607,67
924464,Mouse,5797,71
924471,Mouse,5274,74
924484,Mouse,4464,69
924488,Mouse,4775,67
924495,Elephant,78478,414
924565,Mouse,3131,69
924615,Mouse,4883,65
924698,Mouse,3646,67
924715,Mouse,3523,64
924733,Mouse,3457,65
924981,Mouse,4318,65
925008,Elephant,118814,497
925019,Mouse,3159,64
925132,Mouse,5578,66
925163,Mouse,4294,69
925175,Mouse,4092,69
925184,Mouse,4600,65
925233,Mouse,5483,66
925249,Mouse,4217,67
925268,Mouse,4623,65
925370,Elephant,53650,320
925382,Mouse,4993,68
925435,Mouse,5233,65
925487,Mouse,5823,66
925491,Mouse,3114,64
925566,Mouse,3202,65
925569,Mouse,5772,68
925579,Mouse,3956,64
925599,Mouse,5455,67
926016,Mouse,3719,67
926038,Mouse,4685,70
926057,Mouse,3018,69
926128,Mouse,3942,70
926175,Mouse,5714,74
926231,Elephant,180785,631
926299,Mouse,4091,69
926351,Mouse,3489,73
926410,Mouse,4814,65
926416,Mouse,3359,65
926465,Mouse,4883,69
926504,Mouse,4553,68
926587,Mouse,4772,77
926591,Mouse,3992,71
926641,Mouse,4409,76
926675,Mouse,5521,80
926734,Elephant,249094,816
926860,Mouse,5158,65
926940,Elephant,352161,981
926979,Mouse,3148,64
927033,Mouse,3681,64
927040,Mouse,5469,67
927124,Mouse,5797,66
927312,Mouse,4930,69
927550,Mouse,4183,64
927579,Elephant,444564,1057
927642,Mouse,3492,64
927777,Mouse,5558,69
927794,Mouse,4218,64
927893,Mouse,4272,65
928094,Mouse,5442,66
928097,Mouse,3196,64
928216,Mouse,3399,66
928234,Mouse,3417,67
928262,Mouse,5287,68
928270,Mouse,3859,65
928324,Mouse,4643,71
928530,Mouse,5702,67
928569,Mouse,3776,68
928661,Mouse,4321,74
928721,Mouse,4516,78
928760,Elephant,230442,767
928773,Mouse,5069,69
928801,Mouse,3737,67
928811,Mouse,4116,64
928835,Mouse,3373,67
928958,Mouse,3615,67
929061,Mouse,3056,64
929098,Mouse,4829,65
929155,Mouse,3360,64
929187,Mouse,4843,65
929324,Mouse,5160,65
929382,Mouse,3527,64
929391,Mouse,5498,66
929416,Mouse,4693,65
929437,Mouse,5596,66
929451,Mouse,3919,64
929461,Mouse,5796,67
929481,Mouse,4978,65
929533,Mouse,3587,64
929553,Mouse,3696,64
929643,Mouse,5283,65
929695,Mouse,4252,66
929760,Mouse,3726,64
929818,Mouse,4799,65
930029,Mouse,4077,64
930115,Mouse,3551,64
930151,Mouse,4486,67
930153,Mouse,5014,68
930199,Mouse,5644,66
930214,Mouse,3996,66
930216,Mouse,4603,67
930287,Mouse,4627,73
930337,Mouse,3732,64
930407,Mouse,5344,72
930467,Mouse,4220,71
930519,Mouse,4390,72
930541,Mouse,3846,78
930559,Mouse,3624,83
930623,Mouse,4792,97
930642,Elephant,441692,1180
930652,Mouse,5580,91
930690,Mouse,5801,81
930705,Mouse,3163,77
930735,Mouse,5222,68
930755,Mouse,5292,72
930777,Mouse,4591,65
930796,Mouse,5346,71
930811,Mouse,3228,67
930819,Mouse,5621,66
930825,Mouse,4245,64
930888,Elephant,138220,686
930964,Mouse,4638,65
931044,Mouse,4721,68
931086,Mouse,3968,73
931100,Mouse,4088,68
931176,Mouse,4725,73
931193,Mouse,4110,67
931205,Mouse,4118,64
931371,Elephant,125503,575
931567,Mouse,3970,67
931593,Mouse,5584,73
931681,Mouse,3556,81
931779,Mouse,5647,91
931813,Mouse,5076,92
931822,Elephant,507328,1544
931840,Mouse,3926,77
931943,Mouse,3095,66
932036,Mouse,5490,71
932054,Mouse,3015,64
932108,Mouse,4680,70
932194,Mouse,4821,69
932212,Elephant,109485,665
932235,Mouse,3646,67
932451,Mouse,4831,68
932518,Mouse,5754,78
932520,Mouse,3771,78
932535,Mouse,4370,75
932588,Mouse,4102,73
932606,Mouse,3535,77
932621,Mouse,5142,78
932632,Elephant,542294,1481
932641,Mouse,4169,72
932666,Mouse,3568,77
932698,Mouse,3191,64
932723,Mouse,3566,67
932836,Mouse,3345,65
932866,Mouse,3366,66
932870,Mouse,5451,67
933110,Mouse,3272,66
933161,Mouse,4964,70
933218,Mouse,4280,70
933335,Mouse,5341,65
933367,Elephant,281714,988
933367,Mouse,5023,67
933412,Mouse,3895,68
933447,Mouse,5472,73
933469,Mouse,5201,67
933514,Mouse,4846,66
933614,Mouse,5177,71
933665,Mouse,5063,75
933666,Mouse,5381,74
933693,Mouse,5219,68
933722,Mouse,4639,65
933770,Mouse,3628,71
933838,Mouse,3487,70
933907,Mouse,4214,73
933919,Mouse,3958,70
934127,Mouse,5703,86
934176,Mouse,4958,97
934213,Mouse,5653,115
934246,Mouse,4203,117
934382,Mouse,3823,79
934546,Mouse,5619,70
934597,Mouse,4983,81
934602,Elephant,501119,1319
934628,Mouse,3003,78
934660,Mouse,4602,78
934821,Mouse,4723,73
934960,Mouse,4432,75
934977,Mouse,4889,79
935039,Mouse,5703,90
935100,Mouse,5818,83
935108,Mouse,4771,86
935144,Elephant,47321,332
935184,Mouse,3756,82
935204,Mouse,3245,67
935259,Elephant,428228,1567
935273,Mouse,3904,64
935318,Mouse,4581,65
935364,Mouse,3696,67
935391,Mouse,4630,73
935424,Mouse,4851,70
935529,Mouse,3552,72
935547,Elephant,508003,1853
935582,Mouse,4944,73
935591,Mouse,5563,67
935653,Mouse,5442,67
935659,Mouse,3404,68
935678,Mouse,4536,65
935714,Mouse,5214,73
935765,Mouse,4525,65
935872,Mouse,3116,64
935881,Mouse,4485,69
935971,Mouse,5278,68
936035,Mouse,4717,70
936133,Mouse,4223,65
936199,Mouse,3185,68
936298,Mouse,3596,68
936403,Mouse,5672,93
936504,Mouse,5563,110
936505,Mouse,4070,110
936550,Mouse,4033,113
936593,Elephant,536708,1259
936635,Mouse,3760,75
936651,Mouse,4428,65
936731,Mouse,3888,64
936748,Mouse,4288,65
936799,Mouse,4325,70
936809,Mouse,3560,68
936826,Mouse,4382,65
936846,Mouse,3356,70
936892,Mouse,3625,68
936899,Mouse,4130,68
936927,Mouse,5815,70
936984,Mouse,4433,69
937008,Mouse,3317,65
937069,Mouse,3276,64
937107,Mouse,3655,64
937161,Mouse,3226,67
937222,Mouse,5645,75
937227,Mouse,4250,76
937235,Mouse,4961,79
937257,Mouse,4300,68
937293,Mouse,5211,83
937294,Mouse,5664,84
937389,Mouse,3004,67
937614,Elephant,555696,1617
937655,Mouse,4903,69
937715,Mouse,3996,68
937827,Mouse,5708,66
937962,Mouse,4598,65
937999,Mouse,5049,76
938074,Mouse,4707,71
938115,Mouse,4614,71
938194,Mouse,4630,68
938247,Mouse,5656,72
938311,Mouse,4259,68
938383,Elephant,437539,1093
938389,Mouse,3919,67
938406,Mouse,5732,69
938425,Mouse,4733,65
938436,Elephant,132411,559
938479,Mouse,4257,65
938513,Mouse,3471,64
938757,Mouse,3680,64
938848,Mouse,4398,65
938951,Mouse,4794,65
939052,Mouse,3744,64
939120,Mouse,5806,66
939128,Mouse,5539,66
939204,Mouse,5048,68
939220,Mouse,3384,64
939425,Mouse,5210,65
939509,Mouse,4438,65
939545,Mouse,4699,69
939654,Elephant,111779,491
939738,Mouse,3087,65
939781,Mouse,3892,67
939840,Elephant,150324,201323
939885,Mouse,5514,66
939918,Mouse,3634,64
939937,Mouse,3938,68
939990,Mouse,3132,70
940152,Mouse,5061,68
940158,Mouse,4264,70
940175,Elephant,504668,1129
940234,Mouse,3252,64
940297,Mouse,4290,67
940307,Mouse,5535,66
940410,Mouse,3835,64
940419,Mouse,5273,67
940613,Mouse,3272,70
940668,Mouse,3309,64
940820,Mouse,4032,77
940854,Elephant,200660,805
940915,Mouse,3686,64
941041,Mouse,3791,67
941090,Mouse,3239,73
941092,Mouse,4083,70
941117,Mouse,3871,74
941195,Mouse,4807,83
941225,Mouse,4291,77
941239,Mouse,4646,78
941258,Mouse,3397,82
941268,Mouse,3600,79
941434,Mouse,3522,71
941448,Elephant,283190,1093
941484,Mouse,3906,73
941526,Mouse,5066,72
941651,Mouse,5206,70
941661,Mouse,3103,68
941690,Mouse,3998,73
941794,Mouse,5234,70
941936,Mouse,4584,75
941998,Mouse,3944,81
942057,Mouse,5466,90
942139,Mouse,3352,84
942151,Elephant,534950,1246
942159,Mouse,4655,87
942216,Mouse,5581,76
942223,Elephant,416280,1575
942299,Mouse,4671,65
942344,Mouse,3283,64
942388,Mouse,3327,64
942618,Mouse,3602,67
942734,Mouse,4287,69
942752,Mouse,5006,68
943013,Mouse,4769,69
943194,Mouse,4419,66
943239,Mouse,4700,71
943316,Mouse,3528,69
943377,Mouse,4528,67
943415,Mouse,5275,71
943465,Mouse,5782,76
943483,Mouse,5639,76
943558,Mouse,4131,70
943619,Mouse,3489,68
943680,Elephant,341672,924
943728,Mouse,4454,71
943812,Mouse,4909,69
943814,Mouse,3483,68
943828,Mouse,4147,69
943841,Mouse,4646,66
943859,Elephant,44059,293
943874,Mouse,3823,74
943936,Mouse,4763,68
943946,Mouse,4110,66
943960,Mouse,5771,67
943989,Mouse,3590,68
944046,Mouse,3977,65
944144,Mouse,4429,68
944180,Mouse,5432,66
944221,Mouse,4072,65
944408,Mouse,4478,70
944424,Mouse,3930,72
944447,Mouse,5116,78
944506,Elephant,342216,946
944551,Mouse,5124,70
944655,Mouse,3642,64
944693,Mouse,3143,64
944704,Mouse,4424,65
944739,Mouse,3060,66
944741,Mouse,4810,71
944758,Mouse,5004,69
944821,Mouse,3653,65
945027,Mouse,4974,70
945069,Mouse,4474,68
945115,Mouse,4910,75
945124,Mouse,3888,79
945194,Mouse,4630,78
945211,Mouse,4531,66
945268,Elephant,582428,1365
945302,Mouse,5706,66
945306,Mouse,5066,66
945372,Mouse,4250,65
945385,Mouse,4786,65
945418,Mouse,4668,68
945487,Mouse,4342,67
945541,Mouse,3442,67
945573,Mouse,5732,68
945585,Mouse,3702,70
945710,Mouse,3774,66
945764,Mouse,5664,69
945823,Mouse,5592,71
945828,Mouse,5286,71
945836,Mouse,4325,75
945847,Elephant,488494,401959
945895,Mouse,5137,65
946023,Mouse,5420,65
946058,Elephant,596835,402708
946075,Mouse,3789,64
946126,Mouse,3045,67
946161,Mouse,4333,65
946201,Mouse,3648,66
946234,Mouse,4624,80
946346,Mouse,3657,84
946349,Elephant,46429,307
946383,Mouse,4017,84
946446,Mouse,5608,79
946540,Mouse,4353,77
946625,Elephant,80301,524
946772,Mouse,3138,73
946808,Mouse,5488,72
946884,Mouse,4221,76
946913,Mouse,5281,84
947000,Mouse,4176,91
947029,Mouse,4536,95
947143,Mouse,3942,82
947249,Mouse,4573,69
947318,Mouse,5607,72
947375,Mouse,4105,75
947408,Mouse,4750,77
947455,Elephant,318463,1316
947463,Elephant,462365,1618
947521,Mouse,5782,68
947606,Mouse,3888,67
947608,Mouse,5479,69
947640,Mouse,4843,66
947683,Mouse,4190,71
947737,Mouse,4722,75
947795,Mouse,4081,66
947838,Mouse,4787,68
947879,Elephant,553218,1741
947900,Mouse,4264,65
947931,Mouse,4653,65
947936,Mouse,4436,65
947943,Mouse,3586,65
948010,Mouse,3521,71
948017,Mouse,4049,69
948055,Mouse,5463,77
948161,Mouse,5136,73
948177,Mouse,4752,76
948195,Mouse,4024,74
948217,Mouse,3194,77
948237,Elephant,42475,303
948273,Mouse,4704,74
948507,Elephant,69741,410
948537,Mouse,3317,86
948606,Mouse,4472,69
948651,Mouse,5276,73
948894,Mouse,4213,96
948912,Mouse,3293,99
948913,Mouse,3758,99
948976,Mouse,5424,98
949020,Mouse,3046,93
949070,Mouse,5243,86
949169,Mouse,3147,67
949266,Elephant,386486,1465
949283,Mouse,3917,69
949320,Mouse,5787,72
949331,Mouse,3489,76
949372,Elephant,359129,1380
949377,Mouse,5512,70
949385,Mouse,4926,69
949390,Mouse,5637,66
949462,Mouse,4705,65
949492,Mouse,3186,64
949499,Mouse,4678,67
949561,Mouse,3969,64
949583,Mouse,3089,66
949602,Mouse,5833,73
949656,Mouse,4410,67
949660,Mouse,5667,70
949682,Mouse,4822,69
949839,Mouse,3326,67
949849,Mouse,3085,69
949909,Mouse,3098,69
950000,Mouse,3752,65
950028,Mouse,3752,75
950084,Mouse,4591,74
950086,Mouse,3879,74
950136,Elephant,481348,1487
950217,Mouse,5155,67
950219,Mouse,3420,65
950238,Mouse,3356,67
950400,Mouse,4032,77
950536,Mouse,5585,73
950577,Elephant,291312,853
950603,Mouse,5704,79
950629,Mouse,5466,68
950659,Mouse,5799,75
950664,Elephant,233552,766
950709,Mouse,4155,65
950784,Mouse,5302,70
950833,Mouse,4370,65
950853,Mouse,4647,66
950875,Mouse,5333,65
950967,Mouse,4083,64
951069,Mouse,4414,65
951144,Mouse,3203,65
951190,Mouse,3508,64
951207,Mouse,5398,68
951317,Mouse,5097,68
951327,Mouse,3097,64
951406,Elephant,262219,779
951476,Mouse,5828,66
951511,Mouse,3943,64
951545,Mouse,3483,64
951566,Mouse,5439,66
951638,Mouse,4440,65
951642,Mouse,3742,64
951727,Mouse,3961,67
951743,Mouse,5068,68
951802,Mouse,4317,65
951889,Mouse,4895,70
951899,Mouse,4541,70
951945,Mouse,3662,71
951972,Mouse,5279,69
952027,Mouse,3084,66
952104,Mouse,3960,66
952198,Mouse,3331,66
952345,Mouse,3329,76
952383,Mouse,5518,85
952559,Mouse,3145,103
952570,Mouse,5761,105
952603,Mouse,4056,91
952645,Mouse,4475,86
952650,Mouse,4603,66
952684,Mouse,4569,66
952852,Mouse,4588,74
952921,Mouse,3377,75
952974,Mouse,3195,72
953013,Mouse,3473,71
953027,Mouse,4747,78
953052,Mouse,5172,75
953241,Elephant,478150,1509
953265,Mouse,5420,86
953350,Mouse,4212,68
953382,Elephant,590139,1768
953422,Mouse,3795,67
953439,Mouse,4299,65
953517,Mouse,4029,65
953554,Mouse,5340,74
953567,Mouse,4750,69
953883,Mouse,5047,83
953912,Mouse,5336,96
953967,Mouse,3890,107
954002,Mouse,5235,121
954080,Elephant,187848,768
954130,Mouse,4343,72
954139,Mouse,3312,69
954162,Mouse,4963,74
954268,Mouse,4905,70
954303,Mouse,3521,69
954440,Mouse,3774,68
954460,Mouse,3116,69
954465,Mouse,4500,73
954481,Mouse,4485,80
954568,Mouse,5250,79
954589,Mouse,3321,80
954733,Mouse,5311,92
954762,Mouse,3198,99
954796,Elephant,523638,1857
954831,Mouse,4528,80
954933,Mouse,3475,67
955253,Mouse,5339,71
955477,Mouse,3743,68
955489,Mouse,5590,75
955560,Mouse,4304,67
955602,Mouse,3017,67
955655,Mouse,3271,69
955771,Mouse,5561,71
955840,Mouse,3670,80
955860,Mouse,4166,85
955880,Elephant,535632,2174
956069,Mouse,5699,76
956104,Mouse,5062,84
956136,Mouse,4682,92
956178,Mouse,3081,86
956218,Mouse,5589,80
956250,Mouse,3499,82
956260,Mouse,3108,80
956325,Mouse,5699,68
956352,Mouse,3629,70
956425,Elephant,66256,504
956495,Mouse,4418,71
956514,Elephant,133782,749
956573,Mouse,5794,67
956600,Mouse,4853,73
956786,Elephant,211527,965
956827,Mouse,5284,65
956834,Mouse,4898,71
956839,Mouse,5398,71
956852,Mouse,3543,74
956964,Mouse,5019,65
956968,Mouse,4654,65
957007,Mouse,4539,65
957016,Mouse,3484,69
957024,Mouse,5030,74
957036,Mouse,3112,73
957050,Mouse,3360,71
957064,Elephant,426875,1359
957130,Mouse,4781,65
957155,Mouse,3972,67
957246,Mouse,5317,72
957296,Mouse,4464,71
957327,Mouse,4988,70
957434,Mouse,3730,65
957437,Mouse,3948,66
957462,Mouse,4133,70
957535,Elephant,133414,541
957565,Mouse,3416,64
957578,Mouse,3741,64
957651,Mouse,5152,71
957657,Mouse,4009,64
957745,Mouse,5595,66
957785,Mouse,5203,69
957821,Mouse,3877,70
957859,Mouse,5580,68
957887,Elephant,200389,758
957961,Mouse,5451,66
957978,Mouse,3464,64
958012,Mouse,4699,65
958159,Mouse,4675,69
958168,Mouse,4639,74
958315,Mouse,5640,68
958334,Mouse,4069,68
958348,Mouse,4490,69
958398,Mouse,4574,72
958415,Elephant,244511,757
958448,Mouse,5541,73
958463,Mouse,4388,78
958508,Mouse,3046,66
958547,Mouse,4493,71
958648,Mouse,4188,68
958670,Mouse,4662,69
958727,Elephant,105648,478
958752,Mouse,3896,72
958766,Mouse,5808,74
958776,Mouse,4252,75
958792,Mouse,4274,72
958845,Mouse,5323,80
958859,Mouse,3921,72
958916,Elephant,127299,535
958927,Mouse,4962,76
958952,Mouse,4026,69
959026,Mouse,3823,69
959064,Mouse,4912,68
959269,Elephant,250025,861
959326,Mouse,4788,68
959376,Elephant,217110,739
959468,Mouse,5446,67
959494,Mouse,3483,69
959543,Mouse,4923,73
959675,Mouse,3442,77
959685,Mouse,3144,71
959695,Mouse,4853,79
959800,Mouse,4940,87
959821,Mouse,3345,81
959946,Mouse,3539,70
959949,Mouse,5669,72
960011,Mouse,4223,72
960076,Elephant,370443,1297
960090,Mouse,4156,75
960108,Mouse,3857,74
960135,Mouse,5301,78
960176,Mouse,4454,87
960235,Mouse,4583,85
960292,Mouse,4358,84
960307,Mouse,5138,90
960438,Elephant,190447,1019
960497,Mouse,3533,69
960552,Mouse,5280,72
960609,Mouse,3241,74
960610,Mouse,3336,75
960614,Mouse,3235,72
960675,Mouse,4708,73
961087,Mouse,4945,83
961087,Mouse,5493,84
961103,Mouse,4015,86
961167,Elephant,31249,240
961261,Mouse,5644,68
961309,Elephant,487089,2066
961390,Mouse,4768,78
961401,Mouse,3310,84
961409,Mouse,5596,87
961412,Mouse,4121,86
961490,Elephant,347660,2203
961534,Mouse,4275,75
961544,Mouse,4661,74
961623,Mouse,4554,77
961647,Mouse,4802,79
961679,Mouse,5372,74
961721,Elephant,75359,561
961821,Mouse,3163,68
962033,Mouse,4101,89
962044,Mouse,3245,90
962128,Mouse,3550,79
962151,Mouse,3372,80
962260,Mouse,4407,88
962361,Mouse,3849,88
962372,Mouse,4947,90
962400,Mouse,3139,82
962427,Mouse,4304,83
962467,Mouse,5436,85
962477,Mouse,4666,83
962488,Elephant,536639,2467
962548,Elephant,547658,2402
962556,Mouse,4224,74
962626,Mouse,3994,66
962645,Mouse,5040,66
962718,Mouse,4739,65
962739,Mouse,5393,69
962761,Mouse,4847,67
962962,Mouse,4539,72
963060,Mouse,4597,66
963088,Mouse,5365,66
963098,Mouse,4043,65
963113,Mouse,3304,64
963130,Mouse,3799,65
963191,Mouse,3539,65
963224,Mouse,4957,67
963273,Mouse,4233,67
963285,Mouse,4828,69
963293,Mouse,5153,70
963362,Mouse,5817,67
963393,Mouse,3178,67
963529,Mouse,5562,72
963754,Mouse,5239,79
963776,Mouse,3558,80
964027,Mouse,5274,69
964029,Elephant,307768,929
964119,Mouse,4133,64
964200,Mouse,4085,69
964286,Mouse,3764,70
964339,Mouse,5293,69
964340,Mouse,5739,70
964392,Mouse,3400,64
964420,Mouse,4532,73
964573,Mouse,4894,68
964666,Elephant,488684,1364
964777,Mouse,3373,64
964909,Mouse,3207,64
964988,Mouse,3724,70
965299,Mouse,3447,70
965434,Mouse,5065,89
965459,Mouse,3837,94
965462,Mouse,3850,95
965489,Elephant,131879,600
965491,Mouse,3303,103
965693,Mouse,5725,74
965751,Elephant,295670,969
965898,Mouse,3045,64
965934,Mouse,4648,66
966106,Mouse,5236,73
966281,Mouse,4367,72
966301,Elephant,507303,1474
966364,Mouse,3456,66
966423,Mouse,5220,69
966451,Mouse,3100,64
966623,Mouse,4265,67
966676,Mouse,5799,69
966747,Elephant,106241,458
966761,Mouse,5557,68
966820,Mouse,4627,69
966828,Mouse,4501,65
966853,Mouse,5417,69
966970,Mouse,5623,66
967011,Mouse,5403,65
967079,Mouse,4720,68
967247,Mouse,3955,68
967257,Mouse,3695,71
967300,Mouse,5021,80
967313,Elephant,377705,1051
967330,Mouse,3643,83
967341,Mouse,3177,84
967349,Mouse,5361,82
967526,Mouse,4796,65
967586,Mouse,4551,68
967661,Mouse,4902,66
967783,Mouse,4969,69
967812,Mouse,4417,73
967817,Mouse,5065,70
967878,Elephant,163796,845
967954,Mouse,3204,64
968032,Mouse,4235,70
968051,Mouse,4193,74
968201,Mouse,4100,88
968306,Mouse,5594,108
968346,Mouse,5428,117
968348,Elephant,402395,1329
968422,Mouse,5087,105
968509,Mouse,3113,64
968628,Mouse,3069,69
968952,Mouse,5060,84
968954,Elephant,132683,615
969013,Mouse,3563,66
969031,Mouse,3338,67
969095,Mouse,5199,69
969152,Mouse,3697,69
969284,Mouse,3168,77
969359,Mouse,4318,88
969414,Mouse,4805,97
969453,Mouse,4759,98
969459,Mouse,4210,104
969678,Mouse,4213,72
969681,Elephant,539430,2042
969689,Mouse,4994,78
969700,Mouse,3520,74
969722,Elephant,272812,1753
969750,Mouse,3665,75
969864,Elephant,496002,2059
969890,Mouse,4456,66
969936,Mouse,3617,66
969941,Mouse,4584,65
969996,Mouse,4604,66
970023,Mouse,3740,65
970186,Mouse,5588,69
970244,Mouse,4268,71
970254,Mouse,4352,67
970307,Mouse,3056,69
970343,Mouse,4550,68
970351,Mouse,4587,73
970363,Mouse,4234,79
970453,Mouse,5306,70
970491,Mouse,4195,72
970529,Mouse,5011,68
970657,Mouse,4714,70
970692,Mouse,5737,70
970835,Mouse,5732,71
970900,Mouse,5158,72
970946,Mouse,3033,69
970947,Elephant,527775,1310
971017,Mouse,3985,66
971140,Mouse,3491,65
971289,Mouse,3588,64
971324,Mouse,3007,66
971329,Mouse,4185,68
971441,Mouse,5502,67
971534,Mouse,3531,65
971666,Mouse,5830,66
971751,Mouse,4190,74
971843,Mouse,3700,67
971856,Elephant,95536,448
971884,Mouse,3566,68
971972,Mouse,4219,66
971981,Mouse,4866,69
972145,Mouse,5697,73
972213,Mouse,3039,68
972286,Mouse,3660,71
972319,Elephant,214021,697
972451,Mouse,3177,68
972492,Mouse,5163,69
972519,Elephant,161692,593
972548,Mouse,3812,67
972614,Mouse,4828,65
972832,Mouse,5264,66
972851,Mouse,3990,66
972974,Mouse,3929,68
972983,Mouse,5041,74
972997,Mouse,4832,65
973036,Mouse,4740,65
973120,Mouse,4180,71
973232,Mouse,5432,66
973317,Mouse,4507,73
973341,Mouse,3019,67
973509,Mouse,4200,90
973524,Elephant,361766,964
973529,Mouse,3714,91
973544,Mouse,3372,79
973574,Mouse,5110,82
973671,Mouse,5606,70
973703,Mouse,5324,65
973727,Mouse,5063,65
973798,Mouse,5149,68
973806,Mouse,4841,71
973816,Mouse,3434,73
973865,Mouse,4022,75
973876,Mouse,4023,65
973942,Elephant,252763,895
974176,Mouse,3933,68
974269,Mouse,3944,68
974317,Mouse,3381,70
974327,Mouse,3036,69
974429,Elephant,315514,1142
974499,Mouse,4089,64
974539,Mouse,4883,65
974544,Mouse,4432,69
974568,Mouse,5084,65
974594,Mouse,3457,64
974678,Mouse,4160,64
974683,Mouse,4972,65
974710,Mouse,4860,65
974781,Mouse,3257,64
974858,Mouse,3919,64
975015,Mouse,4853,65
975119,Mouse,4969,65
975124,Mouse,5669,66
975191,Mouse,3963,64
975203,Mouse,4808,65
975286,Mouse,5487,66
975300,Mouse,4680,65
975439,Mouse,4677,65
975536,Mouse,3660,64
975542,Mouse,4531,65
975650,Mouse,5448,66
975667,Mouse,5390,70
975763,Mouse,3401,64
975783,Mouse,4175,64
975814,Mouse,5269,65
975835,Mouse,3755,65
975983,Mouse,4488,65
976138,Mouse,3953,67
976166,Mouse,3684,64
976264,Mouse,3945,67
976296,Mouse,3361,64
976429,Mouse,5162,65
976467,Mouse,5610,67
976555,Mouse,5765,68
976569,Mouse,3252,67
976592,Mouse,4459,72
976654,Mouse,4476,68
976667,Mouse,5354,71
976756,Mouse,5764,71
976761,Elephant,546025,1165
976802,Mouse,4406,70
976809,Mouse,3644,64
976953,Mouse,4387,69
976968,Mouse,4477,65
977023,Mouse,4755,65
977035,Elephant,186401,770
977039,Mouse,4402,65
977063,Mouse,3699,64
977100,Mouse,4998,65
977175,Mouse,4204,68
977202,Mouse,3450,64
977227,Mouse,5529,70
977335,Mouse,5311,65
977367,Mouse,4424,65
977838,Mouse,3261,67
977848,Mouse,3073,64
977881,Mouse,4335,69
977892,Mouse,3539,74
977940,Mouse,5550,70
977976,Elephant,414633,996
977981,Mouse,4883,66
978016,Mouse,4082,69
978020,Mouse,3656,68
978158,Mouse,4641,65
978237,Mouse,3668,64
978270,Mouse,4252,64
978324,Mouse,3106,64
978443,Mouse,4790,69
978451,Mouse,5331,65
978504,Mouse,5231,65
978591,Mouse,3172,66
978593,Mouse,4744,67
978657,Mouse,5234,67
978700,Mouse,5216,70
978775,Mouse,3649,67
978781,Elephant,366149,936
978845,Mouse,5633,66
978910,Mouse,4539,65
978983,Mouse,3094,64
979005,Mouse,4219,64
979017,Mouse,5742,66
979194,Mouse,5458,66
979205,Mouse,5463,66
979416,Mouse,3473,64
979454,Elephant,107656,468
979482,Mouse,4564,67
979522,Mouse,3125,66
979573,Mouse,4028,67
979595,Mouse,4833,69
979792,Mouse,3142,72
979852,Mouse,3865,72
979882,Mouse,4862,80
979949,Mouse,4436,87
979982,Elephant,225379,755
979985,Mouse,3657,86
980037,Mouse,4386,74
980147,Mouse,5191,70
980391,Mouse,3773,107
980437,Mouse,4588,116
980447,Mouse,3405,112
980460,Mouse,3824,107
980573,Elephant,473946,1375
980651,Mouse,5280,80
980735,Mouse,4975,77
980755,Mouse,3476,67
980843,Mouse,3515,80
980975,Mouse,5325,73
981000,Mouse,5790,73
981009,Mouse,4773,73
981060,Mouse,4939,80
981063,Mouse,5225,85
981133,Elephant,341867,1568
981199,Elephant,188895,1235
981239,Mouse,3795,70
981244,Mouse,3943,73
981292,Mouse,4322,74
981338,Elephant,201352,1394
981383,Mouse,4604,80
981420,Elephant,156424,854
981430,Mouse,5686,71
981507,Mouse,5064,67
981515,Elephant,222440,1078
981634,Mouse,3576,66
981666,Mouse,5391,67
981716,Mouse,3809,69
981757,Elephant,414130,1594
981765,Mouse,3750,64
981775,Mouse,3929,64
981876,Mouse,5489,66
981890,Mouse,5139,65
981939,Mouse,3461,64
981948,Mouse,4319,66
981981,Mouse,5263,68
981983,Mouse,5532,69
982030,Mouse,4412,65
982039,Mouse,4389,68
982168,Mouse,4776,70
982178,Mouse,3342,64
982251,Mouse,3765,66
982265,Mouse,4230,65
982365,Mouse,3876,64
982440,Mouse,4034,65
982491,Mouse,4364,65
982512,Mouse,5699,69
982528,Mouse,4380,68
982570,Mouse,5421,69
982592,Mouse,4754,65
982638,Mouse,5497,66
982671,Mouse,5409,65
982841,Mouse,4648,70
982855,Mouse,4214,64
982873,Mouse,3080,71
982875,Mouse,5186,68
982906,Mouse,4179,67
982954,Mouse,5525,72
982960,Mouse,3747,64
983080,Elephant,464100,1238
983094,Mouse,3331,64
983105,Mouse,3448,68
983117,Mouse,3692,64
983152,Mouse,4273,65
983201,Mouse,4003,65
983405,Mouse,5216,65
983416,Mouse,5451,66
983436,Mouse,5043,65
983477,Mouse,5775,66
983496,Mouse,3369,64
983541,Mouse,4458,65
983591,Mouse,4462,65
983658,Mouse,3727,64
983668,Mouse,3419,64
983742,Mouse,4805,65
983807,Mouse,4106,67
983810,Mouse,3729,68
983816,Mouse,3378,65
983861,Mouse,3838,64
983904,Mouse,3874,65
983926,Mouse,3406,64
984026,Elephant,49491,284
984095,Mouse,4392,65
984120,Mouse,5759,66
984229,Mouse,5515,66
984316,Mouse,3203,64
984509,Mouse,3386,64
984512,Mouse,3376,64
984534,Mouse,3228,64
984615,Mouse,3133,64
984622,Mouse,4140,68
984624,Mouse,4667,71
984673,Mouse,4787,68
984721,Mouse,3335,64
984749,Mouse,3151,64
984885,Mouse,4687,65
984911,Mouse,5482,66
985077,Mouse,5095,65
985169,Mouse,5321,65
985178,Mouse,4830,65
985208,Mouse,4750,65
985215,Mouse,5820,67
985294,Mouse,4450,65
985302,Mouse,3352,64
985390,Mouse,4133,64
985460,Mouse,4996,69
985484,Mouse,5304,65
985520,Mouse,4942,65
985557,Mouse,3355,64
985583,Mouse,5333,69
985613,Mouse,5659,66
985649,Mouse,4462,65
985665,Mouse,4157,68
985675,Elephant,285386,810
985746,Mouse,4357,65
985791,Mouse,3236,64
985872,Mouse,4636,65
985912,Mouse,3891,64
985996,Mouse,4238,64
986071,Mouse,3460,66
986164,Mouse,3023,64
986199,Mouse,4968,70
986280,Mouse,3559,67
986400,Mouse,4488,77
986515,Mouse,5194,69
986679,Mouse,5438,81
986710,Mouse,5292,89
986840,Elephant,317291,925
986845,Mouse,3429,69
986848,Mouse,4892,71
986866,Mouse,5832,71
986957,Elephant,120130,593
987037,Mouse,5348,65
987104,Mouse,3242,69
987127,Mouse,3638,75
987270,Mouse,4735,71
987328,Mouse,4582,75
987412,Mouse,3161,79
987660,Mouse,4810,80
987718,Elephant,341760,1544
987770,Elephant,364902,1450
987775,Mouse,4096,64
987814,Mouse,3255,65
987862,Mouse,5175,65
988001,Mouse,4299,66
988015,Mouse,5329,69
988094,Mouse,4772,83
988122,Mouse,5030,74
988147,Mouse,4239,75
988153,Mouse,3043,72
988169,Mouse,3042,74
988170,Elephant,349031,1351
988238,Mouse,4419,69
988255,Mouse,4362,65
988258,Elephant,89437,517
988282,Mouse,5090,76
988282,Mouse,3591,76
988723,Mouse,3836,86
988815,Mouse,3904,88
988850,Elephant,90902,505
988855,Mouse,3176,83
988922,Mouse,5304,68
988943,Mouse,3738,68
988980,Mouse,3325,69
989002,Elephant,368039,1050
989022,Mouse,5768,73
989060,Mouse,4174,68
989122,Mouse,4908,73
989349,Mouse,3791,71
989385,Mouse,5142,82
989470,Mouse,5204,96
989616,Mouse,3383,74
989685,Mouse,5361,69
989782,Mouse,5589,72
989835,Mouse,5073,83
989927,Mouse,4668,80
989957,Elephant,560863,1856
989978,Mouse,4540,74
990093,Mouse,4106,66
990132,Mouse,5780,79
990333,Mouse,4291,67
990398,Elephant,389026,1479
990455,Mouse,4416,65
990565,Mouse,3588,67
990642,Mouse,5685,70
990651,Elephant,425906,1546
990708,Mouse,4500,65
990757,Mouse,5594,66
990824,Mouse,3941,67
990852,Mouse,4628,65
990863,Mouse,4522,66
990895,Mouse,5226,65
990913,Mouse,3254,65
990919,Mouse,3933,65
990923,Mouse,3395,64
990939,Mouse,5265,66
991134,Mouse,5018,69
991140,Mouse,5768,67
991184,Mouse,3333,65
991232,Mouse,5451,67
991246,Mouse,4703,65
991259,Mouse,4940,69
991283,Mouse,3433,68
991384,Elephant,199559,669
991423,Mouse,3834,65
991427,Mouse,4535,68
991535,Mouse,3259,67
991538,Elephant,86777,413
991629,Mouse,3522,64
991726,Mouse,3817,64
991731,Mouse,3734,64
991780,Mouse,5709,66
991808,Mouse,3447,71
991809,Mouse,5059,72
991854,Mouse,4475,70
991867,Mouse,5010,65
991888,Mouse,4160,66
991921,Mouse,3124,64
991993,Mouse,4880,65
992037,Mouse,5168,66
992043,Mouse,3132,64
992147,Mouse,5204,65
992165,Mouse,3879,64
992196,Mouse,4456,65
992229,Mouse,3878,66
992241,Mouse,3828,64
992396,Mouse,3238,64
992439,Mouse,3906,65
992445,Mouse,5338,65
992469,Mouse,3449,66
992478,Mouse,4230,70
992520,Mouse,3334,69
992580,Mouse,5024,65
992627,Mouse,3843,64
992654,Mouse,3280,66
992732,Elephant,172361,758
992768,Mouse,5489,66
992856,Mouse,5047,65
992908,Mouse,4813,65
993142,Mouse,4137,64
993157,Mouse,3680,64
993265,Mouse,3876,64
993405,Mouse,5345,66
993437,Mouse,3599,65
993480,Mouse,5413,70
993531,Mouse,3497,64
993593,Mouse,4139,64
993676,Mouse,3236,64
993679,Mouse,4319,65
993692,Elephant,85670,411
993727,Mouse,3529,66
993740,Mouse,5212,65
993839,Mouse,3414,64
993855,Mouse,4952,66
993886,Mouse,3159,64
993915,Mouse,3564,64
993952,Mouse,3794,64
993981,Mouse,4850,66
994002,Mouse,4855,65
994017,Mouse,3834,64
994202,Mouse,4681,65
994220,Mouse,3379,64
994306,Mouse,4691,65
994338,Mouse,4093,70
994422,Elephant,39782,242
994609,Mouse,4455,65
994665,Mouse,4377,65
994737,Mouse,5570,70
994813,Mouse,3509,67
994866,Mouse,3690,70
994876,Mouse,3801,75
994886,Mouse,5445,80
995007,Mouse,5593,71
995029,Elephant,64438,356
995067,Mouse,5774,72
995092,Mouse,3658,69
995154,Mouse,4946,67
995181,Mouse,3189,70
995234,Mouse,4769,74
995237,Elephant,370992,1013
995320,Mouse,4185,64
995347,Elephant,130032,659
995429,Mouse,3050,64
995530,Mouse,3220,67
995537,Mouse,3349,64
995562,Mouse,3388,64
995673,Mouse,5058,69
995691,Mouse,4372,65
995705,Mouse,3168,66
995887,Mouse,3389,69
995947,Mouse,3405,74
995995,Mouse,5428,80
996063,Mouse,4634,89
996105,Mouse,5169,99
996154,Mouse,4245,110
996334,Mouse,5200,91
996339,Mouse,4212,87
996413,Mouse,5833,73
996469,Elephant,216248,961
996502,Mouse,3731,67
996510,Mouse,4227,66
996529,Mouse,4150,68
996555,Mouse,5158,70
996636,Mouse,5690,74
996686,Mouse,3409,83
996714,Mouse,5358,75
996966,Elephant,485703,1547
997110,Mouse,4911,68
997210,Mouse,5626,81
997211,Mouse,5617,79
997380,Mouse,3506,74
997596,Mouse,5404,106
997650,Mouse,5317,101
997739,Mouse,4112,66
997772,Mouse,4591,71
997798,Mouse,4875,72
997870,Mouse,5749,73
997917,Mouse,4927,80
997990,Elephant,483267,1382
998026,Mouse,4451,94
998066,Mouse,5285,80
998077,Mouse,5006,75
998104,Mouse,3032,68
998113,Mouse,4464,67
998115,Mouse,3723,66
998135,Mouse,5306,76
998142,Mouse,3467,73
998154,Mouse,5462,76
998190,Mouse,4261,77
998231,Mouse,4008,68
998258,Mouse,4634,68
998340,Mouse,5365,75
998368,Mouse,3229,75
998388,Mouse,4215,77
998402,Mouse,3744,78
998428,Mouse,4020,84
998481,Mouse,3015,85
998510,Mouse,4766,81
998579,Mouse,4627,88
998600,Mouse,3082,96
998637,Mouse,5376,91
998742,Mouse,3530,72
998842,Mouse,4159,83
998937,Mouse,3122,89
998954,Mouse,5516,94
999001,Mouse,4417,98
999025,Mouse,3244,96
999106,Mouse,5531,80
999137,Elephant,446402,2118
999241,Mouse,3452,66
999351,Mouse,5388,70
999387,Mouse,5448,75
999402,Mouse,5246,79
999440,Mouse,5291,85
999450,Mouse,5146,88
999460,Mouse,4477,89
999463,Mouse,3411,88
999478,Mouse,5257,96
999513,Mouse,3531,89
999513,Mouse,3799,90
999524,Mouse,5228,92
999591,Mouse,4510,81
999663,Mouse,5817,87
999669,Mouse,5744,91
999718,Mouse,3468,81
999759,Mouse,5293,78
999830,Mouse,4021,69
999961,Mouse,3981,76
999966,Mouse,4273,79
1000026,Mouse,3979,80
1000060,Mouse,3731,73
1000076,Elephant,540710,2436
1000363,Elephant,109066,479