CompletionTime_us,FlowType,SizeBytes,FCT_us
100074,Mouse,3393,74
100077,Mouse,4329,77
100080,Mouse,4939,80
100081,Mouse,5282,81
100091,Mouse,3661,64
100137,Mouse,5051,65
100152,Mouse,4864,65
100218,Mouse,3839,64
100274,Mouse,3335,66
100289,Mouse,3517,66
100306,Mouse,3015,64
100346,Mouse,4039,64
100381,Mouse,3242,72
100388,Mouse,4789,68
100516,Mouse,4241,66
100528,Mouse,4141,66
100556,Mouse,4113,72
100781,Mouse,3331,83
100802,Mouse,3085,88
100991,Mouse,4747,125
101146,Mouse,4320,143
101324,Mouse,3630,138
101340,Mouse,3374,144
101411,Mouse,3491,133
101430,Elephant,410860,1430
101483,Mouse,5238,122
101513,Mouse,4015,103
101640,Mouse,3342,77
101646,Mouse,4922,81
101671,Mouse,4933,79
101731,Mouse,5153,84
101768,Elephant,458632,1604
101796,Mouse,5657,80
101803,Mouse,3621,83
101861,Mouse,3571,72
101869,Elephant,522395,1614
101873,Mouse,5174,70
101930,Mouse,3664,64
101947,Mouse,5361,70
102080,Elephant,266048,1227
102165,Mouse,5467,66
102193,Mouse,4477,65
102231,Mouse,5194,67
102234,Mouse,4773,67
102250,Mouse,4763,65
102289,Mouse,3939,65
102294,Mouse,4876,66
102298,Mouse,3122,64
102307,Mouse,3713,64
102310,Mouse,3648,65
102366,Mouse,3592,64
102388,Mouse,5426,65
102401,Mouse,3497,65
102624,Mouse,3782,67
102666,Mouse,5466,69
102693,Mouse,4788,70
102710,Mouse,5077,70
102752,Mouse,4075,66
102762,Elephant,126192,510
102872,Mouse,4379,72
102905,Elephant,185842,639
102965,Mouse,3361,67
103057,Mouse,4284,65
103098,Mouse,5257,67
103144,Mouse,4973,71
103217,Mouse,4928,68
103241,Mouse,4651,65
103357,Mouse,3047,66
103410,Mouse,4051,64
103430,Mouse,4739,65
103438,Mouse,5594,71
103460,Mouse,4270,65
103508,Mouse,4067,64
103671,Mouse,4748,69
103944,Mouse,3588,69
103953,Mouse,4302,65
103969,Elephant,425161,1211
104191,Mouse,4765,65
104198,Mouse,5158,67
104244,Mouse,4926,65
104323,Mouse,4942,68
104493,Mouse,4168,74
104569,Mouse,3543,71
104614,Mouse,4794,83
104645,Mouse,3800,91
104672,Mouse,3601,97
104741,Mouse,4486,106
104767,Mouse,4342,115
104789,Elephant,184806,723
104815,Mouse,5064,113
104831,Mouse,4616,112
104842,Mouse,5087,115
105024,Elephant,211901,831
105093,Elephant,205712,775
105102,Mouse,3275,64
105394,Mouse,3790,65
105469,Elephant,413470,1303
105478,Mouse,3717,65
105487,Mouse,3156,64
105530,Mouse,5151,65
105546,Mouse,5549,66
105578,Mouse,3275,64
105747,Mouse,5505,66
105801,Mouse,3656,64
105835,Mouse,3210,64
105992,Mouse,5134,71
105996,Mouse,3672,72
106085,Mouse,3325,67
106115,Mouse,4660,74
106120,Mouse,3858,76
106130,Mouse,3464,80
106142,Mouse,3332,83
106197,Mouse,4476,84
106223,Mouse,3659,87
106237,Mouse,4294,86
106302,Mouse,3501,90
106444,Mouse,3819,103
106523,Mouse,3651,126
106534,Mouse,3284,129
106692,Mouse,4144,118
106702,Elephant,211843,910
106719,Mouse,4175,116
106745,Mouse,3606,123
106783,Mouse,5458,117
106832,Mouse,5838,121
107024,Mouse,5674,113
107059,Mouse,3574,112
107071,Mouse,3288,112
107150,Mouse,5342,115
107167,Mouse,3361,115
107177,Mouse,5568,119
107189,Mouse,5435,123
107192,Elephant,385581,1461
107205,Mouse,5551,121
107303,Mouse,5563,77
107350,Mouse,3075,86
107358,Elephant,396504,1539
107532,Mouse,3083,84
107674,Mouse,3071,95
107758,Mouse,5048,105
107831,Mouse,4603,116
107838,Elephant,359211,1788
107896,Mouse,5126,88
108032,Mouse,3706,84
108170,Elephant,437240,1803
108215,Elephant,217505,884
108304,Mouse,4042,70
108317,Mouse,4091,73
108338,Mouse,4227,67
108380,Mouse,5492,69
108388,Mouse,4904,77
108410,Mouse,4963,66
108433,Elephant,558490,2144
108483,Elephant,52843,337
108601,Mouse,4410,65
108604,Mouse,3950,65
108611,Mouse,3914,64
108766,Mouse,3057,64
108830,Mouse,5125,65
108911,Mouse,4479,65
108918,Mouse,3328,64
108955,Mouse,5169,66
108974,Mouse,5050,65
109041,Mouse,5626,70
109088,Mouse,4279,74
109174,Mouse,3883,64
109220,Mouse,3824,66
109330,Mouse,5286,75
109364,Mouse,4150,78
109384,Mouse,3026,79
109417,Mouse,4862,85
109537,Mouse,5494,100
109600,Mouse,4059,112
109798,Mouse,3467,114
109831,Mouse,3404,115
109866,Mouse,5433,120
109900,Mouse,3514,122
109928,Mouse,3924,128
109997,Mouse,4567,130
110054,Mouse,5066,125
110085,Mouse,5568,124
110123,Elephant,521384,1503
110143,Mouse,3865,109
110329,Mouse,3262,97
110484,Mouse,4141,115
110528,Elephant,278986,1341
110553,Mouse,4839,116
110627,Mouse,5827,100
110636,Mouse,3025,102
110655,Elephant,584938,1841
110706,Mouse,5416,84
110729,Mouse,4634,68
110771,Mouse,4608,77
110805,Mouse,3326,70
110876,Mouse,3374,76
110885,Mouse,3051,79
110922,Mouse,3574,83
110953,Elephant,300421,1591
111020,Mouse,3765,86
111069,Mouse,5745,83
111097,Mouse,5379,90
111163,Mouse,3005,105
111189,Mouse,5830,111
111193,Mouse,5065,113
111214,Elephant,297625,1487
111251,Elephant,241030,1180
111252,Mouse,5677,98
111260,Mouse,4293,91
111274,Mouse,3065,90
111277,Mouse,3962,94
111295,Mouse,5550,80
111455,Mouse,5016,68
111524,Mouse,3476,66
111548,Mouse,3887,68
111568,Mouse,4210,71
111570,Mouse,3762,72
111626,Mouse,5270,78
111700,Mouse,4191,79
111780,Mouse,3316,83
111803,Mouse,5383,90
111902,Elephant,284784,1751
111911,Elephant,163184,896
112091,Mouse,4528,72
112113,Mouse,3254,66
112156,Mouse,4702,68
112166,Elephant,526813,1317
112168,Mouse,3401,68
112172,Mouse,5580,70
112261,Mouse,5092,65
112306,Mouse,4365,68
112321,Mouse,5492,66
112382,Mouse,5035,70
112430,Mouse,5290,72
112506,Mouse,5024,69
112532,Mouse,4152,66
112600,Mouse,3124,66
112688,Elephant,256522,772
112699,Mouse,3478,64
112888,Elephant,164083,590
112898,Mouse,4376,69
113152,Mouse,5687,67
113277,Mouse,4594,65
113322,Mouse,4203,76
113325,Mouse,4582,75
113373,Mouse,5187,82
113390,Mouse,3609,71
113400,Elephant,212489,698
113422,Mouse,5552,80
113524,Mouse,4331,66
113599,Mouse,3842,72
113611,Mouse,5085,71
113665,Mouse,5244,70
113696,Mouse,3566,76
113709,Mouse,3911,77
113743,Mouse,3078,87
113791,Mouse,3232,95
113880,Elephant,169970,692
113936,Mouse,3623,90
114065,Elephant,64324,426
114097,Mouse,4227,92
114171,Mouse,4189,88
114176,Mouse,5652,88
114261,Mouse,3692,91
114360,Elephant,591568,1392
114388,Mouse,4261,80
114442,Mouse,3803,74
114445,Mouse,5387,76
114576,Elephant,458654,1244
114588,Mouse,4322,65
114604,Mouse,3442,68
114656,Mouse,3668,64
114668,Mouse,3360,64
114829,Mouse,4705,74
114840,Mouse,3615,66
114841,Mouse,4795,68
114929,Mouse,5366,66
114932,Mouse,3747,64
115035,Mouse,4443,70
115094,Mouse,5708,74
115148,Mouse,3270,74
115153,Elephant,58235,351
115183,Mouse,4606,75
115188,Mouse,3121,75
115200,Mouse,5064,77
115213,Mouse,3282,73
115241,Mouse,3170,76
115302,Mouse,3644,66
115333,Mouse,4521,74
115335,Elephant,377578,999
115403,Mouse,5279,68
115460,Mouse,5169,71
115545,Mouse,5048,66
115630,Mouse,4753,67
115682,Mouse,3313,67
115768,Mouse,3535,66
115815,Mouse,3292,65
115817,Mouse,4217,67
115915,Elephant,534980,1167
115972,Mouse,4942,65
115997,Mouse,3036,64
116101,Mouse,5518,66
116202,Mouse,3212,64
116255,Mouse,5729,66
116370,Mouse,3655,64
116473,Mouse,4972,65
116628,Mouse,4681,65
116677,Mouse,3744,64
116689,Mouse,4664,65
116741,Mouse,4190,64
116820,Mouse,5321,65
116875,Mouse,4027,64
116894,Mouse,4662,66
116944,Mouse,5246,71
116977,Mouse,5490,66
117031,Mouse,3263,65
117060,Mouse,5001,68
117065,Mouse,3296,67
117074,Mouse,3137,67
117220,Elephant,72650,368
117268,Mouse,5796,66
117290,Mouse,5678,71
117302,Elephant,128007,515
117308,Mouse,3805,64
117385,Mouse,3196,64
117437,Mouse,3558,65
117473,Mouse,4882,65
117518,Mouse,4182,65
117857,Mouse,5150,75
117913,Mouse,4823,76
117963,Mouse,5541,66
118076,Elephant,423777,1082
118157,Mouse,5435,66
118217,Mouse,5327,65
118239,Mouse,3644,64
118335,Mouse,4765,65
118352,Mouse,3842,64
118374,Mouse,4421,70
118465,Mouse,4584,69
118544,Mouse,4696,68
118558,Mouse,4390,70
118564,Mouse,4280,74
118717,Mouse,5177,75
118821,Mouse,4283,75
118864,Elephant,93746,488
118921,Mouse,3970,75
118924,Mouse,4726,79
118935,Mouse,5100,83
118999,Mouse,5656,85
119047,Elephant,225483,816
119078,Mouse,3375,87
119125,Mouse,3681,76
119154,Mouse,3426,68
119180,Mouse,4996,66
119234,Mouse,3725,69
119250,Mouse,3373,68
119273,Mouse,4585,70
119274,Mouse,3616,70
119287,Elephant,63978,362
119362,Mouse,5557,66
119395,Mouse,5592,68
119475,Mouse,5687,70
119541,Mouse,3683,67
119673,Mouse,5533,67
119722,Mouse,4384,73
119743,Mouse,4792,81
119745,Mouse,3389,82
119754,Elephant,555621,1239
119814,Mouse,5121,71
119943,Mouse,5168,67
119998,Mouse,3730,65
120001,Mouse,5657,67
120085,Mouse,5515,66
120163,Elephant,121157,515
120191,Mouse,4707,70
120262,Mouse,3141,64
120280,Elephant,177452,633
120344,Mouse,4403,69
120585,Mouse,4013,66
120596,Mouse,4868,66
120625,Mouse,3975,67
120796,Mouse,3753,67
120808,Mouse,4274,71
120892,Mouse,3390,67
120925,Elephant,133419,539
121009,Mouse,5253,69
121191,Mouse,4747,73
121233,Mouse,3225,72
121353,Elephant,545815,1162
121458,Mouse,5475,68
121466,Mouse,5219,65
121469,Mouse,4151,65
121513,Mouse,4667,66
121529,Mouse,5816,67
121543,Mouse,5369,74
121544,Mouse,5712,75
121669,Mouse,5221,65
121675,Mouse,4832,68
121770,Elephant,235219,739
121827,Mouse,4023,64
121884,Mouse,4831,65
121888,Mouse,4448,65
121950,Mouse,3461,64
122096,Mouse,3162,64
122120,Mouse,4651,65
122225,Mouse,5629,67
122227,Mouse,3900,66
122260,Mouse,5154,65
122304,Mouse,5297,66
122323,Mouse,3197,67
122356,Mouse,5190,65
122364,Mouse,4127,66
122428,Mouse,5558,67
122456,Mouse,4377,67
122612,Mouse,4578,65
122680,Elephant,281499,808
122743,Mouse,5329,65
122751,Mouse,5695,66
122765,Mouse,3632,64
122848,Mouse,4977,65
122876,Mouse,5178,65
122971,Mouse,3023,64
123008,Mouse,4207,67
123096,Mouse,5247,67
123107,Mouse,3494,68
123114,Mouse,5208,65
123149,Mouse,5141,70
123211,Mouse,3783,64
123353,Mouse,4380,68
123442,Mouse,5702,72
123442,Mouse,3361,70
123583,Mouse,4735,81
123597,Mouse,3924,82
123686,Mouse,5522,96
123709,Mouse,3574,89
123762,Elephant,261644,864
123767,Mouse,5712,93
123770,Mouse,3151,94
123778,Mouse,5406,98
123810,Elephant,167465,670
123829,Mouse,3909,85
123836,Elephant,259180,841
123853,Mouse,3357,82
124027,Mouse,5220,67
124076,Mouse,5472,69
124168,Mouse,4991,74
124171,Mouse,3602,66
124177,Mouse,3939,64
124247,Mouse,4540,72
124279,Mouse,4220,68
124298,Elephant,49707,299
124306,Mouse,3160,69
124333,Mouse,4433,66
124391,Elephant,168904,624
124406,Mouse,5782,66
124457,Mouse,3698,64
124537,Mouse,5354,65
124607,Mouse,5420,65
124730,Mouse,3806,67
124915,Mouse,5687,69
124935,Mouse,4208,64
125003,Mouse,5385,67
125067,Elephant,192996,663
125100,Mouse,3192,67
125129,Mouse,5577,66
125162,Mouse,4812,65
125169,Mouse,5042,65
125268,Elephant,95725,455
125401,Mouse,3714,64
125477,Elephant,85605,410
125485,Mouse,5563,66
125632,Mouse,4519,71
125824,Mouse,5547,66
125847,Mouse,4703,71
125853,Mouse,3422,72
126089,Mouse,5802,74
126107,Mouse,3465,68
126142,Mouse,4557,72
126201,Mouse,4923,70
126235,Mouse,3070,69
126267,Mouse,4305,74
126276,Mouse,4805,77
126423,Mouse,5154,82
126459,Elephant,502788,1163
126467,Mouse,3363,76
126542,Mouse,3243,64
126561,Mouse,5792,69
126622,Mouse,5607,74
126636,Mouse,3419,77
126645,Mouse,3379,72
126674,Elephant,439208,1168
126724,Mouse,3648,64
126735,Mouse,5747,66
126854,Mouse,4575,65
126860,Mouse,5060,65
126899,Mouse,5805,67
126907,Mouse,5726,66
127110,Mouse,4671,69
127119,Elephant,187987,654
127131,Mouse,5748,82
127133,Mouse,5775,82
127231,Mouse,4169,64
127350,Mouse,4745,65
127388,Mouse,5741,66
127426,Mouse,3987,67
127462,Elephant,101814,458
127497,Mouse,3962,64
127528,Mouse,3813,64
127587,Mouse,4140,66
127590,Mouse,5323,67
127635,Mouse,4149,65
127651,Mouse,4579,66
127661,Mouse,4387,71
127675,Mouse,3595,64
127765,Mouse,5088,65
127917,Mouse,5109,70
127957,Mouse,3034,66
128057,Mouse,5280,70
128085,Mouse,3137,66
128139,Mouse,5273,68
128207,Mouse,4018,64
128299,Mouse,3071,68
128327,Mouse,3191,67
128507,Mouse,5394,70
128576,Mouse,4392,78
128621,Mouse,5349,80
128677,Mouse,3235,85
128755,Mouse,3806,73
128829,Mouse,3937,64
128835,Elephant,588394,1333
128874,Mouse,3104,65
128877,Mouse,3809,67
128879,Mouse,3619,67
129023,Elephant,400395,1102
129068,Mouse,3945,64
129151,Mouse,3304,64
129188,Mouse,5395,65
129195,Mouse,4420,66
129264,Mouse,5354,65
129278,Mouse,4169,64
129289,Mouse,4491,69
129309,Mouse,3092,64
129393,Mouse,4931,68
129395,Mouse,4835,69
129513,Mouse,3103,64
129521,Mouse,4748,68
129569,Mouse,4848,67
129574,Mouse,4820,69
129584,Mouse,4251,70
129591,Mouse,3961,74
129606,Mouse,3520,64
129700,Mouse,3143,64
129735,Mouse,4927,69
129759,Mouse,4735,70
129815,Mouse,5525,76
129860,Elephant,197573,685
129887,Mouse,3532,64
129900,Mouse,3931,65
129946,Mouse,3216,64
129983,Mouse,4991,69
130076,Mouse,3884,67
130086,Mouse,5672,67
130110,Mouse,3209,69
130171,Mouse,4981,65
130208,Mouse,3346,66
130384,Elephant,477747,1091
130669,Mouse,4148,67
130677,Mouse,5638,71
130705,Mouse,3710,66
130713,Mouse,4528,69
130722,Elephant,236092,737
130909,Mouse,4513,65
130924,Mouse,3564,64
131071,Mouse,5428,75
131097,Mouse,5204,68
131097,Mouse,3513,67
131130,Mouse,4956,72
131248,Mouse,3610,68
131287,Mouse,4908,65
131324,Mouse,5122,71
131378,Mouse,3384,73
131404,Elephant,191509,654
131480,Mouse,3179,75
131482,Mouse,4166,74
131586,Elephant,142416,565
131668,Mouse,5102,68
131700,Mouse,5541,72
131750,Mouse,4696,73
131774,Mouse,3294,67
131831,Mouse,4784,76
131853,Mouse,3765,73
131874,Elephant,70731,382
131897,Mouse,3172,64
131899,Elephant,408923,1034
131920,Mouse,4914,65
131986,Mouse,3954,64
132038,Mouse,3290,64
132043,Mouse,3517,64
132058,Mouse,5274,65
132165,Mouse,3428,64
132175,Mouse,3680,64
132459,Mouse,3002,67
132467,Mouse,4332,66
132484,Mouse,4198,68
132644,Mouse,3558,66
132671,Mouse,4026,68
132682,Mouse,5046,73
132697,Mouse,3755,67
132900,Mouse,5745,70
132929,Mouse,4236,69
133061,Mouse,5674,70
133097,Mouse,3375,72
133130,Mouse,5840,75
133142,Mouse,5216,79
133250,Mouse,5738,77
133268,Mouse,3621,79
133358,Elephant,394341,1026
133411,Elephant,545955,1412
133419,Mouse,5740,67
133423,Mouse,4430,66
133444,Mouse,5643,68
133469,Mouse,5354,66
133510,Mouse,5804,66
133515,Mouse,4950,65
133534,Elephant,40958,271
133535,Mouse,3677,67
133649,Mouse,4677,65
133869,Mouse,3125,64
133878,Mouse,3422,64
134016,Elephant,200346,671
134021,Mouse,4699,65
134095,Mouse,4841,65
134309,Mouse,4367,67
134318,Mouse,5722,66
134335,Mouse,3193,67
134350,Mouse,3106,70
134420,Mouse,4348,69
134504,Mouse,5402,70
134580,Mouse,5111,67
134638,Mouse,4100,67
134830,Mouse,4801,75
134964,Mouse,4134,75
135078,Mouse,4545,87
135124,Mouse,4104,93
135129,Elephant,580130,1257
135213,Mouse,5258,65
135222,Mouse,4540,65
135268,Elephant,495237,1390
135327,Mouse,4501,65
135334,Mouse,5336,65
135448,Mouse,3538,64
135488,Mouse,3585,66
135554,Mouse,4335,65
135560,Mouse,4800,65
135588,Mouse,3791,64
135621,Mouse,4328,69
135668,Mouse,5561,69
135749,Mouse,3872,67
135766,Mouse,5218,65
135803,Mouse,4584,65
135883,Elephant,187371,637
135887,Mouse,3360,64
135959,Mouse,4805,67
135969,Mouse,4750,65
136069,Mouse,3939,64
136273,Mouse,5161,73
136289,Mouse,5409,67
136381,Mouse,4211,67
136406,Mouse,4820,74
136420,Mouse,4796,69
136472,Mouse,5142,74
136493,Mouse,4790,72
136581,Mouse,3571,69
136631,Mouse,3689,73
136646,Mouse,4690,75
136785,Elephant,413365,1031
136883,Elephant,374416,997
136980,Mouse,5454,66
137007,Mouse,5773,66
137022,Mouse,4809,66
137041,Mouse,5839,68
137050,Mouse,5346,66
137058,Mouse,3098,64
137072,Mouse,5052,65
137085,Mouse,4302,70
137240,Mouse,5514,69
137264,Mouse,3676,64
137293,Mouse,3169,72
137341,Mouse,5825,72
137347,Mouse,3048,72
137357,Mouse,4542,67
137472,Elephant,113518,502
137477,Mouse,5304,65
137596,Mouse,5439,74
137819,Mouse,3516,70
137824,Mouse,3204,72
137857,Mouse,4410,74
137859,Mouse,4264,74
137873,Mouse,5131,81
137899,Mouse,5294,82
137996,Mouse,5813,71
138031,Mouse,3946,66
138096,Mouse,4732,68
138141,Mouse,5397,69
138163,Mouse,5771,73
138211,Mouse,3004,73
138237,Elephant,460675,1147
138248,Mouse,5012,68
138368,Mouse,4412,70
138391,Elephant,413474,1220
138451,Mouse,5096,65
138472,Mouse,3222,64
138479,Mouse,5076,65
138489,Mouse,4986,65
138588,Mouse,5152,65
138704,Mouse,5372,65
138752,Mouse,3625,64
138796,Mouse,5294,66
138803,Mouse,5760,66
138863,Mouse,5473,66
138904,Mouse,3446,65
138994,Mouse,3679,64
139104,Mouse,3432,64
139159,Mouse,3393,67
139196,Elephant,113621,492
139247,Mouse,3221,64
139251,Mouse,4151,64
139275,Mouse,3840,64
139278,Mouse,3787,64
139464,Mouse,4560,65
139470,Mouse,4300,65
139491,Mouse,3760,64
139545,Mouse,3663,64
139559,Mouse,3040,64
139607,Mouse,3871,65
139610,Mouse,4566,67
139653,Mouse,4368,67
139660,Mouse,3031,64
139744,Mouse,5145,65
139788,Mouse,3322,69
139799,Mouse,4629,65
139833,Mouse,4605,65
139893,Mouse,5422,65
139909,Mouse,4694,65
139980,Mouse,3525,64
140049,Mouse,3551,64
140057,Mouse,3041,64
140132,Mouse,3604,64
140146,Mouse,5189,65
140158,Mouse,4182,64
140300,Mouse,3661,64
140377,Mouse,5615,67
140380,Mouse,4809,67
140493,Mouse,4351,65
140519,Mouse,3725,64
140522,Mouse,3077,65
140599,Mouse,4302,65
140673,Mouse,4048,64
140740,Mouse,3399,64
140771,Mouse,5145,70
140794,Mouse,3217,64
140859,Mouse,3325,64
140879,Mouse,3631,64
140903,Mouse,5061,70
140910,Mouse,4114,70
140913,Mouse,3279,69
141033,Mouse,5756,69
141135,Mouse,3690,64
141328,Elephant,314020,886
141365,Mouse,4843,65
141424,Mouse,4418,66
141570,Mouse,3586,71
141581,Mouse,3937,64
141599,Mouse,4659,67
141715,Mouse,3596,70
141719,Mouse,5386,69
141967,Mouse,5370,71
142033,Mouse,5739,76
142042,Mouse,4322,75
142093,Mouse,5375,83
142106,Elephant,327995,917
142126,Mouse,3011,76
142143,Mouse,4062,73
142317,Mouse,3927,66
142371,Mouse,3363,68
142383,Mouse,3274,72
142412,Mouse,5742,71
142453,Mouse,3500,70
142472,Elephant,494563,1148
142535,Mouse,5812,66
142673,Mouse,3532,67
142674,Mouse,5722,69
142698,Elephant,168846,608
142742,Mouse,5425,70
142782,Mouse,4627,65
142929,Mouse,3894,67
143017,Mouse,4480,68
143079,Mouse,4150,64
143101,Mouse,3848,68
143159,Mouse,5716,66
143204,Mouse,5216,66
143209,Mouse,5425,65
143282,Mouse,4299,65
143328,Mouse,5039,67
143387,Mouse,3941,64
143460,Mouse,4201,65
143491,Mouse,5398,70
143502,Mouse,4965,73
143558,Mouse,5119,72
143648,Mouse,4802,69
143651,Mouse,4034,68
143678,Mouse,4262,69
143706,Elephant,362065,932
143726,Mouse,3835,69
143835,Mouse,5074,66
143842,Mouse,4314,68
143885,Mouse,5646,69
143968,Mouse,3597,65
144009,Mouse,5341,69
144018,Mouse,4050,67
144041,Mouse,5059,67
144061,Mouse,3716,69
144081,Mouse,3991,67
144098,Mouse,5198,70
144128,Elephant,145780,555
144130,Mouse,4241,69
144140,Mouse,3728,70
144195,Mouse,3815,67
144208,Mouse,5262,65
144227,Mouse,5729,68
144320,Mouse,5366,68
144343,Mouse,3454,64
144441,Mouse,4000,69
144452,Mouse,4014,67
144544,Mouse,5463,68
144559,Mouse,5010,74
144579,Mouse,5404,68
144607,Mouse,3461,69
144613,Mouse,5073,72
144717,Mouse,5799,71
144748,Mouse,5785,68
144778,Mouse,3146,73
144781,Mouse,3418,72
144786,Elephant,558835,1194
144809,Mouse,3907,65
144832,Mouse,3329,72
144833,Mouse,5779,74
144861,Mouse,3175,64
144944,Mouse,4232,64
144964,Mouse,5619,66
144973,Mouse,4191,64
145177,Mouse,5370,65
145207,Mouse,3906,64
145367,Mouse,4948,75
145377,Mouse,4740,78
145419,Mouse,5190,79
145523,Mouse,4741,69
145582,Mouse,3530,66
145647,Mouse,3225,68
145801,Elephant,299384,853
145918,Mouse,5088,69
145942,Mouse,3174,70
145949,Mouse,4837,71
145951,Mouse,5229,72
145988,Mouse,3910,81
146115,Elephant,102984,483
146122,Mouse,4243,69
146159,Elephant,291368,920
146306,Mouse,4706,65
146395,Mouse,4894,65
146446,Mouse,5007,65
146460,Mouse,4500,66
146467,Mouse,5601,66
146477,Mouse,4041,64
146631,Mouse,5251,70
146651,Mouse,4604,65
146681,Mouse,3175,69
146681,Mouse,3654,69
146692,Mouse,4987,65
146777,Mouse,4164,64
146934,Mouse,3121,66
146958,Mouse,4792,65
146989,Mouse,3778,67
147210,Mouse,5736,72
147251,Mouse,4411,69
147447,Mouse,3194,64
147488,Mouse,4857,75
147526,Mouse,3724,75
147534,Mouse,4626,77
147566,Mouse,3338,78
147679,Mouse,3830,76
147693,Mouse,4470,82
147714,Elephant,584321,1324
147758,Mouse,3774,87
147764,Mouse,3287,66
147848,Mouse,3308,69
147899,Mouse,4956,72
147996,Mouse,3257,71
148048,Mouse,4219,79
148070,Elephant,318329,910
148116,Mouse,3254,74
148128,Elephant,184860,690
148144,Mouse,5661,70
148174,Mouse,4787,68
148388,Mouse,5201,74
148622,Mouse,4945,68
148639,Elephant,285986,887
148793,Mouse,4401,70
148848,Mouse,4757,70
148955,Elephant,243663,778
149082,Mouse,4127,67
149091,Mouse,5336,65
149163,Mouse,3281,67
149248,Elephant,334917,952
149274,Mouse,5106,67
149349,Mouse,5561,66
149401,Mouse,4195,64
149406,Mouse,3864,64
149414,Mouse,4802,65
149466,Mouse,5711,66
149511,Mouse,3082,64
149519,Mouse,3856,66
149554,Mouse,3379,65
149618,Mouse,5053,70
149873,Elephant,85266,411
150110,Mouse,4175,64
150166,Mouse,3827,68
150235,Mouse,5770,76
150239,Mouse,5694,78
150347,Elephant,338227,897
150358,Mouse,3431,70
150433,Mouse,4138,65
150500,Mouse,3919,68
150526,Mouse,5219,73
150539,Mouse,4348,69
150615,Mouse,4827,74
150857,Mouse,3476,95
150890,Mouse,4442,107
150934,Mouse,5374,109
150976,Elephant,339849,999
151023,Mouse,4580,93
151112,Mouse,3641,65
151183,Mouse,5298,74
151239,Elephant,179649,831
151275,Mouse,4014,67
151376,Mouse,3956,69
151419,Elephant,450107,1237
151451,Mouse,4744,74
151481,Mouse,3383,68
151492,Mouse,3320,69
151587,Mouse,4127,67
151655,Mouse,3895,68
151695,Mouse,5336,73
151705,Mouse,3477,72
151713,Mouse,3386,75
151755,Mouse,3528,82
151798,Elephant,142337,574
151820,Mouse,5181,80
151880,Mouse,5766,67
151928,Mouse,4372,71
151934,Mouse,3991,67
151945,Mouse,4404,73
151981,Elephant,458517,1374
151990,Mouse,4713,73
152132,Elephant,126076,567
152199,Mouse,5095,65
152224,Mouse,4399,65
152391,Mouse,5806,69
152548,Mouse,3724,64
152554,Mouse,5414,67
152640,Mouse,5749,66
152654,Mouse,3172,68
152704,Mouse,3784,71
152718,Elephant,123806,506
152725,Mouse,4933,65
152782,Mouse,4176,67
152835,Mouse,4184,66
152865,Mouse,3104,67
152904,Mouse,5222,68
152912,Mouse,4152,70
152917,Mouse,3260,71
152934,Mouse,3608,66
152975,Mouse,4749,71
153065,Mouse,5426,67
153072,Mouse,3184,64
153087,Mouse,3885,67
153125,Mouse,3974,67
153178,Mouse,5652,73
153188,Mouse,4935,75
153259,Mouse,3686,67
153272,Mouse,4336,72
153273,Mouse,4525,73
153326,Elephant,554196,1179
153331,Mouse,5488,71
153382,Mouse,3815,67
153466,Mouse,3268,67
153487,Mouse,4633,65
153648,Elephant,107605,466
153748,Mouse,3337,64
153776,Mouse,4874,65
153974,Mouse,3541,64
154116,Mouse,3891,64
154196,Mouse,4708,65
154235,Mouse,4462,65
154297,Mouse,3612,64
154401,Mouse,5689,66
154428,Mouse,5559,66
154524,Mouse,5561,66
154533,Mouse,3014,64
154612,Mouse,4151,64
154749,Mouse,3230,64
155024,Mouse,4741,65
155103,Mouse,4722,65
155115,Mouse,4211,64
155138,Mouse,4382,65
155151,Mouse,5603,67
155154,Mouse,4614,67
155265,Mouse,3910,64
155348,Mouse,4492,69
155404,Mouse,3133,73
155475,Mouse,3781,66
155542,Mouse,3743,70
155549,Mouse,3322,69
155693,Mouse,5501,80
155701,Mouse,5194,85
155704,Mouse,4715,87
155725,Mouse,3740,89
155776,Mouse,4126,103
155970,Mouse,5505,99
156009,Mouse,4175,109
156031,Elephant,550450,1277
156053,Mouse,4209,107
156075,Mouse,4232,113
156174,Mouse,3807,73
156270,Mouse,3242,95
156358,Mouse,3620,102
156398,Mouse,4668,110
156427,Mouse,4445,117
156460,Mouse,4773,124
156488,Mouse,4991,126
156516,Mouse,4975,140
156533,Mouse,3258,140
156565,Mouse,3619,135
156664,Elephant,232135,1103
156707,Elephant,427223,1471
156710,Mouse,3686,97
156727,Mouse,3690,91
156754,Mouse,3085,89
156826,Mouse,4888,73
156964,Elephant,178284,912
157019,Mouse,4789,86
157117,Mouse,5269,86
157139,Mouse,5706,86
157198,Mouse,5046,96
157211,Mouse,3452,102
157279,Mouse,4359,103
157286,Mouse,3132,102
157325,Mouse,4823,115
157332,Mouse,5392,118
157419,Mouse,3511,115
157501,Mouse,3568,110
157564,Mouse,4582,115
157714,Elephant,403566,1547
157734,Mouse,5350,92
157829,Mouse,5456,75
157862,Mouse,4759,80
157882,Elephant,599861,2276
157898,Mouse,4186,79
157956,Elephant,526437,1653
157956,Mouse,3647,67
158002,Mouse,4655,65
158012,Mouse,3172,64
158109,Mouse,3783,64
158116,Mouse,3778,64
158210,Mouse,3973,64
158282,Mouse,4741,65
158337,Mouse,3588,64
158377,Mouse,4847,65
158507,Mouse,5752,66
158546,Mouse,5069,65
158594,Mouse,3112,64
158603,Mouse,4539,65
158648,Mouse,4827,65
158714,Elephant,31361,195
158855,Mouse,4004,67
158898,Mouse,4624,67
159050,Mouse,5338,69
159199,Elephant,102730,457
159205,Mouse,4250,65
159237,Mouse,5340,70
159357,Mouse,4274,68
159446,Mouse,3994,64
159522,Elephant,309639,847
159568,Mouse,5686,66
159603,Mouse,5056,70
159639,Elephant,143875,558
159776,Mouse,4613,65
159877,Mouse,3651,64
160075,Mouse,3880,65
160129,Mouse,4488,65
160219,Mouse,3440,64
160249,Mouse,5442,70
160257,Mouse,4765,65
160278,Mouse,4346,65
160469,Mouse,3120,67
160606,Mouse,4860,69
160674,Mouse,4422,74
160733,Elephant,337090,901
160887,Mouse,5131,69
160945,Mouse,5351,74
160950,Mouse,5695,69
161028,Mouse,5512,69
161039,Mouse,5713,69
161083,Mouse,5790,69
161107,Mouse,5698,68
161123,Mouse,4603,67
161261,Elephant,421964,1021
161290,Mouse,3008,67
161312,Mouse,3782,64
161328,Mouse,3803,64
161396,Mouse,4733,65
161451,Mouse,5135,65
161485,Mouse,3602,64
161489,Mouse,4320,66
161596,Mouse,4487,65
161624,Mouse,5454,66
161645,Mouse,3874,67
161701,Mouse,5254,73
161727,Mouse,3583,65
161731,Mouse,5717,68
161785,Mouse,5121,71
161830,Mouse,5468,71
161925,Mouse,4735,69
161945,Mouse,3685,64
161964,Mouse,4323,67
162005,Mouse,5295,68
162055,Elephant,287166,818
162067,Mouse,3548,64
162114,Mouse,5318,65
162133,Mouse,4029,64
162141,Mouse,3707,64
162160,Mouse,3791,64
162230,Mouse,3540,64
162264,Mouse,3485,64
162284,Mouse,3828,64
162342,Mouse,4621,65
162511,Mouse,5041,65
162649,Mouse,5650,66
162772,Mouse,4288,65
162818,Mouse,5562,69
162931,Mouse,5127,66
162940,Mouse,3223,68
163005,Mouse,4867,65
163026,Mouse,4577,68
163083,Mouse,5407,71
163090,Mouse,5687,66
163150,Mouse,4380,69
163215,Mouse,4626,81
163334,Mouse,3927,87
163430,Mouse,4095,97
163449,Elephant,171274,702
163461,Elephant,78428,517
163464,Mouse,3306,92
163498,Mouse,4983,103
163504,Mouse,4001,106
163506,Mouse,3005,105
163626,Mouse,3756,79
163671,Elephant,89524,528
163716,Mouse,4031,105
163777,Mouse,5153,115
163859,Mouse,5626,121
163994,Mouse,3739,99
164054,Mouse,5540,101
164138,Mouse,3818,94
164215,Mouse,5075,98
164240,Mouse,5362,103
164272,Mouse,4491,115
164308,Mouse,5258,127
164375,Mouse,3760,121
164442,Mouse,3926,118
164511,Elephant,194742,1179
164515,Mouse,3981,127
164590,Elephant,583877,1852
164779,Mouse,4106,95
164915,Mouse,5125,106
164953,Elephant,443597,1870
164976,Mouse,4620,113
165003,Mouse,4089,120
165036,Mouse,3290,113
165076,Elephant,86738,585
165130,Mouse,4276,89
165162,Mouse,3718,91
165168,Mouse,3443,95
165196,Elephant,154138,1093
165227,Mouse,5646,96
165250,Mouse,4396,102
165308,Mouse,4194,90
165335,Mouse,3313,94
165433,Mouse,3742,108
165550,Mouse,3525,108
165599,Mouse,3556,112
165623,Mouse,4526,122
165633,Mouse,4556,122
165652,Mouse,3891,124
165815,Mouse,4740,119
165886,Elephant,386157,2285
165912,Elephant,499531,2376
165925,Elephant,418290,1634
165966,Mouse,3838,75
166004,Mouse,5284,68
166005,Mouse,4241,67
166042,Mouse,3273,69
166057,Mouse,3026,64
166136,Mouse,4415,71
166174,Mouse,3150,69
166228,Mouse,5299,66
166252,Mouse,5001,68
166344,Mouse,5538,68
166357,Mouse,3054,71
166385,Mouse,3881,71
166423,Elephant,212547,1117
166461,Mouse,5534,66
166481,Elephant,310139,1222
166513,Mouse,5701,66
166761,Mouse,4322,65
166805,Mouse,3175,64
166843,Mouse,3751,64
166922,Mouse,4274,65
166985,Mouse,3712,64
167004,Mouse,5037,66
167052,Mouse,4199,69
167180,Mouse,3689,65
167399,Mouse,4780,69
167408,Mouse,4225,70
167417,Mouse,3909,64
167430,Mouse,5458,66
167486,Mouse,5296,68
167541,Mouse,3424,69
167555,Mouse,4178,64
167645,Mouse,5438,66
167761,Mouse,4808,71
167773,Mouse,5574,72
167782,Mouse,4788,70
167807,Mouse,4808,74
167864,Elephant,353521,924
167895,Mouse,4831,75
167903,Mouse,3194,64
167935,Mouse,3026,67
167942,Mouse,5121,65
167947,Mouse,4610,66
168031,Mouse,4452,65
168110,Mouse,5275,70
168118,Mouse,5117,74
168128,Mouse,4548,70
168447,Mouse,3987,106
168531,Mouse,5094,129
168624,Mouse,4394,129
168692,Elephant,378967,1142
168708,Mouse,4099,104
168711,Elephant,244926,963
168722,Mouse,3232,98
168739,Mouse,4919,84
168811,Mouse,5423,75
168876,Mouse,5313,76
168898,Mouse,5086,83
168988,Mouse,5117,104
168991,Mouse,3584,104
169066,Elephant,109556,738
169076,Mouse,3659,95
169117,Mouse,4833,90
169124,Mouse,3628,79
169164,Mouse,5665,94
169311,Mouse,4300,101
169422,Elephant,461460,1664
169477,Mouse,4122,72
169523,Mouse,3009,71
169766,Elephant,323989,1437
169775,Mouse,4055,78
169840,Mouse,4789,76
170026,Elephant,517708,1568
170074,Mouse,3859,82
170145,Elephant,353387,1091
170166,Elephant,52684,364
170249,Mouse,3760,65
170274,Mouse,4539,65
170350,Mouse,5264,65
170474,Mouse,3091,64
170521,Mouse,4897,65
170621,Mouse,4327,65
170660,Mouse,4304,67
170751,Mouse,4263,68
170779,Mouse,4580,69
170796,Mouse,4146,75
170806,Mouse,4424,72
170809,Elephant,38253,249
170852,Mouse,3928,80
170853,Mouse,4177,82
170884,Mouse,4471,78
170965,Mouse,5042,75
171024,Elephant,448800,1099
171070,Elephant,131174,578
171073,Mouse,3264,72
171077,Mouse,3507,68
171084,Mouse,5238,71
171089,Mouse,3672,73
171141,Mouse,4510,71
171186,Mouse,5050,69
171221,Mouse,3880,67
171315,Mouse,5314,69
171339,Mouse,3258,64
171364,Mouse,3386,71
171388,Mouse,3795,67
171490,Mouse,3320,69
171502,Mouse,3252,69
171564,Mouse,4206,70
171628,Mouse,4312,72
171633,Mouse,3131,67
171665,Mouse,3294,66
171810,Mouse,3868,66
171827,Mouse,5291,73
171949,Mouse,3948,71
171992,Mouse,3000,77
172013,Mouse,3509,82
172041,Mouse,4413,87
172119,Mouse,3673,95
172139,Mouse,4393,100
172221,Mouse,3156,102
172248,Mouse,5765,101
172403,Mouse,5758,119
172419,Elephant,514354,1653
172427,Mouse,5179,119
172483,Mouse,5478,112
172494,Mouse,4053,106
172508,Elephant,281250,1145
172565,Mouse,5283,86
172724,Mouse,5348,70
172822,Mouse,5007,80
172883,Elephant,504664,1478
172889,Mouse,4958,78
172891,Mouse,3998,78
172931,Mouse,5396,78
173114,Elephant,299444,1004
173214,Mouse,3022,65
173230,Mouse,3902,66
173242,Mouse,4891,70
173260,Mouse,3699,64
173333,Mouse,4179,66
173424,Mouse,4166,66
173464,Mouse,3994,68
173518,Mouse,5138,69
173688,Mouse,5126,69
173720,Elephant,511016,1150
173792,Mouse,3999,64
173978,Mouse,4158,71
174004,Mouse,4062,79
174100,Elephant,105975,492
174143,Mouse,4199,73
174209,Mouse,3328,71
174303,Mouse,3033,87
174347,Elephant,91798,481
174405,Mouse,5213,90
174422,Mouse,4863,93
174460,Mouse,3540,88
174520,Mouse,5355,99
174540,Mouse,3102,100
174546,Mouse,3221,101
174556,Mouse,3677,104
174681,Mouse,4765,97
174722,Elephant,410034,1185
174767,Mouse,5775,97
174788,Mouse,5313,89
174823,Mouse,5508,78
174914,Mouse,3669,81
174946,Mouse,3423,82
175026,Mouse,5670,86
175036,Mouse,4176,84
175037,Elephant,365044,1191
175043,Mouse,3329,77
175044,Mouse,4004,79
175123,Mouse,3310,78
175158,Elephant,356264,1369
175161,Mouse,4943,74
175225,Elephant,129294,750
175257,Mouse,5288,70
175264,Mouse,5026,65
175291,Mouse,4419,66
175304,Mouse,5614,74
175389,Mouse,4509,69
175402,Mouse,4438,65
175423,Mouse,3413,67
175445,Mouse,4510,65
175530,Mouse,4266,65
175722,Mouse,5208,69
175742,Elephant,228659,746
175746,Mouse,3857,66
175770,Mouse,3778,70
175813,Mouse,4559,69
175818,Mouse,3157,69
176011,Elephant,45830,296
176013,Mouse,5496,74
176050,Mouse,5280,71
176060,Mouse,5049,71
176078,Mouse,5400,79
176152,Mouse,3104,75
176153,Mouse,3125,80
176242,Mouse,4474,85
176285,Mouse,5128,88
176296,Mouse,5695,93
176372,Mouse,4634,95
176418,Mouse,3978,96
176484,Mouse,4231,97
176507,Mouse,5291,108
176508,Mouse,4192,106
176541,Mouse,5384,117
176558,Mouse,5382,120
176589,Mouse,4903,118
176665,Elephant,479723,1229
176708,Mouse,5129,81
176712,Mouse,4057,81
176732,Mouse,4356,67
176741,Mouse,4867,67
176781,Mouse,3800,69
176794,Mouse,4698,68
176807,Mouse,3544,67
176825,Mouse,4135,71
176834,Mouse,4956,70
176872,Mouse,4601,77
176902,Mouse,3833,67
176959,Mouse,4144,70
176966,Mouse,3225,74
176969,Mouse,4031,76
177099,Mouse,5649,73
177167,Elephant,584978,1677
177172,Mouse,5074,74
177255,Mouse,5532,66
177341,Mouse,3877,66
177359,Mouse,5571,69
177423,Elephant,450087,1332
177434,Mouse,5706,70
177515,Mouse,5417,65
177521,Mouse,4323,65
177577,Mouse,3580,64
177661,Mouse,3389,64
177788,Mouse,3052,64
177796,Mouse,4339,65
177800,Mouse,3879,64
177903,Mouse,4363,65
177946,Mouse,3446,64
177986,Mouse,4988,66
178080,Mouse,4905,65
178109,Mouse,5576,66
178204,Mouse,5331,65
178333,Mouse,3423,64
178410,Mouse,3851,64
178676,Mouse,5078,65
178719,Mouse,4168,65
178730,Mouse,4062,64
178884,Mouse,5775,66
178906,Mouse,3561,64
178921,Mouse,3591,64
178990,Mouse,5722,71
179056,Mouse,4113,64
179130,Mouse,3200,64
179254,Mouse,3226,74
179262,Mouse,4888,80
179346,Mouse,3205,69
179364,Elephant,135910,540
179432,Elephant,154901,597
179447,Mouse,4378,69
179497,Mouse,3864,65
179499,Mouse,4073,67
179512,Mouse,4871,69
179538,Mouse,5272,65
179620,Mouse,5384,67
179628,Mouse,5004,65
179666,Mouse,5692,66
179721,Mouse,3197,66
179759,Mouse,3806,64
179800,Mouse,4641,65
179842,Mouse,4928,74
179845,Mouse,3416,68
179857,Elephant,196234,680
179898,Mouse,5589,66
179958,Mouse,5549,70
179968,Mouse,5613,70
179974,Mouse,5377,76
180097,Mouse,3110,66
180264,Elephant,155864,591
180419,Mouse,4117,64
180474,Mouse,4147,66
180476,Mouse,4286,67
180526,Mouse,3151,65
180528,Mouse,4564,68
180536,Mouse,5299,65
180547,Mouse,4760,65
180573,Mouse,5249,69
180648,Mouse,5811,66
180775,Mouse,4337,65
180799,Mouse,4761,65
180804,Mouse,4754,65
180856,Mouse,3303,64
180959,Mouse,3189,64
180983,Mouse,5036,65
181019,Mouse,4879,65
181066,Mouse,4592,65
181174,Mouse,4603,65
181188,Mouse,4488,69
181271,Mouse,4953,70
181297,Mouse,4442,72
181299,Mouse,5226,74
181304,Mouse,4890,77
181420,Mouse,3712,67
181441,Mouse,4152,68
181466,Mouse,3433,68
181782,Mouse,3834,72
181803,Elephant,258615,771
181832,Mouse,4184,71
181945,Mouse,3091,65
181965,Mouse,3067,69
182068,Mouse,3557,64
182099,Mouse,4353,65
182143,Mouse,3198,69
182191,Mouse,4598,73
182194,Mouse,3554,76
182196,Mouse,5011,77
182200,Mouse,4814,74
182239,Mouse,3634,72
182273,Mouse,3628,67
182315,Mouse,3401,67
182326,Mouse,5522,72
182347,Mouse,5301,69
182467,Elephant,581474,1286
182517,Mouse,4423,71
182519,Mouse,5123,74
182520,Mouse,4910,71
182547,Mouse,3324,76
182552,Mouse,4424,76
182643,Mouse,5214,65
182700,Mouse,3016,67
182708,Elephant,43484,284
182712,Mouse,4175,66
182719,Mouse,3481,64
182727,Mouse,4355,68
182757,Mouse,4101,70
182759,Mouse,5818,74
182888,Mouse,4976,68
182991,Mouse,3387,69
183033,Mouse,4696,73
183139,Elephant,276251,811
183283,Mouse,4537,65
183376,Mouse,3583,67
183432,Mouse,3617,67
183505,Mouse,3228,64
183523,Elephant,305585,866
183550,Mouse,5801,67
183738,Mouse,3430,64
183763,Mouse,3264,64
183788,Mouse,4989,66
183800,Elephant,162621,741
183817,Mouse,4056,65
183891,Mouse,4244,64
183902,Elephant,77379,372
183916,Mouse,5478,66
183967,Mouse,4353,65
184008,Mouse,5415,65
184015,Mouse,3851,64
184024,Mouse,3078,64
184044,Mouse,3217,64
184114,Mouse,5334,65
184125,Mouse,5278,65
184136,Mouse,3677,64
184147,Mouse,5552,66
184182,Mouse,5812,68
184313,Mouse,4994,65
184332,Mouse,4168,65
184385,Mouse,3727,64
184414,Mouse,4053,64
184499,Mouse,4326,65
184747,Mouse,5755,66
184865,Mouse,4173,64
184899,Mouse,4671,69
184908,Mouse,3808,71
184965,Mouse,5438,66
185003,Mouse,3917,64
185038,Elephant,107857,462
185176,Mouse,4355,66
185178,Mouse,4193,66
185233,Mouse,4743,66
185236,Mouse,4673,67
185322,Mouse,4331,65
185455,Mouse,5367,65
185471,Mouse,4430,67
185482,Mouse,3891,66
185566,Mouse,4513,66
185613,Mouse,3260,66
185614,Mouse,4782,69
185647,Mouse,5564,70
185701,Mouse,4978,65
185807,Mouse,3666,67
185821,Mouse,4450,70
185837,Mouse,5499,66
185894,Elephant,272706,797
185899,Mouse,3312,65
185924,Mouse,4245,64
186034,Mouse,4401,65
186041,Mouse,3766,65
186073,Mouse,5007,65
186118,Mouse,3550,64
186151,Mouse,4552,65
186174,Mouse,4374,65
186339,Mouse,4130,68
186347,Mouse,5624,67
186350,Mouse,5352,67
186582,Mouse,4199,64
186655,Mouse,5651,66
186677,Mouse,3846,67
186741,Mouse,3640,77
186750,Mouse,5189,71
186796,Mouse,5184,72
186826,Mouse,3988,68
186831,Mouse,4527,70
186854,Mouse,3496,66
186874,Mouse,4650,70
186971,Mouse,3202,66
187122,Mouse,4625,74
187245,Elephant,451384,1062
187277,Mouse,3967,70
187329,Mouse,3758,69
187443,Mouse,3978,69
187484,Mouse,4163,73
187560,Mouse,4778,73
187593,Mouse,5492,75
187711,Mouse,5476,82
187782,Mouse,3728,91
187814,Elephant,533375,1202
187824,Mouse,3292,78
187846,Mouse,5265,84
187865,Mouse,5287,83
187875,Mouse,4142,68
187893,Mouse,5158,65
188029,Mouse,3293,67
188103,Mouse,3733,73
188113,Mouse,3816,77
188273,Mouse,3673,73
188286,Mouse,4669,76
188303,Elephant,376011,1054
188366,Mouse,4677,68
188501,Mouse,4700,79
188619,Mouse,5514,94
188668,Mouse,4297,102
188717,Mouse,5752,115
188728,Elephant,405983,1147
188835,Mouse,3455,67
188905,Mouse,4416,79
189061,Elephant,174150,756
189065,Elephant,318721,1228
189170,Mouse,3145,66
189226,Elephant,117366,759
189270,Mouse,5043,66
189282,Mouse,3893,64
189319,Mouse,5519,66
189503,Mouse,5493,68
189546,Mouse,5039,68
189571,Mouse,4569,68
189589,Mouse,5041,77
189597,Mouse,3291,65
189697,Mouse,5417,69
189733,Mouse,5693,72
189836,Mouse,3305,68
189847,Mouse,3491,73
189869,Elephant,579331,1461
189874,Mouse,4993,80
190139,Mouse,5008,65
190235,Mouse,3136,66
190273,Mouse,5661,75
190281,Elephant,329930,904
190302,Mouse,4718,81
190302,Mouse,3237,80
190337,Mouse,3741,75
190345,Mouse,4309,79
190439,Mouse,5503,66
190549,Mouse,5060,69
190797,Mouse,4353,93
190850,Mouse,3544,99
190957,Mouse,3643,113
191089,Mouse,4547,109
191125,Elephant,279259,1089
191294,Elephant,482689,1295
191297,Mouse,3289,72
191331,Mouse,5153,78
191367,Mouse,5756,76
191377,Mouse,4746,79
191455,Mouse,3557,68
191483,Mouse,5551,71
191537,Mouse,3046,72
191554,Mouse,5389,78
191573,Mouse,3895,75
191667,Elephant,418674,1288
191714,Mouse,3735,64
191773,Mouse,4950,67
191799,Mouse,5743,73
191888,Elephant,54282,324
191975,Mouse,3933,65
192083,Mouse,4565,69
192113,Mouse,3415,66
192116,Mouse,3408,68
192146,Elephant,590765,1570
192166,Mouse,3982,64
192189,Mouse,5667,66
192213,Mouse,4047,64
192566,Mouse,4907,65
192634,Mouse,4616,65
192651,Mouse,4140,64
192654,Mouse,4126,64
192743,Mouse,3696,64
193001,Mouse,4746,65
193045,Mouse,4715,66
193067,Mouse,4090,69
193267,Elephant,149695,577
193384,Mouse,3818,69
193393,Mouse,3429,72
193409,Mouse,3170,64
193424,Mouse,5840,70
193442,Mouse,3456,74
193482,Mouse,5384,72
193541,Mouse,4491,71
193650,Elephant,332095,906
193680,Mouse,3625,67
193809,Mouse,4095,68
193865,Mouse,3334,68
193912,Mouse,5026,70
193996,Mouse,5761,70
194006,Mouse,5654,71
194076,Mouse,5203,70
194109,Mouse,3941,70
194228,Mouse,5595,69
194326,Elephant,503280,1241
194439,Mouse,4855,65
194532,Mouse,4191,64
194560,Mouse,3819,67
194584,Mouse,4364,65
194688,Mouse,4392,69
194694,Mouse,5273,69
194733,Elephant,344917,924
194767,Mouse,3580,65
194782,Mouse,4697,65
194807,Mouse,4775,65
194827,Mouse,4140,65
194831,Mouse,3895,64
194841,Mouse,3824,64
194894,Mouse,3316,64
194899,Mouse,4167,64
194942,Mouse,4985,66
194977,Mouse,4595,65
195026,Mouse,5053,65
195144,Mouse,4200,64
195254,Mouse,4660,70
195299,Mouse,4498,66
195305,Mouse,4895,65
195343,Mouse,5223,69
195368,Mouse,5463,66
195405,Mouse,3061,64
195457,Mouse,3917,64
195642,Mouse,4669,69
195855,Mouse,3839,66
195927,Mouse,3272,64
196023,Mouse,4408,68
196078,Mouse,5436,72
196085,Elephant,470276,1073
196087,Mouse,3633,73
196194,Mouse,4595,65
196228,Mouse,4976,65
196336,Mouse,3734,64
196367,Mouse,4512,66
196466,Mouse,5674,70
196478,Mouse,5602,74
196481,Mouse,3217,66
196535,Mouse,5339,65
196559,Mouse,3741,67
196601,Mouse,4816,70
196621,Mouse,3730,64
196693,Mouse,3153,67
196707,Mouse,4597,67
196717,Mouse,5497,70
196962,Mouse,5326,82
196975,Mouse,3548,84
197150,Mouse,4306,86
197161,Mouse,3243,88
197193,Mouse,4918,96
197214,Mouse,3684,100
197321,Mouse,3231,104
197394,Mouse,3794,109
197396,Mouse,3212,111
197502,Elephant,566028,1369
197622,Mouse,5305,69
197653,Mouse,3387,79
197679,Mouse,5686,80
197681,Mouse,3623,78
197731,Mouse,3641,98
197813,Mouse,5833,120
197901,Mouse,4224,102
197955,Mouse,3028,110
198005,Mouse,5292,119
198009,Elephant,420648,1426
198110,Mouse,3088,106
198125,Elephant,516809,1809
198176,Mouse,4423,90
198231,Mouse,4766,70
198277,Mouse,4811,79
198278,Elephant,44390,449
198328,Mouse,5331,89
198386,Mouse,3854,86
198447,Mouse,4120,89
198479,Mouse,3335,93
198608,Mouse,4568,107
198624,Mouse,4485,110
198682,Elephant,254293,1058
198723,Mouse,3678,91
198733,Mouse,5130,85
198747,Mouse,4196,79
198755,Mouse,4045,83
198857,Mouse,4854,73
198907,Mouse,5317,79
198923,Mouse,5780,85
198934,Mouse,4881,88
198949,Mouse,5270,94
198969,Mouse,4217,102
199033,Elephant,449522,1608
199055,Mouse,3004,100
199055,Mouse,3128,98
199070,Mouse,5297,97
199153,Mouse,5341,73
199186,Mouse,3257,66
199244,Mouse,4483,72
199262,Elephant,64089,404
199326,Mouse,4381,75
199343,Mouse,5356,80
199411,Elephant,580163,1846
199455,Mouse,3111,64
199727,Mouse,3519,64
199738,Mouse,4598,68
199864,Mouse,4785,66
200058,Mouse,4433,75
200118,Mouse,3111,79
200255,Mouse,3964,76
200320,Mouse,5657,75
200347,Mouse,4680,81
200432,Mouse,3983,84
200453,Mouse,5705,89
200456,Elephant,594420,1370
200549,Mouse,3290,66
200709,Mouse,3502,67
200735,Elephant,584108,1265
200901,Mouse,5209,65
201050,Mouse,5177,65
201090,Mouse,3754,64
201135,Mouse,3813,64
201228,Mouse,4418,65
201261,Mouse,5555,66
201492,Mouse,5507,66
201527,Mouse,4410,65
201573,Mouse,3317,64
201656,Mouse,4871,65
201715,Mouse,4294,65
201740,Mouse,3200,64
201851,Mouse,3915,64
201920,Mouse,5281,65
201935,Mouse,5139,67
201937,Mouse,4570,66
202139,Mouse,3908,64
202180,Mouse,3557,64
202199,Elephant,114515,493
202273,Mouse,4572,65
202290,Mouse,4952,65
202340,Mouse,4457,65
202376,Mouse,4046,64
202384,Mouse,3288,64
202483,Mouse,5555,66
202522,Mouse,3679,64
202569,Mouse,4530,65
202576,Mouse,4183,64
202581,Mouse,3373,64
202654,Mouse,5790,66
202667,Mouse,4296,65
202671,Mouse,5219,66
202741,Mouse,3353,64
202774,Mouse,4529,65
202782,Mouse,5821,66
203009,Mouse,3174,64
203074,Mouse,4943,65
203131,Mouse,4530,70
203176,Mouse,5449,69
203205,Mouse,4011,64
203226,Mouse,3526,66
203317,Mouse,3547,68
203422,Mouse,4712,65
203505,Mouse,3444,75
203528,Mouse,5680,71
203554,Mouse,4204,69
203788,Mouse,4174,73
203832,Mouse,5189,82
203897,Elephant,389404,1006
203915,Mouse,3734,87
203983,Elephant,209516,836
204082,Mouse,5548,66
204174,Mouse,4422,65
204198,Elephant,269195,823
204219,Mouse,3025,65
204275,Mouse,4572,65
204296,Mouse,5302,65
204305,Mouse,4847,65
204311,Mouse,5290,65
204336,Mouse,3083,65
204338,Mouse,5188,68
204356,Mouse,3502,65
204448,Mouse,5068,69
204496,Mouse,4328,66
204536,Elephant,41520,244
204634,Mouse,3174,64
204718,Mouse,4586,65
204771,Mouse,4571,65
204784,Mouse,4808,65
204820,Mouse,3466,64
204828,Mouse,3280,64
204867,Mouse,5306,65
204872,Mouse,3686,64
204946,Mouse,5254,65
205086,Mouse,3723,65
205089,Mouse,4013,66
205143,Mouse,3933,64
205147,Mouse,3860,64
205207,Mouse,3385,64
205296,Mouse,3456,64
205348,Mouse,5111,65
205440,Mouse,3706,64
205468,Mouse,5042,65
205482,Mouse,4736,65
205489,Mouse,5281,65
205606,Mouse,3598,67
205635,Mouse,4846,68
205636,Mouse,3895,67
205767,Mouse,5380,68
205786,Mouse,3256,67
205803,Mouse,4541,65
205833,Mouse,5274,65
205867,Elephant,84874,418
205980,Mouse,4123,68
206043,Mouse,3754,75
206046,Mouse,4107,76
206151,Mouse,3584,67
206249,Mouse,3982,68
206322,Mouse,3110,73
206324,Mouse,4341,72
206356,Elephant,204965,698
206398,Mouse,4020,69
206558,Mouse,3505,65
206568,Mouse,5567,70
206574,Mouse,4261,68
206606,Mouse,3450,67
206738,Mouse,3805,69
206805,Mouse,3091,67
206893,Mouse,3868,75
206921,Mouse,5428,81
206941,Elephant,557672,1199
206944,Mouse,4060,79
206996,Mouse,3864,77
207044,Mouse,5143,74
207080,Mouse,4659,68
207128,Mouse,3496,65
207193,Mouse,3472,66
207215,Mouse,3931,64
207284,Mouse,3123,65
207304,Mouse,3802,65
207409,Mouse,3932,66
207460,Mouse,3867,72
207489,Elephant,511242,1142
207516,Mouse,5578,73
207600,Mouse,3851,67
207668,Mouse,3010,66
207710,Mouse,5190,69
207736,Mouse,4703,72
207811,Mouse,5784,73
207887,Mouse,5232,74
208000,Mouse,5748,81
208018,Mouse,5054,87
208135,Mouse,5263,99
208159,Mouse,5025,97
208178,Mouse,4915,104
208265,Mouse,3217,107
208276,Elephant,411218,1236
208286,Mouse,4098,103
208301,Mouse,4366,113
208378,Mouse,3508,66
208471,Elephant,207307,846
208474,Mouse,4221,67
208580,Mouse,4516,69
208614,Mouse,4425,69
208638,Mouse,4032,64
208652,Mouse,5122,68
208742,Mouse,5201,65
208762,Elephant,517664,1379
208775,Mouse,3774,64
208888,Mouse,3700,64
208902,Mouse,5283,65
208937,Mouse,5003,68
208958,Mouse,5069,65
208984,Mouse,4346,70
208990,Mouse,3978,65
208997,Mouse,4344,65
209035,Mouse,4745,66
209059,Mouse,5749,66
209076,Mouse,5032,67
209089,Mouse,4786,65
209112,Mouse,3729,66
209204,Mouse,4040,66
209293,Mouse,5160,67
209326,Elephant,119722,498
209376,Mouse,3332,64
209389,Mouse,4770,65
209427,Mouse,3028,64
209447,Mouse,4188,67
209448,Mouse,5594,69
209475,Mouse,5377,65
209685,Mouse,5673,69
209686,Mouse,3632,68
209688,Mouse,4025,69
209694,Mouse,4512,65
209897,Mouse,5836,66
209917,Mouse,5723,66
209925,Mouse,4216,64
209947,Mouse,5631,66
210164,Mouse,4985,65
210280,Mouse,4411,65
210297,Mouse,5053,65
210593,Mouse,4894,65
210611,Mouse,3668,64
210620,Mouse,3822,64
210819,Mouse,4279,65
210833,Mouse,4736,69
210834,Mouse,5353,69
210869,Mouse,4638,65
210949,Mouse,4957,65
211066,Mouse,4464,65
211082,Mouse,4933,65
211243,Mouse,5506,66
211251,Mouse,5412,65
211263,Mouse,5580,66
211336,Mouse,3169,64
211374,Mouse,4716,65
211409,Mouse,4186,64
211464,Mouse,5193,65
211505,Mouse,5126,65
211546,Mouse,5605,66
211576,Mouse,3887,64
211632,Mouse,4356,65
211677,Elephant,34075,235
211730,Mouse,3404,64
211805,Mouse,5399,65
211999,Mouse,5529,66
212019,Mouse,3880,64
212037,Mouse,4121,65
212102,Mouse,3802,64
212138,Mouse,4386,67
212139,Mouse,4392,67
212183,Mouse,3279,66
212200,Mouse,3790,67
212226,Mouse,5607,66
212397,Mouse,4422,65
212551,Mouse,4214,67
212698,Mouse,3399,68
212712,Mouse,3594,64
212731,Mouse,4803,70
212779,Elephant,312271,858
212907,Mouse,5335,65
212939,Mouse,5831,66
212964,Mouse,5442,66
213009,Mouse,4170,69
213039,Mouse,4635,65
213065,Mouse,3487,67
213216,Mouse,5747,66
213222,Mouse,4128,66
213226,Mouse,5312,68
213245,Mouse,4326,65
213362,Mouse,5441,69
213372,Mouse,5341,73
213425,Mouse,4683,77
213440,Mouse,4646,76
213443,Mouse,4668,77
213460,Mouse,3216,66
213491,Mouse,4299,75
213514,Mouse,4473,69
213854,Mouse,5113,69
213931,Mouse,4288,67
213955,Mouse,3668,66
214003,Mouse,5496,71
214016,Mouse,3562,72
214154,Mouse,5799,72
214185,Mouse,3202,72
214234,Mouse,3770,70
214265,Mouse,4255,65
214271,Elephant,563700,1363
214304,Mouse,3026,72
214309,Mouse,4267,76
214320,Mouse,4285,69
214431,Mouse,5228,70
214488,Mouse,4881,69
214515,Elephant,161024,887
214547,Mouse,4021,74
214627,Mouse,5698,71
214656,Mouse,3691,69
214911,Elephant,594304,1768
214938,Mouse,4360,74
215068,Mouse,3794,69
215085,Mouse,5343,67
215113,Mouse,3127,71
215146,Mouse,4841,74
215336,Mouse,3811,77
215355,Elephant,356402,977
215403,Mouse,3391,72
215433,Mouse,3181,71
215434,Mouse,5252,72
215498,Mouse,5525,68
215544,Elephant,455428,1111
215699,Mouse,3401,64
215842,Mouse,5084,69
215961,Mouse,3109,64
216234,Mouse,5215,75
216317,Mouse,4264,96
216318,Mouse,5786,98
216407,Mouse,3830,112
216429,Mouse,3451,115
216509,Elephant,311724,1090
216514,Mouse,4940,110
216522,Elephant,248078,942
216540,Mouse,3407,89
216617,Mouse,4619,69
216692,Mouse,3454,64
216703,Mouse,3527,67
216809,Mouse,5107,72
216823,Mouse,4252,77
216826,Elephant,307014,1067
216871,Mouse,5157,80
216904,Mouse,4071,64
216915,Mouse,3799,65
216970,Mouse,5698,70
217043,Mouse,4566,65
217057,Elephant,249092,855
217158,Mouse,5562,66
217185,Mouse,4613,65
217291,Mouse,5152,65
217297,Mouse,5171,65
217346,Mouse,5734,70
217347,Mouse,5465,70
217359,Mouse,5450,66
217398,Mouse,3318,64
217629,Mouse,5181,65
217714,Mouse,5724,66
217976,Mouse,4391,67
218044,Mouse,5769,66
218379,Mouse,4612,65
218491,Mouse,4125,69
218552,Mouse,3795,74
218571,Mouse,4811,68
218725,Elephant,69301,377
218743,Mouse,4720,67
218805,Elephant,439230,1028
218829,Mouse,4955,65
218838,Mouse,5729,67
219037,Mouse,5193,65
219078,Mouse,5438,66
219112,Mouse,3677,68
219193,Mouse,4056,64
219234,Mouse,3918,67
219283,Mouse,3630,67
219296,Mouse,3986,69
219342,Mouse,4869,72
219444,Mouse,4073,67
219457,Mouse,5645,75
219470,Mouse,4836,80
219528,Elephant,165739,610
219554,Mouse,3398,67
219694,Mouse,3321,68
219699,Mouse,4826,72
219711,Mouse,5062,73
219716,Elephant,281448,855
219725,Mouse,4419,65
219728,Mouse,3456,64
219760,Mouse,5676,67
219780,Mouse,3446,64
219849,Mouse,3231,64
219931,Mouse,5611,66
220008,Mouse,3103,67
220116,Mouse,4927,66
220118,Mouse,3450,66
220140,Mouse,3476,65
220188,Mouse,4068,69
220192,Mouse,4239,73
220233,Mouse,3068,68
220236,Mouse,4196,71
220320,Mouse,5742,69
220377,Mouse,3979,64
220468,Mouse,5756,67
220572,Mouse,3824,66
220649,Mouse,3758,71
220674,Mouse,4304,68
220702,Mouse,4774,77
220831,Elephant,545518,1241
220837,Mouse,4693,66
220921,Mouse,4278,65
220986,Mouse,3295,67
220992,Mouse,3652,64
221018,Mouse,3595,67
221082,Mouse,3214,67
221082,Mouse,3815,68
221123,Mouse,4871,69
221173,Mouse,4806,73
221191,Mouse,4393,66
221215,Mouse,3013,68
221239,Mouse,3410,68
221383,Mouse,4670,68
221446,Mouse,3107,67
221522,Mouse,5676,66
221588,Elephant,515197,1204
221628,Mouse,3385,64
221752,Mouse,5436,66
221862,Mouse,4522,68
221862,Mouse,4843,69
221867,Mouse,5447,69
221872,Mouse,5542,66
221878,Mouse,4506,65
221887,Mouse,5431,66
221933,Mouse,4421,65
221997,Mouse,3429,64
222123,Mouse,4245,64
222153,Mouse,5323,65
222227,Mouse,4377,65
222370,Mouse,3026,64
222380,Mouse,3544,64
222390,Mouse,3454,64
222509,Mouse,3190,66
222511,Mouse,4951,68
222591,Mouse,4972,65
222611,Mouse,5087,65
222626,Mouse,4005,64
222631,Mouse,4568,65
222691,Mouse,4471,65
222737,Mouse,4494,65
222801,Mouse,5389,66
222844,Mouse,4321,65
222874,Mouse,3790,64
222900,Mouse,3765,64
222937,Mouse,3965,64
222941,Mouse,5774,67
223028,Mouse,5443,66
223056,Mouse,5302,65
223076,Mouse,3326,64
223080,Mouse,3379,64
223136,Mouse,4735,65
223262,Mouse,3956,64
223279,Mouse,4772,69
223298,Mouse,3522,64
223331,Mouse,5318,71
223371,Mouse,5008,69
223468,Mouse,3148,64
223607,Mouse,3365,64
223775,Mouse,4878,68
223806,Mouse,4367,68
223819,Mouse,5471,73
223875,Mouse,5079,78
223894,Elephant,351081,942
223909,Mouse,5501,66
223970,Mouse,5625,67
224003,Mouse,4525,67
224030,Mouse,4144,64
224059,Mouse,3037,67
224091,Mouse,3542,66
224094,Mouse,4176,65
224123,Mouse,4143,64
224197,Mouse,4670,65
224217,Mouse,3172,66
224233,Mouse,4923,72
224252,Mouse,4907,65
224330,Mouse,4459,69
224364,Mouse,3326,70
224393,Mouse,4925,70
224398,Elephant,181566,647
224437,Mouse,4587,70
224446,Elephant,112738,501
224465,Mouse,3479,66
224588,Mouse,4698,65
224649,Mouse,3391,64
224689,Mouse,3807,64
224759,Mouse,3632,67
224818,Mouse,4085,67
224910,Mouse,4878,70
224912,Mouse,4735,70
224998,Mouse,3597,64
225154,Mouse,5705,70
225182,Mouse,4354,65
225221,Mouse,3800,66
225268,Mouse,4706,70
225295,Mouse,5568,73
225332,Mouse,4947,80
225392,Mouse,4724,79
225394,Elephant,439327,1141
225566,Mouse,5148,68
225578,Mouse,4877,65
225682,Mouse,4885,69
225828,Elephant,272293,834
226012,Mouse,5226,65
226142,Mouse,4780,74
226307,Mouse,4109,88
226319,Mouse,5523,93
226370,Elephant,524583,1210
226472,Mouse,3618,67
226491,Mouse,4490,69
226606,Mouse,3677,69
226612,Elephant,308722,909
226615,Mouse,3689,67
226673,Mouse,5582,68
226783,Mouse,4679,69
226821,Elephant,237985,798
226826,Mouse,4339,66
226843,Mouse,5712,66
226894,Mouse,4482,65
226934,Mouse,3505,64
226947,Mouse,3245,64
226978,Mouse,3139,64
227092,Mouse,5670,66
227107,Mouse,5635,66
227149,Mouse,3749,64
227197,Mouse,3073,64
227415,Mouse,4152,64
227462,Mouse,3790,64
227482,Mouse,5285,65
227581,Mouse,4003,64
227603,Mouse,4250,64
227612,Mouse,3598,64
227631,Mouse,4257,65
227639,Mouse,3118,64
227678,Mouse,5560,66
227703,Mouse,3592,64
227716,Mouse,3337,64
227726,Mouse,4813,65
227753,Mouse,4575,65
227849,Mouse,3086,64
227879,Mouse,5391,65
227913,Mouse,4752,65
227925,Mouse,5470,66
228058,Mouse,3400,64
228123,Mouse,5632,66
228201,Mouse,3494,64
228285,Mouse,4881,65
228321,Mouse,4918,66
228323,Mouse,4023,66
228404,Mouse,5674,67
228477,Mouse,5582,66
228503,Mouse,5074,65
228515,Mouse,5335,68
228584,Mouse,4515,67
228592,Mouse,4717,66
228600,Mouse,4766,71
228870,Mouse,3376,76
228930,Mouse,5709,80
228948,Mouse,3963,87
229005,Elephant,200478,709
229020,Mouse,5680,96
229049,Mouse,4958,82
229135,Mouse,4009,70
229145,Mouse,5687,73
229157,Mouse,3901,75
229295,Mouse,5542,86
229365,Mouse,4066,96
229396,Mouse,4560,104
229404,Elephant,375503,1132
229412,Mouse,3617,85
229452,Mouse,4761,94
229595,Mouse,3095,79
229663,Mouse,4638,89
229758,Mouse,5019,99
229832,Mouse,3375,103
229923,Elephant,107250,590
229934,Mouse,3275,117
229986,Mouse,4443,109
230031,Mouse,5542,106
230070,Mouse,3998,98
230103,Mouse,4315,103
230116,Elephant,501619,1468
230188,Mouse,5462,84
230216,Mouse,4150,70
230246,Mouse,4494,73
230256,Mouse,3333,67
230325,Elephant,587512,1633
230339,Mouse,5438,66
230385,Mouse,5023,65
230395,Mouse,4979,69
230406,Mouse,5204,74
230415,Mouse,5028,73
230426,Mouse,4596,71
230492,Mouse,3155,67
230510,Mouse,4350,68
230514,Mouse,4016,70
230525,Mouse,5155,73
230542,Mouse,4777,77
230607,Mouse,3114,79
230678,Mouse,3378,78
230735,Mouse,4227,88
230774,Mouse,4036,94
230856,Mouse,3992,106
230899,Mouse,5614,107
230911,Mouse,5613,110
230951,Mouse,4016,112
231019,Elephant,173207,758
231029,Mouse,3489,98
231083,Mouse,3429,93
231147,Mouse,5135,102
231197,Mouse,5026,107
231212,Mouse,4398,105
231215,Mouse,4676,106
231246,Mouse,5797,109
231260,Elephant,594979,1794
231445,Mouse,5266,71
231459,Elephant,300197,1098
231492,Mouse,3965,75
231507,Mouse,4279,67
231509,Mouse,5608,79
231552,Mouse,3936,72
231569,Mouse,4020,69
231572,Mouse,3959,70
231664,Mouse,5066,66
231674,Mouse,3286,70
231704,Mouse,5616,74
231732,Elephant,139156,766
231803,Elephant,216940,1278
231819,Mouse,4284,65
231845,Mouse,5620,66
231894,Mouse,4772,65
231997,Elephant,172748,628
232153,Mouse,5599,67
232326,Mouse,5496,73
232422,Mouse,5536,69
232442,Mouse,3689,66
232466,Mouse,4743,70
232627,Mouse,5329,73
232648,Elephant,160193,610
232733,Mouse,4622,69
232734,Elephant,145166,569
232854,Mouse,3640,68
232864,Mouse,5243,65
232903,Mouse,4472,78
232962,Mouse,4965,71
232971,Mouse,3624,71
232990,Mouse,3697,75
233021,Mouse,3893,75
233221,Mouse,3143,96
233343,Mouse,4956,130
233399,Elephant,460298,1199
233422,Mouse,4726,107
233441,Mouse,5124,110
233525,Mouse,4780,69
233538,Mouse,4269,69
233595,Mouse,4301,74
233635,Mouse,4953,76
233653,Mouse,3324,79
233680,Mouse,4551,89
233721,Mouse,3516,91
233858,Mouse,4615,78
233940,Mouse,4265,89
234036,Mouse,5564,108
234100,Mouse,3420,117
234195,Mouse,4961,121
234203,Mouse,5268,126
234209,Mouse,3182,128
234237,Mouse,4500,135
234237,Mouse,5263,135
234330,Mouse,4967,143
234357,Mouse,3221,136
234389,Elephant,562396,1903
234394,Mouse,3065,118
234402,Mouse,3463,117
234436,Mouse,4717,102
234442,Mouse,3237,88
234492,Mouse,4192,98
234569,Mouse,5043,102
234603,Mouse,5661,111
234757,Mouse,4836,122
234794,Elephant,551730,2037
234806,Mouse,3997,121
234878,Mouse,5544,102
234955,Mouse,3093,94
235046,Mouse,5402,113
235095,Mouse,4426,127
235107,Mouse,3211,135
235112,Mouse,3610,131
235135,Mouse,3054,135
235185,Mouse,5007,132
235225,Mouse,3002,125
235229,Mouse,5255,128
235259,Mouse,5185,133
235363,Elephant,333015,2252
235363,Mouse,3158,138
235364,Mouse,4175,139
235383,Mouse,4719,139
235426,Mouse,4440,140
235517,Elephant,571985,2412
235559,Mouse,5084,135
235574,Mouse,3733,134
235578,Mouse,5522,137
235599,Mouse,4399,120
235626,Mouse,3325,131
235697,Mouse,3193,132
235701,Mouse,3377,133
235711,Mouse,4278,130
235730,Mouse,4929,124
235749,Mouse,4732,126
235754,Mouse,3149,123
235814,Mouse,5091,124
235880,Mouse,4326,112
235912,Mouse,5144,118
235964,Mouse,4856,114
236060,Mouse,3188,121
236162,Mouse,5161,124
236181,Elephant,438496,2256
236215,Mouse,5224,119
236258,Mouse,5398,117
236270,Mouse,4275,109
236370,Mouse,5558,104
236434,Elephant,322778,2045
236541,Mouse,3120,80
236555,Mouse,3286,86
236581,Mouse,5834,90
236633,Mouse,3367,97
236661,Mouse,3488,92
236699,Elephant,240074,1569
236724,Mouse,4652,89
236752,Mouse,4725,98
236765,Mouse,3363,92
236781,Mouse,3173,92
236788,Mouse,3657,94
236869,Elephant,528623,2480
236930,Mouse,3560,66
236982,Mouse,3453,71
237073,Mouse,5560,80
237080,Mouse,3168,79
237088,Mouse,3662,80
237236,Elephant,298875,1960
237241,Mouse,5457,101
237297,Mouse,3340,81
237436,Mouse,3721,78
237502,Mouse,4623,90
237570,Mouse,3805,100
237622,Mouse,4376,118
237637,Mouse,3064,118
237647,Mouse,4224,119
237678,Mouse,5037,130
237706,Elephant,446103,1840
237710,Mouse,4423,117
237718,Mouse,5104,115
237766,Mouse,4632,92
237819,Mouse,5081,76
237870,Elephant,589352,2061
237888,Mouse,4176,73
237900,Mouse,4701,75
238039,Mouse,3780,66
238314,Elephant,166508,687
238343,Mouse,3923,93
238363,Mouse,4418,98
238447,Mouse,5305,87
238512,Mouse,5436,83
238558,Mouse,5492,90
238604,Elephant,46977,360
238638,Mouse,5609,94
238658,Mouse,4347,97
238702,Elephant,545312,1683
238743,Mouse,3868,74
238775,Mouse,5577,73
238921,Mouse,5014,65
239073,Elephant,563676,1652
239199,Mouse,4575,72
239202,Mouse,3990,72
239290,Mouse,4625,66
239304,Mouse,3823,64
239345,Mouse,4866,65
239354,Mouse,3978,64
239374,Mouse,4430,68
239395,Mouse,3657,66
239397,Mouse,4919,68
239413,Mouse,4105,66
239432,Mouse,5830,72
239464,Mouse,3187,65
239486,Mouse,5776,66
239686,Mouse,3805,66
239727,Mouse,4122,67
239805,Mouse,4888,71
239833,Mouse,3524,72
239838,Mouse,5703,75
239909,Mouse,4541,81
239983,Elephant,422950,1069
239989,Mouse,4273,88
240063,Mouse,5573,70
240085,Mouse,5603,66
240163,Mouse,3668,67
240237,Mouse,3796,71
240315,Mouse,3453,80
240318,Mouse,3269,80
240363,Elephant,305265,981
240410,Mouse,4603,82
240472,Mouse,5607,67
240505,Mouse,3668,67
240517,Mouse,3468,68
240695,Mouse,3471,74
240759,Mouse,3389,75
241122,Elephant,455941,1338
241151,Elephant,421635,1323
241156,Mouse,5100,94
241271,Mouse,3426,64
241315,Mouse,4663,69
241408,Mouse,3567,69
241565,Elephant,360194,1087
241578,Mouse,3387,66
241634,Mouse,4063,67
241635,Mouse,4745,68
241670,Mouse,4868,65
241781,Mouse,3266,67
241827,Mouse,4604,70
241919,Mouse,4930,74
241981,Mouse,4419,66
242078,Mouse,4405,71
242126,Mouse,5126,77
242155,Mouse,4771,80
242260,Mouse,3757,90
242271,Mouse,3990,82
242328,Mouse,5402,91
242364,Mouse,4620,99
242391,Mouse,3276,98
242485,Mouse,4055,108
242528,Mouse,3746,105
242544,Mouse,4147,110
242593,Mouse,5775,114
242604,Mouse,4094,117
242630,Mouse,4639,125
242667,Elephant,274181,1077
242669,Mouse,3211,120
242719,Mouse,4413,90
242735,Elephant,570928,1375
242754,Mouse,3552,85
242756,Mouse,5497,85
242886,Mouse,4423,66
242909,Mouse,4071,64
243025,Mouse,5117,65
243106,Mouse,4631,68
243152,Mouse,3544,64
243234,Mouse,4995,78
243284,Mouse,3475,74
243328,Elephant,578409,1490
243366,Mouse,4584,67
243375,Mouse,5792,67
243412,Mouse,3585,64
243470,Mouse,4422,68
243514,Mouse,5476,68
243557,Mouse,4324,69
243579,Mouse,4722,65
243603,Mouse,4728,70
243619,Mouse,4339,66
243669,Mouse,4837,65
243698,Mouse,5153,70
243717,Mouse,5648,71
243731,Mouse,4749,71
243787,Mouse,4003,66
243806,Mouse,4930,70
243916,Mouse,5491,80
244112,Mouse,4928,109
244173,Mouse,4333,125
244332,Mouse,3269,109
244389,Mouse,4567,117
244392,Mouse,4696,119
244498,Mouse,3040,115
244507,Mouse,3437,111
244516,Mouse,5095,114
244612,Mouse,5522,84
244698,Mouse,4121,88
244730,Mouse,3371,83
244774,Mouse,5510,98
244810,Mouse,3304,101
244831,Elephant,195606,1018
244905,Elephant,242331,1101
244908,Mouse,3315,75
244945,Mouse,4270,70
245007,Mouse,5710,67
245044,Mouse,3948,65
245090,Mouse,3283,65
245104,Elephant,453390,1665
245124,Mouse,4126,71
245141,Mouse,5544,71
245212,Mouse,5297,68
245219,Mouse,4526,71
245241,Elephant,46957,284
245299,Mouse,5413,67
245309,Elephant,299884,1658
245412,Mouse,4286,65
245541,Mouse,4120,64
245590,Mouse,4401,65
245593,Mouse,4236,65
245625,Mouse,3757,64
245763,Mouse,5405,65
245784,Mouse,4282,65
245798,Mouse,4520,65
245836,Mouse,4106,64
245885,Mouse,5254,65
245898,Mouse,4153,64
245936,Mouse,4846,65
245988,Mouse,3784,64
246044,Mouse,4361,67
246123,Mouse,5611,68
246128,Mouse,3345,66
246148,Mouse,4396,65
246252,Mouse,5111,68
246292,Mouse,3572,66
246314,Elephant,97161,452
246325,Mouse,4906,65
246431,Mouse,5144,67
246528,Mouse,5076,70
246536,Mouse,4578,77
246568,Mouse,4373,71
246577,Mouse,3086,79
246592,Mouse,4617,81
246618,Mouse,4047,76
246663,Mouse,4513,74
246795,Mouse,4399,79
246858,Elephant,308510,893
246949,Mouse,4976,65
246959,Mouse,5306,73
247162,Mouse,5059,85
247465,Elephant,472711,1265
247470,Mouse,3544,117
247487,Mouse,3380,113
247522,Mouse,4157,97
247551,Mouse,5059,85
247652,Mouse,4055,81
247728,Mouse,4047,98
247785,Mouse,4156,107
247789,Mouse,4972,110
247839,Elephant,215410,997
247847,Mouse,3316,115
247855,Mouse,3995,119
247916,Mouse,5421,114
247923,Elephant,484017,1508
247974,Mouse,4842,98
247975,Mouse,5267,98
247977,Mouse,3945,97
247981,Mouse,3325,94
248066,Mouse,3132,77
248077,Mouse,4244,69
248118,Mouse,5155,71
248177,Mouse,3061,71
248277,Elephant,218469,1051
248366,Mouse,5243,71
248385,Mouse,5758,72
248454,Elephant,340730,1310
248463,Mouse,3399,71
248476,Mouse,3266,72
248602,Mouse,3280,67
248612,Mouse,5819,70
248623,Mouse,4081,73
248753,Elephant,315580,968
248855,Mouse,5067,69
248871,Mouse,4951,78
248916,Mouse,3443,77
248930,Mouse,4725,74
248959,Mouse,4166,74
249109,Mouse,4412,78
249165,Mouse,4478,88
249185,Mouse,3937,90
249305,Mouse,3701,88
249342,Mouse,5372,94
249362,Mouse,4478,92
249446,Mouse,5272,101
249463,Mouse,4106,102
249481,Mouse,3526,100
249508,Mouse,3397,98
249714,Mouse,4890,91
249739,Mouse,3553,95
249769,Mouse,3870,105
249841,Mouse,4254,116
249876,Elephant,530503,1449
249980,Mouse,5055,92
250066,Elephant,198873,1037
250074,Mouse,4282,93
250109,Mouse,4187,99
250165,Elephant,598823,1834
250273,Mouse,3317,65
250479,Mouse,3073,79
250541,Mouse,4010,90
250580,Mouse,3473,95
250591,Mouse,3254,98
250615,Elephant,207600,820
250627,Mouse,5041,98
250663,Mouse,4545,102
250667,Mouse,3830,90
250703,Mouse,5227,85
250754,Mouse,4890,72
250830,Elephant,236853,888
250966,Mouse,4187,64
250976,Mouse,5836,68
251028,Mouse,4770,71
251088,Mouse,5628,71
251108,Mouse,4969,77
251174,Elephant,474235,1288
251227,Mouse,4558,69
251298,Mouse,5829,67
251316,Mouse,4185,67
251361,Mouse,3111,67
251377,Mouse,5222,65
251384,Mouse,3488,65
251463,Mouse,3028,64
251475,Mouse,4687,65
251483,Mouse,5410,70
251508,Mouse,3660,64
251620,Mouse,4752,69
251721,Mouse,3322,67
251777,Mouse,5578,73
251861,Mouse,3582,69
251961,Mouse,4457,72
251971,Mouse,3750,74
251972,Elephant,387374,1009
252129,Mouse,3205,64
252171,Mouse,5612,66
252204,Mouse,4798,69
252261,Mouse,5289,68
252302,Mouse,4268,67
252360,Mouse,3296,64
252394,Mouse,4483,65
252432,Mouse,5792,68
252506,Elephant,398087,997
252509,Mouse,3149,69
252529,Mouse,5692,66
252595,Mouse,5525,66
252627,Mouse,4269,66
252822,Mouse,3029,64
252834,Mouse,5754,69
252835,Mouse,5326,69
252892,Mouse,5583,70
252926,Mouse,5040,66
252956,Mouse,5283,77
252986,Mouse,3955,67
253036,Mouse,5166,71
253050,Mouse,3897,71
253188,Mouse,4474,69
253197,Mouse,3963,71
253217,Mouse,4359,68
253266,Mouse,3157,67
253356,Mouse,3678,76
253384,Mouse,5783,80
253410,Mouse,4651,90
253424,Elephant,157179,633
253465,Mouse,3256,81
253505,Mouse,5177,69
253606,Mouse,4600,79
253630,Elephant,540960,1197
253663,Mouse,5401,70
253691,Mouse,5242,75
253694,Mouse,5533,77
253783,Elephant,49247,303
253792,Mouse,3988,64
253932,Mouse,3522,66
253962,Mouse,5342,65
254035,Mouse,5414,70
254063,Mouse,3936,68
254079,Mouse,5194,73
254081,Mouse,3714,73
254124,Mouse,4653,73
254154,Elephant,305091,881
254159,Mouse,3332,65
254188,Mouse,3784,64
254266,Mouse,3001,63
254282,Mouse,5113,65
254324,Mouse,4222,66
254358,Mouse,5173,65
254381,Mouse,4050,64
254405,Mouse,3696,64
254425,Mouse,3543,64
254500,Mouse,3073,64
254553,Mouse,3266,64
254687,Mouse,4670,65
254738,Mouse,4008,64
254802,Mouse,5611,66
254860,Mouse,5085,65
254993,Mouse,5400,65
254999,Mouse,3948,64
255014,Mouse,5208,70
255046,Elephant,111429,490
255075,Mouse,3968,64
255085,Mouse,3631,64
255156,Mouse,5561,66
255349,Mouse,3126,64
255411,Mouse,4394,65
255428,Mouse,4921,65
255514,Mouse,3420,64
255577,Mouse,3838,64
255643,Mouse,3131,64
255807,Mouse,4399,65
255919,Mouse,4606,65
255959,Mouse,4649,65
256042,Mouse,4054,64
256056,Mouse,3195,64
256130,Mouse,5367,65
256156,Mouse,3248,67
256181,Mouse,3008,64
256279,Mouse,3975,68
256357,Mouse,3097,64
256381,Mouse,3713,68
256493,Elephant,100273,493
256507,Mouse,5831,70
256537,Mouse,5749,66
256555,Mouse,5159,72
256569,Mouse,5255,79
256578,Mouse,4141,67
256630,Mouse,5564,66
256658,Mouse,5373,70
256668,Mouse,5728,69
256757,Mouse,4875,65
256869,Mouse,4357,69
256954,Mouse,5184,71
256980,Mouse,3695,67
257108,Mouse,5559,75
257171,Elephant,414971,1042
257223,Mouse,3949,64
257303,Mouse,5042,68
257417,Elephant,398424,1009
257473,Mouse,3986,64
257513,Mouse,5006,65
257577,Mouse,5802,66
257649,Mouse,4429,65
257666,Mouse,5538,67
257687,Mouse,3654,64
257731,Mouse,5425,67
257745,Mouse,5561,66
257811,Mouse,3994,64
257837,Mouse,5575,67
257873,Mouse,3285,64
257994,Mouse,4004,64
258041,Mouse,3291,64
258151,Elephant,146805,549
258193,Mouse,3072,67
258241,Mouse,5706,66
258259,Mouse,3191,64
258488,Mouse,3657,64
258580,Mouse,3984,64
258586,Mouse,5419,65
258726,Mouse,5201,65
258829,Mouse,3456,64
258833,Mouse,4917,66
258918,Mouse,3887,64
259005,Mouse,3375,72
259057,Mouse,5200,78
259107,Mouse,5293,67
259136,Mouse,4767,72
259137,Mouse,3419,71
259225,Mouse,5701,67
259396,Mouse,4423,80
259401,Elephant,226066,730
259405,Mouse,3934,64
259561,Mouse,5258,70
259647,Mouse,3434,64
259691,Mouse,5195,68
259725,Elephant,273376,831
259806,Mouse,5243,66
259854,Mouse,3501,65
259926,Mouse,5033,71
259929,Mouse,3526,71
260045,Mouse,5206,68
260182,Mouse,4230,68
260253,Mouse,3487,64
260285,Mouse,5203,69
260302,Mouse,5213,72
260303,Mouse,4930,69
260367,Elephant,359805,1058
260372,Mouse,3569,67
260428,Mouse,4723,65
260512,Mouse,5157,67
260626,Mouse,3027,64
260913,Mouse,3157,66
260953,Elephant,47707,279
261058,Mouse,4163,66
261144,Mouse,4302,66
261179,Mouse,3603,64
261333,Mouse,5630,66
261428,Mouse,3338,64
261499,Mouse,3093,66
261500,Mouse,5780,68
261506,Mouse,5453,66
261558,Mouse,4188,64
261562,Mouse,4570,65
261578,Mouse,3277,66
261591,Mouse,5291,65
261638,Mouse,4387,65
261669,Mouse,5596,69
261714,Mouse,4109,68
261767,Mouse,4370,65
261956,Mouse,3078,66
262067,Mouse,3374,66
262217,Mouse,3868,68
262267,Mouse,5067,75
262304,Mouse,3400,79
262326,Mouse,3878,79
262366,Elephant,491520,1122
262374,Mouse,3462,74
262402,Mouse,3550,77
262410,Mouse,5792,80
262472,Mouse,3603,69
262477,Mouse,5160,72
262499,Mouse,5648,73
262759,Mouse,4489,90
262767,Mouse,3501,92
262801,Mouse,4216,97
262838,Mouse,5212,104
262884,Mouse,3557,99
262900,Mouse,3434,99
262944,Mouse,5661,106
262976,Mouse,5828,104
263096,Mouse,3741,112
263112,Mouse,3332,104
263144,Mouse,3634,89
263217,Mouse,5144,72
263259,Mouse,5415,79
263298,Mouse,3605,89
263433,Mouse,5271,101
263463,Mouse,3417,104
263494,Mouse,4685,110
263516,Mouse,3475,111
263566,Mouse,3098,114
263588,Mouse,5804,118
263606,Mouse,5452,130
263613,Mouse,3942,134
263623,Elephant,459927,1589
263674,Mouse,3026,108
263686,Mouse,4745,95
263756,Mouse,4454,87
263774,Mouse,5238,94
263799,Mouse,3217,89
263964,Mouse,4931,117
264094,Mouse,3163,114
264113,Mouse,4673,116
264181,Mouse,3845,117
264259,Mouse,5465,119
264324,Mouse,5602,118
264333,Mouse,3578,124
264435,Mouse,4334,119
264468,Elephant,472557,2005
264492,Mouse,3990,108
264509,Mouse,5417,107
264517,Mouse,3765,109
264574,Mouse,5262,101
264583,Mouse,4367,98
264594,Mouse,3126,93
264609,Mouse,4420,100
264682,Mouse,3044,101
264693,Mouse,3071,104
264704,Elephant,439771,2112
264755,Mouse,5197,88
264787,Mouse,5836,84
264859,Mouse,5306,82
264870,Mouse,4962,86
264991,Elephant,546798,1799
265081,Mouse,4107,64
265179,Mouse,5281,70
265186,Mouse,3714,72
265207,Mouse,3278,68
265240,Mouse,4407,77
265302,Mouse,4914,65
265337,Elephant,567010,2200
265463,Mouse,3656,73
265523,Mouse,5324,65
265542,Mouse,3758,70
265638,Mouse,4841,71
265709,Mouse,3322,67
265732,Mouse,5726,76
265743,Mouse,4223,77
265791,Mouse,3186,71
265921,Mouse,4230,89
265935,Mouse,3203,97
266031,Mouse,5180,118
266257,Mouse,4722,135
266267,Elephant,302965,1011
266273,Mouse,3343,132
266446,Elephant,302709,1102
266468,Mouse,4474,85
266539,Elephant,233905,1007
266597,Mouse,5086,69
266632,Mouse,3425,67
266672,Mouse,3719,68
266686,Mouse,4990,69
266715,Mouse,5758,75
266726,Mouse,3369,72
266746,Mouse,4716,77
266787,Mouse,3983,82
266926,Mouse,5745,82
266959,Mouse,5561,90
266967,Elephant,218600,1195
267055,Mouse,4509,75
267075,Mouse,5095,76
267125,Mouse,4375,82
267196,Mouse,4189,89
267259,Mouse,4663,92
267266,Elephant,376731,1142
267276,Mouse,3535,88
267439,Elephant,457736,1699
267443,Mouse,4414,65
267527,Mouse,4688,65
267602,Mouse,3533,67
267621,Mouse,4190,64
267693,Mouse,5389,69
267786,Mouse,4877,75
268092,Mouse,5712,71
268105,Mouse,5357,76
268143,Mouse,3082,78
268161,Elephant,513507,1201
268298,Mouse,3793,67
268352,Mouse,5374,71
268402,Elephant,233227,741
268430,Mouse,5440,67
268451,Mouse,5017,65
268474,Mouse,3115,65
268530,Mouse,4690,65
268576,Mouse,3964,64
268590,Mouse,3601,67
268654,Mouse,4493,65
268663,Mouse,4709,65
268748,Mouse,3155,64
268767,Mouse,3362,65
268898,Mouse,4502,71
268983,Mouse,4184,71
269059,Mouse,4648,68
269112,Mouse,3674,69
269142,Elephant,51884,323
269259,Mouse,5090,68
269268,Mouse,4197,69
269276,Mouse,4269,75
269463,Mouse,5723,73
269483,Elephant,428997,1046
269567,Mouse,4946,67
269654,Mouse,3105,66
269696,Mouse,5059,68
269765,Mouse,3249,67
269907,Elephant,480281,1100
269955,Mouse,3474,64
270091,Mouse,5058,65
270127,Mouse,3746,64
270154,Elephant,101831,458
270277,Mouse,3317,67
270379,Mouse,3140,67
270427,Mouse,3804,66
270470,Mouse,3991,67
270515,Mouse,5519,70
270657,Mouse,5310,67
270758,Mouse,5149,70
270825,Elephant,142747,557
270843,Mouse,3191,67
270847,Mouse,5371,71
270863,Mouse,3994,65
270942,Mouse,5310,70
271011,Mouse,4270,68
271108,Elephant,508804,1116
271128,Mouse,3662,64
271134,Mouse,4153,65
271289,Mouse,4957,65
271352,Mouse,4179,64
271433,Mouse,5677,72
271436,Mouse,5160,74
271547,Mouse,5020,65
271636,Mouse,3739,64
271749,Mouse,4448,69
271796,Mouse,3062,66
271806,Mouse,3133,64
271821,Mouse,4950,68
271944,Mouse,3929,68
272049,Mouse,3492,66
272119,Mouse,3628,68
272122,Mouse,4540,71
272220,Mouse,5669,71
272228,Mouse,5817,76
272308,Mouse,5161,68
272311,Mouse,3540,65
272314,Elephant,581627,1210
272326,Mouse,4138,65
272339,Mouse,5638,67
272489,Mouse,5786,66
272493,Mouse,5117,66
272566,Mouse,5065,65
272666,Mouse,4339,65
272669,Mouse,4262,67
272681,Mouse,4216,64
272712,Mouse,5823,66
272784,Mouse,4834,65
272796,Mouse,3580,64
272860,Mouse,4880,65
272962,Mouse,5643,66
272983,Mouse,4943,65
273005,Mouse,4828,65
273015,Mouse,5423,68
273151,Mouse,4329,67
273198,Mouse,3456,64
273313,Mouse,4255,67
273409,Mouse,5563,70
273426,Mouse,5658,66
273466,Mouse,3503,64
273679,Mouse,4417,67
273722,Mouse,3599,70
273922,Mouse,3912,67
273998,Mouse,3614,64
274003,Mouse,5625,67
274139,Mouse,4489,68
274155,Elephant,515234,1206
274177,Mouse,3738,64
274225,Mouse,4681,65
274280,Mouse,5533,66
274450,Mouse,4140,64
274467,Mouse,3181,64
274550,Mouse,4060,64
274569,Mouse,4089,64
274644,Mouse,5239,65
274683,Mouse,5178,65
274725,Mouse,4659,66
274730,Mouse,3756,64
274752,Mouse,3693,65
274888,Mouse,3697,64
274958,Mouse,4048,64
275020,Mouse,3253,64
275024,Mouse,4638,66
275049,Mouse,4678,66
275198,Mouse,4608,73
275297,Mouse,4563,65
275303,Mouse,4328,66
275378,Mouse,5495,73
275454,Mouse,4539,73
275524,Mouse,4462,92
275533,Elephant,139396,633
275585,Mouse,5315,83
275801,Mouse,5197,78
275810,Mouse,3242,81
275813,Mouse,4641,84
275902,Mouse,4008,88
275967,Elephant,255322,932
276005,Elephant,271430,937
276124,Mouse,4992,73
276137,Mouse,3266,64
276160,Mouse,5516,73
276180,Mouse,5239,65
276213,Mouse,3561,73
276224,Mouse,4208,65
276265,Mouse,5584,73
276326,Elephant,205223,976
276363,Mouse,3976,67
276365,Mouse,3795,66
276478,Elephant,360773,1266
276695,Mouse,4394,66
276789,Mouse,3734,64
276850,Mouse,4799,65
276866,Mouse,4711,69
276878,Mouse,5678,69
276881,Mouse,3868,65
276894,Mouse,5683,66
276980,Mouse,4938,65
277064,Mouse,5273,65
277081,Mouse,5245,67
277095,Mouse,5090,70
277319,Mouse,4775,74
277392,Mouse,3496,69
277479,Mouse,4484,70
277492,Mouse,5538,74
277497,Elephant,542630,1178
277561,Mouse,4432,75
277606,Mouse,3213,68
277639,Mouse,5825,69
277708,Mouse,5001,65
277753,Mouse,4007,65
277838,Mouse,3227,70
277873,Mouse,5757,70
277989,Mouse,4357,75
278015,Mouse,3905,69
278035,Mouse,5107,79
278060,Mouse,5558,90
278081,Mouse,3250,83
278105,Mouse,5085,89
278178,Mouse,5056,78
278183,Mouse,4085,78
278206,Mouse,4311,80
278212,Mouse,4363,79
278276,Mouse,3926,85
278417,Mouse,5626,83
278425,Mouse,4756,89
278486,Elephant,551325,1310
278497,Elephant,405785,1130
278575,Mouse,4570,65
278618,Mouse,5003,66
278744,Mouse,3293,64
278854,Mouse,4220,64
278997,Mouse,4906,65
279031,Mouse,3008,64
279089,Mouse,5784,66
279140,Mouse,4005,64
279144,Mouse,4622,65
279178,Mouse,3056,64
279221,Mouse,5371,65
279256,Mouse,5190,65
279261,Mouse,4027,64
279286,Mouse,5522,66
279312,Mouse,5825,66
279351,Mouse,5402,65
279387,Mouse,4723,65
279519,Mouse,3343,64
279533,Mouse,3309,64
279566,Mouse,5538,66
279640,Mouse,4822,65
279809,Mouse,4616,65
279909,Mouse,3894,65
279914,Mouse,3184,68
279963,Mouse,3736,71
280006,Mouse,4039,68
280070,Mouse,3034,74
280093,Mouse,5806,68
280131,Mouse,4074,75
280161,Mouse,4259,75
280241,Mouse,3175,79
280356,Mouse,4001,87
280380,Mouse,5107,93
280423,Mouse,3678,102
280507,Mouse,4105,115
280517,Mouse,4164,113
280525,Mouse,3237,118
280611,Elephant,321675,1021
280668,Mouse,4364,114
280694,Mouse,3271,100
280801,Mouse,3808,83
280825,Mouse,5083,92
280886,Mouse,4741,106
281060,Mouse,5482,111
281108,Mouse,4731,112
281121,Mouse,4703,117
281137,Elephant,100809,756
281149,Mouse,3377,120
281160,Mouse,3450,120
281179,Elephant,403307,1474
281198,Mouse,3082,103
281264,Mouse,3194,74
281305,Mouse,5259,78
281405,Mouse,5597,100
281477,Mouse,5666,103
281576,Mouse,4208,104
281588,Mouse,4232,115
281625,Mouse,3927,115
281687,Elephant,551954,1967
281705,Mouse,3154,126
281774,Mouse,3100,101
281865,Mouse,4200,93
281899,Mouse,5705,93
281935,Mouse,4628,96
281948,Mouse,3585,102
282158,Elephant,270223,1350
282175,Elephant,476456,1725
282191,Mouse,4387,97
282240,Mouse,3324,73
282246,Elephant,334267,1845
282306,Elephant,53229,401
282397,Mouse,3278,64
282479,Mouse,4371,67
282539,Mouse,3673,64
282588,Mouse,3349,68
282591,Mouse,5603,73
282670,Mouse,4817,65
282720,Mouse,3730,64
282782,Mouse,4352,69
282849,Mouse,4489,65
282872,Elephant,374494,1449
282911,Mouse,5778,71
282918,Mouse,5157,72
282979,Mouse,4485,68
282993,Mouse,3251,64
283042,Elephant,41380,246
283068,Mouse,5028,69
283072,Mouse,3481,64
283083,Mouse,3523,64
283093,Mouse,3025,64
283142,Mouse,5469,66
283164,Mouse,4222,64
283192,Mouse,4149,68
283244,Mouse,4562,65
283266,Mouse,3272,64
283290,Mouse,4409,66
283313,Mouse,5011,65
283325,Mouse,4980,70
283381,Mouse,5632,74
283642,Mouse,5520,70
283754,Mouse,4829,69
283776,Mouse,4837,65
283861,Mouse,3095,64
283917,Mouse,4176,66
283927,Mouse,4195,69
284044,Mouse,3506,72
284078,Mouse,4107,68
284133,Mouse,4407,72
284158,Mouse,3809,72
284205,Elephant,538273,1295
284219,Mouse,5827,66
284248,Mouse,3672,65
284436,Mouse,3575,67
284544,Mouse,5148,70
284617,Mouse,4996,80
284688,Mouse,3252,75
284745,Mouse,5196,83
284759,Mouse,4521,88
284789,Mouse,5783,100
284873,Mouse,3982,101
284933,Mouse,4861,102
284997,Mouse,5225,112
285020,Mouse,4426,111
285072,Elephant,539814,1304
285076,Mouse,4172,117
285091,Mouse,5652,117
285134,Elephant,209912,861
285239,Mouse,3267,68
285254,Mouse,4054,67
285298,Mouse,5187,70
285436,Mouse,5720,70
285509,Elephant,439663,1193
285570,Mouse,4161,64
285652,Mouse,4421,65
285737,Mouse,4154,64
285758,Mouse,3784,65
285848,Mouse,3309,64
285882,Mouse,4894,69
285902,Mouse,5392,65
285936,Mouse,4045,69
285944,Mouse,5633,66
286159,Mouse,3055,64
286217,Mouse,3477,64
286224,Mouse,4849,65
286285,Mouse,4637,69
286327,Mouse,5753,69
286352,Mouse,5080,65
286463,Mouse,4958,70
286475,Mouse,5226,68
286497,Mouse,3621,67
286509,Mouse,3854,70
286519,Mouse,3632,67
286533,Elephant,248536,757
286579,Mouse,4932,65
286594,Mouse,5418,65
286669,Mouse,3423,64
286691,Mouse,4502,65
286785,Mouse,4601,65
286850,Mouse,4339,65
286864,Mouse,4791,65
286904,Mouse,3680,64
286926,Mouse,5115,65
286933,Mouse,3691,64
286950,Mouse,3422,64
286976,Mouse,4816,66
287049,Mouse,4311,65
287062,Mouse,3157,64
287096,Mouse,5162,65
287138,Mouse,5135,65
287155,Mouse,4473,65
287294,Mouse,4968,65
287322,Mouse,3145,64
287338,Mouse,4486,66
287348,Mouse,5609,66
287410,Mouse,4877,65
287422,Mouse,3591,64
287475,Mouse,3765,64
287612,Mouse,4707,65
287628,Mouse,5228,65
287649,Mouse,3350,64
287676,Mouse,4159,64
287711,Mouse,3637,64
287723,Mouse,5445,68
287825,Mouse,5401,65
287842,Mouse,4587,65
287859,Mouse,4918,69
288017,Mouse,5053,65
288039,Mouse,4940,71
288042,Mouse,3877,71
288093,Mouse,5049,66
288096,Mouse,4119,68
288106,Mouse,4232,65
288184,Mouse,5195,74
288185,Mouse,4773,72
288196,Mouse,4011,72
288310,Mouse,3424,68
288389,Elephant,300283,859
288432,Mouse,4069,74
288659,Mouse,4917,71
288684,Mouse,3316,68
288782,Mouse,4953,69
288801,Mouse,4420,77
288830,Mouse,4241,82
288836,Elephant,318599,891
288911,Mouse,4259,65
288997,Mouse,3893,71
289082,Elephant,445651,1078
289098,Mouse,4233,72
289224,Mouse,4314,73
289231,Mouse,4097,71
289367,Mouse,4837,71
289385,Mouse,3023,67
289472,Mouse,4397,70
289528,Elephant,194268,697
289578,Mouse,4110,70
289624,Mouse,4448,65
289671,Mouse,3723,66
289674,Mouse,3845,68
289688,Mouse,5224,71
289707,Mouse,3668,79
289713,Mouse,5556,83
289809,Mouse,4281,72
289899,Mouse,3542,80
290045,Mouse,4002,92
290073,Elephant,396422,1067
290231,Mouse,3915,70
290263,Mouse,3923,71
290367,Mouse,3244,65
290379,Mouse,5246,69
290391,Mouse,3941,69
290440,Mouse,4619,74
290489,Mouse,4488,69
290537,Mouse,4481,65
290586,Elephant,153549,617
290591,Mouse,5077,66
290633,Mouse,4088,65
290657,Elephant,186730,670
290788,Mouse,3728,64
290840,Mouse,4507,65
290880,Mouse,4708,65
290900,Mouse,4879,65
290913,Mouse,5526,66
290958,Mouse,5160,66
291007,Mouse,5671,66
291054,Mouse,4515,65
291062,Mouse,4872,65
291067,Mouse,5589,66
291161,Mouse,4577,65
291195,Mouse,4585,65
291280,Mouse,4934,65
291368,Mouse,5685,66
291468,Mouse,3704,64
291545,Mouse,4680,65
291553,Mouse,4971,65
291660,Mouse,4031,64
291707,Mouse,4972,65
291777,Mouse,5652,66
291889,Mouse,3468,64
291946,Mouse,5157,68
291949,Mouse,3078,64
292030,Mouse,5163,70
292086,Mouse,3800,64
292131,Mouse,3877,65
292249,Mouse,4729,71
292253,Mouse,4525,72
292262,Mouse,4392,77
292276,Mouse,3089,70
292329,Mouse,5349,71
292342,Mouse,5146,68
292394,Mouse,5345,70
292411,Mouse,4448,76
292452,Elephant,240742,748
292461,Mouse,4945,82
292549,Mouse,4315,68
292581,Mouse,5020,68
292674,Mouse,5660,70
292749,Mouse,5303,77
292763,Mouse,4820,82
292775,Elephant,159817,624
292900,Mouse,3345,71
293000,Mouse,5301,77
293017,Mouse,4752,82
293048,Mouse,4069,84
293056,Mouse,3592,88
293165,Mouse,4277,86
293171,Mouse,5642,91
293219,Mouse,5011,92
293222,Elephant,255538,866
293233,Elephant,412836,1106
293236,Mouse,4861,90
293249,Mouse,4306,80
293368,Elephant,95928,576
293444,Mouse,3334,64
293580,Mouse,5561,66
293627,Mouse,4391,65
293639,Mouse,5449,66
293721,Mouse,4822,65
293810,Mouse,5667,66
293839,Mouse,3166,64
294199,Mouse,3162,64
294237,Mouse,3742,67
294299,Mouse,5319,65
294382,Mouse,3040,64
294415,Mouse,4411,69
294537,Mouse,4130,68
294667,Mouse,3925,65
294804,Elephant,282225,807
294810,Mouse,3010,64
294860,Mouse,5657,66
294946,Mouse,4977,65
294971,Mouse,5091,65
295007,Mouse,4512,65
295069,Mouse,3022,64
295114,Mouse,3395,64
295125,Mouse,4983,69
295158,Mouse,3769,65
295215,Mouse,4723,65
295325,Mouse,4928,65
295397,Mouse,5827,66
295522,Mouse,5079,70
295593,Elephant,174704,624
295604,Mouse,5566,66
295619,Mouse,5397,65
295658,Mouse,5534,66
295677,Mouse,5825,66
295887,Mouse,3298,64
295900,Mouse,5696,66
296043,Mouse,3981,64
296153,Mouse,3057,64
296189,Mouse,3877,64
296198,Mouse,4625,65
296349,Mouse,5715,66
296431,Mouse,5344,70
296617,Mouse,4367,65
296663,Mouse,5474,66
296685,Mouse,4828,69
296708,Elephant,190374,650
296715,Mouse,5535,82
296762,Mouse,5517,75
296769,Mouse,4080,68
296805,Mouse,5594,69
296926,Mouse,4983,68
297029,Elephant,55883,331
297307,Elephant,264513,852
297354,Mouse,4698,67
297489,Elephant,262111,865
297565,Mouse,5703,66
297575,Mouse,5407,67
297579,Mouse,4764,69
297583,Elephant,301462,874
297645,Mouse,4789,65
297653,Mouse,4547,65
297752,Mouse,5602,66
297762,Mouse,4029,64
297829,Mouse,4599,65
297871,Mouse,5481,66
297902,Mouse,4363,68
297907,Mouse,4106,68
297922,Mouse,5746,66
297950,Mouse,3542,68
298008,Mouse,3118,64
298219,Mouse,5025,74
298261,Mouse,4253,74
298289,Mouse,5500,69
298468,Mouse,3911,79
298583,Mouse,5288,89
298759,Mouse,3498,105
298776,Mouse,3308,106
298912,Mouse,5162,137
298934,Elephant,332798,1062
298942,Mouse,3226,127
298962,Mouse,3886,119
298968,Mouse,3579,116
298977,Mouse,5174,123
299009,Mouse,3617,109
299045,Mouse,3649,98
299101,Elephant,267169,1090
299185,Elephant,462018,1351
299209,Mouse,4839,68
299237,Mouse,4413,68
299268,Mouse,3975,68
299301,Mouse,3660,64
299340,Mouse,4305,67
299348,Mouse,3729,67
299391,Mouse,3200,70
299485,Mouse,3564,65
299496,Mouse,4299,65
299522,Mouse,3706,70
299526,Mouse,5636,73
299634,Mouse,3396,69
299662,Mouse,5452,79
299713,Mouse,3652,75
299767,Mouse,4859,80
299774,Mouse,4293,84
299913,Mouse,4279,94
299976,Mouse,4209,100
299985,Mouse,4074,105
300020,Mouse,3008,109
300043,Mouse,5696,114
300079,Mouse,4824,112
300141,Mouse,3577,106
300169,Mouse,4400,85
300170,Elephant,539569,1468
300193,Mouse,5519,88
300211,Mouse,3780,90
300235,Mouse,4582,68
300379,Elephant,596699,1759
300411,Mouse,3463,67
300423,Mouse,5282,73
300497,Mouse,4697,72
300527,Mouse,4290,71
300662,Mouse,4987,70
300805,Mouse,4535,77
300859,Mouse,4314,79
300868,Mouse,5440,81
300906,Elephant,381370,1267
300994,Mouse,4522,69
301230,Elephant,138304,558
301309,Mouse,4421,66
301346,Mouse,5643,75
301499,Elephant,464651,1375
301548,Mouse,4524,71
301641,Elephant,103840,466
301646,Mouse,5319,66
301788,Elephant,100071,460
301819,Mouse,4289,65
301912,Mouse,4302,65
301941,Mouse,3368,65
302078,Mouse,4820,69
302209,Mouse,4605,66
302294,Mouse,3900,67
302335,Elephant,296175,904
302411,Mouse,5311,65
302474,Mouse,5821,68
302553,Mouse,4219,64
302570,Mouse,5062,69
302593,Mouse,4513,73
302715,Mouse,3060,68
302728,Elephant,242339,799
302773,Mouse,4129,66
302787,Mouse,3188,65
302798,Mouse,5189,71
302868,Mouse,5351,68
302900,Mouse,5637,70
302943,Mouse,4711,68
302998,Mouse,4615,70
303044,Mouse,5757,72
303173,Mouse,4010,68
303210,Mouse,4215,67
303446,Mouse,3300,69
303468,Mouse,3761,68
303538,Mouse,3564,64
303549,Mouse,3005,67
303561,Mouse,4440,72
303578,Mouse,3319,64
303602,Mouse,4839,71
303646,Elephant,234846,1052
303812,Mouse,5682,66
303969,Mouse,5452,70
304022,Mouse,4113,72
304055,Mouse,4391,69
304074,Mouse,5537,72
304156,Mouse,5775,70
304172,Mouse,3142,67
304205,Mouse,5459,76
304248,Mouse,4053,80
304254,Elephant,444175,1069
304348,Mouse,3589,67
304545,Mouse,5054,76
304571,Mouse,4623,75
304602,Mouse,5515,85
304623,Mouse,5668,84
304638,Mouse,4667,92
304769,Mouse,4468,84
304805,Elephant,383867,1050
304855,Mouse,3409,66
304859,Mouse,3022,64
304973,Mouse,4462,71
305065,Mouse,5691,74
305079,Elephant,179124,708
305215,Mouse,4981,67
305266,Mouse,5611,69
305400,Elephant,576829,1273
305425,Mouse,3392,65
305513,Mouse,3226,64
305534,Mouse,3536,64
305560,Mouse,5097,69
305654,Mouse,4281,65
305704,Mouse,5378,69
305738,Mouse,3869,64
305783,Mouse,4439,66
305866,Mouse,4347,65
305912,Elephant,44886,280
305944,Mouse,5716,70
305955,Mouse,5838,76
306140,Mouse,3174,64
306166,Mouse,4425,67
306325,Mouse,3915,67
306328,Mouse,3973,69
306360,Mouse,5349,65
306428,Mouse,3522,67
306644,Mouse,3688,68
306652,Elephant,586912,1207
306786,Mouse,4254,66
306901,Mouse,3132,64
307000,Mouse,4819,68
307115,Elephant,215562,684
307192,Mouse,5188,65
307235,Mouse,5382,66
307260,Mouse,5486,69
307266,Mouse,4906,69
307534,Mouse,5132,67
307590,Mouse,5169,70
307672,Mouse,3453,68
307678,Mouse,3627,70
307715,Elephant,472160,1090
307718,Mouse,3527,76
307898,Mouse,3838,67
307944,Elephant,57662,329
308001,Elephant,229053,735
308052,Mouse,3482,64
308057,Mouse,3189,64
308092,Mouse,4883,65
308290,Mouse,4839,65
308306,Mouse,4814,65
308315,Mouse,3993,66
308325,Mouse,4420,70
308511,Mouse,5392,70
308601,Mouse,4616,73
308632,Mouse,3286,72
308652,Mouse,3058,75
308654,Mouse,3736,71
308720,Mouse,4115,72
308726,Mouse,5258,77
308767,Mouse,5721,75
308813,Mouse,5830,83
308853,Mouse,5000,84
308986,Elephant,177525,691
309084,Mouse,5226,79
309123,Elephant,266295,867
309242,Mouse,3064,67
309278,Mouse,3931,64
309417,Mouse,3105,66
309425,Mouse,5601,73
309444,Mouse,3214,75
309454,Elephant,514593,1203
309551,Mouse,3922,65
309667,Mouse,3593,64
309698,Mouse,5384,67
309782,Mouse,4178,68
309819,Mouse,3463,67
309843,Mouse,4920,65
309923,Mouse,3303,66
309992,Mouse,5014,70
310074,Mouse,3069,66
310081,Elephant,472170,1095
310182,Mouse,4128,64
310193,Mouse,5123,65
310203,Mouse,3750,64
310260,Mouse,3451,64
310308,Mouse,5183,65
310350,Mouse,3062,64
310488,Mouse,4788,65
310508,Mouse,3466,64
310763,Mouse,5820,66
310785,Mouse,3443,64
310838,Mouse,3714,67
310887,Mouse,3750,70
310967,Mouse,4115,67
311067,Mouse,5738,69
311156,Mouse,5350,69
311272,Mouse,3082,66
311333,Mouse,5005,72
311354,Mouse,5668,75
311484,Mouse,3452,77
311509,Mouse,5177,87
311583,Mouse,3498,101
311600,Mouse,4226,104
311630,Mouse,4670,107
311670,Mouse,5817,120
311736,Elephant,312445,964
311761,Mouse,3864,110
311780,Mouse,5041,104
311790,Mouse,4375,89
311800,Mouse,4396,94
311829,Mouse,3814,92
311840,Mouse,3324,91
312238,Mouse,3516,102
312373,Elephant,550545,1541
312391,Mouse,3795,89
312418,Elephant,552290,1554
312419,Mouse,3853,93
312428,Mouse,3985,83
312485,Mouse,4771,67
312517,Mouse,4438,67
312611,Mouse,5780,69
312648,Mouse,4952,82
312694,Mouse,3263,77
312849,Elephant,110112,527
312925,Mouse,3502,100
313096,Elephant,144566,646
313122,Mouse,5412,110
313132,Mouse,3290,118
313236,Mouse,4746,113
313251,Mouse,3979,114
313310,Mouse,5660,113
313350,Mouse,4401,115
313394,Elephant,189305,881
313436,Mouse,4055,117
313461,Mouse,5346,109
313473,Mouse,3908,105
313509,Elephant,529652,1808
313625,Mouse,3965,69
313652,Elephant,109771,753
313678,Mouse,4310,73
313701,Mouse,4886,77
313732,Mouse,5733,81
313786,Mouse,4197,75
313812,Elephant,93783,811
313825,Elephant,84294,573
313896,Mouse,5752,72
313947,Mouse,4593,76
313994,Mouse,5815,76
314017,Mouse,3948,81
314041,Mouse,5781,82
314052,Mouse,5461,86
314085,Mouse,4486,87
314120,Mouse,5110,90
314157,Mouse,5486,92
314203,Elephant,124622,574
314242,Mouse,3687,81
314287,Mouse,4251,71
314293,Mouse,5617,72
314347,Elephant,477375,1634
314355,Mouse,5662,71
314372,Mouse,3023,75
314604,Mouse,3381,64
314617,Mouse,4621,65
314626,Mouse,4474,68
314675,Mouse,5225,71
314695,Mouse,4113,73
314703,Mouse,4984,66
314705,Elephant,450403,1253
314711,Mouse,3952,65
314847,Mouse,5233,65
314933,Mouse,4588,67
314934,Mouse,4346,68
314946,Mouse,3229,64
314997,Mouse,5153,65
315120,Mouse,3960,64
315140,Mouse,3466,64
315172,Mouse,4840,65
315212,Mouse,4427,65
315258,Mouse,4004,64
315387,Mouse,3604,68
315393,Mouse,5406,65
315401,Mouse,5077,65
315496,Mouse,4099,64
315568,Mouse,3227,71
315792,Mouse,4544,81
316001,Mouse,3945,129
316003,Mouse,5252,131
316059,Elephant,391926,1096
316089,Mouse,4937,122
316096,Mouse,3238,123
316097,Mouse,4186,126
316136,Mouse,4068,119
316175,Mouse,3960,97
316187,Elephant,44042,430
316238,Elephant,232829,924
316329,Mouse,3418,67
316376,Mouse,5317,73
316400,Mouse,3866,82
316403,Mouse,5286,80
316520,Mouse,3391,75
316575,Mouse,5385,95
316738,Mouse,4906,125
316794,Mouse,4885,137
316883,Mouse,3894,145
316924,Mouse,4401,149
316930,Mouse,3784,152
316994,Mouse,3898,162
317043,Mouse,5108,172
317093,Mouse,3369,172
317314,Mouse,4497,159
317327,Mouse,4087,162
317332,Elephant,355722,1747
317341,Mouse,5060,171
317361,Mouse,4584,172
317427,Mouse,4305,155
317552,Mouse,3296,107
317659,Mouse,3901,123
317833,Mouse,5032,133
317833,Mouse,5145,134
317907,Elephant,397265,2189
317952,Mouse,3176,145
317986,Mouse,4187,127
318000,Elephant,444615,2377
318135,Mouse,4738,90
318169,Mouse,4795,102
318172,Elephant,34054,396
318212,Elephant,463638,2206
318219,Mouse,5811,108
318292,Mouse,4951,87
318465,Mouse,3898,91
318480,Mouse,5023,96
318508,Mouse,4187,102
318573,Mouse,5031,109
318617,Mouse,5095,105
318635,Mouse,4060,110
318647,Mouse,5772,114
318662,Elephant,277156,2135
318665,Mouse,3074,105
318719,Mouse,5276,96
318727,Mouse,5078,100
318739,Elephant,365924,2365
318750,Mouse,3344,89
318759,Mouse,5033,73
318824,Mouse,4439,68
318848,Mouse,4689,73
318886,Mouse,5300,74
318905,Mouse,3691,68
318966,Mouse,3062,68
319031,Elephant,514138,2322
319062,Mouse,3120,68
319113,Mouse,3450,67
319162,Mouse,4942,65
319306,Mouse,5406,67
319594,Mouse,4711,75
319610,Mouse,3099,78
319623,Mouse,5764,83
319645,Mouse,4339,89
319673,Mouse,4141,97
319726,Mouse,3924,101
319806,Elephant,95974,512
319854,Mouse,4707,81
319865,Mouse,4911,81
319912,Elephant,312536,922
319915,Mouse,3278,75
319975,Elephant,222870,828
320051,Mouse,5649,70
320058,Mouse,5251,73
320120,Mouse,4202,64
320191,Mouse,5805,70
320290,Mouse,3299,66
320450,Mouse,4991,69
320498,Mouse,5501,70
320559,Mouse,4870,74
320561,Mouse,3623,74
320600,Mouse,3001,81
320601,Mouse,4805,85
320656,Mouse,4830,91
320678,Mouse,4344,87
320697,Mouse,5033,95
320735,Mouse,4250,97
320748,Mouse,3449,100
320812,Mouse,4919,94
321059,Mouse,4810,111
321138,Mouse,4876,125
321147,Mouse,4106,127
321167,Mouse,5508,133
321303,Elephant,410632,1232
321337,Elephant,445984,1288
321343,Mouse,4816,90
321373,Mouse,3679,75
321402,Elephant,262213,1054
321436,Mouse,3404,65
321446,Mouse,3306,66
321461,Mouse,4703,65
321517,Mouse,5555,66
321531,Mouse,3380,67
321563,Mouse,4423,65
321604,Mouse,3112,64
321711,Mouse,4018,65
321719,Mouse,5576,67
321721,Mouse,3396,65
321730,Mouse,4308,65
321735,Mouse,3805,64
321768,Mouse,3157,64
321890,Mouse,5126,69
322082,Mouse,3971,64
322095,Mouse,3957,67
322272,Elephant,350192,1000
322351,Mouse,4932,65
322363,Mouse,3231,64
322384,Mouse,3943,64
322395,Mouse,3390,65
322420,Mouse,5021,65
322435,Mouse,4383,65
322468,Mouse,5452,66
322680,Mouse,4894,65
322756,Mouse,4921,65
322785,Mouse,4925,65
322844,Mouse,4867,69
322872,Mouse,4032,64
322977,Mouse,5781,70
322986,Mouse,5120,65
323107,Mouse,3488,67
323200,Mouse,3831,67
323210,Mouse,5397,65
323279,Mouse,3654,66
323294,Mouse,3532,66
323312,Mouse,4317,68
323369,Mouse,4450,68
323394,Mouse,5751,66
323400,Mouse,4866,65
323409,Mouse,4074,64
323447,Mouse,3533,64
323470,Mouse,4920,65
323506,Mouse,5051,65
323536,Mouse,5839,66
323551,Mouse,4660,67
323572,Mouse,4894,65
323599,Mouse,3870,64
323653,Mouse,3058,64
323673,Mouse,3966,64
323707,Mouse,4936,65
323744,Mouse,3589,64
323793,Mouse,4757,65
323829,Mouse,5385,67
323892,Mouse,3988,67
323957,Mouse,5524,71
323965,Mouse,4411,66
323994,Mouse,3675,69
324011,Mouse,5248,65
324015,Mouse,3888,64
324017,Elephant,96081,449
324093,Mouse,4787,69
324455,Mouse,3952,69
324540,Mouse,4829,77
324619,Mouse,4701,95
324696,Mouse,4282,104
324705,Elephant,494704,1165
324740,Mouse,4395,87
324766,Mouse,4590,81
324843,Mouse,3735,67
324949,Mouse,5178,79
325057,Elephant,228359,813
325097,Mouse,3491,78
325158,Elephant,279490,942
325273,Mouse,5047,65
325338,Mouse,5459,69
325354,Mouse,3361,73
325421,Mouse,4765,67
325544,Mouse,5276,70
325554,Mouse,4900,73
325583,Mouse,5465,76
325683,Mouse,5606,81
325750,Elephant,531472,1281
325776,Mouse,3442,80
325808,Elephant,126732,571
325889,Mouse,4962,71
325891,Mouse,5296,72
325937,Mouse,4544,72
326161,Mouse,3373,68
326212,Mouse,5339,74
326225,Mouse,3382,75
326236,Mouse,5783,81
326279,Mouse,4495,87
326358,Mouse,3914,80
326359,Mouse,5738,82
326474,Mouse,4361,97
326532,Elephant,133446,618
326537,Mouse,3415,99
326572,Mouse,4882,87
326608,Mouse,3977,70
326617,Mouse,5112,76
326625,Mouse,3713,74
326755,Mouse,4969,75
326775,Elephant,340341,1262
326786,Mouse,4612,80
326800,Mouse,3584,73
326812,Mouse,5341,78
326882,Mouse,4610,80
326883,Mouse,3443,76
326886,Mouse,3487,79
326902,Mouse,4831,84
326903,Mouse,3981,82
326911,Elephant,245678,1203
326961,Mouse,5652,75
327030,Mouse,3267,67
327077,Mouse,5511,66
327089,Mouse,3854,65
327095,Mouse,3421,67
327119,Elephant,508939,1321
327230,Mouse,3172,67
327286,Mouse,4532,65
327318,Mouse,5735,69
327387,Mouse,5556,66
327391,Mouse,3514,64
327408,Mouse,4066,67
327500,Mouse,4127,70
327501,Mouse,5660,72
327587,Mouse,4223,64
327613,Elephant,149093,581
327652,Mouse,3754,64
327690,Mouse,3169,64
327711,Mouse,4107,64
327801,Mouse,4422,65
327820,Mouse,4041,64
328038,Mouse,3481,64
328053,Mouse,4852,65
328215,Mouse,5601,66
328342,Mouse,3338,64
328352,Mouse,5651,66
328402,Mouse,3319,64
328493,Mouse,5372,65
328500,Mouse,4792,65
328523,Mouse,4323,65
328547,Mouse,5391,65
328580,Mouse,3622,65
328582,Mouse,3875,66
328614,Mouse,4902,65
328775,Mouse,4391,65
328783,Mouse,4966,65
328794,Mouse,4626,65
328990,Mouse,4852,65
329030,Mouse,4283,65
329042,Mouse,5432,66
329128,Mouse,5330,65
329148,Mouse,3519,64
329186,Mouse,3354,64
329253,Mouse,5805,66
329314,Mouse,5796,66
329325,Mouse,5312,65
329339,Mouse,4260,65
329372,Mouse,4259,65
329387,Mouse,4040,64
329425,Mouse,4676,65
329464,Mouse,4352,65
329540,Mouse,5444,66
329547,Mouse,3326,64
329601,Mouse,5638,69
329655,Mouse,4771,65
329675,Mouse,3047,64
329685,Mouse,5689,70
329710,Mouse,4161,64
329755,Mouse,5266,66
329991,Mouse,5155,70
330108,Elephant,150860,578
330119,Mouse,5529,66
330212,Mouse,3665,64
330250,Mouse,4165,64
330262,Mouse,4009,64
330296,Mouse,4237,65
330300,Mouse,5232,66
330316,Mouse,5660,70
330322,Elephant,163080,594
330413,Mouse,5440,66
330459,Mouse,5192,68
330529,Mouse,5055,65
330547,Mouse,5397,65
330591,Mouse,3112,64
330640,Mouse,5135,65
330692,Mouse,4647,65
330696,Mouse,5233,66
330741,Mouse,3752,65
330792,Mouse,4377,65
330808,Mouse,3831,64
331116,Mouse,4416,65
331162,Mouse,5491,66
331174,Mouse,4171,64
331233,Mouse,3733,67
331424,Mouse,3473,64
331558,Mouse,3726,71
331602,Mouse,3549,67
331737,Mouse,3031,75
331756,Mouse,5461,79
331824,Mouse,4858,89
331861,Mouse,4167,95
331950,Mouse,5431,105
332081,Mouse,3400,144
332114,Mouse,3463,148
332163,Elephant,584314,1392
332174,Mouse,3716,123
332375,Mouse,4653,86
332477,Mouse,4303,114
332501,Mouse,5468,119
332522,Elephant,245305,1047
332573,Mouse,5591,96
332628,Mouse,4825,78
332650,Elephant,380301,1295
332658,Mouse,4666,82
332665,Mouse,3881,84
332691,Elephant,113648,852
332711,Mouse,4713,79
332734,Mouse,5306,75
332742,Mouse,4620,68
332796,Mouse,3617,67
332825,Mouse,3801,73
332959,Mouse,4651,77
333010,Elephant,184323,738
333043,Mouse,5214,70
333064,Mouse,4917,68
333160,Elephant,364900,1307
333173,Mouse,5401,65
333221,Mouse,3654,64
333229,Mouse,3411,64
333250,Mouse,3452,64
333287,Mouse,4342,65
333294,Mouse,3500,65
333298,Mouse,4071,65
333319,Mouse,3315,64
333481,Mouse,4322,65
333646,Mouse,3648,64
333652,Mouse,4679,65
333848,Mouse,5604,66
333955,Elephant,62039,326
334001,Mouse,5675,66
334144,Mouse,5333,67
334147,Mouse,4978,67
334215,Mouse,5135,65
334274,Mouse,4783,65
334439,Mouse,5112,65
334499,Mouse,4900,65
334507,Mouse,4379,65
334574,Mouse,4085,64
334674,Mouse,3583,64
334773,Mouse,4306,65
334826,Mouse,5640,66
334859,Mouse,4572,65
334957,Mouse,3156,64
335094,Mouse,3070,64
335132,Mouse,4604,65
335154,Mouse,5359,65
335158,Mouse,4521,65
335169,Mouse,3101,64
335177,Mouse,4091,65
335202,Mouse,3879,65
335288,Mouse,3817,64
335310,Mouse,3007,64
335342,Mouse,5339,65
335472,Mouse,3958,64
335494,Mouse,5410,65
335516,Mouse,3423,64
335558,Mouse,4584,65
335573,Mouse,3285,64
335695,Mouse,5833,71
335706,Mouse,5520,68
335914,Mouse,3311,67
336169,Mouse,3791,73
336241,Mouse,4893,83
336358,Mouse,4704,104
336376,Mouse,5283,106
336401,Mouse,3119,110
336406,Mouse,4875,114
336550,Elephant,282479,914
336639,Elephant,310229,1059
336647,Mouse,4963,72
336727,Mouse,3597,70
336742,Mouse,5630,71
336774,Mouse,5395,83
336789,Mouse,3491,83
336815,Mouse,3849,85
336958,Mouse,5651,87
336973,Mouse,3659,90
336979,Elephant,537532,1331
336984,Mouse,4909,86
337047,Mouse,4326,69
337173,Mouse,3132,67
337277,Mouse,5745,69
337373,Elephant,209112,741
337517,Mouse,4683,69
337537,Mouse,4847,65
337575,Mouse,4548,70
337626,Mouse,3656,64
337636,Mouse,4178,64
337678,Mouse,3091,64
337800,Mouse,4068,64
337837,Elephant,573700,1436
337869,Mouse,3865,65
338059,Mouse,3028,64
338128,Mouse,5566,66
338134,Mouse,4565,66
338149,Mouse,4860,65
338206,Mouse,5691,66
338294,Mouse,4068,64
338327,Mouse,3685,64
338413,Mouse,3849,64
338419,Mouse,4680,65
338439,Mouse,3933,68
338458,Mouse,3500,64
338461,Mouse,3062,65
338549,Mouse,5122,65
338608,Mouse,5639,68
338738,Mouse,4201,67
338761,Mouse,3654,67
338774,Mouse,4926,65
338815,Mouse,5273,65
338844,Mouse,5242,72
338847,Mouse,5087,73
338858,Mouse,5062,76
338863,Mouse,5078,74
339008,Mouse,3709,67
339068,Mouse,5247,69
339071,Mouse,3580,70
339099,Mouse,3991,66
339124,Elephant,490065,1097
339152,Mouse,3507,69
339365,Mouse,5218,65
339396,Mouse,5002,68
339398,Mouse,4956,68
339445,Mouse,4396,65
339451,Mouse,3806,64
339465,Mouse,3074,66
339510,Mouse,3547,66
339605,Mouse,5626,66
339634,Mouse,4001,66
339724,Elephant,105052,498
339810,Mouse,5236,65
339878,Mouse,3795,64
340089,Mouse,5170,65
340276,Mouse,3686,64
340301,Mouse,3799,68
340426,Mouse,4620,69
340455,Mouse,3239,64
340493,Mouse,3937,64
340510,Mouse,4753,66
340537,Mouse,3761,65
340601,Mouse,3689,71
340624,Mouse,3473,64
340653,Mouse,5698,73
340767,Elephant,342940,930
340838,Mouse,3110,66
340888,Mouse,4262,68
340998,Mouse,4709,65
341149,Mouse,5494,70
341207,Mouse,4543,73
341215,Mouse,4019,72
341221,Mouse,4454,66
341231,Mouse,4189,66
341255,Mouse,5394,72
341274,Mouse,4344,71
341280,Mouse,4406,72
341287,Mouse,5606,74
341343,Mouse,3547,73
341372,Mouse,4747,82
341376,Mouse,4238,87
341385,Mouse,4862,88
341417,Mouse,5622,89
341468,Mouse,4586,93
341491,Mouse,5040,94
341774,Elephant,88607,532
341783,Mouse,4020,104
341833,Mouse,5724,111
341955,Mouse,4196,103
341974,Mouse,3513,97
341991,Mouse,3440,101
342059,Mouse,4768,111
342114,Mouse,4717,107
342122,Elephant,522547,1568
342124,Mouse,3611,105
342128,Mouse,3038,107
342144,Elephant,474511,1508
342180,Mouse,3055,84
342202,Mouse,5205,65
342292,Mouse,3338,64
342492,Mouse,3108,67
342505,Mouse,4833,65
342538,Elephant,355166,1349
342552,Mouse,3113,64
342623,Mouse,3528,64
342676,Mouse,3785,64
342942,Mouse,4942,70
342961,Mouse,3554,64
343003,Mouse,3018,64
343052,Mouse,5189,66
343119,Mouse,4161,68
343142,Mouse,5319,74
343205,Mouse,3762,66
343343,Mouse,4581,69
343352,Elephant,214024,691
343430,Mouse,4410,65
343492,Mouse,4332,69
343522,Mouse,4027,64
343526,Mouse,4003,66
343545,Mouse,4147,71
343641,Mouse,3388,67
343698,Mouse,5668,66
343719,Mouse,5088,71
343760,Elephant,405420,1011
343773,Mouse,4635,76
343774,Mouse,5831,79
343793,Mouse,4297,65
343817,Mouse,3719,72
343831,Mouse,3406,64
343861,Mouse,4554,65
343882,Mouse,3716,64
343894,Mouse,3302,64
343990,Mouse,4559,65
344027,Mouse,5702,66
344078,Mouse,3074,64
344143,Mouse,3767,64
344147,Mouse,3753,64
344290,Mouse,3980,64
344369,Mouse,5604,66
344406,Mouse,5393,65
344438,Mouse,4426,65
344497,Mouse,3082,64
344517,Mouse,3906,64
344628,Mouse,3064,64
344743,Mouse,3318,64
344755,Mouse,3690,64
344784,Mouse,5812,66
344824,Mouse,4884,73
344829,Mouse,3234,74
344874,Mouse,3950,65
344933,Elephant,151386,578
344976,Mouse,3848,65
345003,Mouse,5467,66
345430,Mouse,4092,68
345484,Mouse,3182,72
345493,Mouse,4190,72
345543,Elephant,136151,552
345547,Mouse,4178,73
345644,Elephant,425638,1031
345645,Mouse,5559,71
345702,Mouse,4215,67
345808,Mouse,3142,65
345811,Mouse,5254,67
345848,Mouse,4311,69
345875,Mouse,3310,66
345890,Mouse,4280,68
346139,Mouse,4877,73
346175,Mouse,3688,78
346245,Elephant,289509,846
346277,Mouse,3247,73
346320,Mouse,3351,71
346383,Mouse,4646,69
346490,Mouse,4869,71
346501,Elephant,378117,998
346515,Mouse,4199,67
346589,Mouse,4871,65
346627,Mouse,5367,69
346686,Mouse,4971,65
346729,Mouse,3705,65
346747,Mouse,4841,67
346797,Mouse,4634,72
346810,Mouse,3698,69
346837,Mouse,5124,67
346854,Mouse,5226,73
346860,Mouse,5141,77
346862,Mouse,4389,73
346874,Mouse,5447,74
346911,Mouse,5602,71
346936,Mouse,5403,76
346942,Elephant,347052,945
346945,Mouse,4261,69
346953,Mouse,5742,68
346974,Mouse,4026,67
347003,Mouse,4159,66
347156,Mouse,4272,65
347204,Mouse,4861,69
347206,Mouse,5643,69
347225,Mouse,5540,68
347254,Mouse,4519,76
347267,Mouse,5463,71
347328,Mouse,5470,69
347518,Mouse,4633,69
347614,Elephant,207503,682
347703,Mouse,5422,65
347705,Elephant,283566,946
347713,Mouse,4550,65
347719,Mouse,3238,64
347736,Mouse,3465,64
347761,Mouse,3175,69
347767,Mouse,4155,69
347824,Mouse,5369,65
347837,Mouse,5096,65
347900,Mouse,5628,69
347910,Mouse,5806,66
348028,Mouse,3304,70
348036,Mouse,5377,75
348120,Mouse,4412,71
348172,Mouse,5512,66
348223,Mouse,5398,66
348269,Mouse,3928,70
348401,Mouse,4443,81
348409,Mouse,4784,86
348434,Mouse,3675,92
348462,Mouse,5630,100
348479,Mouse,4633,111
348484,Elephant,33385,374
348518,Mouse,4268,108
348564,Mouse,5811,103
348680,Elephant,322420,988
348707,Elephant,347827,1017
348707,Mouse,5091,110
348756,Mouse,5650,94
348835,Mouse,5664,67
348883,Mouse,3903,67
348893,Mouse,5592,73
348926,Mouse,3409,66
348959,Mouse,3989,64
348965,Mouse,3347,65
349083,Mouse,5223,71
349088,Mouse,3598,72
349095,Mouse,3373,70
349098,Mouse,3701,72
349246,Mouse,3800,66
349262,Elephant,268301,1174
349332,Mouse,5145,66
349388,Mouse,5228,69
349407,Mouse,5142,70
349504,Elephant,371816,1029
349542,Mouse,5216,67
349673,Mouse,3924,64
349772,Mouse,4959,65
349777,Mouse,4074,64
349853,Mouse,3396,64
349872,Mouse,4736,65
349907,Mouse,5277,65
349934,Mouse,5579,66
349938,Mouse,4396,65
350029,Mouse,3003,63
350049,Mouse,3086,64
350089,Mouse,5253,65
350108,Mouse,4779,65
350134,Mouse,3028,64
350147,Mouse,4760,65
350162,Mouse,4710,65
350210,Mouse,3516,64
350289,Mouse,5280,65
350401,Mouse,5132,65
350408,Mouse,4241,64
350412,Mouse,4083,64
350428,Mouse,4626,65
350446,Mouse,4819,66
350489,Mouse,3488,64
350537,Mouse,3502,64
350610,Mouse,4196,64
350666,Mouse,3812,64
350722,Mouse,3144,64
350747,Mouse,3491,66
350943,Mouse,4220,64
350972,Mouse,5550,66
351217,Elephant,179474,627
351240,Mouse,3703,64
351283,Mouse,5429,66
351296,Mouse,3554,67
351304,Mouse,5133,65
351355,Mouse,3682,66
351357,Mouse,5375,68
351365,Mouse,3317,65
351367,Mouse,4867,67
351423,Mouse,5407,68
351452,Mouse,4784,65
351520,Mouse,4040,64
351540,Mouse,4769,65
351602,Mouse,3440,67
351611,Mouse,5419,71
351640,Mouse,3635,67
351658,Mouse,3619,64
351740,Mouse,3103,67
351846,Mouse,4781,65
351871,Mouse,3891,68
351893,Mouse,3584,64
351903,Mouse,3685,65
351937,Elephant,242820,751
352046,Mouse,3645,67
352240,Mouse,3843,64
352313,Elephant,235213,735
352360,Mouse,5010,65
352383,Mouse,4857,65
352394,Mouse,4261,65
352548,Mouse,5094,65
352597,Mouse,4954,65
352632,Mouse,4038,64
352698,Mouse,5496,66
352743,Mouse,3234,64
352777,Mouse,3296,64
352867,Mouse,3603,64
352889,Mouse,5105,65
353117,Mouse,4018,64
353256,Mouse,5167,65
353328,Mouse,5116,65
353596,Mouse,4715,65
353601,Mouse,5518,66
353656,Mouse,4624,65
353667,Mouse,3132,66
353690,Mouse,4993,65
353875,Mouse,4800,65
353959,Mouse,5134,65
354037,Mouse,5045,65
354065,Mouse,4593,69
354211,Mouse,3081,64
354278,Mouse,5450,70
354339,Mouse,3035,72
354350,Elephant,419454,1010
354506,Mouse,5444,66
354590,Mouse,3504,64
354625,Mouse,3216,64
354628,Mouse,3404,65
354643,Mouse,3551,64
354696,Mouse,3366,64
354717,Mouse,4438,65
354744,Mouse,5189,65
354754,Mouse,3067,64
354780,Mouse,5405,65
354930,Mouse,3945,64
355031,Mouse,5662,66
355070,Mouse,4021,64
355082,Mouse,3193,64
355143,Mouse,3744,68
355155,Mouse,4447,65
355216,Mouse,3465,64
355282,Mouse,3644,64
355313,Mouse,5534,70
355330,Mouse,5446,66
355347,Mouse,5177,65
355606,Mouse,3307,66
355624,Elephant,230416,722
355657,Mouse,4042,67
355692,Mouse,4869,68
355833,Mouse,3681,64
355976,Mouse,5785,66
355982,Mouse,4215,68
355984,Mouse,5378,69
356016,Mouse,3122,64
356041,Mouse,4651,69
356075,Mouse,5254,67
356094,Mouse,4932,73
356126,Mouse,4239,67
356140,Mouse,3006,70
356193,Mouse,4152,64
356237,Mouse,3212,64
356251,Mouse,5213,68
356260,Mouse,5499,69
356279,Mouse,3548,64
356416,Mouse,3286,64
356454,Mouse,3484,64
356467,Mouse,5437,68
356524,Mouse,4469,69
356539,Elephant,417917,999
356612,Mouse,3354,64
356664,Mouse,5183,68
356665,Mouse,4087,68
356764,Mouse,5023,65
356779,Mouse,4520,65
356818,Mouse,3375,64
356831,Mouse,5173,65
356836,Mouse,5056,65
356841,Mouse,5107,65
356907,Mouse,3804,64
356930,Mouse,4618,65
356942,Mouse,4315,65
356956,Mouse,5494,66
356973,Mouse,3951,65
356990,Mouse,4282,65
357008,Mouse,3660,64
357029,Mouse,5707,66
357080,Mouse,4863,65
357104,Mouse,5487,66
357335,Mouse,5520,66
357341,Mouse,4595,65
357397,Mouse,5115,65
357441,Mouse,3390,69
357486,Mouse,3178,64
357649,Mouse,3856,64
357654,Mouse,4907,65
357697,Mouse,5453,66
357708,Mouse,4966,65
357724,Mouse,4297,65
357747,Mouse,4455,65
357865,Mouse,3173,64
358012,Mouse,5002,65
358036,Mouse,4399,65
358105,Mouse,5351,66
358244,Mouse,4391,69
358366,Mouse,5668,73
358394,Mouse,3024,71
358480,Elephant,45492,295
358583,Elephant,144663,561
358600,Mouse,3531,70
358664,Elephant,516739,1228
358718,Mouse,4777,65
358817,Mouse,4875,65
359098,Mouse,3841,67
359215,Mouse,5235,65
359257,Mouse,4488,65
359369,Mouse,4164,67
359485,Mouse,4367,69
359506,Mouse,5608,71
359545,Mouse,5281,74
359619,Mouse,4308,69
359742,Mouse,4794,69
359844,Mouse,5714,66
359854,Elephant,593214,1306
359879,Mouse,4093,68
359925,Mouse,3274,64
359944,Mouse,4262,66
359946,Mouse,3435,67
360086,Mouse,3615,66
360192,Mouse,5333,68
360242,Mouse,4459,76
360284,Mouse,5822,92
360300,Mouse,3883,97
360340,Mouse,3749,102
360385,Mouse,3303,112
360476,Mouse,3053,99
360493,Mouse,3082,100
360519,Mouse,4771,98
360529,Mouse,3841,96
360648,Elephant,271722,1019
360672,Elephant,64752,485
360737,Mouse,5082,71
360775,Mouse,5645,76
360807,Mouse,4211,78
360819,Mouse,4123,78
360832,Mouse,4042,86
360837,Elephant,180075,1054
360870,Elephant,294686,1049
360877,Mouse,3510,78
360998,Mouse,3247,64
361092,Mouse,3293,64
361132,Mouse,5503,66
361138,Mouse,3158,67
361139,Mouse,4066,68
361255,Mouse,5469,70
361295,Mouse,5796,71
361320,Mouse,3033,66
361335,Elephant,501822,1397
361379,Mouse,3766,64
361408,Mouse,3012,64
361495,Mouse,3315,64
361544,Mouse,3785,65
361546,Mouse,4525,67
361580,Mouse,4464,65
361589,Mouse,4977,67
361600,Mouse,5406,65
361613,Mouse,5651,66
361647,Mouse,3796,64
361670,Mouse,4260,67
361671,Mouse,4111,68
361717,Mouse,5399,69
361798,Mouse,3318,64
361851,Mouse,3753,64
361917,Mouse,4613,65
361961,Mouse,5310,66
361989,Mouse,5071,65
361995,Mouse,4061,64
362028,Mouse,4492,65
362059,Mouse,3292,64
362128,Mouse,3415,64
362146,Mouse,4396,69
362340,Mouse,5491,66
362373,Elephant,168716,600
362387,Mouse,5409,65
362455,Mouse,4111,64
362538,Mouse,5661,68
362608,Mouse,3320,64
362640,Mouse,5833,66
362780,Mouse,4025,64
362812,Mouse,4506,65
362959,Mouse,5351,67
363038,Mouse,3763,64
363051,Mouse,5498,70
363074,Mouse,5275,74
363111,Mouse,3080,71
363141,Mouse,5419,71
363145,Mouse,4473,72
363174,Mouse,3380,65
363179,Mouse,5443,69
363304,Mouse,5436,66
363319,Elephant,463021,1070
363385,Mouse,4702,65
363417,Mouse,4188,65
363489,Mouse,3040,64
363523,Mouse,4357,65
363663,Mouse,4445,65
363700,Mouse,5243,65
363873,Mouse,5737,66
363963,Mouse,3352,64
363967,Mouse,4755,66
363983,Mouse,5692,72
363997,Mouse,4167,74
364046,Mouse,3169,64
364132,Mouse,4752,65
364147,Mouse,4013,68
364159,Elephant,342058,900
364172,Mouse,4655,65
364200,Mouse,3603,68
364299,Mouse,5086,65
364386,Mouse,4581,69
364582,Mouse,5209,65
364643,Elephant,34151,238
364643,Elephant,132084,633
364703,Mouse,5258,65
364734,Mouse,5201,65
364755,Mouse,5122,67
364758,Mouse,5149,67
364787,Mouse,5779,66
364811,Mouse,5556,66
364820,Mouse,3147,64
364832,Mouse,5480,66
364891,Mouse,5733,66
364954,Mouse,5450,66
364960,Mouse,5790,66
365082,Mouse,5000,65
365102,Mouse,4702,65
365158,Mouse,5809,71
365168,Mouse,3960,71
365188,Mouse,5502,66
365304,Mouse,5107,67
365306,Mouse,3079,65
365360,Mouse,5016,65
365478,Mouse,4857,70
365520,Elephant,215253,688
365533,Mouse,3872,64
365647,Mouse,5503,68
365648,Mouse,3807,67
365661,Mouse,3438,64
365843,Mouse,4862,72
365899,Mouse,3551,67
365945,Mouse,5323,69
365978,Mouse,3414,69
366039,Mouse,4512,74
366190,Mouse,4391,92
366360,Mouse,5368,111
366409,Mouse,5699,116
366477,Mouse,3015,127
366484,Mouse,4966,130
366518,Mouse,5515,134
366566,Mouse,5607,137
366578,Mouse,3684,139
366594,Mouse,4753,140
366692,Mouse,4027,108
366695,Mouse,4679,110
366708,Mouse,3077,108
366806,Mouse,5231,108
366899,Elephant,425923,1396
366902,Mouse,3481,97
367001,Mouse,4724,90
367010,Mouse,4425,85
367067,Mouse,3580,96
367115,Mouse,5734,108
367155,Mouse,4133,106
367220,Mouse,4575,115
367314,Mouse,4647,113
367325,Mouse,4174,117
367327,Mouse,5811,121
367343,Mouse,5592,123
367349,Mouse,3348,120
367452,Elephant,538967,1735
367455,Mouse,3609,108
367478,Mouse,3696,92
367503,Mouse,4622,83
367550,Mouse,4386,80
367555,Elephant,148908,1161
367588,Mouse,3652,74
367625,Elephant,578607,2064
367895,Mouse,4558,65
367978,Mouse,5225,71
368032,Mouse,4240,66
368078,Elephant,544884,2125
368099,Mouse,5218,68
368234,Mouse,3531,66
368317,Mouse,3032,64
368361,Mouse,4368,66
368432,Mouse,5349,67
368508,Mouse,3881,68
368601,Elephant,381181,950
368691,Mouse,4048,66
368705,Mouse,4660,65
368749,Mouse,5246,66
368928,Mouse,3968,64
368989,Elephant,65774,362
369002,Elephant,59661,329
369017,Mouse,3220,64
369028,Mouse,3932,64
369126,Mouse,5356,65
369185,Mouse,4302,65
369199,Mouse,4966,65
369203,Mouse,3656,64
369288,Mouse,3376,64
369324,Mouse,3813,64
369342,Mouse,4802,65
369348,Mouse,4750,65
369356,Mouse,4291,65
369450,Mouse,3130,64
369485,Mouse,4624,65
369525,Mouse,5541,66
369806,Mouse,4797,65
369877,Mouse,4729,65
369887,Mouse,4528,65
369894,Mouse,3661,64
369925,Mouse,3069,64
369940,Mouse,5029,65
369952,Mouse,5190,65
370129,Mouse,3761,64
370149,Mouse,4039,64
370182,Mouse,4929,65
370353,Mouse,4947,65
370475,Mouse,4688,68
370476,Mouse,5836,70
370489,Mouse,4111,64
370620,Mouse,4247,64
370630,Mouse,4325,65
370675,Mouse,3478,65
370683,Mouse,5708,66
370699,Mouse,3979,66
370703,Mouse,3761,64
370850,Mouse,5354,65
370865,Elephant,85059,410
370911,Mouse,4540,65
371102,Mouse,5036,65
371210,Mouse,3739,64
371248,Mouse,4270,65
371339,Mouse,3629,64
371421,Mouse,3961,64
371458,Mouse,5045,70
371706,Mouse,3972,71
371721,Mouse,3048,67
371759,Mouse,3603,64
371834,Mouse,4867,71
371884,Mouse,4131,73
371948,Mouse,5110,81
371953,Mouse,3645,83
371980,Mouse,4087,90
371997,Mouse,4900,96
372119,Mouse,4227,101
372124,Mouse,4649,104
372174,Mouse,4679,111
372197,Mouse,5529,113
372271,Elephant,412673,1138
372288,Elephant,236210,852
372331,Mouse,3584,69
372436,Mouse,5571,70
372450,Mouse,3206,64
372490,Mouse,4867,67
372504,Mouse,5196,65
372587,Mouse,3074,64
372623,Mouse,5515,70
372628,Mouse,5040,69
372644,Mouse,4729,70
372751,Elephant,442071,1255
372758,Mouse,3505,67
372850,Mouse,3316,64
372940,Mouse,4330,65
373046,Mouse,4193,68
373076,Elephant,50570,283
373100,Mouse,5791,75
373256,Mouse,3203,66
373503,Mouse,3520,105
373549,Mouse,4455,114
373759,Elephant,57028,513
373762,Mouse,4651,113
373885,Elephant,430180,1282
373982,Mouse,4204,70
373985,Mouse,4618,73
374004,Mouse,4993,78
374358,Elephant,459184,1512
374360,Elephant,507196,1683
374363,Mouse,3776,78
374376,Mouse,4340,74
374479,Mouse,4892,65
374487,Mouse,4016,64
374586,Mouse,4847,69
374660,Mouse,3854,64
374746,Mouse,5348,65
374790,Mouse,5462,67
374792,Mouse,4283,71
374867,Mouse,5369,74
374913,Elephant,552546,1331
375017,Mouse,4000,66
375027,Mouse,5250,65
375035,Mouse,3522,64
375175,Mouse,4467,65
375322,Mouse,3226,67
375551,Mouse,3534,72
375584,Mouse,5222,69
375608,Mouse,3664,64
375653,Mouse,3028,67
375777,Mouse,5789,74
375819,Mouse,5079,75
375877,Mouse,3712,74
375893,Mouse,3587,80
375902,Mouse,4539,84
375925,Mouse,3302,86
375927,Elephant,173228,662
375931,Elephant,488334,1121
375977,Mouse,4689,65
375999,Mouse,3534,64
376028,Mouse,4137,64
376089,Mouse,5380,70
376091,Mouse,3515,70
376091,Mouse,4971,72
376123,Mouse,4896,68
376124,Mouse,4338,68
376186,Mouse,3277,66
376328,Mouse,4151,67
376429,Mouse,4442,65
376515,Mouse,3162,64
376549,Mouse,3927,67
376561,Mouse,5261,66
376585,Mouse,5014,69
376651,Mouse,5121,69
376664,Elephant,249335,775
376669,Mouse,4117,64
376700,Mouse,3686,68
376737,Mouse,4132,68
376919,Mouse,4676,65
376993,Mouse,3927,67
377150,Mouse,5457,66
377282,Mouse,5365,65
377297,Elephant,222287,714
377344,Mouse,4417,65
377393,Mouse,5802,68
377395,Mouse,5431,68
377399,Mouse,5334,69
377555,Mouse,3894,64
377628,Mouse,5170,69
377661,Mouse,4835,65
377807,Mouse,3583,64
377814,Mouse,4756,71
377870,Mouse,4909,65
377887,Mouse,5730,71
377912,Mouse,3618,64
378104,Mouse,5130,68
378118,Mouse,4188,73
378191,Mouse,4892,65
378202,Mouse,3617,70
378212,Elephant,157257,595
378359,Mouse,4308,65
378380,Mouse,3865,65
378422,Mouse,5607,70
378444,Mouse,5811,66
378600,Mouse,3926,68
378602,Elephant,417939,1044
378710,Mouse,4594,65
378724,Mouse,3657,64
378736,Mouse,4577,65
378749,Mouse,5519,66
378771,Mouse,3984,67
378773,Mouse,4977,69
378783,Mouse,3501,64
378843,Mouse,3046,64
378893,Mouse,5483,71
378895,Mouse,4022,69
378994,Mouse,3419,64
379104,Mouse,4762,66
379130,Mouse,4358,65
379256,Mouse,5747,66
379295,Mouse,4934,65
379381,Mouse,3880,64
379416,Mouse,5696,70
379464,Elephant,182650,638
379558,Mouse,3812,64
379583,Mouse,3295,64
379600,Mouse,4904,68
379601,Mouse,4788,68
379718,Mouse,4320,65
379756,Mouse,4693,65
379760,Mouse,3994,65
379780,Mouse,3489,64
379867,Mouse,3290,64
379884,Mouse,5773,66
379921,Mouse,5726,66
379968,Mouse,3476,64
380095,Mouse,3105,64
380169,Mouse,4798,67
380242,Mouse,5349,65
380296,Mouse,4722,70
380327,Mouse,3644,65
380330,Mouse,5573,68
380377,Mouse,3260,70
380381,Mouse,5731,74
380384,Mouse,4779,74
380500,Mouse,5565,75
380515,Mouse,3545,67
380572,Elephant,220273,727
380663,Mouse,5016,68
380787,Elephant,189454,646
380817,Mouse,3441,64
380852,Mouse,5618,66
380876,Mouse,5755,68
381080,Mouse,4266,65
381109,Mouse,3162,66
381125,Mouse,3959,65
381198,Mouse,5800,68
381270,Elephant,306286,856
381278,Mouse,3660,64
381350,Mouse,4998,65
381354,Mouse,4312,65
381369,Mouse,5189,68
381370,Mouse,4293,68
381461,Mouse,5607,66
381478,Mouse,4721,65
381579,Mouse,3253,64
381601,Mouse,4730,65
381630,Mouse,5508,69
381631,Mouse,5739,70
381646,Mouse,5546,67
382054,Mouse,3283,69
382098,Mouse,4260,74
382154,Elephant,55418,387
382290,Mouse,3104,74
382355,Mouse,4309,79
382534,Elephant,481407,1175
382548,Mouse,3478,118
382553,Mouse,3579,119
382568,Mouse,3883,121
382605,Mouse,5727,100
382938,Mouse,5238,104
383116,Mouse,3386,114
383118,Elephant,157090,786
383125,Mouse,3860,92
383165,Mouse,4260,70
383176,Mouse,3262,74
383191,Mouse,4460,73
383198,Elephant,402189,1601
383201,Mouse,3188,74
383328,Mouse,4855,69
383415,Mouse,5224,67
383457,Mouse,5497,70
383510,Mouse,5281,72
383533,Mouse,4887,70
383540,Elephant,98448,683
383588,Mouse,4188,64
383595,Mouse,3419,64
383614,Mouse,5006,70
383696,Elephant,442033,1348
383779,Mouse,3795,64
384040,Mouse,4150,64
384061,Mouse,3167,64
384091,Mouse,4745,65
384098,Mouse,3714,64
384104,Mouse,4700,68
384120,Mouse,5178,65
384125,Mouse,5344,66
384196,Mouse,5467,69
384203,Mouse,3413,64
384233,Mouse,3002,64
384244,Mouse,4502,65
384253,Mouse,5509,66
384344,Mouse,3897,64
384363,Mouse,3353,67
384377,Mouse,4917,65
384396,Mouse,3970,64
384586,Mouse,3989,67
384619,Mouse,5648,68
384667,Elephant,177644,630
384710,Mouse,4634,65
384806,Mouse,3034,64
384830,Mouse,5687,71
384847,Mouse,4179,74
384912,Elephant,156031,589
384923,Mouse,3357,67
385012,Mouse,4420,68
385040,Mouse,3765,65
385064,Mouse,4556,68
385077,Mouse,5501,66
385138,Mouse,4678,69
385153,Mouse,4851,70
385271,Mouse,4057,67
385278,Mouse,3058,69
385292,Mouse,4698,65
385333,Mouse,3893,71
385399,Mouse,4234,68
385484,Mouse,5074,68
385618,Elephant,448911,1078
385630,Mouse,3107,64
385699,Mouse,4197,64
385704,Mouse,4903,66
385779,Mouse,4575,65
385964,Mouse,4160,64
386065,Mouse,5135,65
386120,Mouse,4150,64
386188,Mouse,4078,64
386191,Mouse,3008,64
386368,Mouse,4047,64
386449,Mouse,5202,65
386503,Mouse,4301,65
386555,Mouse,4728,65
386616,Mouse,4444,65
386631,Mouse,5049,65
386691,Mouse,5173,65
386723,Mouse,4209,64
386758,Mouse,4421,65
386828,Mouse,4263,65
386974,Mouse,4242,64
387080,Mouse,3242,64
387163,Mouse,5790,66
387281,Mouse,3901,67
387371,Mouse,5204,68
387558,Mouse,3367,67
387594,Mouse,4883,69
387613,Mouse,5357,67
387651,Mouse,4329,72
387659,Mouse,4611,74
387708,Mouse,5233,71
387765,Mouse,4193,66
387813,Mouse,4836,70
387866,Elephant,409955,993
388040,Mouse,5448,66
388073,Mouse,5482,70
388093,Mouse,4562,65
388108,Mouse,3039,66
388156,Elephant,60774,327
388183,Mouse,4730,65
388194,Mouse,3648,64
388246,Mouse,3297,64
388295,Mouse,3717,64
388313,Mouse,5106,65
388436,Mouse,5686,66
388553,Mouse,5497,66
388734,Mouse,3942,64
388811,Mouse,4063,66
388859,Mouse,5009,65
388883,Mouse,4567,65
388942,Mouse,3311,64
389048,Mouse,3966,67
389053,Mouse,3513,64
389095,Mouse,4799,68
389160,Mouse,5677,70
389404,Mouse,5259,72
389511,Mouse,5000,73
389537,Mouse,3361,76
389560,Elephant,309789,864
389653,Mouse,5799,66
389671,Mouse,4015,67
389681,Mouse,4386,71
389756,Mouse,4267,69
389767,Mouse,5801,72
389792,Elephant,395884,984
389929,Mouse,3535,64
390018,Mouse,3576,64
390033,Mouse,3447,64
390043,Mouse,4508,65
390052,Mouse,4616,65
390083,Mouse,5839,66
390375,Mouse,5834,66
390409,Mouse,3269,64
390481,Mouse,4344,68
390482,Mouse,5178,69
390642,Mouse,5198,65
390651,Mouse,3820,64
390776,Mouse,5545,66
390931,Mouse,4859,65
390986,Elephant,178475,630
390989,Mouse,3453,70
390989,Mouse,5241,72
390994,Mouse,3775,67
391034,Mouse,5431,72
391089,Mouse,3978,64
391165,Mouse,4850,65
391303,Mouse,4524,65
391334,Mouse,3123,64
391337,Mouse,4144,65
391357,Mouse,3402,64
391389,Mouse,4036,64
391391,Mouse,3004,64
391402,Mouse,5023,66
391546,Mouse,3346,64
391617,Mouse,4293,65
391659,Mouse,4016,65
391880,Mouse,4400,65
391964,Mouse,3856,68
391979,Mouse,3141,64
392010,Mouse,5248,71
392069,Mouse,3453,69
392116,Mouse,5019,71
392137,Mouse,4036,68
392165,Mouse,5109,66
392265,Mouse,4995,72
392266,Mouse,5658,72
392321,Mouse,5821,78
392369,Mouse,4952,74
392386,Mouse,4035,78
392407,Mouse,3095,77
392461,Mouse,5079,77
392494,Mouse,3065,71
392543,Mouse,4456,78
392609,Elephant,368225,972
392777,Mouse,4884,65
392833,Elephant,457869,1100
392857,Mouse,5449,66
392921,Mouse,5554,66
392947,Mouse,3556,64
392969,Mouse,3391,64
393034,Mouse,4347,65
393096,Mouse,3367,64
393176,Mouse,3819,64
393209,Mouse,5770,67
393212,Mouse,4689,67
393286,Mouse,5623,66
393468,Mouse,5218,65
393485,Mouse,3607,67
393494,Mouse,3276,65
393839,Mouse,3459,66
393856,Mouse,5273,74
394063,Mouse,4669,68
394104,Mouse,4721,75
394309,Mouse,3917,101
394321,Mouse,3842,107
394334,Mouse,4592,112
394360,Mouse,4785,122
394409,Mouse,5046,129
394412,Elephant,534332,1251
394415,Mouse,3749,122
394439,Mouse,5471,121
394447,Mouse,4453,124
394511,Mouse,4066,77
394512,Mouse,4698,74
394590,Mouse,4947,76
394799,Mouse,5776,99
394817,Mouse,4372,103
394841,Mouse,5122,110
394874,Mouse,3207,117
395066,Mouse,5409,108
395123,Mouse,4708,121
395183,Mouse,3572,131
395224,Elephant,556811,1622
395229,Mouse,3099,137
395246,Mouse,4329,136
395309,Mouse,5244,114
395325,Mouse,4804,111
395473,Mouse,5354,91
395484,Mouse,3101,96
395552,Mouse,5276,110
395648,Mouse,4978,115
395649,Mouse,5607,116
395781,Mouse,4150,128
395801,Elephant,514506,1894
395811,Mouse,3458,118
395813,Mouse,4034,118
395865,Mouse,5144,117
395869,Mouse,3893,112
395877,Mouse,3174,112
395882,Mouse,5474,117
395900,Elephant,41101,580
395957,Mouse,3655,102
396023,Mouse,3766,90
396049,Elephant,103172,1086
396058,Mouse,4136,94
396130,Elephant,507043,1996
396172,Mouse,4313,79
396224,Elephant,120310,715
396233,Mouse,4983,70
396358,Mouse,4762,90
396363,Mouse,3917,91
396371,Mouse,3197,93
396391,Mouse,3008,93
396534,Mouse,5645,111
396989,Mouse,3897,137
397040,Mouse,3537,151
397225,Elephant,506321,2608
397257,Mouse,3146,151
397270,Mouse,3401,146
397397,Mouse,4317,146
397402,Mouse,3429,148
397512,Mouse,4972,167
397515,Mouse,4999,169
397537,Mouse,4951,164
397585,Mouse,4470,169
397674,Mouse,4282,172
397709,Mouse,3630,183
397718,Elephant,134559,1502
397735,Elephant,240593,1825
397774,Mouse,3880,154
397796,Mouse,3745,156
397836,Elephant,154524,1503
398076,Elephant,574748,3004
398156,Mouse,5228,116
398228,Mouse,3818,115
398309,Mouse,5495,138
398316,Mouse,3753,137
398330,Elephant,149309,1273
398332,Mouse,5165,141
398344,Mouse,4775,140
398388,Mouse,5145,146
398404,Mouse,3565,147
398438,Mouse,4548,137
398477,Mouse,3688,130
398508,Mouse,5770,124
398632,Mouse,5610,130
398659,Elephant,475074,2959
398660,Mouse,3298,138
398845,Mouse,4770,122
398884,Mouse,4620,123
398929,Mouse,5215,132
398967,Mouse,5182,136
399103,Mouse,5265,160
399108,Mouse,3241,156
399154,Mouse,4924,163
399208,Mouse,4158,161
399238,Mouse,4667,168
399367,Elephant,238755,2150
399372,Mouse,5738,154
399386,Elephant,303599,2814
399406,Mouse,5782,148
399460,Mouse,4986,134
399535,Mouse,3694,117
399664,Elephant,164560,1605
399685,Elephant,451308,2982
399715,Mouse,3989,101
399725,Mouse,3311,97
399787,Mouse,3080,77
399798,Elephant,319633,1971
399854,Mouse,3617,67
399956,Mouse,4335,74
399963,Mouse,3998,79
400035,Mouse,3867,90
400121,Mouse,3493,94
400171,Mouse,4461,101
400193,Mouse,3822,106
400207,Mouse,3168,110
400246,Mouse,4161,115
400406,Mouse,5086,102
400448,Mouse,3008,102
400464,Mouse,3024,108
400628,Mouse,4314,128
400781,Mouse,3456,137
400784,Mouse,4871,141
400819,Mouse,5334,142
400824,Mouse,3079,143
400834,Elephant,547414,2928
400845,Mouse,4609,140
400955,Mouse,3941,82
401080,Mouse,5298,87
401281,Elephant,592166,2517
401329,Elephant,478698,2718
401374,Mouse,3577,99
401387,Mouse,5345,83
401496,Mouse,3192,90
401755,Mouse,4339,121
401757,Elephant,327319,1916
401789,Mouse,3210,112
401951,Mouse,3462,119
401963,Mouse,4070,118
401977,Mouse,4585,119
401984,Mouse,3613,122
402127,Mouse,3081,72
402141,Mouse,4015,78
402167,Mouse,4545,81
402317,Elephant,442970,2003
402368,Mouse,5773,101
402403,Mouse,5166,88
402428,Mouse,3557,93
402460,Elephant,261225,1443
402506,Elephant,206463,1232
402555,Mouse,5020,65
402709,Mouse,3303,67
402718,Mouse,4789,72
402754,Elephant,396430,1564
402873,Mouse,5096,65
402949,Mouse,5521,70
402986,Mouse,4808,70
403084,Mouse,5149,69
403085,Elephant,340406,1401
403192,Mouse,3532,64
403243,Mouse,4525,65
403318,Mouse,4210,64
403333,Mouse,3569,64
403348,Mouse,3931,64
403404,Mouse,4585,65
403574,Mouse,3186,64
403682,Mouse,3860,64
403916,Mouse,5414,69
403998,Mouse,3137,66
404007,Mouse,4571,66
404035,Mouse,3314,66
404052,Mouse,4381,65
404106,Mouse,5209,65
404204,Mouse,3701,67
404219,Mouse,3293,66
404270,Mouse,4177,71
404358,Mouse,4947,68
404369,Mouse,3199,70
404408,Mouse,3453,70
404463,Mouse,5793,74
404465,Mouse,5093,72
404471,Mouse,3715,67
404479,Elephant,398563,1029
404514,Mouse,3439,67
404523,Mouse,4422,66
404534,Mouse,5228,66
404559,Mouse,4027,64
404728,Mouse,3753,64
404816,Mouse,4457,65
405027,Mouse,3533,74
405049,Mouse,5141,83
405065,Mouse,4123,79
405133,Mouse,4616,84
405146,Mouse,4916,89
405174,Mouse,5069,81
405199,Mouse,4615,92
405206,Mouse,4516,96
405418,Elephant,263897,954
405422,Mouse,5050,98
405493,Mouse,5803,85
405564,Mouse,4397,80
405652,Mouse,5284,94
405759,Mouse,5517,99
405827,Mouse,3763,99
405853,Mouse,5123,103
405876,Elephant,366148,1232
405882,Elephant,126875,719
405884,Mouse,3163,96
405912,Mouse,4610,86
405949,Mouse,3834,75
406004,Mouse,4145,70
406008,Mouse,5289,68
406036,Mouse,3214,67
406073,Mouse,4613,69
406082,Elephant,412548,1473
406117,Mouse,3030,69
406138,Mouse,3883,64
406200,Mouse,4317,67
406219,Mouse,3401,65
406223,Mouse,4127,64
406346,Mouse,5648,70
406485,Mouse,4324,70
406559,Mouse,5413,81
406571,Mouse,3236,81
406582,Mouse,3996,78
406600,Mouse,5198,80
406662,Mouse,3508,86
406682,Elephant,462382,1622
406698,Mouse,3384,86
406701,Mouse,4442,91
406750,Mouse,4157,80
406917,Mouse,5095,72
406920,Mouse,5123,74
406999,Elephant,179066,676
407026,Mouse,4765,70
407082,Elephant,265933,874
407092,Mouse,4253,65
407118,Mouse,5712,66
407137,Mouse,5237,66
407164,Mouse,5269,68
407183,Mouse,4912,65
407296,Mouse,4389,65
407456,Elephant,125232,509
407488,Mouse,4158,65
407534,Mouse,5527,66
407586,Mouse,4558,65
407600,Mouse,5149,67
407625,Mouse,5624,66
407648,Mouse,5708,68
407650,Mouse,5202,69
407694,Mouse,3162,66
407740,Mouse,3713,64
407746,Mouse,5596,66
407763,Mouse,5010,65
407789,Mouse,5237,66
407825,Mouse,3625,64
408046,Mouse,5122,65
408170,Mouse,3923,64
408421,Mouse,3133,64
408432,Mouse,4698,66
408444,Mouse,4383,68
408461,Mouse,3708,71
408558,Mouse,3402,64
408583,Mouse,5822,71
408613,Mouse,5405,70
408635,Mouse,5020,74
408695,Mouse,5489,73
408810,Mouse,3288,68
408827,Mouse,4624,73
408898,Mouse,3550,75
408907,Mouse,4568,78
408911,Mouse,3640,79
408988,Mouse,4672,94
409014,Mouse,4915,97
409059,Mouse,4258,95
409115,Elephant,492893,1165
409153,Mouse,3640,83
409169,Mouse,3396,64
409172,Elephant,55199,380
409177,Mouse,3277,64
409244,Mouse,3457,66
409298,Mouse,4789,72
409347,Elephant,323103,1021
409350,Mouse,4039,71
409371,Mouse,5500,67
409423,Mouse,4347,65
409445,Mouse,4617,65
409465,Mouse,3768,65
409468,Mouse,3208,64
409488,Mouse,5723,66
409671,Mouse,5714,67
409733,Mouse,5142,66
409787,Mouse,4861,65
409829,Mouse,3919,64
410058,Mouse,5330,67
410061,Mouse,5670,67
410092,Mouse,5106,65
410152,Mouse,3788,65
410406,Mouse,5582,70
410462,Mouse,5336,68
410501,Mouse,4164,68
410524,Mouse,5414,65
410552,Mouse,4886,65
410616,Mouse,3394,67
410625,Mouse,3141,70
410671,Mouse,5483,71
410708,Mouse,3179,67
410717,Mouse,5650,70
410720,Elephant,118413,512
410809,Mouse,5454,70
410860,Mouse,3897,66
410881,Mouse,4533,69
411003,Mouse,4478,71
411005,Mouse,3817,71
411106,Mouse,3426,67
411120,Mouse,3917,69
411217,Mouse,4004,76
411245,Mouse,4524,83
411278,Mouse,4887,90
411394,Mouse,4602,87
411407,Mouse,4763,93
411422,Mouse,4119,92
411467,Mouse,4479,100
411468,Mouse,5547,101
411561,Mouse,4995,97
411571,Elephant,246984,884
411634,Mouse,3237,77
411695,Mouse,5613,78
411715,Mouse,4958,78
411740,Mouse,4928,81
411770,Elephant,35216,269
411782,Mouse,3512,84
411874,Elephant,591239,1451
411893,Mouse,3448,67
411897,Mouse,4359,67
411932,Mouse,3014,66
411969,Elephant,279737,1154
411979,Mouse,5181,71
412076,Mouse,5539,67
412079,Mouse,5819,67
412100,Mouse,5458,66
412104,Mouse,4605,65
412152,Mouse,4053,64
412162,Mouse,5030,65
412255,Mouse,3183,66
412256,Mouse,4044,67
412389,Mouse,3482,64
412417,Mouse,4190,66
412418,Mouse,3044,65
412555,Mouse,4158,64
412591,Mouse,5053,65
412664,Mouse,4766,65
412673,Mouse,5581,66
412697,Mouse,3969,67
412756,Mouse,5268,65
412788,Mouse,4140,64
412808,Mouse,5341,65
412837,Mouse,4552,68
412942,Mouse,5338,65
412946,Mouse,4551,65
412969,Mouse,3491,70
413027,Mouse,3440,75
413104,Mouse,5139,70
413177,Mouse,3404,72
413182,Elephant,86807,424
413191,Mouse,5556,75
413203,Mouse,5204,75
413216,Elephant,265738,803
413225,Mouse,4754,73
413248,Mouse,4159,75
413315,Mouse,5286,65
413328,Mouse,5237,70
413380,Elephant,107361,481
413439,Mouse,3580,67
413449,Mouse,4859,66
413495,Mouse,5445,70
413516,Mouse,5761,66
413626,Mouse,4056,64
413654,Mouse,4895,69
413714,Mouse,3287,64
413751,Mouse,4392,69
413819,Mouse,4202,75
414018,Mouse,5806,93
414171,Mouse,3351,102
414196,Elephant,400060,1238
414261,Mouse,3629,85
414375,Mouse,5005,72
414433,Mouse,3001,82
414433,Mouse,3077,82
414532,Mouse,4936,115
414536,Mouse,5677,117
414863,Elephant,64728,508
414866,Mouse,4579,122
414938,Elephant,491697,1584
414980,Mouse,3432,108
414988,Mouse,3035,98
415008,Mouse,3354,89
415055,Mouse,5722,83
415126,Mouse,4676,89
415126,Mouse,3213,87
415142,Mouse,5496,96
415223,Mouse,3701,86
415260,Elephant,326755,1374
415345,Elephant,491066,1659
415462,Mouse,5371,71
415517,Mouse,5237,70
415520,Mouse,3312,65
415563,Mouse,3643,68
415566,Mouse,4555,68
415575,Mouse,3618,66
415777,Elephant,484809,1434
415882,Mouse,3465,70
415892,Mouse,3857,69
415971,Mouse,4727,67
415982,Mouse,4209,70
416033,Mouse,4629,72
416078,Mouse,3765,68
416150,Mouse,3228,67
416191,Mouse,3821,72
416259,Mouse,4653,73
416280,Mouse,4336,69
416295,Mouse,3367,71
416324,Mouse,3428,75
416355,Mouse,3323,71
416357,Mouse,3088,77
416405,Mouse,4123,74
416515,Mouse,5610,82
416548,Mouse,4941,91
416609,Elephant,562398,1276
416625,Mouse,4689,93
416822,Mouse,3994,86
416848,Elephant,51601,351
416857,Mouse,4364,96
416935,Mouse,3126,105
417056,Mouse,3626,115
417067,Mouse,5735,119
417078,Elephant,324081,1319
417142,Mouse,3479,101
417148,Mouse,4819,102
417184,Mouse,3180,96
417187,Mouse,4609,98
417195,Mouse,4620,99
417206,Mouse,4816,98
417248,Mouse,5306,107
417393,Mouse,3885,101
417432,Mouse,3721,108
417451,Mouse,5091,111
417480,Elephant,201168,1134
417496,Mouse,4051,117
417563,Mouse,3617,105
417598,Mouse,4512,103
417614,Mouse,4055,98
417882,Mouse,4464,114
417933,Mouse,3102,113
418006,Mouse,5435,106
418037,Mouse,5627,105
418045,Mouse,3568,106
418060,Mouse,4714,111
418187,Mouse,4318,129
418211,Mouse,4653,123
418224,Mouse,5539,129
418275,Mouse,3681,128
418315,Mouse,5518,129
418320,Mouse,3410,131
418443,Elephant,439543,2022
418454,Mouse,3142,103
418495,Mouse,3053,104
418546,Elephant,570042,2098
418608,Mouse,4144,84
418634,Mouse,3830,88
418639,Mouse,5611,86
418691,Mouse,3017,91
418867,Elephant,396546,2063
419064,Elephant,564286,2420
419109,Mouse,4125,75
419184,Mouse,4314,69
419234,Mouse,5724,73
419351,Mouse,5725,71
419370,Elephant,369728,1780
419386,Elephant,339696,1422
419414,Mouse,3762,64
419548,Mouse,3011,64
419604,Mouse,4276,65
419616,Mouse,3557,66
419617,Mouse,5668,69
419672,Mouse,5441,66
419783,Mouse,5046,67
419810,Mouse,3637,65
419839,Mouse,5248,65
419970,Mouse,4208,64
419983,Mouse,5262,67
420053,Mouse,4902,73
420100,Mouse,3964,69
420123,Mouse,3432,67
420206,Mouse,4031,67
420247,Mouse,3901,72
420251,Elephant,173675,632
420265,Mouse,5694,71
420295,Mouse,3094,79
420299,Mouse,4304,75
420317,Mouse,5074,69
420402,Mouse,3178,66
420454,Mouse,4294,68
420507,Elephant,260414,794
420555,Mouse,5676,69
420584,Mouse,3769,64
420626,Mouse,4918,65
420890,Mouse,3501,70
421083,Mouse,5336,81
421098,Mouse,4745,85
421115,Mouse,4922,93
421169,Mouse,5089,94
421192,Mouse,4353,99
421250,Elephant,489087,1222
421280,Mouse,5374,83
421609,Mouse,3683,101
421671,Mouse,4693,110
421702,Mouse,5483,116
421741,Elephant,570633,1374
421853,Elephant,200289,1022
421871,Mouse,3890,69
421890,Mouse,3465,69
421983,Mouse,3003,63
422004,Mouse,4709,69
422022,Mouse,5204,76
422052,Mouse,5260,73
422083,Mouse,3818,73
422086,Mouse,4891,81
422136,Mouse,3930,85
422159,Mouse,3434,79
422167,Mouse,5218,85
422317,Mouse,5678,86
422380,Mouse,3290,95
422456,Mouse,3091,103
422479,Elephant,63779,484
422557,Mouse,3404,85
422584,Mouse,3403,88
422589,Mouse,3871,91
422684,Elephant,350027,1365
422695,Mouse,4307,99
422702,Mouse,5684,99
422725,Mouse,3614,96
422777,Mouse,4168,95
422883,Elephant,474583,1618
422927,Mouse,3486,65
422967,Mouse,3057,68
422998,Mouse,4003,71
423026,Mouse,3915,70
423060,Mouse,5341,81
423124,Elephant,370456,1346
423176,Mouse,3076,75
423217,Mouse,4291,82
423247,Mouse,3147,81
423263,Mouse,3087,86
423275,Mouse,5510,93
423334,Mouse,3668,91
423344,Mouse,5767,98
423364,Mouse,3549,104
423384,Mouse,3674,106
423388,Mouse,3993,108
423451,Mouse,4992,114
423464,Mouse,4838,120
423551,Mouse,4971,121
423583,Mouse,3528,117
423685,Mouse,3875,106
423703,Mouse,4919,114
423740,Mouse,4447,116
423823,Mouse,4061,126
423827,Mouse,5037,127
423859,Mouse,5068,137
423865,Mouse,5785,138
423888,Elephant,236890,1175
423923,Mouse,4694,124
424029,Mouse,4896,102
424188,Mouse,3036,106
424233,Elephant,440943,1589
424334,Mouse,4861,92
424341,Elephant,494554,1749
424345,Elephant,171469,1233
424388,Mouse,5097,85
424389,Mouse,5516,86
424392,Mouse,4074,71
424425,Mouse,4931,76
424455,Elephant,209594,1125
424487,Mouse,5123,65
424513,Mouse,3574,66
424698,Mouse,4122,72
424782,Mouse,3670,71
424791,Mouse,3098,76
424986,Mouse,3249,70
424990,Mouse,4627,73
425081,Mouse,4369,81
425125,Mouse,4527,89
425191,Mouse,5402,113
425235,Mouse,3417,120
425302,Mouse,3071,125
425324,Mouse,4950,127
425327,Mouse,3574,117
425335,Mouse,5220,120
425346,Mouse,5179,125
425352,Mouse,3743,125
425571,Mouse,3132,128
425607,Mouse,4592,133
425648,Elephant,441127,1302
425694,Mouse,4700,93
425697,Elephant,95675,735
425755,Elephant,572213,1584
425777,Mouse,3221,70
426050,Mouse,4246,89
426083,Mouse,5175,99
426116,Mouse,4315,104
426169,Mouse,5200,117
426219,Mouse,3920,116
426257,Mouse,3024,111
426302,Mouse,5711,100
426438,Mouse,4353,81
426475,Mouse,3542,86
426571,Mouse,5732,104
426587,Mouse,3508,108
426624,Mouse,4240,107
426773,Mouse,5662,117
426811,Mouse,5790,125
426839,Elephant,196862,1182
426891,Mouse,5090,125
427008,Mouse,3187,113
427041,Elephant,477617,2025
427062,Mouse,5303,101
427079,Mouse,4725,103
427173,Mouse,3762,100
427275,Mouse,4821,104
427298,Mouse,4629,105
427312,Elephant,558288,1938
427324,Mouse,4028,87
427505,Mouse,5502,73
427537,Mouse,5001,76
427554,Mouse,5345,87
427580,Elephant,440122,1674
427651,Elephant,475537,1853
427695,Mouse,3166,64
427712,Mouse,4358,65
427787,Mouse,5027,65
427957,Mouse,5239,65
428068,Mouse,4432,65
428116,Mouse,4653,65
428149,Mouse,3002,63
428180,Mouse,3630,65
428197,Mouse,3326,64
428221,Mouse,5578,68
428223,Mouse,5581,68
428263,Mouse,3914,66
428289,Mouse,3192,64
428395,Mouse,4806,65
428428,Mouse,4365,65
428473,Mouse,5205,69
428498,Mouse,3485,66
428523,Mouse,3960,64
428532,Elephant,197301,670
428579,Elephant,51900,319
428684,Mouse,4819,65
428848,Mouse,4430,65
428868,Mouse,5785,67
428870,Mouse,3196,66
429014,Mouse,4044,64
429151,Mouse,4763,65
429181,Mouse,5784,66
429256,Mouse,3220,64
429299,Mouse,5343,65
429308,Mouse,3030,64
429338,Mouse,3838,64
429352,Mouse,4705,66
429411,Mouse,4562,65
429546,Mouse,3584,64
429570,Mouse,4270,65
429595,Mouse,3443,64
429655,Mouse,4241,64
429713,Mouse,3072,64
429728,Mouse,3425,64
429777,Mouse,5472,66
429803,Mouse,4925,65
429817,Mouse,4457,65
429926,Mouse,4815,65
429976,Mouse,5585,66
430055,Mouse,4047,64
430068,Mouse,4135,64
430079,Mouse,4213,65
430140,Mouse,5530,66
430232,Mouse,3795,64
430296,Mouse,4584,65
430346,Mouse,4260,65
430407,Mouse,3208,64
430440,Mouse,5237,65
430479,Mouse,3957,64
430514,Mouse,3944,64
430533,Mouse,4199,64
430542,Mouse,3127,67
430652,Mouse,4234,64
430735,Mouse,4418,65
430758,Elephant,88688,412
430973,Mouse,3785,64
430992,Mouse,5586,66
431052,Mouse,5805,66
431142,Mouse,3603,64
431172,Mouse,5572,67
431176,Mouse,5786,68
431192,Mouse,5770,66
431323,Mouse,5485,67
431326,Mouse,4471,67
431342,Mouse,3089,64
431397,Mouse,4558,65
431414,Mouse,4188,64
431491,Mouse,4494,65
431537,Mouse,5522,66
431558,Mouse,5033,65
431663,Mouse,4752,65
431738,Mouse,3296,64
431796,Mouse,5127,65
431853,Mouse,5405,70
431967,Mouse,5555,66
432106,Elephant,101692,497
432107,Mouse,4550,70
432145,Mouse,4244,65
432166,Mouse,3765,64
432243,Elephant,352853,973
432311,Mouse,3949,64
432370,Mouse,4070,64
432376,Mouse,3964,64
432434,Mouse,4243,64
432614,Mouse,3242,64
432665,Mouse,4739,65
432848,Mouse,4841,65
433068,Mouse,3338,64
433148,Mouse,5731,66
433211,Mouse,3993,68
433254,Mouse,3172,65
433344,Mouse,3222,67
433446,Mouse,4771,65
433482,Mouse,5827,66
433500,Elephant,111249,491
433588,Mouse,3545,64
433666,Mouse,4420,65
433727,Mouse,5671,66
433745,Mouse,3440,68
433784,Mouse,5747,72
433825,Mouse,4343,69
433919,Elephant,208445,687
433948,Mouse,5310,67
433964,Mouse,4459,66
433978,Mouse,4234,64
433991,Mouse,3947,66
434014,Mouse,4858,65
434032,Mouse,4616,69
434049,Mouse,3235,65
434077,Mouse,4331,65
434115,Mouse,5622,70
434125,Mouse,4583,73
434192,Mouse,5313,65
434359,Elephant,32456,207
434395,Mouse,4322,69
434632,Elephant,219610,746
434673,Mouse,5595,85
434683,Mouse,5011,76
434861,Mouse,3529,79
434868,Mouse,3023,81
434923,Mouse,4468,91
435006,Elephant,543570,1216
435191,Elephant,164762,700
435210,Mouse,4228,66
435323,Mouse,5736,71
435342,Mouse,4312,68
435399,Mouse,5041,73
435432,Mouse,3481,67
435455,Mouse,3179,71
435469,Mouse,5386,75
435500,Mouse,5837,73
435545,Mouse,5276,73
435554,Mouse,3687,74
435770,Mouse,3812,90
435792,Mouse,5448,97
435818,Mouse,3654,104
435851,Mouse,4761,115
435956,Mouse,5039,116
435957,Mouse,4188,116
436004,Mouse,4855,111
436020,Elephant,585336,1536
436030,Mouse,5755,103
436050,Mouse,4126,98
436055,Mouse,5813,101
436094,Mouse,3213,73
436108,Mouse,4589,70
436157,Mouse,4212,72
436192,Mouse,3813,70
436255,Mouse,4619,70
436349,Mouse,4525,88
436355,Mouse,4738,92
436442,Mouse,5373,97
436470,Elephant,156466,762
436486,Elephant,569836,1536
436496,Mouse,3391,80
436498,Mouse,5089,81
436516,Mouse,4910,85
436534,Mouse,5132,74
436605,Mouse,4947,66
436687,Mouse,4224,64
436710,Mouse,4524,69
436736,Mouse,3138,65
436770,Mouse,3131,67
436878,Mouse,4841,70
436963,Mouse,4740,72
437072,Elephant,448222,1448
437197,Mouse,5276,65
437255,Mouse,4133,68
437360,Mouse,4572,69
437446,Elephant,449476,1088
437465,Mouse,4858,65
437796,Mouse,3610,64
437837,Mouse,5222,67
437839,Mouse,3454,66
437870,Mouse,4039,64
437878,Mouse,5002,66
437950,Mouse,3217,64
438036,Mouse,3175,64
438059,Mouse,5563,66
438077,Mouse,3092,64
438120,Mouse,4007,65
438123,Mouse,3710,64
438156,Mouse,3850,64
438265,Mouse,3938,68
438345,Mouse,3763,68
438375,Mouse,5454,66
438400,Mouse,5667,76
438402,Mouse,4415,74
438434,Elephant,73886,369
438479,Mouse,5015,68
438508,Mouse,4439,69
438580,Mouse,4989,66
438719,Mouse,3811,67
438766,Mouse,4104,69
438861,Elephant,415600,1008
438923,Mouse,4654,65
438930,Mouse,4798,65
439048,Mouse,3555,64
439117,Mouse,3317,64
439129,Mouse,3858,64
439195,Mouse,3809,64
439245,Mouse,3830,64
439255,Mouse,4242,64
439342,Mouse,3685,64
439362,Mouse,5456,66
439475,Mouse,4479,65
439499,Mouse,4992,65
439578,Mouse,3342,64
439691,Mouse,5592,66
439702,Mouse,4035,64
439710,Mouse,5581,66
439714,Mouse,4647,66
439721,Mouse,3204,64
439752,Mouse,3778,64
439781,Mouse,3679,67
439835,Mouse,4053,64
440048,Mouse,4627,69
440095,Elephant,170391,680
440116,Mouse,5689,66
440219,Mouse,5192,70
440219,Mouse,4741,70
440293,Mouse,5152,70
440413,Mouse,5341,70
440474,Mouse,3913,70
440562,Elephant,79189,411
440616,Mouse,5237,71
440667,Elephant,102078,461
440713,Mouse,5164,78
440800,Mouse,3641,72
440842,Mouse,4595,75
440917,Elephant,473105,1088
440985,Mouse,5353,76
440992,Mouse,5005,77
440997,Mouse,5465,72
441084,Mouse,4956,65
441153,Mouse,3069,66
441239,Mouse,4493,66
441267,Elephant,219344,736
441293,Mouse,4739,71
441316,Mouse,4421,69
441347,Mouse,3562,71
441356,Mouse,4792,71
441368,Mouse,4959,69
441465,Mouse,3546,69
441469,Mouse,4685,72
441485,Mouse,5206,70
441497,Mouse,4370,72
441557,Mouse,3245,67
441574,Mouse,4351,70
441588,Mouse,3829,70
441632,Mouse,5383,74
441642,Mouse,4850,77
441710,Mouse,3044,73
441776,Mouse,4199,71
441785,Elephant,509671,1165
441839,Mouse,5434,75
441948,Mouse,5341,65
441993,Mouse,4626,68
442060,Mouse,3286,69
442114,Mouse,5533,72
442159,Mouse,3174,64
442257,Mouse,5505,66
442264,Mouse,5227,68
442297,Mouse,5692,76
442322,Mouse,5364,73
442332,Elephant,407483,1110
442340,Mouse,3778,80
442405,Mouse,4339,65
442517,Mouse,5263,65
442595,Mouse,4676,69
442645,Mouse,4844,73
442660,Mouse,4771,69
442680,Mouse,5164,70
442707,Mouse,3606,66
442712,Mouse,4853,65
442726,Mouse,4555,71
442783,Mouse,4644,72
442888,Mouse,3690,71
443027,Mouse,3208,78
443075,Elephant,282418,860
443167,Mouse,3577,66
443177,Mouse,4197,70
443266,Mouse,5256,87
443273,Mouse,3914,83
443283,Mouse,4369,89
443286,Mouse,5713,92
443414,Mouse,3587,91
443478,Mouse,4889,102
443509,Mouse,5310,108
443550,Mouse,3118,115
443555,Mouse,3916,117
443623,Mouse,3870,125
443633,Mouse,5240,128
443708,Mouse,3322,123
443733,Mouse,3397,126
443765,Elephant,294798,1067
443823,Mouse,4561,86
443922,Mouse,4032,83
444013,Mouse,3789,92
444066,Mouse,3069,95
444076,Mouse,3182,99
444146,Mouse,3332,109
444193,Elephant,564337,1647
444205,Mouse,3931,105
444211,Mouse,3559,110
444240,Mouse,5756,108
444247,Mouse,4340,111
444248,Elephant,423519,1503
444283,Mouse,5630,82
444295,Mouse,3689,87
444299,Mouse,5739,82
444333,Mouse,4057,78
444345,Mouse,4252,80
444351,Mouse,3675,78
444407,Mouse,3953,76
444489,Mouse,3665,74
444503,Mouse,5739,82
444633,Mouse,3965,77
444685,Mouse,3375,75
444839,Mouse,4637,89
444882,Mouse,5505,101
444915,Mouse,5734,107
444920,Mouse,3175,108
444951,Mouse,4513,114
444996,Mouse,5723,122
445087,Mouse,4044,113
445172,Mouse,5272,110
445186,Elephant,557884,1763
445216,Mouse,4088,83
445329,Mouse,3857,67
445338,Mouse,4682,73
445365,Mouse,3444,67
445407,Mouse,4971,70
445412,Elephant,490614,1681
445436,Mouse,5444,68
445492,Mouse,4040,64
445569,Elephant,399018,1324
445600,Mouse,5294,69
445626,Mouse,3019,64
445667,Mouse,3951,64
445705,Mouse,5738,66
445798,Mouse,5748,66
445948,Mouse,3123,67
446043,Mouse,5425,70
446097,Mouse,4356,71
446101,Mouse,5311,71
446151,Mouse,4538,65
446244,Mouse,3317,64
446272,Mouse,3704,68
446450,Mouse,3273,64
446536,Mouse,4449,65
446606,Elephant,504212,1205
446708,Mouse,3821,64
446789,Mouse,3071,64
446802,Mouse,3195,64
446827,Mouse,4712,65
446975,Mouse,4434,65
447011,Mouse,4734,65
447039,Mouse,5417,65
447110,Mouse,5313,65
447164,Mouse,5178,65
447205,Mouse,3841,65
447254,Mouse,4148,64
447315,Mouse,4477,73
447342,Mouse,5759,67
447420,Mouse,5190,65
447457,Mouse,5335,65
447491,Elephant,207740,683
447503,Mouse,4614,65
447564,Mouse,3655,67
447649,Mouse,3830,68
447659,Mouse,3470,66
447848,Mouse,5605,66
447920,Mouse,4543,69
447968,Mouse,3618,70
448041,Mouse,3959,67
448217,Mouse,4939,69
448242,Mouse,4160,67
448320,Mouse,3120,74
448342,Mouse,5174,81
448435,Mouse,4414,90
448473,Mouse,4113,89
448507,Mouse,3667,98
448661,Mouse,4559,103
448698,Mouse,3926,113
448714,Mouse,3149,120
448778,Mouse,4381,131
448927,Elephant,496614,1354
448931,Mouse,3977,107
448961,Mouse,4763,110
448964,Elephant,516426,1732
448976,Mouse,3639,83
448995,Mouse,4262,87
449006,Mouse,4752,90
449010,Mouse,3096,82
449052,Mouse,3806,70
449107,Elephant,131586,893
449110,Mouse,5299,72
449230,Mouse,3673,72
449283,Mouse,5815,84
449286,Mouse,5154,86
449379,Mouse,5261,104
449418,Mouse,5644,106
449438,Mouse,3089,111
449538,Mouse,3890,116
449604,Elephant,229771,1314
449754,Mouse,4256,90
449757,Elephant,178124,798
449760,Mouse,3486,95
449807,Mouse,3713,90
449937,Elephant,72030,487
449938,Mouse,3955,86
449942,Elephant,326899,1332
450006,Mouse,3203,78
450089,Mouse,5601,72
450092,Mouse,3488,72
450162,Elephant,91621,546
450175,Mouse,5420,76
450213,Elephant,479578,1724
450239,Mouse,4969,67
450272,Mouse,4496,68
450349,Mouse,5387,65
450379,Elephant,77160,389
450385,Mouse,5416,65
450425,Mouse,4456,67
450503,Mouse,3661,65
450625,Mouse,4233,66
450759,Elephant,99322,455
450797,Mouse,5388,69
450905,Mouse,3641,64
450923,Mouse,3084,64
450929,Mouse,4265,66
450971,Mouse,4290,68
451117,Mouse,3806,64
451138,Mouse,4446,69
451199,Mouse,3600,68
451237,Mouse,3265,67
451309,Mouse,3222,67
451323,Mouse,3817,69
451404,Mouse,5765,69
451412,Mouse,4470,66
451424,Elephant,564227,1222
451448,Mouse,3589,68
451472,Mouse,3974,64
451605,Mouse,4593,65
451696,Mouse,3705,64
451740,Mouse,5415,66
451760,Mouse,5056,65
451766,Mouse,5227,65
451851,Mouse,4960,65
452057,Mouse,5725,66
452099,Mouse,5213,66
452112,Mouse,3876,64
452133,Mouse,4509,65
452256,Mouse,4686,65
452308,Mouse,5098,65
452322,Mouse,5622,66
452354,Mouse,3034,64
452431,Mouse,3578,64
452440,Mouse,4452,66
452442,Mouse,3419,66
452463,Mouse,4376,65
452478,Mouse,5482,66
452690,Mouse,5105,65
452699,Mouse,5496,66
452844,Mouse,5192,65
452872,Mouse,4620,69
452876,Mouse,4728,65
452912,Mouse,4230,67
452918,Mouse,4088,70
452972,Mouse,4884,65
453001,Mouse,4434,69
453064,Mouse,3082,64
453127,Mouse,4891,70
453141,Mouse,3330,64
453149,Mouse,5401,65
453228,Mouse,3048,64
453250,Mouse,4674,66
453302,Mouse,4315,69
453330,Mouse,5557,66
453387,Mouse,3362,64
453537,Mouse,4196,68
453554,Mouse,4631,66
453695,Elephant,432453,1023
453736,Mouse,4580,65
453857,Mouse,4888,65
453903,Mouse,4740,65
453909,Mouse,3407,64
454100,Mouse,3411,65
454109,Mouse,4605,71
454117,Mouse,3886,64
454198,Mouse,4038,68
454200,Mouse,3970,67
454289,Mouse,3717,70
454308,Mouse,5425,70
454324,Mouse,5132,70
454434,Mouse,3860,66
454506,Elephant,53848,333
454555,Mouse,3998,69
454637,Mouse,5201,74
454666,Mouse,3752,74
454676,Mouse,5305,75
454727,Mouse,4826,86
454787,Mouse,3508,82
454793,Mouse,4320,87
454823,Mouse,3214,89
454891,Mouse,3955,94
454897,Mouse,3102,98
454915,Elephant,372153,1007
454933,Mouse,5096,90
454934,Mouse,5045,88
455016,Mouse,3636,66
455079,Elephant,497644,1188
455119,Mouse,3414,64
455165,Mouse,3096,64
455178,Mouse,3638,64
455206,Mouse,3100,64
455305,Mouse,5260,65
455371,Mouse,3243,64
455456,Mouse,3970,64
455478,Mouse,5454,68
455617,Mouse,3684,74
455623,Mouse,3023,74
455711,Mouse,4893,75
455727,Mouse,5467,72
455767,Mouse,3511,78
455818,Mouse,3488,79
455856,Mouse,5294,92
455955,Mouse,4959,105
456057,Mouse,3702,125
456123,Mouse,4314,135
456206,Mouse,5154,136
456217,Mouse,5005,131
456303,Mouse,3315,133
456397,Elephant,246289,1123
456505,Mouse,3433,125
456526,Mouse,5221,119
456620,Mouse,4810,113
456643,Mouse,4891,124
456712,Mouse,4497,132
456762,Mouse,4895,146
456825,Mouse,4575,147
456825,Elephant,104371,947
456965,Elephant,306947,1524
457004,Mouse,3092,126
457019,Elephant,274397,1519
457177,Mouse,4394,89
457285,Mouse,4909,82
457350,Mouse,4838,98
457454,Mouse,3453,108
457689,Mouse,3425,121
457709,Elephant,400389,2046
457786,Elephant,558655,2387
457806,Mouse,5694,109
457853,Mouse,3548,79
457856,Elephant,368888,1666
457871,Mouse,5481,76
457877,Mouse,3197,68
458059,Mouse,5340,70
458114,Mouse,5507,73
458168,Mouse,4892,72
458235,Mouse,5810,77
458241,Mouse,3081,75
458311,Mouse,3479,81
458334,Elephant,405995,2288
458425,Mouse,3555,64
458451,Mouse,4969,69
458477,Mouse,5697,66
458509,Mouse,4960,72
458606,Mouse,3930,71
458654,Mouse,3230,72
458654,Elephant,259228,802
458759,Mouse,5593,66
458839,Mouse,4743,65
458903,Mouse,4278,68
458922,Mouse,4144,73
459122,Mouse,4028,68
459151,Mouse,4641,72
459154,Mouse,3409,65
459267,Mouse,5314,74
459330,Elephant,249461,891
459340,Mouse,3478,82
459341,Mouse,5020,84
459371,Mouse,5394,69
459392,Mouse,4508,77
459452,Mouse,3952,71
459455,Mouse,5089,74
459497,Mouse,4525,71
459507,Mouse,3780,72
459523,Mouse,4647,77
459527,Mouse,3180,75
459533,Mouse,4172,74
459648,Mouse,4761,74
459652,Mouse,4192,75
459715,Mouse,3677,75
459764,Mouse,4602,76
459815,Mouse,5627,76
459835,Elephant,395157,1039
459860,Mouse,5711,72
459957,Mouse,4454,67
460021,Mouse,5285,73
460125,Mouse,3274,67
460210,Mouse,5422,67
460267,Elephant,353234,1120
460278,Mouse,4005,64
460406,Mouse,4291,65
460521,Mouse,4256,64
460541,Mouse,4183,67
460567,Mouse,5663,70
460607,Mouse,4825,65
460735,Mouse,4486,65
460780,Mouse,4254,64
460803,Mouse,4155,64
460846,Mouse,3119,64
460956,Elephant,78779,403
461167,Mouse,4176,64
461184,Mouse,5389,69
461202,Mouse,3765,64
461222,Mouse,4944,66
461323,Mouse,5055,65
461330,Mouse,5184,65
461436,Mouse,4969,66
461440,Mouse,3254,64
461449,Mouse,5583,66
461492,Mouse,5806,66
461529,Mouse,5272,67
461598,Mouse,4232,64
461770,Mouse,3225,64
461778,Mouse,5840,67
461893,Mouse,3076,64
462005,Mouse,3228,64
462010,Mouse,3417,64
462026,Mouse,3745,64
462044,Mouse,5444,68
462153,Mouse,4360,65
462184,Mouse,3989,64
462233,Mouse,5813,66
462365,Mouse,3079,64
462375,Mouse,5457,66
462410,Mouse,4859,66
462435,Mouse,4690,69
462436,Mouse,5549,70
462477,Mouse,3313,67
462562,Mouse,3136,64
462598,Mouse,3269,64
462731,Mouse,3322,64
462764,Mouse,3146,64
462926,Mouse,4453,65
462985,Mouse,3249,64
463070,Mouse,3853,64
463122,Mouse,4669,66
463125,Mouse,3110,64
463221,Mouse,3591,65
463255,Mouse,4752,66
463271,Mouse,5096,65
463316,Mouse,3852,65
463361,Mouse,4701,65
463366,Mouse,5822,66
463411,Mouse,3768,64
463545,Mouse,3540,64
463567,Elephant,124871,503
463625,Mouse,4559,65
463634,Mouse,4160,64
463827,Mouse,5724,66
463838,Mouse,3172,64
463903,Mouse,5679,66
463981,Mouse,3448,64
464144,Mouse,3453,67
464198,Mouse,3149,64
464235,Mouse,3123,65
464267,Mouse,3582,67
464284,Mouse,5824,68
464432,Mouse,4067,66
464456,Mouse,3517,69
464480,Mouse,4234,68
464507,Mouse,4982,76
464519,Mouse,5056,79
464567,Mouse,4563,71
464634,Mouse,3431,73
464645,Mouse,3207,72
464692,Mouse,4847,75
464714,Mouse,3074,74
464807,Elephant,274413,824
464828,Mouse,4007,72
464851,Mouse,3462,72
464870,Mouse,5021,65
465030,Mouse,5393,67
465060,Mouse,3181,71
465081,Elephant,509522,1176
465100,Mouse,3156,68
465173,Mouse,5267,65
465312,Mouse,4037,67
465382,Mouse,5750,69
465478,Mouse,3395,64
465550,Elephant,113722,517
465657,Mouse,5348,70
465739,Mouse,5702,69
465790,Mouse,5597,73
465918,Elephant,345741,930
465955,Mouse,3260,69
466074,Mouse,3183,68
466192,Elephant,87045,471
466236,Mouse,4991,67
466240,Mouse,4337,65
466337,Mouse,5176,70
466355,Mouse,3933,69
466364,Elephant,365879,1078
466383,Mouse,5614,70
466410,Mouse,5188,69
466427,Mouse,3009,64
466513,Mouse,3417,64
466582,Mouse,5064,69
466615,Elephant,201396,674
466680,Mouse,5101,65
466912,Mouse,3607,64
466915,Mouse,3431,64
467040,Mouse,3022,64
467102,Mouse,4289,65
467109,Mouse,4710,65
467243,Mouse,4394,65
467285,Mouse,5092,65
467304,Mouse,4282,65
467406,Mouse,3953,65
467455,Mouse,3363,67
467592,Mouse,4829,65
467638,Mouse,4861,70
467641,Mouse,4780,71
467659,Mouse,4529,71
467757,Mouse,3806,72
467864,Elephant,294151,832
467916,Mouse,3778,67
467969,Mouse,4709,69
468048,Mouse,3537,66
468057,Mouse,3077,65
468378,Mouse,4443,66
468386,Mouse,4171,64
468452,Mouse,5127,69
468473,Mouse,4503,70
468497,Mouse,4721,71
468504,Elephant,515644,1130
468601,Mouse,4270,69
468772,Mouse,3826,68
468832,Mouse,4500,70
468887,Mouse,5292,77
468920,Mouse,4164,86
468928,Elephant,93972,453
468930,Elephant,114760,526
468935,Mouse,4756,80
468952,Mouse,3129,85
468964,Mouse,5115,92
468990,Mouse,4963,75
469062,Mouse,5686,66
469157,Elephant,176014,643
469192,Elephant,168576,634
469196,Mouse,4039,65
469200,Mouse,3168,64
469212,Mouse,3014,64
469247,Mouse,5645,66
469388,Mouse,3020,64
469405,Mouse,5661,66
469429,Mouse,3714,64
469446,Mouse,3745,65
469480,Mouse,5641,66
469526,Mouse,5584,66
469581,Mouse,5619,66
469588,Mouse,5037,65
469651,Mouse,4143,64
469717,Mouse,5072,65
469774,Mouse,3392,64
469788,Mouse,4889,65
469823,Mouse,5026,68
469959,Mouse,3567,67
469980,Mouse,3959,64
469987,Mouse,3057,64
470003,Mouse,3746,67
470090,Mouse,3514,64
470099,Mouse,5141,65
470107,Mouse,4655,65
470207,Elephant,112797,492
470238,Mouse,3941,64
470251,Mouse,5237,66
470278,Mouse,4068,64
470299,Mouse,4808,65
470337,Mouse,3682,64
470416,Mouse,3820,64
470438,Mouse,3822,64
470537,Mouse,4894,65
470611,Mouse,5645,66
470634,Mouse,3028,64
470644,Mouse,5440,66
470680,Mouse,3347,64
470701,Mouse,3227,64
470721,Mouse,5189,65
470729,Mouse,4638,65
470740,Mouse,4089,64
470783,Mouse,4381,66
470818,Mouse,3499,64
470838,Mouse,5477,66
470869,Mouse,5111,65
470901,Mouse,5199,65
470907,Mouse,3974,64
470918,Mouse,3615,65
471008,Mouse,4015,64
471014,Mouse,3099,64
471021,Mouse,4745,65
471295,Mouse,5532,66
471331,Mouse,5411,65
471350,Mouse,5810,68
471352,Mouse,5116,68
471495,Mouse,5467,68
471527,Elephant,68763,364
471551,Mouse,4000,66
471553,Mouse,3732,65
471559,Mouse,3393,67
471614,Mouse,4948,65
471618,Mouse,4444,65
471687,Mouse,3839,64
471740,Mouse,5440,66
471779,Mouse,3124,64
471873,Mouse,4413,65
471945,Mouse,4445,67
471947,Mouse,4821,68
471949,Mouse,3229,68
472038,Mouse,5269,65
472058,Mouse,3640,67
472106,Mouse,3654,66
472116,Mouse,3153,64
472251,Mouse,3713,64
472295,Mouse,3753,75
472300,Mouse,5823,79
472313,Mouse,3293,65
472331,Mouse,5683,70
472383,Mouse,4731,74
472455,Mouse,5123,73
472539,Mouse,5229,76
472569,Mouse,4889,82
472601,Mouse,5703,91
472840,Mouse,5531,109
472894,Mouse,3288,104
472895,Mouse,4345,107
472932,Mouse,3496,100
472963,Elephant,557109,1321
472972,Elephant,70672,492
473089,Mouse,4203,68
473156,Mouse,4251,64
473328,Mouse,5158,73
473351,Mouse,3230,66
473411,Mouse,5116,73
473443,Mouse,3627,74
473445,Mouse,3095,76
473477,Mouse,4305,77
473488,Mouse,4351,82
473577,Elephant,519651,1486
473597,Mouse,4041,69
473604,Mouse,4223,72
473659,Elephant,381485,1363
473662,Mouse,3524,69
473695,Mouse,3092,64
473757,Elephant,31936,198
473763,Mouse,3724,64
473905,Mouse,4322,67
473906,Mouse,4749,68
473931,Mouse,4084,64
473939,Mouse,4276,65
473976,Mouse,3149,64
473988,Mouse,4692,65
474022,Mouse,5467,66
474085,Mouse,3321,64
474156,Mouse,3009,64
474167,Mouse,3246,64
474285,Mouse,3503,64
474395,Mouse,4325,65
474454,Mouse,4481,70
474465,Mouse,4772,72
474483,Mouse,5579,66
474498,Mouse,3393,70
474567,Mouse,3000,65
474571,Mouse,4668,67
474636,Mouse,3637,68
474642,Mouse,3563,71
474663,Mouse,5522,72
474702,Mouse,3089,70
474936,Mouse,4885,88
475003,Mouse,5599,101
475027,Elephant,250830,813
475045,Mouse,4178,90
475072,Mouse,3690,75
475083,Mouse,3947,74
475197,Mouse,4476,72
475249,Mouse,3530,76
475342,Elephant,428250,1115
475507,Mouse,5154,65
475566,Mouse,4608,69
475609,Mouse,5221,69
475618,Mouse,4600,75
475622,Elephant,439333,1229
475794,Mouse,3851,73
475800,Mouse,3852,74
475849,Mouse,3884,70
475954,Mouse,3296,69
476067,Mouse,3960,67
476098,Mouse,4059,73
476134,Mouse,5755,70
476138,Elephant,119139,511
476140,Mouse,3777,72
476190,Mouse,3149,66
476195,Mouse,4879,70
476217,Mouse,5049,75
476333,Elephant,482732,1108
476341,Mouse,4326,68
476466,Mouse,4345,65
476486,Mouse,5699,68
476488,Mouse,5413,68
476512,Mouse,4257,65
476626,Mouse,4517,65
476692,Mouse,4063,64
476727,Mouse,3791,64
476751,Mouse,5463,66
476755,Mouse,4163,65
476811,Mouse,3214,64
476841,Mouse,5135,65
476976,Mouse,3859,64
477001,Mouse,5686,66
477229,Mouse,4985,65
477238,Mouse,3317,64
477267,Mouse,5799,66
477274,Mouse,4543,65
477382,Mouse,4468,70
477386,Elephant,141168,547
477423,Mouse,5228,69
477447,Mouse,3433,64
477645,Mouse,3464,64
477829,Mouse,3355,64
477878,Mouse,5813,66
477901,Mouse,5267,76
477936,Elephant,80274,410
477989,Mouse,5432,72
477990,Mouse,5525,74
478146,Mouse,5293,70
478236,Mouse,5657,69
478250,Mouse,3141,71
478265,Mouse,3395,73
478303,Mouse,3318,73
478437,Mouse,3688,78
478469,Mouse,4339,82
478482,Mouse,4985,86
478540,Mouse,3866,96
478571,Mouse,3127,104
478593,Mouse,5588,108
478601,Mouse,4664,112
478625,Elephant,120766,584
478678,Mouse,4272,103
478689,Mouse,5089,96
478702,Mouse,4197,99
478772,Mouse,4246,86
478782,Elephant,314030,1002
478810,Mouse,4637,70
479022,Mouse,5734,83
479063,Mouse,4693,91
479117,Mouse,4462,103
479218,Elephant,538904,1400
479351,Elephant,80903,505
479402,Mouse,3874,69
479430,Mouse,3863,73
479474,Mouse,4069,77
479481,Mouse,3676,84
479502,Mouse,5173,89
479564,Mouse,3605,92
479789,Elephant,411731,1248
479803,Mouse,5069,80
479844,Mouse,4310,70
479867,Mouse,3683,67
479937,Mouse,3528,66
479953,Mouse,5043,70
480019,Mouse,3356,73
480044,Mouse,4867,71
480047,Mouse,3101,70
480110,Mouse,3383,76
480129,Elephant,251885,985
480131,Elephant,482823,1350
480136,Mouse,3547,64
480159,Mouse,5595,73
480161,Mouse,4386,73
480167,Mouse,5501,71
480262,Mouse,4467,65
480288,Mouse,3237,64
480316,Mouse,3774,64
480347,Mouse,4237,64
480369,Mouse,4191,64
480452,Mouse,4139,67
480452,Mouse,3685,67
480481,Mouse,5491,66
480499,Mouse,5802,73
480599,Mouse,3935,64
480732,Mouse,4385,65
480755,Mouse,3702,64
480872,Mouse,5396,70
480943,Mouse,4318,69
480948,Mouse,3057,71
481032,Mouse,4977,75
481033,Elephant,250075,765
481054,Mouse,3167,67
481122,Mouse,3434,64
481206,Mouse,3508,64
481257,Mouse,4415,66
481274,Mouse,3204,69
481282,Mouse,5700,75
481308,Elephant,138001,550
481321,Mouse,4451,74
481365,Mouse,3930,65
481389,Mouse,3857,68
481405,Mouse,5098,65
481421,Mouse,3802,69
481424,Mouse,5406,73
481444,Mouse,5351,76
481632,Mouse,5741,70
481635,Elephant,459985,1083
481687,Mouse,3830,64
481734,Mouse,3998,64
481836,Mouse,4890,70
481839,Mouse,3770,70
481863,Mouse,4753,65
481945,Mouse,3939,64
481963,Mouse,4636,69
482080,Mouse,4277,65
482126,Mouse,3836,64
482241,Mouse,3280,66
482296,Mouse,5672,66
482386,Mouse,3455,64
482418,Mouse,4852,71
482485,Elephant,381948,1074
482564,Mouse,3950,65
482568,Mouse,4634,65
482626,Mouse,3862,64
482667,Mouse,5703,66
482727,Elephant,156404,593
482735,Mouse,4907,65
482738,Mouse,3166,64
482809,Mouse,4810,69
482897,Mouse,4252,70
482901,Mouse,4229,65
482986,Mouse,3546,68
482992,Mouse,3712,71
483010,Mouse,4166,67
483122,Mouse,4968,76
483158,Mouse,5774,88
483255,Mouse,4954,104
483279,Mouse,4151,112
483458,Mouse,5840,105
483764,Mouse,4189,110
483849,Mouse,3410,117
483917,Elephant,201782,948
483968,Mouse,5833,104
484025,Mouse,3199,91
484106,Mouse,5044,97
484176,Mouse,3878,105
484189,Mouse,4211,113
484252,Mouse,3539,117
484259,Mouse,4573,119
484271,Elephant,402657,1631
484276,Elephant,483440,1755
484287,Elephant,444180,1566
484301,Mouse,3000,101
484475,Mouse,4716,69
484541,Mouse,5205,69
484545,Mouse,5588,70
484562,Mouse,5523,67
484685,Mouse,3467,67
484750,Mouse,3376,69
484791,Elephant,398748,1466
484834,Mouse,3939,72
484860,Mouse,4010,64
484927,Mouse,3567,64
484941,Mouse,4606,69
484953,Mouse,5182,73
484976,Mouse,3074,68
484998,Mouse,4890,74
485205,Mouse,3150,66
485231,Mouse,4217,70
485247,Mouse,5539,75
485384,Mouse,5661,83
485517,Mouse,5222,78
485690,Mouse,3762,108
485837,Elephant,356378,1166
485858,Mouse,4000,102
485870,Elephant,570029,1444
486032,Mouse,4977,74
486057,Mouse,3770,68
486067,Mouse,4210,74
486104,Mouse,5282,79
486192,Mouse,3540,88
486284,Mouse,4154,104
486293,Mouse,5423,110
486380,Elephant,292796,1174
486400,Mouse,3496,98
486408,Mouse,5583,100
486416,Mouse,4254,93
486482,Mouse,5516,88
486630,Mouse,3979,88
486691,Mouse,5707,108
486733,Elephant,242557,1301
486742,Mouse,3201,105
487033,Mouse,4796,123
487191,Mouse,5247,129
487218,Mouse,5362,126
487240,Mouse,4299,129
487253,Mouse,3322,132
487305,Mouse,5143,143
487390,Mouse,4097,132
487455,Mouse,3814,118
487483,Elephant,550397,1693
487742,Elephant,355922,1734
487757,Mouse,4611,99
487821,Elephant,127660,1102
487963,Mouse,4424,88
487969,Mouse,3855,89
487996,Elephant,490810,2133
488091,Mouse,4096,68
488144,Mouse,5000,70
488223,Mouse,5645,83
488250,Mouse,5029,98
488386,Mouse,3815,114
488422,Mouse,4683,111
488440,Elephant,238111,1172
488464,Mouse,4006,110
488611,Mouse,3970,84
488622,Mouse,4232,82
488659,Elephant,549243,2324
488688,Mouse,4945,82
488696,Mouse,4867,80
488756,Mouse,5043,69
488765,Mouse,5191,74
488770,Mouse,4563,77
488884,Mouse,4479,69
488952,Elephant,223394,849
489001,Mouse,4153,64
489101,Mouse,3419,67
489143,Mouse,5048,68
489189,Mouse,3166,66
489237,Mouse,3876,71
489244,Mouse,4390,70
489254,Mouse,3529,71
489268,Mouse,4818,68
489324,Mouse,3254,65
489341,Mouse,4322,66
489360,Elephant,473407,1487
489376,Mouse,3421,65
489414,Mouse,5605,68
489416,Mouse,5081,69
489472,Mouse,4945,65
489546,Mouse,3056,64
489583,Mouse,4660,65
489639,Mouse,5304,65
489685,Mouse,5193,66
489712,Mouse,5413,67
489767,Mouse,5423,65
489797,Mouse,3240,67
489821,Mouse,3853,64
489904,Mouse,4020,64
490005,Mouse,3576,66
490123,Mouse,3073,64
490168,Mouse,5049,66
490353,Mouse,4692,68
490394,Mouse,4119,74
490481,Mouse,4245,75
490497,Mouse,5681,78
490570,Mouse,3581,85
490633,Mouse,3848,85
490662,Elephant,397037,1020
490767,Mouse,5719,68
490778,Mouse,3297,67
490846,Mouse,3432,71
490984,Mouse,3028,71
491087,Mouse,4722,80
491115,Mouse,4246,83
491125,Elephant,287994,901
491132,Mouse,3239,83
491157,Mouse,3513,89
491244,Mouse,4434,70
491342,Elephant,592883,1291
491682,Mouse,5355,68
491741,Mouse,4401,66
491858,Elephant,131693,557
491918,Elephant,247718,758
491923,Mouse,5041,66
491942,Mouse,4550,79
491991,Mouse,5170,72
492027,Mouse,5394,72
492058,Mouse,3626,67
492126,Mouse,4258,65
492135,Mouse,5194,69
492209,Mouse,5179,71
492345,Mouse,3911,69
492400,Mouse,4342,79
492422,Mouse,4915,87
492588,Mouse,5035,100
492622,Elephant,234595,804
492667,Elephant,333229,978
492734,Elephant,208546,796
492750,Mouse,4710,65
492813,Mouse,3959,64
492858,Mouse,3094,64
492866,Elephant,33249,232
492964,Mouse,3269,64
493029,Mouse,4962,65
493115,Mouse,5751,66
493177,Mouse,5202,65
493200,Mouse,3708,64
493327,Mouse,4080,64
493389,Mouse,3445,64
493428,Mouse,4859,65
493471,Mouse,4270,66
493530,Mouse,4077,64
493544,Mouse,3895,67
493545,Mouse,5026,68
493685,Mouse,5336,70
493698,Mouse,3882,65
493774,Mouse,3379,65
493781,Mouse,3973,68
493792,Mouse,4391,65
493879,Mouse,5626,70
493886,Mouse,5006,65
493957,Mouse,5357,68
494097,Mouse,4681,67
494114,Mouse,5614,70
494194,Mouse,5796,67
494228,Mouse,4806,67
494292,Mouse,3083,68
494310,Mouse,4803,69
494362,Elephant,570597,1222
494374,Mouse,5320,66
494442,Mouse,5720,66
494542,Mouse,3628,64
494615,Mouse,3868,64
494622,Mouse,4081,64
494660,Mouse,4825,65
494673,Mouse,4425,65
494698,Mouse,3944,64
494721,Mouse,3489,64
494753,Mouse,3817,64
494775,Mouse,5543,66
494899,Mouse,3026,64
494952,Mouse,3737,64
495000,Mouse,3975,64
495009,Mouse,4418,65
495034,Mouse,4886,65
495348,Mouse,5091,65
495392,Mouse,5285,65
495422,Mouse,4678,65
495429,Mouse,4494,65
495460,Mouse,5647,66
495467,Mouse,4514,66
495475,Mouse,4936,65
495492,Mouse,3762,64
495559,Mouse,5064,65
495576,Mouse,5400,65
495613,Mouse,3261,64
495763,Mouse,4863,65
495809,Mouse,4138,64
495914,Mouse,3686,64
496087,Mouse,3337,66
496088,Mouse,3976,67
496094,Mouse,5322,65
496182,Mouse,3317,64
496384,Mouse,3327,64
496469,Mouse,5185,71
496513,Mouse,3071,68
496559,Mouse,3839,71
496609,Mouse,3458,65
496641,Mouse,5506,73
496661,Mouse,3900,76
496735,Elephant,88818,426
496791,Mouse,5323,71
496889,Mouse,4743,71
496937,Mouse,4257,73
496992,Elephant,406414,995
496993,Mouse,3566,71
497242,Elephant,210945,710
497281,Mouse,4290,66
497314,Mouse,4000,66
497366,Mouse,5389,67
497375,Mouse,5079,65
497455,Mouse,3393,64
497496,Mouse,4430,69
497537,Mouse,3268,68
497561,Mouse,5136,65
497628,Mouse,4326,65
497776,Mouse,3776,66
497779,Mouse,5716,69
497800,Mouse,3601,67
497834,Mouse,5102,69
497978,Mouse,5179,70
498045,Mouse,5273,67
498091,Mouse,5564,66
498203,Mouse,4716,65
498298,Mouse,4085,66
498316,Elephant,543739,1244
498408,Mouse,3355,64
498440,Mouse,4383,65
498450,Mouse,4339,67
498451,Mouse,5826,69
498465,Mouse,5752,66
498497,Mouse,5485,67
498657,Mouse,4940,65
499100,Mouse,4719,65
499157,Mouse,4251,64
499180,Mouse,3401,64
499189,Mouse,4101,64
499208,Mouse,5344,65
499249,Mouse,4660,65
499429,Mouse,3068,64
499603,Mouse,4335,65
499615,Mouse,3608,64
499623,Mouse,5384,65
499648,Mouse,4671,66
499654,Mouse,4651,65
499835,Mouse,4581,65
499846,Mouse,4765,65
499959,Mouse,4197,64
499982,Mouse,3797,64
500013,Mouse,3599,64
500063,Mouse,3104,64
500184,Mouse,5402,69
500205,Mouse,3897,64
500210,Mouse,5587,66
500232,Mouse,4552,65
500240,Mouse,3562,64
500296,Mouse,3010,64
500325,Mouse,3983,64
500375,Mouse,3543,64
500393,Mouse,3747,67
500524,Mouse,5776,67
500573,Mouse,3763,69
500616,Mouse,4105,67
500641,Mouse,3996,64
500659,Mouse,3507,67
500691,Mouse,3295,66
500697,Mouse,3319,65
500743,Mouse,4019,67
500768,Mouse,4824,65
500831,Mouse,3191,66
500887,Mouse,3991,67
501050,Mouse,4770,66
501076,Mouse,4847,69
501245,Mouse,3343,64
501269,Mouse,3407,66
501321,Mouse,4759,69
501553,Elephant,354906,930
501590,Mouse,4511,68
501644,Mouse,4369,67
501645,Mouse,4132,67
501802,Mouse,3623,64
501958,Mouse,3170,67
501978,Mouse,5719,75
502129,Mouse,4267,67
502227,Mouse,3336,67
502235,Elephant,270821,812
502255,Mouse,5405,70
502334,Mouse,5438,66
502342,Elephant,310352,981
502365,Mouse,4269,65
502659,Mouse,4678,65
502712,Mouse,4779,65
502761,Mouse,4766,65
502886,Mouse,5668,66
502890,Mouse,4564,66
502913,Mouse,4479,68
502940,Mouse,3285,66
503004,Mouse,5385,65
503029,Mouse,3371,66
503109,Mouse,3867,64
503224,Mouse,4466,69
503238,Mouse,3344,64
503247,Elephant,302653,842
503270,Mouse,4792,68
503277,Mouse,5056,65
503286,Mouse,5683,66
503298,Mouse,4958,65
503303,Mouse,4701,65
503322,Mouse,3797,64
503356,Mouse,5524,66
503419,Mouse,3426,64
503426,Mouse,4452,65
503459,Mouse,4907,65
503607,Mouse,4597,65
503642,Mouse,5304,67
503657,Mouse,4699,65
503713,Mouse,4661,65
503856,Mouse,3905,67
503867,Mouse,4790,65
503919,Mouse,4837,65
503997,Mouse,5539,66
504075,Mouse,3816,67
504097,Mouse,4127,64
504108,Elephant,154782,581
504384,Mouse,3605,65
504415,Mouse,5749,69
504427,Mouse,4900,65
504462,Mouse,5281,71
504548,Mouse,4569,71
504608,Mouse,5034,65
504633,Mouse,5628,71
504710,Elephant,101349,453
504729,Mouse,3062,68
504763,Mouse,4220,66
504799,Mouse,5467,66
505010,Mouse,3285,64
505026,Mouse,5408,68
505161,Mouse,4619,69
505197,Mouse,5464,71
505255,Mouse,5584,70
505401,Mouse,5499,79
505411,Mouse,5783,82
505475,Mouse,3602,100
505498,Mouse,4819,105
505508,Mouse,3460,109
505517,Mouse,4128,112
505523,Elephant,461846,1133
505539,Mouse,4983,110
505549,Mouse,4225,113
505598,Elephant,33920,298
505616,Mouse,5125,66
505701,Mouse,3484,64
505781,Mouse,4730,65
505839,Mouse,3449,67
505865,Mouse,4388,66
505916,Mouse,3875,68
505998,Elephant,463171,1253
506026,Mouse,5687,66
506071,Mouse,3967,64
506121,Mouse,5826,66
506152,Mouse,3483,64
506176,Mouse,3995,66
506179,Mouse,5242,68
506183,Mouse,4027,65
506239,Mouse,3841,64
506276,Mouse,5728,66
506312,Mouse,3562,64
506332,Mouse,4712,65
506429,Mouse,3843,64
506472,Mouse,4948,65
506496,Mouse,3440,64
506594,Mouse,4026,64
506600,Mouse,5541,66
506621,Mouse,5439,66
506813,Mouse,3048,66
506838,Mouse,4026,64
506852,Mouse,3808,68
506863,Mouse,3992,64
506948,Mouse,4299,67
506957,Mouse,4899,67
506979,Elephant,64527,366
506984,Mouse,3717,69
507023,Mouse,4622,66
507280,Mouse,4442,65
507407,Mouse,4914,65
507558,Mouse,5545,70
507570,Mouse,4062,64
507596,Elephant,229368,720
507619,Mouse,5537,67
507687,Mouse,3790,64
507701,Mouse,4798,65
507750,Mouse,4071,67
507763,Mouse,4226,64
507769,Mouse,3444,64
507803,Mouse,4499,65
507956,Mouse,4013,64
507963,Elephant,83018,408
508053,Mouse,4274,65
508086,Mouse,5441,66
508092,Mouse,4771,65
508099,Mouse,5105,65
508119,Mouse,4098,64
508139,Mouse,4496,65
508278,Mouse,3906,64
508295,Mouse,5831,69
508305,Mouse,5520,66
508461,Mouse,5837,66
508508,Mouse,3334,64
508557,Mouse,4788,65
508578,Mouse,3507,66
508668,Mouse,4745,69
508733,Mouse,4101,64
508753,Mouse,5058,68
508821,Mouse,5068,65
508902,Mouse,5773,69
509030,Elephant,266817,776
509039,Mouse,3478,64
509121,Mouse,4164,64
509158,Mouse,5303,65
509169,Mouse,3101,67
509201,Mouse,3782,65
509288,Mouse,5307,65
509311,Mouse,4521,65
509362,Mouse,3996,64
509374,Mouse,3743,64
509438,Mouse,3113,75
509522,Mouse,5095,69
509616,Elephant,141580,557
509667,Mouse,4117,64
509682,Mouse,4392,66
509698,Mouse,4591,65
509705,Mouse,5343,66
509743,Mouse,3084,75
509781,Elephant,100107,465
509792,Mouse,3221,73
509793,Mouse,4714,74
509865,Mouse,4149,65
509880,Mouse,5214,65
509905,Mouse,5403,67
509927,Mouse,3195,64
510018,Mouse,4166,64
510072,Mouse,5161,70
510117,Elephant,116499,500
510127,Mouse,3819,64
510161,Mouse,5495,66
510284,Mouse,3475,64
510368,Mouse,3916,65
510428,Mouse,3699,64
510474,Mouse,4479,65
510650,Mouse,5338,69
510654,Mouse,4245,64
510676,Mouse,4379,69
510901,Mouse,3179,87
510967,Elephant,289815,884
510975,Mouse,3096,79
510997,Mouse,3336,87
511048,Mouse,5547,78
511140,Mouse,4186,78
511179,Mouse,4202,84
511182,Mouse,4027,86
511193,Mouse,4637,91
511200,Elephant,72560,435
511202,Elephant,186291,710
511211,Mouse,4059,84
511240,Mouse,4636,83
511274,Mouse,4527,79
511339,Mouse,3426,65
511364,Mouse,3029,64
511396,Mouse,5718,70
511408,Mouse,5637,74
511530,Mouse,4812,69
511539,Mouse,3438,69
511607,Mouse,4500,68
511626,Elephant,485475,1142
511631,Mouse,3228,64
511668,Mouse,3265,64
511761,Mouse,4669,65
511775,Mouse,5564,66
511922,Mouse,3576,64
511966,Mouse,3897,64
512109,Mouse,3634,64
512116,Mouse,4684,65
512169,Mouse,4349,65
512549,Elephant,62984,326
512702,Mouse,4531,65
512739,Mouse,4654,65
512785,Mouse,4220,65
512795,Mouse,3345,64
512820,Mouse,4570,65
512889,Mouse,4659,67
512891,Mouse,5103,68
512951,Mouse,4539,65
513024,Mouse,3662,64
513186,Mouse,3825,64
513251,Mouse,5187,65
513379,Mouse,3444,64
513425,Mouse,3440,66
513428,Mouse,5716,67
513496,Mouse,3187,66
513592,Mouse,5744,69
513640,Mouse,3961,72
513728,Mouse,4864,68
513764,Mouse,4349,76
513772,Mouse,3460,76
513842,Mouse,3446,76
513845,Elephant,100467,475
513913,Mouse,3120,68
513939,Mouse,5109,69
513956,Elephant,336980,911
514062,Mouse,5648,67
514126,Mouse,3161,64
514175,Mouse,4990,73
514249,Mouse,5127,68
514269,Mouse,4872,65
514359,Mouse,3168,64
514373,Mouse,3836,68
514462,Mouse,3709,65
514517,Elephant,357240,1144
514626,Mouse,4511,65
514710,Mouse,3406,64
514741,Mouse,4095,64
514777,Mouse,4405,65
514941,Mouse,4526,70
515014,Mouse,3178,64
515097,Mouse,4470,65
515119,Mouse,3387,67
515133,Mouse,5267,68
515374,Mouse,4215,70
515408,Elephant,270211,794
515547,Mouse,5222,65
515769,Mouse,5198,66
515813,Mouse,4511,77
515819,Mouse,5694,79
515914,Mouse,3968,69
515919,Mouse,4490,72
515989,Mouse,4775,79
515994,Elephant,447988,1068
516027,Mouse,3106,68
516038,Mouse,3825,72
516161,Mouse,4703,65
516327,Mouse,3637,68
516357,Mouse,3221,65
516421,Mouse,3763,67
516455,Mouse,5287,70
516458,Mouse,3469,71
516471,Mouse,3198,71
516476,Mouse,3706,74
516498,Mouse,4237,69
516565,Mouse,4870,67
516601,Mouse,5356,71
516642,Mouse,4684,70
516644,Elephant,374624,963
516730,Mouse,4994,65
516807,Mouse,4207,64
516834,Mouse,5342,70
516841,Mouse,3258,71
516886,Mouse,5294,74
516915,Mouse,3691,65
516919,Mouse,4743,68
516966,Mouse,3250,67
517125,Mouse,3390,65
517166,Mouse,5711,71
517181,Mouse,4534,68
517189,Mouse,5534,74
517340,Mouse,3258,67
517382,Elephant,509928,1141
517419,Mouse,5788,72
517591,Mouse,4735,65
517626,Mouse,3115,67
517641,Mouse,3582,64
517701,Mouse,4585,69
517724,Mouse,5298,65
517776,Mouse,3591,64
517838,Mouse,3861,67
517871,Mouse,4835,69
517880,Mouse,5711,74
517900,Mouse,4798,79
517908,Mouse,4494,80
517931,Mouse,3155,75
517962,Mouse,5721,68
518009,Elephant,565621,1303
518102,Mouse,3553,64
518142,Mouse,5243,65
518202,Mouse,5432,66
518292,Mouse,5783,66
518370,Elephant,89218,412
518420,Mouse,5044,65
518481,Mouse,5699,66
518505,Mouse,3522,64
518555,Mouse,4592,65
518646,Mouse,4530,65
518722,Mouse,3374,64
518832,Mouse,3272,64
518849,Mouse,3251,64
518855,Mouse,3764,64
518949,Mouse,4079,64
518974,Mouse,5469,66
519041,Mouse,4931,65
519069,Mouse,5033,69
519116,Mouse,3991,64
519219,Mouse,4356,65
519220,Elephant,94247,446
519240,Elephant,65783,372
519303,Mouse,3883,64
519319,Mouse,4602,65
519339,Mouse,3692,64
519343,Mouse,4426,65
519357,Mouse,4643,65
519386,Mouse,4495,66
519431,Mouse,4564,65
519487,Mouse,3682,64
519563,Mouse,3942,64
519566,Mouse,3447,65
519575,Mouse,4151,64
519612,Mouse,4168,64
519616,Mouse,4062,65
519797,Mouse,3247,64
519809,Mouse,4073,68
519867,Mouse,3980,69
519893,Mouse,3007,66
519927,Elephant,241832,748
520073,Mouse,3882,64
520085,Mouse,3474,64
520099,Mouse,3148,64
520125,Mouse,4041,64
520237,Mouse,5037,66
520240,Mouse,4839,67
520257,Mouse,4886,65
520310,Mouse,3762,64
520334,Mouse,3411,64
520348,Mouse,3466,64
520464,Mouse,3174,64
520481,Mouse,5501,66
520505,Mouse,4929,65
520517,Mouse,4800,65
520567,Mouse,5398,65
520647,Mouse,4550,65
520653,Mouse,4004,64
520717,Mouse,4755,65
520748,Mouse,4520,65
520798,Mouse,5275,71
520830,Mouse,5555,66
520878,Elephant,66298,363
521018,Mouse,4794,65
521044,Mouse,3211,64
521062,Mouse,3401,68
521132,Mouse,3284,64
521260,Mouse,5158,65
521275,Mouse,4210,64
521305,Mouse,4025,64
521314,Mouse,5610,66
521337,Mouse,4469,65
521358,Mouse,4131,65
521372,Mouse,4568,69
521390,Mouse,5712,66
521498,Mouse,5083,69
521554,Mouse,4671,65
521589,Mouse,3321,70
521644,Mouse,3841,67
521688,Mouse,5032,69
521694,Mouse,4411,65
521737,Mouse,3653,72
521788,Mouse,5221,65
521826,Mouse,3941,67
521861,Mouse,5809,70
521879,Mouse,5107,70
521944,Mouse,4732,73
522006,Mouse,4309,65
522078,Mouse,3900,73
522090,Mouse,4987,72
522100,Mouse,3259,74
522173,Mouse,4819,84
522238,Mouse,5238,86
522272,Mouse,5544,92
522422,Elephant,568923,1292
522435,Elephant,247581,831
522452,Mouse,4500,79
522535,Mouse,3884,65
522568,Mouse,4690,65
522636,Mouse,4183,65
522697,Mouse,4077,64
522826,Mouse,5200,65
522898,Mouse,5107,69
522906,Mouse,3482,71
522959,Mouse,3667,74
523017,Mouse,5533,71
523029,Mouse,5351,76
523038,Mouse,5033,77
523212,Mouse,4525,76
523222,Mouse,5808,82
523325,Mouse,3239,93
523331,Mouse,4183,91
523455,Mouse,3148,102
523521,Mouse,3157,104
523529,Mouse,4181,108
523585,Mouse,4760,108
523599,Mouse,3120,110
523601,Elephant,535324,1346
523653,Elephant,495640,1484
523732,Mouse,5421,71
523737,Mouse,4826,66
523746,Mouse,5188,68
523747,Mouse,3812,67
523838,Mouse,4858,65
523898,Mouse,3031,66
524137,Mouse,3044,64
524146,Mouse,3498,64
524206,Mouse,5058,70
524211,Elephant,344066,1019
524289,Mouse,3312,64
524343,Mouse,5714,66
524371,Mouse,5387,65
524408,Mouse,3128,64
524417,Mouse,5239,66
524519,Mouse,3363,65
524565,Mouse,4701,67
524581,Mouse,4153,65
524661,Mouse,5635,69
524673,Mouse,5420,70
524743,Mouse,4910,70
524746,Mouse,3501,69
524776,Mouse,4173,64
524886,Mouse,4226,68
524945,Mouse,5678,67
524977,Mouse,3941,67
525057,Mouse,3973,65
525080,Mouse,3671,66
525118,Mouse,3210,67
525123,Elephant,373426,1098
525188,Mouse,4335,65
525263,Mouse,4793,69
525271,Mouse,3849,64
525301,Mouse,5074,66
525312,Mouse,5494,73
525325,Mouse,4893,65
525451,Mouse,3347,64
525608,Elephant,155293,583
525653,Mouse,4498,65
525785,Mouse,3437,64
525876,Mouse,3874,64
525890,Mouse,3958,64
525933,Mouse,3486,65
525950,Mouse,5350,65
526028,Mouse,4683,65
526035,Mouse,5505,66
526041,Mouse,4225,64
526144,Mouse,4179,64
526148,Mouse,3028,64
526164,Mouse,3325,64
526324,Mouse,4502,65
526374,Mouse,3341,64
526566,Mouse,3970,64
526605,Mouse,4466,72
526647,Mouse,4129,67
526696,Mouse,4031,64
526701,Mouse,4475,65
526709,Mouse,3925,64
526718,Mouse,4583,67
526729,Mouse,4564,76
526757,Mouse,5691,66
526833,Mouse,3084,73
526973,Mouse,5778,66
527117,Mouse,5360,70
527242,Elephant,261033,802
527272,Mouse,3813,66
527410,Mouse,4772,65
527525,Mouse,4040,68
527582,Mouse,4357,69
527585,Elephant,507747,1146
527807,Mouse,4726,65
527833,Mouse,5169,65
528006,Mouse,3972,64
528032,Mouse,5250,65
528058,Mouse,3497,64
528074,Mouse,4486,65
528111,Mouse,4571,65
528227,Mouse,5840,71
528323,Mouse,5092,66
528358,Mouse,5784,66
528382,Mouse,4775,67
528384,Mouse,5560,69
528394,Mouse,5359,68
528449,Mouse,5158,71
528463,Mouse,5621,66
528473,Mouse,3359,64
528536,Mouse,4314,69
528557,Mouse,3072,64
528618,Mouse,4945,66
528663,Elephant,179507,635
528715,Mouse,5388,65
528746,Mouse,3430,64
528790,Mouse,3938,65
528910,Mouse,4249,69
528953,Mouse,3733,70
528988,Mouse,3449,66
529059,Mouse,3922,66
529154,Mouse,4943,65
529200,Mouse,5044,67
529314,Mouse,5435,72
529354,Mouse,3912,74
529511,Mouse,3171,86
529540,Elephant,340391,957
529594,Mouse,3449,75
529609,Mouse,3071,68
529622,Mouse,5113,69
529644,Mouse,3417,67
529674,Elephant,401603,1051
529679,Mouse,4171,64
529766,Mouse,4731,65
529836,Mouse,4874,66
529842,Mouse,5805,66
530046,Mouse,4718,70
530155,Mouse,5616,66
530338,Mouse,3881,66
530427,Mouse,4049,75
530485,Mouse,4264,70
530490,Mouse,3122,66
530542,Mouse,4061,70
530611,Mouse,5656,77
530621,Mouse,5318,67
530634,Mouse,4902,68
530711,Elephant,595955,1378
530800,Mouse,5057,65
530864,Mouse,4843,66
530880,Mouse,5783,71
530895,Mouse,4506,77
530896,Mouse,4118,76
530952,Mouse,4797,78
530979,Mouse,5283,65
531075,Mouse,4053,68
531113,Mouse,4377,77
531292,Mouse,5279,89
531371,Elephant,539646,1241
531381,Mouse,5240,97
531385,Mouse,4791,93
531542,Mouse,5455,73
531565,Mouse,4727,75
531580,Mouse,5608,67
531615,Mouse,4722,75
531640,Elephant,126376,713
531653,Mouse,3110,66
531768,Mouse,5502,69
531828,Mouse,4944,73
531829,Mouse,5704,74
531869,Mouse,5349,71
531931,Elephant,497012,1275
532019,Mouse,3979,64
532036,Mouse,4703,65
532102,Mouse,5544,70
532118,Mouse,5221,65
532183,Mouse,3664,67
532195,Mouse,5385,66
532237,Mouse,3155,65
532301,Mouse,4279,65
532306,Elephant,152832,585
532360,Mouse,3946,64
532414,Mouse,3028,64
532421,Mouse,4363,65
532444,Mouse,4854,69
532515,Mouse,5031,65
532618,Mouse,5310,68
532643,Mouse,4035,64
532698,Mouse,4286,68
532710,Mouse,4138,64
532757,Mouse,5580,66
532777,Mouse,4068,68
532995,Mouse,5230,83
533021,Mouse,3563,90
533036,Mouse,3983,92
533199,Mouse,5764,95
533215,Mouse,4079,91
533219,Elephant,312531,932
533271,Mouse,3923,78
533357,Mouse,4584,75
533430,Elephant,32658,231
533469,Elephant,289114,984
533552,Mouse,5567,74
533586,Mouse,4098,66
533636,Mouse,3923,69
533760,Mouse,3962,69
533779,Mouse,3522,71
533780,Mouse,5411,73
533856,Mouse,3942,78
533878,Elephant,299263,1105
533947,Mouse,3250,67
533966,Mouse,4337,65
533974,Mouse,3265,67
533987,Mouse,3046,69
534047,Mouse,4592,72
534067,Elephant,512624,1406
534120,Mouse,3162,64
534178,Mouse,3481,64
534204,Mouse,3038,64
534243,Mouse,4890,65
534250,Mouse,3061,64
534353,Mouse,3891,64
534364,Mouse,5078,65
534436,Mouse,5277,65
534520,Mouse,5561,66
534542,Mouse,5482,70
534598,Mouse,5175,72
534662,Mouse,4619,65
534703,Mouse,4346,65
534832,Mouse,3025,64
535093,Mouse,5598,72
535139,Mouse,3093,78
535177,Mouse,5761,90
535241,Mouse,4965,95
535251,Mouse,3886,99
535261,Mouse,4339,102
535303,Mouse,3348,111
535317,Mouse,4362,115
535321,Elephant,443984,1103
535356,Mouse,3676,118
535516,Mouse,5200,87
535647,Mouse,3979,101
535727,Mouse,3378,119
535753,Mouse,5505,119
535877,Mouse,5495,126
535944,Mouse,5182,125
536042,Mouse,3319,119
536044,Elephant,393392,1334
536082,Elephant,128913,863
536136,Mouse,3226,74
536197,Mouse,4757,72
536231,Mouse,4674,75
536242,Mouse,4671,78
536350,Mouse,5389,80
536404,Elephant,580015,1644
536451,Elephant,250102,1261
536538,Mouse,3963,64
536581,Mouse,5079,65
536594,Mouse,4089,66
536597,Mouse,5062,67
536683,Mouse,3165,64
536701,Mouse,5726,73
536712,Mouse,5479,76
536769,Mouse,5676,67
536833,Elephant,323670,1135
536906,Mouse,5024,65
536958,Mouse,5315,69
537014,Mouse,3261,65
537104,Mouse,3772,66
537148,Mouse,3268,67
537224,Elephant,228388,727
537228,Mouse,5442,67
537251,Mouse,4659,65
537360,Mouse,3464,67
537369,Mouse,3242,64
537377,Mouse,4308,65
537381,Mouse,4029,65
537386,Mouse,5048,68
537447,Elephant,37266,241
537451,Mouse,5742,67
537523,Mouse,3901,72
537526,Mouse,5464,75
537806,Mouse,5053,65
537817,Mouse,4345,72
537817,Mouse,4829,73
537820,Elephant,85297,417
537915,Mouse,4521,69
537940,Mouse,3134,64
537969,Mouse,5202,73
538058,Mouse,3847,67
538072,Mouse,5650,71
538085,Mouse,3129,65
538122,Mouse,4427,66
538196,Mouse,3355,67
538231,Mouse,4126,66
538382,Mouse,5810,73
538406,Elephant,544758,1170
538434,Mouse,4818,82
538530,Mouse,4759,71
538538,Mouse,5283,70
538565,Mouse,5716,70
538608,Mouse,4037,70
538651,Elephant,45020,292
538654,Mouse,3878,67
538683,Mouse,5815,69
538689,Mouse,3852,66
538732,Elephant,198100,690
538736,Mouse,3610,66
538766,Mouse,3570,64
538786,Mouse,5550,70
538787,Mouse,5593,71
538840,Mouse,5785,66
538853,Mouse,4041,64
538953,Mouse,4648,65
538975,Mouse,4804,65
538986,Mouse,5578,66
539056,Mouse,4541,65
539159,Mouse,3351,64
539215,Mouse,3390,64
539328,Mouse,4412,65
539434,Mouse,3576,64
539623,Mouse,5282,71
539772,Mouse,3007,64
539880,Mouse,5831,72
539928,Mouse,4364,73
539959,Mouse,4972,73
539960,Mouse,5311,74
540144,Mouse,5527,85
540230,Mouse,5524,97
540338,Mouse,5281,106
540344,Elephant,64018,416
540357,Mouse,5536,113
540387,Mouse,4115,108
540456,Mouse,3416,93
540533,Mouse,4115,81
540538,Mouse,4583,80
540560,Mouse,3176,84
540587,Mouse,5748,91
540595,Mouse,4985,93
540610,Mouse,5615,100
540644,Elephant,483895,1232
540647,Mouse,4282,102
540662,Mouse,4187,90
540773,Mouse,5694,66
540850,Mouse,5836,66
540900,Mouse,4744,65
540975,Mouse,4502,65
541104,Mouse,3030,71
541108,Mouse,5605,74
541145,Mouse,4337,69
541152,Mouse,3411,71
541193,Mouse,4187,70
541231,Mouse,5667,69
541289,Mouse,5541,66
541311,Mouse,3473,68
541331,Mouse,4416,70
541335,Mouse,4469,72
541354,Elephant,247098,789
541401,Mouse,4000,75
541411,Mouse,5773,69
541519,Mouse,4310,67
541550,Mouse,5530,66
541621,Mouse,4368,69
541634,Mouse,4053,72
541864,Mouse,4961,82
541938,Mouse,5090,86
541972,Mouse,3396,88
542023,Mouse,4167,97
542052,Mouse,4250,99
542062,Mouse,3365,105
542158,Mouse,3065,124
542168,Mouse,4433,124
542218,Mouse,5271,118
542231,Mouse,5062,126
542301,Mouse,4399,125
542305,Mouse,3599,125
542314,Mouse,4520,132
542329,Mouse,3554,124
542395,Mouse,4474,125
542415,Mouse,4727,122
542432,Elephant,587332,1503
542461,Mouse,3314,99
542494,Mouse,4157,84
542610,Mouse,4370,92
542646,Mouse,4549,98
542717,Elephant,194126,1046
542747,Mouse,4233,110
542774,Mouse,5386,102
542784,Mouse,5192,107
542882,Mouse,3616,115
542883,Mouse,4101,115
542904,Elephant,56453,461
542994,Mouse,4209,104
543018,Mouse,4939,105
543073,Mouse,4657,103
543197,Mouse,4452,106
543252,Elephant,428822,1667
543275,Mouse,4063,123
543416,Elephant,566380,2084
543719,Elephant,201880,1043
543778,Mouse,3718,90
543842,Mouse,3400,94
543896,Mouse,3377,110
543977,Mouse,4235,106
544007,Elephant,68265,656
544046,Mouse,4781,114
544047,Mouse,3534,116
544080,Elephant,432679,1930
544102,Mouse,3448,93
544320,Mouse,3391,86
544440,Mouse,4802,115
544466,Mouse,4568,123
544623,Mouse,5505,158
544771,Mouse,4482,155
544840,Elephant,536527,1805
544996,Mouse,5442,106
545013,Mouse,4512,106
545040,Mouse,4442,101
545066,Mouse,5289,104
545069,Mouse,3417,100
545143,Mouse,3449,107
545166,Mouse,4387,112
545356,Mouse,4433,121
545434,Mouse,5375,149
545542,Mouse,4065,159
545623,Mouse,3575,160
545657,Mouse,4222,163
545682,Mouse,3947,161
545738,Elephant,596835,2388
545758,Mouse,4286,168
545852,Mouse,5102,137
545868,Elephant,165656,1632
546055,Mouse,3328,94
546140,Mouse,5490,118
546204,Mouse,5466,137
546231,Mouse,3488,143
546306,Mouse,4371,152
546343,Mouse,5450,153
546372,Mouse,3722,157
546398,Mouse,3832,160
546432,Mouse,3882,162
546444,Mouse,4580,166
546453,Mouse,4495,170
546537,Mouse,4721,166
546552,Elephant,193547,2184
546558,Mouse,4818,167
546620,Mouse,3393,137
546626,Mouse,4562,141
546681,Mouse,3613,140
546764,Mouse,3208,142
546812,Mouse,3295,143
546819,Mouse,3842,148
546830,Elephant,488494,2942
546902,Mouse,5041,129
546957,Mouse,4027,124
546970,Mouse,4821,123
547050,Mouse,3993,121
547066,Mouse,3594,123
547097,Mouse,3647,129
547113,Mouse,4408,134
547122,Mouse,3721,134
547153,Mouse,4664,134
547224,Mouse,3806,131
547296,Mouse,3055,118
547349,Elephant,555163,3398
547643,Mouse,5555,126
547658,Elephant,502178,3349
547730,Mouse,5294,118
547783,Mouse,5050,102
547877,Elephant,448428,2646
548027,Mouse,5006,86
548043,Mouse,5765,93
548110,Elephant,428848,2924
548141,Elephant,551175,3433
548191,Mouse,5760,71
548296,Mouse,4247,69
548313,Mouse,3207,74
548380,Mouse,3933,68
548419,Elephant,267786,1825
548442,Elephant,211731,1156
548475,Mouse,4327,65
548514,Mouse,4665,65
548524,Mouse,3100,64
548635,Mouse,3893,64
548639,Mouse,4484,65
548903,Mouse,5804,67
548906,Mouse,4750,67
548910,Mouse,4508,68
549129,Mouse,3985,71
549195,Elephant,87559,433
549200,Mouse,5067,86
549314,Elephant,410796,1058
549329,Mouse,3588,71
549376,Mouse,5664,69
549383,Elephant,36414,282
549413,Mouse,3341,69
549492,Mouse,5128,68
549658,Mouse,4766,74
549671,Elephant,90847,630
549689,Mouse,5272,74
549731,Elephant,273579,855
549833,Mouse,4825,65
549908,Mouse,3022,66
549955,Mouse,3545,68
549987,Mouse,4494,68
550000,Mouse,5212,70
550103,Elephant,134065,539
550295,Mouse,3940,67
550316,Mouse,3523,67
550391,Elephant,228612,726
550473,Mouse,4590,68
550676,Mouse,5302,65
550711,Mouse,3681,68
550718,Mouse,5774,72
550808,Mouse,4924,80
550820,Mouse,4398,73
551018,Mouse,4877,94
551053,Mouse,5360,99
551183,Mouse,4575,119
551215,Mouse,4836,126
551275,Mouse,3520,142
551298,Elephant,78504,582
551335,Mouse,4224,134
551570,Mouse,3012,87
551620,Mouse,5459,99
551705,Elephant,379758,1302
551725,Mouse,5794,113
551808,Mouse,5381,90
551870,Mouse,3544,88
551883,Mouse,5606,96
551895,Mouse,5518,99
551907,Elephant,473047,1626
551957,Mouse,5748,93
551982,Mouse,5250,98
552003,Mouse,5709,96
552008,Mouse,4052,84
552025,Mouse,4214,87
552050,Elephant,126679,965
552084,Elephant,376215,1573
552125,Mouse,5559,66
552164,Mouse,4755,68
552166,Mouse,3724,67
552260,Mouse,5272,65
552282,Mouse,3333,65
552317,Mouse,3201,67
552338,Mouse,5416,71
552433,Mouse,4918,65
552455,Mouse,5489,69
552470,Mouse,5742,76
552483,Mouse,5485,67
552540,Mouse,5663,69
552626,Mouse,4131,64
552655,Mouse,3661,65
552687,Mouse,3549,67
552695,Elephant,594536,1692
552754,Mouse,3455,64
552799,Mouse,4712,66
552802,Mouse,4519,65
552828,Mouse,4797,66
552849,Mouse,5665,66
552874,Mouse,4051,64
552929,Mouse,5713,66
553027,Mouse,5059,65
553032,Mouse,4379,65
553060,Mouse,5691,66
553068,Mouse,5346,65
553104,Mouse,5362,66
553118,Mouse,5443,69
553119,Mouse,5493,69
553218,Mouse,4078,65
553266,Mouse,5364,65
553328,Mouse,4309,68
553332,Mouse,3352,71
553480,Mouse,5768,73
553513,Mouse,3095,66
553546,Mouse,3188,67
553711,Mouse,5702,71
553766,Mouse,3372,74
553772,Elephant,180967,639
553952,Mouse,5036,68
553953,Mouse,3944,67
554048,Mouse,4711,72
554068,Mouse,4283,77
554085,Mouse,4160,81
554110,Mouse,5438,90
554131,Mouse,3155,97
554157,Mouse,3420,101
554206,Mouse,4581,105
554219,Mouse,5101,115
554284,Mouse,5469,120
554289,Mouse,4855,124
554323,Elephant,461873,1174
554351,Mouse,4324,106
554422,Mouse,3916,71
554537,Mouse,4080,82
554558,Mouse,4420,90
554631,Mouse,4320,99
554795,Mouse,5477,112
554801,Mouse,3561,105
554854,Elephant,118881,753
554892,Mouse,3975,100
555034,Elephant,549015,1479
555053,Mouse,4633,90
555073,Mouse,4823,90
555108,Elephant,229677,953
555194,Mouse,5456,74
555260,Mouse,3756,68
555315,Elephant,319919,1387
555326,Mouse,3708,64
555331,Mouse,4988,65
555374,Mouse,4548,66
555388,Mouse,4229,64
555417,Mouse,4509,65
555549,Mouse,4389,65
555588,Mouse,3377,64
555852,Mouse,5709,68
555871,Mouse,4334,65
555928,Mouse,4218,69
555972,Mouse,3951,69
555987,Mouse,4781,72
556020,Mouse,5103,70
556156,Elephant,476189,1082
556166,Mouse,3066,66
556201,Mouse,5118,69
556208,Mouse,3965,65
556421,Mouse,4489,65
556460,Mouse,5735,67
556492,Mouse,4071,64
556535,Mouse,5758,68
556594,Mouse,4924,65
556618,Mouse,4844,69
556692,Mouse,5427,69
556717,Mouse,3736,67
556765,Mouse,3426,64
556823,Mouse,3574,66
556829,Elephant,400365,988
556865,Mouse,5174,67
556924,Mouse,5310,65
556950,Mouse,4571,65
556964,Mouse,4052,64
557070,Mouse,4801,66
557115,Mouse,3137,65
557147,Mouse,5730,66
557211,Mouse,3103,65
557257,Mouse,4467,68
557333,Mouse,3776,66
557336,Elephant,69246,366
557377,Mouse,3125,66
557390,Mouse,3347,64
557406,Mouse,4340,65
557596,Mouse,3083,64
557651,Mouse,4482,66
557732,Mouse,5665,66
557812,Mouse,4079,64
557852,Mouse,5559,66
557974,Mouse,4410,66
558093,Mouse,5640,70
558102,Mouse,4628,73
558116,Mouse,5293,78
558225,Mouse,4879,68
558253,Mouse,4884,77
558285,Mouse,5004,71
558290,Mouse,4369,73
558324,Elephant,341365,902
558438,Mouse,3051,64
558466,Mouse,4983,68
558605,Mouse,4275,68
558609,Mouse,5109,66
558638,Mouse,4433,73
558842,Mouse,3401,65
558923,Elephant,289447,848
558923,Mouse,3684,73
558926,Mouse,3118,68
558944,Mouse,5537,67
558969,Mouse,5032,71
559017,Mouse,5132,66
559026,Mouse,4387,71
559126,Mouse,4033,64
559166,Elephant,294957,864
559268,Mouse,4610,65
559383,Mouse,4345,65
559445,Mouse,3796,64
559457,Mouse,3087,64
559507,Mouse,3227,64
559564,Mouse,3331,64
559581,Mouse,4741,65
559591,Mouse,3515,64
559641,Mouse,5519,66
559703,Mouse,5499,66
559752,Mouse,4476,65
559817,Mouse,5380,65
559892,Mouse,4186,64
559910,Mouse,4350,65
560015,Mouse,4114,64
560039,Mouse,3360,64
560102,Mouse,3215,64
560134,Mouse,3151,64
560140,Mouse,3764,64
560163,Mouse,4282,65
560172,Mouse,5712,66
560182,Mouse,3302,65
560192,Mouse,3554,64
560374,Mouse,5714,68
560380,Mouse,5255,65
560425,Mouse,5339,66
560448,Mouse,4836,65
560472,Mouse,5070,65
560490,Mouse,4822,68
560506,Mouse,5260,67
560529,Mouse,3774,67
560539,Mouse,4442,67
560603,Mouse,3293,65
560605,Mouse,4162,66
560618,Mouse,5084,70
560679,Mouse,4778,69
560800,Mouse,4834,65
560886,Mouse,4929,69
560909,Mouse,3592,66
560914,Mouse,4074,68
561113,Mouse,4764,96
561152,Mouse,4296,102
561179,Mouse,5430,113
561201,Mouse,4221,114
561241,Mouse,3249,108
561265,Mouse,5452,110
561269,Mouse,5469,112
561295,Mouse,3447,100
561318,Mouse,3559,104
561336,Mouse,5781,103
561350,Elephant,390512,1177
561415,Elephant,400045,1125
561446,Elephant,78298,518
561609,Mouse,3030,64
561632,Mouse,4587,70
561640,Mouse,4844,65
561686,Mouse,5064,65
561711,Elephant,43661,280
561716,Mouse,4234,66
561720,Mouse,3876,64
561754,Mouse,4326,69
561762,Mouse,4825,65
561773,Mouse,4181,64
561777,Mouse,4045,64
561943,Mouse,5683,66
561990,Mouse,3882,64
562062,Mouse,3213,67
562209,Elephant,50565,292
562212,Mouse,3704,64
562243,Mouse,4288,76
562262,Elephant,462666,1339
562477,Mouse,4448,65
562481,Mouse,4526,66
562542,Mouse,3950,67
562566,Mouse,4021,64
562580,Elephant,106643,459
562606,Mouse,3195,64
562641,Mouse,3632,64
562654,Mouse,3122,64
562727,Mouse,3279,64
562819,Mouse,4150,64
562897,Mouse,5394,66
562933,Mouse,4565,65
562942,Mouse,4849,67
562944,Mouse,4279,66
562970,Mouse,3981,64
562979,Mouse,3198,64
563002,Mouse,4812,65
563099,Mouse,5484,66
563289,Mouse,4481,65
563334,Mouse,4000,65
563442,Mouse,3869,67
563659,Elephant,184283,633
563724,Mouse,3490,67
563733,Mouse,5338,68
563777,Mouse,5791,70
563805,Elephant,82465,407
563943,Mouse,3171,64
564015,Mouse,3182,64
564110,Mouse,4430,65
564191,Mouse,3926,64
564238,Mouse,3441,64
564270,Mouse,4187,64
564407,Mouse,4972,68
564409,Mouse,4242,68
564503,Mouse,3839,67
564525,Mouse,3433,64
564672,Mouse,4601,67
564710,Mouse,5795,66
564834,Mouse,4178,64
564846,Mouse,3324,68
564849,Mouse,4426,70
564854,Mouse,3301,70
564910,Mouse,4184,74
564969,Mouse,5522,66
565036,Mouse,3324,66
565053,Mouse,4006,64
565121,Mouse,4123,67
565190,Mouse,3591,65
565251,Elephant,305241,858
565565,Mouse,3237,71
565582,Elephant,77595,371
565601,Mouse,4133,70
565682,Mouse,4501,67
565698,Mouse,5619,70
565767,Mouse,4604,69
565884,Mouse,4335,69
565896,Mouse,3241,73
565936,Mouse,4412,72
565950,Mouse,4297,78
566016,Mouse,4639,84
566073,Mouse,4215,78
566189,Mouse,3249,81
566221,Mouse,5296,78
566280,Mouse,3450,87
566282,Elephant,431505,1097
566328,Mouse,5423,79
566432,Mouse,4849,66
566441,Mouse,4170,64
566475,Elephant,504363,1386
566534,Mouse,3934,64
566540,Mouse,3400,64
566549,Mouse,4351,66
566551,Mouse,4601,67
566579,Mouse,4170,65
566604,Mouse,4242,64
566621,Mouse,5658,68
566635,Mouse,3690,64
566642,Mouse,5327,65
566794,Mouse,3400,67
566869,Mouse,3770,67
566995,Elephant,100234,452
567001,Mouse,3581,64
567008,Mouse,4561,70
567100,Mouse,5822,68
567196,Mouse,3871,68
567220,Mouse,3518,64
567276,Elephant,306388,856
567332,Mouse,3275,65
567336,Mouse,5610,68
567406,Mouse,4198,64
567459,Mouse,5180,65
567482,Mouse,5339,65
567527,Mouse,5506,66
567547,Mouse,4032,64
567609,Mouse,4780,65
567893,Mouse,4934,69
568046,Mouse,4680,65
568060,Mouse,4524,70
568134,Mouse,3740,64
568425,Mouse,3455,97
568579,Elephant,463267,1150
568598,Mouse,4660,108
568653,Mouse,4542,81
568667,Mouse,4294,71
568706,Mouse,5139,71
569078,Elephant,363250,1215
569144,Mouse,5215,76
569167,Mouse,5769,85
569186,Mouse,4005,75
569212,Mouse,4015,81
569325,Mouse,3407,94
569372,Mouse,4865,102
569385,Mouse,3520,106
569398,Mouse,5737,110
569411,Mouse,4466,112
569457,Mouse,3543,123
569459,Mouse,4836,124
569465,Elephant,362375,1347
569482,Mouse,3352,106
569484,Elephant,456264,1287
569511,Mouse,3271,97
569528,Mouse,3536,76
569586,Mouse,4858,66
569656,Mouse,5002,69
569684,Mouse,4024,64
569739,Elephant,126312,599
569837,Mouse,3514,68
569880,Elephant,55111,326
569895,Mouse,3851,69
569899,Elephant,90390,428
569978,Mouse,3679,64
570053,Mouse,4245,68
570069,Mouse,5324,67
570164,Mouse,3437,67
570192,Elephant,45916,289
570269,Mouse,5488,73
570276,Mouse,3531,74
570351,Mouse,4067,75
570482,Mouse,4694,82
570499,Mouse,4400,94
570558,Mouse,4342,98
570701,Mouse,5712,108
570833,Elephant,355875,1089
570995,Mouse,3349,81
571025,Elephant,574641,1393
571037,Mouse,3622,84
571098,Mouse,3387,64
571176,Mouse,3993,68
571229,Mouse,4318,67
571498,Mouse,3827,68
571520,Elephant,486079,1393
571544,Mouse,3972,70
571615,Mouse,4944,68
571624,Mouse,5387,67
571805,Mouse,4868,65
571921,Elephant,397213,1227
571954,Mouse,3366,65
572144,Mouse,5350,65
572234,Mouse,4307,65
572253,Mouse,3952,67
572316,Mouse,5499,69
572348,Mouse,4600,67
572394,Mouse,3942,68
572477,Mouse,5106,68
572734,Elephant,591675,1207
572788,Mouse,5447,66
573021,Mouse,4442,65
573059,Mouse,4788,65
573108,Mouse,3359,64
573170,Mouse,3054,66
573188,Mouse,5443,66
573222,Mouse,4341,65
573292,Mouse,3816,64
573301,Mouse,4681,70
573375,Mouse,4280,65
573442,Mouse,3888,66
573640,Mouse,5700,67
573663,Mouse,3250,66
573688,Mouse,5334,70
573725,Mouse,4506,65
573736,Mouse,3088,69
573751,Mouse,3058,71
573772,Mouse,5047,71
573778,Mouse,3228,66
573782,Elephant,276250,806
574057,Mouse,3613,64
574155,Mouse,3598,64
574178,Mouse,5367,65
574215,Mouse,4058,67
574281,Mouse,4636,65
574407,Mouse,5144,65
574440,Mouse,3010,67
574454,Mouse,3638,64
574689,Mouse,3365,67
574889,Mouse,4805,78
574986,Mouse,3948,99
574995,Mouse,3641,103
574998,Elephant,466836,1114
575001,Mouse,5730,107
575009,Mouse,5784,95
575014,Mouse,3419,95
575051,Mouse,5783,93
575081,Mouse,4945,89
575086,Mouse,3877,82
575167,Mouse,4591,70
575193,Mouse,5539,68
575217,Elephant,393672,1059
575240,Mouse,3732,68
575247,Mouse,4457,71
575267,Mouse,5555,66
575290,Mouse,4044,67
575296,Mouse,3742,70
575356,Mouse,4939,65
575436,Mouse,4964,69
575457,Elephant,148221,626
575500,Mouse,5756,66
575579,Mouse,5439,66
575842,Mouse,5599,69
575888,Mouse,5219,70
575907,Mouse,4560,65
575949,Mouse,4178,65
576057,Mouse,4493,66
576124,Mouse,4067,64
576172,Mouse,4700,65
576298,Mouse,5345,73
576302,Mouse,3791,68
576316,Mouse,5082,71
576449,Mouse,4978,76
576540,Mouse,4727,91
576547,Mouse,4284,93
576584,Mouse,4472,96
576702,Elephant,354556,975
576741,Mouse,3850,92
576789,Mouse,3607,66
576790,Mouse,5787,75
576823,Mouse,5563,78
576883,Mouse,4573,78
576900,Mouse,5271,70
576980,Elephant,527782,1239
577017,Mouse,4284,66
577045,Mouse,4871,74
577096,Mouse,4817,69
577109,Mouse,5330,65
577326,Mouse,3616,74
577344,Mouse,4834,69
577426,Mouse,4603,67
577474,Elephant,428550,1352
577596,Mouse,3973,65
577660,Mouse,4620,66
577673,Mouse,4941,70
577688,Mouse,5036,67
577727,Mouse,3879,70
577799,Elephant,278176,829
577824,Mouse,3229,65
578097,Mouse,3217,64
578120,Mouse,3800,67
578154,Mouse,5719,66
578241,Mouse,4551,65
578283,Mouse,5438,68
578309,Mouse,3762,69
578317,Mouse,4689,72
578327,Mouse,4759,72
578425,Mouse,4693,65
578475,Mouse,5028,69
578496,Mouse,4612,77
578605,Mouse,3459,90
578654,Mouse,4828,98
578720,Mouse,3056,109
578779,Mouse,4948,114
578878,Mouse,3922,96
578880,Elephant,191288,798
578962,Mouse,3501,82
579020,Mouse,3115,77
579119,Mouse,3369,88
579202,Mouse,5693,109
579311,Elephant,536393,1473
579331,Mouse,3707,114
579338,Mouse,3417,114
579350,Mouse,5004,117
579355,Elephant,407060,1285
579403,Mouse,5167,93
579422,Mouse,3086,85
579447,Mouse,3028,70
579459,Mouse,4831,70
579584,Mouse,5475,70
579637,Mouse,5314,75
579660,Mouse,5031,81
579698,Elephant,95016,674
579729,Mouse,4192,84
579750,Mouse,4591,70
579783,Mouse,4314,73
579790,Mouse,3568,76
579867,Mouse,3168,73
579877,Mouse,5537,76
579948,Mouse,3133,70
580026,Elephant,296929,985
580075,Mouse,3820,74
580078,Mouse,3627,67
580136,Elephant,468713,1680
580218,Mouse,3259,64
580279,Mouse,4590,70
580307,Mouse,4137,64
580491,Mouse,3967,67
580539,Mouse,3079,67
580550,Mouse,3912,68
580571,Mouse,3018,74
580606,Mouse,5770,77
580627,Mouse,3129,75
580648,Mouse,4786,73
580656,Elephant,227587,761
580684,Elephant,202375,696
580736,Mouse,4643,65
580775,Mouse,5239,65
580844,Mouse,3330,64
580903,Mouse,4620,65
581014,Mouse,3899,64
581127,Mouse,3615,64
581302,Mouse,3630,64
581382,Mouse,5392,65
581449,Mouse,4890,69
581486,Mouse,4589,70
581500,Mouse,5797,77
581506,Mouse,3976,75
581685,Mouse,4421,69
581690,Mouse,3437,70
581720,Mouse,4560,67
581878,Elephant,271662,803
581975,Mouse,3984,64
581991,Mouse,5806,71
582005,Elephant,289669,918
582006,Mouse,4034,72
582148,Mouse,3299,64
582194,Mouse,3057,65
582198,Mouse,5798,67
582418,Mouse,5410,70
582423,Mouse,3337,71
582528,Mouse,5578,67
582654,Mouse,4889,74
582713,Mouse,3548,80
582763,Mouse,4355,86
582787,Mouse,4101,92
582827,Mouse,4744,99
582848,Mouse,5271,109
582916,Mouse,3354,122
582931,Elephant,302404,1307
583055,Mouse,5196,104
583169,Mouse,4186,104
583181,Mouse,3187,101
583298,Elephant,346583,1198
583302,Mouse,3060,104
583321,Mouse,4146,97
583329,Mouse,3545,96
583347,Mouse,3335,100
583396,Elephant,308919,1186
583403,Mouse,3492,68
583516,Mouse,3004,65
583544,Mouse,5237,70
583606,Mouse,4090,69
583728,Mouse,5018,84
583839,Mouse,4411,107
583940,Mouse,3235,111
583973,Mouse,4788,120
584083,Mouse,3577,126
584094,Elephant,401759,1463
584115,Mouse,3926,103
584139,Mouse,5439,110
584146,Mouse,3831,100
584163,Mouse,3479,90
584168,Mouse,5647,94
584277,Mouse,3110,71
584314,Mouse,5516,80
584374,Elephant,409900,1582
584375,Elephant,428255,1645
584399,Mouse,4093,76
584426,Elephant,108149,766
584437,Mouse,5624,69
584445,Mouse,5804,66
584653,Mouse,4795,65
584711,Mouse,5390,65
584741,Mouse,5585,66
584864,Mouse,5150,68
585070,Mouse,4610,65
585141,Mouse,4278,65
585184,Mouse,3771,64
585234,Mouse,4622,65
585402,Mouse,4790,65
585423,Mouse,3375,67
585430,Mouse,3094,70
585477,Mouse,4838,75
585495,Mouse,4054,70
585496,Mouse,5426,72
585501,Mouse,5292,71
585524,Elephant,231673,727
585666,Mouse,5646,66
585680,Mouse,4021,67
585746,Mouse,4078,64
585781,Mouse,3199,64
585803,Mouse,3860,67
585890,Mouse,3385,66
585939,Elephant,100583,468
586021,Mouse,3671,64
586099,Mouse,3551,64
586150,Mouse,4413,65
586162,Mouse,4805,70
586178,Mouse,4550,66
586222,Mouse,4966,66
586346,Elephant,147566,561
586360,Mouse,3832,64
586417,Mouse,5681,66
586459,Mouse,5482,66
586503,Mouse,3033,64
586508,Mouse,4225,64
586522,Mouse,3733,64
586527,Mouse,5411,66
586595,Mouse,3571,65
586599,Mouse,4766,68
586625,Mouse,4020,64
586634,Mouse,4516,65
586656,Mouse,4374,65
586680,Mouse,4823,66
586814,Mouse,3176,64
586821,Mouse,3077,64
586833,Mouse,3688,64
586935,Mouse,3273,64
586973,Mouse,3366,64
586988,Mouse,3291,64
587013,Mouse,5541,66
587033,Mouse,5058,66
587078,Mouse,3003,70
587101,Mouse,5586,70
587356,Mouse,3729,73
587416,Mouse,5234,74
587504,Elephant,162288,607
587541,Mouse,5266,74
587568,Elephant,147474,557
587580,Elephant,159814,602
587585,Mouse,5226,72
587592,Mouse,5511,66
587623,Mouse,5272,71
587665,Mouse,3439,64
587683,Mouse,5634,66
587843,Mouse,3462,64
587871,Mouse,3513,66
588017,Mouse,5245,69
588022,Mouse,5753,70
588081,Mouse,3359,64
588156,Mouse,5053,65
588199,Mouse,4059,65
588221,Mouse,3647,66
588382,Mouse,5249,65
588415,Mouse,3371,64
588447,Mouse,3935,68
588666,Mouse,3519,65
588667,Elephant,516959,1167
588731,Mouse,4595,65
588759,Mouse,3141,64
588804,Mouse,3145,64
588816,Mouse,5214,65
588831,Mouse,5094,68
588904,Mouse,3721,64
589025,Mouse,4560,66
589030,Mouse,5485,68
589086,Elephant,80218,405
589163,Mouse,5228,65
589169,Mouse,4937,65
589173,Mouse,4706,66
589203,Mouse,5124,74
589217,Mouse,4778,79
589229,Mouse,4941,68
589370,Mouse,3061,69
589398,Mouse,3451,73
589413,Elephant,231617,864
589418,Mouse,4885,69
589426,Mouse,5341,69
589610,Mouse,4958,69
589629,Mouse,3427,76
589694,Mouse,3022,80
589707,Mouse,4621,79
589861,Elephant,207503,724
589930,Elephant,80051,579
589932,Mouse,5730,75
590198,Elephant,520007,1166
590283,Mouse,4807,65
590448,Mouse,3375,72
590510,Mouse,3684,64
590539,Mouse,5572,74
590606,Mouse,3787,71
590667,Mouse,3033,78
590673,Mouse,5203,86
590851,Mouse,5436,90
590919,Mouse,3417,91
590959,Mouse,3097,102
590987,Elephant,150003,686
591049,Mouse,3368,78
591130,Mouse,4633,86
591366,Mouse,3132,93
591409,Mouse,4047,100
591574,Mouse,4532,119
591584,Elephant,539415,1608
591792,Mouse,4482,87
591900,Mouse,4212,104
591938,Mouse,4007,108
591948,Elephant,524857,1580
591950,Elephant,399486,1613
591967,Mouse,3902,88
591983,Mouse,3795,91
591989,Mouse,4041,90
592164,Mouse,4411,67
592176,Mouse,4793,70
592267,Mouse,3630,71
592320,Mouse,5601,86
592363,Mouse,4433,99
592440,Mouse,4962,101
592516,Mouse,3424,107
592569,Elephant,474238,1524
592578,Mouse,5423,104
592640,Mouse,5616,86
592689,Mouse,5403,91
592750,Mouse,4345,95
592811,Mouse,4722,96
592845,Mouse,3008,96
592868,Mouse,3501,104
592912,Mouse,3444,105
592937,Mouse,3627,112
593108,Mouse,5469,122
593157,Mouse,3473,131
593177,Mouse,5488,137
593180,Mouse,5330,139
593188,Mouse,3033,139
593229,Mouse,4989,152
593325,Mouse,5818,170
593333,Mouse,4037,167
593364,Mouse,4604,153
593427,Elephant,318141,1359
593481,Mouse,3899,120
593524,Elephant,427698,1586
593548,Mouse,5438,82
593705,Elephant,425839,1720
593709,Elephant,102775,944
593745,Mouse,4542,65
593899,Mouse,3586,64
593916,Mouse,4248,64
593940,Mouse,3026,64
593962,Mouse,5788,67
593990,Mouse,3632,64
594021,Mouse,4993,67
594025,Mouse,4573,67
594100,Elephant,57988,322
594110,Mouse,5447,66
594182,Mouse,3294,64
594299,Mouse,3393,64
594336,Mouse,3689,67
594509,Mouse,4865,69
594534,Mouse,4478,68
594539,Mouse,4832,65
594546,Mouse,3321,67
594576,Mouse,5821,76
594592,Mouse,3904,71
594701,Mouse,3237,70
594795,Mouse,4300,68
594814,Mouse,3368,74
594844,Mouse,3016,74
594954,Elephant,327839,901
594957,Mouse,3488,67
594963,Mouse,5387,69
595020,Mouse,5505,70
595034,Mouse,5048,74
595040,Mouse,3876,76
595073,Mouse,4040,72
595139,Mouse,5598,69
595249,Elephant,511155,1138
595252,Mouse,3728,65
595265,Mouse,3117,64
595322,Mouse,4867,65
595393,Mouse,3607,64
595502,Mouse,4054,64
595512,Mouse,5234,65
595568,Mouse,4979,65
595666,Mouse,4570,65
595683,Mouse,5128,65
595706,Mouse,4839,65
595738,Mouse,3362,64
595793,Mouse,4182,64
596041,Mouse,4407,65
596081,Mouse,4863,69
596241,Mouse,3014,66
596265,Mouse,3437,77
596310,Mouse,5416,76
596366,Mouse,3476,64
596407,Mouse,3726,66
596487,Elephant,283755,827
596506,Mouse,4907,68
596530,Mouse,5070,73
596533,Mouse,3882,66
596561,Mouse,3789,65
596592,Mouse,5108,69
596598,Elephant,63111,332
596627,Mouse,5834,66
596663,Mouse,4038,64
596719,Mouse,3835,64
596793,Mouse,3651,64
597018,Mouse,4254,68
597031,Mouse,4957,70
597042,Mouse,4909,69
597117,Mouse,3127,73
597163,Mouse,4568,77
597433,Elephant,127202,568
597495,Mouse,3912,86
597533,Elephant,594750,1396
597553,Mouse,5093,73
597620,Mouse,5624,70
597664,Mouse,4999,73
597671,Mouse,3565,76
597774,Mouse,3572,66
597838,Mouse,4594,66
597951,Mouse,5372,67
597961,Mouse,5332,72
598041,Elephant,489810,1265
598058,Mouse,3322,64
598104,Mouse,5349,66
598148,Mouse,3652,65
598180,Mouse,3194,64
598187,Mouse,4307,65
598201,Mouse,4622,65
598235,Mouse,3902,64
598257,Mouse,3918,64
598335,Mouse,5491,66
598399,Mouse,4937,65
598407,Mouse,4975,66
598409,Mouse,4179,66
598478,Mouse,3730,64
598511,Mouse,3728,64
598542,Mouse,5151,65
598646,Mouse,3108,64
598699,Mouse,4424,65
598830,Mouse,4838,65
598883,Mouse,3840,64
598901,Mouse,4824,65
598964,Mouse,5478,66
599022,Mouse,4311,67
599022,Mouse,3098,66
599025,Mouse,3084,67
599029,Mouse,4606,67
599067,Mouse,3131,68
599070,Mouse,4725,70
599092,Mouse,3059,64
599193,Mouse,4221,65
599217,Mouse,4351,65
599239,Mouse,3506,64
599329,Mouse,4664,65
599366,Mouse,3062,64
599413,Mouse,4373,65
599441,Mouse,3718,64
599446,Mouse,5608,66
599450,Mouse,3430,64
599496,Mouse,3102,64
599542,Mouse,3582,67
599545,Mouse,5345,68
599598,Mouse,5541,66
599621,Mouse,3822,64
599637,Mouse,5203,65
599693,Mouse,5182,65
599779,Mouse,4625,65
599791,Mouse,3644,64
599843,Mouse,4142,64
599950,Mouse,5101,65
600063,Mouse,4080,64
600274,Mouse,4129,64
600307,Mouse,3957,64
600344,Mouse,3420,64
600406,Mouse,4449,65
600426,Mouse,5042,65
600493,Mouse,4644,67
600702,Mouse,5745,73
600904,Mouse,4846,79
600955,Mouse,4287,84
600966,Mouse,5441,91
601075,Elephant,183254,698
601219,Mouse,3449,68
601274,Mouse,4580,83
601293,Mouse,3258,88
601325,Elephant,293345,909
601378,Mouse,5321,87
601402,Mouse,4512,88
601412,Mouse,3462,83
601421,Mouse,3920,76
601431,Elephant,253450,933
601475,Mouse,3647,67
601494,Mouse,3852,69
601502,Elephant,152865,737
601503,Mouse,5527,70
601528,Mouse,4705,67
601553,Mouse,3647,64
601657,Mouse,4431,69
601664,Mouse,5165,72
601845,Mouse,3340,64
601892,Mouse,4403,65
601991,Mouse,3783,68
601995,Elephant,51326,286
602203,Mouse,4166,64
602356,Mouse,4239,73
602443,Mouse,5182,81
602497,Mouse,4910,76
602517,Mouse,4643,80
602525,Elephant,557887,1367
602563,Mouse,3564,76
602663,Elephant,84045,450
602681,Mouse,3243,68
602774,Elephant,219082,736
603052,Elephant,61194,325
603078,Mouse,3954,64
603265,Mouse,5547,66
603294,Mouse,3599,66
603296,Mouse,5183,68
603304,Mouse,4075,64
603337,Mouse,5189,67
603349,Mouse,4585,65
603413,Mouse,3513,65
603504,Mouse,3465,64
603535,Mouse,5441,68
603554,Mouse,5492,72
603559,Mouse,5389,70
603645,Mouse,4375,74
603696,Elephant,47361,279
603813,Mouse,5748,72
603887,Mouse,3391,67
603897,Mouse,5516,68
603968,Mouse,3012,66
604060,Elephant,149185,590
604224,Elephant,415302,1011
604352,Mouse,3857,64
604429,Mouse,4295,65
604455,Mouse,4202,65
604633,Mouse,5172,69
604637,Mouse,3929,64
604978,Mouse,4111,67
605101,Mouse,4235,68
605198,Mouse,4276,67
605283,Mouse,4983,80
605315,Mouse,4991,77
605326,Mouse,3072,81
605400,Mouse,5115,89
605436,Mouse,5638,93
605523,Mouse,3869,102
605534,Mouse,4203,104
605540,Elephant,550436,1327
605547,Mouse,5204,107
605575,Mouse,5639,109
605588,Mouse,4531,92
605596,Mouse,5148,94
605620,Elephant,183166,731
605625,Mouse,3023,99
605632,Mouse,3678,83
605634,Mouse,4263,86
605689,Mouse,3282,65
605743,Mouse,3928,67
605785,Mouse,3470,67
605802,Mouse,3310,66
605826,Mouse,4621,68
605915,Mouse,5140,69
605944,Elephant,354557,1013
605991,Mouse,3857,68
606050,Mouse,4566,65
606076,Mouse,3839,67
606088,Mouse,3313,68
606122,Elephant,146370,561
606159,Mouse,4178,64
606185,Mouse,4628,65
606218,Mouse,3121,66
606261,Mouse,5819,72
606295,Elephant,78982,412
606344,Mouse,3606,64
606387,Mouse,3581,67
606508,Mouse,3877,64
606537,Mouse,5083,65
606818,Elephant,113605,494
606876,Mouse,3974,67
606878,Mouse,5209,69
606886,Mouse,3342,67
606928,Mouse,5754,72
607041,Mouse,4088,64
607120,Mouse,5536,66
607232,Mouse,4626,71
607232,Mouse,3340,71
607256,Mouse,3107,64
607310,Mouse,5670,67
607338,Mouse,5004,65
607428,Mouse,3819,64
607786,Mouse,5009,80
607804,Mouse,4438,68
607904,Mouse,5301,73
607956,Mouse,5600,81
607998,Mouse,4916,95
608009,Elephant,495075,1235
608033,Mouse,5749,95
608085,Mouse,4683,79
608131,Mouse,3903,76
608218,Mouse,3760,90
608273,Elephant,30283,245
608276,Mouse,3417,97
608283,Mouse,5050,101
608288,Mouse,3466,104
608345,Mouse,4441,112
608358,Mouse,3533,107
608379,Mouse,4005,114
608384,Elephant,164900,728
608401,Mouse,3264,96
608464,Mouse,4337,75
608503,Elephant,115103,623
608506,Mouse,3483,72
608577,Elephant,242486,933
608679,Mouse,5132,65
608727,Mouse,4689,66
608800,Mouse,4744,67
608917,Mouse,4446,69
609004,Mouse,4500,66
609044,Mouse,4723,67
609089,Mouse,3742,67
609090,Elephant,429227,1328
609123,Mouse,3889,64
609242,Mouse,3930,64
609281,Mouse,3625,64
609329,Mouse,3502,64
609424,Mouse,4298,65
609614,Mouse,4840,65
609661,Mouse,5003,65
609697,Mouse,3855,64
609772,Mouse,3969,67
609807,Mouse,4490,65
609925,Mouse,5486,74
609933,Mouse,3483,76
609966,Mouse,4408,68
610075,Mouse,4983,71
610153,Mouse,4246,77
610364,Mouse,3896,93
610476,Elephant,156415,726
610482,Mouse,4495,110
610489,Elephant,510228,1212
610503,Mouse,3053,91
610551,Mouse,3653,67
610555,Mouse,3723,64
610573,Mouse,3859,64
610576,Mouse,3875,65
610603,Mouse,4770,65
610637,Mouse,4566,70
610665,Mouse,4955,66
610672,Mouse,3827,69
610741,Mouse,3679,72
610807,Mouse,3431,66
610845,Mouse,4804,68
610901,Mouse,3991,69
610915,Mouse,5612,74
610939,Mouse,4402,79
610949,Mouse,4381,84
610978,Mouse,3584,91
611002,Mouse,5066,96
611030,Mouse,4522,111
611059,Mouse,3434,109
611070,Mouse,4097,110
611110,Mouse,3314,117
611162,Mouse,4700,115
611174,Mouse,5493,114
611231,Elephant,109240,622
611280,Mouse,3352,93
611286,Mouse,3996,88
611307,Mouse,4495,91
611324,Mouse,5213,95
611451,Elephant,574628,1450
611496,Mouse,3461,64
611504,Mouse,3711,68
611522,Mouse,4668,67
611727,Mouse,3461,67
611738,Mouse,5772,73
611817,Mouse,4071,72
611884,Mouse,3499,72
611929,Elephant,555603,1872
612034,Mouse,5664,71
612039,Mouse,5122,74
612071,Mouse,4115,67
612080,Mouse,5560,73
612195,Mouse,5468,72
612201,Mouse,5077,74
612246,Mouse,3754,78
612315,Mouse,5398,76
612440,Mouse,3101,82
612455,Elephant,554594,1585
612466,Mouse,5403,82
612636,Mouse,3254,67
612799,Mouse,5453,69
612890,Mouse,3789,67
613026,Mouse,5423,75
613065,Mouse,3933,79
613250,Mouse,4023,92
613258,Elephant,362850,1011
613295,Mouse,3392,82
613423,Mouse,5089,71
613511,Mouse,3320,66
613513,Elephant,147679,643
613529,Mouse,4884,70
613548,Mouse,3475,73
613562,Mouse,5315,65
613599,Mouse,3320,75
613608,Mouse,5776,80
613620,Mouse,4962,76
613685,Mouse,3626,84
613686,Elephant,438086,1088
613693,Mouse,3231,73
613737,Mouse,4886,67
613870,Mouse,3495,68
613882,Mouse,4861,69
613897,Mouse,4027,69
614014,Mouse,4915,70
614051,Mouse,3715,67
614056,Elephant,125338,522
614214,Mouse,3162,68
614217,Mouse,5079,70
614220,Mouse,3857,67
614288,Elephant,233429,739
614353,Mouse,4156,64
614396,Mouse,4999,65
614497,Mouse,5181,65
614521,Mouse,3910,64
614569,Mouse,5067,65
614626,Mouse,3801,64
614683,Mouse,4681,66
614704,Mouse,5365,65
614714,Mouse,4833,65
614749,Mouse,3316,64
614787,Mouse,3158,64
614881,Mouse,5717,66
615010,Mouse,3131,64
615021,Mouse,3498,64
615061,Mouse,3859,64
615098,Mouse,3829,64
615120,Mouse,4538,69
615126,Mouse,5396,72
615139,Mouse,4476,76
615150,Mouse,4670,65
615315,Mouse,3080,67
615366,Mouse,5715,66
615372,Mouse,3894,64
615378,Mouse,3582,66
615427,Mouse,3964,66
615497,Mouse,3772,65
615528,Mouse,3771,70
615545,Mouse,3827,69
615645,Elephant,398717,977
615658,Mouse,5331,69
615690,Mouse,3726,64
615693,Mouse,3767,64
615881,Mouse,4896,66
615920,Mouse,5599,70
615939,Mouse,5087,65
616004,Mouse,4738,67
616016,Mouse,5456,70
616143,Mouse,4010,67
616274,Mouse,3060,71
616289,Mouse,4477,73
616322,Mouse,5304,73
616328,Elephant,343365,913
616410,Mouse,5018,68
616454,Mouse,3033,66
616467,Mouse,4396,65
616472,Mouse,5548,66
616500,Mouse,3702,65
616599,Mouse,3372,64
616699,Mouse,3393,67
616706,Mouse,3884,72
616712,Mouse,3873,73
616721,Mouse,4952,80
616742,Mouse,4738,69
616752,Mouse,3364,72
616943,Mouse,3755,67
616964,Mouse,4384,74
617006,Mouse,4001,71
617106,Mouse,3380,74
617177,Mouse,3065,82
617306,Elephant,354152,999
617316,Mouse,5173,89
617343,Elephant,510869,1184
617355,Mouse,4625,76
617384,Mouse,3989,65
617391,Mouse,3572,64
617441,Mouse,5214,65
617493,Mouse,4194,68
617591,Mouse,4838,65
617638,Mouse,5235,65
617701,Mouse,5804,72
617763,Mouse,5216,71
617805,Mouse,5483,69
617815,Mouse,4804,69
617890,Mouse,3910,71
617988,Mouse,4155,84
617996,Mouse,4710,87
617998,Mouse,4042,85
618009,Mouse,4131,85
618024,Mouse,5109,94
618118,Mouse,3281,97
618137,Mouse,3213,92
618224,Mouse,3869,110
618243,Elephant,168711,700
618323,Mouse,5250,108
618380,Mouse,5638,99
618397,Mouse,4612,103
618441,Elephant,352781,1145
618452,Mouse,5796,108
618466,Mouse,3145,105
618499,Elephant,284025,1009
618577,Mouse,3417,72
618635,Mouse,4547,75
618727,Mouse,4836,72
618775,Mouse,3807,76
618822,Elephant,150829,703
618879,Mouse,5376,68
619088,Mouse,4417,72
619103,Mouse,5693,79
619122,Mouse,3301,75
619272,Elephant,441316,1379
619343,Mouse,3689,64
619379,Mouse,3864,69
619379,Mouse,3838,69
619456,Mouse,3073,67
619497,Mouse,3644,67
619545,Elephant,467289,1166
619634,Mouse,3331,64
619704,Mouse,3705,64
619763,Mouse,4875,65
619784,Mouse,3782,64
619793,Mouse,4254,64
619862,Mouse,3469,64
619879,Mouse,4891,65
619929,Mouse,3717,64
619959,Mouse,3087,64
619973,Mouse,5714,66
620054,Mouse,4381,67
620056,Mouse,4891,68
620091,Mouse,5043,65
620149,Mouse,5705,66
620172,Mouse,4288,65
620177,Mouse,3810,64
620193,Mouse,3239,64
620220,Mouse,3347,64
620249,Mouse,5123,65
620257,Mouse,5405,65
620330,Mouse,3241,64
620341,Mouse,3849,64
620358,Mouse,3756,64
620363,Mouse,3750,67
620474,Mouse,4611,68
620475,Mouse,5585,70
620479,Mouse,4296,69
620498,Mouse,3874,67
620536,Mouse,5335,70
620674,Mouse,4925,70
620744,Mouse,4729,79
620778,Mouse,3677,73
620886,Mouse,3364,69
620905,Mouse,5208,76
620939,Mouse,4101,84
620964,Mouse,5032,89
620969,Mouse,4430,95
621199,Elephant,95523,580
621249,Mouse,5431,122
621416,Mouse,5339,122
621476,Mouse,3644,124
621514,Mouse,5617,129
621542,Mouse,4590,128
621600,Mouse,4453,134
621612,Mouse,5659,141
621615,Mouse,4416,143
621641,Mouse,4690,140
621718,Mouse,4049,151
621727,Elephant,494558,1515
621751,Mouse,4036,120
621785,Mouse,4999,105
621788,Mouse,5413,105
621898,Mouse,3178,104
621903,Mouse,4624,107
621923,Mouse,4461,106
621968,Mouse,3004,114
622205,Mouse,5620,130
622226,Mouse,4387,139
622231,Elephant,275480,1540
622243,Mouse,5650,135
622279,Mouse,3269,141
622368,Mouse,5799,115
622486,Mouse,3301,120
622538,Elephant,505120,2065
622601,Mouse,3424,123
622844,Mouse,4009,140
622947,Mouse,5106,131
623014,Mouse,5246,124
623147,Mouse,3866,132
623235,Elephant,284283,2331
623250,Mouse,3525,132
623301,Mouse,4265,136
623328,Elephant,263082,1887
623370,Mouse,4521,120
623444,Mouse,4167,104
623501,Elephant,345061,2060
623506,Mouse,3955,110
623625,Elephant,463920,2431
623631,Mouse,3085,75
623741,Mouse,4798,72
623800,Mouse,4699,75
623886,Mouse,3246,78
623932,Elephant,537817,2997
623974,Mouse,5168,77
624046,Mouse,3048,70
624150,Elephant,238891,867
624166,Mouse,3804,70
624202,Mouse,3581,67
624220,Mouse,3489,68
624227,Mouse,5277,65
624239,Mouse,3011,65
624279,Mouse,5587,68
624282,Mouse,4029,69
624289,Mouse,4952,73
624395,Mouse,3728,67
624402,Elephant,389302,1368
624424,Mouse,3681,65
624570,Mouse,3613,64
624611,Mouse,4117,64
624717,Mouse,4072,64
624733,Mouse,5238,65
624846,Mouse,5721,66
625033,Mouse,3019,64
625086,Mouse,3569,66
625178,Mouse,4782,65
625198,Mouse,5369,65
625212,Mouse,4584,70
625310,Mouse,5603,66
625387,Mouse,5814,71
625458,Mouse,5367,65
625495,Mouse,3368,64
625554,Mouse,3412,67
625559,Elephant,140735,546
625617,Mouse,5737,66
625642,Mouse,5669,66
625671,Mouse,4275,65
625770,Mouse,5004,65
625788,Mouse,3360,64
625902,Mouse,4354,65
625938,Mouse,5243,65
625949,Mouse,3746,65
625993,Mouse,3250,65
626031,Mouse,4039,64
626101,Mouse,3450,67
626125,Mouse,3210,65
626157,Mouse,3961,72
626196,Mouse,4761,70
626686,Mouse,3397,116
626736,Mouse,4373,126
626766,Mouse,3530,136
626863,Mouse,3756,134
626866,Elephant,575532,1352
626870,Elephant,270194,1063
626905,Mouse,5213,93
626992,Mouse,5735,68
627024,Mouse,5135,76
627038,Mouse,5592,80
627074,Mouse,3790,75
627251,Mouse,4647,74
627299,Mouse,5256,82
627307,Mouse,5192,88
627316,Mouse,5017,93
627335,Mouse,5090,95
627531,Elephant,283253,1202
627616,Mouse,3532,71
627622,Mouse,5647,76
627658,Mouse,5206,87
627692,Mouse,4650,94
627783,Mouse,3746,92
627802,Mouse,3705,96
627833,Mouse,3793,102
627874,Elephant,252183,1358
627916,Mouse,5727,109
627938,Mouse,5597,98
627953,Mouse,5164,95
628094,Elephant,179418,820
628140,Mouse,3392,67
628141,Mouse,3995,67
628182,Elephant,599216,1704
628186,Mouse,4483,73
628334,Mouse,3194,70
628370,Elephant,45890,286
628399,Mouse,4708,68
628467,Elephant,248583,1052
628482,Mouse,5557,69
628509,Mouse,3641,64
628590,Mouse,3027,64
628729,Elephant,132129,549
628787,Mouse,3560,64
628829,Mouse,3364,65
628894,Mouse,5227,69
628933,Mouse,4665,69
628959,Mouse,5107,65
629024,Mouse,4931,68
629163,Mouse,4668,69
629213,Mouse,4734,76
629216,Mouse,5637,72
629218,Mouse,3291,70
629344,Mouse,5362,65
629396,Elephant,30830,195
629401,Mouse,5383,67
629523,Mouse,4683,66
629524,Mouse,3274,66
629545,Mouse,5553,70
629569,Mouse,3724,66
629607,Mouse,4001,68
629641,Elephant,411156,990
629751,Mouse,4092,64
629822,Mouse,5286,65
629889,Elephant,47683,283
629917,Mouse,4493,65
630079,Mouse,4745,65
630084,Mouse,5705,66
630157,Mouse,3262,64
630248,Mouse,5479,66
630292,Mouse,3060,64
630402,Mouse,4417,65
630614,Mouse,4342,65
630753,Mouse,4358,69
630897,Mouse,5658,69
630898,Mouse,5675,70
630981,Mouse,3011,70
631002,Mouse,3184,70
631079,Mouse,4129,71
631276,Mouse,4675,82
631317,Mouse,4229,88
631358,Mouse,3239,103
631386,Mouse,4394,109
631417,Mouse,5458,112
631446,Mouse,5735,119
631466,Elephant,569209,1273
631511,Mouse,3539,92
631520,Mouse,3229,79
631532,Mouse,4183,64
631569,Mouse,5437,70
631644,Mouse,4307,72
631716,Mouse,4632,78
631730,Mouse,3735,77
631843,Mouse,4713,89
631855,Elephant,465858,1256
631873,Mouse,5259,89
631954,Mouse,5674,71
632007,Mouse,4400,74
632024,Mouse,3020,77
632171,Mouse,5240,72
632240,Elephant,342231,1044
632358,Mouse,4708,68
632364,Mouse,4699,69
632399,Mouse,5738,68
632452,Mouse,5765,72
632455,Mouse,3179,71
632460,Mouse,4391,68
632513,Mouse,3581,67
632528,Mouse,3802,70
632561,Mouse,5299,71
632585,Mouse,3969,67
632615,Mouse,3936,70
632696,Elephant,540790,1222
632769,Mouse,5714,66
632773,Mouse,4323,65
632845,Mouse,3530,65
632854,Mouse,4553,65
632957,Mouse,3102,64
632962,Mouse,3987,64
632984,Mouse,5087,65
633040,Mouse,5332,65
633059,Mouse,5506,67
633110,Mouse,3113,64
633455,Mouse,3982,64
633461,Mouse,4813,65
633507,Mouse,3999,64
633530,Mouse,5228,67
633563,Mouse,4627,65
633643,Mouse,3406,64
633648,Mouse,3764,64
633679,Mouse,5144,65
633720,Mouse,3190,67
633754,Mouse,4281,70
633766,Mouse,3805,64
633835,Mouse,5120,69
633857,Mouse,4376,65
634032,Mouse,3252,64
634121,Mouse,4383,67
634160,Mouse,4128,67
634205,Mouse,5800,77
634238,Mouse,4374,76
634275,Mouse,5064,86
634506,Mouse,3492,109
634603,Mouse,5626,116
634628,Mouse,3358,114
634638,Mouse,4859,113
634772,Elephant,449534,1251
634845,Elephant,449230,1253
634932,Mouse,5721,66
634970,Mouse,5444,72
635031,Mouse,3353,65
635072,Elephant,193913,949
635090,Mouse,3126,71
635159,Mouse,4630,65
635204,Mouse,4067,67
635466,Elephant,290738,1187
635505,Mouse,5721,83
635801,Elephant,473795,1191
635832,Mouse,3247,66
635935,Mouse,5420,65
635951,Mouse,3478,65
636096,Mouse,3039,67
636259,Mouse,5051,70
636409,Mouse,4857,68
636598,Elephant,483039,1405
636699,Mouse,3524,64
636720,Mouse,3157,64
636737,Mouse,4373,65
636774,Mouse,3481,64
636797,Elephant,358161,1054
636824,Mouse,3539,64
636985,Mouse,3497,64
637058,Mouse,4668,65
637097,Mouse,4193,68
637252,Mouse,4270,65
637293,Mouse,3757,65
637326,Mouse,5172,76
637337,Elephant,51770,296
637348,Mouse,5311,77
637414,Mouse,3830,79
637460,Mouse,5274,73
637519,Mouse,3141,71
637642,Mouse,5747,80
637745,Mouse,5692,94
637793,Mouse,4218,93
637848,Elephant,265363,860
637926,Elephant,374889,1032
638042,Mouse,4110,68
638119,Mouse,4733,69
638144,Mouse,3566,64
638148,Mouse,4482,65
638161,Elephant,247665,983
638226,Mouse,5154,65
638271,Mouse,3723,65
638282,Mouse,4113,64
638303,Mouse,4467,65
638311,Mouse,5646,66
638317,Mouse,5620,67
638337,Mouse,3519,64
638522,Mouse,5292,65
638562,Mouse,5409,65
638591,Mouse,4772,65
638600,Mouse,5464,66
638763,Mouse,4069,67
638874,Mouse,5634,66
638906,Mouse,5510,72
638907,Mouse,3734,71
638946,Mouse,3830,69
638958,Mouse,3081,64
638965,Mouse,5266,65
639047,Mouse,3329,64
639081,Mouse,4107,70
639152,Mouse,4391,70
639243,Elephant,303873,853
639376,Mouse,4181,68
639397,Mouse,3024,67
639412,Mouse,4101,68
639463,Mouse,4207,71
639541,Mouse,5370,81
639547,Mouse,4737,78
639778,Mouse,4426,101
639780,Mouse,3557,100
639799,Elephant,288002,890
639812,Mouse,3804,102
639840,Mouse,5508,101
640150,Mouse,3118,89
640164,Mouse,3434,90
640224,Mouse,4353,102
640313,Elephant,194335,815
640323,Mouse,5298,103
640355,Mouse,4754,93
640404,Mouse,5429,80
640417,Elephant,411244,1268
640473,Mouse,3773,65
640532,Mouse,5302,67
640573,Mouse,4881,70
640577,Mouse,3542,68
640653,Mouse,3501,67
640688,Mouse,3215,65
640707,Mouse,5349,68
640714,Elephant,550597,1520
640731,Mouse,5113,70
640736,Mouse,5765,69
640778,Mouse,4927,68
640860,Mouse,3130,64
640897,Mouse,3502,68
640938,Mouse,3182,66
640949,Mouse,3533,67
640995,Mouse,5152,66
641018,Mouse,5509,66
641025,Mouse,5179,66
641057,Mouse,3107,64
641094,Mouse,3530,64
641184,Mouse,4360,65
641396,Mouse,3447,71
641431,Mouse,3683,70
641500,Elephant,327606,884
641628,Mouse,5450,69
641633,Elephant,73379,374
641747,Mouse,5007,77
641821,Mouse,5344,73
641871,Mouse,5778,73
641903,Mouse,4474,77
641915,Elephant,40086,253
642042,Mouse,3111,75
642051,Mouse,4653,81
642113,Mouse,4572,75
642149,Mouse,3739,74
642169,Mouse,5278,80
642223,Mouse,4490,94
642256,Mouse,5712,99
642272,Mouse,3510,101
642275,Mouse,3666,101
642302,Elephant,162336,716
642344,Mouse,3690,98
642346,Mouse,4838,99
642385,Mouse,4830,81
642485,Mouse,3197,79
642507,Mouse,4761,86
642514,Mouse,5768,90
642554,Elephant,558131,1329
642585,Mouse,3824,105
642594,Mouse,4169,95
642598,Mouse,4051,92
642609,Elephant,201136,794
642610,Mouse,5435,81
642674,Mouse,3351,67
642680,Mouse,4342,68
642768,Mouse,5295,68
642887,Mouse,4242,68
642920,Mouse,4385,69
643071,Mouse,4611,72
643101,Mouse,4928,70
643168,Mouse,4795,77
643216,Mouse,4042,67
643245,Elephant,257237,816
643358,Mouse,3361,67
643443,Mouse,4315,69
643518,Mouse,3109,64
643525,Elephant,392259,1184
643571,Mouse,3492,64
643689,Mouse,4777,65
643724,Mouse,4313,69
643818,Mouse,4090,64
643845,Mouse,5389,69
643908,Mouse,4908,66
643953,Mouse,4354,67
644087,Mouse,4279,77
644091,Mouse,4762,69
644119,Mouse,5696,69
644196,Mouse,4504,75
644229,Mouse,4058,72
644245,Mouse,3422,74
644261,Mouse,5002,70
644298,Mouse,5382,78
644314,Mouse,3358,85
644335,Mouse,3717,87
644390,Mouse,3157,80
644407,Mouse,3913,78
644413,Mouse,4246,78
644484,Mouse,3787,83
644561,Mouse,5023,87
644692,Mouse,4650,100
644712,Elephant,597620,1405
644751,Mouse,5555,93
644771,Mouse,4849,75
644875,Mouse,3775,71
645006,Mouse,5645,87
645017,Mouse,4710,91
645034,Mouse,3581,93
645123,Mouse,3769,108
645198,Elephant,73440,458
645209,Mouse,3624,102
645239,Mouse,3181,108
645243,Mouse,3033,111
645245,Mouse,3269,112
645316,Mouse,3305,110
645395,Mouse,4407,117
645406,Mouse,3900,113
645554,Elephant,394683,1375
645599,Mouse,5152,115
645614,Mouse,3705,97
645686,Elephant,591495,1634
645696,Mouse,4617,93
645751,Mouse,3415,75
645783,Mouse,5376,69
645848,Mouse,5444,72
645879,Mouse,5291,69
645950,Mouse,5761,82
646081,Mouse,4758,87
646119,Elephant,220262,927
646133,Mouse,4533,83
646142,Mouse,4057,86
646217,Mouse,5300,82
646329,Mouse,3227,71
646413,Mouse,3754,92
646506,Mouse,4195,106
646557,Elephant,497664,1406
646687,Elephant,241701,867
646696,Mouse,4617,70
646713,Mouse,5217,68
646774,Mouse,3168,65
646988,Mouse,4813,65
647028,Mouse,4669,67
647057,Elephant,237417,796
647061,Mouse,4874,67
647166,Mouse,5360,65
647225,Mouse,4950,65
647253,Mouse,3315,64
647294,Mouse,5562,66
647401,Mouse,5575,66
647404,Mouse,4437,65
647426,Mouse,3435,64
647459,Mouse,5172,70
647486,Mouse,3083,67
647549,Mouse,5567,68
647574,Mouse,3555,65
647603,Mouse,4701,73
647670,Mouse,4992,68
647674,Mouse,5538,69
647722,Mouse,3138,67
647779,Mouse,4890,70
647876,Mouse,4802,79
648016,Mouse,3738,86
648060,Mouse,5386,95
648125,Mouse,5292,104
648142,Mouse,3231,104
648145,Elephant,419309,1098
648281,Elephant,292791,908
648291,Mouse,4235,70
648309,Mouse,5564,71
648314,Mouse,5040,66
648324,Mouse,5156,65
648442,Mouse,3435,64
648677,Mouse,5014,69
648710,Mouse,3583,64
648840,Mouse,4100,64
648859,Elephant,539766,1238
648896,Mouse,5445,67
648902,Mouse,5737,67
648933,Mouse,5814,66
648936,Mouse,3091,64
648957,Mouse,4107,64
649062,Mouse,5283,65
649096,Mouse,3263,64
649160,Mouse,3562,64
649164,Mouse,3789,64
649188,Mouse,4860,65
649416,Mouse,5584,66
649445,Mouse,5423,69
649453,Mouse,5349,71
649555,Mouse,4605,65
649664,Mouse,5111,70
649887,Mouse,3055,66
649907,Mouse,4909,68
649924,Mouse,4412,72
649959,Mouse,3856,73
650054,Mouse,5428,66
650072,Mouse,4207,68
650155,Mouse,5374,70
650157,Elephant,564814,1217
650249,Mouse,5545,66
650262,Mouse,5629,66
650302,Mouse,4083,64
650355,Mouse,3937,64
650448,Mouse,3534,64
650458,Mouse,3370,64
650463,Mouse,3064,64
650550,Mouse,5480,66
650585,Mouse,3558,64
650616,Mouse,5009,65
650644,Elephant,45485,278
650701,Mouse,3482,64
650705,Mouse,5012,65
650851,Mouse,4450,65
650877,Mouse,3719,64
650917,Mouse,3407,64
650956,Mouse,5444,66
650992,Mouse,3937,64
651055,Mouse,5812,66
651171,Mouse,3112,64
651207,Mouse,4424,65
651273,Mouse,3296,64
651310,Mouse,5337,65
651330,Mouse,5593,67
651332,Mouse,3663,66
651345,Mouse,3749,64
651400,Mouse,5093,65
651466,Mouse,4900,65
651544,Mouse,3934,64
651548,Mouse,4819,65
651597,Mouse,5304,70
651647,Mouse,5112,67
651681,Mouse,3173,66
651696,Mouse,3921,64
651940,Mouse,3754,65
651973,Mouse,3382,64
651994,Mouse,4317,69
652074,Mouse,5058,68
652138,Mouse,4581,69
652223,Mouse,5817,70
652278,Elephant,233681,725
652352,Mouse,4508,65
652434,Mouse,3724,71
652504,Mouse,4079,65
652580,Mouse,5789,68
652584,Elephant,58321,325
652630,Mouse,5565,73
652655,Mouse,3135,67
652693,Mouse,4704,69
652713,Mouse,5443,71
652752,Mouse,4099,70
652817,Mouse,4269,67
652832,Elephant,578619,1307
652832,Mouse,3577,67
652878,Mouse,3500,66
652881,Mouse,5320,67
652934,Mouse,3902,67
652953,Mouse,3898,64
652985,Mouse,3703,69
652987,Mouse,5509,71
653003,Mouse,4318,65
653051,Mouse,4101,64
653157,Mouse,3458,66
653190,Mouse,4777,67
653198,Mouse,3335,69
653298,Mouse,4959,70
653323,Mouse,5780,69
653512,Elephant,40838,289
653529,Mouse,5356,70
653675,Elephant,267141,989
653726,Mouse,3773,64
653770,Mouse,3615,64
653782,Mouse,4324,67
653796,Mouse,4228,71
653814,Mouse,5167,68
653911,Mouse,4934,69
653928,Mouse,5074,66
653949,Mouse,4021,70
654181,Elephant,512820,1162
654189,Mouse,4540,65
654320,Mouse,4061,64
654351,Mouse,3253,66
654461,Mouse,5009,66
654476,Mouse,4552,69
654484,Mouse,4140,69
654542,Mouse,5806,66
654565,Mouse,4815,68
654625,Mouse,3853,66
654673,Mouse,4733,68
654674,Mouse,4144,68
654728,Mouse,5435,73
654841,Mouse,5074,66
654871,Elephant,475194,1086
654885,Mouse,3765,65
654892,Mouse,3994,65
654953,Mouse,3592,64
654999,Mouse,4313,66
655047,Mouse,3172,69
655072,Mouse,3417,64
655078,Mouse,5295,65
655139,Mouse,3483,67
655243,Mouse,4770,65
655263,Mouse,5741,70
655297,Mouse,4122,64
655351,Mouse,4332,66
655400,Mouse,4101,68
655425,Mouse,4636,67
655462,Mouse,5040,71
655644,Mouse,5066,71
655722,Mouse,3255,84
655805,Mouse,3087,91
655810,Mouse,3244,94
655840,Mouse,4315,99
655853,Mouse,4382,100
655873,Mouse,5608,112
655984,Mouse,5725,108
656006,Mouse,4401,107
656009,Elephant,431355,1157
656046,Elephant,393880,1246
656052,Mouse,3387,93
656072,Elephant,93473,539
656093,Mouse,3648,82
656100,Mouse,3715,79
656336,Mouse,4184,72
656503,Mouse,3224,70
656602,Mouse,4440,77
656666,Mouse,4770,85
656700,Mouse,3202,79
656779,Mouse,4283,87
656848,Mouse,4083,90
656861,Mouse,3505,101
656922,Mouse,3801,108
657044,Mouse,4863,98
657099,Mouse,5422,106
657102,Mouse,4680,103
657176,Mouse,5817,128
657217,Mouse,3464,129
657252,Mouse,4427,135
657259,Mouse,4469,133
657270,Mouse,3960,132
657431,Elephant,503180,1516
657485,Mouse,3195,109
657538,Mouse,3990,104
657580,Mouse,5620,105
657590,Mouse,4581,111
657597,Mouse,3969,113
657628,Mouse,4305,119
657756,Mouse,3703,124
657892,Mouse,4351,131
657904,Mouse,3404,136
657922,Elephant,593025,1976
657938,Mouse,5645,130
657945,Mouse,4453,129
658145,Mouse,5826,115
658179,Mouse,3286,127
658195,Mouse,4066,133
658260,Elephant,106660,955
658296,Mouse,4782,139
658313,Mouse,3364,138
658340,Mouse,5555,144
658342,Mouse,5253,144
658364,Elephant,479415,2108
658394,Mouse,4078,121
658408,Mouse,4683,117
658452,Mouse,5426,104
658544,Mouse,4584,101
658598,Mouse,4732,105
658618,Mouse,3385,107
658647,Mouse,4789,113
658672,Mouse,3415,120
658742,Mouse,3646,120
658806,Mouse,3343,115
658815,Mouse,4916,118
658840,Mouse,4338,123
658908,Elephant,213281,1622
658978,Elephant,456367,2028
659044,Elephant,483262,1832
659091,Mouse,3117,66
659160,Mouse,3250,64
659228,Mouse,5007,70
659246,Mouse,5401,72
659250,Mouse,5411,68
659290,Mouse,3645,70
659296,Mouse,5011,67
659327,Mouse,3896,69
659365,Mouse,5017,69
659378,Mouse,4196,66
659421,Mouse,4819,73
659456,Mouse,3442,67
659457,Elephant,297184,1547
659484,Mouse,3543,64
659496,Mouse,4337,65
659526,Mouse,5739,66
659542,Mouse,3013,64
659693,Mouse,3334,64
659707,Mouse,3208,64
659731,Mouse,3106,66
659771,Mouse,5536,68
659789,Mouse,5780,66
659817,Mouse,4439,66
659888,Mouse,3250,64
659915,Mouse,4651,66
659921,Mouse,5352,65
660016,Mouse,3985,64
660029,Mouse,3485,65
660239,Mouse,5761,67
660324,Mouse,5549,67
660496,Mouse,3750,67
660544,Mouse,4198,68
660592,Mouse,5627,71
660687,Mouse,5466,79
660713,Mouse,4240,76
660779,Elephant,186578,658
660785,Mouse,5633,81
660836,Elephant,351605,1083
660888,Mouse,3877,64
660941,Mouse,3193,64
661047,Mouse,3355,64
661157,Mouse,5231,65
661236,Mouse,3559,67
661365,Elephant,116181,498
661369,Mouse,4883,66
661395,Mouse,4255,66
661412,Mouse,4477,66
661430,Mouse,3838,65
661560,Mouse,5468,66
661570,Mouse,3938,64
661586,Mouse,4370,65
661594,Mouse,3484,67
661605,Mouse,4805,70
661651,Mouse,4527,68
661724,Mouse,4745,68
661740,Mouse,5433,75
661798,Mouse,4783,65
661809,Mouse,4875,68
661928,Mouse,4898,66
661970,Mouse,4647,74
662078,Mouse,5295,69
662105,Elephant,86463,430
662124,Mouse,4841,72
662124,Mouse,3849,72
662139,Mouse,5048,73
662153,Mouse,3831,67
662175,Mouse,4029,70
662209,Mouse,5380,73
662212,Mouse,4782,76
662230,Elephant,350436,916
662236,Mouse,4385,66
662253,Mouse,3281,72
662281,Mouse,4661,65
662300,Mouse,4301,65
662486,Mouse,4111,64
662517,Mouse,3118,64
662595,Mouse,4399,65
662621,Mouse,4932,65
662624,Mouse,3458,65
662803,Mouse,3772,64
662841,Mouse,3869,64
662878,Mouse,4652,65
662972,Mouse,4887,65
663054,Mouse,3191,64
663306,Mouse,5638,66
663429,Mouse,3436,64
663512,Mouse,4548,65
663541,Mouse,5163,65
663543,Mouse,3278,65
663642,Mouse,4906,69
663642,Mouse,4577,69
663647,Mouse,3560,64
663895,Mouse,3600,64
664008,Mouse,5758,66
664091,Mouse,5208,65
664200,Mouse,5134,72
664203,Mouse,5319,74
664309,Mouse,3481,64
664372,Elephant,138446,546
664546,Mouse,4117,64
664645,Mouse,5212,67
664648,Mouse,5565,68
664652,Mouse,4436,67
664785,Mouse,4987,65
664800,Mouse,5724,66
664806,Mouse,3632,66
664863,Mouse,3407,66
664948,Mouse,4500,71
664951,Mouse,5188,73
664960,Mouse,3286,64
665056,Mouse,3704,64
665067,Mouse,5009,69
665227,Mouse,4961,69
665274,Mouse,3043,69
665275,Mouse,3939,68
665289,Mouse,3804,67
665319,Mouse,3663,68
665493,Mouse,4069,64
665537,Mouse,4296,65
665550,Elephant,498212,1108
665656,Mouse,4505,65
665682,Mouse,3441,64
665742,Mouse,3363,64
665818,Mouse,5702,66
665823,Mouse,5588,66
665838,Mouse,4753,65
665883,Mouse,4780,66
665889,Mouse,4220,67
665947,Mouse,3712,64
665974,Mouse,5607,68
666130,Mouse,5489,72
666152,Mouse,4765,69
666240,Mouse,4238,64
666296,Mouse,5235,71
666324,Mouse,4176,67
666365,Mouse,4913,69
666402,Mouse,3126,66
666491,Mouse,5556,69
666517,Mouse,3993,72
666532,Elephant,375218,1054
666572,Mouse,3385,70
666649,Mouse,3945,67
666672,Mouse,3079,66
666744,Mouse,5565,66
666807,Elephant,286607,858
666849,Mouse,5144,65
666907,Mouse,5043,65
666941,Mouse,4464,65
666966,Mouse,5208,65
667010,Mouse,3496,64
667033,Mouse,5670,66
667045,Mouse,3861,64
667067,Mouse,4004,64
667137,Mouse,4673,65
667166,Mouse,3897,64
667195,Mouse,4164,64
667251,Mouse,3483,64
667379,Mouse,4113,64
667400,Mouse,4736,65
667426,Mouse,4852,65
667461,Mouse,3393,64
667500,Mouse,5684,66
667546,Mouse,4744,65
667680,Mouse,3993,64
667755,Mouse,4717,65
667856,Mouse,4522,68
667980,Mouse,4294,68
668023,Mouse,4288,73
668226,Mouse,3922,103
668281,Mouse,4378,125
668335,Mouse,4453,137
668446,Mouse,4299,134
668480,Elephant,543755,1324
668507,Mouse,3213,118
668552,Mouse,4806,101
668561,Mouse,3296,103
668589,Mouse,4090,101
668633,Mouse,5308,106
668706,Elephant,129021,875
668749,Mouse,4371,104
668862,Mouse,3504,82
668900,Elephant,264599,1159
668938,Mouse,3451,90
668970,Mouse,5684,93
668977,Mouse,3475,93
669036,Mouse,3171,94
669078,Elephant,109139,634
669243,Mouse,3243,84
669279,Mouse,4834,97
669318,Mouse,5408,100
669375,Elephant,139748,925
669421,Mouse,5112,110
669430,Mouse,3607,104
669445,Mouse,5101,97
669550,Mouse,3923,88
669557,Mouse,4689,91
669583,Mouse,4232,94
669595,Mouse,4013,96
669636,Mouse,3399,95
669660,Mouse,3058,104
669670,Mouse,4628,108
669870,Mouse,3425,94
669901,Mouse,3777,91
669939,Elephant,409004,1830
670006,Elephant,516745,2090
670014,Elephant,234058,1118
670032,Mouse,4999,68
670123,Mouse,5092,65
670131,Mouse,3332,64
670146,Mouse,3648,64
670179,Mouse,4647,65
670187,Mouse,5572,66
670296,Mouse,4450,67
670296,Mouse,3912,67
670322,Mouse,5802,66
670361,Mouse,4137,64
670497,Mouse,4809,65
670571,Mouse,4233,68
670579,Mouse,4041,64
670758,Mouse,3530,64
670785,Elephant,120187,498
670924,Mouse,5284,65
671124,Mouse,4101,64
671188,Mouse,5702,66
671207,Mouse,3154,64
671227,Mouse,4568,65
671291,Mouse,4928,70
671361,Mouse,4833,66
671438,Elephant,126060,547
671479,Mouse,5547,68
671544,Mouse,5426,69
671564,Mouse,4844,70
671655,Mouse,4593,67
671684,Mouse,4348,69
671689,Elephant,344934,901
671715,Mouse,5315,66
671777,Mouse,3221,64
671882,Mouse,4721,65
671917,Mouse,4339,65
671934,Mouse,5750,70
671949,Mouse,5475,66
671955,Mouse,4643,65
671964,Mouse,5395,65
671995,Mouse,4693,65
672049,Mouse,3776,64
672076,Mouse,5615,66
672093,Mouse,3753,65
672178,Mouse,3834,64
672205,Mouse,3698,65
672224,Mouse,5167,65
672256,Mouse,3983,64
672329,Mouse,3980,67
672417,Mouse,4847,66
672418,Elephant,202741,724
672525,Mouse,5372,65
672535,Mouse,3354,64
672575,Mouse,5757,66
672658,Mouse,4425,69
672666,Mouse,4640,72
672669,Mouse,4219,73
672686,Mouse,3770,64
672764,Mouse,4167,64
672799,Mouse,4604,65
672963,Mouse,3268,68
673000,Mouse,3364,67
673023,Mouse,5207,65
673054,Mouse,4065,68
673102,Mouse,5017,74
673116,Mouse,5345,80
673184,Mouse,3475,64
673207,Mouse,3797,71
673267,Mouse,5645,73
673284,Elephant,95664,466
673441,Mouse,5366,69
673461,Elephant,382872,959
673558,Mouse,5540,66
673814,Mouse,3957,64
673883,Mouse,3101,64
673890,Mouse,5399,65
673918,Mouse,3947,64
673982,Mouse,5426,65
674112,Mouse,5434,70
674160,Mouse,4526,65
674205,Mouse,3958,64
674227,Mouse,4107,66
674381,Mouse,3347,64
674429,Mouse,4477,65
674588,Mouse,4052,73
674608,Mouse,5640,73
674714,Mouse,3161,67
674720,Elephant,124789,513
674723,Mouse,4310,72
674732,Mouse,5704,74
674750,Mouse,3855,68
674816,Mouse,5430,67
674827,Elephant,289213,833
674836,Mouse,3929,67
675032,Mouse,5203,65
675043,Mouse,5188,65
675097,Mouse,4953,65
675146,Mouse,5401,65
675167,Mouse,3515,64
675209,Mouse,5555,66
675273,Mouse,4101,64
675335,Mouse,5389,66
675338,Mouse,3244,64
675421,Mouse,4706,65
675491,Mouse,5694,66
675542,Mouse,3354,66
675714,Mouse,5016,69
675787,Mouse,3782,64
675831,Mouse,3040,66
675867,Mouse,4784,76
675870,Mouse,3205,70
675928,Mouse,5193,70
675979,Mouse,5196,73
676200,Mouse,5759,89
676221,Mouse,4250,93
676232,Elephant,96135,497
676249,Mouse,5581,95
676254,Mouse,4438,95
676297,Mouse,5109,94
676309,Mouse,3551,93
676332,Elephant,272037,864
676414,Mouse,5674,70
676481,Mouse,3502,65
676487,Mouse,4590,69
676513,Mouse,3502,69
676524,Mouse,3921,65
676568,Mouse,3870,65
676579,Mouse,3017,66
676605,Mouse,4796,80
676657,Elephant,587600,1395
676666,Mouse,4132,67
676708,Mouse,3844,65
676728,Mouse,3606,64
676843,Mouse,3766,68
676857,Mouse,4968,65
676874,Mouse,3304,64
677013,Mouse,4972,66
677035,Mouse,4970,72
677039,Mouse,3885,73
677096,Mouse,5731,66
677118,Mouse,4832,68
677133,Mouse,3813,68
677153,Mouse,5355,70
677178,Mouse,5329,73
677233,Mouse,4219,66
677241,Mouse,5491,72
677243,Mouse,5446,74
677251,Mouse,5586,75
677279,Mouse,5214,81
677319,Mouse,4757,83
677327,Mouse,5414,90
677387,Mouse,5176,74
677430,Mouse,4481,70
677436,Mouse,4217,74
677564,Mouse,4518,73
677569,Mouse,3100,75
677598,Elephant,481985,1130
677678,Mouse,3248,67
677704,Mouse,4785,77
677707,Mouse,3247,69
677719,Mouse,3350,66
677737,Mouse,5410,75
677760,Mouse,3671,66
677841,Mouse,4934,69
677957,Mouse,5279,70
678006,Mouse,3344,70
678061,Mouse,3589,70
678088,Elephant,122089,529
678116,Mouse,3101,69
678144,Mouse,3134,67
678170,Mouse,4837,66
678177,Mouse,5283,68
678207,Mouse,4843,68
678216,Mouse,5083,69
678228,Elephant,595594,1263
678357,Mouse,3244,64
678523,Mouse,3011,64
678619,Mouse,4331,65
678624,Mouse,3847,64
678698,Mouse,5609,66
678774,Mouse,3029,66
678806,Mouse,5210,67
678834,Mouse,4291,65
678867,Mouse,4592,65
678895,Elephant,114680,495
678902,Mouse,5534,67
678932,Mouse,4964,65
679059,Mouse,4177,64
679095,Mouse,5492,66
679106,Mouse,5614,68
679108,Mouse,3698,66
679142,Mouse,5739,66
679184,Mouse,3718,66
679187,Mouse,4185,67
679191,Mouse,4942,70
679222,Mouse,3816,64
679257,Mouse,5255,65
679541,Mouse,4272,65
679572,Mouse,3882,64
679585,Mouse,3218,64
679683,Mouse,3813,64
679760,Mouse,3877,64
679764,Mouse,4485,66
679770,Mouse,5303,65
679794,Mouse,3524,64
679836,Mouse,4632,65
679907,Mouse,4936,65
679969,Mouse,3510,64
679978,Mouse,5574,66
679996,Mouse,4602,65
680042,Mouse,5629,66
680092,Mouse,4098,64
680153,Mouse,3233,67
680169,Mouse,4308,65
680231,Mouse,4950,65
680259,Mouse,4002,64
680266,Mouse,3940,64
680353,Mouse,3852,64
680452,Mouse,4320,69
680476,Mouse,4482,75
680546,Mouse,4924,71
680557,Mouse,5362,79
680686,Mouse,4037,91
680736,Mouse,4076,100
680792,Mouse,4375,111
680996,Mouse,4158,108
681042,Elephant,82934,567
681147,Mouse,4182,105
681164,Mouse,4432,106
681243,Mouse,5788,120
681259,Mouse,3885,116
681339,Mouse,3131,128
681400,Mouse,3259,142
681482,Mouse,5007,151
681488,Mouse,3343,151
681515,Elephant,436312,1513
681530,Mouse,4000,151
681544,Mouse,4064,155
681657,Mouse,3224,112
681670,Mouse,5239,110
681714,Mouse,3936,99
681770,Mouse,4012,95
681779,Mouse,4544,99
681848,Mouse,4223,100
681884,Elephant,453574,1758
681915,Mouse,3243,85
682038,Mouse,4835,76
682098,Mouse,5635,77
682141,Mouse,4088,71
682222,Mouse,4924,85
682248,Mouse,5054,92
682318,Mouse,3736,106
682323,Mouse,4424,111
682402,Mouse,4614,112
682428,Elephant,384350,1856
682482,Mouse,4859,90
682618,Mouse,3825,72
682665,Mouse,5709,78
682678,Elephant,280182,1215
682713,Mouse,3458,70
682789,Mouse,5790,74
682851,Mouse,5627,68
682858,Elephant,466162,1748
682861,Mouse,4013,69
682865,Mouse,4794,67
682985,Mouse,5399,65
683048,Mouse,4252,67
683063,Mouse,3673,68
683192,Mouse,4474,70
683211,Mouse,3552,64
683273,Mouse,4761,67
683383,Mouse,3336,64
683531,Mouse,5037,88
683551,Mouse,5133,94
683653,Mouse,5768,113
683682,Mouse,5120,111
683697,Mouse,4433,115
683717,Elephant,470074,1588
683721,Mouse,4887,116
683787,Mouse,4712,118
683845,Mouse,3068,92
683948,Mouse,5833,100
683974,Elephant,93104,622
684015,Mouse,4802,100
684131,Elephant,158806,779
684203,Mouse,5527,80
684227,Mouse,4934,78
684246,Mouse,4049,82
684341,Mouse,4156,103
684343,Mouse,3287,102
684352,Mouse,5098,103
684394,Mouse,3868,107
684473,Mouse,3480,92
684544,Elephant,213510,951
684565,Mouse,4458,79
684608,Mouse,3858,70
684710,Mouse,5050,80
684728,Mouse,5099,86
684804,Mouse,5412,103
685045,Elephant,426270,1822
685056,Mouse,4912,116
685080,Elephant,389390,1700
685154,Mouse,3381,87
685164,Mouse,3157,76
685240,Mouse,4769,82
685249,Mouse,3413,83
685256,Mouse,3347,86
685344,Mouse,3181,97
685357,Mouse,5410,102
685376,Mouse,3208,97
685414,Mouse,3693,104
685462,Mouse,4670,105
685504,Mouse,3771,101
685511,Mouse,4943,107
685523,Mouse,4055,113
685594,Mouse,3017,118
685603,Elephant,286363,1434
685638,Mouse,3131,112
685648,Mouse,5370,89
685689,Mouse,5320,89
685695,Mouse,3601,73
685711,Mouse,5112,76
685822,Mouse,4031,76
685829,Elephant,259034,1152
685832,Mouse,3931,72
685927,Mouse,3142,67
685936,Mouse,4994,74
685966,Mouse,3455,68
685971,Mouse,4566,70
685991,Mouse,4365,77
686043,Mouse,3269,73
686049,Mouse,5422,77
686065,Mouse,3648,80
686108,Mouse,3864,84
686112,Mouse,5713,89
686152,Elephant,466915,1675
686154,Mouse,5348,95
686219,Mouse,3215,66
686442,Mouse,5374,69
686449,Mouse,3998,66
686550,Mouse,5294,70
686608,Mouse,3358,71
686623,Mouse,3835,65
686695,Elephant,419090,1061
686825,Mouse,5666,70
686887,Mouse,3647,64
686971,Mouse,3388,64
686989,Mouse,3605,65
687039,Mouse,5828,69
687140,Mouse,3821,64
687169,Mouse,5791,67
687250,Mouse,5181,67
687394,Mouse,5499,67
687397,Mouse,4578,66
687585,Mouse,4623,65
687642,Mouse,3980,64
687679,Mouse,5246,65
687684,Mouse,5168,66
687841,Mouse,3493,64
687909,Mouse,4704,69
687947,Mouse,3497,67
688043,Mouse,3773,65
688044,Mouse,3383,65
688057,Mouse,4209,64
688096,Mouse,4740,65
688107,Mouse,5561,66
688146,Mouse,3717,64
688183,Mouse,3217,64
688193,Mouse,5533,66
688258,Mouse,3094,67
688314,Mouse,3698,64
688333,Mouse,3639,68
688533,Mouse,3674,68
688534,Mouse,3093,68
688590,Mouse,3165,64
688706,Mouse,3596,68
688782,Mouse,4232,68
688805,Mouse,4919,73
688826,Elephant,468709,1073
688908,Mouse,3451,64
688960,Mouse,4946,65
688985,Mouse,5064,69
689006,Mouse,4396,65
689118,Mouse,4258,66
689125,Mouse,3279,68
689193,Mouse,3642,64
689200,Mouse,5495,67
689237,Mouse,4348,66
689314,Mouse,3730,73
689331,Mouse,3620,67
689441,Mouse,5087,74
689443,Mouse,3212,74
689608,Elephant,528819,1180
689626,Mouse,4564,80
689705,Elephant,82021,432
689741,Mouse,4113,64
689856,Mouse,4689,68
689902,Mouse,3058,68
689940,Mouse,4174,67
689962,Mouse,5536,72
689976,Mouse,4843,74
689994,Mouse,4985,72
690029,Mouse,4767,71
690044,Mouse,4194,73
690079,Mouse,5592,73
690191,Mouse,5262,74
690217,Elephant,393907,1022
690221,Mouse,3573,69
690251,Mouse,5221,76
690283,Mouse,5422,67
690429,Mouse,3211,66
690468,Mouse,4295,69
690548,Mouse,5808,73
690739,Elephant,401531,1013
690921,Mouse,5295,67
690939,Mouse,3147,72
690989,Mouse,3131,74
691031,Mouse,3992,67
691094,Mouse,5490,76
691157,Mouse,3350,80
691193,Elephant,401559,1127
691308,Elephant,111557,516
691449,Mouse,3281,64
691645,Mouse,5762,74
691661,Mouse,3958,74
691687,Mouse,4617,74
691721,Elephant,109784,582
691762,Elephant,265825,824
691782,Mouse,4316,68
691784,Mouse,3151,68
691795,Mouse,3963,65
691852,Mouse,4747,66
691901,Mouse,5530,69
691950,Mouse,3397,69
691967,Mouse,3360,64
692080,Mouse,5096,66
692096,Mouse,4370,70
692151,Mouse,3539,65
692166,Mouse,4538,65
692298,Mouse,5110,72
692298,Mouse,3236,71
692303,Mouse,3291,69
692350,Mouse,3222,71
692419,Mouse,3430,71
692547,Mouse,5834,86
692587,Mouse,3573,91
692598,Mouse,3300,97
692608,Mouse,3347,100
692617,Mouse,4040,103
692653,Mouse,3707,108
692674,Mouse,5508,117
692730,Elephant,529203,1246
692759,Mouse,5272,88
692770,Mouse,5663,88
692819,Mouse,3272,75
692834,Elephant,156586,677
692834,Mouse,5036,70
692862,Mouse,4158,68
692907,Mouse,3048,69
692913,Mouse,3550,64
692931,Mouse,4590,68
692973,Mouse,3356,67
692992,Mouse,3480,70
693017,Mouse,5384,68
693160,Mouse,4473,65
693178,Mouse,4344,69
693227,Mouse,5457,73
693327,Mouse,3837,69
693404,Mouse,5466,69
693410,Mouse,4793,72
693441,Elephant,520646,1360
693494,Mouse,4868,65
693528,Mouse,3835,64
693581,Mouse,3755,64
693700,Mouse,3538,64
693715,Mouse,4631,66
693838,Mouse,5199,65
694040,Mouse,5451,67
694086,Mouse,4829,68
694151,Mouse,4498,68
694198,Mouse,3841,67
694215,Mouse,5281,69
694238,Mouse,5051,70
694401,Elephant,129227,534
694405,Mouse,4439,65
694409,Mouse,3610,64
694493,Mouse,3172,64
694535,Mouse,4693,69
694606,Mouse,4163,68
694741,Mouse,5135,77
694747,Mouse,3326,79
694822,Mouse,5665,73
694881,Elephant,545634,1177
695053,Mouse,5043,65
695127,Mouse,4345,68
695162,Elephant,138534,546
695165,Mouse,4060,66
695244,Mouse,3079,64
695279,Mouse,5805,66
695333,Mouse,5033,65
695366,Mouse,3728,64
695380,Mouse,3119,64
695395,Mouse,4210,64
695490,Mouse,5734,66
695609,Mouse,3405,64
695686,Mouse,5777,66
695690,Mouse,4377,65
695713,Mouse,4449,65
695776,Mouse,3315,64
695809,Mouse,4316,65
695831,Mouse,4612,65
695862,Mouse,3044,64
695939,Mouse,5708,67
695941,Mouse,3259,65
696104,Mouse,3167,64
696136,Mouse,5216,65
696170,Mouse,5470,66
696321,Mouse,4245,64
696385,Mouse,5696,66
696418,Mouse,3078,64
696531,Mouse,4344,65
696602,Mouse,4662,65
696642,Mouse,4287,65
696717,Mouse,3975,64
696737,Mouse,5780,68
696802,Mouse,5042,65
696812,Mouse,5808,66
696849,Mouse,4222,64
696889,Elephant,240352,734
696946,Mouse,4068,64
696955,Mouse,3910,64
696999,Mouse,5362,66
697026,Mouse,3057,64
697111,Mouse,3922,66
697114,Mouse,3164,65
697123,Mouse,4963,68
697216,Mouse,3134,70
697229,Mouse,3152,66
697290,Mouse,3632,70
697465,Elephant,185084,651
697468,Mouse,3944,75
697509,Mouse,5036,82
697513,Mouse,5061,77
697574,Mouse,4836,72
697625,Elephant,168434,627
697661,Mouse,3901,73
697712,Mouse,4283,65
697859,Mouse,5184,73
697874,Mouse,4411,72
698137,Mouse,3555,107
698227,Elephant,240358,980
698258,Mouse,5078,100
698278,Mouse,3521,100
698287,Elephant,458528,1231
698288,Mouse,3038,88
698350,Mouse,3523,78
698439,Mouse,3591,87
698452,Mouse,5181,89
698494,Mouse,4200,76
698497,Elephant,255564,973
698512,Mouse,5675,77
698521,Mouse,4897,78
698543,Mouse,5336,67
698667,Mouse,5753,68
698707,Mouse,3099,67
698839,Mouse,5133,77
698887,Mouse,4496,79
698916,Elephant,168132,664
698932,Elephant,273124,1057
698938,Mouse,3497,69
698943,Mouse,4600,70
698992,Mouse,4494,65
699047,Mouse,5822,67
699066,Mouse,3371,64
699129,Mouse,3912,64
699221,Mouse,3074,66
699231,Mouse,4562,70
699369,Mouse,5235,70
699373,Mouse,3925,66
699413,Mouse,3098,67
699417,Mouse,3247,66
699442,Mouse,3929,67
699509,Mouse,5280,65
699601,Mouse,4290,65
699637,Mouse,3908,67
699761,Elephant,584292,1540
699794,Mouse,3772,64
699948,Mouse,5311,65
699969,Mouse,3176,64
700067,Mouse,4054,64
700475,Mouse,3430,66
700517,Mouse,4944,69
700537,Mouse,3480,64
700612,Mouse,4482,70
700764,Elephant,262835,801
700765,Mouse,4312,86
700778,Mouse,3760,85
700889,Mouse,5742,76
700929,Mouse,3132,72
701049,Mouse,3327,80
701091,Mouse,3498,88
701217,Mouse,5666,107
701244,Elephant,93313,516
701253,Mouse,5631,109
701320,Mouse,5093,99
701334,Mouse,4427,105
701416,Mouse,5416,95
701488,Elephant,435636,1418
701517,Mouse,5456,78
701583,Mouse,4709,75
701602,Mouse,5213,77
701737,Mouse,4042,79
701815,Mouse,4796,95
701854,Mouse,3804,97
701881,Mouse,3608,100
701931,Elephant,541582,1495
701943,Mouse,4051,85
701993,Mouse,5488,72
702100,Mouse,3805,67
702112,Elephant,334615,1521
702127,Mouse,3990,64
702161,Mouse,3202,64
702175,Mouse,4038,67
702193,Elephant,275276,1014
702314,Mouse,5703,68
702341,Mouse,5727,66
702362,Mouse,4731,65
702395,Mouse,3749,67
702444,Mouse,4237,65
702469,Mouse,4150,64
702473,Mouse,4674,65
702489,Mouse,5728,69
702535,Mouse,5133,72
702549,Mouse,4626,65
702573,Mouse,3161,66
702653,Mouse,3002,66
702821,Mouse,3465,65
702913,Mouse,3571,67
702979,Mouse,3823,64
703117,Mouse,3442,64
703192,Mouse,3804,70
703275,Mouse,5757,70
703291,Mouse,3916,73
703381,Elephant,582793,1227
703455,Mouse,3062,65
703485,Mouse,3786,64
703519,Mouse,3513,64
703529,Mouse,3311,64
703573,Mouse,4257,65
703728,Mouse,3801,73
703740,Mouse,5160,75
703743,Mouse,3907,70
703772,Mouse,4259,71
703779,Mouse,3786,74
704031,Mouse,4592,77
704045,Mouse,5475,78
704093,Mouse,4272,80
704160,Mouse,4877,73
704241,Mouse,4344,81
704246,Elephant,485773,1126
704257,Mouse,3977,72
704276,Mouse,4178,75
704313,Mouse,3694,73
704324,Mouse,4980,75
704363,Mouse,5590,71
704395,Mouse,4959,67
704402,Mouse,4493,67
704489,Mouse,4451,70
704498,Mouse,5611,69
704499,Elephant,319974,897
704530,Mouse,5687,68
704544,Mouse,3835,66
704575,Mouse,5054,66
704581,Mouse,5361,65
704651,Mouse,5348,65
704702,Mouse,4926,65
704780,Mouse,3276,64
704884,Mouse,4449,65
704975,Mouse,4338,65
705028,Mouse,4406,68
705123,Mouse,5176,70
705283,Mouse,4080,66
705351,Mouse,4508,69
705413,Mouse,4953,68
705447,Mouse,5010,68
705465,Mouse,4708,66
705477,Mouse,5629,70
705519,Elephant,345112,903
705557,Mouse,5221,65
705568,Mouse,5224,65
705624,Mouse,3672,64
705671,Mouse,4619,65
705679,Mouse,4758,65
705709,Mouse,3874,64
705815,Mouse,3920,64
705822,Mouse,5415,65
705830,Mouse,4088,64
705901,Mouse,4136,64
706056,Mouse,3298,64
706125,Mouse,5827,66
706224,Mouse,4083,64
706242,Mouse,3558,64
706249,Mouse,4662,65
706368,Mouse,5332,65
706384,Mouse,3233,64
706486,Mouse,3035,64
706616,Mouse,5776,70
706646,Mouse,3366,67
706647,Mouse,3976,68
706650,Mouse,5068,70
706660,Mouse,3707,70
706772,Mouse,3923,72
706859,Mouse,5242,78
706883,Mouse,5008,77
706949,Mouse,4264,89
706960,Mouse,3665,91
707026,Mouse,3788,97
707064,Mouse,5266,108
707096,Mouse,5610,104
707148,Mouse,3516,114
707222,Mouse,4369,103
707315,Mouse,5607,96
707430,Elephant,251859,973
707464,Mouse,5502,98
707483,Elephant,121188,761
707502,Mouse,4793,84
707573,Mouse,3415,73
707669,Mouse,5445,83
707672,Mouse,4165,85
707704,Mouse,3828,88
707779,Elephant,238914,1221
707780,Mouse,4773,106
707797,Elephant,261754,1208
707831,Mouse,3520,84
707836,Mouse,4632,87
707844,Elephant,405316,1325
707897,Mouse,3766,67
708025,Elephant,64147,373
708066,Mouse,5173,70
708112,Mouse,4600,65
708204,Mouse,4546,65
708231,Mouse,4470,65
708400,Mouse,5001,65
708482,Mouse,3716,64
708512,Mouse,4200,64
708539,Mouse,4406,69
708542,Mouse,5621,71
708545,Mouse,3805,70
708588,Mouse,5502,73
708590,Mouse,4459,74
708597,Mouse,4017,64
708602,Mouse,4948,66
708646,Mouse,5439,66
708655,Mouse,3386,64
708712,Mouse,5112,65
708729,Mouse,4694,65
708772,Mouse,3518,64
708804,Mouse,3927,64
708843,Mouse,5568,66
708914,Mouse,3884,67
708916,Mouse,4709,68
708983,Mouse,4783,72
709008,Mouse,4103,68
709072,Mouse,4413,76
709081,Mouse,3618,74
709151,Mouse,4114,66
709256,Mouse,4195,73
709342,Mouse,5088,74
709359,Mouse,4975,78
709367,Mouse,5572,81
709470,Mouse,5628,93
709642,Mouse,4605,97
709666,Mouse,4510,100
709719,Elephant,527928,1252
709733,Mouse,4294,93
709766,Mouse,3295,83
709890,Mouse,5125,67
709914,Mouse,5735,70
709969,Mouse,5331,75
710058,Mouse,5568,70
710117,Mouse,4259,75
710137,Mouse,4922,80
710186,Mouse,3431,80
710205,Elephant,298521,1107
710206,Mouse,5296,84
710268,Mouse,4167,67
710289,Mouse,4358,69
710307,Elephant,554952,1400
710357,Mouse,5035,65
710394,Mouse,3121,64
710551,Mouse,5235,65
710554,Mouse,3312,65
710602,Mouse,5519,66
710604,Mouse,3273,64
710690,Mouse,3033,64
710729,Mouse,4836,65
710814,Mouse,4481,69
710878,Mouse,3912,70
710903,Mouse,4883,69
710906,Mouse,3782,68
710968,Mouse,5603,69
710981,Mouse,3376,73
711000,Mouse,3376,69
711008,Mouse,5120,75
711048,Mouse,4493,73
711250,Mouse,3359,99
711258,Mouse,3610,104
711306,Elephant,293458,890
711334,Mouse,5615,117
711406,Mouse,4175,113
711410,Mouse,3460,115
711458,Mouse,3932,113
711490,Mouse,5323,114
711523,Mouse,4349,125
711539,Mouse,3237,128
711573,Mouse,4520,129
711618,Mouse,3212,126
711690,Elephant,328235,1118
711702,Mouse,3400,110
711719,Mouse,4983,117
711740,Mouse,5026,123
711821,Elephant,246983,1013
711867,Mouse,4077,79
711868,Mouse,5711,81
711887,Mouse,3565,71
711984,Elephant,141864,780
712110,Mouse,5582,74
712273,Mouse,5639,91
712324,Mouse,3755,105
712347,Mouse,5308,111
712374,Mouse,4609,119
712409,Mouse,3150,126
712458,Elephant,372283,1449
712473,Mouse,4343,127
712506,Mouse,4124,94
712560,Mouse,5557,74
712595,Mouse,5165,77
712603,Mouse,4294,72
712694,Mouse,4079,84
712723,Elephant,353323,1489
712780,Mouse,4095,78
712817,Mouse,4392,76
712863,Mouse,4471,87
712967,Mouse,4469,90
713117,Mouse,4756,118
713256,Mouse,5201,125
713280,Mouse,5476,124
713350,Mouse,4313,141
713378,Mouse,5183,149
713404,Elephant,95866,678
713411,Mouse,5360,143
713442,Mouse,4242,136
713490,Elephant,76846,596
713547,Elephant,216626,1004
713553,Mouse,5465,96
713581,Elephant,459804,1748
713587,Mouse,5466,90
713605,Mouse,4337,81
713616,Mouse,3085,78
713633,Mouse,5269,65
713660,Mouse,4447,71
713683,Mouse,3977,64
713715,Mouse,3681,70
713721,Mouse,3503,69
713767,Mouse,3006,66
713947,Mouse,5616,70
714006,Mouse,4726,74
714017,Mouse,4379,77
714022,Elephant,394213,1929
714079,Mouse,3805,66
714114,Mouse,3952,64
714146,Mouse,5553,76
714164,Mouse,4028,67
714184,Elephant,499506,2046
714195,Elephant,76866,389
714210,Mouse,4231,66
714234,Mouse,3821,69
714236,Mouse,5463,70
714258,Mouse,5285,65
714331,Mouse,3128,64
714385,Mouse,4327,67
714409,Mouse,3668,64
714424,Mouse,3959,68
714437,Mouse,3070,64
714530,Mouse,3441,64
714643,Mouse,3893,67
714694,Mouse,3495,65
714748,Mouse,5408,66
714754,Mouse,3127,64
714792,Mouse,5477,66
714850,Mouse,3282,65
714875,Mouse,4698,65
715080,Mouse,4769,73
715171,Elephant,365597,943
715248,Mouse,4968,67
715276,Mouse,4859,65
715410,Mouse,5448,70
715445,Mouse,5304,74
715461,Mouse,3067,64
715514,Mouse,5658,70
715530,Elephant,208390,702
715573,Mouse,3612,72
715593,Mouse,4306,67
715611,Mouse,3005,66
715621,Mouse,3700,70
715687,Mouse,4789,67
715766,Mouse,3330,69
715900,Mouse,3314,68
715925,Mouse,5221,76
716081,Mouse,4312,70
716168,Mouse,5022,79
716234,Mouse,4176,84
716342,Mouse,3524,92
716417,Elephant,418222,1174
716423,Elephant,570957,1281
716449,Mouse,3384,80
716473,Mouse,4157,64
716539,Mouse,5509,66
716553,Mouse,4082,64
716599,Mouse,5553,66
716702,Mouse,3982,64
716732,Mouse,5120,65
716977,Mouse,4242,65
716981,Mouse,4774,66
717128,Mouse,5462,66
717214,Mouse,3577,65
717302,Mouse,3181,65
717497,Mouse,3022,64
717527,Mouse,3280,64
717552,Elephant,279948,801
717556,Mouse,4746,66
717559,Mouse,3496,66
717580,Mouse,3836,64
717690,Mouse,4060,64
717764,Mouse,3464,64
717860,Mouse,3124,64
717889,Mouse,3879,64
717950,Mouse,5720,66
717971,Mouse,5411,65
717982,Mouse,4171,64
718017,Mouse,3074,64
718068,Mouse,5161,68
718068,Mouse,3186,66
718143,Mouse,5639,70
718196,Mouse,4188,64
718223,Mouse,4201,67
718233,Elephant,126898,511
718234,Mouse,5731,74
718452,Mouse,4740,65
718477,Mouse,5441,66
718622,Mouse,3738,64
718652,Mouse,5773,66
718952,Mouse,4280,65
718961,Mouse,4219,64
718965,Mouse,4075,64
719010,Mouse,5165,66
719114,Mouse,4189,64
719216,Mouse,3835,64
719261,Mouse,4155,68
719473,Mouse,5271,71
719502,Mouse,4680,65
719549,Mouse,4347,65
719597,Mouse,5322,68
719606,Mouse,5244,74
719681,Mouse,4131,67
719683,Mouse,5171,69
719717,Mouse,3401,74
719731,Mouse,4564,80
719768,Mouse,4937,82
719784,Mouse,4604,86
719875,Mouse,3499,76
719984,Mouse,3280,86
720004,Mouse,3814,99
720035,Mouse,5034,105
720152,Mouse,3193,123
720230,Mouse,5659,120
720352,Mouse,5155,102
720395,Mouse,5320,111
720454,Elephant,550665,1437
720505,Mouse,3833,76
720561,Mouse,5655,72
720799,Mouse,5294,107
720802,Elephant,503513,1528
720859,Mouse,4533,98
720865,Mouse,3343,98
720878,Mouse,3537,105
720896,Mouse,5649,104
720910,Mouse,4617,100
720922,Mouse,5504,94
720931,Mouse,3388,94
720992,Elephant,332642,1418
721022,Mouse,4702,80
721035,Mouse,5709,76
721127,Mouse,3324,76
721159,Mouse,4994,80
721186,Mouse,3655,80
721203,Mouse,4254,87
721224,Mouse,5107,89
721373,Mouse,5207,101
721387,Mouse,5455,106
721554,Mouse,4361,116
721711,Elephant,494314,1804
721833,Mouse,5018,70
721856,Mouse,4221,73
721865,Mouse,4842,78
721876,Mouse,4675,85
721899,Mouse,3709,87
722143,Elephant,412286,1504
722201,Mouse,4386,71
722275,Mouse,5556,72
722394,Elephant,557454,1762
722397,Mouse,3372,72
722594,Mouse,3310,66
722751,Mouse,3905,67
722758,Mouse,3955,71
722778,Elephant,499840,1633
723247,Mouse,5803,68
723252,Mouse,3001,70
723308,Mouse,3509,64
723372,Mouse,5188,65
723413,Mouse,5836,66
723420,Mouse,3063,67
723431,Mouse,3361,69
723469,Mouse,3014,69
723517,Mouse,3383,69
723542,Mouse,3392,64
723646,Mouse,3539,65
723709,Elephant,315583,871
723783,Mouse,4315,69
723838,Mouse,3204,64
723897,Mouse,3857,66
723912,Mouse,4135,69
724011,Mouse,5743,68
724077,Mouse,5450,69
724100,Mouse,3118,70
724117,Mouse,4928,70
724244,Mouse,3792,73
724248,Mouse,5419,76
724346,Mouse,3802,78
724372,Mouse,3502,86
724471,Mouse,4988,114
724542,Mouse,4641,111
724555,Mouse,3867,117
724659,Mouse,4593,103
724695,Elephant,599365,1474
724773,Mouse,5505,70
724858,Elephant,81431,577
724919,Elephant,91757,706
724943,Mouse,4750,68
725071,Mouse,5480,70
725090,Mouse,4775,69
725236,Elephant,359609,1291
725301,Mouse,4412,68
725323,Mouse,3753,64
725455,Mouse,4292,65
725482,Mouse,4287,69
725511,Mouse,3838,64
725573,Mouse,4376,67
725587,Mouse,3014,69
725686,Elephant,523649,1359
725759,Mouse,4160,64
725828,Mouse,3979,64
725864,Mouse,5514,66
726035,Mouse,4838,65
726164,Mouse,3650,64
726180,Mouse,4997,66
726235,Mouse,3392,64
726351,Mouse,3431,64
726470,Mouse,4526,65
726499,Mouse,5484,67
726623,Elephant,50778,282
726661,Mouse,3553,65
726703,Mouse,5819,66
726812,Mouse,3242,64
726831,Mouse,5636,66
727002,Mouse,3273,64
727040,Mouse,4815,65
727152,Mouse,5749,66
727169,Mouse,4228,64
727228,Mouse,4045,64
727420,Mouse,4777,65
727424,Mouse,4379,66
727516,Mouse,4905,65
727524,Mouse,3969,64
727562,Mouse,5017,65
727670,Mouse,4228,65
727713,Mouse,4968,66
727744,Mouse,3243,67
727783,Mouse,3985,67
727798,Mouse,4513,65
727821,Mouse,4407,66
727876,Mouse,4933,65
727914,Mouse,3075,69
727917,Mouse,5055,72
727937,Mouse,3375,65
728177,Elephant,159079,589
728193,Mouse,4087,64
728201,Mouse,4376,67
728280,Mouse,3289,64
728315,Mouse,3791,64
728333,Mouse,5322,69
728364,Mouse,3527,64
728475,Elephant,262441,773
728489,Mouse,3409,64
728644,Mouse,3766,64
728674,Mouse,5094,65
728700,Mouse,5149,65
728776,Mouse,4511,65
728938,Mouse,3993,64
729021,Mouse,3319,64
729028,Mouse,5076,66
729054,Mouse,3342,64
729086,Mouse,3732,67
729087,Mouse,4329,67
729191,Mouse,3398,66
729192,Mouse,4531,67
729195,Mouse,3795,66
729318,Mouse,3966,64
729573,Mouse,5334,65
729588,Elephant,249793,837
729663,Mouse,5133,65
729682,Mouse,3143,71
729801,Mouse,5781,68
729968,Mouse,4931,84
729990,Mouse,5241,78
730000,Mouse,5294,81
730063,Mouse,3806,86
730073,Mouse,4863,93
730189,Mouse,3668,86
730219,Mouse,3972,93
730281,Mouse,5552,110
730308,Mouse,5783,117
730451,Mouse,3763,106
730491,Elephant,432131,1188
730563,Mouse,5341,82
730582,Mouse,5752,84
730614,Mouse,5485,86
730660,Mouse,4144,93
730761,Mouse,3970,86
730789,Mouse,5289,96
730853,Mouse,5408,113
730876,Elephant,176001,1059
730898,Mouse,5440,107
730921,Mouse,5601,115
730923,Mouse,5466,114
730993,Mouse,5739,89
731000,Mouse,4219,92
731017,Mouse,5147,103
731018,Mouse,5820,106
731044,Mouse,5197,99
731076,Elephant,557235,1502
731165,Mouse,4642,69
731295,Mouse,4194,64
731363,Mouse,3730,68
731381,Mouse,3702,66
731399,Elephant,468881,1562
731434,Mouse,4778,65
731466,Mouse,5672,66
731518,Mouse,3457,64
731621,Mouse,5321,68
731623,Mouse,5009,68
731647,Mouse,5571,66
731764,Mouse,3343,66
731828,Mouse,3991,64
731874,Mouse,4386,65
731911,Mouse,3541,67
731939,Mouse,3823,65
731990,Mouse,4114,70
732048,Mouse,5126,65
732053,Mouse,3365,64
732076,Mouse,4234,65
732104,Mouse,3321,67
732151,Mouse,3862,69
732177,Mouse,3178,69
732252,Mouse,5478,70
732310,Elephant,113599,512
732326,Mouse,3938,77
732333,Elephant,319087,1037
732337,Mouse,4978,77
732348,Mouse,4398,68
732435,Mouse,3881,64
732467,Mouse,3271,67
732487,Mouse,4682,66
732526,Mouse,3126,67
732543,Mouse,5209,65
732601,Mouse,4261,69
732603,Elephant,74200,384
732610,Mouse,5590,71
732616,Mouse,4341,74
732623,Mouse,4326,73
732701,Mouse,3597,65
732812,Mouse,4332,68
732871,Mouse,3904,67
732884,Mouse,4830,70
732910,Elephant,114984,497
732978,Mouse,5097,70
733100,Mouse,3577,67
733141,Mouse,5815,67
733247,Mouse,5370,68
733274,Mouse,4509,68
733302,Mouse,3100,66
733405,Mouse,3789,72
733547,Mouse,5222,68
733562,Mouse,4107,71
733653,Elephant,228159,795
733699,Elephant,545132,1495
733732,Mouse,3363,64
733814,Mouse,3851,67
733871,Mouse,3763,67
733871,Mouse,5227,69
733931,Mouse,5715,70
733962,Mouse,5170,65
733990,Mouse,3057,66
733999,Mouse,4318,72
734154,Mouse,3231,67
734165,Mouse,4436,69
734175,Mouse,3862,68
734249,Mouse,4861,66
734427,Elephant,519650,1144
734441,Mouse,5336,65
734456,Mouse,4785,66
734492,Mouse,3723,64
734535,Mouse,3703,65
734569,Mouse,4961,65
734596,Mouse,3817,64
734626,Mouse,5189,65
734637,Mouse,3121,64
734646,Mouse,5741,66
734686,Mouse,5653,66
734826,Mouse,5241,65
734842,Mouse,4192,64
734930,Mouse,5541,66
734983,Mouse,5398,69
735059,Mouse,5172,65
735093,Mouse,5561,66
735246,Mouse,3432,67
735363,Mouse,5052,71
735368,Mouse,3103,67
735406,Mouse,3132,71
735421,Mouse,5156,72
735563,Mouse,5025,76
735579,Elephant,273346,824
735584,Mouse,3317,71
735586,Mouse,4687,74
735649,Mouse,4699,68
735704,Mouse,5779,70
735714,Mouse,5222,72
735782,Mouse,5134,69
735840,Mouse,3226,64
735876,Mouse,3931,68
735918,Elephant,551328,1175
735965,Mouse,3974,64
736063,Mouse,3585,64
736147,Mouse,3529,64
736192,Mouse,4034,64
736227,Mouse,5145,65
736269,Mouse,4815,66
736321,Mouse,5729,66
736377,Mouse,5686,66
736435,Mouse,3091,64
736524,Mouse,3894,64
736618,Mouse,3576,64
736626,Elephant,39399,237
736632,Mouse,4773,65
736648,Mouse,4570,65
736662,Mouse,4654,66
736688,Mouse,3531,64
736714,Mouse,3750,64
736791,Mouse,5316,65
736895,Mouse,4801,70
736905,Mouse,4021,64
736963,Mouse,5090,65
737007,Mouse,4844,66
737070,Mouse,4156,65
737180,Mouse,3947,64
737266,Mouse,5769,68
737297,Mouse,4776,65
737438,Mouse,3890,64
737551,Mouse,4545,69
737633,Mouse,5126,69
737750,Mouse,4956,70
737820,Elephant,420844,1081
737852,Mouse,5564,70
737881,Mouse,3254,65
737887,Mouse,4109,68
738058,Mouse,4914,68
738061,Mouse,3981,70
738073,Mouse,3993,69
738166,Mouse,3181,68
738191,Elephant,440615,1040
738263,Mouse,3988,66
738347,Mouse,3506,67
738375,Mouse,4371,69
738405,Mouse,4190,64
738433,Mouse,5121,70
738488,Mouse,5157,69
738700,Mouse,3647,80
738813,Mouse,4496,89
738854,Mouse,3732,93
738917,Mouse,4226,107
738939,Mouse,3445,102
738953,Mouse,4407,108
738961,Mouse,4556,111
738975,Mouse,4947,120
738978,Mouse,3868,120
739078,Mouse,5692,86
739165,Mouse,3143,88
739305,Mouse,4320,110
739345,Mouse,3954,117
739409,Elephant,150324,892
739466,Mouse,4056,129
739527,Mouse,4259,130
739551,Elephant,98029,853
739556,Mouse,3402,134
739582,Mouse,5486,133
739762,Elephant,488331,1671
739766,Mouse,3137,119
739834,Elephant,589965,1955
739856,Mouse,4778,91
739900,Mouse,5618,70
739903,Elephant,277385,1420
739956,Mouse,4163,64
740092,Mouse,4871,66
740132,Mouse,5687,66
740153,Mouse,4507,73
740212,Mouse,3936,74
740216,Mouse,3261,70
740244,Mouse,3082,67
740314,Mouse,5587,70
740322,Mouse,4900,74
740371,Mouse,3428,76
740383,Elephant,280231,999
740490,Mouse,5112,71
740493,Mouse,3369,70
740500,Mouse,3939,71
740621,Mouse,4270,65
740748,Mouse,5572,69
740913,Elephant,508303,1619
740926,Mouse,4717,75
740946,Mouse,3269,70
741049,Mouse,3559,67
741072,Mouse,4292,71
741093,Mouse,4393,69
741133,Mouse,3353,70
741149,Mouse,4526,75
741334,Mouse,5584,99
741363,Mouse,3325,100
741423,Mouse,5774,117
741456,Mouse,5005,127
741572,Elephant,166992,869
741581,Mouse,3392,107
741741,Mouse,3350,74
741858,Mouse,4960,85
741941,Mouse,4928,108
742000,Mouse,4103,116
742003,Mouse,5691,120
742080,Mouse,5449,131
742117,Mouse,4265,127
742121,Elephant,550242,1492
742151,Mouse,5713,115
742159,Mouse,5493,119
742219,Elephant,251070,1353
742365,Mouse,3155,71
742376,Mouse,4126,77
742384,Mouse,4754,83
742397,Elephant,573162,1613
742401,Mouse,5389,80
742498,Mouse,3816,67
742534,Elephant,68251,382
742546,Mouse,4287,70
742551,Mouse,4335,74
742660,Mouse,5795,66
742751,Mouse,4168,64
742982,Mouse,4711,68
743015,Mouse,4137,67
743038,Mouse,3034,71
743086,Mouse,5065,78
743110,Mouse,4563,88
743149,Mouse,4827,96
743200,Elephant,30631,238
743224,Elephant,527516,1456
743249,Mouse,5787,85
743262,Mouse,5376,87
743266,Mouse,5122,87
743321,Mouse,4395,69
743334,Mouse,5247,73
743349,Mouse,4585,74
743386,Mouse,4664,73
743487,Mouse,5456,70
743530,Mouse,5696,70
743542,Mouse,5690,67
743598,Mouse,3656,68
743603,Mouse,4448,72
743663,Mouse,5626,73
743670,Mouse,5753,77
743675,Mouse,5685,79
743702,Mouse,4640,78
743725,Mouse,4443,80
743746,Mouse,3143,80
743765,Mouse,5645,78
743813,Mouse,4160,72
743890,Elephant,271479,878
743932,Mouse,4313,71
744006,Mouse,5326,70
744041,Mouse,3925,66
744066,Mouse,3525,69
744080,Mouse,3751,67
744105,Elephant,518533,1362
744117,Mouse,4937,65
744163,Mouse,3664,64
744170,Mouse,5336,65
744207,Mouse,3923,65
744308,Mouse,4693,65
744359,Mouse,4127,64
744392,Mouse,3259,64
744409,Mouse,3503,64
744428,Mouse,4683,65
744541,Mouse,3651,64
744545,Mouse,4117,64
744667,Mouse,3907,64
744676,Mouse,4260,65
744709,Mouse,4777,65
744739,Mouse,5590,66
744767,Mouse,3535,65
744827,Mouse,5082,65
744845,Mouse,5752,66
744970,Mouse,4323,65
745088,Mouse,5779,67
745122,Mouse,3752,66
745150,Mouse,4710,65
745172,Mouse,5500,69
745220,Mouse,3450,64
745351,Mouse,4671,69
745372,Mouse,4312,69
745425,Elephant,217947,723
745437,Mouse,3559,64
745444,Mouse,5036,65
745535,Mouse,3262,64
745566,Mouse,4496,65
745655,Mouse,4340,65
745678,Mouse,4486,65
745790,Mouse,3268,64
745806,Mouse,3069,66
745807,Mouse,4748,68
745829,Mouse,3126,64
745860,Mouse,3811,64
745880,Mouse,4551,65
745985,Mouse,3404,64
746073,Mouse,3077,64
746165,Mouse,3580,64
746193,Mouse,5086,65
746272,Mouse,4066,64
746359,Mouse,5147,65
746428,Mouse,3131,64
746435,Mouse,5769,66
746533,Mouse,4492,65
746557,Mouse,3530,69
746560,Mouse,5037,73
746572,Mouse,4800,65
746584,Mouse,4827,65
746757,Mouse,3496,64
746781,Mouse,5758,66
746827,Mouse,5005,65
746879,Mouse,4808,65
746905,Mouse,4347,69
746943,Elephant,204149,673
747026,Mouse,3392,64
747153,Mouse,3442,64
747200,Mouse,5211,65
747392,Mouse,3177,66
747415,Mouse,4444,73
747425,Mouse,3726,64
747496,Mouse,5385,72
747694,Mouse,4099,70
747710,Mouse,4977,74
747799,Mouse,3270,89
748048,Mouse,5334,127
748186,Mouse,3133,142
748187,Mouse,5305,146
748275,Mouse,3602,148
748346,Mouse,3847,119
748392,Mouse,4648,99
748434,Mouse,3245,101
748450,Mouse,3021,99
748466,Mouse,3486,97
748502,Mouse,5066,106
748524,Elephant,365593,1326
748572,Mouse,4906,102
748577,Mouse,3599,102
748588,Mouse,5715,103
748679,Elephant,332986,1395
748691,Mouse,3076,78
748737,Mouse,4177,72
748851,Mouse,5794,97
748863,Mouse,3195,96
748905,Mouse,5759,106
748923,Mouse,4446,110
748935,Mouse,3164,115
748996,Mouse,4956,129
749037,Mouse,3117,127
749076,Mouse,3772,126
749090,Mouse,5685,136
749160,Mouse,4645,142
749301,Elephant,300845,1891
749342,Mouse,4828,119
749356,Mouse,4144,120
749404,Mouse,3018,119
749441,Elephant,589914,2237
749447,Elephant,53780,547
749464,Mouse,3761,94
749535,Mouse,4177,74
749554,Mouse,3845,71
749572,Mouse,4341,78
749631,Mouse,3015,88
749667,Mouse,3306,88
749728,Elephant,312512,2023
749746,Mouse,3208,86
749778,Mouse,4093,86
749894,Mouse,5079,98
750000,Mouse,3576,111
750010,Elephant,178464,877
750021,Mouse,5093,111
750076,Mouse,4848,98
750103,Mouse,4153,101
750119,Mouse,5684,109
750132,Mouse,4299,95
750209,Mouse,4579,101
750255,Mouse,3724,106
750279,Elephant,76442,574
750287,Elephant,505318,2356
750287,Mouse,4456,100
750301,Mouse,4214,99
750314,Mouse,4340,97
750370,Mouse,4873,72
750384,Mouse,3853,67
750390,Mouse,4159,67
750415,Mouse,3267,70
750474,Mouse,4704,69
750528,Mouse,5545,74
750621,Elephant,532983,2167
750643,Mouse,5522,66
750693,Mouse,4922,70
750706,Mouse,3076,68
750710,Mouse,3196,64
750720,Mouse,4572,65
750752,Mouse,5691,71
750770,Mouse,5423,65
750776,Mouse,5053,66
750838,Mouse,5105,69
750845,Mouse,3832,70
750850,Mouse,3192,64
750902,Mouse,3821,64
750940,Mouse,3560,64
751003,Mouse,5243,68
751084,Mouse,4362,68
751150,Mouse,4047,65
751287,Mouse,3000,63
751300,Elephant,472977,1534
751323,Mouse,5233,66
751338,Mouse,5459,66
751552,Mouse,3430,64
751619,Mouse,5810,67
751657,Mouse,3706,64
751698,Mouse,4665,65
751714,Mouse,5795,71
751778,Mouse,4800,65
751852,Mouse,4970,67
751860,Mouse,3330,66
751861,Mouse,4169,67
751890,Mouse,5710,70
751921,Mouse,4196,67
751971,Mouse,3850,65
752279,Mouse,3276,70
752296,Mouse,3822,73
752321,Elephant,360066,937
752371,Mouse,4443,69
752405,Mouse,3713,67
752504,Mouse,3796,64
752532,Mouse,3718,66
752561,Mouse,5402,68
752574,Mouse,3780,66
752699,Mouse,3444,67
752725,Mouse,5514,69
752813,Mouse,4676,73
752814,Mouse,5314,74
752827,Mouse,5779,77
752858,Mouse,3963,78
752879,Mouse,4097,86
752912,Mouse,3583,80
753028,Elephant,315638,978
753046,Mouse,3428,73
753084,Mouse,3894,66
753123,Mouse,3515,66
753190,Mouse,4701,68
753243,Mouse,5025,69
753268,Mouse,3269,73
753366,Mouse,4510,93
753388,Mouse,5393,99
753452,Mouse,4065,111
753471,Mouse,5740,113
753498,Elephant,113189,574
753516,Mouse,3540,105
753555,Mouse,5285,96
753575,Mouse,5219,108
753591,Elephant,553008,1562
753598,Mouse,4207,100
753613,Mouse,4878,95
753694,Mouse,4352,76
753774,Mouse,4562,87
753817,Mouse,3426,91
753868,Mouse,4696,102
754077,Mouse,5641,136
754166,Mouse,4992,139
754174,Mouse,4171,139
754184,Mouse,4485,147
754293,Mouse,3179,140
754327,Mouse,3689,137
754404,Mouse,3617,130
754422,Mouse,4241,133
754507,Mouse,3229,123
754507,Elephant,125008,1110
754540,Elephant,282126,1330
754593,Mouse,3613,106
754634,Elephant,202969,1106
754690,Mouse,4725,91
754696,Mouse,5588,84
754770,Mouse,4199,81
754845,Mouse,3910,88
754867,Mouse,3320,95
754911,Elephant,72024,515
754913,Elephant,391678,1807
754955,Mouse,3700,88
755006,Elephant,533125,2011
755037,Mouse,3882,70
755167,Mouse,5808,69
755172,Mouse,4716,65
755234,Mouse,5463,69
755299,Mouse,4576,66
755436,Mouse,3316,67
755537,Mouse,4437,69
755564,Mouse,3883,74
755732,Mouse,3713,72
755745,Elephant,360234,998
755776,Elephant,492243,2004
755794,Mouse,4522,75
755794,Mouse,5193,79
755839,Mouse,3556,65
755908,Mouse,5677,66
755923,Mouse,4913,65
756026,Mouse,4240,64
756172,Mouse,5522,66
756319,Mouse,5673,66
756360,Mouse,3166,65
756363,Mouse,3284,65
756390,Mouse,3989,64
756415,Mouse,3915,64
756528,Mouse,3138,64
756577,Mouse,3872,64
756643,Mouse,4406,69
756751,Mouse,3002,63
756770,Mouse,4637,67
756940,Mouse,4384,70
756958,Mouse,3860,75
757050,Mouse,4647,68
757078,Mouse,3402,74
757154,Elephant,114661,523
757302,Mouse,4746,73
757335,Mouse,4310,76
757342,Mouse,4940,80
757379,Elephant,279067,851
757508,Mouse,3722,67
757720,Elephant,596586,1243
757788,Mouse,5630,66
757808,Mouse,3552,64
757884,Mouse,4423,65
757897,Mouse,5789,66
757913,Mouse,5237,65
757920,Mouse,3938,64
757952,Mouse,3984,64
758035,Mouse,4537,65
758038,Mouse,4017,65
758045,Mouse,3475,64
758213,Mouse,4493,65
758290,Mouse,4082,64
758384,Mouse,5214,65
758395,Mouse,4831,65
758478,Mouse,4442,65
758526,Mouse,4471,65
758717,Mouse,5498,66
758721,Mouse,3259,64
758789,Mouse,5519,66
758897,Mouse,5476,66
758926,Mouse,3267,64
758951,Mouse,5827,66
759074,Mouse,3108,65
759076,Mouse,3339,66
759199,Mouse,5510,66
759241,Mouse,5102,66
759277,Mouse,4193,64
759371,Mouse,4870,65
759467,Mouse,3611,64
759501,Mouse,4207,64
759567,Mouse,3738,64
759616,Mouse,4097,64
759697,Mouse,3056,64
759728,Mouse,5365,65
759820,Mouse,3790,64
759831,Mouse,4657,65
759922,Mouse,5164,65
759969,Mouse,3149,64
760044,Mouse,5425,65
760185,Mouse,4096,65
760191,Mouse,5677,66
760199,Mouse,3783,64
760236,Mouse,4414,66
760326,Mouse,4559,65
760397,Mouse,4310,73
760404,Mouse,4359,76
760434,Mouse,3621,72
760438,Elephant,65253,378
760464,Mouse,4855,79
760581,Mouse,4410,67
760588,Mouse,5317,71
760599,Mouse,4145,74
760611,Elephant,169826,626
760618,Mouse,5427,81
760649,Mouse,3008,73
760687,Mouse,4178,89
760894,Mouse,4358,75
760963,Mouse,5743,82
760981,Mouse,5000,88
760997,Mouse,4494,94
761027,Mouse,3024,91
761054,Mouse,4223,104
761109,Mouse,5078,112
761112,Mouse,3643,111
761151,Mouse,3615,117
761168,Mouse,3648,115
761171,Elephant,286405,947
761184,Elephant,323504,1001
761197,Mouse,5727,96
761266,Mouse,5349,65
761298,Mouse,5270,65
761302,Mouse,3251,64
761336,Mouse,3314,64
761363,Mouse,3824,66
761395,Mouse,3248,64
761430,Mouse,5073,69
761483,Mouse,3909,64
761546,Mouse,4387,66
761568,Mouse,3171,64
761590,Mouse,4083,67
761758,Elephant,269219,1064
761838,Mouse,5024,65
761855,Mouse,4934,65
761954,Mouse,3118,64
761972,Mouse,4697,65
762075,Mouse,5062,68
762100,Mouse,3935,64
762121,Mouse,4235,64
762467,Mouse,4326,69
762524,Mouse,4463,65
762611,Mouse,4329,65
762686,Elephant,315688,854
762777,Mouse,3366,64
762848,Mouse,4713,65
763035,Mouse,3754,64
763046,Mouse,3600,69
763051,Mouse,4266,72
763056,Mouse,4430,76
763073,Mouse,4674,65
763128,Mouse,4171,67
763198,Mouse,5186,65
763217,Mouse,3339,66
763242,Mouse,5104,66
763330,Mouse,5727,70
763336,Mouse,5666,66
763359,Mouse,4997,68
763376,Mouse,3003,64
763396,Mouse,3407,67
763423,Mouse,3007,69
763434,Elephant,303288,846
763596,Mouse,3550,66
763615,Mouse,4699,65
763639,Mouse,4012,68
763687,Mouse,3103,66
763707,Mouse,4871,65
763752,Mouse,3176,64
763775,Mouse,5497,70
763875,Mouse,4516,67
763970,Mouse,4391,71
763975,Mouse,5056,67
764034,Mouse,4213,66
764118,Mouse,3706,70
764168,Mouse,5434,73
764222,Mouse,4151,76
764232,Mouse,5126,79
764322,Mouse,3074,77
764373,Mouse,4284,81
764398,Mouse,3822,88
764400,Mouse,4771,91
764475,Elephant,461826,1121
764690,Mouse,3811,64
764753,Mouse,4722,69
764812,Elephant,588462,1275
764813,Mouse,5207,74
764900,Mouse,3253,64
764904,Mouse,3926,64
764916,Mouse,4248,64
764997,Mouse,4573,65
765041,Mouse,4906,66
765064,Mouse,4142,64
765229,Mouse,3427,64
765335,Mouse,3547,64
765374,Mouse,3556,64
765578,Mouse,3496,64
765610,Mouse,3272,64
765642,Mouse,5457,66
765654,Mouse,3761,65
765657,Mouse,3135,64
765736,Mouse,4962,65
765790,Mouse,4944,68
765795,Mouse,4430,71
765828,Mouse,5398,65
765837,Mouse,3356,70
765868,Mouse,3475,64
765875,Mouse,4373,67
765944,Mouse,4976,70
765978,Elephant,174874,623
766124,Mouse,3721,64
766137,Mouse,4504,67
766204,Mouse,4841,69
766205,Mouse,4414,69
766209,Mouse,5461,67
766274,Mouse,3874,67
766310,Mouse,3981,68
766330,Mouse,4180,73
766363,Mouse,3278,74
766367,Mouse,4260,76
766392,Mouse,3466,73
766406,Mouse,3622,74
766418,Mouse,3161,76
766425,Mouse,4888,82
766474,Mouse,4428,79
766521,Elephant,371227,966
766565,Mouse,4252,69
766600,Mouse,3797,67
766654,Mouse,5023,72
766668,Elephant,140126,563
766783,Mouse,4323,71
766838,Mouse,4287,65
766852,Mouse,4035,66
766879,Mouse,3626,70
766906,Mouse,4316,71
767120,Mouse,4790,74
767150,Elephant,353574,951
767312,Mouse,4707,69
767387,Mouse,4401,69
767482,Mouse,3270,75
767539,Mouse,4209,74
767744,Elephant,67127,383
767789,Mouse,4835,76
767840,Mouse,4352,77
767870,Mouse,4241,75
767915,Mouse,5638,82
767937,Mouse,5580,91
767958,Mouse,5527,83
768033,Mouse,4875,81
768043,Elephant,542225,1466
768058,Mouse,3819,66
768173,Mouse,3421,64
768228,Mouse,5036,68
768253,Mouse,3728,68
768306,Mouse,5390,65
768510,Elephant,465022,1314
768531,Mouse,5717,72
768567,Mouse,5536,69
768575,Mouse,4643,71
768587,Mouse,3828,67
768651,Mouse,4011,68
768727,Mouse,3827,71
769006,Mouse,5388,100
769039,Mouse,4238,100
769376,Elephant,468500,1249
769420,Mouse,3437,86
769452,Elephant,45683,410
769461,Mouse,3465,69
769565,Mouse,3599,67
769572,Elephant,472387,1294
769658,Mouse,3680,64
769707,Mouse,5384,68
769739,Mouse,3437,64
769747,Mouse,4057,66
769800,Mouse,3537,68
769803,Mouse,4749,72
769862,Mouse,4816,75
769871,Mouse,4990,81
770003,Mouse,4778,68
770130,Elephant,112251,512
770220,Mouse,3138,68
770244,Mouse,3477,69
770247,Mouse,4551,72
770272,Mouse,3387,78
770278,Mouse,3287,68
770292,Mouse,4428,73
770371,Elephant,584059,1778
770388,Mouse,4765,66
770397,Mouse,3537,66
770405,Mouse,4270,70
770420,Mouse,5606,75
770439,Mouse,4604,65
770472,Mouse,4309,65
770508,Mouse,3057,69
770524,Mouse,3930,64
770582,Mouse,5204,70
770602,Mouse,5230,65
770621,Mouse,3796,67
770727,Mouse,3171,64
770826,Mouse,5775,66
770854,Mouse,3537,67
770870,Mouse,5358,66
770882,Elephant,174316,639
770894,Mouse,4072,67
770897,Mouse,5114,69
771016,Mouse,4654,65
771039,Mouse,3117,64
771223,Mouse,3316,64
771287,Mouse,3666,64
771331,Mouse,3343,64
771357,Mouse,3697,64
771467,Mouse,4814,65
771512,Mouse,4388,65
771584,Mouse,4738,65
771695,Mouse,5094,65
771770,Mouse,4433,66
771781,Mouse,3898,64
771867,Mouse,4516,65
771974,Mouse,4016,64
772117,Mouse,4005,67
772134,Mouse,3273,71
772212,Mouse,3445,66
772290,Mouse,3874,72
772331,Mouse,5743,78
772362,Mouse,3811,84
772371,Mouse,5090,90
772401,Elephant,185608,678
772463,Elephant,290437,843
772473,Mouse,4956,70
772525,Mouse,4147,71
772531,Mouse,3318,72
772577,Mouse,3719,65
772620,Mouse,4916,69
772666,Mouse,4259,70
772717,Mouse,3633,64
772880,Mouse,4491,69
772930,Mouse,4138,71
772937,Mouse,4217,68
772966,Mouse,3445,64
773049,Mouse,4623,68
773132,Mouse,5573,67
773170,Mouse,4858,69
773282,Mouse,3954,66
773301,Elephant,508034,1415
773372,Mouse,5201,65
773433,Mouse,4307,65
773454,Mouse,5077,65
773518,Mouse,5180,65
773558,Mouse,3615,64
773616,Mouse,4409,65
773620,Mouse,3035,64
773629,Mouse,4996,65
773821,Mouse,3999,64
773881,Mouse,5634,66
773957,Mouse,4146,64
774005,Mouse,5536,66
774066,Mouse,5320,69
774082,Mouse,4659,67
774401,Mouse,3077,64
774438,Mouse,4438,67
774443,Mouse,5782,67
774590,Mouse,4987,68
774624,Elephant,439626,1100
774666,Mouse,5139,68
774825,Mouse,3872,64
774875,Mouse,5575,66
774881,Mouse,3127,64
774900,Mouse,5787,66
774934,Mouse,3914,64
774972,Mouse,4127,64
774979,Mouse,4085,66
775087,Mouse,4603,65
775097,Mouse,5170,65
775118,Mouse,5610,69
775137,Mouse,4329,65
775168,Mouse,3994,70
775198,Mouse,3639,68
775217,Mouse,5330,73
775232,Mouse,5101,70
775244,Mouse,3319,70
775263,Mouse,3639,71
775310,Mouse,5036,69
775337,Mouse,4545,68
775407,Mouse,4685,71
775420,Elephant,88860,417
775426,Mouse,3569,66
775468,Mouse,5536,67
775500,Mouse,4498,73
775569,Mouse,3933,67
775642,Mouse,3604,66
775709,Elephant,174424,652
775747,Mouse,3033,68
775768,Mouse,3376,67
775774,Mouse,5618,66
775846,Mouse,3597,67
775847,Mouse,3407,67
775878,Elephant,405497,996
775919,Mouse,4597,69
775922,Mouse,3198,70
775930,Mouse,3059,64
775937,Mouse,3781,64
776027,Mouse,4369,65
776041,Mouse,4168,64
776085,Mouse,5793,67
776114,Mouse,4207,64
776131,Mouse,5345,71
776159,Mouse,3313,65
776177,Mouse,5609,66
776192,Mouse,3230,64
776239,Mouse,4893,66
776243,Mouse,5707,68
776267,Mouse,4211,64
776304,Mouse,4041,64
776504,Mouse,4016,69
776507,Mouse,3853,65
776553,Mouse,3657,64
776574,Mouse,3690,67
776613,Mouse,4102,66
776896,Mouse,4392,68
776909,Elephant,204557,701
776937,Mouse,4867,70
777042,Elephant,349401,921
777064,Mouse,5273,66
777084,Mouse,5189,68
777097,Mouse,4397,65
777113,Mouse,3897,64
777286,Mouse,5764,68
777310,Mouse,3814,72
777321,Mouse,5134,65
777366,Mouse,4047,65
777419,Mouse,4926,68
777451,Mouse,3030,65
777470,Mouse,5177,73
777616,Mouse,3408,76
777633,Elephant,231298,753
777642,Mouse,4324,75
777669,Mouse,3489,73
777693,Mouse,4050,74
777696,Mouse,3907,76
777750,Mouse,4648,78
777776,Mouse,5333,82
777962,Mouse,3319,70
778069,Mouse,3461,74
778081,Mouse,3146,79
778220,Mouse,4191,90
778280,Mouse,4159,97
778319,Mouse,3671,106
778339,Mouse,4008,107
778353,Mouse,3250,109
778452,Mouse,3905,104
778510,Mouse,4158,91
778529,Elephant,588791,1418
778556,Elephant,595265,1422
778567,Mouse,4731,65
778573,Mouse,4589,65
778669,Mouse,5363,65
778675,Mouse,5056,65
778742,Mouse,3634,64
778780,Mouse,5606,66
778805,Mouse,3990,64
778837,Mouse,3975,66
778981,Mouse,3902,64
779008,Elephant,55663,320
779029,Mouse,3293,64
779111,Mouse,4977,65
779140,Mouse,4993,74
779193,Mouse,5103,65
779245,Mouse,3676,64
779466,Elephant,129637,533
779499,Mouse,3845,64
779591,Mouse,3370,64
779772,Mouse,3335,64
779777,Mouse,4766,65
779882,Elephant,288298,864
779928,Mouse,5066,67
779936,Mouse,4109,64
780045,Mouse,4242,65
780145,Mouse,4974,65
780176,Mouse,4621,65
780315,Mouse,4743,65
780328,Mouse,5068,67
780366,Mouse,4719,69
780378,Mouse,5387,67
780530,Mouse,5425,70
780549,Mouse,4053,72
780559,Mouse,5224,75
780583,Mouse,4983,76
780658,Mouse,3564,71
780699,Mouse,4009,73
780904,Mouse,3673,94
780924,Mouse,5692,102
780982,Mouse,3282,105
780995,Mouse,5229,114
781004,Mouse,5704,117
781020,Mouse,4319,121
781082,Mouse,5325,125
781158,Elephant,317649,1188
781191,Mouse,5427,114
781192,Mouse,3682,116
781218,Mouse,5233,121
781264,Elephant,409309,1464
781306,Mouse,5563,84
781352,Mouse,4905,69
781524,Mouse,4580,80
781685,Elephant,561715,1600
781777,Mouse,3325,83
781788,Mouse,4737,88
781818,Mouse,3213,84
781978,Mouse,3336,90
781986,Elephant,301140,1099
782043,Mouse,4924,71
782046,Elephant,276475,988
782064,Mouse,4004,66
782159,Mouse,4194,64
782204,Mouse,3942,65
782242,Mouse,4693,75
782306,Mouse,3886,64
782383,Mouse,4935,66
782462,Mouse,3441,74
782534,Mouse,5220,66
782609,Elephant,271853,1115
782646,Mouse,5225,68
782656,Mouse,3594,67
782844,Mouse,3229,64
782869,Mouse,4090,66
782942,Mouse,3055,64
782991,Mouse,3255,68
783015,Mouse,5540,69
783024,Mouse,3116,70
783031,Elephant,443914,1043
783092,Mouse,4188,64
783111,Mouse,3079,64
783131,Mouse,3907,64
783320,Mouse,4874,65
783327,Mouse,4656,65
783333,Mouse,5169,65
783342,Mouse,4855,68
783395,Mouse,4777,65
783563,Mouse,5016,65
783981,Mouse,4330,75
784027,Mouse,5362,74
784142,Mouse,3981,74
784185,Mouse,4929,84
784237,Elephant,204198,726
784239,Mouse,5543,96
784249,Mouse,5714,95
784269,Mouse,5334,96
784292,Mouse,5779,99
784345,Mouse,5505,78
784348,Mouse,3662,80
784445,Mouse,3825,74
784570,Mouse,5532,69
784598,Mouse,3049,76
784599,Mouse,4006,76
784615,Mouse,5114,85
784655,Mouse,5149,88
784670,Mouse,4380,94
784720,Mouse,3559,88
784726,Mouse,3048,87
784777,Elephant,437259,1143
784790,Mouse,5147,79
784935,Elephant,561814,1393
784983,Mouse,4211,69
784987,Mouse,5603,72
784995,Mouse,3597,69
785061,Mouse,5703,67
785062,Mouse,3413,67
785081,Mouse,5485,70
785255,Mouse,4773,65
785398,Mouse,4478,65
785427,Mouse,4554,70
785605,Mouse,4665,74
785615,Mouse,4529,78
785622,Elephant,264370,792
785649,Mouse,3307,72
785704,Mouse,4159,64
785740,Mouse,4458,65
785761,Mouse,4721,70
785764,Mouse,3169,70
785817,Mouse,5288,76
785818,Elephant,67212,386
785873,Mouse,3212,64
785920,Mouse,4365,70
785922,Mouse,5609,73
786015,Mouse,3618,67
786040,Elephant,375535,958
786088,Mouse,4275,65
786098,Mouse,3819,64
786102,Mouse,4542,66
786124,Mouse,5560,66
786132,Mouse,4090,65
786179,Mouse,3340,64
786278,Mouse,5688,66
786347,Mouse,5233,65
786444,Mouse,5719,66
786475,Mouse,3682,64
786548,Mouse,4732,68
786554,Mouse,3686,64
786584,Mouse,3301,67
786599,Mouse,4462,66
786752,Mouse,4326,65
786820,Mouse,5656,72
786877,Mouse,5381,81
786983,Mouse,3600,70
787023,Mouse,4750,77
787033,Elephant,84019,430
787060,Mouse,4354,87
787095,Mouse,3913,82
787121,Mouse,3234,87
787140,Mouse,4356,89
787283,Mouse,5539,96
787482,Mouse,4463,114
787530,Elephant,81742,573
787558,Mouse,3583,105
787594,Mouse,5392,90
787627,Elephant,547858,1365
787634,Mouse,5019,74
787643,Mouse,3284,78
787667,Mouse,4433,77
787713,Mouse,5750,78
787717,Mouse,5429,71
787726,Mouse,4699,69
787816,Mouse,4225,66
787903,Mouse,3642,69
787943,Mouse,4315,72
788005,Mouse,3824,77
788077,Elephant,374751,1327
788087,Elephant,340362,1245
788131,Mouse,3596,69
788156,Mouse,5570,70
788163,Mouse,4625,65
788203,Mouse,3841,72
788206,Mouse,5251,76
788222,Mouse,4738,67
788279,Mouse,3401,69
788371,Mouse,4480,68
788552,Mouse,4369,74
788571,Mouse,4978,78
788660,Mouse,3661,67
788712,Mouse,5251,73
788768,Elephant,415467,1206
788834,Mouse,4218,65
788914,Mouse,4336,67
789020,Mouse,3949,67
789039,Mouse,4431,70
789053,Mouse,4125,65
789193,Mouse,4998,80
789280,Elephant,109957,482
789297,Elephant,106801,484
789314,Mouse,3985,79
789342,Mouse,3126,74
789365,Mouse,5540,69
789376,Mouse,5614,69
789381,Mouse,5040,67
789388,Elephant,495590,1357
789453,Mouse,4612,67
789462,Mouse,3884,64
789484,Mouse,4837,65
789490,Mouse,3187,64
789562,Mouse,5516,66
789586,Mouse,3992,66
789652,Mouse,5028,65
789812,Mouse,4997,65
789835,Mouse,5107,65
789898,Mouse,3845,64
789903,Mouse,3189,64
789996,Mouse,3502,67
790042,Mouse,3862,69
790070,Mouse,3690,68
790108,Mouse,4694,70
790113,Mouse,3637,71
790201,Mouse,4268,67
790249,Mouse,5787,75
790300,Mouse,4572,83
790330,Mouse,3533,84
790368,Mouse,5404,84
790403,Mouse,3255,90
790406,Mouse,5536,95
790508,Mouse,3550,98
790539,Mouse,4634,96
790565,Mouse,4882,104
790590,Mouse,5809,106
790596,Mouse,4325,109
790621,Mouse,3125,112
790648,Mouse,5119,119
790672,Mouse,3468,117
790710,Mouse,3179,119
790715,Elephant,593975,1374
790760,Mouse,4758,82
790768,Mouse,5150,69
790875,Mouse,3160,65
790934,Mouse,5091,72
790961,Elephant,314883,1076
790966,Mouse,5045,72
791162,Mouse,5413,65
791225,Elephant,259966,1119
791265,Mouse,3577,64
791280,Mouse,4070,66
791352,Mouse,3804,64
791392,Mouse,4725,65
791514,Mouse,5643,70
791713,Mouse,5535,68
791778,Mouse,4267,68
791920,Mouse,5812,70
791945,Mouse,4039,67
791979,Mouse,3569,66
791991,Mouse,5433,73
792068,Mouse,5674,67
792128,Elephant,593826,1220
792143,Mouse,4739,65
792194,Mouse,4141,64
792254,Mouse,3417,64
792314,Mouse,5270,65
792349,Mouse,4169,64
792362,Mouse,3125,64
792460,Mouse,5682,66
792469,Mouse,4004,64
792549,Mouse,5711,66
792629,Mouse,3223,64
792647,Mouse,4159,64
792835,Mouse,4022,64
792924,Mouse,5286,65
793125,Elephant,46891,279
793256,Mouse,5436,66
793423,Mouse,3514,64
793452,Mouse,3616,64
793477,Mouse,5030,65
793547,Mouse,3655,64
793640,Mouse,4046,64
793660,Mouse,5102,65
793834,Mouse,4934,65
793852,Mouse,4625,66
793893,Mouse,3652,67
793901,Mouse,3928,64
793940,Mouse,5818,70
794026,Mouse,4451,65
794041,Mouse,4559,65
794050,Mouse,3298,64
794158,Mouse,5503,66
794172,Mouse,5642,66
794201,Mouse,5030,70
794261,Mouse,3093,64
794270,Mouse,5772,66
794369,Mouse,4106,67
794485,Mouse,4860,65
794509,Mouse,3963,67
794540,Elephant,279474,803
794616,Mouse,3260,64
794620,Mouse,3150,64
794648,Mouse,3902,67
794697,Mouse,3855,67
794715,Mouse,4560,65
794719,Mouse,4793,65
794807,Mouse,3718,64
794985,Mouse,5829,67
794993,Mouse,4312,69
795010,Mouse,3116,74
795053,Mouse,5553,74
795090,Mouse,3144,67
795188,Mouse,5414,77
795199,Mouse,3817,83
795217,Elephant,40367,259
795278,Mouse,4009,86
795284,Mouse,5367,90
795312,Elephant,378736,1000
795314,Mouse,3139,72
795322,Mouse,3865,71
795365,Mouse,4457,65
795418,Mouse,5183,69
795440,Mouse,4690,74
795751,Mouse,5718,82
795767,Elephant,282010,928
795797,Mouse,4673,84
795798,Mouse,3397,84
795920,Mouse,5594,82
795987,Mouse,3786,93
796089,Mouse,4122,108
796168,Mouse,4396,120
796189,Mouse,3443,123
796218,Mouse,4733,124
796228,Mouse,4330,129
796283,Elephant,190106,848
796303,Mouse,5387,112
796311,Mouse,4305,111
796337,Mouse,3419,93
796383,Mouse,4607,76
796444,Mouse,3428,71
796519,Elephant,552075,1455
796556,Mouse,5229,71
796561,Mouse,5682,73
796593,Mouse,3496,71
796644,Elephant,241951,1098
796654,Mouse,3279,67
796716,Mouse,3204,69
796775,Mouse,4217,66
796796,Mouse,3363,72
796907,Mouse,4097,86
796955,Mouse,5669,98
797001,Mouse,4334,112
797007,Mouse,4415,114
797028,Mouse,3147,122
797094,Mouse,3591,120
797142,Mouse,3914,124
797154,Mouse,5317,121
797489,Mouse,3834,105
797513,Elephant,538884,1793
797539,Mouse,4513,98
797554,Mouse,5798,105
797587,Mouse,5808,92
797599,Mouse,4286,92
797611,Mouse,5050,94
797660,Mouse,4025,94
797874,Mouse,4316,111
797947,Mouse,4970,111
797955,Mouse,3069,112
798029,Elephant,372898,1533
798063,Mouse,3795,103
798071,Mouse,3712,94
798085,Mouse,4385,80
798108,Mouse,3982,81
798273,Mouse,3125,96
798293,Elephant,399904,1841
798341,Mouse,5295,94
798360,Mouse,3038,97
798492,Mouse,5405,79
798500,Mouse,5345,84
798649,Mouse,5618,96
798712,Mouse,4935,112
798715,Mouse,5840,114
798725,Elephant,449189,1856
798773,Mouse,3901,90
798892,Mouse,5179,71
798944,Mouse,3649,74
799008,Mouse,3789,75
799026,Elephant,583348,2273
799038,Mouse,5814,78
799209,Mouse,5553,69
799292,Mouse,3296,66
799300,Mouse,4965,70
799415,Mouse,3720,70
799501,Mouse,3177,71
799522,Mouse,4121,68
799538,Mouse,5797,74
799539,Elephant,565958,1494
799613,Mouse,3078,64
799634,Mouse,4293,65
799829,Mouse,5790,73
799866,Mouse,3680,72
799887,Mouse,4569,65
799894,Mouse,4487,65
799901,Mouse,3184,67
800039,Mouse,3043,69
800394,Mouse,3820,69
800405,Mouse,4814,76
800493,Elephant,254198,830
800512,Mouse,5561,77
800575,Mouse,5796,66
800831,Mouse,3309,70
800898,Mouse,4025,75
800987,Mouse,5271,85
801029,Mouse,5444,93
801042,Elephant,284586,888
801045,Mouse,3243,92
801047,Elephant,580547,1338
801060,Mouse,4834,80
801146,Mouse,4888,65
801264,Mouse,4958,65
801326,Mouse,3149,64
801372,Mouse,5245,66
801380,Mouse,4507,65
801435,Mouse,4816,65
801470,Mouse,3266,64
801650,Mouse,4395,65
801741,Mouse,5693,67
801760,Mouse,5308,71
801885,Mouse,4707,67
801919,Mouse,5656,75
801956,Mouse,4111,75
801978,Mouse,3737,76
802063,Elephant,217699,727
802075,Mouse,4581,68
802117,Mouse,5642,70
802213,Mouse,5256,69
802303,Mouse,4651,66
802403,Mouse,4753,69
802434,Mouse,3206,68
802481,Mouse,3915,69
802503,Mouse,5034,71
802568,Mouse,3211,80
802572,Elephant,357831,1189
802847,Mouse,3385,64
803020,Mouse,5511,72
803224,Elephant,84570,451
803238,Mouse,4054,89
803328,Mouse,3345,88
803381,Mouse,4417,87
803401,Elephant,98559,539
803408,Mouse,4161,84
803432,Elephant,307694,935
803436,Mouse,5172,81
803475,Mouse,4816,73
803600,Mouse,4480,69
803617,Mouse,4257,67
803619,Mouse,3109,66
803635,Mouse,5764,69
803656,Mouse,3333,73
803738,Mouse,4430,67
803799,Mouse,5186,74
803806,Elephant,469572,1332
803845,Mouse,5298,76
803889,Mouse,4168,65
803908,Mouse,4143,64
803926,Mouse,3227,67
804011,Mouse,5169,69
804057,Mouse,3265,70
804099,Mouse,5000,70
804120,Mouse,4683,65
804202,Mouse,4383,69
804251,Mouse,4092,69
804255,Mouse,3881,69
804259,Mouse,3241,66
804306,Mouse,3283,66
804327,Mouse,5733,74
804333,Mouse,3149,75
804343,Mouse,5189,76
804376,Mouse,3525,74
804383,Mouse,3901,78
804386,Elephant,350518,931
804390,Mouse,4164,76
804413,Mouse,3067,69
804537,Mouse,3894,71
804728,Mouse,3214,64
804744,Mouse,5077,68
804897,Mouse,4389,85
804949,Mouse,5511,92
804976,Mouse,4002,99
804992,Mouse,4720,107
805010,Mouse,3883,110
805182,Mouse,5431,130
805215,Elephant,190778,792
805274,Mouse,3348,139
805341,Mouse,4145,126
805408,Elephant,342318,1203
805509,Mouse,3003,101
805526,Mouse,5537,105
805584,Mouse,4513,108
805597,Mouse,3544,110
805750,Mouse,3714,123
805773,Mouse,5802,126
805813,Mouse,5069,132
805865,Mouse,5830,129
805992,Mouse,4867,135
806059,Mouse,4135,136
806146,Mouse,4836,136
806180,Mouse,4110,133
806250,Mouse,5463,142
806298,Mouse,4927,152
806382,Mouse,3483,138
806410,Mouse,5038,147
806412,Mouse,3037,141
806439,Mouse,4665,148
806462,Mouse,3990,152
806466,Mouse,3810,153
806472,Mouse,5487,162
806472,Mouse,3241,160
806507,Mouse,3944,155
806533,Mouse,5432,156
806550,Elephant,216984,1683
806588,Elephant,292367,1865
806608,Mouse,4173,129
806610,Mouse,4343,119
806741,Mouse,5241,78
806781,Mouse,3609,88
806817,Elephant,513537,2316
806824,Mouse,5516,92
806933,Mouse,3923,79
807003,Elephant,259337,1623
807030,Mouse,3874,98
807039,Elephant,159610,1431
807077,Mouse,4686,87
807091,Mouse,3669,80
807133,Mouse,3304,71
807141,Elephant,237155,1900
807162,Mouse,3190,76
807174,Mouse,4816,86
807181,Elephant,432294,2135
807191,Mouse,5321,87
807225,Mouse,4652,82
807245,Mouse,3422,67
807302,Mouse,4080,68
807312,Elephant,84065,480
807324,Mouse,5223,67
807360,Mouse,4314,65
807417,Mouse,4167,67
807426,Mouse,5156,70
807484,Mouse,4611,65
807620,Mouse,4283,69
807672,Mouse,4582,71
807755,Elephant,75016,372
807808,Elephant,243765,771
807826,Mouse,4994,68
807860,Mouse,3667,64
807882,Mouse,5041,67
808080,Mouse,4608,65
808090,Mouse,4330,65
808103,Mouse,5324,67
808155,Mouse,3355,72
808156,Mouse,5393,73
808171,Mouse,3864,72
808217,Mouse,4469,72
808269,Mouse,5616,66
808372,Mouse,5241,68
808377,Mouse,4550,68
808463,Mouse,3775,64
808507,Mouse,3508,65
808520,Mouse,3831,69
808526,Elephant,320144,877
808625,Mouse,5649,66
808697,Mouse,5646,67
808818,Mouse,5271,65
808878,Mouse,4191,64
808908,Mouse,4881,65
808935,Mouse,4266,67
808936,Mouse,4496,67
808944,Mouse,3293,64
809179,Mouse,5760,66
809257,Mouse,5027,65
809340,Mouse,4228,64
809382,Mouse,5552,67
809451,Mouse,3119,64
809609,Mouse,3522,64
809769,Mouse,3810,66
809872,Mouse,5628,72
809882,Mouse,5166,71
809969,Mouse,3360,75
810018,Mouse,3934,82
810030,Elephant,244878,778
810035,Mouse,3303,76
810074,Mouse,3022,73
810113,Elephant,123779,532
810122,Mouse,5252,68
810169,Mouse,3611,67
810388,Elephant,297232,870
810405,Mouse,5352,68
810676,Mouse,3577,69
810972,Mouse,3124,101
811033,Mouse,4299,118
811039,Mouse,4412,117
811145,Mouse,4250,125
811164,Mouse,3319,124
811170,Elephant,467306,1235
811215,Mouse,3449,103
811223,Mouse,3322,100
811228,Mouse,3292,100
811241,Mouse,3457,95
811269,Mouse,4075,86
811273,Mouse,5205,87
811294,Mouse,5815,87
811330,Mouse,4998,87
811335,Mouse,3191,86
811419,Elephant,375904,1204
811463,Mouse,4868,72
811688,Mouse,4867,65
811911,Mouse,5629,76
811986,Mouse,5463,76
812160,Elephant,550837,1750
812184,Mouse,4141,80
812211,Mouse,5813,88
812227,Mouse,4999,75
812292,Mouse,5532,77
812306,Mouse,3210,80
812332,Elephant,174796,681
812341,Mouse,5209,76
812349,Mouse,5675,76
812355,Mouse,4692,81
812363,Elephant,41216,374
812365,Elephant,333796,1350
812379,Mouse,5080,75
812408,Mouse,4708,66
812448,Mouse,4527,65
812455,Mouse,5757,66
812506,Mouse,3210,65
812507,Mouse,3480,65
812688,Mouse,3794,67
812854,Mouse,5663,67
812873,Mouse,3616,64
813152,Mouse,5217,71
813169,Mouse,5488,75
813227,Elephant,310944,866
813257,Mouse,4596,76
813274,Mouse,3682,68
813302,Mouse,3004,69
813418,Mouse,5657,70
813469,Mouse,4854,75
813501,Elephant,453462,1073
813676,Mouse,5349,70
813700,Mouse,4030,64
813811,Mouse,4353,71
813819,Mouse,5684,77
813879,Elephant,170683,638
813911,Mouse,5389,66
813927,Mouse,5312,65
813975,Mouse,5148,65
814039,Mouse,4038,64
814129,Mouse,5213,66
814183,Mouse,5802,66
814198,Mouse,5281,65
814243,Mouse,4035,67
814246,Mouse,5543,70
814350,Mouse,3638,64
814382,Mouse,5104,66
814486,Mouse,4942,65
814695,Mouse,5050,65
814713,Mouse,5368,65
814724,Mouse,3591,66
814790,Mouse,5803,66
814798,Mouse,3427,64
814845,Mouse,4431,67
814846,Mouse,3193,65
814849,Mouse,3555,65
814856,Mouse,3929,64
814986,Mouse,4419,65
815068,Mouse,5415,65
815291,Elephant,129928,534
815339,Mouse,3070,64
815479,Mouse,4795,65
815500,Mouse,5056,65
815519,Mouse,3960,64
815563,Mouse,3101,65
815581,Mouse,5383,65
815610,Mouse,4778,71
815776,Elephant,47104,282
815783,Mouse,5452,66
815851,Elephant,67260,362
815934,Mouse,5619,70
815949,Mouse,3904,64
815953,Mouse,4959,66
815986,Mouse,4219,77
815988,Mouse,4743,74
815989,Mouse,5288,76
816120,Mouse,5364,65
816151,Mouse,4443,69
816167,Mouse,3390,64
816184,Mouse,4615,66
816294,Mouse,5365,69
816348,Mouse,3630,64
816415,Mouse,3271,71
816428,Mouse,4704,76
816446,Mouse,3631,67
816463,Elephant,256532,771
816471,Mouse,5086,73
816497,Mouse,3217,66
816633,Mouse,5619,66
816643,Mouse,5435,66
816655,Mouse,3360,67
816745,Mouse,4279,67
816760,Elephant,53234,336
816845,Mouse,5275,68
816901,Mouse,3752,64
816942,Mouse,5029,69
816964,Mouse,5442,71
816983,Mouse,3343,77
817157,Mouse,4079,89
817304,Mouse,3862,113
817350,Elephant,317425,1101
817461,Mouse,3629,93
817503,Mouse,3561,90
817549,Elephant,181732,795
817573,Mouse,4039,97
817757,Mouse,5426,93
817892,Mouse,4703,126
817916,Mouse,5510,131
817986,Mouse,4203,130
818018,Mouse,5014,133
818047,Mouse,5171,137
818095,Mouse,4413,124
818101,Elephant,591260,1647
818162,Mouse,5654,93
818175,Mouse,4852,92
818327,Mouse,5741,81
818402,Mouse,3196,91
818414,Mouse,3060,97
818455,Mouse,4559,104
818716,Mouse,4856,101
818794,Elephant,573974,2145
818848,Mouse,5162,99
818892,Mouse,5036,84
818967,Mouse,3115,77
818993,Mouse,3440,78
819027,Mouse,5795,88
819061,Mouse,4630,95
819153,Elephant,537147,1808
819189,Mouse,4474,88
819235,Mouse,3794,80
819237,Mouse,4313,80
819240,Mouse,3349,79
819254,Mouse,3502,68
819312,Mouse,4273,74
819380,Mouse,3554,73
819383,Mouse,4969,76
819390,Mouse,3329,79
819452,Mouse,4424,79
819462,Mouse,5074,82
819489,Elephant,513631,1853
819522,Elephant,441224,1869
819557,Mouse,4369,65
819626,Mouse,5807,66
819694,Mouse,3340,64
819794,Mouse,5444,66
819870,Mouse,5443,68
819872,Mouse,4842,68
819920,Mouse,5403,65
819981,Mouse,3679,64
819993,Mouse,3087,64
820167,Mouse,4567,71
820378,Mouse,5593,70
820390,Elephant,63855,339
820392,Mouse,4511,72
820482,Mouse,3469,64
820524,Mouse,5616,66
820591,Mouse,5097,65
820608,Mouse,3420,64
820675,Mouse,5008,65
820785,Mouse,3937,64
820792,Mouse,3081,64
820795,Mouse,3411,64
820831,Mouse,5099,65
820885,Mouse,3655,64
820903,Mouse,3567,68
820911,Mouse,4445,72
820921,Mouse,5055,76
820990,Mouse,5671,69
821005,Elephant,253016,825
821023,Mouse,4746,65
821032,Mouse,4409,68
821040,Mouse,3547,65
821071,Mouse,3809,64
821147,Mouse,3337,64
821315,Mouse,4941,65
821363,Mouse,4002,64
821388,Mouse,4622,65
821439,Mouse,3063,64
821483,Mouse,3125,64
821547,Mouse,3373,64
821584,Mouse,3234,64
821591,Mouse,5623,67
821666,Mouse,3098,64
821860,Mouse,5154,65
821871,Mouse,5158,65
821944,Mouse,4523,65
821992,Mouse,3734,64
822052,Mouse,3603,64
822120,Mouse,3942,64
822193,Mouse,3725,67
822193,Mouse,3369,67
822285,Mouse,3571,64
822288,Mouse,3021,64
822361,Mouse,3365,64
822381,Mouse,3874,64
822428,Mouse,4129,64
822468,Mouse,5720,66
822557,Mouse,4955,65
822674,Mouse,3121,64
822690,Mouse,5343,65
822696,Mouse,4638,65
822753,Mouse,3300,64
822764,Mouse,4492,65
822769,Mouse,3282,64
822786,Mouse,3779,64
822803,Mouse,4236,64
822861,Mouse,5764,69
823080,Mouse,3710,66
823168,Mouse,4559,68
823213,Mouse,3668,64
823439,Mouse,4041,72
823446,Mouse,3884,67
823569,Mouse,4208,77
823577,Elephant,251249,784
823689,Mouse,4950,70
823744,Mouse,3732,71
823852,Elephant,348236,1026
823879,Mouse,4162,75
823888,Mouse,5041,70
823975,Mouse,3098,64
824047,Mouse,5503,73
824105,Mouse,3796,73
824292,Mouse,3364,74
824308,Mouse,4189,70
824509,Elephant,465442,1166
824517,Mouse,3757,73
824613,Mouse,4227,67
824691,Mouse,5074,67
824718,Mouse,5600,70
824727,Mouse,3926,66
824874,Mouse,3924,66
824900,Elephant,508061,1143
824926,Mouse,3748,67
825012,Mouse,5632,66
825156,Mouse,3548,64
825447,Mouse,4246,64
825564,Mouse,3242,64
825682,Mouse,4276,65
825709,Mouse,4514,65
825720,Mouse,3457,67
825780,Mouse,3543,64
825837,Mouse,3680,64
826036,Mouse,3162,64
826131,Mouse,3982,64
826175,Mouse,3211,64
826261,Mouse,4216,64
826267,Mouse,5508,66
826270,Mouse,4197,64
826277,Mouse,5325,66
826296,Mouse,5012,68
826377,Mouse,5061,70
826409,Elephant,281409,889
826413,Mouse,5326,68
826446,Mouse,4115,66
826493,Mouse,4812,65
826547,Mouse,4602,65
826558,Mouse,4022,64
826634,Mouse,4967,66
826637,Mouse,5710,68
826686,Mouse,3754,64
826825,Mouse,4842,65
826857,Mouse,3685,64
826924,Mouse,4261,65
827029,Mouse,3082,64
827079,Mouse,4282,65
827100,Mouse,3085,66
827108,Mouse,5411,66
827208,Mouse,5578,66
827233,Mouse,5532,69
827239,Mouse,4947,71
827252,Mouse,3250,64
827733,Mouse,4703,79
827766,Mouse,3796,90
827824,Mouse,3918,105
827962,Mouse,3147,104
828028,Mouse,4256,111
828072,Elephant,410391,1125
828131,Mouse,3109,88
828134,Mouse,4491,90
828151,Mouse,5609,87
828160,Mouse,5009,90
828176,Mouse,5653,96
828201,Mouse,4178,93
828260,Mouse,4153,98
828272,Mouse,3234,102
828338,Mouse,4963,102
828450,Mouse,5172,109
828744,Mouse,5001,117
828821,Mouse,4817,142
828829,Mouse,4763,147
828844,Mouse,4517,145
828856,Mouse,5027,152
828895,Mouse,4679,159
828942,Elephant,92127,854
828989,Mouse,3759,120
829000,Mouse,4272,126
829102,Mouse,5150,114
829118,Mouse,5240,120
829148,Mouse,4115,125
829151,Mouse,4054,128
829159,Mouse,4220,134
829212,Mouse,3835,142
829352,Mouse,4457,148
829418,Mouse,5798,149
829593,Elephant,558653,2247
829676,Mouse,4548,137
829728,Elephant,481588,2041
829737,Mouse,5169,138
829782,Mouse,3059,112
829794,Mouse,3845,115
829832,Mouse,3070,108
829837,Mouse,4257,109
829857,Mouse,4451,113
829878,Mouse,3571,107
829898,Elephant,69482,839
829906,Elephant,516786,2607
829995,Elephant,523352,2447
830009,Mouse,5219,71
830039,Mouse,5282,76
830044,Mouse,3985,78
830138,Mouse,3541,66
830175,Mouse,5772,81
830180,Mouse,3431,83
830203,Mouse,4897,79
830236,Mouse,3808,86
830244,Mouse,3654,84
830267,Mouse,4142,93
830332,Mouse,3180,82
830481,Mouse,5566,84
830523,Mouse,4637,91
830548,Mouse,3123,95
830627,Mouse,3193,102
830647,Mouse,4816,106
830851,Mouse,5103,117
831002,Mouse,3351,130
831047,Elephant,505935,2102
831065,Mouse,5285,139
831075,Mouse,3620,138
831100,Mouse,3740,131
831189,Elephant,498955,1817
831205,Mouse,3594,95
831247,Mouse,5038,94
831304,Mouse,5376,103
831396,Elephant,505512,2275
831411,Mouse,5293,101
831485,Mouse,3292,84
831500,Mouse,3895,73
831506,Mouse,3271,76
831568,Mouse,4691,84
831578,Elephant,146045,794
831596,Mouse,3282,90
831627,Mouse,5024,77
831664,Mouse,4578,75
831774,Mouse,5405,70
831806,Mouse,3346,73
831846,Mouse,3824,78
831991,Elephant,323512,1290
831994,Mouse,3706,84
832007,Mouse,4764,78
832041,Mouse,3479,77
832231,Elephant,402605,1214
832236,Mouse,5671,68
832258,Mouse,5399,65
832321,Mouse,4090,64
832371,Mouse,4218,64
832455,Mouse,3494,64
832643,Mouse,3744,64
832652,Mouse,5260,67
832752,Mouse,3388,64
832787,Mouse,4616,70
832810,Mouse,4180,64
832840,Mouse,4894,73
832866,Mouse,4388,65
832978,Mouse,3601,64
833014,Mouse,4593,70
833030,Mouse,5323,65
833053,Mouse,3067,67
833059,Elephant,167940,598
833116,Mouse,3189,64
833148,Mouse,4590,65
833208,Mouse,3313,64
833259,Mouse,5321,65
833276,Mouse,5001,65
833376,Mouse,4722,65
833481,Mouse,4474,66
833551,Mouse,5326,76
833614,Mouse,3421,67
833631,Mouse,3460,68
833760,Mouse,4224,68
833992,Mouse,4589,97
834092,Elephant,188566,756
834094,Mouse,4544,100
834109,Mouse,5481,89
834219,Mouse,3037,76
834220,Elephant,204982,856
834337,Elephant,317667,962
834402,Mouse,5040,70
834434,Mouse,3035,70
834438,Mouse,5470,72
834459,Mouse,3145,81
834531,Mouse,4334,67
834541,Mouse,5683,70
834552,Mouse,4406,71
834560,Mouse,5366,77
834569,Mouse,3066,78
834694,Mouse,3067,71
834730,Elephant,442816,1302
834830,Mouse,4555,69
834844,Mouse,3826,71
834858,Mouse,5038,65
834936,Mouse,4627,66
834986,Mouse,5834,66
835017,Mouse,5539,69
835114,Mouse,4431,65
835190,Mouse,4561,69
835417,Mouse,3793,64
835427,Mouse,3842,67
835442,Mouse,4401,65
835453,Mouse,3383,67
835563,Mouse,3694,67
835571,Mouse,4690,66
835660,Mouse,4572,66
835664,Mouse,5316,68
835698,Mouse,5779,70
835775,Mouse,4569,71
835792,Mouse,3014,65
835851,Mouse,4297,68
836126,Mouse,5752,74
836190,Mouse,3120,73
836338,Mouse,5076,88
836394,Elephant,586033,1385
836416,Elephant,447227,1248
836440,Mouse,5164,85
836524,Mouse,4705,65
836550,Mouse,5354,70
836557,Mouse,5707,66
836571,Mouse,5130,65
836748,Mouse,4939,65
836829,Mouse,3489,64
836940,Mouse,4267,67
837010,Mouse,5660,66
837017,Mouse,3835,65
837065,Mouse,3014,68
837084,Elephant,211466,900
837092,Mouse,4951,72
837105,Mouse,4117,74
837114,Mouse,5599,69
837197,Mouse,4574,66
837222,Mouse,3906,67
837309,Mouse,3821,68
837359,Mouse,5446,70
837503,Elephant,345565,926
837540,Mouse,3771,71
837577,Mouse,3804,67
837589,Mouse,4493,73
837650,Mouse,4707,66
837652,Mouse,4591,67
837725,Mouse,4772,68
837795,Mouse,4427,69
837803,Mouse,4697,71
837876,Elephant,300497,857
837884,Mouse,3509,64
838017,Mouse,4515,65
838026,Mouse,4164,64
838222,Mouse,4759,65
838242,Mouse,5527,66
838269,Mouse,4722,65
838360,Mouse,3385,64
838398,Mouse,4426,65
838423,Mouse,5205,65
838557,Mouse,4354,65
838561,Mouse,4649,65
838584,Mouse,4602,65
838595,Mouse,3760,64
838650,Mouse,5738,66
838789,Mouse,4814,65
838850,Mouse,3923,64
838925,Mouse,4401,65
839003,Mouse,4354,65
839029,Mouse,4590,69
839150,Mouse,5354,65
839245,Mouse,5471,67
839273,Mouse,3612,65
839302,Mouse,5609,76
839303,Mouse,5678,76
839356,Mouse,4365,78
839378,Mouse,4481,76
839469,Mouse,4468,78
839549,Mouse,4021,70
839577,Elephant,286371,829
839672,Mouse,3470,65
839743,Mouse,5209,71
839753,Mouse,3182,75
839784,Mouse,5611,74
839800,Elephant,161483,741
839857,Mouse,3896,64
840011,Mouse,4666,66
840022,Mouse,5289,72
840104,Elephant,351019,944
840206,Mouse,4301,65
840230,Mouse,3366,64
840235,Mouse,4069,64
840261,Mouse,5376,65
840494,Mouse,3003,64
840499,Mouse,5476,66
840521,Mouse,5368,65
840633,Mouse,4390,66
840795,Mouse,4425,65
840950,Mouse,3533,73
840974,Mouse,3038,68
841053,Mouse,5616,72
841085,Mouse,3236,75
841148,Mouse,3776,72
841254,Elephant,315977,897
841267,Elephant,163432,643
841336,Mouse,4862,82
841337,Mouse,3698,80
841366,Mouse,3116,71
841388,Mouse,4591,74
841412,Mouse,4961,73
841424,Mouse,4525,75
841473,Mouse,3961,76
841500,Mouse,3529,66
841519,Mouse,4236,71
841595,Mouse,4704,78
841717,Mouse,5811,72
841754,Mouse,3892,79
841851,Elephant,396193,1070
841855,Mouse,4538,80
841981,Mouse,3565,69
842049,Mouse,5599,75
842123,Mouse,5092,79
842217,Mouse,3478,83
842260,Mouse,3801,88
842293,Mouse,4368,98
842328,Mouse,4277,104
842337,Elephant,345671,1016
842346,Mouse,5657,106
842358,Mouse,5059,99
842376,Mouse,5254,104
842383,Mouse,5768,102
842512,Mouse,4237,68
842523,Mouse,3648,70
842555,Mouse,3359,81
842562,Elephant,510132,1395
842607,Mouse,4273,78
842803,Mouse,3900,70
842839,Mouse,4023,70
842883,Mouse,3413,67
842916,Elephant,100646,461
842923,Elephant,241625,836
843044,Mouse,5590,66
843052,Mouse,5070,65
843112,Mouse,4039,64
843130,Mouse,4829,66
843133,Mouse,5190,68
843200,Mouse,4538,65
843213,Mouse,3931,67
843214,Mouse,5397,69
843327,Mouse,3099,64
843373,Mouse,4696,65
843551,Mouse,3191,64
843621,Mouse,3608,71
843637,Mouse,5272,65
843641,Mouse,4350,65
843667,Mouse,3307,64
843680,Mouse,3935,65
843721,Mouse,5697,67
843765,Mouse,5135,67
843810,Mouse,3812,64
843876,Mouse,3035,66
843896,Mouse,3655,68
843921,Mouse,3986,71
843992,Mouse,4007,70
844005,Mouse,3834,67
844046,Mouse,3421,75
844120,Mouse,4876,80
844142,Mouse,3513,87
844148,Elephant,324901,1041
844214,Mouse,3922,65
844229,Mouse,5798,74
844274,Mouse,4543,74
844307,Elephant,68976,385
844398,Mouse,5665,67
844412,Mouse,4392,69
844429,Mouse,4580,66
844506,Elephant,338957,986
844536,Mouse,3136,66
844545,Mouse,5831,68
844584,Mouse,3823,65
844727,Mouse,5137,76
844882,Mouse,3050,101
845038,Mouse,4317,124
845067,Mouse,4881,124
845164,Mouse,5235,130
845409,Mouse,4335,128
845426,Mouse,5198,128
845460,Mouse,5802,126
845480,Mouse,4671,129
845481,Mouse,5501,127
845491,Mouse,5811,131
845519,Mouse,4121,141
845529,Mouse,4076,143
845602,Mouse,4883,151
845632,Mouse,5036,153
845651,Mouse,5458,152
845655,Mouse,4203,150
845699,Mouse,4927,140
845708,Mouse,3577,144
845800,Mouse,4634,135
845841,Mouse,5761,137
845874,Mouse,3557,127
845904,Elephant,524837,1778
845914,Elephant,284738,1419
845915,Mouse,5042,125
845930,Mouse,5811,110
845973,Mouse,3633,73
845994,Elephant,331127,1612
846134,Mouse,4620,69
846200,Mouse,3752,75
846228,Mouse,5668,72
846240,Mouse,4190,73
846250,Mouse,3201,79
846310,Mouse,5091,83
846344,Mouse,5283,81
846386,Mouse,3847,86
846507,Mouse,4142,94
846518,Mouse,5622,101
846583,Mouse,4555,110
846588,Elephant,264856,2098
846629,Mouse,5111,108
846642,Mouse,5365,109
846645,Mouse,3265,107
846742,Elephant,442985,2043
846761,Elephant,586128,2260
846783,Mouse,3146,71
846882,Mouse,3907,64
847077,Mouse,4059,64
847113,Mouse,3884,68
847251,Mouse,4789,65
847405,Mouse,5814,67
847422,Mouse,4960,71
847431,Mouse,5275,77
847474,Mouse,3136,76
847490,Mouse,4362,72
847503,Mouse,4267,70
847518,Mouse,4924,68
847556,Mouse,5207,76
847638,Mouse,3509,67
847679,Mouse,4091,67
847720,Mouse,3465,67
847765,Elephant,298446,896
847886,Mouse,3808,66
847944,Mouse,4788,66
847972,Mouse,3419,66
847985,Mouse,3888,67
847989,Mouse,3795,70
848088,Mouse,5590,70
848096,Elephant,393413,984
848097,Mouse,3064,70
848143,Mouse,5799,71
848198,Mouse,4837,65
848208,Mouse,4167,68
848273,Mouse,4483,65
848337,Mouse,4314,67
848531,Mouse,3456,64
848543,Mouse,5169,65
848556,Mouse,3362,65
848562,Mouse,3935,69
848575,Mouse,5732,75
848607,Mouse,4108,72
848740,Mouse,3860,66
848761,Mouse,5777,66
848904,Mouse,4765,69
848926,Mouse,5251,68
848967,Mouse,4814,68
849130,Elephant,586116,1202
849185,Mouse,3865,64
849225,Mouse,4685,65
849239,Mouse,3616,64
849322,Mouse,4058,64
849365,Mouse,3862,67
849367,Mouse,3393,66
849400,Mouse,4843,65
849566,Mouse,3355,64
849647,Mouse,3888,64
849697,Mouse,5492,70
849698,Mouse,5285,69
849711,Mouse,5108,65
849742,Mouse,3144,69
849758,Mouse,4967,65
849853,Mouse,3229,64
849902,Mouse,4517,65
850058,Mouse,5524,69
850093,Mouse,4798,65
850107,Mouse,5017,72
850169,Mouse,3606,64
850380,Mouse,5036,65
850402,Elephant,88900,413
850408,Mouse,3146,64
850421,Mouse,5256,65
850446,Mouse,5587,66
850453,Mouse,4083,64
850468,Mouse,3384,69
850471,Mouse,3162,65
850528,Mouse,3288,64
850555,Mouse,4290,67
850613,Mouse,4205,64
850619,Mouse,5698,66
850741,Mouse,4218,66
850751,Mouse,3026,64
850768,Mouse,3383,66
850769,Elephant,72238,370
850788,Mouse,3502,71
850847,Mouse,5450,66
850918,Mouse,4968,65
850925,Mouse,3131,64
850980,Mouse,3286,64
851064,Mouse,3746,64
851098,Mouse,5399,65
851152,Mouse,4776,65
851219,Mouse,4861,70
851228,Mouse,4122,71
851299,Mouse,5316,70
851321,Mouse,3187,64
851402,Mouse,3334,65
851436,Mouse,5548,70
851454,Mouse,3550,65
851461,Mouse,3919,71
851533,Mouse,3602,72
851552,Mouse,3494,68
851631,Mouse,4936,78
851655,Mouse,3421,83
851683,Elephant,507497,1146
851804,Mouse,3043,67
851830,Elephant,119827,524
851838,Mouse,5085,65
851840,Elephant,66572,392
851862,Mouse,3027,70
851876,Mouse,3185,64
851885,Mouse,4276,65
851927,Mouse,4701,65
851988,Mouse,4167,66
851998,Mouse,5350,71
852079,Mouse,5232,68
852139,Mouse,4306,69
852147,Mouse,4598,65
852242,Mouse,3798,67
852303,Mouse,3062,71
852400,Mouse,4220,73
852431,Mouse,4724,70
852469,Mouse,5525,73
852489,Mouse,4667,72
852565,Mouse,4086,68
852571,Mouse,5702,74
852585,Mouse,3979,76
852590,Elephant,297467,849
852623,Mouse,3232,75
852623,Mouse,4859,78
852727,Mouse,4343,73
852736,Mouse,3207,66
852742,Mouse,3076,64
852830,Mouse,4559,66
852832,Mouse,4080,66
852889,Mouse,3226,68
852902,Elephant,143636,576
852926,Elephant,43075,279
852983,Mouse,4729,65
853042,Mouse,3692,67
853120,Elephant,149193,594
853157,Mouse,5697,68
853211,Mouse,4876,65
853248,Mouse,4783,65
853285,Mouse,3745,64
853348,Mouse,5078,65
853396,Mouse,4844,65
853435,Mouse,5437,66
853520,Mouse,4197,66
853522,Mouse,3860,66
853634,Mouse,5158,70
853677,Mouse,4280,69
853702,Mouse,3470,64
853707,Mouse,3830,67
853722,Mouse,4594,68
853800,Mouse,3737,68
853811,Mouse,4740,70
853881,Mouse,5534,67
853997,Mouse,5553,69
854083,Mouse,5376,69
854089,Mouse,3932,66
854104,Elephant,461808,1063
854114,Mouse,4452,66
854128,Mouse,3930,66
854140,Mouse,4296,65
854152,Mouse,4903,65
854345,Mouse,4606,67
854347,Mouse,5097,68
854352,Mouse,3030,64
854373,Mouse,5115,69
854411,Mouse,3303,67
854440,Mouse,4166,64
854529,Mouse,4920,65
854541,Mouse,4174,68
854553,Mouse,5330,65
854573,Mouse,3097,64
854596,Mouse,4083,67
854613,Mouse,5582,66
854637,Mouse,3872,67
854742,Mouse,4975,70
854747,Mouse,4691,68
854757,Mouse,5306,69
854770,Mouse,5791,68
854899,Mouse,4138,64
854928,Mouse,4652,74
854990,Elephant,285659,815
855047,Mouse,3824,65
855049,Mouse,3292,66
855062,Elephant,69412,434
855065,Mouse,5244,68
855186,Mouse,3716,67
855249,Mouse,3362,64
855278,Elephant,105207,478
855286,Mouse,3305,64
855351,Mouse,4014,64
855405,Mouse,3514,64
855496,Mouse,3467,64
855529,Mouse,4760,65
855540,Mouse,3182,64
855593,Mouse,5423,65
855681,Mouse,3856,64
855743,Mouse,4328,65
855937,Mouse,3224,64
855964,Mouse,5589,66
855969,Mouse,5671,66
856130,Mouse,3534,64
856156,Mouse,3709,64
856171,Mouse,3246,64
856207,Mouse,4707,65
856211,Mouse,4202,64
856353,Mouse,5586,66
856403,Mouse,3208,64
856459,Mouse,5269,67
856533,Mouse,3279,64
856559,Mouse,5547,66
856634,Mouse,4543,69
856639,Mouse,5162,70
856731,Mouse,3017,67
856949,Elephant,246414,768
856951,Mouse,4833,73
856979,Mouse,4282,72
856993,Mouse,4601,79
857001,Mouse,3521,78
857042,Mouse,4684,80
857082,Mouse,3453,68
857091,Mouse,5735,66
857161,Mouse,4945,72
857182,Elephant,131244,535
857207,Mouse,5428,74
857231,Mouse,5629,82
857255,Mouse,3139,66
857275,Mouse,3686,74
857364,Mouse,5528,74
857430,Mouse,5212,78
857542,Mouse,5289,71
857571,Elephant,308449,877
857702,Mouse,4663,73
857707,Mouse,5326,70
857795,Mouse,3258,71
857795,Mouse,3483,73
857849,Elephant,365527,979
857853,Mouse,3102,68
857870,Mouse,4824,71
857878,Mouse,3480,64
857981,Mouse,3366,64
858126,Mouse,3135,66
858159,Mouse,5064,68
858177,Mouse,3359,69
858230,Mouse,5461,70
858244,Mouse,4704,68
858268,Mouse,4070,69
858392,Mouse,4272,66
858420,Mouse,4777,73
858481,Mouse,5480,67
858499,Mouse,4871,68
858571,Elephant,351713,991
858594,Mouse,3211,67
858796,Mouse,5762,66
858908,Elephant,255673,818
858945,Mouse,4056,64
858952,Mouse,3901,64
858986,Mouse,3321,65
858998,Mouse,5150,65
859047,Mouse,5380,67
859052,Mouse,4923,69
859106,Mouse,5644,66
859201,Mouse,5086,68
859230,Mouse,3298,66
859260,Mouse,3354,64
859344,Mouse,4438,69
859358,Mouse,5710,71
859366,Mouse,4970,73
859462,Mouse,5266,68
859470,Mouse,3861,70
859482,Mouse,3647,73
859505,Elephant,151289,583
859543,Mouse,4934,73
859593,Mouse,3740,66
859609,Mouse,3046,64
859671,Mouse,4953,69
859678,Mouse,4368,69
859788,Elephant,272370,804
859868,Mouse,5125,65
859873,Mouse,5356,65
859913,Mouse,5339,66
859947,Elephant,40772,243
860001,Mouse,4386,67
860002,Mouse,4091,68
860018,Mouse,4888,65
860035,Mouse,3207,64
860047,Mouse,3880,68
860187,Mouse,3727,64
860201,Elephant,38997,241
860327,Mouse,3554,68
860378,Mouse,3805,69
860400,Mouse,4030,64
860512,Mouse,3966,64
860532,Mouse,3722,64
860546,Elephant,162067,589
860586,Mouse,4817,65
860591,Mouse,3931,65
860646,Mouse,5521,66
860688,Mouse,3006,64
860727,Mouse,5544,66
860843,Mouse,5606,66
861086,Mouse,3341,64
861104,Mouse,4863,65
861133,Mouse,5438,66
861140,Mouse,3270,64
861165,Mouse,4056,64
861218,Mouse,3632,64
861224,Mouse,4099,65
861263,Mouse,3539,65
861293,Mouse,4767,65
861296,Mouse,3488,64
861303,Mouse,4667,65
861370,Mouse,3185,64
861382,Mouse,5277,67
861424,Mouse,5548,69
861469,Mouse,4273,65
861530,Mouse,3973,64
861554,Mouse,3333,66
861596,Mouse,4585,69
861605,Mouse,3948,64
861629,Mouse,5577,67
861754,Mouse,3844,64
861812,Mouse,4263,67
861828,Mouse,3875,64
861914,Mouse,4498,68
862002,Mouse,3700,66
862020,Mouse,3089,64
862028,Mouse,5113,69
862262,Elephant,93191,452
862286,Mouse,5227,97
862377,Mouse,4547,86
862382,Mouse,4309,88
862517,Mouse,3476,85
862523,Mouse,3970,87
862535,Elephant,522477,1312
862560,Mouse,3463,92
862592,Mouse,5431,88
862600,Mouse,4165,90
862645,Mouse,3091,78
862657,Mouse,5238,83
862704,Mouse,5727,83
862868,Mouse,4759,86
862915,Mouse,5027,99
862967,Mouse,3718,114
863116,Mouse,5296,119
863154,Mouse,3778,117
863248,Elephant,547915,1512
863290,Mouse,4606,86
863349,Mouse,5044,75
863378,Elephant,391023,1318
863384,Mouse,5247,69
863443,Mouse,3497,69
863448,Mouse,5052,73
863491,Mouse,5291,75
863540,Mouse,3752,71
863574,Mouse,5186,81
863615,Mouse,3617,77
863656,Mouse,3539,78
863674,Mouse,3419,83
863690,Elephant,220521,907
863694,Mouse,4471,83
863726,Mouse,5301,80
863733,Mouse,5541,82
863977,Elephant,462910,1512
864096,Mouse,5650,68
864167,Mouse,3609,64
864179,Mouse,4402,65
864217,Mouse,4079,64
864254,Mouse,5273,69
864351,Mouse,3516,64
864438,Mouse,5318,65
864702,Mouse,3730,80
864724,Mouse,3840,89
864729,Mouse,3469,92
864760,Mouse,3282,96
864762,Elephant,485914,1381
864778,Mouse,3424,82
864816,Mouse,3044,71
864827,Mouse,4037,70
864845,Mouse,5387,74
864850,Mouse,4930,76
864852,Mouse,3429,75
864872,Mouse,4380,67
864922,Mouse,3557,68
865138,Elephant,512769,1191
865241,Mouse,3582,64
865279,Mouse,4268,65
865347,Mouse,3345,66
865404,Mouse,4771,65
865463,Mouse,5302,67
865540,Mouse,4214,66
865542,Mouse,3481,65
865669,Mouse,4600,68
865791,Mouse,3025,67
865930,Mouse,4755,69
865996,Mouse,4569,77
866020,Mouse,3315,84
866028,Mouse,4913,90
866241,Mouse,5766,67
866262,Mouse,3848,66
866288,Mouse,4601,70
866382,Mouse,5070,75
866512,Mouse,5385,75
866521,Mouse,3627,79
866559,Mouse,4593,76
866576,Mouse,3282,83
866596,Mouse,5738,85
866665,Mouse,3159,97
866671,Mouse,5212,99
866712,Mouse,4732,101
866712,Elephant,584463,1574
866752,Mouse,3100,90
866757,Mouse,3006,86
866775,Mouse,4779,93
866775,Mouse,5347,94
866784,Mouse,4093,86
866863,Mouse,5281,72
866863,Mouse,3826,69
866886,Mouse,5615,70
866906,Mouse,5284,77
867017,Elephant,458408,1133
867051,Mouse,3675,64
867205,Mouse,5577,68
867211,Mouse,3556,66
867281,Mouse,4052,64
867312,Mouse,5473,66
867321,Mouse,5181,65
867380,Mouse,5097,68
867463,Mouse,3433,67
867483,Elephant,292703,917
867510,Mouse,5790,69
867706,Mouse,5451,66
867746,Mouse,4473,65
867763,Mouse,5034,65
867930,Mouse,3470,64
867949,Mouse,5021,65
868007,Mouse,5784,72
868033,Mouse,3171,64
868093,Elephant,92663,418
868137,Mouse,3429,65
868161,Mouse,5630,66
868267,Mouse,4216,64
868527,Mouse,5007,65
868548,Mouse,3393,64
868748,Mouse,5525,68
868772,Mouse,4567,65
868784,Mouse,3560,67
868803,Mouse,5570,75
868814,Mouse,3807,74
868849,Mouse,4939,73
868864,Elephant,153529,580
868906,Mouse,5501,67
868912,Mouse,3957,68
868918,Mouse,3308,64
868931,Mouse,4679,69
868984,Mouse,4280,76
869039,Mouse,3617,71
869042,Mouse,3076,66
869276,Mouse,3833,73
869284,Mouse,3685,75
869295,Mouse,4243,74
869406,Mouse,5280,84
869488,Mouse,4154,89
869903,Mouse,4155,122
869933,Mouse,3332,119
869977,Mouse,3413,122
869995,Mouse,5363,119
870060,Mouse,4740,121
870097,Mouse,3468,119
870118,Mouse,3216,122
870124,Elephant,581734,1567
870141,Mouse,3033,116
870189,Elephant,485789,1503
870298,Mouse,4944,72
870330,Mouse,3610,67
870348,Mouse,5105,74
870425,Mouse,4307,66
870440,Elephant,204303,1130
870485,Mouse,3780,65
870510,Mouse,5357,70
870595,Mouse,3033,67
870623,Mouse,3801,67
870642,Mouse,5736,74
870651,Elephant,264110,1455
870846,Elephant,339826,1386
870908,Mouse,4205,67
870954,Mouse,4043,70
870998,Mouse,4549,69
871028,Mouse,4814,65
871039,Mouse,5617,69
871074,Mouse,5221,68
871188,Mouse,4597,65
871311,Mouse,4248,68
871345,Mouse,5679,72
871368,Mouse,5050,74
871412,Elephant,293089,840
871536,Mouse,5371,65
871599,Mouse,3890,68
871623,Mouse,3974,64
871660,Mouse,4176,71
871675,Mouse,5636,66
871716,Mouse,3700,65
871806,Mouse,3189,64
871817,Mouse,4390,68
871973,Mouse,4282,65
872035,Elephant,364183,934
872570,Elephant,165154,724
872755,Mouse,4094,68
872854,Mouse,3617,67
872885,Mouse,4415,67
872906,Mouse,3904,64
873245,Mouse,5734,90
873258,Elephant,136521,624
873299,Mouse,5363,90
873307,Mouse,3548,91
873314,Mouse,3843,92
873316,Elephant,452627,1207
873318,Mouse,5570,95
873321,Mouse,3377,71
873366,Mouse,3379,67
873398,Mouse,3464,64
873438,Mouse,5361,69
873567,Mouse,3188,64
873575,Mouse,3828,67
873582,Mouse,4500,71
873596,Mouse,4107,67
873605,Mouse,3274,67
873706,Mouse,5028,65
873724,Mouse,4450,69
873732,Elephant,372332,1015
873766,Mouse,3369,65
873778,Mouse,5828,66
873784,Mouse,5119,65
873935,Mouse,4198,68
874086,Mouse,5442,67
874131,Mouse,4074,68
874402,Mouse,3447,70
874428,Elephant,276298,816
874547,Mouse,4764,70
874787,Mouse,5073,67
874832,Mouse,4498,72
874848,Mouse,4787,70
874918,Elephant,382821,962
874929,Mouse,4101,67
874982,Mouse,5305,69
875015,Mouse,4060,66
875197,Mouse,4641,70
875209,Mouse,4025,71
875220,Mouse,4398,70
875258,Mouse,5062,74
875411,Mouse,5688,70
875449,Elephant,32555,249
875479,Elephant,282829,831
875482,Mouse,3492,74
875496,Mouse,3474,65
875614,Mouse,5013,74
875752,Mouse,5268,65
875838,Mouse,4896,65
875897,Mouse,5370,70
875909,Mouse,3960,71
875962,Mouse,4431,77
876027,Elephant,421588,1030
876095,Mouse,4314,65
876105,Mouse,3872,64
876244,Mouse,4619,65
876362,Mouse,3616,70
876453,Mouse,3580,74
876461,Mouse,5190,76
876463,Mouse,5620,78
876476,Elephant,76953,373
876582,Mouse,5828,74
876598,Mouse,5087,81
876601,Mouse,3606,75
876650,Mouse,3941,66
876693,Elephant,195044,672
876771,Elephant,146793,577
876810,Mouse,3613,65
876856,Mouse,4115,64
876911,Mouse,5045,65
876982,Mouse,5036,65
877029,Mouse,4032,64
877059,Mouse,5806,66
877118,Mouse,4500,65
877163,Mouse,4548,66
877218,Mouse,3832,64
877301,Mouse,5466,66
877351,Mouse,4112,64
877384,Mouse,5813,66
877399,Mouse,5208,65
877410,Mouse,5376,70
877420,Mouse,5790,66
877525,Mouse,5225,65
877596,Mouse,3813,64
877683,Mouse,5276,70
877699,Mouse,3683,64
877723,Mouse,5085,71
877779,Mouse,5674,66
877915,Mouse,5162,65
877971,Mouse,5496,70
878121,Mouse,4855,73
878172,Mouse,4155,79
878190,Elephant,371074,980
878197,Mouse,5804,85
878281,Mouse,4260,65
878365,Mouse,5703,72
878453,Mouse,5823,68
878504,Mouse,4945,72
878592,Elephant,452688,1084
878611,Mouse,4958,66
878620,Mouse,3853,65
878692,Mouse,3833,64
878863,Mouse,3542,71
878872,Mouse,4883,65
878943,Mouse,4764,68
879023,Mouse,3620,66
879064,Mouse,4138,66
879137,Mouse,3077,66
879210,Mouse,4701,69
879232,Mouse,4422,69
879252,Mouse,5513,71
879254,Elephant,446627,1048
879266,Mouse,4622,65
879318,Mouse,3028,64
879330,Mouse,5061,65
879387,Mouse,4794,65
879625,Mouse,5467,67
879626,Mouse,3530,66
879729,Mouse,4731,65
879792,Mouse,3005,63
879822,Mouse,3630,64
879920,Mouse,5396,65
879934,Mouse,5080,65
879975,Mouse,5492,66
880011,Mouse,4814,65
880064,Mouse,3296,65
880108,Mouse,3056,65
880254,Mouse,4604,65
880263,Mouse,4769,65
880266,Mouse,3156,64
880356,Mouse,5575,70
880463,Mouse,3188,64
880609,Mouse,4305,65
880782,Mouse,5810,66
880824,Mouse,4400,66
880850,Mouse,5733,66
880882,Mouse,4063,64
880892,Mouse,4748,66
880915,Mouse,5050,65
880945,Mouse,3906,64
880953,Mouse,4828,65
880962,Mouse,3843,64
880969,Mouse,4086,64
880978,Mouse,5796,66
881001,Mouse,5420,66
881004,Mouse,3591,65
881020,Mouse,5248,67
881048,Mouse,3233,64
881130,Mouse,3638,65
881175,Mouse,3684,65
881347,Mouse,3297,64
881398,Mouse,5489,66
881433,Elephant,108826,459
881496,Mouse,3856,64
881563,Mouse,4494,65
881576,Mouse,3611,64
881583,Mouse,5185,65
881644,Mouse,4317,65
881745,Mouse,4201,64
881767,Mouse,5590,66
881852,Mouse,4565,65
881871,Mouse,4561,65
881903,Mouse,4911,65
881930,Mouse,4680,65
881978,Mouse,4443,65
882025,Mouse,3327,64
882051,Mouse,5697,66
882117,Mouse,5245,65
882143,Mouse,4699,65
882171,Mouse,4053,64
882259,Mouse,3775,64
882273,Mouse,3315,64
882342,Mouse,4869,65
882356,Mouse,3218,65
882359,Mouse,3756,66
882415,Mouse,4015,64
882534,Mouse,5701,66
882572,Mouse,3822,68
882717,Elephant,60226,325
882773,Mouse,3428,64
882786,Mouse,5126,69
882898,Mouse,3359,64
882943,Mouse,3407,65
883003,Mouse,5816,70
883096,Mouse,4702,69
883120,Mouse,5311,65
883179,Mouse,5307,68
883186,Mouse,5137,71
883336,Mouse,5609,66
883355,Elephant,582644,1197
883372,Mouse,5689,69
883383,Mouse,5253,69
883385,Mouse,3719,67
883424,Mouse,3753,65
883434,Mouse,5204,65
883508,Mouse,4842,65
883575,Mouse,3054,64
883647,Mouse,4289,68
883658,Mouse,5545,66
883677,Mouse,3984,64
883691,Mouse,3945,66
883815,Mouse,4122,68
883821,Mouse,4298,66
883971,Mouse,4685,69
883975,Mouse,3127,64
883995,Mouse,3907,64
884037,Mouse,5758,70
884046,Mouse,4632,72
884068,Mouse,3651,66
884082,Mouse,4584,71
884111,Mouse,3919,66
884239,Mouse,4596,65
884285,Mouse,5581,73
884336,Mouse,5611,81
884388,Mouse,4993,93
884402,Mouse,5444,99
884457,Mouse,3227,98
884531,Mouse,4838,92
884537,Mouse,3853,94
884613,Mouse,5660,98
884654,Mouse,4406,104
884724,Mouse,5747,114
884842,Mouse,4068,106
884858,Mouse,4589,103
884963,Mouse,3864,105
884996,Mouse,3583,102
885097,Mouse,4838,107
885131,Mouse,4438,112
885137,Mouse,4872,114
885228,Elephant,588317,1696
885234,Mouse,3373,126
885278,Elephant,149648,1057
885315,Elephant,499654,1458
885323,Mouse,3712,71
885392,Mouse,5322,65
885481,Mouse,5838,73
885610,Mouse,4927,66
885664,Mouse,4293,65
885693,Mouse,5323,70
885739,Mouse,3890,69
885789,Elephant,389053,1564
885800,Mouse,3591,65
885852,Mouse,5065,65
885880,Mouse,5137,67
885899,Mouse,5449,66
885967,Elephant,113030,200815
885996,Mouse,5447,66
886005,Mouse,5454,67
886016,Mouse,5125,65
886061,Mouse,4287,65
886132,Mouse,3960,65
886136,Mouse,4631,68
886163,Mouse,3808,64
886312,Mouse,3512,64
886426,Mouse,4054,66
886666,Mouse,4969,65
886677,Mouse,4697,65
886794,Mouse,4398,65
886804,Mouse,4430,67
886814,Mouse,3879,64
886819,Mouse,4941,68
886879,Mouse,5562,66
886924,Mouse,3916,64
886972,Mouse,5673,69
887016,Mouse,3857,64
887140,Mouse,3692,65
887166,Mouse,3216,64
887175,Mouse,4590,65
887241,Mouse,5600,66
887288,Mouse,4741,67
887307,Mouse,4833,66
887402,Mouse,3755,67
887438,Mouse,3689,66
887534,Mouse,3266,70
887557,Mouse,5237,79
887564,Elephant,30255,212
887597,Mouse,5816,75
887710,Mouse,5331,70
887751,Mouse,4154,71
887845,Mouse,5399,83
887856,Mouse,3199,81
887921,Mouse,4368,98
887972,Mouse,3533,103
887995,Mouse,4473,103
887995,Elephant,263579,837
888071,Mouse,4359,94
888081,Mouse,3790,91
888094,Mouse,4645,74
888116,Elephant,219233,811
888139,Mouse,4776,73
888159,Mouse,4253,73
888265,Mouse,3484,69
888274,Mouse,4245,71
888277,Elephant,246277,844
888334,Mouse,5046,65
888359,Mouse,5365,70
888363,Mouse,3063,66
888383,Mouse,4441,65
888404,Mouse,3311,68
888457,Mouse,4750,65
888500,Mouse,3261,65
888522,Mouse,3372,65
888536,Mouse,3912,69
888932,Elephant,289757,825
888946,Mouse,3477,64
889044,Mouse,4610,68
889181,Mouse,3323,65
889522,Elephant,143398,548
889590,Mouse,4473,72
889845,Mouse,3448,67
889890,Mouse,5273,72
890030,Mouse,4107,72
890041,Mouse,5365,77
890074,Mouse,3495,81
890134,Mouse,3881,92
890135,Elephant,452411,1187
890181,Mouse,4045,78
890207,Mouse,4145,67
890214,Mouse,3239,70
890259,Mouse,4102,67
890274,Mouse,3007,68
890283,Elephant,294461,869
890360,Mouse,4289,68
890509,Mouse,5190,65
890563,Mouse,3351,64
890601,Mouse,3565,64
890701,Mouse,4211,66
890886,Mouse,3064,71
890887,Mouse,5377,73
890975,Mouse,4112,64
891021,Mouse,4204,64
891083,Elephant,39316,254
891097,Mouse,5757,72
891217,Mouse,3612,67
891374,Mouse,4025,70
891429,Mouse,4202,77
891515,Mouse,5283,90
891652,Mouse,5137,98
891681,Mouse,4480,106
891788,Mouse,5629,113
891806,Mouse,3906,117
891838,Elephant,573883,1719
891901,Mouse,5050,115
891902,Mouse,3944,116
891931,Mouse,4656,104
891988,Mouse,3652,89
892033,Mouse,5789,97
892071,Mouse,5100,97
892151,Mouse,5444,92
892333,Mouse,4517,103
892380,Mouse,5585,109
892455,Elephant,588779,1796
892511,Mouse,4403,92
892519,Mouse,3368,87
892626,Mouse,5450,80
892665,Mouse,5517,82
892720,Mouse,5323,89
892836,Elephant,479528,1524
892842,Elephant,522525,1812
892848,Mouse,3827,76
892874,Mouse,5587,84
893100,Mouse,3804,64
893158,Mouse,5818,66
893173,Mouse,4770,69
893208,Mouse,5789,69
893377,Mouse,4629,66
893386,Mouse,5446,70
893401,Elephant,347235,998
893505,Mouse,4974,65
893566,Mouse,5095,65
893578,Mouse,3377,64
893737,Mouse,3780,66
893739,Mouse,5597,69
893879,Mouse,5172,65
893891,Mouse,3154,64
893925,Mouse,5759,66
893958,Mouse,3304,64
894009,Mouse,5232,68
894018,Mouse,3909,66
894032,Mouse,4547,65
894453,Mouse,3034,64
894511,Mouse,3773,64
894523,Mouse,3888,65
894525,Mouse,3917,66
894571,Mouse,5061,68
894595,Mouse,5301,65
894634,Mouse,5467,66
894686,Mouse,5391,65
894735,Mouse,3245,65
894737,Mouse,5294,68
894832,Mouse,3030,64
895019,Mouse,4958,65
895122,Mouse,4752,65
895271,Mouse,3379,67
895357,Mouse,4754,70
895377,Mouse,3251,64
895492,Mouse,3460,67
895690,Mouse,4877,65
895758,Mouse,4105,64
895801,Mouse,4465,70
895889,Mouse,3136,74
895904,Mouse,4875,74
896067,Mouse,3401,96
896070,Mouse,3233,98
896092,Mouse,5474,107
896107,Elephant,564802,1392
896161,Mouse,5823,98
896219,Mouse,5801,85
896243,Mouse,5535,96
896512,Mouse,5071,127
896589,Elephant,190144,864
896613,Mouse,5248,143
896648,Mouse,5290,148
896661,Mouse,4306,148
896705,Elephant,52898,492
896717,Mouse,3240,131
896764,Mouse,3815,95
896783,Mouse,4681,102
896816,Mouse,5095,97
896909,Mouse,5036,95
896939,Mouse,3593,94
896975,Mouse,3504,103
897083,Mouse,3101,110
897145,Mouse,5482,121
897169,Mouse,3499,128
897206,Mouse,3768,132
897224,Mouse,3081,140
897251,Mouse,4123,140
897268,Mouse,3303,136
897325,Mouse,4847,135
897416,Mouse,4051,120
897469,Mouse,4374,132
897516,Mouse,3557,135
897526,Mouse,3598,136
897538,Mouse,3172,137
897550,Mouse,5223,143
897593,Mouse,4374,134
897677,Elephant,276957,1793
897782,Mouse,5775,109
897829,Mouse,5693,116
897865,Mouse,3402,125
897877,Mouse,4707,131
897884,Mouse,3200,133
898005,Elephant,510172,2296
898008,Mouse,3808,133
898128,Mouse,5396,112
898139,Elephant,356324,2102
898159,Elephant,578700,2339
898199,Mouse,3064,82
898323,Mouse,3856,70
898364,Mouse,4199,72
898475,Mouse,5482,76
898494,Elephant,503694,2394
898497,Mouse,4225,81
898499,Mouse,4179,82
898582,Mouse,5267,73
898814,Mouse,4209,73
898820,Elephant,306946,1265
898858,Mouse,3964,71
898871,Mouse,4241,67
898880,Mouse,3014,64
898966,Mouse,5026,66
899046,Mouse,5037,68
899222,Mouse,5239,70
899245,Mouse,3045,64
899249,Mouse,5104,65
899285,Mouse,5810,67
899296,Mouse,3287,65
899304,Mouse,5744,71
899427,Mouse,5228,66
899611,Elephant,335329,986
899621,Mouse,5534,66
899696,Mouse,5057,65
899769,Mouse,4326,65
899782,Mouse,5729,66
899900,Mouse,4734,65
899909,Mouse,5109,65
900038,Mouse,3131,65
900210,Mouse,5081,69
900223,Mouse,4154,71
900288,Mouse,3145,66
900492,Mouse,3969,82
900533,Mouse,5742,93
900559,Elephant,190288,679
900600,Mouse,5271,100
900651,Mouse,4314,70
900878,Mouse,3879,84
900890,Mouse,3036,86
901045,Mouse,3135,89
901077,Elephant,392393,1103
901110,Elephant,563204,1389
901113,Mouse,3834,86
901117,Mouse,4855,83
901244,Mouse,3132,70
901280,Mouse,4231,65
901356,Mouse,3615,67
901417,Mouse,3463,73
901503,Mouse,3575,73
901539,Mouse,4898,74
901567,Mouse,3745,79
901586,Mouse,3572,88
901610,Mouse,3908,89
901629,Mouse,4624,89
901680,Mouse,5509,103
901691,Mouse,3759,104
901725,Mouse,4821,111
901780,Mouse,5600,113
901790,Elephant,52706,410
901798,Elephant,343528,1065
901872,Mouse,4788,65
901882,Mouse,4206,65
901956,Mouse,3522,64
902002,Mouse,4586,65
902007,Mouse,4278,65
902105,Mouse,5370,78
902209,Mouse,4482,92
902236,Elephant,30311,237
902389,Mouse,5536,97
902430,Mouse,3129,102
902523,Mouse,5405,97
902597,Mouse,4355,96
902651,Mouse,4731,104
902655,Elephant,545019,1698
902698,Mouse,4552,98
902738,Mouse,4458,90
902753,Elephant,384888,1260
902988,Elephant,204656,819
902990,Mouse,4758,71
903073,Mouse,3579,64
903235,Mouse,3679,64
903254,Mouse,5169,65
903290,Mouse,3920,64
903323,Mouse,5712,66
903404,Mouse,4830,65
903535,Mouse,3378,64
903569,Mouse,3874,64
903573,Mouse,4034,64
903579,Mouse,3632,64
903598,Mouse,4481,65
903646,Mouse,3852,67
903647,Mouse,5344,71
903655,Mouse,3864,64
903887,Mouse,4287,65
903993,Mouse,5155,65
904040,Mouse,5538,66
904085,Mouse,3168,64
904153,Mouse,3698,64
904185,Mouse,4396,65
904255,Mouse,3989,64
904388,Elephant,81062,405
904422,Mouse,4512,65
904447,Mouse,5317,65
904612,Mouse,5510,66
904691,Mouse,5044,65
904772,Mouse,3453,64
904834,Mouse,4674,67
904926,Mouse,5207,65
904979,Mouse,3896,64
905033,Mouse,4642,65
905065,Mouse,3858,64
905158,Mouse,5309,65
905206,Mouse,3136,64
905285,Mouse,3755,75
905296,Mouse,3058,64
905313,Mouse,5732,70
905371,Mouse,3920,77
905444,Mouse,5563,68
905510,Mouse,4923,71
905547,Mouse,5153,79
905571,Mouse,4679,87
905611,Elephant,184401,676
905621,Mouse,5013,88
905745,Mouse,4724,74
905867,Mouse,5712,74
905883,Mouse,3558,80
905890,Mouse,3037,83
905894,Mouse,4250,83
905909,Elephant,435677,1145
905933,Mouse,4979,79
905958,Mouse,3109,76
905958,Mouse,3778,80
906051,Mouse,3437,67
906140,Mouse,3661,67
906166,Mouse,4109,67
906214,Mouse,5530,72
906235,Mouse,3942,70
906356,Mouse,3583,83
906392,Mouse,3918,90
906478,Mouse,4251,108
906496,Mouse,5794,116
906505,Mouse,4977,113
906540,Mouse,5645,111
906646,Elephant,451551,1250
906758,Mouse,4174,67
906766,Mouse,3058,68
906872,Mouse,3342,72
906901,Mouse,4414,78
906940,Mouse,4584,77
906982,Elephant,528148,1410
907044,Mouse,3359,66
907092,Mouse,5819,72
907259,Mouse,3781,71
907287,Elephant,206227,981
907311,Mouse,3009,76
907319,Mouse,3309,79
907361,Mouse,3813,73
907380,Mouse,5004,75
907417,Mouse,4992,82
907444,Mouse,4875,86
907474,Mouse,5726,91
907544,Mouse,3291,91
907576,Mouse,4786,95
907674,Mouse,3994,117
907700,Mouse,3028,118
907901,Elephant,30864,475
907923,Elephant,116478,704
907930,Mouse,4528,134
907941,Mouse,4514,137
907964,Mouse,5396,139
907999,Mouse,5363,122
908004,Elephant,585544,1801
908139,Mouse,5469,84
908250,Mouse,3438,102
908295,Mouse,5334,108
908310,Mouse,5742,109
908386,Mouse,4634,108
908427,Mouse,5601,121
908452,Mouse,3789,116
908471,Mouse,5751,116
908526,Mouse,5760,139
908570,Mouse,4204,139
908626,Mouse,5203,157
908668,Mouse,4934,155
908685,Mouse,4976,159
908758,Mouse,4437,150
908793,Mouse,3635,153
908796,Elephant,88790,824
908899,Mouse,3182,120
908927,Mouse,4014,121
908935,Mouse,5342,118
909122,Mouse,4506,123
909233,Mouse,3138,126
909291,Mouse,4975,120
909340,Mouse,3733,128
909357,Mouse,3039,129
909400,Mouse,3517,128
909422,Mouse,4533,131
909477,Mouse,4776,135
909498,Mouse,4489,138
909586,Mouse,4260,143
909593,Elephant,82260,961
909853,Mouse,4158,131
909979,Mouse,5676,142
909993,Mouse,3837,143
910018,Mouse,3058,140
910154,Mouse,4752,162
910165,Mouse,5316,170
910276,Elephant,593927,3177
910383,Mouse,4814,133
910408,Mouse,5614,141
910450,Mouse,5701,143
910534,Mouse,3616,151
910566,Mouse,5202,152
910636,Elephant,592842,3117
910644,Mouse,5701,127
910649,Mouse,3010,128
910678,Mouse,5491,130
910711,Mouse,3817,130
910729,Mouse,5264,117
910758,Mouse,3689,122
910840,Mouse,5487,121
910846,Elephant,408110,2846
910893,Mouse,3370,98
910941,Mouse,4391,100
910997,Mouse,5647,97
911033,Mouse,4706,104
911036,Elephant,485924,2995
911058,Mouse,5377,98
911086,Mouse,5715,101
911103,Mouse,4536,91
911193,Mouse,3362,92
911254,Mouse,5195,97
911305,Mouse,3674,106
911346,Mouse,5646,106
911348,Elephant,339649,2354
911389,Mouse,5363,105
911441,Mouse,3399,95
911481,Mouse,3081,90
911565,Mouse,3043,109
911743,Mouse,3221,123
911875,Mouse,3986,130
911880,Elephant,441641,2069
911887,Mouse,3806,127
911939,Mouse,5426,103
912057,Mouse,3000,91
912080,Mouse,4316,101
912087,Mouse,3574,102
912110,Mouse,5712,112
912128,Mouse,3791,117
912204,Mouse,3597,137
912380,Mouse,3582,141
912408,Mouse,4513,133
912435,Mouse,4540,132
912517,Mouse,3426,134
912553,Mouse,4756,136
912579,Mouse,5644,138
912581,Mouse,3860,140
912663,Mouse,5655,137
912674,Mouse,3726,133
912675,Mouse,4841,135
913076,Mouse,5383,139
913254,Elephant,110134,1287
913286,Mouse,4950,118
913341,Mouse,3941,115
913379,Mouse,3846,122
913417,Elephant,517735,2508
913478,Mouse,4039,128
913483,Elephant,451088,2685
913566,Mouse,4653,84
913568,Elephant,248098,2031
913705,Mouse,5325,83
913766,Mouse,3365,92
913907,Mouse,5004,104
913944,Mouse,4551,111
913983,Mouse,4546,123
914100,Elephant,377762,2040
914106,Mouse,5751,118
914120,Elephant,113022,676
914122,Mouse,4755,125
914338,Elephant,590445,2943
914366,Mouse,4201,99
914374,Mouse,5095,101
914400,Mouse,4011,90
914418,Mouse,3438,89
914447,Mouse,3477,86
914584,Mouse,5384,77
914635,Mouse,3684,80
914652,Mouse,4973,86
914665,Mouse,4852,92
914698,Mouse,3284,97
914754,Mouse,4755,107
914757,Mouse,4840,109
914843,Elephant,134112,850
914872,Mouse,4610,101
914881,Mouse,3009,95
914897,Mouse,4366,95
914921,Elephant,525453,2416
914981,Mouse,5436,69
915099,Mouse,4307,67
915102,Mouse,3789,68
915180,Mouse,4688,69
915219,Mouse,4736,69
915301,Mouse,3883,67
915350,Mouse,3651,70
915371,Mouse,3483,64
915407,Mouse,3222,68
915609,Mouse,3896,67
915617,Mouse,3193,66
915632,Mouse,5785,71
915658,Elephant,582469,1577
915723,Mouse,3922,67
915833,Mouse,5375,65
915849,Mouse,5304,67
916101,Mouse,4836,65
916168,Mouse,3866,67
916264,Mouse,4097,67
916372,Mouse,4401,65
916636,Elephant,242834,749
916648,Mouse,3429,65
916660,Mouse,5603,70
916677,Mouse,5322,67
916684,Mouse,3185,64
916739,Mouse,5685,67
916791,Mouse,5183,69
916800,Mouse,4807,68
916811,Mouse,5414,68
916895,Mouse,5665,70
916971,Mouse,4817,68
916979,Mouse,3645,68
916990,Mouse,3210,69
916993,Mouse,4718,72
917129,Elephant,196757,753
917145,Mouse,5221,71
917151,Mouse,3510,73
917443,Mouse,3744,67
917552,Mouse,4853,71
917555,Mouse,4041,72
917569,Elephant,427231,1021
917627,Mouse,5289,65
917704,Mouse,3831,64
917768,Mouse,4577,65
917838,Mouse,3420,64
917868,Mouse,3147,64
917916,Mouse,3758,64
918058,Mouse,5322,65
918103,Mouse,5068,66
918135,Mouse,3363,64
918145,Mouse,4121,65
918240,Mouse,5283,65
918268,Mouse,4352,65
918290,Mouse,3124,64
918383,Mouse,4437,65
918473,Mouse,3804,64
918501,Mouse,4935,65
918573,Mouse,3628,64
918620,Mouse,5152,65
918656,Mouse,3667,67
918705,Mouse,3112,67
918741,Elephant,105603,458
918830,Mouse,3231,64
918849,Mouse,3989,68
918882,Mouse,3721,66
919038,Elephant,191640,641
919046,Mouse,4814,65
919194,Mouse,4870,65
919225,Mouse,3557,65
919250,Mouse,3993,64
919637,Mouse,3127,78
919724,Mouse,3328,89
919827,Mouse,3531,97
919986,Elephant,224810,823
919997,Elephant,425258,1136
920052,Mouse,4646,78
920071,Mouse,4344,66
920104,Mouse,5499,70
920153,Mouse,5736,75
920198,Mouse,3633,64
920225,Mouse,3120,67
920243,Mouse,4360,66
920344,Mouse,4737,69
920356,Elephant,380112,1058
920414,Mouse,4510,70
920509,Mouse,5635,66
920701,Mouse,5035,69
920708,Mouse,3871,69
920727,Mouse,4245,73
920738,Mouse,5153,74
920799,Mouse,3580,66
920841,Mouse,4437,71
920848,Mouse,3561,72
920942,Elephant,309079,910
920983,Mouse,4079,67
921093,Elephant,202294,677
921314,Mouse,3285,65
921323,Mouse,4296,68
921375,Mouse,3039,71
921457,Mouse,4546,67
921472,Elephant,167346,608
921526,Mouse,3591,70
921580,Elephant,68115,380
921613,Elephant,71032,375
921720,Mouse,5247,65
921801,Mouse,5764,67
921916,Mouse,4241,70
921950,Mouse,4849,69
922051,Mouse,4036,67
922160,Mouse,3692,82
922189,Elephant,297714,878
922194,Mouse,4804,85
922267,Mouse,5163,69
922366,Mouse,5470,79
922399,Mouse,5575,87
922466,Mouse,5034,99
922496,Mouse,5783,101
922566,Mouse,4051,118
922676,Mouse,4533,116
922728,Mouse,5345,100
922748,Mouse,5830,108
922835,Mouse,3074,105
922963,Mouse,5076,104
923016,Elephant,572632,1478
923098,Mouse,3682,87
923133,Mouse,5676,74
923232,Mouse,4783,76
923308,Mouse,5508,94
923385,Elephant,198631,1148
923462,Mouse,4047,85
923542,Mouse,4151,79
923551,Mouse,3841,84
923555,Mouse,5403,87
923565,Mouse,3776,90
923573,Elephant,124613,705
923612,Mouse,3003,97
923637,Mouse,3831,91
923701,Elephant,482946,1791
923756,Elephant,463626,1684
923989,Mouse,3030,64
924002,Mouse,4807,65
924100,Mouse,3874,64
924168,Mouse,4989,65
924176,Mouse,3495,64
924256,Mouse,3476,64
924301,Mouse,3869,65
924315,Mouse,4177,66
924321,Mouse,5611,70
924374,Mouse,4356,65
924409,Mouse,3228,67
924427,Mouse,3607,64
924469,Mouse,5797,76
924471,Mouse,5274,73
924480,Mouse,4464,65
924486,Mouse,4775,65
924492,Elephant,78478,411
924560,Mouse,3131,64
924616,Mouse,4883,66
924695,Mouse,3646,64
924715,Mouse,3523,64
924732,Mouse,3457,64
924909,Mouse,5186,65
924981,Mouse,4318,65
925009,Elephant,118814,498
925019,Mouse,3159,64
925132,Mouse,5578,66
925161,Mouse,4294,67
925172,Mouse,4092,66
925184,Mouse,4600,65
925233,Mouse,5483,66
925247,Mouse,4217,65
925268,Mouse,4623,65
925369,Elephant,53650,318
925381,Mouse,4993,66
925435,Mouse,5233,65
925487,Mouse,5823,66
925491,Mouse,3114,64
925566,Mouse,3202,65
925569,Mouse,5772,68
925579,Mouse,3956,64
925599,Mouse,5455,67
926016,Mouse,3719,67
926037,Mouse,4685,69
926057,Mouse,3018,69
926127,Mouse,3942,69
926172,Mouse,5714,72
926231,Elephant,180785,631
926301,Mouse,4091,71
926353,Mouse,3489,74
926412,Mouse,4814,67
926416,Mouse,3359,66
926463,Mouse,4883,67
926501,Mouse,4553,65
926587,Mouse,4772,77
926596,Mouse,3992,76
926641,Mouse,4409,77
926676,Mouse,5521,81
926741,Elephant,249094,824
926862,Mouse,5158,68
926913,Elephant,352161,955
926978,Mouse,3148,64
927033,Mouse,3681,64
927040,Mouse,5469,67
927125,Mouse,5797,67
927312,Mouse,4930,70
927553,Mouse,4183,67
927582,Elephant,444564,1060
927642,Mouse,3492,64
927777,Mouse,5558,69
927794,Mouse,4218,64
927893,Mouse,4272,65
928094,Mouse,5442,66
928097,Mouse,3196,64
928216,Mouse,3399,66
928233,Mouse,3417,66
928262,Mouse,5287,68
928270,Mouse,3859,65
928324,Mouse,4643,71
928530,Mouse,5702,67
928569,Mouse,3776,68
928662,Mouse,4321,74
928720,Mouse,4516,76
928773,Mouse,5069,69
928801,Mouse,3737,68
928811,Mouse,4116,64
928836,Mouse,3373,68
928957,Mouse,3615,66
928958,Elephant,527049,1250
929061,Mouse,3056,64
929098,Mouse,4829,65
929155,Mouse,3360,64
929187,Mouse,4843,65
929324,Mouse,5160,65
929382,Mouse,3527,64
929391,Mouse,5498,66
929416,Mouse,4693,65
929437,Mouse,5596,66
929451,Mouse,3919,64
929461,Mouse,5796,67
929481,Mouse,4978,65
929533,Mouse,3587,64
929553,Mouse,3696,64
929643,Mouse,5283,65
929695,Mouse,4252,66
929760,Mouse,3726,64
929818,Mouse,4799,65
930029,Mouse,4077,64
930115,Mouse,3551,64
930151,Mouse,4486,67
930153,Mouse,5014,68
930199,Mouse,5644,66
930214,Mouse,3996,66
930216,Mouse,4603,67
930287,Mouse,4627,73
930337,Mouse,3732,64
930407,Mouse,5344,72
930467,Mouse,4220,71
930519,Mouse,4390,72
930541,Mouse,3846,78
930559,Mouse,3624,83
930624,Mouse,4792,98
930632,Elephant,441692,1170
930653,Mouse,5580,92
930692,Mouse,5801,83
930711,Mouse,3163,83
930740,Mouse,5222,73
930782,Mouse,4591,70
930795,Elephant,138220,592
930799,Mouse,5346,74
930808,Mouse,3228,64
930829,Mouse,4245,69
931043,Mouse,4721,67
931087,Mouse,3968,74
931183,Mouse,4725,80
931207,Mouse,4110,82
931224,Mouse,4118,84
931401,Elephant,125503,605
931509,Mouse,3867,81
931568,Elephant,507328,1289
931580,Mouse,3970,80
931601,Mouse,5584,81
931674,Mouse,3556,74
931762,Mouse,5647,74
931797,Mouse,5076,76
931844,Mouse,3926,81
931967,Mouse,3095,90
932070,Mouse,5490,105
932100,Mouse,3015,110
932125,Elephant,595726,1651
932145,Mouse,4680,106
932152,Elephant,109485,604
932197,Mouse,4821,72
932235,Mouse,3646,67
932437,Mouse,3744,65
932451,Mouse,4831,69
932513,Mouse,5754,74
932517,Mouse,3771,75
932526,Mouse,4370,67
932541,Mouse,5823,73
932584,Mouse,4102,69
932599,Mouse,3535,70
932613,Elephant,542294,1463
932615,Mouse,5142,72
932634,Mouse,4169,64
932659,Mouse,3568,71
932698,Mouse,3191,64
932720,Mouse,3566,64
932837,Mouse,3345,66
932864,Mouse,3366,64
932869,Mouse,5451,66
933157,Mouse,4964,66
933213,Mouse,4280,65
933238,Elephant,281714,859
933335,Mouse,5341,65
933366,Mouse,5023,65
933411,Mouse,3895,66
933446,Mouse,5472,72
933468,Mouse,5201,65
933513,Mouse,4846,65
933614,Mouse,5177,70
933664,Mouse,5063,74
933665,Mouse,5381,73
933695,Mouse,5219,70
933722,Mouse,4639,65
933766,Mouse,3628,67
933835,Mouse,3487,66
933902,Mouse,4214,68
933915,Mouse,3958,66
934114,Mouse,5703,73
934165,Mouse,4958,86
934192,Mouse,5653,94
934233,Mouse,4203,104
934403,Mouse,3823,100
934562,Mouse,5619,86
934582,Elephant,501119,1299
934637,Mouse,3003,86
934665,Mouse,4602,84
934819,Mouse,4723,71
934832,Mouse,4001,71
934974,Mouse,4432,88
935056,Mouse,5703,106
935121,Mouse,5818,105
935130,Mouse,4771,109
935148,Elephant,428228,1456
935187,Mouse,3756,85
935217,Mouse,3245,80
935227,Elephant,47321,415
935259,Elephant,508003,1565
935277,Mouse,3904,68
935318,Mouse,4581,65
935335,Elephant,235927,1293
935363,Mouse,3696,66
935383,Mouse,4630,65
935419,Mouse,4851,65
935521,Mouse,3552,64
935576,Mouse,4944,67
935589,Mouse,5563,66
935655,Mouse,5442,68
935660,Mouse,3404,70
935678,Mouse,4536,65
935713,Mouse,5214,72
935765,Mouse,4525,65
935881,Mouse,4485,69
935969,Mouse,5278,67
936030,Mouse,4717,65
936133,Mouse,4223,66
936203,Mouse,3185,73
936298,Mouse,3596,69
936394,Mouse,5672,84
936493,Mouse,4070,98
936497,Mouse,5563,103
936546,Mouse,4033,110
936654,Elephant,536708,1321
936660,Mouse,3760,100
936677,Mouse,4428,91
936800,Mouse,4325,70
936812,Mouse,3560,72
936835,Mouse,4382,73
936846,Mouse,3356,71
936893,Mouse,3625,69
936927,Mouse,5815,70
936982,Mouse,4433,67
937013,Mouse,3317,71
937076,Mouse,3276,71
937114,Mouse,3655,70
937165,Mouse,3226,71
937225,Mouse,5645,78
937242,Mouse,4961,86
937256,Elephant,220598,959
937268,Mouse,4300,79
937302,Mouse,5211,92
937303,Mouse,5664,93
937394,Mouse,3004,72
937467,Elephant,295801,1213
937588,Elephant,555696,1591
937651,Mouse,4903,65
937714,Mouse,3996,67
937827,Mouse,5708,66
937962,Mouse,4598,65
937999,Mouse,5049,76
938113,Mouse,4614,69
938195,Mouse,4630,69
938249,Mouse,5656,74
938318,Mouse,4259,76
938363,Elephant,437539,1073
938390,Mouse,3919,67
938407,Mouse,5732,71
938425,Mouse,4733,65
938429,Elephant,132411,551
938479,Mouse,4257,65
938513,Mouse,3471,64
938757,Mouse,3680,64
938848,Mouse,4398,65
938951,Mouse,4794,65
939052,Mouse,3744,64
939120,Mouse,5806,66
939128,Mouse,5539,66
939204,Mouse,5048,68
939220,Mouse,3384,64
939425,Mouse,5210,65
939509,Mouse,4438,65
939545,Mouse,4699,69
939654,Elephant,111779,491
939737,Mouse,3087,64
939779,Mouse,3892,65
939885,Mouse,5514,67
939918,Mouse,3634,64
939939,Mouse,3938,69
939989,Mouse,3132,69
940153,Mouse,5061,69
940159,Mouse,4264,72
940168,Elephant,504668,1122
940234,Mouse,3252,64
940297,Mouse,4290,67
940307,Mouse,5535,66
940410,Mouse,3835,64
940421,Mouse,5273,68
940610,Mouse,3272,66
940670,Mouse,3309,66
940751,Elephant,200660,702
940810,Mouse,4032,67
940920,Mouse,3686,69
941060,Elephant,228334,748
941073,Mouse,3279,88
941107,Mouse,4083,85
941122,Mouse,3871,79
941191,Mouse,4807,79
941247,Mouse,4646,86
941266,Mouse,3397,90
941285,Mouse,3600,96
941387,Elephant,283190,1032
941391,Mouse,4543,80
941434,Mouse,3522,70
941480,Mouse,3906,69
941526,Mouse,5066,72
941604,Elephant,104160,547
941654,Mouse,5206,73
941667,Mouse,3103,75
941692,Mouse,3998,74
941781,Elephant,416280,1134
941794,Mouse,5234,70
941864,Mouse,3266,67
941930,Mouse,4584,69
941982,Mouse,3944,64
942038,Mouse,5466,70
942120,Mouse,3352,65
942207,Mouse,5581,67
942265,Elephant,534950,1360
942300,Mouse,4671,65
942344,Mouse,3283,64
942388,Mouse,3327,64
942615,Mouse,3602,64
942734,Mouse,4287,69
942749,Mouse,5006,65
943012,Mouse,4769,67
943249,Mouse,4700,81
943301,Mouse,3632,64
943301,Elephant,330398,1136
943313,Mouse,3528,67
943384,Mouse,4528,75
943416,Mouse,5275,72
943466,Mouse,5782,77
943486,Mouse,5639,79
943567,Mouse,4131,78
943630,Mouse,3489,79
943671,Elephant,585959,1811
943726,Elephant,341672,970
943734,Mouse,4454,77
943809,Mouse,4909,66
943811,Mouse,3483,65
943830,Mouse,4147,70
943840,Mouse,4646,65
943867,Mouse,3823,67
943871,Elephant,44059,305
943933,Mouse,4763,65
943946,Mouse,4110,66
943961,Mouse,5771,68
943985,Mouse,3590,64
944047,Mouse,3977,66
944147,Mouse,4429,71
944184,Mouse,5432,70
944225,Mouse,4072,69
944408,Mouse,4478,69
944424,Mouse,3930,72
944444,Mouse,5116,76
944519,Elephant,342216,958
944550,Mouse,5124,68
944655,Mouse,3642,64
944693,Mouse,3143,64
944704,Mouse,4424,65
944739,Mouse,3060,66
944741,Mouse,4810,71
944755,Mouse,5004,65
944821,Mouse,3653,65
945020,Mouse,4055,68
945027,Mouse,4974,69
945072,Mouse,4474,70
945107,Mouse,4910,67
945111,Mouse,3888,66
945182,Mouse,4630,66
945214,Mouse,4531,70
945305,Mouse,5706,69
945313,Mouse,5066,72
945365,Elephant,582428,1463
945373,Mouse,4250,65
945385,Mouse,4786,65
945415,Mouse,4668,65
945484,Mouse,4342,65
945538,Mouse,3442,64
945575,Mouse,5732,69
945575,Mouse,5168,69
945580,Mouse,3702,65
945703,Mouse,5227,65
945708,Mouse,3774,64
945760,Mouse,5664,66
945818,Mouse,5592,66
945823,Mouse,5286,65
945826,Mouse,4325,65
945895,Mouse,5137,65
946023,Mouse,5420,65
946075,Mouse,3789,64
946126,Mouse,3045,67
946161,Mouse,4333,65
946201,Mouse,3648,66
946234,Mouse,4624,80
946345,Mouse,3657,82
946348,Elephant,46429,306
946382,Mouse,4017,82
946450,Mouse,5608,83
946595,Elephant,80301,495
946804,Mouse,3138,105
946851,Mouse,5488,116
946930,Mouse,4221,121
946954,Mouse,5281,125
947017,Mouse,4176,108
947044,Mouse,4536,111
947179,Mouse,3942,118
947269,Elephant,462365,1424
947304,Mouse,4573,124
947348,Mouse,5607,102
947394,Mouse,4105,94
947399,Elephant,291956,1237
947413,Mouse,4750,82
947533,Mouse,5782,80
947574,Elephant,318463,1436
947611,Mouse,3888,72
947614,Mouse,5479,75
947643,Mouse,4843,69
947680,Mouse,4190,68
947732,Mouse,4722,70
947796,Mouse,4081,67
947839,Mouse,4787,69
947857,Elephant,553218,1719
947899,Mouse,4264,65
947932,Mouse,4653,66
947943,Mouse,3586,64
948005,Mouse,3521,66
948012,Mouse,4049,64
948051,Mouse,5463,72
948099,Mouse,3142,76
948157,Mouse,5136,69
948171,Mouse,4752,70
948191,Mouse,4024,69
948204,Mouse,3194,64
948220,Elephant,42475,287
948267,Mouse,4704,68
948428,Mouse,5545,71
948525,Mouse,3317,74
948580,Elephant,69741,483
948627,Mouse,4472,90
948888,Mouse,4213,91
948907,Mouse,3293,94
948909,Mouse,3758,96
948982,Elephant,386486,1181
948991,Mouse,5424,113
949035,Mouse,3046,108
949093,Mouse,5243,109
949193,Mouse,3147,91
949314,Mouse,3917,100
949360,Mouse,5787,112
949369,Mouse,3489,115
949424,Elephant,359129,1433
949429,Elephant,258356,1174
949432,Mouse,5512,126
949437,Mouse,4926,122
949442,Mouse,5637,118
949485,Mouse,4705,88
949512,Mouse,3186,84
949522,Mouse,4678,90
949584,Mouse,3089,66
949605,Mouse,5833,76
949663,Mouse,4410,74
949667,Mouse,5667,77
949693,Mouse,4822,80
949850,Mouse,3326,79
949867,Mouse,3085,87
950046,Mouse,3752,111
950065,Mouse,3752,113
950094,Mouse,3030,125
950131,Mouse,3879,120
950226,Elephant,481348,1576
950256,Mouse,3420,103
950257,Mouse,5155,106
950269,Mouse,3356,98
950400,Mouse,4032,77
950438,Elephant,501329,1560
950530,Mouse,5585,67
950593,Mouse,5704,69
950630,Mouse,5466,69
950655,Mouse,5059,72
950660,Mouse,5799,76
950713,Elephant,291312,988
950720,Mouse,4155,75
950837,Mouse,4370,68
950854,Mouse,4647,68
950876,Mouse,5333,67
950940,Elephant,233552,1042
950970,Mouse,4083,67
950977,Mouse,5679,68
951069,Mouse,4414,65
951146,Mouse,3203,66
951195,Mouse,3508,70
951205,Mouse,5398,65
951317,Mouse,5097,68
951331,Mouse,3097,67
951412,Elephant,262219,785
951476,Mouse,5828,66
951511,Mouse,3943,64
951545,Mouse,3483,64
951566,Mouse,5439,66
951638,Mouse,4440,65
951642,Mouse,3742,64
951727,Mouse,3961,67
951743,Mouse,5068,68
951802,Mouse,4317,65
951889,Mouse,4895,70
951899,Mouse,4541,70
951945,Mouse,3662,71
951972,Mouse,5279,69
952027,Mouse,3084,66
952104,Mouse,3960,66
952198,Mouse,3331,66
952343,Mouse,3329,75
952380,Mouse,5518,83
952571,Mouse,3145,115
952584,Mouse,5761,119
952628,Mouse,4056,115
952673,Mouse,4475,114
952695,Mouse,4603,111
952722,Mouse,4569,104
952877,Mouse,4588,99
952955,Mouse,3377,109
953007,Mouse,3195,106
953060,Mouse,3473,118
953072,Mouse,4747,124
953099,Mouse,5172,122
953132,Elephant,590139,1519
953134,Mouse,4665,126
953247,Mouse,5420,68
953383,Elephant,478150,1652
953429,Mouse,3795,74
953452,Mouse,4299,77
953533,Mouse,4029,82
953565,Mouse,5340,85
953590,Mouse,4750,92
953759,Elephant,392102,1648
953890,Mouse,5047,90
953916,Mouse,5336,100
954004,Mouse,5235,123
954179,Mouse,4343,121
954191,Mouse,3312,122
954208,Mouse,4963,120
954290,Elephant,187848,978
954299,Mouse,4905,102
954323,Mouse,3521,89
954354,Elephant,515873,2093
954387,Elephant,61658,494
954436,Mouse,3774,64
954462,Mouse,4500,70
954476,Mouse,4485,74
954575,Mouse,5250,85
954595,Mouse,3321,86
954749,Mouse,5311,108
954774,Mouse,3198,111
954872,Mouse,4528,122
954970,Elephant,523638,2031
954984,Mouse,3475,118
955283,Mouse,5339,100
955434,Elephant,107574,969
955485,Elephant,212944,982
955506,Mouse,3743,97
955514,Mouse,5590,100
955580,Mouse,4304,88
955613,Mouse,3017,78
955668,Mouse,3271,82
955793,Mouse,5561,92
955814,Mouse,4538,107
955880,Mouse,3670,121
955903,Mouse,4166,127
955940,Elephant,535632,2234
956139,Mouse,5062,119
956163,Mouse,4682,119
956203,Mouse,3081,111
956216,Elephant,500023,2452
956238,Mouse,5589,100
956260,Mouse,3499,92
956272,Mouse,3108,93
956337,Elephant,460674,1910
956339,Mouse,5699,82
956350,Mouse,3629,68
956414,Elephant,66256,493
956498,Mouse,4418,74
956573,Mouse,5794,68
956596,Mouse,4853,70
956687,Elephant,211527,866
956834,Mouse,5284,73
956837,Mouse,4898,74
956847,Mouse,5398,78
956856,Mouse,3543,78
956964,Mouse,5019,65
956970,Mouse,4654,68
957007,Mouse,4539,65
957016,Mouse,3484,69
957024,Mouse,5030,74
957037,Mouse,3112,75
957049,Mouse,3360,70
957136,Mouse,4781,71
957155,Mouse,3972,67
957190,Elephant,426875,1486
957247,Mouse,5317,73
957295,Mouse,4464,71
957328,Mouse,4988,70
957434,Mouse,3730,65
957436,Mouse,3948,66
957462,Mouse,4133,70
957533,Elephant,133414,538
957565,Mouse,3416,64
957578,Mouse,3741,64
957657,Mouse,4009,64
957745,Mouse,5595,66
957789,Mouse,5203,73
957812,Elephant,200389,683
957817,Mouse,3877,66
957860,Mouse,5580,69
957961,Mouse,5451,66
957981,Mouse,3464,67
958012,Mouse,4699,65
958157,Mouse,4675,67
958166,Mouse,4639,72
958315,Mouse,5640,68
958330,Mouse,4069,64
958348,Mouse,4490,69
958399,Mouse,4574,73
958413,Elephant,244511,755
958445,Mouse,5541,70
958461,Mouse,4388,77
958506,Mouse,3046,64
958546,Mouse,4493,71
958647,Mouse,4188,67
958669,Mouse,4662,69
958720,Elephant,105648,470
958751,Mouse,3896,71
958763,Mouse,5808,71
958769,Mouse,4252,69
958792,Mouse,4274,72
958844,Mouse,5323,79
958856,Mouse,3921,68
958912,Elephant,127299,531
958925,Mouse,4962,74
958926,Mouse,4155,77
958953,Mouse,4026,70
959029,Mouse,3823,72
959063,Mouse,3438,69
959065,Mouse,4912,68
959248,Elephant,250025,840
959332,Mouse,4788,74
959384,Elephant,217110,748
959472,Mouse,5446,70
959492,Mouse,3483,66
959545,Mouse,4923,74
959677,Mouse,3442,78
959698,Mouse,3144,84
959702,Mouse,4853,86
959818,Mouse,4940,106
959841,Mouse,3345,101
959853,Elephant,370443,1074
959947,Mouse,3539,70
959949,Mouse,5669,72
960008,Mouse,4223,69
960088,Mouse,4156,73
960113,Mouse,3857,79
960144,Mouse,5301,87
960192,Mouse,4454,103
960196,Elephant,190447,777
960253,Mouse,4583,103
960299,Mouse,4358,90
960310,Mouse,5138,93
960531,Mouse,3533,103
960589,Mouse,5280,109
960640,Mouse,3336,105
960709,Mouse,4708,108
960869,Elephant,487089,1625
961041,Elephant,347660,1754
961111,Mouse,4945,107
961112,Mouse,5493,108
961129,Mouse,4015,111
961241,Elephant,31249,314
961308,Mouse,5644,114
961334,Mouse,3793,108
961353,Elephant,206218,1271
961410,Mouse,4768,99
961411,Mouse,3310,93
961420,Mouse,5596,99
961428,Mouse,4121,101
961576,Mouse,4275,117
961676,Mouse,4554,130
961705,Mouse,4802,137
961740,Mouse,5372,136
961876,Mouse,3163,124
961978,Mouse,4314,97
962028,Mouse,4101,84
962042,Mouse,3245,89
962077,Elephant,536639,2057
962155,Mouse,3372,84
962268,Mouse,4407,96
962385,Mouse,3849,112
962401,Mouse,4947,119
962440,Mouse,3139,122
962463,Elephant,292690,1717
962469,Mouse,4304,125
962508,Mouse,5436,125
962591,Mouse,4224,109
962658,Mouse,3994,97
962679,Elephant,547658,2533
962682,Mouse,5040,104
962746,Mouse,4739,92
962763,Elephant,247834,1401
962767,Mouse,5393,97
962780,Mouse,4847,86
962882,Elephant,476030,2174
962957,Mouse,4539,67
962966,Mouse,5720,72
963059,Mouse,4597,65
963090,Mouse,5365,69
963097,Mouse,4043,64
963115,Mouse,3304,66
963135,Mouse,3799,70
963190,Mouse,3539,64
963230,Mouse,4957,74
963275,Mouse,4233,69
963281,Mouse,4828,65
963292,Mouse,5153,69
963394,Mouse,3178,68
963490,Mouse,4385,76
963538,Mouse,5562,81
963717,Elephant,599420,1642
963759,Mouse,5239,84
963775,Mouse,3558,80
963964,Mouse,4280,73
964017,Elephant,307768,917
964029,Mouse,5274,71
964122,Mouse,4133,68
964196,Mouse,4085,64
964280,Mouse,3764,64
964340,Mouse,5739,69
964412,Mouse,4532,65
964460,Elephant,488684,1158
964530,Mouse,4762,65
964571,Mouse,4894,65
964777,Mouse,3373,64
964854,Mouse,4966,65
964909,Mouse,3207,64
964985,Mouse,3724,68
965302,Mouse,3447,74
965424,Mouse,5065,79
965448,Mouse,3837,83
965451,Mouse,3850,84
965469,Elephant,131879,580
965474,Mouse,3303,86
965653,Elephant,295670,871
965722,Mouse,5458,67
965900,Mouse,3045,67
965943,Mouse,4648,75
966088,Elephant,507303,1261
966109,Mouse,5236,76
966196,Elephant,263182,826
966211,Mouse,5261,65
966274,Mouse,4367,65
966362,Mouse,3456,64
966420,Mouse,5220,66
966451,Mouse,3100,64
966620,Mouse,4265,65
966678,Mouse,5799,71
966746,Elephant,106241,457
966759,Mouse,5557,66
966817,Mouse,4627,66
966828,Mouse,4501,65
966854,Mouse,5417,69
966974,Mouse,5623,69
967013,Mouse,5403,68
967079,Mouse,4720,68
967246,Mouse,3955,68
967257,Mouse,3695,71
967271,Mouse,4554,80
967295,Mouse,5021,75
967304,Elephant,377705,1042
967322,Mouse,3643,76
967330,Mouse,3177,73
967342,Mouse,5361,74
967530,Mouse,4796,69
967590,Mouse,4551,72
967661,Mouse,4902,66
967679,Elephant,163796,645
967779,Mouse,4969,65
967810,Mouse,4417,72
967822,Mouse,5065,75
968030,Elephant,402395,1011
968036,Mouse,4235,74
968049,Mouse,4193,72
968181,Mouse,4100,67
968274,Mouse,5594,76
968314,Mouse,5428,85
968324,Mouse,4604,89
968420,Elephant,37384,292
968427,Mouse,5087,110
968488,Mouse,5585,108
968570,Mouse,4065,99
968658,Mouse,3069,99
968833,Mouse,5408,113
968984,Mouse,5060,117
969078,Mouse,3563,131
969097,Mouse,3338,133
969123,Mouse,5212,135
969152,Mouse,5199,126
969197,Mouse,3697,114
969306,Mouse,3168,99
969354,Elephant,539430,1714
969370,Mouse,4318,99
969411,Mouse,4805,94
969444,Mouse,4210,90
969448,Mouse,4759,94
969526,Elephant,132683,1186
969704,Mouse,4213,98
969712,Mouse,4994,101
969728,Mouse,3520,103
969794,Mouse,3665,120
969864,Elephant,496002,2059
969915,Mouse,4456,91
969955,Mouse,3617,85
969966,Mouse,4584,89
970025,Mouse,4604,95
970042,Elephant,398353,1825
970052,Mouse,3740,94
970187,Mouse,5588,70
970245,Mouse,4268,72
970272,Mouse,4352,85
970321,Mouse,3056,83
970366,Mouse,4587,89
970385,Mouse,4234,101
970494,Mouse,5306,111
970521,Mouse,4195,103
970540,Elephant,475793,1998
970551,Mouse,5011,90
970656,Mouse,4714,70
970693,Mouse,5737,70
970837,Mouse,5732,73
970909,Mouse,5158,81
970961,Mouse,3033,83
971039,Mouse,3985,88
971074,Elephant,558200,1779
971141,Mouse,3491,66
971141,Elephant,527775,1504
971156,Mouse,4700,65
971289,Mouse,3588,64
971322,Mouse,3007,64
971326,Mouse,4185,64
971440,Mouse,5502,66
971532,Mouse,3531,64
971666,Mouse,5830,66
971746,Mouse,4190,69
971839,Mouse,3700,64
971856,Elephant,95536,448
971880,Mouse,3566,64
971971,Mouse,4219,64
971979,Mouse,4866,66
972141,Mouse,5697,69
972213,Mouse,3039,68
972279,Mouse,3660,64
972317,Elephant,214021,696
972369,Mouse,5286,65
972447,Mouse,3177,64
972489,Mouse,5163,65
972493,Mouse,5214,65
972519,Elephant,161692,593
972546,Mouse,3812,64
972614,Mouse,4828,65
972832,Mouse,5264,65
972850,Mouse,3990,64
972973,Mouse,3929,67
972982,Mouse,5041,73
972997,Mouse,4832,65
973036,Mouse,4740,65
973121,Mouse,4180,72
973233,Mouse,5432,67
973310,Mouse,4507,66
973341,Mouse,3019,68
973492,Mouse,4200,73
973502,Elephant,361766,942
973507,Mouse,3714,69
973540,Mouse,3372,75
973560,Mouse,5110,68
973671,Mouse,5606,70
973730,Mouse,5063,67
973790,Mouse,4711,69
973803,Mouse,5149,73
973813,Mouse,4841,78
973822,Mouse,3434,79
973833,Elephant,252763,786
973869,Mouse,4022,79
973878,Mouse,4023,67
974166,Elephant,315514,879
974172,Mouse,3933,65
974261,Mouse,3713,64
974266,Mouse,3944,64
974311,Mouse,3381,64
974321,Mouse,3036,64
974499,Mouse,4089,64
974539,Mouse,4883,65
974544,Mouse,4432,69
974568,Mouse,5084,65
974594,Mouse,3457,64
974678,Mouse,4160,64
974683,Mouse,4972,65
974710,Mouse,4860,65
974781,Mouse,3257,64
974858,Mouse,3919,64
975015,Mouse,4853,65
975119,Mouse,4969,65
975124,Mouse,5669,66
975191,Mouse,3963,64
975203,Mouse,4808,65
975286,Mouse,5487,66
975300,Mouse,4680,65
975439,Mouse,4677,65
975536,Mouse,3660,64
975542,Mouse,4531,65
975650,Mouse,5448,66
975667,Mouse,5390,70
975763,Mouse,3401,64
975783,Mouse,4175,64
975814,Mouse,5269,65
975835,Mouse,3755,65
975983,Mouse,4488,65
976138,Mouse,3953,67
976166,Mouse,3684,64
976264,Mouse,3945,67
976296,Mouse,3361,64
976429,Mouse,5162,65
976467,Mouse,5610,67
976555,Mouse,5765,68
976569,Mouse,3252,67
976592,Mouse,4459,72
976654,Mouse,4476,68
976667,Mouse,5354,71
976756,Mouse,5764,71
976761,Elephant,546025,1165
976802,Mouse,4406,70
976809,Mouse,3644,64
976953,Mouse,4387,69
976968,Mouse,4477,65
977023,Mouse,4755,65
977035,Elephant,186401,770
977039,Mouse,4402,65
977063,Mouse,3699,64
977100,Mouse,4998,65
977175,Mouse,4204,68
977202,Mouse,3450,64
977227,Mouse,5529,70
977335,Mouse,5311,65
977367,Mouse,4424,65
977838,Mouse,3261,67
977848,Mouse,3073,64
977881,Mouse,4335,69
977885,Mouse,3539,67
977936,Mouse,5550,66
977980,Mouse,4883,66
978018,Mouse,3656,67
978086,Elephant,414633,1105
978158,Mouse,4641,65
978221,Mouse,5725,66
978237,Mouse,3668,64
978271,Mouse,4252,65
978324,Mouse,3106,64
978443,Mouse,4790,69
978451,Mouse,5331,65
978504,Mouse,5231,65
978591,Mouse,3172,66
978593,Mouse,4744,67
978657,Mouse,5234,67
978700,Mouse,5216,70
978775,Mouse,3649,67
978781,Elephant,366149,936
978845,Mouse,5633,66
978910,Mouse,4539,65
978983,Mouse,3094,64
979005,Mouse,4219,64
979017,Mouse,5742,66
979194,Mouse,5458,66
979205,Mouse,5463,66
979416,Mouse,3473,64
979454,Elephant,107656,468
979482,Mouse,4564,67
979522,Mouse,3125,66
979573,Mouse,4028,67
979595,Mouse,4833,69
979792,Mouse,3142,72
979852,Mouse,3865,72
979882,Mouse,4862,80
979950,Mouse,4436,89
979983,Elephant,225379,756
979987,Mouse,3657,87
980038,Mouse,4386,75
980155,Mouse,5191,78
980399,Mouse,3773,115
980444,Mouse,4588,123
980465,Mouse,3405,130
980485,Mouse,3824,132
980551,Elephant,473946,1353
980705,Mouse,5554,101
980774,Mouse,4975,116
980811,Mouse,3476,122
980822,Elephant,341867,1257
980877,Mouse,3515,114
980971,Elephant,188895,1007
981002,Mouse,5325,100
981012,Elephant,201352,1068
981017,Mouse,5790,91
981025,Mouse,4773,89
981067,Mouse,4939,88
981068,Mouse,5225,90
981253,Mouse,3795,84
981260,Mouse,3943,89
981317,Mouse,4322,99
981350,Elephant,156424,784
981386,Elephant,207808,935
981506,Mouse,5064,66
981636,Mouse,3576,67
981669,Mouse,5391,70
981694,Elephant,414130,1530
981716,Mouse,3809,70
981731,Elephant,222440,1294
981765,Mouse,3750,64
981775,Mouse,3929,65
981876,Mouse,5489,66
981890,Mouse,5139,65
981939,Mouse,3461,64
981948,Mouse,4319,66
981981,Mouse,5263,68
981983,Mouse,5532,69
982030,Mouse,4412,65
982039,Mouse,4389,68
982168,Mouse,4776,70
982178,Mouse,3342,64
982251,Mouse,3765,66
982265,Mouse,4230,65
982365,Mouse,3876,64
982442,Mouse,4034,67
982491,Mouse,4364,65
982511,Mouse,5699,68
982528,Mouse,4380,68
982571,Mouse,5421,71
982593,Mouse,4754,66
982643,Mouse,5497,70
982672,Mouse,5409,67
982840,Mouse,4648,69
982858,Mouse,4214,68
982879,Mouse,5186,72
982911,Mouse,4179,72
982925,Elephant,464100,1083
982948,Mouse,5525,66
982960,Mouse,3747,64
983093,Mouse,3331,64
983101,Mouse,3448,64
983117,Mouse,3692,64
983152,Mouse,4273,65
983201,Mouse,4003,65
983405,Mouse,5216,65
983416,Mouse,5451,66
983436,Mouse,5043,65
983477,Mouse,5775,66
983496,Mouse,3369,64
983541,Mouse,4458,65
983591,Mouse,4462,65
983658,Mouse,3727,64
983668,Mouse,3419,64
983742,Mouse,4805,65
983807,Mouse,4106,67
983810,Mouse,3729,68
983816,Mouse,3378,65
983861,Mouse,3838,64
983904,Mouse,3874,65
983926,Mouse,3406,64
984026,Elephant,49491,284
984095,Mouse,4392,65
984120,Mouse,5759,66
984229,Mouse,5515,66
984316,Mouse,3203,64
984498,Elephant,89191,412
984509,Mouse,3386,64
984512,Mouse,3376,64
984535,Mouse,3228,65
984615,Mouse,3133,64
984621,Mouse,4667,68
984622,Mouse,4140,68
984670,Mouse,4787,65
984721,Mouse,3335,64
984749,Mouse,3151,64
984885,Mouse,4687,65
984911,Mouse,5482,66
985077,Mouse,5095,65
985169,Mouse,5321,65
985208,Mouse,4750,65
985215,Mouse,5820,67
985294,Mouse,4450,65
985302,Mouse,3352,64
985390,Mouse,4133,64
985460,Mouse,4996,69
985484,Mouse,5304,65
985520,Mouse,4942,65
985557,Mouse,3355,64
985583,Mouse,5333,69
985613,Mouse,5659,66
985649,Mouse,4462,65
985665,Mouse,4157,68
985675,Elephant,285386,810
985746,Mouse,4357,65
985791,Mouse,3236,64
985872,Mouse,4636,65
985912,Mouse,3891,64
985996,Mouse,4238,64
986071,Mouse,3460,66
986164,Mouse,3023,64
986199,Mouse,4968,70
986280,Mouse,3559,67
986400,Mouse,4488,77
986515,Mouse,5194,69
986684,Mouse,5438,86
986719,Mouse,5292,98
986784,Mouse,3743,107
986861,Elephant,317291,946
986870,Mouse,3429,93
986878,Mouse,4892,101
986899,Mouse,5832,104
986925,Mouse,3247,85
987045,Mouse,5348,73
987123,Mouse,3242,87
987148,Mouse,3638,95
987156,Elephant,120130,791
987286,Mouse,4735,87
987351,Mouse,4582,98
987441,Mouse,3161,107
987504,Elephant,341760,1330
987509,Mouse,5614,109
987650,Mouse,4810,70
987669,Elephant,364902,1349
987777,Mouse,4096,66
987814,Mouse,3255,64
987864,Mouse,5175,67
987999,Elephant,349031,1180
988002,Mouse,4299,67
988013,Mouse,5329,66
988120,Mouse,5030,71
988136,Mouse,4239,64
988147,Mouse,3043,66
988161,Elephant,89437,420
988164,Mouse,3042,68
988236,Mouse,4419,67
988258,Mouse,4362,68
988273,Mouse,3591,67
988275,Mouse,5090,69
988725,Mouse,3836,88
988814,Elephant,90902,469
988821,Mouse,5462,103
988829,Mouse,3904,102
988866,Mouse,3176,94
988931,Mouse,5304,78
988952,Mouse,3738,76
988969,Elephant,368039,1017
988985,Mouse,3325,74
989015,Mouse,5768,67
989057,Mouse,4174,64
989114,Mouse,4908,65
989350,Mouse,3791,72
989388,Mouse,5142,85
989472,Mouse,5204,99
989671,Elephant,560863,1570
989715,Mouse,5361,99
989787,Mouse,5589,77
989817,Mouse,5170,81
989833,Mouse,5073,80
989933,Mouse,4668,86
990000,Mouse,4540,96
990036,Mouse,4919,100
990110,Elephant,389026,1191
990113,Mouse,4733,99
990122,Mouse,4106,95
990147,Mouse,5780,94
990278,Elephant,176747,1020
990331,Mouse,4291,65
990455,Mouse,4416,65
990511,Elephant,425906,1406
990562,Mouse,3588,64
990638,Mouse,5685,66
990708,Mouse,4500,65
990757,Mouse,5594,66
990824,Mouse,3941,67
990852,Mouse,4628,65
990863,Mouse,4522,66
990895,Mouse,5226,65
990913,Mouse,3254,65
990919,Mouse,3933,65
990923,Mouse,3395,64
990939,Mouse,5265,66
991134,Mouse,5018,69
991140,Mouse,5768,67
991184,Mouse,3333,65
991232,Mouse,5451,67
991246,Mouse,4703,65
991259,Mouse,4940,69
991283,Mouse,3433,68
991384,Elephant,199559,669
991423,Mouse,3834,65
991427,Mouse,4535,68
991535,Mouse,3259,67
991538,Elephant,86777,413
991629,Mouse,3522,64
991726,Mouse,3817,64
991731,Mouse,3734,64
991780,Mouse,5709,66
991808,Mouse,3447,71
991809,Mouse,5059,72
991854,Mouse,4475,70
991867,Mouse,5010,65
991888,Mouse,4160,66
991921,Mouse,3124,64
991993,Mouse,4880,65
992037,Mouse,5168,66
992043,Mouse,3132,64
992151,Mouse,5204,70
992165,Mouse,3879,64
992183,Elephant,131445,535
992201,Mouse,4456,70
992228,Mouse,3878,64
992241,Mouse,3828,64
992396,Mouse,3238,64
992439,Mouse,3906,65
992445,Mouse,5338,65
992469,Mouse,3449,66
992478,Mouse,4230,69
992520,Mouse,3334,69
992580,Mouse,5024,65
992627,Mouse,3843,64
992655,Mouse,3280,67
992768,Mouse,5489,66
992781,Elephant,172361,807
992856,Mouse,5047,65
992908,Mouse,4813,65
993142,Mouse,4137,64
993157,Mouse,3680,64
993265,Mouse,3876,64
993405,Mouse,5345,66
993437,Mouse,3599,65
993480,Mouse,5413,70
993531,Mouse,3497,64
993593,Mouse,4139,64
993641,Mouse,4701,65
993676,Mouse,3236,64
993679,Mouse,4319,65
993690,Elephant,85670,410
993740,Mouse,5212,65
993839,Mouse,3414,64
993855,Mouse,4952,65
993886,Mouse,3159,64
993915,Mouse,3564,64
993952,Mouse,3794,64
993980,Mouse,4850,65
994002,Mouse,4855,65
994017,Mouse,3834,64
994202,Mouse,4681,65
994220,Mouse,3379,64
994306,Mouse,4691,65
994338,Mouse,4093,70
994422,Elephant,39782,242
994609,Mouse,4455,65
994665,Mouse,4377,65
994737,Mouse,5570,70
994813,Mouse,3509,67
994866,Mouse,3690,70
994876,Mouse,3801,75
994886,Mouse,5445,80
994990,Mouse,4110,73
995015,Mouse,5593,78
995037,Elephant,64438,365
995080,Mouse,5774,85
995109,Mouse,3658,87
995170,Mouse,4946,83
995184,Mouse,3189,72
995221,Elephant,370992,996
995232,Mouse,4769,73
995279,Elephant,130032,591
995321,Mouse,4185,65
995429,Mouse,3050,64
995456,Mouse,5115,65
995535,Mouse,3220,72
995550,Mouse,3349,76
995562,Mouse,3388,64
995692,Mouse,4372,66
995708,Mouse,3168,70
995894,Mouse,3389,75
995967,Mouse,3405,94
996083,Mouse,4634,110
996116,Mouse,5169,110
996187,Elephant,474209,1421
996320,Mouse,5200,77
996331,Mouse,4212,80
996430,Mouse,5833,89
996535,Mouse,3731,100
996550,Mouse,4227,106
996564,Mouse,4150,104
996593,Mouse,5158,109
996620,Elephant,216248,1112
996668,Mouse,4572,111
996677,Mouse,5690,115
996708,Mouse,3409,105
996751,Mouse,5358,112
996812,Elephant,140791,1025
996815,Mouse,4567,100
997070,Mouse,4238,98
997136,Elephant,485703,1717
997150,Mouse,4911,108
997237,Mouse,5617,106
997375,Elephant,334424,1350
997403,Elephant,347932,1363
997406,Mouse,3506,99
997623,Mouse,5317,75
997748,Mouse,4112,75
997790,Mouse,4591,89
997820,Mouse,4875,94
997900,Mouse,5749,103
997948,Mouse,4927,110
998036,Mouse,4451,105
998089,Mouse,5285,103
998143,Mouse,3032,107
998159,Mouse,3723,111
998177,Mouse,5306,118
998204,Mouse,5462,126
998241,Mouse,4261,128
998251,Elephant,483267,1643
998272,Mouse,4008,109
998291,Mouse,4634,101
998334,Mouse,5365,69
998361,Mouse,3229,68
998381,Mouse,4215,71
998394,Mouse,3744,70
998469,Mouse,3015,73
998511,Mouse,4766,82
998604,Mouse,3082,99
998639,Mouse,5376,93
998762,Mouse,5602,91
998839,Elephant,465449,1471
998923,Mouse,3122,74
998932,Mouse,5516,72
998943,Elephant,446402,1924
998973,Mouse,4417,69
998995,Mouse,3244,66
999092,Mouse,5531,67
999241,Mouse,3452,66
999353,Mouse,5388,72
999387,Mouse,5448,76
999404,Mouse,5246,81
999453,Mouse,5146,91
999456,Elephant,540710,1816
999466,Mouse,4477,95
999467,Mouse,3411,91
999479,Mouse,5257,97
999503,Mouse,3531,79
999504,Mouse,3799,81
999580,Mouse,4510,70
999645,Mouse,5817,70
999652,Mouse,5744,75
999709,Mouse,3468,72
999750,Mouse,5293,69
999830,Mouse,4021,69
999928,Elephant,591220,1546
999953,Mouse,3981,68
999959,Mouse,4273,73
1000010,Mouse,3979,65
1000053,Mouse,3731,66
1000322,Elephant,297490,870
1000401,Elephant,109066,516