CompletionTime_us,FlowType,SizeBytes,FCT_us
100074,Mouse,3393,74
100077,Mouse,4329,77
100080,Mouse,4939,80
100081,Mouse,5282,81
100091,Mouse,3661,64
100137,Mouse,5051,65
100152,Mouse,4864,65
100218,Mouse,3839,64
100274,Mouse,3335,66
100287,Mouse,3517,65
100306,Mouse,3015,64
100340,Mouse,4087,64
100346,Mouse,4039,64
100377,Mouse,3242,68
100386,Mouse,4789,65
100467,Mouse,5320,65
100515,Mouse,4241,64
100528,Mouse,4141,66
100553,Mouse,4113,70
100693,Mouse,5660,69
100768,Mouse,3331,69
100783,Mouse,3085,69
100849,Mouse,4696,79
100947,Mouse,4747,81
101095,Mouse,4320,92
101280,Mouse,3630,94
101288,Mouse,3404,98
101299,Mouse,3374,102
101363,Elephant,116043,691
101395,Mouse,3491,117
101416,Elephant,458632,1252
101451,Mouse,5238,90
101477,Mouse,4015,67
101630,Mouse,3342,67
101715,Mouse,5153,68
101728,Mouse,4880,73
101797,Mouse,5657,81
101800,Mouse,3621,81
101861,Mouse,3571,72
101877,Mouse,5174,74
101888,Mouse,5789,83
101949,Mouse,3664,83
101964,Mouse,5361,87
102029,Elephant,522395,1774
102145,Elephant,266048,1292
102170,Mouse,5467,70
102193,Mouse,4477,65
102232,Mouse,5194,68
102235,Mouse,4773,68
102293,Mouse,3939,69
102296,Mouse,4876,68
102301,Mouse,3122,67
102307,Mouse,3713,64
102310,Mouse,3648,65
102367,Mouse,3592,65
102401,Mouse,3497,65
102624,Mouse,3782,67
102666,Mouse,5466,69
102710,Mouse,5077,70
102752,Mouse,4075,66
102764,Elephant,126192,512
102869,Mouse,4379,68
102914,Elephant,185842,648
102968,Mouse,3361,70
103059,Mouse,4284,67
103101,Mouse,5257,70
103149,Mouse,4973,76
103214,Mouse,4928,65
103355,Mouse,3047,65
103430,Mouse,4739,65
103435,Mouse,5594,67
103464,Mouse,4270,69
103513,Mouse,4067,69
103668,Mouse,4748,66
103788,Elephant,425161,1030
103939,Mouse,3588,64
103953,Mouse,4302,65
104191,Mouse,4765,65
104196,Mouse,5158,65
104244,Mouse,4926,65
104323,Mouse,4942,68
104493,Mouse,4168,74
104567,Mouse,3543,69
104613,Mouse,4794,82
104643,Mouse,3800,89
104670,Mouse,3601,95
104686,Mouse,3027,100
104732,Mouse,4486,96
104791,Mouse,5064,89
104806,Mouse,4616,86
104806,Elephant,184806,740
104813,Mouse,5087,86
105075,Elephant,211901,882
105110,Mouse,3275,72
105194,Elephant,205712,876
105396,Mouse,3790,67
105480,Mouse,3717,67
105490,Mouse,3156,67
105492,Elephant,413470,1326
105531,Mouse,5151,66
105546,Mouse,5549,66
105578,Mouse,3275,64
105747,Mouse,5505,66
105801,Mouse,3656,64
105835,Mouse,3210,64
105992,Mouse,5134,71
105996,Mouse,3672,72
106081,Mouse,3325,64
106115,Mouse,4660,74
106120,Mouse,3858,76
106130,Mouse,3464,80
106142,Mouse,3332,83
106191,Mouse,4476,78
106218,Mouse,3659,81
106231,Mouse,4294,80
106295,Mouse,3501,84
106417,Mouse,3819,76
106486,Mouse,3651,88
106491,Mouse,3284,87
106680,Mouse,4144,105
106711,Mouse,4175,108
106716,Mouse,3606,94
106755,Mouse,5458,89
106794,Mouse,5838,83
106916,Elephant,211843,1124
106989,Mouse,5674,78
107020,Mouse,3574,74
107037,Mouse,3288,77
107125,Mouse,5342,90
107142,Mouse,3361,90
107155,Mouse,5568,96
107166,Mouse,5435,99
107195,Mouse,5551,110
107225,Elephant,385581,1494
107314,Mouse,3682,65
107315,Elephant,396504,1496
107336,Mouse,3075,72
107517,Mouse,3083,69
107646,Mouse,3071,67
107725,Mouse,5048,72
107789,Mouse,4603,74
107890,Mouse,5126,82
108036,Mouse,3706,89
108096,Mouse,3571,98
108123,Elephant,217505,792
108230,Elephant,558490,1942
108304,Mouse,4042,70
108311,Mouse,4091,66
108338,Mouse,4227,67
108380,Mouse,5492,69
108388,Mouse,4904,77
108409,Mouse,4963,65
108475,Elephant,52843,328
108602,Mouse,4410,66
108605,Mouse,3950,66
108612,Mouse,3914,65
108767,Mouse,3057,65
108832,Mouse,5125,67
108912,Mouse,4479,66
108918,Mouse,3328,64
108974,Mouse,5050,65
109042,Mouse,5626,70
109085,Mouse,4279,71
109175,Mouse,3883,66
109224,Mouse,3824,71
109327,Mouse,5286,73
109362,Mouse,4150,75
109383,Mouse,3026,78
109413,Mouse,4862,81
109530,Mouse,5494,92
109575,Mouse,4059,87
109725,Mouse,4925,88
109781,Mouse,3467,97
109816,Mouse,3404,100
109883,Mouse,3514,106
109909,Mouse,3924,109
109970,Mouse,4567,102
110024,Mouse,5066,94
110044,Elephant,521384,1424
110051,Mouse,5568,90
110117,Mouse,3865,83
110295,Elephant,278986,1107
110325,Mouse,3262,92
110449,Mouse,4141,80
110521,Mouse,4839,83
110633,Mouse,5827,105
110637,Mouse,5207,107
110645,Mouse,3025,110
110693,Elephant,584938,1879
110717,Mouse,5416,94
110740,Mouse,4634,80
110763,Mouse,4608,69
110800,Mouse,3326,65
110837,Elephant,297625,1110
110867,Mouse,3374,67
110874,Mouse,3051,69
110906,Mouse,3574,67
110933,Mouse,4035,64
111002,Mouse,3765,68
111063,Mouse,5745,76
111082,Mouse,5379,75
111162,Mouse,5830,84
111166,Mouse,5065,86
111222,Elephant,284784,1071
111230,Mouse,5677,76
111249,Mouse,4293,80
111261,Mouse,3065,77
111262,Mouse,3962,78
111283,Mouse,5550,68
111322,Mouse,4597,71
111323,Elephant,241030,1252
111452,Mouse,5016,65
111461,Mouse,5657,70
111492,Mouse,5722,71
111523,Mouse,3476,65
111546,Mouse,3887,65
111564,Mouse,4210,67
111565,Mouse,3762,67
111690,Mouse,4191,69
111765,Mouse,3316,69
111781,Elephant,163184,766
111784,Mouse,5383,71
111842,Mouse,5027,70
112085,Mouse,4528,66
112115,Mouse,3254,68
112159,Mouse,4702,71
112171,Mouse,3401,72
112179,Mouse,5580,77
112220,Elephant,526813,1371
112263,Mouse,5092,68
112305,Mouse,4365,67
112321,Mouse,5492,66
112379,Mouse,5035,67
112430,Mouse,5290,72
112502,Mouse,5024,65
112535,Mouse,4152,68
112598,Mouse,3124,65
112696,Elephant,256522,780
112699,Mouse,3478,65
112891,Elephant,164083,594
112897,Mouse,4376,68
113150,Mouse,5687,66
113277,Mouse,4594,65
113325,Mouse,4203,79
113327,Mouse,4582,77
113375,Mouse,5187,84
113392,Mouse,3609,73
113402,Elephant,212489,700
113425,Mouse,5552,83
113526,Mouse,4331,68
113601,Mouse,3842,74
113618,Mouse,5085,78
113670,Mouse,5244,74
113695,Mouse,3566,76
113714,Mouse,3911,82
113744,Mouse,3078,88
113785,Mouse,3232,89
113917,Elephant,169970,729
113926,Mouse,3623,80
113932,Mouse,5239,79
114071,Mouse,4227,66
114156,Mouse,4189,73
114165,Mouse,5652,78
114251,Mouse,3692,81
114367,Elephant,591568,1399
114390,Mouse,4261,82
114442,Mouse,3803,74
114445,Mouse,5387,77
114594,Mouse,4322,70
114607,Mouse,3442,71
114660,Mouse,3668,68
114673,Mouse,3360,69
114680,Elephant,458654,1348
114688,Mouse,4264,65
114822,Mouse,4705,67
114841,Mouse,3615,68
114842,Mouse,4795,69
114928,Mouse,5366,65
114934,Mouse,3747,66
115035,Mouse,4443,71
115091,Mouse,5708,72
115147,Mouse,3270,73
115155,Elephant,58235,352
115189,Mouse,4606,82
115190,Mouse,3121,76
115201,Mouse,5064,79
115214,Mouse,3282,74
115245,Mouse,3170,80
115303,Mouse,3644,68
115334,Mouse,4521,75
115336,Elephant,377578,1001
115405,Mouse,5279,70
115461,Mouse,5169,72
115545,Mouse,5048,66
115631,Mouse,4753,68
115680,Mouse,3313,65
115767,Mouse,3535,65
115819,Mouse,3292,69
115822,Mouse,4217,72
115921,Elephant,534980,1173
115972,Mouse,4942,65
115997,Mouse,3036,64
116101,Mouse,5518,66
116202,Mouse,3212,64
116255,Mouse,5729,66
116370,Mouse,3655,64
116473,Mouse,4972,65
116628,Mouse,4681,65
116677,Mouse,3744,64
116689,Mouse,4664,65
116741,Mouse,4190,64
116820,Mouse,5321,65
116875,Mouse,4027,64
116894,Mouse,4662,66
116944,Mouse,5246,71
116977,Mouse,5490,66
117031,Mouse,3263,65
117060,Mouse,5001,68
117065,Mouse,3296,67
117074,Mouse,3137,67
117220,Elephant,72650,368
117271,Mouse,5796,69
117292,Mouse,5678,73
117304,Elephant,128007,517
117308,Mouse,3805,64
117385,Mouse,3196,64
117437,Mouse,3558,65
117473,Mouse,4882,65
117518,Mouse,4182,65
117857,Mouse,5150,74
117916,Mouse,4823,79
117970,Mouse,5541,73
118072,Elephant,423777,1079
118157,Mouse,5435,66
118217,Mouse,5327,65
118242,Mouse,3644,67
118335,Mouse,4765,65
118352,Mouse,3842,64
118368,Mouse,3644,70
118372,Mouse,4421,67
118466,Mouse,4584,70
118545,Mouse,4696,69
118553,Mouse,4390,65
118557,Mouse,4280,66
118713,Mouse,5177,71
118820,Mouse,4283,73
118824,Elephant,93746,448
118917,Mouse,4726,71
118918,Mouse,3970,71
118928,Mouse,5100,76
118933,Elephant,383817,1161
118987,Mouse,5656,73
119029,Mouse,5074,69
119041,Elephant,225483,810
119062,Mouse,3375,70
119113,Mouse,3681,64
119150,Mouse,3426,65
119179,Mouse,4996,65
119231,Mouse,3725,67
119245,Mouse,3373,64
119259,Elephant,63978,335
119270,Mouse,4585,67
119273,Mouse,3616,69
119363,Mouse,5557,67
119393,Mouse,5592,66
119471,Mouse,5687,66
119540,Mouse,3683,67
119611,Mouse,5475,66
119676,Mouse,5533,70
119727,Mouse,4384,78
119746,Mouse,4792,85
119747,Mouse,3389,83
119819,Mouse,5121,76
119906,Elephant,555621,1392
119946,Mouse,5168,71
120004,Mouse,3730,72
120009,Mouse,5657,75
120089,Mouse,5515,70
120174,Elephant,121157,525
120187,Mouse,4707,65
120262,Mouse,3141,64
120284,Elephant,177452,638
120344,Mouse,4403,69
120585,Mouse,4013,66
120596,Mouse,4868,66
120625,Mouse,3975,67
120796,Mouse,3753,67
120808,Mouse,4274,71
120892,Mouse,3390,67
120925,Elephant,133419,539
121009,Mouse,5253,69
121191,Mouse,4747,73
121233,Mouse,3225,72
121353,Elephant,545815,1162
121458,Mouse,5475,68
121466,Mouse,5219,65
121469,Mouse,4151,65
121513,Mouse,4667,66
121529,Mouse,5816,67
121543,Mouse,5369,74
121544,Mouse,5712,75
121669,Mouse,5221,65
121675,Mouse,4832,68
121770,Elephant,235219,739
121827,Mouse,4023,64
121884,Mouse,4831,65
121888,Mouse,4448,65
121950,Mouse,3461,64
122096,Mouse,3162,64
122120,Mouse,4651,65
122225,Mouse,5629,67
122227,Mouse,3900,66
122260,Mouse,5154,65
122304,Mouse,5297,66
122323,Mouse,3197,67
122356,Mouse,5190,65
122364,Mouse,4127,66
122428,Mouse,5558,67
122456,Mouse,4377,67
122612,Mouse,4578,65
122680,Elephant,281499,808
122743,Mouse,5329,65
122751,Mouse,5695,66
122765,Mouse,3632,64
122848,Mouse,4977,65
122876,Mouse,5178,65
122971,Mouse,3023,64
123008,Mouse,4207,67
123096,Mouse,5247,67
123107,Mouse,3494,68
123114,Mouse,5208,65
123149,Mouse,5141,70
123211,Mouse,3783,64
123353,Mouse,4380,68
123442,Mouse,5702,72
123442,Mouse,3361,70
123583,Mouse,4735,81
123597,Mouse,3924,82
123685,Mouse,5522,95
123707,Mouse,3574,86
123754,Elephant,261644,856
123759,Mouse,5712,84
123760,Mouse,3151,84
123768,Mouse,5406,88
123822,Mouse,3909,77
123837,Elephant,259180,842
123867,Elephant,167465,728
124029,Mouse,5220,68
124075,Mouse,5472,68
124166,Mouse,4991,72
124170,Mouse,3602,64
124177,Mouse,3939,64
124246,Mouse,4540,71
124279,Mouse,4220,68
124296,Elephant,49707,297
124302,Mouse,3160,66
124334,Mouse,4433,67
124388,Elephant,168904,620
124406,Mouse,5782,66
124457,Mouse,3698,64
124537,Mouse,5354,65
124607,Mouse,5420,65
124730,Mouse,3806,67
124915,Mouse,5687,69
124935,Mouse,4208,64
125003,Mouse,5385,67
125067,Elephant,192996,663
125100,Mouse,3192,67
125129,Mouse,5577,66
125162,Mouse,4812,65
125169,Mouse,5042,65
125268,Elephant,95725,455
125401,Mouse,3714,64
125477,Elephant,85605,410
125485,Mouse,5563,66
125632,Mouse,4519,71
125824,Mouse,5547,66
125847,Mouse,4703,71
125853,Mouse,3422,72
126089,Mouse,5802,74
126107,Mouse,3465,68
126142,Mouse,4557,72
126201,Mouse,4923,70
126235,Mouse,3070,69
126267,Mouse,4305,74
126276,Mouse,4805,77
126423,Mouse,5154,82
126459,Elephant,502788,1163
126467,Mouse,3363,76
126542,Mouse,3243,64
126561,Mouse,5792,69
126620,Mouse,5607,71
126634,Mouse,3419,75
126642,Mouse,3379,68
126702,Elephant,439208,1196
126724,Mouse,3648,64
126735,Mouse,5747,66
126854,Mouse,4575,65
126860,Mouse,5060,65
126899,Mouse,5805,67
126907,Mouse,5726,66
127110,Mouse,4671,69
127117,Elephant,187987,652
127130,Mouse,5748,81
127132,Mouse,5775,80
127231,Mouse,4169,64
127350,Mouse,4745,65
127388,Mouse,5741,66
127426,Mouse,3987,67
127463,Elephant,101814,460
127497,Mouse,3962,64
127528,Mouse,3813,64
127587,Mouse,4140,66
127590,Mouse,5323,67
127635,Mouse,4149,65
127651,Mouse,4579,66
127661,Mouse,4387,71
127675,Mouse,3595,64
127765,Mouse,5088,65
127917,Mouse,5109,70
127957,Mouse,3034,66
128057,Mouse,5280,70
128085,Mouse,3137,66
128139,Mouse,5273,68
128207,Mouse,4018,64
128299,Mouse,3071,68
128327,Mouse,3191,67
128507,Mouse,5394,70
128576,Mouse,4392,78
128621,Mouse,5349,80
128677,Mouse,3235,85
128752,Mouse,3806,70
128783,Elephant,588394,1282
128829,Mouse,3937,64
128874,Mouse,3104,65
128877,Mouse,3809,67
128879,Mouse,3619,67
129071,Mouse,3945,67
129099,Elephant,400395,1178
129151,Mouse,3304,64
129188,Mouse,5395,65
129195,Mouse,4420,66
129264,Mouse,5354,65
129278,Mouse,4169,64
129289,Mouse,4491,69
129309,Mouse,3092,64
129393,Mouse,4931,68
129395,Mouse,4835,69
129513,Mouse,3103,64
129521,Mouse,4748,68
129569,Mouse,4848,67
129574,Mouse,4820,69
129584,Mouse,4251,70
129591,Mouse,3961,74
129606,Mouse,3520,64
129700,Mouse,3143,64
129735,Mouse,4927,69
129759,Mouse,4735,70
129815,Mouse,5525,76
129860,Elephant,197573,685
129887,Mouse,3532,64
129900,Mouse,3931,65
129946,Mouse,3216,64
129983,Mouse,4991,69
130076,Mouse,3884,67
130086,Mouse,5672,67
130110,Mouse,3209,69
130171,Mouse,4981,65
130208,Mouse,3346,66
130384,Elephant,477747,1091
130669,Mouse,4148,67
130677,Mouse,5638,71
130705,Mouse,3710,66
130713,Mouse,4528,69
130722,Elephant,236092,737
130909,Mouse,4513,65
130924,Mouse,3564,64
131071,Mouse,5428,75
131097,Mouse,5204,68
131097,Mouse,3513,67
131130,Mouse,4956,72
131248,Mouse,3610,68
131287,Mouse,4908,65
131324,Mouse,5122,71
131378,Mouse,3384,73
131404,Elephant,191509,654
131480,Mouse,3179,75
131482,Mouse,4166,74
131586,Elephant,142416,565
131668,Mouse,5102,68
131700,Mouse,5541,72
131750,Mouse,4696,73
131774,Mouse,3294,67
131831,Mouse,4784,76
131853,Mouse,3765,73
131874,Elephant,70731,382
131897,Mouse,3172,64
131899,Elephant,408923,1034
131920,Mouse,4914,65
131986,Mouse,3954,64
132038,Mouse,3290,64
132043,Mouse,3517,64
132058,Mouse,5274,65
132165,Mouse,3428,64
132175,Mouse,3680,64
132459,Mouse,3002,67
132467,Mouse,4332,66
132484,Mouse,4198,68
132644,Mouse,3558,66
132671,Mouse,4026,68
132682,Mouse,5046,73
132697,Mouse,3755,67
132900,Mouse,5745,70
132929,Mouse,4236,69
133061,Mouse,5674,70
133097,Mouse,3375,72
133130,Mouse,5840,75
133142,Mouse,5216,79
133250,Mouse,5738,77
133268,Mouse,3621,79
133353,Elephant,394341,1021
133424,Elephant,545955,1425
133427,Mouse,5740,74
133431,Mouse,4430,74
133443,Mouse,5643,66
133479,Mouse,5354,76
133510,Mouse,5804,66
133515,Mouse,4950,65
133527,Elephant,40958,263
133532,Mouse,3677,64
133649,Mouse,4677,65
133869,Mouse,3125,64
133878,Mouse,3422,64
134016,Elephant,200346,671
134021,Mouse,4699,65
134095,Mouse,4841,65
134309,Mouse,4367,67
134318,Mouse,5722,66
134335,Mouse,3193,67
134350,Mouse,3106,70
134420,Mouse,4348,69
134504,Mouse,5402,70
134580,Mouse,5111,67
134640,Mouse,4100,68
134830,Mouse,4801,75
134964,Mouse,4134,75
135078,Mouse,4545,87
135124,Mouse,4104,93
135129,Elephant,580130,1257
135213,Mouse,5258,65
135222,Mouse,4540,65
135277,Elephant,495237,1399
135327,Mouse,4501,65
135334,Mouse,5336,65
135448,Mouse,3538,64
135487,Mouse,3585,66
135554,Mouse,4335,65
135560,Mouse,4800,65
135588,Mouse,3791,64
135620,Mouse,4328,69
135668,Mouse,5561,68
135750,Mouse,3872,68
135766,Mouse,5218,65
135803,Mouse,4584,65
135881,Elephant,187371,635
135887,Mouse,3360,64
135959,Mouse,4805,67
135969,Mouse,4750,65
136069,Mouse,3939,64
136273,Mouse,5161,73
136289,Mouse,5409,67
136381,Mouse,4211,67
136406,Mouse,4820,74
136420,Mouse,4796,69
136472,Mouse,5142,74
136493,Mouse,4790,72
136581,Mouse,3571,69
136631,Mouse,3689,73
136646,Mouse,4690,75
136803,Elephant,413365,1049
136918,Elephant,374416,1032
136980,Mouse,5454,66
137007,Mouse,5773,66
137022,Mouse,4809,66
137041,Mouse,5839,68
137050,Mouse,5346,66
137058,Mouse,3098,64
137072,Mouse,5052,65
137085,Mouse,4302,70
137240,Mouse,5514,69
137264,Mouse,3676,64
137293,Mouse,3169,72
137341,Mouse,5825,72
137347,Mouse,3048,72
137357,Mouse,4542,67
137472,Elephant,113518,502
137477,Mouse,5304,65
137596,Mouse,5439,74
137819,Mouse,3516,70
137824,Mouse,3204,72
137857,Mouse,4410,74
137859,Mouse,4264,74
137873,Mouse,5131,81
137899,Mouse,5294,82
137996,Mouse,5813,71
138030,Mouse,3946,65
138096,Mouse,4732,68
138140,Mouse,5397,69
138164,Mouse,5771,74
138210,Mouse,3004,72
138230,Elephant,460675,1140
138249,Mouse,5012,69
138365,Mouse,4412,68
138388,Elephant,413474,1218
138451,Mouse,5096,65
138472,Mouse,3222,64
138479,Mouse,5076,65
138489,Mouse,4986,65
138588,Mouse,5152,65
138704,Mouse,5372,65
138752,Mouse,3625,64
138796,Mouse,5294,66
138803,Mouse,5760,66
138863,Mouse,5473,66
138904,Mouse,3446,65
138994,Mouse,3679,64
139104,Mouse,3432,64
139159,Mouse,3393,67
139196,Elephant,113621,492
139247,Mouse,3221,64
139251,Mouse,4151,64
139275,Mouse,3840,64
139278,Mouse,3787,64
139464,Mouse,4560,65
139470,Mouse,4300,65
139491,Mouse,3760,64
139545,Mouse,3663,64
139559,Mouse,3040,64
139607,Mouse,3871,65
139610,Mouse,4566,67
139653,Mouse,4368,67
139660,Mouse,3031,64
139744,Mouse,5145,65
139788,Mouse,3322,69
139799,Mouse,4629,65
139833,Mouse,4605,65
139893,Mouse,5422,65
139909,Mouse,4694,65
139980,Mouse,3525,64
140049,Mouse,3551,64
140057,Mouse,3041,64
140132,Mouse,3604,64
140146,Mouse,5189,65
140158,Mouse,4182,64
140300,Mouse,3661,64
140377,Mouse,5615,67
140380,Mouse,4809,67
140493,Mouse,4351,65
140519,Mouse,3725,64
140522,Mouse,3077,65
140599,Mouse,4302,65
140673,Mouse,4048,64
140740,Mouse,3399,64
140771,Mouse,5145,70
140794,Mouse,3217,64
140859,Mouse,3325,64
140879,Mouse,3631,64
140903,Mouse,5061,70
140910,Mouse,4114,70
140913,Mouse,3279,69
141033,Mouse,5756,69
141135,Mouse,3690,64
141328,Elephant,314020,886
141365,Mouse,4843,65
141424,Mouse,4418,66
141570,Mouse,3586,71
141581,Mouse,3937,64
141599,Mouse,4659,67
141715,Mouse,3596,70
141719,Mouse,5386,69
141967,Mouse,5370,71
142033,Mouse,5739,76
142042,Mouse,4322,75
142093,Mouse,5375,83
142106,Elephant,327995,917
142126,Mouse,3011,76
142143,Mouse,4062,73
142317,Mouse,3927,66
142371,Mouse,3363,68
142383,Mouse,3274,72
142412,Mouse,5742,71
142453,Mouse,3500,70
142472,Elephant,494563,1148
142535,Mouse,5812,66
142673,Mouse,3532,67
142674,Mouse,5722,69
142698,Elephant,168846,608
142742,Mouse,5425,70
142782,Mouse,4627,65
142929,Mouse,3894,67
143017,Mouse,4480,68
143079,Mouse,4150,64
143101,Mouse,3848,68
143159,Mouse,5716,66
143204,Mouse,5216,66
143209,Mouse,5425,65
143282,Mouse,4299,65
143328,Mouse,5039,67
143387,Mouse,3941,64
143460,Mouse,4201,65
143491,Mouse,5398,70
143502,Mouse,4965,73
143558,Mouse,5119,72
143648,Mouse,4802,69
143651,Mouse,4034,68
143678,Mouse,4262,69
143706,Elephant,362065,932
143726,Mouse,3835,69
143835,Mouse,5074,66
143842,Mouse,4314,68
143885,Mouse,5646,69
143968,Mouse,3597,65
144009,Mouse,5341,69
144018,Mouse,4050,67
144041,Mouse,5059,67
144061,Mouse,3716,69
144081,Mouse,3991,67
144098,Mouse,5198,70
144128,Elephant,145780,555
144130,Mouse,4241,69
144140,Mouse,3728,70
144195,Mouse,3815,67
144208,Mouse,5262,65
144227,Mouse,5729,68
144320,Mouse,5366,68
144343,Mouse,3454,64
144441,Mouse,4000,69
144452,Mouse,4014,67
144544,Mouse,5463,68
144559,Mouse,5010,74
144579,Mouse,5404,68
144607,Mouse,3461,69
144613,Mouse,5073,72
144717,Mouse,5799,71
144748,Mouse,5785,68
144778,Mouse,3146,73
144781,Mouse,3418,72
144786,Elephant,558835,1194
144809,Mouse,3907,65
144832,Mouse,3329,72
144833,Mouse,5779,74
144861,Mouse,3175,64
144944,Mouse,4232,64
144964,Mouse,5619,66
144973,Mouse,4191,64
145177,Mouse,5370,65
145207,Mouse,3906,64
145367,Mouse,4948,75
145377,Mouse,4740,78
145419,Mouse,5190,79
145523,Mouse,4741,69
145582,Mouse,3530,66
145647,Mouse,3225,68
145801,Elephant,299384,853
145918,Mouse,5088,69
145942,Mouse,3174,70
145949,Mouse,4837,71
145951,Mouse,5229,72
145988,Mouse,3910,81
146115,Elephant,102984,483
146122,Mouse,4243,69
146159,Elephant,291368,920
146306,Mouse,4706,65
146395,Mouse,4894,65
146446,Mouse,5007,65
146460,Mouse,4500,66
146467,Mouse,5601,66
146477,Mouse,4041,64
146631,Mouse,5251,70
146651,Mouse,4604,65
146681,Mouse,3175,69
146681,Mouse,3654,69
146692,Mouse,4987,65
146777,Mouse,4164,64
146934,Mouse,3121,66
146958,Mouse,4792,65
146989,Mouse,3778,67
147210,Mouse,5736,72
147251,Mouse,4411,69
147447,Mouse,3194,64
147488,Mouse,4857,75
147526,Mouse,3724,75
147534,Mouse,4626,77
147566,Mouse,3338,78
147679,Mouse,3830,76
147693,Mouse,4470,82
147714,Elephant,584321,1324
147757,Mouse,3774,86
147765,Mouse,3287,68
147846,Mouse,3308,67
147898,Mouse,4956,71
147996,Mouse,3257,71
148048,Mouse,4219,79
148070,Elephant,318329,910
148116,Mouse,3254,74
148127,Elephant,184860,689
148144,Mouse,5661,70
148173,Mouse,4787,66
148388,Mouse,5201,74
148622,Mouse,4945,68
148639,Elephant,285986,887
148793,Mouse,4401,70
148848,Mouse,4757,70
148955,Elephant,243663,778
149082,Mouse,4127,67
149091,Mouse,5336,65
149163,Mouse,3281,67
149248,Elephant,334917,952
149274,Mouse,5106,67
149349,Mouse,5561,66
149401,Mouse,4195,64
149406,Mouse,3864,64
149414,Mouse,4802,65
149466,Mouse,5711,66
149511,Mouse,3082,64
149519,Mouse,3856,66
149554,Mouse,3379,65
149618,Mouse,5053,70
149873,Elephant,85266,411
150110,Mouse,4175,64
150166,Mouse,3827,68
150235,Mouse,5770,76
150239,Mouse,5694,78
150347,Elephant,338227,897
150358,Mouse,3431,70
150433,Mouse,4138,65
150500,Mouse,3919,68
150526,Mouse,5219,73
150539,Mouse,4348,69
150615,Mouse,4827,74
150857,Mouse,3476,95
150886,Mouse,4442,103
150934,Mouse,5374,109
150975,Elephant,339849,998
151010,Mouse,4580,80
151113,Mouse,3641,67
151184,Mouse,5298,74
151213,Elephant,179649,806
151272,Mouse,4014,64
151373,Mouse,3956,67
151453,Mouse,4744,76
151487,Mouse,3383,73
151502,Mouse,3320,78
151540,Elephant,450107,1358
151589,Mouse,4127,69
151656,Mouse,3895,69
151691,Mouse,5336,70
151705,Mouse,3477,73
151745,Mouse,3528,72
151816,Mouse,5181,76
151895,Mouse,5766,81
151943,Mouse,4372,86
151949,Elephant,458517,1341
151952,Mouse,3991,86
151956,Mouse,4404,84
151960,Elephant,142337,737
151998,Mouse,4713,80
152107,Elephant,126076,542
152199,Mouse,5095,65
152224,Mouse,4399,65
152391,Mouse,5806,69
152548,Mouse,3724,64
152554,Mouse,5414,67
152640,Mouse,5749,66
152654,Mouse,3172,68
152704,Mouse,3784,71
152718,Elephant,123806,506
152725,Mouse,4933,65
152782,Mouse,4176,67
152835,Mouse,4184,66
152865,Mouse,3104,67
152904,Mouse,5222,68
152912,Mouse,4152,70
152917,Mouse,3260,71
152934,Mouse,3608,66
152975,Mouse,4749,71
153065,Mouse,5426,67
153072,Mouse,3184,64
153087,Mouse,3885,67
153125,Mouse,3974,67
153178,Mouse,5652,73
153188,Mouse,4935,75
153259,Mouse,3686,67
153272,Mouse,4336,72
153273,Mouse,4525,73
153326,Elephant,554196,1179
153331,Mouse,5488,71
153382,Mouse,3815,67
153466,Mouse,3268,67
153487,Mouse,4633,65
153648,Elephant,107605,466
153748,Mouse,3337,64
153776,Mouse,4874,65
153974,Mouse,3541,64
154116,Mouse,3891,64
154196,Mouse,4708,65
154235,Mouse,4462,65
154297,Mouse,3612,64
154401,Mouse,5689,66
154428,Mouse,5559,66
154524,Mouse,5561,66
154533,Mouse,3014,64
154612,Mouse,4151,64
154749,Mouse,3230,64
155024,Mouse,4741,65
155103,Mouse,4722,65
155115,Mouse,4211,64
155138,Mouse,4382,65
155151,Mouse,5603,67
155154,Mouse,4614,67
155265,Mouse,3910,64
155348,Mouse,4492,69
155404,Mouse,3133,73
155475,Mouse,3781,66
155542,Mouse,3743,70
155549,Mouse,3322,69
155693,Mouse,5501,80
155701,Mouse,5194,85
155704,Mouse,4715,87
155725,Mouse,3740,89
155776,Mouse,4126,103
155946,Mouse,5505,75
155981,Mouse,4175,82
156038,Mouse,4209,91
156058,Mouse,4232,95
156085,Elephant,550450,1330
156170,Mouse,3807,69
156247,Mouse,5480,75
156342,Mouse,3620,86
156356,Mouse,5433,89
156377,Mouse,4668,89
156411,Mouse,4445,101
156443,Mouse,4773,106
156446,Elephant,232135,884
156475,Mouse,4991,113
156486,Mouse,4975,111
156493,Mouse,3258,99
156521,Mouse,3619,90
156685,Mouse,3686,71
156707,Mouse,3690,72
156745,Mouse,3085,80
156847,Mouse,4888,94
157016,Mouse,4789,83
157021,Mouse,4849,86
157025,Elephant,178284,974
157030,Elephant,427223,1794
157108,Mouse,5269,76
157123,Mouse,5706,70
157176,Mouse,5046,74
157188,Mouse,3452,79
157259,Mouse,4359,83
157260,Mouse,3132,76
157285,Mouse,4823,75
157291,Mouse,5392,77
157374,Mouse,3511,70
157463,Mouse,3568,72
157518,Mouse,4582,69
157726,Mouse,5350,84
157840,Elephant,526437,1538
157842,Mouse,5456,89
157853,Elephant,403566,1686
157861,Mouse,4759,78
157895,Mouse,4186,76
157953,Mouse,3647,64
158012,Mouse,3172,64
158109,Mouse,3783,64
158116,Mouse,3778,64
158210,Mouse,3973,64
158284,Mouse,4741,67
158337,Mouse,3588,64
158377,Mouse,4847,65
158507,Mouse,5752,66
158546,Mouse,5069,65
158594,Mouse,3112,64
158651,Mouse,4827,68
158717,Elephant,31361,198
158857,Mouse,4004,70
158898,Mouse,4624,67
159050,Mouse,5338,69
159199,Elephant,102730,457
159205,Mouse,4250,65
159237,Mouse,5340,70
159357,Mouse,4274,68
159446,Mouse,3994,64
159522,Elephant,309639,847
159568,Mouse,5686,66
159603,Mouse,5056,70
159639,Elephant,143875,558
159776,Mouse,4613,65
159877,Mouse,3651,64
160075,Mouse,3880,65
160129,Mouse,4488,65
160219,Mouse,3440,64
160249,Mouse,5442,70
160257,Mouse,4765,65
160278,Mouse,4346,65
160469,Mouse,3120,67
160606,Mouse,4860,69
160674,Mouse,4422,74
160733,Elephant,337090,901
160887,Mouse,5131,69
160945,Mouse,5351,74
160950,Mouse,5695,69
161028,Mouse,5512,69
161039,Mouse,5713,69
161083,Mouse,5790,69
161107,Mouse,5698,68
161123,Mouse,4603,67
161261,Elephant,421964,1021
161290,Mouse,3008,67
161312,Mouse,3782,64
161328,Mouse,3803,64
161396,Mouse,4733,65
161451,Mouse,5135,65
161485,Mouse,3602,64
161489,Mouse,4320,66
161596,Mouse,4487,65
161624,Mouse,5454,66
161645,Mouse,3874,67
161701,Mouse,5254,73
161727,Mouse,3583,65
161731,Mouse,5717,68
161785,Mouse,5121,71
161830,Mouse,5468,71
161925,Mouse,4735,69
161945,Mouse,3685,64
161964,Mouse,4323,67
162005,Mouse,5295,68
162055,Elephant,287166,818
162067,Mouse,3548,64
162114,Mouse,5318,65
162133,Mouse,4029,64
162141,Mouse,3707,64
162160,Mouse,3791,64
162230,Mouse,3540,64
162264,Mouse,3485,64
162284,Mouse,3828,64
162342,Mouse,4621,65
162511,Mouse,5041,65
162649,Mouse,5650,66
162772,Mouse,4288,65
162818,Mouse,5562,69
162931,Mouse,5127,66
162940,Mouse,3223,68
163005,Mouse,4867,65
163026,Mouse,4577,68
163083,Mouse,5407,71
163090,Mouse,5687,66
163150,Mouse,4380,69
163215,Mouse,4626,81
163334,Mouse,3927,87
163429,Mouse,4095,96
163452,Elephant,171274,705
163462,Elephant,78428,519
163465,Mouse,3306,93
163500,Mouse,4983,106
163507,Mouse,4001,109
163512,Mouse,3005,111
163615,Mouse,3756,68
163687,Mouse,4031,76
163759,Mouse,5153,97
163785,Elephant,89524,643
163842,Mouse,5626,103
163900,Mouse,3050,90
163972,Mouse,3739,76
164032,Mouse,5540,78
164116,Mouse,3818,72
164211,Mouse,5075,94
164237,Mouse,5362,100
164302,Mouse,5258,121
164373,Mouse,3760,119
164398,Mouse,4708,110
164418,Elephant,194742,1086
164423,Mouse,3926,98
164466,Mouse,3981,77
164634,Elephant,583877,1895
164676,Mouse,5344,89
164763,Mouse,4912,81
164774,Mouse,5682,89
164896,Mouse,5125,88
164946,Mouse,4620,84
164966,Mouse,4089,83
165011,Mouse,3290,88
165120,Mouse,4276,79
165147,Mouse,3718,76
165154,Mouse,3443,80
165225,Mouse,5646,94
165250,Mouse,4396,101
165280,Elephant,86738,789
165311,Mouse,4194,93
165333,Mouse,3313,92
165415,Mouse,3742,91
165490,Elephant,443597,2407
165492,Elephant,386157,1891
165532,Mouse,3525,90
165565,Mouse,3556,78
165578,Mouse,4526,78
165586,Mouse,4556,76
165599,Mouse,3891,71
165701,Elephant,499531,2166
165764,Mouse,4740,68
165961,Mouse,3838,70
166010,Mouse,4241,72
166011,Mouse,5284,74
166039,Mouse,3273,67
166044,Elephant,212547,737
166062,Mouse,3026,69
166132,Mouse,4415,66
166171,Mouse,3150,66
166229,Mouse,5299,67
166250,Mouse,5001,65
166343,Mouse,5538,67
166350,Mouse,3054,64
166378,Mouse,3881,64
166461,Mouse,5534,66
166514,Mouse,5701,67
166761,Mouse,4322,65
166805,Mouse,3175,64
166843,Mouse,3751,64
166922,Mouse,4274,65
166988,Mouse,3712,67
167004,Mouse,5037,66
167052,Mouse,4199,69
167180,Mouse,3689,65
167399,Mouse,4780,69
167408,Mouse,4225,70
167418,Mouse,3909,65
167430,Mouse,5458,66
167486,Mouse,5296,68
167541,Mouse,3424,69
167555,Mouse,4178,64
167645,Mouse,5438,66
167761,Mouse,4808,71
167773,Mouse,5574,72
167788,Mouse,4788,76
167813,Mouse,4808,80
167879,Elephant,353521,939
167905,Mouse,4831,85
167911,Mouse,3194,72
167935,Mouse,3026,67
167943,Mouse,5121,67
167955,Mouse,4610,74
168031,Mouse,4452,65
168112,Mouse,5275,72
168122,Mouse,5117,77
168132,Mouse,4548,74
168441,Mouse,3987,100
168696,Elephant,244926,947
168699,Mouse,4099,95
168712,Mouse,3232,88
168743,Mouse,4919,88
168806,Mouse,5423,70
168877,Mouse,5313,78
168894,Mouse,5086,79
168933,Elephant,378967,1383
168973,Mouse,3584,86
168974,Mouse,5117,90
169048,Mouse,3659,68
169100,Mouse,4833,73
169114,Mouse,3628,69
169141,Mouse,5665,71
169297,Mouse,4300,87
169492,Mouse,4122,87
169534,Elephant,461460,1776
169542,Mouse,3009,90
169616,Mouse,5542,71
169713,Elephant,323989,1384
169765,Mouse,4055,68
169834,Mouse,4789,71
170045,Mouse,5523,82
170090,Mouse,3859,98
170203,Elephant,52684,401
170257,Mouse,3760,74
170286,Mouse,4539,77
170361,Mouse,5264,76
170397,Elephant,353387,1344
170475,Mouse,3091,64
170521,Mouse,4897,65
170629,Mouse,4327,72
170677,Mouse,4304,84
170774,Mouse,4263,92
170807,Mouse,4580,96
170818,Mouse,4146,97
170820,Elephant,588000,1726
170830,Mouse,4424,96
170858,Mouse,4177,87
170863,Mouse,3928,91
170887,Mouse,4471,81
170890,Elephant,38253,330
170959,Mouse,5042,70
171068,Mouse,3264,67
171084,Mouse,3507,74
171084,Mouse,5238,72
171089,Mouse,3672,73
171142,Mouse,4510,72
171179,Elephant,131174,687
171186,Mouse,5050,69
171219,Mouse,3880,65
171311,Mouse,5314,65
171344,Mouse,3258,69
171359,Mouse,3386,65
171392,Mouse,3795,71
171490,Mouse,3320,69
171503,Mouse,3252,69
171574,Mouse,4206,80
171640,Mouse,4312,83
171650,Mouse,3131,83
171676,Mouse,3294,78
171826,Mouse,3868,82
171968,Mouse,3948,90
172003,Mouse,3000,88
172025,Mouse,3509,95
172053,Mouse,4413,98
172116,Mouse,3673,92
172124,Mouse,4378,97
172134,Mouse,4393,95
172209,Mouse,3156,91
172236,Mouse,5765,89
172315,Elephant,514354,1549
172361,Mouse,5758,78
172382,Mouse,5179,74
172387,Mouse,3754,78
172458,Mouse,5478,87
172469,Mouse,4053,81
172532,Elephant,281250,1168
172553,Mouse,5283,75
172819,Mouse,5007,77
172862,Mouse,3982,77
172900,Mouse,4958,89
172901,Mouse,3998,88
172943,Mouse,5045,95
172953,Mouse,5396,100
173023,Mouse,5520,90
173119,Elephant,299444,1010
173142,Mouse,4016,68
173196,Elephant,504664,1791
173215,Mouse,3022,67
173228,Mouse,3902,64
173238,Mouse,4891,66
173265,Mouse,3699,70
173334,Mouse,4179,68
173334,Mouse,4938,69
173422,Mouse,4166,64
173460,Mouse,3994,64
173517,Mouse,5138,68
173684,Mouse,5126,65
173797,Mouse,3999,69
174017,Mouse,4158,110
174043,Mouse,4062,118
174096,Elephant,511016,1526
174158,Mouse,4199,88
174206,Mouse,3328,68
174280,Mouse,3033,65
174281,Elephant,105975,673
174380,Mouse,5213,65
174401,Mouse,4863,72
174442,Mouse,3540,71
174443,Mouse,5072,73
174520,Mouse,3102,80
174520,Mouse,3221,75
174530,Mouse,3677,78
174637,Mouse,4709,76
174649,Mouse,4037,77
174788,Mouse,5313,89
174838,Mouse,5508,94
174913,Mouse,3669,80
175014,Elephant,410034,1477
175015,Mouse,5670,75
175024,Mouse,4176,72
175038,Mouse,4004,74
175041,Mouse,3329,75
175117,Mouse,3310,71
175155,Mouse,4943,68
175212,Elephant,356264,1423
175253,Mouse,5288,66
175266,Mouse,5026,68
175293,Mouse,4419,68
175299,Mouse,5614,69
175315,Elephant,129294,840
175385,Mouse,4509,65
175402,Mouse,4438,65
175424,Mouse,3413,67
175445,Mouse,4510,65
175530,Mouse,4266,65
175726,Mouse,5208,73
175739,Elephant,228659,742
175747,Mouse,3857,67
175775,Mouse,3778,75
175815,Mouse,3157,66
176001,Elephant,45830,286
176008,Mouse,5496,69
176061,Mouse,5049,71
176075,Mouse,5400,76
176149,Mouse,3104,72
176239,Mouse,4474,81
176285,Mouse,5128,88
176296,Mouse,5695,93
176373,Mouse,4634,95
176417,Mouse,3978,95
176471,Mouse,4231,84
176485,Mouse,5291,86
176489,Mouse,4192,86
176507,Mouse,5384,83
176524,Mouse,5382,86
176559,Mouse,4903,88
176708,Mouse,5129,82
176715,Mouse,4057,83
176761,Mouse,4356,96
176776,Elephant,479723,1340
176805,Mouse,3800,93
176818,Mouse,4698,93
176821,Mouse,3544,82
176832,Mouse,4135,78
176845,Mouse,4956,81
176869,Mouse,4601,74
176910,Mouse,3833,75
176944,Elephant,143395,717
176964,Mouse,3225,72
176969,Mouse,4031,76
177095,Mouse,5649,69
177127,Elephant,584978,1637
177167,Mouse,5074,69
177255,Mouse,5532,66
177340,Mouse,3877,64
177356,Mouse,5571,66
177430,Mouse,5706,66
177516,Mouse,5417,66
177521,Mouse,4323,65
177580,Mouse,3580,67
177593,Elephant,450087,1503
177661,Mouse,3389,64
177788,Mouse,3052,64
177796,Mouse,4339,65
177800,Mouse,3879,64
177903,Mouse,4363,65
177946,Mouse,3446,64
177984,Mouse,4988,65
178080,Mouse,4905,65
178109,Mouse,5576,66
178204,Mouse,5331,65
178333,Mouse,3423,64
178410,Mouse,3851,64
178676,Mouse,5078,65
178719,Mouse,4168,65
178730,Mouse,4062,64
178884,Mouse,5775,66
178906,Mouse,3561,64
178921,Mouse,3591,64
178990,Mouse,5722,71
179056,Mouse,4113,64
179130,Mouse,3200,64
179254,Mouse,3226,74
179262,Mouse,4888,80
179346,Mouse,3205,69
179363,Elephant,135910,539
179432,Elephant,154901,597
179443,Mouse,4378,65
179497,Mouse,3864,65
179499,Mouse,4073,67
179512,Mouse,4871,69
179538,Mouse,5272,65
179618,Mouse,5384,65
179628,Mouse,5004,65
179666,Mouse,5692,66
179721,Mouse,3197,66
179759,Mouse,3806,64
179800,Mouse,4641,65
179840,Mouse,4928,72
179843,Mouse,3416,65
179857,Elephant,196234,680
179898,Mouse,5589,66
179958,Mouse,5549,70
179968,Mouse,5613,70
180097,Mouse,3110,66
180264,Elephant,155864,591
180419,Mouse,4117,64
180474,Mouse,4147,66
180476,Mouse,4286,67
180526,Mouse,3151,65
180528,Mouse,4564,68
180536,Mouse,5299,65
180547,Mouse,4760,65
180572,Mouse,5249,68
180648,Mouse,5811,66
180775,Mouse,4337,65
180799,Mouse,4761,65
180804,Mouse,4754,65
180856,Mouse,3303,64
180959,Mouse,3189,64
180983,Mouse,5036,65
181019,Mouse,4879,65
181066,Mouse,4592,65
181174,Mouse,4603,65
181188,Mouse,4488,69
181271,Mouse,4953,70
181297,Mouse,4442,72
181299,Mouse,5226,74
181304,Mouse,4890,77
181420,Mouse,3712,67
181441,Mouse,4152,68
181466,Mouse,3433,68
181781,Mouse,3834,71
181802,Elephant,258615,771
181831,Mouse,4184,71
181945,Mouse,3091,64
181963,Mouse,3067,67
182068,Mouse,3557,64
182099,Mouse,4353,65
182140,Mouse,3198,67
182190,Mouse,3554,72
182193,Mouse,4598,75
182194,Mouse,5011,75
182198,Mouse,4814,71
182238,Mouse,3634,71
182273,Mouse,3628,67
182316,Mouse,3401,68
182323,Mouse,5522,69
182347,Mouse,5301,69
182465,Elephant,581474,1284
182514,Mouse,4423,69
182516,Mouse,5123,72
182519,Mouse,4910,70
182546,Mouse,3324,74
182553,Mouse,4424,77
182643,Mouse,5214,65
182698,Mouse,3016,65
182708,Elephant,43484,284
182711,Mouse,4175,66
182719,Mouse,3481,64
182727,Mouse,4355,68
182757,Mouse,4101,70
182759,Mouse,5818,73
182887,Mouse,4976,68
182991,Mouse,3387,69
183033,Mouse,4696,73
183136,Elephant,276251,808
183284,Mouse,4537,66
183373,Mouse,3583,64
183432,Mouse,3617,67
183508,Mouse,3228,67
183549,Mouse,5801,66
183608,Elephant,305585,951
183738,Mouse,3430,64
183763,Mouse,3264,64
183787,Mouse,4989,65
183819,Mouse,4056,67
183891,Mouse,4244,64
183904,Elephant,77379,373
183916,Mouse,5478,66
183971,Mouse,4353,68
184011,Mouse,5415,69
184017,Elephant,162621,958
184020,Mouse,3851,70
184024,Mouse,3078,64
184044,Mouse,3217,64
184114,Mouse,5334,65
184125,Mouse,5278,65
184136,Mouse,3677,64
184147,Mouse,5552,66
184182,Mouse,5812,68
184313,Mouse,4994,65
184332,Mouse,4168,64
184385,Mouse,3727,64
184414,Mouse,4053,64
184499,Mouse,4326,65
184747,Mouse,5755,66
184865,Mouse,4173,64
184899,Mouse,4671,69
184908,Mouse,3808,71
184965,Mouse,5438,66
185003,Mouse,3917,64
185038,Elephant,107857,462
185176,Mouse,4355,66
185178,Mouse,4193,66
185227,Mouse,4946,65
185233,Mouse,4743,66
185236,Mouse,4673,67
185322,Mouse,4331,65
185455,Mouse,5367,65
185471,Mouse,4430,67
185480,Mouse,3891,64
185565,Mouse,4513,65
185613,Mouse,4782,68
185613,Mouse,3260,66
185647,Mouse,5564,70
185701,Mouse,4978,65
185807,Mouse,3666,67
185821,Mouse,4450,70
185837,Mouse,5499,66
185894,Elephant,272706,797
185899,Mouse,3312,65
185924,Mouse,4245,64
186034,Mouse,4401,65
186040,Mouse,3766,64
186073,Mouse,5007,65
186118,Mouse,3550,64
186151,Mouse,4552,65
186174,Mouse,4374,65
186339,Mouse,4130,68
186346,Mouse,5624,67
186350,Mouse,5352,67
186582,Mouse,4199,64
186655,Mouse,5651,66
186677,Mouse,3846,67
186741,Mouse,3640,77
186749,Mouse,5189,70
186795,Mouse,5184,71
186826,Mouse,3988,68
186831,Mouse,4527,70
186854,Mouse,3496,66
186874,Mouse,4650,70
186971,Mouse,3202,66
187122,Mouse,4625,74
187245,Elephant,451384,1062
187277,Mouse,3967,70
187329,Mouse,3758,69
187443,Mouse,3978,69
187484,Mouse,4163,73
187560,Mouse,4778,73
187593,Mouse,5492,75
187711,Mouse,5476,82
187782,Mouse,3728,91
187814,Elephant,533375,1202
187824,Mouse,3292,78
187846,Mouse,5265,84
187863,Mouse,5287,81
187875,Mouse,4142,68
187893,Mouse,5158,65
188029,Mouse,3293,66
188098,Mouse,3733,69
188107,Mouse,3816,71
188273,Mouse,3673,72
188286,Mouse,4669,77
188379,Mouse,4677,81
188436,Elephant,376011,1188
188499,Mouse,4700,77
188599,Mouse,5514,74
188649,Mouse,4297,83
188701,Mouse,5752,99
188852,Mouse,3455,84
188921,Mouse,4416,95
189024,Elephant,405983,1443
189026,Elephant,318721,1189
189119,Elephant,174150,813
189171,Mouse,3145,66
189272,Elephant,117366,805
189274,Mouse,5043,71
189282,Mouse,3893,64
189320,Mouse,5519,67
189500,Mouse,5493,66
189544,Mouse,5039,65
189572,Mouse,4569,68
189586,Mouse,5041,74
189596,Mouse,3291,64
189698,Mouse,5417,70
189727,Mouse,5693,66
189835,Mouse,3305,67
189844,Mouse,3491,71
189868,Mouse,4993,74
190174,Mouse,5008,100
190183,Elephant,579331,1776
190257,Mouse,3136,88
190271,Mouse,5661,73
190297,Mouse,3237,75
190300,Mouse,4718,79
190335,Mouse,3741,73
190343,Mouse,4309,78
190358,Elephant,329930,981
190439,Mouse,5503,66
190548,Mouse,5060,69
190778,Mouse,4353,73
190830,Mouse,3544,79
190933,Mouse,3643,88
190961,Mouse,5422,95
191081,Mouse,4547,101
191301,Mouse,3289,75
191303,Elephant,482689,1304
191328,Mouse,5153,74
191361,Mouse,5756,70
191372,Mouse,4746,74
191406,Mouse,5485,69
191455,Mouse,3557,68
191487,Mouse,5551,75
191540,Mouse,3046,75
191569,Mouse,3895,71
191690,Elephant,418674,1311
191725,Mouse,3735,75
191780,Mouse,4950,74
191801,Mouse,5743,75
191911,Elephant,54282,347
191974,Mouse,3933,64
192084,Mouse,4565,69
192114,Mouse,3415,67
192119,Mouse,3408,71
192174,Mouse,3982,72
192187,Elephant,590765,1611
192192,Mouse,5667,69
192214,Mouse,4047,66
192566,Mouse,4907,65
192634,Mouse,4616,65
192651,Mouse,4140,64
192654,Mouse,4126,64
192743,Mouse,3696,64
193001,Mouse,4746,65
193045,Mouse,4715,66
193067,Mouse,4090,69
193267,Elephant,149695,577
193384,Mouse,3818,69
193393,Mouse,3429,72
193409,Mouse,3170,64
193424,Mouse,5840,70
193442,Mouse,3456,74
193482,Mouse,5384,72
193541,Mouse,4491,71
193650,Elephant,332095,906
193680,Mouse,3625,67
193809,Mouse,4095,68
193865,Mouse,3334,68
193912,Mouse,5026,70
193996,Mouse,5761,70
194006,Mouse,5654,71
194076,Mouse,5203,70
194109,Mouse,3941,70
194228,Mouse,5595,69
194326,Elephant,503280,1241
194439,Mouse,4855,65
194532,Mouse,4191,64
194560,Mouse,3819,67
194584,Mouse,4364,65
194688,Mouse,4392,69
194694,Mouse,5273,69
194733,Elephant,344917,924
194767,Mouse,3580,65
194782,Mouse,4697,65
194807,Mouse,4775,65
194827,Mouse,4140,65
194831,Mouse,3895,64
194841,Mouse,3824,64
194894,Mouse,3316,64
194899,Mouse,4167,64
194942,Mouse,4985,66
194977,Mouse,4595,65
195026,Mouse,5053,65
195144,Mouse,4200,64
195254,Mouse,4660,70
195299,Mouse,4498,66
195305,Mouse,4895,65
195343,Mouse,5223,69
195368,Mouse,5463,66
195405,Mouse,3061,64
195457,Mouse,3917,64
195642,Mouse,4669,69
195855,Mouse,3839,66
195927,Mouse,3272,64
196023,Mouse,4408,68
196078,Mouse,5436,72
196085,Elephant,470276,1073
196087,Mouse,3633,73
196194,Mouse,4595,65
196228,Mouse,4976,65
196336,Mouse,3734,64
196367,Mouse,4512,66
196466,Mouse,5674,70
196478,Mouse,5602,74
196481,Mouse,3217,66
196535,Mouse,5339,65
196559,Mouse,3741,67
196601,Mouse,4816,70
196621,Mouse,3730,64
196693,Mouse,3153,67
196707,Mouse,4597,67
196717,Mouse,5497,70
196962,Mouse,5326,82
196975,Mouse,3548,84
197135,Mouse,4306,72
197149,Mouse,3243,77
197173,Mouse,4918,76
197195,Mouse,3684,81
197295,Mouse,3231,78
197378,Mouse,3794,94
197381,Mouse,3212,96
197538,Elephant,566028,1405
197626,Mouse,5305,73
197649,Mouse,3387,75
197680,Mouse,5686,82
197685,Mouse,3623,82
197728,Mouse,3641,96
197802,Mouse,5833,109
197875,Elephant,516809,1559
197898,Mouse,4224,100
197940,Mouse,3028,95
197976,Mouse,5292,90
198087,Mouse,3088,83
198164,Mouse,4423,79
198239,Elephant,420648,1656
198270,Mouse,4811,72
198310,Mouse,5331,71
198365,Mouse,3854,66
198424,Mouse,4120,66
198452,Mouse,3335,66
198521,Mouse,5015,69
198573,Mouse,4568,72
198594,Mouse,4485,80
198698,Mouse,3678,66
198723,Mouse,5130,74
198742,Mouse,4196,74
198750,Mouse,4045,79
198851,Mouse,4854,66
198900,Mouse,5317,71
198916,Mouse,5780,77
198937,Mouse,5270,82
198958,Mouse,4217,92
199037,Mouse,3004,83
199040,Mouse,3128,83
199068,Mouse,5297,95
199094,Elephant,449522,1669
199147,Mouse,5341,68
199186,Mouse,3257,66
199241,Mouse,4483,70
199317,Mouse,4381,66
199331,Mouse,5356,68
199459,Mouse,3111,67
199616,Mouse,4376,65
199731,Mouse,3519,68
199864,Mouse,4785,66
200069,Mouse,4433,86
200128,Mouse,3111,89
200275,Mouse,3964,96
200362,Mouse,4680,96
200437,Elephant,594420,1351
200439,Mouse,3983,91
200444,Mouse,5705,81
200548,Mouse,3290,65
200708,Mouse,3502,66
200951,Elephant,584108,1481
201050,Mouse,5177,65
201090,Mouse,3754,64
201135,Mouse,3813,64
201228,Mouse,4418,65
201261,Mouse,5555,66
201492,Mouse,5507,66
201527,Mouse,4410,65
201573,Mouse,3317,64
201656,Mouse,4871,65
201715,Mouse,4294,65
201740,Mouse,3200,64
201851,Mouse,3915,64
201920,Mouse,5281,65
201935,Mouse,5139,67
201937,Mouse,4570,66
202139,Mouse,3908,64
202180,Mouse,3557,64
202199,Elephant,114515,493
202273,Mouse,4572,65
202290,Mouse,4952,65
202340,Mouse,4457,65
202376,Mouse,4046,64
202384,Mouse,3288,64
202483,Mouse,5555,66
202522,Mouse,3679,64
202569,Mouse,4530,65
202576,Mouse,4183,64
202581,Mouse,3373,64
202654,Mouse,5790,66
202667,Mouse,4296,65
202671,Mouse,5219,66
202741,Mouse,3353,64
202774,Mouse,4529,65
202782,Mouse,5821,66
203009,Mouse,3174,64
203074,Mouse,4943,65
203131,Mouse,4530,70
203176,Mouse,5449,69
203205,Mouse,4011,64
203226,Mouse,3526,66
203317,Mouse,3547,68
203422,Mouse,4712,65
203505,Mouse,3444,75
203528,Mouse,5680,71
203554,Mouse,4204,69
203788,Mouse,4174,73
203832,Mouse,5189,82
203897,Elephant,389404,1006
203914,Mouse,3734,86
203993,Elephant,209516,845
204082,Mouse,5548,66
204175,Mouse,4422,66
204198,Elephant,269195,823
204220,Mouse,3025,66
204275,Mouse,4572,65
204296,Mouse,5302,65
204305,Mouse,4847,65
204311,Mouse,5290,65
204336,Mouse,3083,65
204338,Mouse,5188,68
204356,Mouse,3502,65
204448,Mouse,5068,69
204496,Mouse,4328,66
204536,Elephant,41520,244
204634,Mouse,3174,64
204718,Mouse,4586,65
204771,Mouse,4571,65
204784,Mouse,4808,65
204820,Mouse,3466,64
204828,Mouse,3280,64
204867,Mouse,5306,65
204872,Mouse,3686,64
204946,Mouse,5254,65
205086,Mouse,3723,65
205089,Mouse,4013,66
205143,Mouse,3933,64
205147,Mouse,3860,64
205207,Mouse,3385,64
205296,Mouse,3456,64
205348,Mouse,5111,65
205440,Mouse,3706,64
205468,Mouse,5042,65
205482,Mouse,4736,65
205489,Mouse,5281,65
205606,Mouse,3598,67
205635,Mouse,4846,68
205636,Mouse,3895,67
205767,Mouse,5380,68
205786,Mouse,3256,67
205803,Mouse,4541,65
205833,Mouse,5274,65
205867,Elephant,84874,418
205980,Mouse,4123,68
206043,Mouse,3754,75
206046,Mouse,4107,76
206151,Mouse,3584,67
206249,Mouse,3982,68
206322,Mouse,3110,73
206324,Mouse,4341,72
206356,Elephant,204965,698
206398,Mouse,4020,69
206558,Mouse,3505,65
206568,Mouse,5567,70
206574,Mouse,4261,68
206606,Mouse,3450,67
206738,Mouse,3805,69
206805,Mouse,3091,67
206893,Mouse,3868,75
206921,Mouse,5428,81
206941,Elephant,557672,1199
206944,Mouse,4060,79
206996,Mouse,3864,77
207044,Mouse,5143,74
207080,Mouse,4659,68
207128,Mouse,3496,65
207193,Mouse,3472,66
207215,Mouse,3931,64
207284,Mouse,3123,65
207304,Mouse,3802,65
207409,Mouse,3932,66
207460,Mouse,3867,72
207489,Elephant,511242,1142
207516,Mouse,5578,73
207600,Mouse,3851,67
207668,Mouse,3010,66
207710,Mouse,5190,69
207736,Mouse,4703,72
207811,Mouse,5784,73
207887,Mouse,5232,74
208000,Mouse,5748,81
208018,Mouse,5054,87
208127,Mouse,5263,90
208148,Mouse,5025,86
208161,Mouse,4915,86
208238,Mouse,3217,80
208246,Elephant,411218,1207
208264,Mouse,4098,81
208269,Mouse,4366,82
208378,Mouse,3508,66
208474,Mouse,4221,68
208506,Elephant,207307,881
208580,Mouse,4516,69
208605,Mouse,4479,65
208610,Mouse,4425,65
208641,Mouse,4032,67
208650,Mouse,5122,66
208742,Mouse,5201,65
208759,Elephant,517664,1377
208775,Mouse,3774,64
208888,Mouse,3700,64
208902,Mouse,5283,65
208937,Mouse,5003,68
208958,Mouse,5069,65
208984,Mouse,4346,70
208990,Mouse,3978,65
208997,Mouse,4344,65
209035,Mouse,4745,66
209059,Mouse,5749,66
209076,Mouse,5032,67
209089,Mouse,4786,65
209112,Mouse,3729,66
209204,Mouse,4040,66
209293,Mouse,5160,67
209326,Elephant,119722,498
209376,Mouse,3332,64
209389,Mouse,4770,65
209427,Mouse,3028,64
209447,Mouse,4188,67
209448,Mouse,5594,69
209475,Mouse,5377,65
209685,Mouse,5673,69
209686,Mouse,3632,68
209688,Mouse,4025,69
209694,Mouse,4512,65
209897,Mouse,5836,66
209917,Mouse,5723,66
209925,Mouse,4216,64
209947,Mouse,5631,66
210164,Mouse,4985,65
210280,Mouse,4411,65
210297,Mouse,5053,65
210593,Mouse,4894,65
210611,Mouse,3668,64
210620,Mouse,3822,64
210819,Mouse,4279,65
210833,Mouse,4736,69
210834,Mouse,5353,69
210869,Mouse,4638,65
210949,Mouse,4957,65
211066,Mouse,4464,65
211082,Mouse,4933,65
211243,Mouse,5506,66
211251,Mouse,5412,65
211263,Mouse,5580,66
211336,Mouse,3169,64
211374,Mouse,4716,65
211409,Mouse,4186,64
211464,Mouse,5193,65
211505,Mouse,5126,65
211546,Mouse,5605,66
211576,Mouse,3887,64
211632,Mouse,4356,65
211677,Elephant,34075,235
211730,Mouse,3404,64
211805,Mouse,5399,65
211999,Mouse,5529,66
212019,Mouse,3880,64
212037,Mouse,4121,65
212102,Mouse,3802,64
212138,Mouse,4386,67
212139,Mouse,4392,67
212183,Mouse,3279,66
212200,Mouse,3790,67
212226,Mouse,5607,66
212397,Mouse,4422,65
212551,Mouse,4214,67
212698,Mouse,3399,68
212712,Mouse,3594,64
212731,Mouse,4803,70
212779,Elephant,312271,858
212907,Mouse,5335,65
212939,Mouse,5831,66
212964,Mouse,5442,66
213009,Mouse,4170,69
213039,Mouse,4635,65
213065,Mouse,3487,67
213216,Mouse,5747,66
213222,Mouse,4128,66
213226,Mouse,5312,68
213245,Mouse,4326,65
213362,Mouse,5441,69
213372,Mouse,5341,73
213425,Mouse,4683,77
213440,Mouse,4646,76
213443,Mouse,4668,77
213460,Mouse,3216,66
213491,Mouse,4299,75
213514,Mouse,4473,69
213854,Mouse,5113,69
213931,Mouse,4288,67
213955,Mouse,3668,66
214003,Mouse,5496,71
214016,Mouse,3562,72
214154,Mouse,5799,72
214185,Mouse,3202,72
214234,Mouse,3770,70
214265,Mouse,4255,65
214271,Elephant,563700,1363
214304,Mouse,3026,72
214309,Mouse,4267,76
214320,Mouse,4285,69
214431,Mouse,5228,70
214488,Mouse,4881,69
214515,Elephant,161024,887
214547,Mouse,4021,74
214627,Mouse,5698,71
214656,Mouse,3691,69
214911,Elephant,594304,1768
214938,Mouse,4360,74
215068,Mouse,3794,69
215085,Mouse,5343,67
215113,Mouse,3127,71
215146,Mouse,4841,74
215336,Mouse,3811,77
215355,Elephant,356402,977
215403,Mouse,3391,72
215433,Mouse,3181,71
215434,Mouse,5252,72
215498,Mouse,5525,68
215544,Elephant,455428,1111
215699,Mouse,3401,64
215842,Mouse,5084,69
215961,Mouse,3109,64
216234,Mouse,5215,75
216317,Mouse,4264,96
216318,Mouse,5786,98
216399,Mouse,3830,103
216418,Mouse,3451,104
216491,Mouse,4940,88
216493,Elephant,311724,1074
216520,Mouse,3407,69
216586,Elephant,248078,1006
216695,Mouse,3454,66
216700,Mouse,3527,65
216797,Mouse,4244,64
216802,Mouse,5107,65
216812,Mouse,4252,66
216821,Elephant,307014,1062
216860,Mouse,5157,69
216907,Mouse,4071,67
216914,Mouse,3799,64
216965,Mouse,5698,66
217043,Mouse,4566,65
217159,Mouse,5562,67
217185,Mouse,4613,65
217292,Mouse,5152,67
217297,Mouse,5171,66
217347,Mouse,5734,70
217348,Mouse,5465,70
217359,Mouse,5450,66
217398,Mouse,3318,64
217630,Mouse,5181,67
217716,Mouse,5724,67
217977,Mouse,4391,68
218045,Mouse,5769,67
218379,Mouse,4612,65
218491,Mouse,4125,69
218554,Mouse,3795,77
218574,Mouse,4811,71
218726,Elephant,69301,378
218808,Elephant,439230,1031
218829,Mouse,4955,66
218838,Mouse,5729,67
219037,Mouse,5193,65
219078,Mouse,5438,66
219112,Mouse,3677,68
219193,Mouse,4056,64
219234,Mouse,3918,67
219283,Mouse,3630,67
219296,Mouse,3986,69
219342,Mouse,4869,72
219444,Mouse,4073,67
219457,Mouse,5645,75
219470,Mouse,4836,80
219528,Elephant,165739,610
219554,Mouse,3398,67
219694,Mouse,3321,68
219699,Mouse,4826,72
219711,Mouse,5062,73
219716,Elephant,281448,855
219725,Mouse,4419,65
219728,Mouse,3456,64
219760,Mouse,5676,67
219780,Mouse,3446,64
219849,Mouse,3231,64
219931,Mouse,5611,66
220008,Mouse,3103,67
220116,Mouse,4927,66
220118,Mouse,3450,66
220140,Mouse,3476,65
220188,Mouse,4068,69
220192,Mouse,4239,73
220233,Mouse,3068,68
220236,Mouse,4196,71
220320,Mouse,5742,69
220377,Mouse,3979,64
220468,Mouse,5756,67
220572,Mouse,3824,66
220649,Mouse,3758,71
220674,Mouse,4304,68
220702,Mouse,4774,77
220831,Elephant,545518,1241
220837,Mouse,4693,66
220921,Mouse,4278,65
220986,Mouse,3295,67
220992,Mouse,3652,64
221018,Mouse,3595,67
221082,Mouse,3214,67
221082,Mouse,3815,68
221123,Mouse,4871,69
221173,Mouse,4806,73
221191,Mouse,4393,66
221215,Mouse,3013,68
221239,Mouse,3410,68
221383,Mouse,4670,68
221446,Mouse,3107,67
221522,Mouse,5676,66
221588,Elephant,515197,1204
221628,Mouse,3385,64
221752,Mouse,5436,66
221862,Mouse,4522,68
221862,Mouse,4843,69
221867,Mouse,5447,69
221872,Mouse,5542,66
221878,Mouse,4506,65
221887,Mouse,5431,66
221933,Mouse,4421,65
221997,Mouse,3429,64
222123,Mouse,4245,64
222153,Mouse,5323,65
222227,Mouse,4377,65
222370,Mouse,3026,64
222380,Mouse,3544,64
222390,Mouse,3454,64
222509,Mouse,3190,66
222511,Mouse,4951,68
222591,Mouse,4972,65
222611,Mouse,5087,65
222626,Mouse,4005,64
222631,Mouse,4568,65
222691,Mouse,4471,65
222737,Mouse,4494,65
222801,Mouse,5389,66
222844,Mouse,4321,65
222874,Mouse,3790,64
222900,Mouse,3765,64
222937,Mouse,3965,64
222941,Mouse,5774,67
223028,Mouse,5443,66
223056,Mouse,5302,65
223076,Mouse,3326,64
223080,Mouse,3379,64
223136,Mouse,4735,65
223262,Mouse,3956,64
223279,Mouse,4772,69
223298,Mouse,3522,64
223331,Mouse,5318,71
223371,Mouse,5008,69
223468,Mouse,3148,64
223607,Mouse,3365,64
223775,Mouse,4878,68
223806,Mouse,4367,68
223819,Mouse,5471,73
223875,Mouse,5079,78
223894,Elephant,351081,942
223909,Mouse,5501,66
223970,Mouse,5625,67
224003,Mouse,4525,67
224030,Mouse,4144,64
224059,Mouse,3037,67
224091,Mouse,3542,66
224094,Mouse,4176,65
224123,Mouse,4143,64
224197,Mouse,4670,65
224217,Mouse,3172,66
224233,Mouse,4923,72
224252,Mouse,4907,65
224330,Mouse,4459,69
224364,Mouse,3326,70
224393,Mouse,4925,70
224398,Elephant,181566,647
224437,Mouse,4587,70
224446,Elephant,112738,501
224465,Mouse,3479,66
224588,Mouse,4698,65
224649,Mouse,3391,64
224689,Mouse,3807,64
224759,Mouse,3632,67
224818,Mouse,4085,67
224910,Mouse,4878,70
224912,Mouse,4735,70
224998,Mouse,3597,64
225154,Mouse,5705,70
225182,Mouse,4354,65
225221,Mouse,3800,66
225268,Mouse,4706,70
225295,Mouse,5568,73
225332,Mouse,4947,80
225392,Mouse,4724,79
225394,Elephant,439327,1141
225566,Mouse,5148,68
225578,Mouse,4877,65
225682,Mouse,4885,69
225828,Elephant,272293,834
226012,Mouse,5226,65
226142,Mouse,4780,74
226307,Mouse,4109,88
226319,Mouse,5523,93
226370,Elephant,524583,1210
226469,Mouse,3618,64
226490,Mouse,4490,68
226604,Mouse,3677,67
226620,Mouse,3689,72
226676,Mouse,5582,72
226690,Elephant,308722,988
226779,Mouse,4679,65
226825,Mouse,4339,65
226846,Mouse,5712,69
226898,Mouse,4482,69
226936,Mouse,3505,65
226952,Mouse,3245,68
226978,Elephant,237985,955
226980,Mouse,3139,66
227092,Mouse,5670,66
227107,Mouse,5635,66
227149,Mouse,3749,64
227197,Mouse,3073,64
227415,Mouse,4152,64
227462,Mouse,3790,64
227482,Mouse,5285,65
227581,Mouse,4003,64
227603,Mouse,4250,64
227612,Mouse,3598,64
227631,Mouse,4257,65
227639,Mouse,3118,64
227678,Mouse,5560,66
227703,Mouse,3592,64
227716,Mouse,3337,64
227726,Mouse,4813,65
227753,Mouse,4575,65
227849,Mouse,3086,64
227879,Mouse,5391,65
227913,Mouse,4752,65
227925,Mouse,5470,66
228058,Mouse,3400,64
228123,Mouse,5632,66
228201,Mouse,3494,64
228285,Mouse,4881,65
228321,Mouse,4918,66
228323,Mouse,4023,66
228404,Mouse,5674,67
228477,Mouse,5582,66
228503,Mouse,5074,65
228515,Mouse,5335,68
228584,Mouse,4515,67
228592,Mouse,4717,66
228600,Mouse,4766,71
228870,Mouse,3376,76
228930,Mouse,5709,80
228948,Mouse,3963,87
229005,Elephant,200478,709
229020,Mouse,5680,96
229051,Mouse,4958,84
229133,Mouse,4009,68
229144,Mouse,5687,71
229152,Mouse,3901,70
229281,Mouse,5542,72
229343,Mouse,4066,74
229355,Elephant,375503,1083
229369,Mouse,4560,77
229400,Mouse,3617,73
229427,Mouse,4761,69
229593,Mouse,3095,77
229662,Mouse,4638,88
229754,Mouse,5019,96
229814,Mouse,3375,85
229868,Elephant,107250,535
229903,Mouse,3275,87
229958,Mouse,4443,81
229996,Mouse,5542,71
230043,Mouse,3998,70
230082,Mouse,4315,82
230185,Mouse,5462,81
230232,Mouse,4150,85
230269,Mouse,4494,96
230286,Mouse,3333,98
230345,Elephant,501619,1697
230371,Mouse,5438,98
230397,Mouse,5023,77
230413,Mouse,4979,88
230423,Mouse,5204,91
230426,Elephant,587512,1734
230436,Mouse,5028,95
230446,Mouse,4596,91
230505,Mouse,3155,80
230515,Mouse,4350,74
230519,Mouse,4016,75
230537,Mouse,4777,72
230597,Mouse,3114,68
230668,Mouse,3378,68
230719,Mouse,4227,72
230759,Mouse,4036,79
230830,Mouse,3992,80
230883,Mouse,5614,91
230937,Mouse,4016,97
230997,Elephant,173207,736
231012,Mouse,3489,81
231062,Mouse,3429,72
231130,Mouse,5135,85
231184,Mouse,5026,93
231206,Mouse,4398,99
231248,Mouse,5797,111
231458,Mouse,5266,85
231501,Elephant,216940,975
231507,Mouse,3965,90
231524,Mouse,5608,94
231528,Elephant,594979,2063
231533,Mouse,4279,94
231561,Mouse,3936,81
231574,Mouse,4020,75
231582,Mouse,3959,80
231593,Elephant,300197,1233
231663,Mouse,5066,65
231669,Mouse,3286,64
231695,Mouse,5616,66
231722,Elephant,139156,756
231819,Mouse,4284,65
231845,Mouse,5620,66
231894,Mouse,4772,65
232153,Mouse,5599,67
232326,Mouse,5496,73
232422,Mouse,5536,69
232442,Mouse,3689,66
232466,Mouse,4743,70
232629,Mouse,5329,74
232649,Elephant,160193,612
232733,Mouse,4622,69
232735,Elephant,145166,570
232854,Mouse,3640,68
232867,Mouse,5243,69
232903,Mouse,4472,78
232960,Mouse,4965,70
232972,Mouse,3624,72
232989,Mouse,3697,75
233024,Mouse,3893,78
233221,Mouse,3143,96
233249,Mouse,3062,106
233340,Mouse,4956,126
233415,Elephant,460298,1215
233425,Mouse,4726,111
233442,Mouse,5124,111
233522,Mouse,4780,65
233538,Mouse,4269,69
233593,Mouse,4301,72
233625,Mouse,4953,66
233642,Mouse,3324,69
233667,Mouse,4551,76
233705,Mouse,3516,74
233940,Mouse,4265,89
234035,Mouse,5564,107
234095,Mouse,3420,112
234175,Mouse,4961,102
234183,Mouse,5268,106
234215,Mouse,4500,114
234216,Mouse,5263,114
234314,Mouse,4967,127
234324,Mouse,3018,121
234333,Mouse,3221,113
234373,Mouse,3065,97
234382,Mouse,3463,97
234413,Mouse,4717,79
234432,Mouse,3237,77
234479,Mouse,4192,85
234575,Mouse,5043,109
234607,Mouse,5661,115
234655,Elephant,562396,2170
234759,Mouse,3997,74
234778,Elephant,333015,1667
234851,Mouse,5544,75
234927,Elephant,551730,2170
234939,Mouse,3093,78
235011,Mouse,5402,78
235045,Mouse,4426,77
235047,Mouse,3211,75
235082,Mouse,3054,82
235134,Mouse,5007,82
235172,Mouse,3002,72
235176,Mouse,5255,75
235201,Mouse,5185,74
235311,Mouse,3158,85
235312,Mouse,4175,86
235337,Mouse,4719,93
235389,Mouse,4440,102
235525,Mouse,5084,101
235545,Mouse,3733,106
235550,Mouse,5522,110
235581,Mouse,4399,102
235592,Mouse,3325,97
235647,Mouse,3193,82
235651,Mouse,3377,83
235664,Mouse,4278,83
235689,Mouse,4929,83
235724,Mouse,3149,93
235769,Mouse,5091,79
235774,Mouse,3360,81
235844,Mouse,4326,76
235873,Mouse,5144,79
235936,Mouse,4856,87
235993,Elephant,438496,2069
236030,Mouse,3188,90
236116,Mouse,5161,78
236178,Mouse,5224,83
236225,Mouse,5398,84
236247,Mouse,4275,86
236526,Elephant,528623,2138
236544,Mouse,3120,83
236555,Mouse,3286,86
236574,Mouse,5834,83
236614,Mouse,3367,79
236641,Mouse,3488,71
236701,Mouse,4652,65
236729,Mouse,4725,76
236741,Mouse,3363,68
236759,Mouse,3173,70
236765,Mouse,3657,71
236930,Mouse,3560,66
236979,Mouse,3453,68
237064,Mouse,5560,71
237069,Mouse,3168,68
237080,Mouse,3662,72
237175,Mouse,4696,79
237298,Mouse,3340,82
237444,Mouse,3721,86
237455,Elephant,589352,1646
237491,Mouse,4623,79
237534,Mouse,3805,64
237570,Mouse,4376,66
237592,Mouse,3064,73
237604,Mouse,4224,76
237621,Mouse,5037,72
237663,Mouse,4423,70
237672,Mouse,5104,70
237755,Mouse,4632,80
237817,Mouse,5081,75
237895,Mouse,4176,80
237906,Mouse,4701,82
238062,Mouse,3780,89
238323,Mouse,3923,73
238344,Mouse,4418,80
238418,Elephant,166508,791
238450,Mouse,5305,91
238509,Mouse,5436,81
238553,Mouse,5492,85
238575,Elephant,46977,331
238624,Mouse,5609,80
238643,Mouse,4347,82
238746,Mouse,3868,77
238755,Elephant,545312,1737
238778,Mouse,5577,76
238916,Elephant,563676,1496
238921,Mouse,5014,65
239198,Mouse,4575,71
239201,Mouse,3990,71
239291,Mouse,4625,67
239304,Mouse,3823,64
239345,Mouse,4866,65
239354,Mouse,3978,64
239374,Mouse,4430,68
239395,Mouse,3657,66
239397,Mouse,4919,68
239415,Mouse,4105,67
239429,Mouse,5830,69
239465,Mouse,3187,66
239486,Mouse,5776,66
239687,Mouse,3805,67
239727,Mouse,4122,67
239804,Mouse,4888,70
239833,Mouse,3524,73
239841,Mouse,5703,78
239911,Mouse,4541,83
239948,Elephant,422950,1034
239983,Mouse,4273,82
240063,Mouse,5573,71
240090,Mouse,5603,71
240108,Mouse,5776,74
240161,Mouse,3668,65
240238,Mouse,3796,72
240301,Mouse,3453,66
240308,Mouse,3269,71
240492,Mouse,5607,87
240501,Elephant,305265,1119
240514,Mouse,3668,76
240523,Mouse,3468,74
240612,Mouse,3319,65
240693,Mouse,3471,72
240755,Mouse,3389,71
240841,Mouse,3385,73
240967,Elephant,421635,1139
241131,Mouse,5100,69
241280,Mouse,3426,72
241316,Mouse,4663,70
241423,Elephant,360194,946
241576,Mouse,3387,64
241634,Mouse,4063,67
241636,Mouse,4745,69
241675,Mouse,4868,70
241781,Mouse,3266,67
241826,Mouse,4604,69
241917,Mouse,4930,72
241994,Mouse,4419,80
242137,Mouse,5126,87
242171,Mouse,4771,97
242253,Mouse,3757,83
242268,Mouse,3990,79
242346,Mouse,4620,80
242365,Mouse,3276,72
242404,Mouse,5613,85
242458,Mouse,4055,81
242517,Mouse,3746,94
242521,Mouse,4147,87
242572,Mouse,5775,93
242598,Mouse,4639,93
242637,Mouse,3211,87
242676,Elephant,274181,1087
242701,Mouse,4413,72
242737,Mouse,3552,68
242742,Mouse,5497,70
242820,Elephant,570928,1460
242885,Mouse,4423,65
242909,Mouse,4071,65
243029,Mouse,5117,69
243104,Mouse,4631,66
243154,Mouse,3544,65
243229,Mouse,4995,73
243378,Mouse,5792,70
243414,Mouse,3585,66
243471,Mouse,4422,69
243514,Elephant,578409,1676
243518,Mouse,5476,72
243559,Mouse,4324,71
243580,Mouse,4722,66
243603,Mouse,4728,70
243623,Mouse,4339,69
243670,Mouse,4837,66
243696,Mouse,5153,68
243720,Mouse,5648,74
243733,Mouse,4749,73
243788,Mouse,4003,67
243809,Mouse,4930,74
243914,Mouse,5491,78
244108,Mouse,4928,105
244161,Mouse,4333,112
244297,Mouse,3269,74
244343,Mouse,4696,70
244351,Mouse,4567,79
244472,Mouse,3040,88
244486,Mouse,3437,89
244506,Mouse,5095,104
244557,Elephant,487606,1455
244562,Mouse,3329,112
244621,Mouse,5522,93
244650,Mouse,5670,68
244682,Mouse,4121,72
244714,Mouse,3371,68
244758,Mouse,4412,74
244783,Mouse,3304,73
244907,Elephant,195606,1094
244912,Mouse,3315,79
244962,Elephant,299884,1311
245012,Mouse,5710,72
245012,Mouse,4755,69
245052,Mouse,3948,74
245100,Mouse,3283,75
245125,Mouse,4126,72
245137,Elephant,242331,1333
245143,Mouse,5544,74
245217,Mouse,5297,73
245219,Mouse,4526,71
245240,Elephant,46957,283
245296,Elephant,453390,1857
245299,Mouse,5413,68
245412,Mouse,4286,65
245541,Mouse,4120,64
245590,Mouse,4401,65
245593,Mouse,4236,65
245625,Mouse,3757,64
245763,Mouse,5405,65
245784,Mouse,4282,65
245798,Mouse,4520,65
245836,Mouse,4106,64
245885,Mouse,5254,65
245898,Mouse,4153,64
245936,Mouse,4846,65
245988,Mouse,3784,64
246042,Mouse,4361,65
246124,Mouse,5611,69
246127,Mouse,3345,65
246148,Mouse,4396,65
246252,Mouse,5111,68
246292,Mouse,3572,66
246314,Elephant,97161,452
246325,Mouse,4906,65
246431,Mouse,5144,67
246528,Mouse,5076,70
246536,Mouse,4578,77
246568,Mouse,4373,71
246577,Mouse,3086,79
246592,Mouse,4617,81
246618,Mouse,4047,76
246664,Mouse,4513,75
246796,Mouse,4399,81
246861,Elephant,308510,896
246950,Mouse,4976,66
247168,Mouse,5059,91
247456,Mouse,3544,103
247476,Mouse,3380,102
247511,Elephant,472711,1311
247514,Mouse,4157,89
247544,Mouse,5059,78
247698,Mouse,4047,68
247752,Mouse,4972,73
247813,Mouse,3316,82
247902,Mouse,5421,99
247932,Elephant,484017,1516
247980,Mouse,4842,104
247981,Mouse,5267,104
247982,Mouse,3945,102
247987,Mouse,3325,100
248072,Mouse,3132,82
248079,Mouse,4244,71
248099,Elephant,215410,1257
248121,Mouse,5155,74
248174,Mouse,3061,68
248184,Elephant,218469,958
248384,Mouse,5758,71
248463,Mouse,3399,71
248474,Mouse,3266,70
248621,Mouse,3280,87
248638,Mouse,5819,96
248649,Mouse,4081,99
248792,Elephant,315580,1007
248857,Mouse,5067,71
248863,Mouse,4951,71
248909,Mouse,3443,70
248925,Mouse,4725,70
248951,Mouse,4166,66
249114,Mouse,4412,83
249164,Mouse,4478,88
249191,Mouse,3937,96
249306,Mouse,3701,89
249344,Mouse,5372,96
249370,Mouse,4478,100
249373,Elephant,511326,1659
249446,Mouse,4106,85
249459,Mouse,3526,78
249483,Mouse,3397,73
249550,Mouse,4383,66
249693,Mouse,4890,70
249721,Mouse,3553,77
249744,Mouse,3870,79
249813,Mouse,4254,88
249979,Mouse,5233,104
250002,Mouse,5055,114
250119,Mouse,4187,109
250275,Elephant,198873,1246
250302,Mouse,3317,93
250330,Elephant,598823,1999
250428,Elephant,530503,2001
250464,Mouse,3073,64
250518,Mouse,4010,66
250550,Mouse,3473,65
250560,Mouse,3254,66
250598,Mouse,5041,69
250630,Mouse,4545,69
250645,Mouse,3830,67
250687,Mouse,5227,69
250751,Mouse,4890,69
250856,Elephant,207600,1061
250880,Elephant,236853,937
250911,Mouse,5232,69
250966,Mouse,4187,64
250973,Mouse,5836,66
250982,Mouse,4459,65
251023,Mouse,4770,66
251083,Mouse,5628,67
251096,Mouse,4969,65
251222,Mouse,4558,65
251300,Mouse,5829,69
251314,Mouse,4185,64
251321,Mouse,5791,68
251358,Mouse,3111,64
251381,Mouse,5222,70
251390,Mouse,3488,71
251463,Mouse,3028,64
251481,Mouse,4687,71
251486,Mouse,5410,73
251510,Mouse,3660,66
251617,Mouse,4752,66
251721,Mouse,3322,66
251774,Mouse,5578,70
251858,Mouse,3582,66
251939,Elephant,387374,976
251955,Mouse,4457,65
251964,Mouse,3750,67
252129,Mouse,3205,64
252171,Mouse,5612,66
252208,Mouse,4798,73
252258,Mouse,5289,66
252302,Mouse,4268,67
252362,Mouse,3296,65
252394,Mouse,4483,65
252432,Mouse,5792,68
252493,Elephant,398087,983
252506,Mouse,3149,66
252529,Mouse,5692,66
252595,Mouse,5525,66
252629,Mouse,4269,68
252822,Mouse,3029,64
252834,Mouse,5754,69
252835,Mouse,5326,69
252891,Mouse,5583,70
252926,Mouse,5040,66
252957,Mouse,5283,78
252986,Mouse,3955,67
253038,Mouse,5166,73
253054,Mouse,3897,76
253194,Mouse,4474,75
253201,Mouse,3963,74
253219,Mouse,4359,70
253269,Mouse,3157,71
253357,Mouse,3678,77
253385,Mouse,5783,81
253410,Mouse,4651,90
253437,Elephant,157179,646
253473,Mouse,3256,89
253511,Mouse,5177,75
253602,Mouse,4600,74
253672,Mouse,5401,78
253677,Elephant,540960,1244
253698,Mouse,5242,82
253702,Mouse,5533,84
253781,Elephant,49247,301
253796,Mouse,3988,69
253930,Mouse,3522,64
253965,Mouse,5342,68
254031,Mouse,5414,66
254060,Mouse,3936,64
254073,Mouse,5194,67
254075,Mouse,3714,67
254118,Mouse,4653,67
254158,Mouse,3332,64
254188,Mouse,3784,64
254269,Mouse,3001,67
254282,Mouse,5113,65
254324,Mouse,4222,66
254358,Mouse,5173,65
254381,Mouse,4050,64
254406,Mouse,3696,65
254425,Mouse,3543,64
254500,Mouse,3073,64
254553,Mouse,3266,64
254689,Mouse,4670,67
254739,Mouse,4008,65
254802,Mouse,5611,66
254862,Mouse,5085,66
254996,Mouse,5400,69
255000,Mouse,3948,65
255014,Mouse,5208,70
255046,Elephant,111429,490
255078,Mouse,3968,67
255085,Mouse,3631,64
255156,Mouse,5561,66
255349,Mouse,3126,64
255411,Mouse,4394,65
255428,Mouse,4921,65
255514,Mouse,3420,64
255577,Mouse,3838,64
255643,Mouse,3131,64
255807,Mouse,4399,65
255919,Mouse,4606,65
255959,Mouse,4649,65
256042,Mouse,4054,64
256057,Mouse,3195,65
256130,Mouse,5367,65
256156,Mouse,3248,67
256182,Mouse,3008,65
256279,Mouse,3975,68
256359,Mouse,3097,65
256381,Mouse,3713,68
256493,Elephant,100273,493
256507,Mouse,5831,70
256538,Mouse,5749,66
256555,Mouse,5159,72
256569,Mouse,5255,79
256581,Mouse,4141,71
256630,Mouse,5564,66
256658,Mouse,5373,70
256671,Mouse,5728,73
256759,Mouse,4875,67
256869,Mouse,4357,69
256954,Mouse,5184,71
256981,Mouse,3695,68
257178,Elephant,414971,1049
257225,Mouse,3949,66
257305,Mouse,5042,70
257419,Elephant,398424,1011
257473,Mouse,3986,64
257513,Mouse,5006,65
257577,Mouse,5802,66
257649,Mouse,4429,65
257666,Mouse,5538,67
257687,Mouse,3654,64
257731,Mouse,5425,67
257745,Mouse,5561,66
257811,Mouse,3994,64
257837,Mouse,5575,67
257873,Mouse,3285,64
257994,Mouse,4004,64
258041,Mouse,3291,64
258151,Elephant,146805,549
258193,Mouse,3072,67
258241,Mouse,5706,66
258259,Mouse,3191,64
258488,Mouse,3657,64
258580,Mouse,3984,64
258586,Mouse,5419,65
258726,Mouse,5201,65
258829,Mouse,3456,64
258833,Mouse,4917,66
258918,Mouse,3887,64
259005,Mouse,3375,72
259057,Mouse,5200,78
259107,Mouse,5293,67
259136,Mouse,4767,72
259137,Mouse,3419,71
259225,Mouse,5701,67
259396,Mouse,4423,80
259401,Elephant,226066,730
259405,Mouse,3934,64
259561,Mouse,5258,70
259647,Mouse,3434,64
259691,Mouse,5195,68
259725,Elephant,273376,831
259806,Mouse,5243,66
259854,Mouse,3501,65
259926,Mouse,5033,71
259929,Mouse,3526,71
260045,Mouse,5206,68
260182,Mouse,4230,68
260253,Mouse,3487,64
260285,Mouse,5203,69
260302,Mouse,5213,72
260303,Mouse,4930,69
260367,Elephant,359805,1058
260372,Mouse,3569,67
260428,Mouse,4723,65
260512,Mouse,5157,67
260626,Mouse,3027,64
260913,Mouse,3157,66
260953,Elephant,47707,279
261058,Mouse,4163,66
261144,Mouse,4302,66
261179,Mouse,3603,64
261333,Mouse,5630,66
261428,Mouse,3338,64
261499,Mouse,3093,66
261500,Mouse,5780,68
261506,Mouse,5453,66
261558,Mouse,4188,64
261562,Mouse,4570,65
261578,Mouse,3277,66
261591,Mouse,5291,65
261638,Mouse,4387,65
261669,Mouse,5596,69
261714,Mouse,4109,68
261767,Mouse,4370,65
261956,Mouse,3078,66
262067,Mouse,3374,66
262217,Mouse,3868,68
262267,Mouse,5067,75
262304,Mouse,3400,79
262326,Mouse,3878,79
262366,Elephant,491520,1122
262374,Mouse,3462,74
262402,Mouse,3550,77
262410,Mouse,5792,80
262467,Mouse,3603,64
262475,Mouse,5160,70
262494,Mouse,5648,68
262746,Mouse,4489,78
262754,Mouse,3501,79
262793,Mouse,4216,89
262835,Mouse,5212,101
262881,Mouse,3557,96
262923,Mouse,5661,85
262955,Mouse,5828,83
263031,Mouse,4745,70
263056,Mouse,3741,72
263084,Mouse,3332,75
263137,Mouse,3634,82
263245,Mouse,5144,100
263284,Mouse,5415,105
263324,Mouse,3605,116
263405,Elephant,308645,1330
263461,Mouse,3417,102
263482,Mouse,4685,99
263500,Mouse,3475,94
263510,Elephant,459927,1476
263538,Mouse,3098,86
263551,Mouse,5804,81
263564,Mouse,3942,85
263633,Mouse,3026,67
263657,Mouse,4745,67
263745,Mouse,4454,76
263756,Mouse,5238,75
263790,Mouse,3217,79
263935,Mouse,4931,88
264071,Mouse,3163,91
264095,Mouse,4673,98
264162,Mouse,3845,98
264236,Mouse,5465,97
264304,Mouse,3578,95
264410,Mouse,4334,93
264436,Elephant,439771,1843
264461,Mouse,3990,76
264486,Mouse,5417,84
264494,Mouse,3765,86
264551,Mouse,5262,79
264560,Mouse,4367,75
264583,Mouse,3126,82
264590,Mouse,4420,81
264610,Elephant,174424,947
264645,Elephant,472557,2182
264650,Mouse,3442,78
264654,Mouse,3044,73
264657,Mouse,3071,67
264736,Mouse,5197,69
264773,Mouse,5836,70
264846,Mouse,5306,69
264854,Mouse,4962,69
264984,Mouse,5106,69
265084,Mouse,4107,67
265139,Mouse,4153,64
265180,Mouse,5281,70
265183,Mouse,3714,68
265210,Mouse,3278,71
265215,Elephant,567010,2078
265228,Mouse,4407,65
265282,Mouse,4789,65
265304,Mouse,4914,67
265464,Mouse,3656,73
265523,Mouse,5324,65
265541,Mouse,3758,69
265637,Mouse,4841,70
265709,Mouse,3322,67
265732,Mouse,5726,76
265743,Mouse,4223,77
265796,Mouse,3186,75
265935,Mouse,4230,103
265942,Mouse,3203,104
265991,Mouse,4847,120
266035,Mouse,5180,121
266200,Mouse,4722,78
266218,Mouse,3343,77
266391,Elephant,302965,1135
266438,Mouse,4529,91
266462,Mouse,4474,80
266651,Mouse,3425,86
266682,Elephant,233905,1151
266697,Mouse,3719,93
266711,Mouse,4990,94
266715,Elephant,302709,1372
266726,Mouse,5758,87
266739,Mouse,3369,85
266753,Mouse,4716,83
266762,Mouse,5603,79
266774,Mouse,3983,69
266913,Mouse,5745,70
267053,Mouse,4509,73
267071,Mouse,5095,72
267116,Mouse,4375,73
267178,Mouse,4189,71
267242,Mouse,4663,75
267471,Mouse,4414,94
267565,Mouse,4688,103
267570,Elephant,457736,1831
267617,Mouse,3533,82
267620,Mouse,3841,75
267626,Mouse,4190,70
267690,Elephant,376731,1566
267699,Mouse,5389,75
267709,Mouse,4964,69
267782,Mouse,4877,70
268097,Mouse,5712,76
268106,Mouse,5357,78
268139,Mouse,3082,74
268304,Mouse,3793,72
268338,Elephant,513507,1377
268357,Mouse,5374,76
268410,Elephant,233227,750
268430,Mouse,5440,67
268451,Mouse,5017,66
268473,Mouse,3115,64
268530,Mouse,4690,65
268576,Mouse,3964,64
268590,Mouse,3601,67
268654,Mouse,4493,65
268663,Mouse,4709,65
268748,Mouse,3155,64
268767,Mouse,3362,65
268898,Mouse,4502,71
268983,Mouse,4184,71
269059,Mouse,4648,68
269112,Mouse,3674,69
269142,Elephant,51884,323
269259,Mouse,5090,68
269268,Mouse,4197,69
269276,Mouse,4269,75
269463,Mouse,5723,73
269483,Elephant,428997,1046
269567,Mouse,4946,67
269654,Mouse,3105,66
269696,Mouse,5059,68
269765,Mouse,3249,67
269907,Elephant,480281,1100
269955,Mouse,3474,64
270091,Mouse,5058,65
270127,Mouse,3746,64
270154,Elephant,101831,458
270277,Mouse,3317,67
270379,Mouse,3140,67
270427,Mouse,3804,66
270470,Mouse,3991,67
270515,Mouse,5519,70
270657,Mouse,5310,67
270758,Mouse,5149,70
270825,Elephant,142747,557
270843,Mouse,3191,67
270847,Mouse,5371,71
270863,Mouse,3994,65
270942,Mouse,5310,70
271011,Mouse,4270,68
271108,Elephant,508804,1116
271128,Mouse,3662,64
271134,Mouse,4153,65
271289,Mouse,4957,65
271352,Mouse,4179,64
271433,Mouse,5677,72
271436,Mouse,5160,74
271547,Mouse,5020,65
271636,Mouse,3739,64
271749,Mouse,4448,69
271796,Mouse,3062,66
271806,Mouse,3133,64
271821,Mouse,4950,68
271944,Mouse,3929,68
272049,Mouse,3492,66
272119,Mouse,3628,68
272122,Mouse,4540,71
272220,Mouse,5669,71
272228,Mouse,5817,76
272308,Mouse,5161,68
272311,Mouse,3540,65
272314,Elephant,581627,1210
272326,Mouse,4138,65
272339,Mouse,5638,67
272489,Mouse,5786,66
272493,Mouse,5117,66
272566,Mouse,5065,65
272666,Mouse,4339,65
272669,Mouse,4262,67
272681,Mouse,4216,64
272712,Mouse,5823,66
272784,Mouse,4834,65
272796,Mouse,3580,64
272860,Mouse,4880,65
272962,Mouse,5643,66
272983,Mouse,4943,65
273005,Mouse,4828,65
273015,Mouse,5423,68
273151,Mouse,4329,67
273198,Mouse,3456,64
273313,Mouse,4255,67
273409,Mouse,5563,70
273426,Mouse,5658,66
273466,Mouse,3503,64
273679,Mouse,4417,67
273722,Mouse,3599,70
273922,Mouse,3912,67
273998,Mouse,3614,64
274003,Mouse,5625,67
274139,Mouse,4489,68
274155,Elephant,515234,1206
274177,Mouse,3738,64
274225,Mouse,4681,65
274280,Mouse,5533,66
274450,Mouse,4140,64
274467,Mouse,3181,64
274550,Mouse,4060,64
274569,Mouse,4089,64
274644,Mouse,5239,65
274683,Mouse,5178,65
274725,Mouse,4659,66
274730,Mouse,3756,64
274752,Mouse,3693,65
274888,Mouse,3697,64
274958,Mouse,4048,64
275020,Mouse,3253,64
275024,Mouse,4638,66
275049,Mouse,4678,66
275198,Mouse,4608,73
275297,Mouse,4563,65
275303,Mouse,4328,66
275378,Mouse,5495,73
275454,Mouse,4539,73
275524,Mouse,4462,92
275533,Elephant,139396,633
275588,Mouse,5315,86
275794,Mouse,5197,71
275805,Mouse,3242,77
275808,Mouse,4641,79
275906,Mouse,4008,92
276043,Elephant,271430,974
276124,Mouse,4992,73
276137,Mouse,3266,64
276156,Mouse,5516,68
276180,Mouse,5239,66
276215,Mouse,3561,74
276230,Mouse,4208,71
276239,Elephant,205223,889
276265,Mouse,5584,72
276362,Mouse,3976,66
276368,Mouse,3795,69
276537,Elephant,360773,1326
276698,Mouse,4394,68
276789,Mouse,3734,64
276850,Mouse,4799,65
276866,Mouse,4711,69
276881,Mouse,5678,72
276884,Mouse,3868,68
276894,Mouse,5683,66
276980,Mouse,4938,65
277064,Mouse,5273,65
277080,Mouse,5245,66
277096,Mouse,5090,70
277317,Mouse,4775,71
277390,Mouse,3496,66
277476,Mouse,4484,67
277492,Mouse,5538,74
277494,Elephant,542630,1175
277558,Mouse,4432,72
277603,Mouse,3213,65
277641,Mouse,5825,71
277708,Mouse,5001,65
277753,Mouse,4007,65
277839,Mouse,3227,71
277871,Mouse,5757,69
277988,Mouse,4357,75
278014,Mouse,3905,69
278029,Mouse,5107,72
278054,Mouse,5558,85
278079,Mouse,3250,81
278101,Mouse,5085,86
278179,Mouse,5056,79
278184,Mouse,4085,79
278200,Mouse,4311,75
278210,Mouse,4363,78
278275,Mouse,3926,84
278412,Mouse,5626,79
278415,Mouse,4756,79
278485,Elephant,551325,1309
278558,Elephant,405785,1191
278575,Mouse,4570,65
278618,Mouse,5003,66
278744,Mouse,3293,64
278854,Mouse,4220,64
278997,Mouse,4906,65
279031,Mouse,3008,64
279089,Mouse,5784,66
279140,Mouse,4005,64
279144,Mouse,4622,65
279178,Mouse,3056,64
279221,Mouse,5371,65
279256,Mouse,5190,65
279261,Mouse,4027,64
279286,Mouse,5522,66
279312,Mouse,5825,66
279351,Mouse,5402,65
279387,Mouse,4723,65
279519,Mouse,3343,64
279533,Mouse,3309,64
279566,Mouse,5538,66
279640,Mouse,4822,65
279809,Mouse,4616,65
279909,Mouse,3894,65
279914,Mouse,3184,68
279963,Mouse,3736,71
280006,Mouse,4039,68
280070,Mouse,3034,74
280093,Mouse,5806,68
280131,Mouse,4074,75
280161,Mouse,4259,75
280241,Mouse,3175,79
280352,Mouse,4001,84
280372,Mouse,5107,85
280406,Mouse,3678,85
280480,Mouse,4105,88
280492,Mouse,4164,89
280499,Mouse,3237,92
280556,Elephant,321675,966
280651,Mouse,4364,97
280683,Mouse,3271,89
280796,Mouse,3808,78
280811,Mouse,5083,79
280867,Mouse,4741,88
281046,Mouse,5482,97
281089,Mouse,4731,92
281095,Mouse,4703,91
281115,Mouse,3377,87
281129,Mouse,3450,88
281181,Mouse,3082,87
281217,Elephant,403307,1512
281260,Mouse,3194,70
281299,Mouse,5259,72
281376,Mouse,5597,72
281452,Mouse,5666,78
281571,Mouse,4208,100
281574,Mouse,4232,101
281625,Mouse,3927,114
281692,Mouse,3154,113
281767,Mouse,3100,95
281865,Mouse,4200,93
281905,Mouse,5705,99
281941,Mouse,4628,102
281952,Mouse,3585,106
282052,Elephant,334267,1651
282066,Elephant,551954,2346
282159,Mouse,4387,65
282232,Mouse,3324,65
282242,Elephant,270223,1435
282387,Elephant,476456,1937
282398,Mouse,3278,65
282476,Mouse,4371,65
282542,Mouse,3673,67
282595,Mouse,5603,76
282723,Mouse,3730,68
282782,Mouse,4352,69
282794,Elephant,374494,1371
282818,Mouse,5337,68
282849,Mouse,4489,65
282911,Mouse,5778,71
282917,Mouse,5157,71
282979,Mouse,4485,68
282993,Mouse,3251,64
283040,Elephant,41380,245
283068,Mouse,5028,69
283073,Mouse,3481,65
283083,Mouse,3523,64
283093,Mouse,3025,64
283142,Mouse,5469,66
283164,Mouse,4222,64
283192,Mouse,4149,68
283244,Mouse,4562,65
283266,Mouse,3272,64
283290,Mouse,4409,66
283313,Mouse,5011,65
283325,Mouse,4980,70
283381,Mouse,5632,74
283642,Mouse,5520,70
283754,Mouse,4829,69
283776,Mouse,4837,65
283861,Mouse,3095,64
283917,Mouse,4176,66
283927,Mouse,4195,69
284044,Mouse,3506,72
284078,Mouse,4107,68
284133,Mouse,4407,72
284158,Mouse,3809,72
284205,Elephant,538273,1295
284219,Mouse,5827,66
284248,Mouse,3672,65
284436,Mouse,3575,67
284544,Mouse,5148,70
284617,Mouse,4996,80
284688,Mouse,3252,75
284745,Mouse,5196,83
284759,Mouse,4521,88
284789,Mouse,5783,100
284872,Mouse,3982,100
284896,Mouse,3665,97
284925,Mouse,4861,94
284981,Mouse,5225,96
285012,Mouse,4426,103
285047,Mouse,4172,88
285064,Mouse,5652,91
285077,Elephant,539814,1308
285142,Elephant,209912,869
285237,Mouse,3267,66
285298,Mouse,5187,70
285438,Mouse,5720,72
285574,Mouse,4161,68
285653,Mouse,4421,66
285738,Mouse,4154,65
285762,Mouse,3784,68
285770,Elephant,439663,1454
285848,Mouse,3309,64
285882,Mouse,4894,69
285902,Mouse,5392,65
285939,Mouse,4045,72
285944,Mouse,5633,66
286159,Mouse,3055,64
286217,Mouse,3477,64
286224,Mouse,4849,65
286285,Mouse,4637,69
286327,Mouse,5753,69
286352,Mouse,5080,65
286463,Mouse,4958,70
286478,Mouse,5226,70
286497,Mouse,3621,67
286509,Mouse,3854,70
286522,Mouse,3632,70
286536,Elephant,248536,760
286580,Mouse,4932,66
286594,Mouse,5418,65
286669,Mouse,3423,64
286691,Mouse,4502,65
286785,Mouse,4601,65
286850,Mouse,4339,65
286864,Mouse,4791,65
286904,Mouse,3680,64
286926,Mouse,5115,65
286933,Mouse,3691,64
286950,Mouse,3422,64
286976,Mouse,4816,66
287049,Mouse,4311,65
287062,Mouse,3157,64
287096,Mouse,5162,65
287138,Mouse,5135,65
287155,Mouse,4473,65
287294,Mouse,4968,65
287322,Mouse,3145,64
287338,Mouse,4486,66
287348,Mouse,5609,66
287410,Mouse,4877,65
287422,Mouse,3591,64
287475,Mouse,3765,64
287612,Mouse,4707,65
287628,Mouse,5228,65
287649,Mouse,3350,64
287676,Mouse,4159,64
287711,Mouse,3637,64
287723,Mouse,5445,68
287825,Mouse,5401,65
287842,Mouse,4587,65
287859,Mouse,4918,69
288017,Mouse,5053,65
288039,Mouse,4940,71
288042,Mouse,3877,71
288093,Mouse,5049,66
288096,Mouse,4119,68
288106,Mouse,4232,65
288184,Mouse,5195,74
288185,Mouse,4773,72
288196,Mouse,4011,72
288310,Mouse,3424,68
288389,Elephant,300283,859
288432,Mouse,4069,74
288659,Mouse,4917,71
288684,Mouse,3316,68
288782,Mouse,4953,69
288801,Mouse,4420,77
288830,Mouse,4241,82
288836,Elephant,318599,891
288911,Mouse,4259,65
288997,Mouse,3893,71
289082,Elephant,445651,1078
289098,Mouse,4233,72
289224,Mouse,4314,73
289231,Mouse,4097,71
289367,Mouse,4837,71
289385,Mouse,3023,67
289472,Mouse,4397,70
289528,Elephant,194268,697
289578,Mouse,4110,70
289624,Mouse,4448,65
289671,Mouse,3723,66
289674,Mouse,3845,68
289688,Mouse,5224,71
289707,Mouse,3668,79
289713,Mouse,5556,83
289801,Mouse,4183,76
289808,Mouse,4281,72
289888,Mouse,3542,68
290025,Mouse,4002,71
290088,Elephant,396422,1082
290258,Mouse,4457,72
290262,Mouse,3923,70
290292,Elephant,500164,1308
290366,Mouse,3244,65
290379,Mouse,5246,69
290387,Mouse,3941,65
290432,Mouse,4619,67
290485,Mouse,4488,65
290542,Mouse,4481,70
290574,Elephant,153549,605
290598,Mouse,5077,73
290619,Mouse,4079,65
290632,Mouse,4088,64
290651,Elephant,186730,664
290788,Mouse,3728,64
290840,Mouse,4507,65
290880,Mouse,4708,65
290900,Mouse,4879,65
290913,Mouse,5526,66
290958,Mouse,5160,66
291007,Mouse,5671,66
291054,Mouse,4515,65
291062,Mouse,4872,65
291067,Mouse,5589,66
291161,Mouse,4577,65
291195,Mouse,4585,65
291280,Mouse,4934,65
291368,Mouse,5685,66
291468,Mouse,3704,64
291545,Mouse,4680,65
291553,Mouse,4971,65
291660,Mouse,4031,64
291707,Mouse,4972,65
291777,Mouse,5652,66
291889,Mouse,3468,64
291946,Mouse,5157,68
291949,Mouse,3078,64
292030,Mouse,5163,70
292086,Mouse,3800,64
292131,Mouse,3877,65
292249,Mouse,4729,71
292253,Mouse,4525,72
292262,Mouse,4392,77
292276,Mouse,3089,70
292329,Mouse,5349,71
292342,Mouse,5146,68
292394,Mouse,5345,70
292411,Mouse,4448,76
292452,Elephant,240742,748
292461,Mouse,4945,82
292549,Mouse,4315,68
292581,Mouse,5020,68
292674,Mouse,5660,70
292749,Mouse,5303,77
292763,Mouse,4820,82
292775,Elephant,159817,624
292900,Mouse,3345,71
293000,Mouse,5301,77
293017,Mouse,4752,82
293048,Mouse,4069,84
293056,Mouse,3592,88
293167,Mouse,4277,88
293173,Mouse,5642,93
293219,Mouse,5011,92
293222,Elephant,255538,866
293227,Mouse,4861,82
293233,Elephant,412836,1106
293243,Mouse,4306,74
293445,Mouse,3334,64
293525,Elephant,95928,733
293580,Mouse,5561,66
293627,Mouse,4391,65
293639,Mouse,5449,66
293721,Mouse,4822,65
293810,Mouse,5667,66
293839,Mouse,3166,64
294199,Mouse,3162,64
294237,Mouse,3742,67
294299,Mouse,5319,65
294382,Mouse,3040,64
294415,Mouse,4411,69
294537,Mouse,4130,68
294667,Mouse,3925,65
294804,Elephant,282225,807
294810,Mouse,3010,64
294860,Mouse,5657,66
294946,Mouse,4977,65
294971,Mouse,5091,65
295007,Mouse,4512,65
295069,Mouse,3022,64
295114,Mouse,3395,64
295125,Mouse,4983,69
295158,Mouse,3769,65
295215,Mouse,4723,65
295325,Mouse,4928,65
295397,Mouse,5827,66
295522,Mouse,5079,70
295593,Elephant,174704,624
295604,Mouse,5566,66
295619,Mouse,5397,65
295658,Mouse,5534,66
295677,Mouse,5825,66
295887,Mouse,3298,64
295900,Mouse,5696,66
296043,Mouse,3981,64
296153,Mouse,3057,64
296189,Mouse,3877,64
296198,Mouse,4625,65
296349,Mouse,5715,66
296431,Mouse,5344,70
296617,Mouse,4367,65
296663,Mouse,5474,66
296685,Mouse,4828,69
296708,Elephant,190374,650
296715,Mouse,5535,82
296762,Mouse,5517,75
296769,Mouse,4080,68
296805,Mouse,5594,69
296926,Mouse,4983,68
297029,Elephant,55883,331
297309,Elephant,264513,854
297362,Mouse,4698,76
297444,Elephant,262111,820
297565,Mouse,5703,66
297575,Mouse,5407,67
297578,Mouse,4764,67
297583,Elephant,301462,874
297645,Mouse,4789,65
297653,Mouse,4547,65
297752,Mouse,5602,66
297762,Mouse,4029,64
297829,Mouse,4599,65
297871,Mouse,5481,66
297902,Mouse,4363,68
297907,Mouse,4106,68
297922,Mouse,5746,66
297950,Mouse,3542,68
298008,Mouse,3118,64
298219,Mouse,5025,74
298261,Mouse,4253,74
298289,Mouse,5500,69
298468,Mouse,3911,79
298582,Mouse,5288,88
298750,Mouse,3498,95
298767,Mouse,3308,98
298896,Mouse,5162,121
298937,Mouse,3226,123
298965,Mouse,3886,121
298972,Mouse,3579,120
298979,Mouse,5174,124
298981,Elephant,332798,1108
299023,Mouse,3617,123
299045,Mouse,3649,98
299103,Elephant,267169,1092
299209,Mouse,4839,68
299226,Elephant,462018,1392
299237,Mouse,4413,67
299267,Mouse,3975,67
299301,Mouse,3660,64
299337,Mouse,4305,65
299346,Mouse,3729,64
299385,Mouse,3200,64
299487,Mouse,3564,67
299497,Mouse,4299,65
299517,Mouse,3706,65
299521,Mouse,5636,67
299629,Mouse,3396,64
299649,Mouse,5452,66
299705,Mouse,3652,67
299766,Mouse,4293,76
299890,Mouse,4279,71
299945,Mouse,4209,70
299951,Mouse,4074,70
299978,Mouse,3008,67
300000,Mouse,5696,71
300040,Mouse,4824,72
300106,Mouse,3577,71
300198,Mouse,3780,77
300231,Elephant,596699,1611
300246,Mouse,4582,79
300408,Mouse,3463,64
300415,Mouse,5282,65
300493,Mouse,4697,68
300522,Mouse,4290,66
300660,Mouse,4987,68
300665,Mouse,4322,66
300845,Mouse,4314,65
300854,Mouse,5440,67
300882,Elephant,381370,1242
300990,Mouse,4522,65
301221,Elephant,138304,548
301308,Mouse,4421,65
301337,Mouse,5643,66
301555,Mouse,4524,78
301638,Elephant,103840,464
301647,Mouse,5319,67
301819,Mouse,4289,65
301825,Elephant,100071,497
301912,Mouse,4302,65
301942,Mouse,3368,66
302076,Mouse,4820,68
302215,Mouse,4605,72
302271,Elephant,296175,840
302292,Mouse,3900,64
302411,Mouse,5311,65
302473,Mouse,5821,67
302499,Mouse,5506,76
302553,Mouse,4219,64
302569,Mouse,5062,68
302593,Mouse,4513,74
302689,Elephant,242339,760
302715,Mouse,3060,68
302772,Mouse,4129,65
302786,Mouse,3188,64
302797,Mouse,5189,70
302869,Mouse,5351,69
302899,Mouse,5637,69
302944,Mouse,4711,69
302998,Mouse,4615,70
303043,Mouse,5757,71
303172,Mouse,4010,67
303209,Mouse,4215,66
303466,Mouse,3300,89
303468,Elephant,555254,1276
303481,Mouse,3761,81
303556,Mouse,3564,82
303562,Mouse,3005,80
303582,Mouse,3319,69
303611,Mouse,4839,80
303622,Elephant,234846,1028
303819,Mouse,5682,73
303935,Elephant,150451,716
303971,Mouse,5452,73
304017,Mouse,4113,67
304059,Mouse,4391,73
304072,Mouse,5537,70
304155,Mouse,5775,69
304203,Mouse,5459,75
304246,Mouse,4053,78
304292,Mouse,4499,94
304325,Elephant,444175,1140
304358,Mouse,3589,77
304546,Mouse,5054,77
304570,Mouse,4623,75
304580,Mouse,4326,80
304604,Mouse,5515,86
304616,Mouse,5668,76
304631,Mouse,4667,85
304636,Mouse,3022,85
304757,Mouse,4468,73
304871,Mouse,3409,82
304882,Mouse,3022,87
304966,Elephant,383867,1210
304986,Mouse,4462,84
305058,Mouse,5691,67
305190,Elephant,179124,819
305214,Mouse,4981,67
305270,Mouse,5611,73
305427,Mouse,3392,66
305507,Elephant,576829,1379
305514,Mouse,3226,65
305534,Mouse,3536,64
305561,Mouse,5097,70
305654,Mouse,4281,65
305704,Mouse,5378,69
305739,Mouse,3869,65
305784,Mouse,4439,67
305867,Mouse,4347,65
305913,Elephant,44886,281
305944,Mouse,5716,70
305956,Mouse,5838,77
306140,Mouse,3174,64
306166,Mouse,4425,68
306323,Mouse,3915,64
306328,Mouse,3973,69
306360,Mouse,5349,65
306428,Mouse,3522,67
306645,Mouse,3688,69
306653,Elephant,586912,1208
306786,Mouse,4254,65
306901,Mouse,3132,64
307000,Mouse,4819,68
307117,Elephant,215562,686
307192,Mouse,5188,65
307235,Mouse,5382,66
307259,Mouse,5486,69
307266,Mouse,4906,69
307590,Mouse,5169,70
307674,Mouse,3453,70
307678,Mouse,3627,70
307717,Elephant,472160,1092
307721,Mouse,3527,79
307897,Mouse,3838,65
307943,Elephant,57662,329
308004,Elephant,229053,737
308052,Mouse,3482,64
308057,Mouse,3189,64
308092,Mouse,4883,65
308290,Mouse,4839,65
308306,Mouse,4814,65
308317,Mouse,3993,67
308327,Mouse,4420,71
308513,Mouse,5392,72
308601,Mouse,4616,73
308631,Mouse,3286,71
308653,Mouse,3058,76
308655,Mouse,3736,73
308722,Mouse,4115,73
308725,Mouse,5258,76
308768,Mouse,5721,77
308817,Mouse,5830,86
308856,Mouse,5000,87
308993,Elephant,177525,699
308998,Mouse,5265,90
309083,Mouse,5226,77
309160,Elephant,266295,904
309240,Mouse,3064,65
309281,Mouse,3931,67
309420,Mouse,3105,69
309425,Mouse,5601,73
309440,Mouse,3214,71
309531,Elephant,514593,1279
309555,Mouse,3922,69
309667,Mouse,3593,64
309700,Mouse,5384,69
309783,Mouse,4178,68
309817,Mouse,3463,65
309844,Mouse,4920,66
309925,Mouse,3303,68
309991,Mouse,5014,69
310074,Mouse,3069,66
310084,Elephant,472170,1098
310182,Mouse,4128,64
310193,Mouse,5123,65
310203,Mouse,3750,64
310260,Mouse,3451,64
310308,Mouse,5183,65
310350,Mouse,3062,64
310488,Mouse,4788,65
310508,Mouse,3466,64
310763,Mouse,5820,66
310785,Mouse,3443,64
310838,Mouse,3714,67
310887,Mouse,3750,70
310967,Mouse,4115,67
311067,Mouse,5738,69
311156,Mouse,5350,69
311271,Mouse,3082,66
311333,Mouse,5005,71
311356,Mouse,5668,77
311486,Mouse,3452,79
311511,Mouse,5177,89
311580,Mouse,3498,98
311600,Mouse,4226,104
311634,Mouse,4670,111
311668,Mouse,5817,118
311741,Elephant,312445,969
311763,Mouse,3864,112
311781,Mouse,5041,105
311794,Mouse,4375,92
311796,Mouse,4396,90
311818,Mouse,3814,81
311828,Mouse,3324,80
311965,Mouse,4870,66
312080,Mouse,4841,69
312215,Mouse,3516,79
312385,Mouse,3795,83
312416,Mouse,3853,90
312439,Mouse,3985,94
312566,Mouse,4438,116
312613,Elephant,550545,1781
312646,Mouse,5780,105
312664,Mouse,4952,98
312683,Elephant,552290,1818
312694,Mouse,3263,77
312897,Elephant,110112,574
312906,Mouse,3502,81
313098,Mouse,5412,86
313103,Mouse,3290,89
313131,Elephant,144566,681
313212,Mouse,4746,89
313228,Mouse,3979,90
313286,Mouse,5660,88
313317,Mouse,4401,82
313425,Mouse,4055,107
313480,Mouse,3908,112
313517,Elephant,109771,619
313622,Elephant,189305,1109
313628,Mouse,3965,72
313676,Mouse,4310,71
313684,Elephant,93783,683
313697,Mouse,4886,73
313711,Elephant,529652,2010
313720,Mouse,5733,69
313779,Mouse,4197,67
313855,Mouse,5115,65
313896,Mouse,5752,72
313942,Mouse,4593,71
313993,Mouse,5815,75
314012,Mouse,3948,75
314044,Mouse,5781,85
314051,Mouse,5461,85
314084,Mouse,4486,86
314119,Mouse,5110,90
314201,Elephant,124622,572
314240,Mouse,3687,79
314284,Mouse,4251,69
314289,Mouse,5617,69
314367,Mouse,3023,70
314611,Mouse,3381,72
314616,Elephant,477375,1903
314622,Mouse,4621,70
314627,Mouse,4474,69
314670,Mouse,5225,67
314689,Mouse,4113,67
314702,Mouse,4984,65
314711,Mouse,3952,65
314779,Elephant,450403,1326
314847,Mouse,5233,65
314933,Mouse,4588,67
314934,Mouse,4346,68
314946,Mouse,3229,64
314997,Mouse,5153,65
315121,Mouse,3960,66
315140,Mouse,3466,64
315172,Mouse,4840,65
315212,Mouse,4427,65
315258,Mouse,4004,64
315387,Mouse,3604,68
315393,Mouse,5406,65
315401,Mouse,5077,65
315496,Mouse,4099,64
315568,Mouse,3227,71
315792,Mouse,4544,81
315981,Mouse,3945,109
315983,Mouse,5252,111
316056,Mouse,4937,89
316057,Mouse,4186,86
316060,Mouse,3238,87
316071,Elephant,391926,1109
316098,Mouse,4068,81
316122,Elephant,44042,365
316149,Mouse,3960,71
316274,Elephant,232829,960
316326,Mouse,3418,64
316368,Mouse,5317,65
316385,Mouse,3866,67
316395,Mouse,5286,73
316512,Mouse,3391,67
316545,Mouse,5385,65
316683,Mouse,4906,70
316736,Mouse,4885,79
316825,Mouse,3894,87
316872,Mouse,4401,97
316879,Mouse,3784,101
316982,Mouse,5108,110
317028,Mouse,3369,107
317261,Mouse,4497,106
317278,Mouse,4087,113
317288,Mouse,5060,119
317306,Mouse,4584,118
317364,Mouse,4305,91
317515,Mouse,3296,70
317613,Mouse,3901,78
317782,Mouse,5145,83
317788,Mouse,5032,88
317827,Elephant,122612,774
317899,Mouse,3176,92
317960,Mouse,4187,100
318078,Elephant,277156,1551
318095,Elephant,34054,319
318124,Mouse,4738,79
318137,Mouse,4795,70
318174,Mouse,5365,72
318307,Mouse,5051,76
318328,Elephant,365924,1954
318440,Mouse,3898,66
318455,Mouse,5023,71
318476,Mouse,4187,70
318582,Mouse,5095,70
318596,Mouse,4060,71
318611,Mouse,5772,78
318698,Mouse,5276,75
318706,Mouse,5078,79
318738,Mouse,3344,76
318770,Mouse,5033,84
318789,Elephant,514138,2080
318832,Mouse,4439,77
318840,Mouse,4689,65
318878,Mouse,5300,66
318905,Mouse,3691,67
318910,Elephant,595078,1920
318933,Mouse,4632,66
318962,Mouse,3062,64
319058,Mouse,3120,64
319110,Mouse,3450,64
319162,Mouse,4942,65
319306,Mouse,5406,67
319589,Mouse,4711,70
319601,Mouse,3099,69
319615,Mouse,5764,75
319635,Mouse,4339,79
319656,Mouse,4141,81
319709,Mouse,3924,83
319775,Elephant,95974,481
319843,Mouse,4707,69
319857,Mouse,4911,73
319889,Elephant,222870,741
319916,Mouse,3278,77
319923,Elephant,312536,934
320047,Mouse,5649,66
320051,Mouse,5251,67
320120,Mouse,4202,64
320187,Mouse,5805,66
320290,Mouse,3299,66
320446,Mouse,4991,65
320493,Mouse,5501,66
320553,Mouse,4870,68
320559,Mouse,3623,71
320588,Mouse,4805,72
320643,Mouse,4830,77
320668,Mouse,4344,77
320683,Mouse,5033,81
320724,Mouse,4250,86
320736,Mouse,3449,88
320799,Mouse,4919,81
321040,Mouse,4810,93
321063,Mouse,4555,100
321127,Mouse,4876,115
321136,Mouse,4106,117
321266,Elephant,410632,1195
321319,Mouse,4816,65
321365,Mouse,3679,66
321375,Elephant,445984,1326
321435,Mouse,3404,64
321445,Mouse,3306,65
321465,Mouse,4703,69
321517,Mouse,5555,66
321532,Mouse,3380,67
321538,Elephant,262213,1189
321566,Mouse,4423,68
321710,Mouse,4018,64
321719,Mouse,5576,67
321721,Mouse,3396,65
321735,Mouse,4308,69
321742,Mouse,3805,71
321770,Mouse,3157,66
321886,Mouse,5126,65
322085,Mouse,3971,67
322098,Mouse,3957,70
322180,Elephant,350192,908
322351,Mouse,4932,65
322363,Mouse,3231,64
322384,Mouse,3943,64
322395,Mouse,3390,65
322420,Mouse,5021,65
322435,Mouse,4383,65
322468,Mouse,5452,66
322680,Mouse,4894,65
322756,Mouse,4921,65
322785,Mouse,4925,65
322844,Mouse,4867,69
322872,Mouse,4032,64
322977,Mouse,5781,70
322986,Mouse,5120,65
323107,Mouse,3488,67
323200,Mouse,3831,67
323210,Mouse,5397,65
323279,Mouse,3654,66
323294,Mouse,3532,66
323312,Mouse,4317,68
323369,Mouse,4450,68
323394,Mouse,5751,66
323400,Mouse,4866,65
323409,Mouse,4074,64
323447,Mouse,3533,64
323470,Mouse,4920,65
323506,Mouse,5051,65
323536,Mouse,5839,66
323551,Mouse,4660,67
323572,Mouse,4894,65
323599,Mouse,3870,64
323653,Mouse,3058,64
323673,Mouse,3966,64
323707,Mouse,4936,65
323744,Mouse,3589,64
323793,Mouse,4757,65
323829,Mouse,5385,67
323892,Mouse,3988,67
323957,Mouse,5524,71
323965,Mouse,4411,66
323994,Mouse,3675,69
324011,Mouse,5248,65
324015,Mouse,3888,64
324017,Elephant,96081,449
324093,Mouse,4787,69
324455,Mouse,3952,69
324540,Mouse,4829,77
324619,Mouse,4701,95
324696,Mouse,4282,104
324711,Elephant,494704,1171
324748,Mouse,4395,94
324773,Mouse,4590,88
324845,Mouse,3735,69
324941,Mouse,5178,71
325094,Mouse,3491,75
325141,Elephant,279490,925
325208,Elephant,228359,964
325273,Mouse,5047,65
325334,Mouse,5459,66
325350,Mouse,3361,69
325419,Mouse,4765,65
325539,Mouse,5276,65
325546,Mouse,4900,65
325577,Mouse,5465,69
325671,Mouse,5606,70
325741,Elephant,126732,504
325762,Mouse,3442,65
325890,Mouse,4962,72
325893,Mouse,5296,74
326234,Mouse,5339,95
326248,Mouse,3382,97
326257,Mouse,3944,104
326261,Mouse,5783,106
326311,Mouse,4495,120
326394,Mouse,3914,116
326395,Mouse,5738,118
326482,Mouse,4361,104
326521,Mouse,3415,82
326568,Mouse,4882,84
326598,Elephant,340341,1086
326605,Mouse,3977,68
326613,Mouse,5112,73
326624,Mouse,3713,73
326776,Mouse,4612,70
326795,Mouse,3584,68
326807,Mouse,5341,73
326877,Mouse,4610,75
326884,Mouse,3443,77
326887,Mouse,3487,80
326903,Mouse,4831,85
326921,Elephant,133446,1007
326939,Elephant,245678,1232
326970,Mouse,5652,84
327032,Mouse,3267,69
327078,Mouse,5511,67
327089,Mouse,3854,65
327093,Mouse,3421,65
327231,Mouse,3172,68
327291,Mouse,4532,70
327322,Mouse,5735,73
327397,Mouse,3514,70
327410,Mouse,4066,69
327458,Elephant,508939,1660
327499,Mouse,4127,70
327501,Mouse,5660,72
327587,Mouse,4223,64
327616,Elephant,149093,584
327652,Mouse,3754,64
327690,Mouse,3169,64
327711,Mouse,4107,64
327801,Mouse,4422,65
327820,Mouse,4041,64
328038,Mouse,3481,64
328053,Mouse,4852,65
328215,Mouse,5601,66
328342,Mouse,3338,64
328352,Mouse,5651,66
328402,Mouse,3319,64
328493,Mouse,5372,65
328500,Mouse,4792,65
328523,Mouse,4323,65
328547,Mouse,5391,65
328580,Mouse,3622,65
328582,Mouse,3875,66
328614,Mouse,4902,65
328775,Mouse,4391,65
328783,Mouse,4966,65
328794,Mouse,4626,65
328990,Mouse,4852,65
329030,Mouse,4283,65
329042,Mouse,5432,66
329128,Mouse,5330,65
329148,Mouse,3519,64
329186,Mouse,3354,64
329253,Mouse,5805,66
329314,Mouse,5796,66
329325,Mouse,5312,65
329339,Mouse,4260,65
329372,Mouse,4259,65
329387,Mouse,4040,64
329425,Mouse,4676,65
329464,Mouse,4352,65
329540,Mouse,5444,66
329547,Mouse,3326,64
329601,Mouse,5638,69
329655,Mouse,4771,65
329675,Mouse,3047,64
329685,Mouse,5689,70
329710,Mouse,4161,64
329755,Mouse,5266,66
329991,Mouse,5155,70
330108,Elephant,150860,578
330119,Mouse,5529,66
330212,Mouse,3665,64
330250,Mouse,4165,64
330262,Mouse,4009,64
330296,Mouse,4237,65
330300,Mouse,5232,66
330316,Mouse,5660,70
330322,Elephant,163080,594
330413,Mouse,5440,66
330459,Mouse,5192,68
330529,Mouse,5055,65
330547,Mouse,5397,65
330591,Mouse,3112,64
330640,Mouse,5135,65
330692,Mouse,4647,65
330696,Mouse,5233,66
330741,Mouse,3752,65
330792,Mouse,4377,65
330808,Mouse,3831,64
331116,Mouse,4416,65
331162,Mouse,5491,66
331174,Mouse,4171,64
331233,Mouse,3733,67
331424,Mouse,3473,64
331558,Mouse,3726,71
331602,Mouse,3549,67
331737,Mouse,3031,75
331756,Mouse,5461,79
331824,Mouse,4858,89
331861,Mouse,4167,95
331944,Mouse,5431,99
332036,Mouse,3400,98
332066,Mouse,3463,100
332107,Elephant,584314,1336
332132,Mouse,3716,81
332367,Mouse,4653,79
332443,Mouse,5231,92
332469,Mouse,4303,105
332487,Mouse,5468,105
332544,Mouse,4151,111
332577,Mouse,5591,100
332601,Elephant,245305,1126
332652,Mouse,4666,75
332657,Mouse,3881,77
332709,Mouse,4713,77
332727,Mouse,5306,68
332740,Mouse,4620,67
332794,Mouse,3617,65
332822,Mouse,3801,69
332970,Elephant,380301,1615
333066,Mouse,4917,70
333108,Elephant,364900,1255
333177,Mouse,5401,69
333200,Elephant,184323,928
333223,Mouse,3654,66
333229,Mouse,3411,64
333250,Mouse,3452,64
333287,Mouse,4342,65
333294,Mouse,3500,65
333298,Mouse,4071,65
333319,Mouse,3315,64
333481,Mouse,4322,65
333646,Mouse,3648,64
333652,Mouse,4679,65
333848,Mouse,5604,66
333955,Elephant,62039,326
334001,Mouse,5675,66
334144,Mouse,5333,67
334147,Mouse,4978,67
334215,Mouse,5135,65
334274,Mouse,4783,65
334439,Mouse,5112,65
334499,Mouse,4900,65
334507,Mouse,4379,65
334574,Mouse,4085,64
334674,Mouse,3583,64
334773,Mouse,4306,65
334826,Mouse,5640,66
334859,Mouse,4572,65
334957,Mouse,3156,64
335094,Mouse,3070,64
335132,Mouse,4604,65
335154,Mouse,5359,65
335158,Mouse,4521,65
335169,Mouse,3101,64
335177,Mouse,4091,65
335202,Mouse,3879,65
335288,Mouse,3817,64
335310,Mouse,3007,64
335342,Mouse,5339,65
335472,Mouse,3958,64
335494,Mouse,5410,65
335516,Mouse,3423,64
335558,Mouse,4584,65
335573,Mouse,3285,64
335695,Mouse,5833,71
335706,Mouse,5520,68
335914,Mouse,3311,67
336169,Mouse,3791,73
336241,Mouse,4893,83
336359,Mouse,4704,105
336374,Mouse,5283,103
336396,Mouse,3119,106
336401,Mouse,4875,109
336645,Mouse,4963,70
336648,Elephant,282479,1012
336648,Elephant,310229,1068
336725,Mouse,3597,68
336737,Mouse,5630,66
336765,Mouse,5395,73
336779,Mouse,3491,73
336803,Mouse,3849,73
336944,Mouse,5651,73
336958,Mouse,3659,74
336982,Mouse,4909,84
337054,Mouse,4023,85
337066,Mouse,4326,88
337181,Mouse,3132,75
337205,Elephant,537532,1558
337279,Mouse,5745,72
337516,Mouse,4683,67
337525,Elephant,209112,893
337539,Mouse,4847,67
337571,Mouse,4548,66
337626,Mouse,3656,64
337639,Mouse,4178,68
337681,Mouse,3091,67
337762,Elephant,573700,1362
337803,Mouse,4068,67
337868,Mouse,3865,64
338059,Mouse,3028,64
338128,Mouse,5566,66
338134,Mouse,4565,66
338149,Mouse,4860,65
338206,Mouse,5691,66
338294,Mouse,4068,64
338327,Mouse,3685,64
338413,Mouse,3849,64
338419,Mouse,4680,65
338439,Mouse,3933,68
338458,Mouse,3500,64
338461,Mouse,3062,65
338549,Mouse,5122,65
338608,Mouse,5639,68
338738,Mouse,4201,67
338761,Mouse,3654,67
338774,Mouse,4926,65
338815,Mouse,5273,65
338844,Mouse,5242,72
338847,Mouse,5087,73
338858,Mouse,5062,76
338863,Mouse,5078,74
339008,Mouse,3709,67
339068,Mouse,5247,69
339071,Mouse,3580,70
339099,Mouse,3991,66
339124,Elephant,490065,1097
339152,Mouse,3507,69
339365,Mouse,5218,65
339396,Mouse,5002,68
339398,Mouse,4956,68
339445,Mouse,4396,65
339451,Mouse,3806,64
339465,Mouse,3074,66
339510,Mouse,3547,66
339605,Mouse,5626,66
339634,Mouse,4001,66
339724,Elephant,105052,498
339810,Mouse,5236,65
339878,Mouse,3795,64
340089,Mouse,5170,65
340276,Mouse,3686,64
340301,Mouse,3799,68
340426,Mouse,4620,69
340455,Mouse,3239,64
340493,Mouse,3937,64
340510,Mouse,4753,66
340537,Mouse,3761,65
340601,Mouse,3689,71
340624,Mouse,3473,64
340653,Mouse,5698,73
340767,Elephant,342940,930
340838,Mouse,3110,66
340888,Mouse,4262,68
340998,Mouse,4709,65
341149,Mouse,5494,70
341207,Mouse,4543,73
341215,Mouse,4019,72
341221,Mouse,4454,66
341231,Mouse,4189,66
341255,Mouse,5394,72
341274,Mouse,4344,71
341280,Mouse,4406,72
341287,Mouse,5606,74
341343,Mouse,3547,73
341372,Mouse,4747,82
341376,Mouse,4238,87
341385,Mouse,4862,88
341417,Mouse,5622,89
341466,Mouse,4586,90
341485,Mouse,5040,88
341682,Mouse,4286,89
341743,Elephant,88607,501
341774,Mouse,4020,95
341815,Mouse,5724,92
341852,Mouse,4275,88
341945,Mouse,4196,93
341973,Mouse,3513,96
341990,Mouse,3440,100
342038,Mouse,4768,90
342088,Mouse,4717,81
342097,Mouse,3611,78
342103,Mouse,3038,82
342184,Mouse,3055,87
342242,Elephant,474511,1605
342252,Elephant,522547,1697
342286,Mouse,3911,75
342292,Mouse,3338,64
342405,Elephant,355166,1216
342484,Mouse,5500,66
342488,Mouse,3108,64
342505,Mouse,4833,65
342552,Mouse,3113,64
342623,Mouse,3528,64
342676,Mouse,3785,64
342942,Mouse,4942,70
342961,Mouse,3554,64
343003,Mouse,3018,64
343052,Mouse,5189,66
343119,Mouse,4161,68
343142,Mouse,5319,74
343205,Mouse,3762,66
343343,Mouse,4581,69
343352,Elephant,214024,691
343430,Mouse,4410,65
343492,Mouse,4332,69
343522,Mouse,4027,64
343526,Mouse,4003,66
343545,Mouse,4147,71
343641,Mouse,3388,67
343698,Mouse,5668,66
343719,Mouse,5088,71
343760,Elephant,405420,1011
343773,Mouse,4635,76
343774,Mouse,5831,79
343793,Mouse,4297,65
343817,Mouse,3719,72
343831,Mouse,3406,64
343861,Mouse,4554,65
343882,Mouse,3716,64
343894,Mouse,3302,64
343990,Mouse,4559,65
344027,Mouse,5702,66
344078,Mouse,3074,64
344143,Mouse,3767,64
344147,Mouse,3753,64
344290,Mouse,3980,64
344369,Mouse,5604,66
344406,Mouse,5393,65
344438,Mouse,4426,65
344497,Mouse,3082,64
344517,Mouse,3906,64
344628,Mouse,3064,64
344743,Mouse,3318,64
344755,Mouse,3690,64
344784,Mouse,5812,66
344824,Mouse,4884,73
344829,Mouse,3234,74
344874,Mouse,3950,65
344933,Elephant,151386,578
344976,Mouse,3848,65
345003,Mouse,5467,66
345430,Mouse,4092,68
345484,Mouse,3182,72
345493,Mouse,4190,72
345543,Elephant,136151,552
345547,Mouse,4178,73
345644,Elephant,425638,1031
345645,Mouse,5559,71
345702,Mouse,4215,67
345808,Mouse,3142,65
345811,Mouse,5254,67
345848,Mouse,4311,69
345875,Mouse,3310,66
345890,Mouse,4280,68
346139,Mouse,4877,73
346175,Mouse,3688,78
346245,Elephant,289509,846
346277,Mouse,3247,73
346320,Mouse,3351,71
346383,Mouse,4646,69
346490,Mouse,4869,71
346501,Elephant,378117,998
346515,Mouse,4199,67
346589,Mouse,4871,65
346627,Mouse,5367,69
346686,Mouse,4971,65
346729,Mouse,3705,65
346747,Mouse,4841,67
346797,Mouse,4634,72
346810,Mouse,3698,69
346837,Mouse,5124,67
346854,Mouse,5226,73
346860,Mouse,5141,77
346862,Mouse,4389,73
346874,Mouse,5447,74
346911,Mouse,5602,71
346936,Mouse,5403,76
346942,Elephant,347052,945
346945,Mouse,4261,69
346953,Mouse,5742,68
346974,Mouse,4026,67
347003,Mouse,4159,66
347156,Mouse,4272,65
347204,Mouse,4861,69
347206,Mouse,5643,69
347225,Mouse,5540,68
347254,Mouse,4519,76
347267,Mouse,5463,71
347328,Mouse,5470,69
347518,Mouse,4633,69
347614,Elephant,207503,682
347703,Mouse,5422,65
347705,Elephant,283566,946
347713,Mouse,4550,65
347719,Mouse,3238,64
347736,Mouse,3465,64
347761,Mouse,3175,69
347767,Mouse,4155,69
347824,Mouse,5369,65
347837,Mouse,5096,65
347900,Mouse,5628,69
347910,Mouse,5806,66
348028,Mouse,3304,70
348036,Mouse,5377,75
348120,Mouse,4412,71
348172,Mouse,5512,66
348223,Mouse,5398,66
348269,Mouse,3928,70
348401,Mouse,4443,81
348409,Mouse,4784,86
348434,Mouse,3675,92
348462,Mouse,5630,100
348481,Mouse,4633,114
348486,Elephant,33385,376
348513,Mouse,4268,103
348555,Mouse,5811,95
348671,Mouse,5091,75
348728,Elephant,322420,1035
348744,Mouse,5650,82
348824,Elephant,347827,1135
348835,Mouse,5664,66
348879,Mouse,3903,64
348890,Mouse,5592,69
348924,Mouse,3409,64
348972,Mouse,3989,78
348975,Mouse,3347,76
349085,Mouse,5223,73
349094,Mouse,3598,79
349107,Mouse,3373,83
349110,Mouse,3701,84
349210,Elephant,268301,1122
349246,Mouse,3800,66
349335,Mouse,5145,69
349385,Mouse,5228,67
349408,Mouse,5142,70
349544,Mouse,5216,68
349676,Mouse,3924,67
349683,Elephant,371816,1209
349772,Mouse,4959,65
349780,Mouse,4074,68
349856,Mouse,3396,66
349873,Mouse,4736,66
349907,Mouse,5277,65
349934,Mouse,5579,66
349938,Mouse,4396,65
350029,Mouse,3003,63
350049,Mouse,3086,64
350089,Mouse,5253,65
350108,Mouse,4779,65
350134,Mouse,3028,64
350147,Mouse,4760,65
350162,Mouse,4710,65
350210,Mouse,3516,64
350289,Mouse,5280,65
350401,Mouse,5132,65
350408,Mouse,4241,64
350412,Mouse,4083,64
350428,Mouse,4626,65
350446,Mouse,4819,66
350489,Mouse,3488,64
350537,Mouse,3502,64
350610,Mouse,4196,64
350666,Mouse,3812,64
350722,Mouse,3144,64
350747,Mouse,3491,66
350943,Mouse,4220,64
350972,Mouse,5550,66
351217,Elephant,179474,627
351240,Mouse,3703,64
351283,Mouse,5429,66
351296,Mouse,3554,67
351304,Mouse,5133,65
351355,Mouse,3682,66
351357,Mouse,5375,68
351365,Mouse,3317,65
351367,Mouse,4867,67
351423,Mouse,5407,68
351452,Mouse,4784,65
351520,Mouse,4040,64
351540,Mouse,4769,65
351602,Mouse,3440,67
351611,Mouse,5419,71
351640,Mouse,3635,67
351658,Mouse,3619,64
351740,Mouse,3103,67
351846,Mouse,4781,65
351871,Mouse,3891,68
351893,Mouse,3584,64
351903,Mouse,3685,65
351937,Elephant,242820,751
352046,Mouse,3645,67
352240,Mouse,3843,64
352313,Elephant,235213,735
352360,Mouse,5010,65
352383,Mouse,4857,65
352394,Mouse,4261,65
352548,Mouse,5094,65
352597,Mouse,4954,65
352632,Mouse,4038,64
352698,Mouse,5496,66
352743,Mouse,3234,64
352777,Mouse,3296,64
352867,Mouse,3603,64
352889,Mouse,5105,65
353117,Mouse,4018,64
353256,Mouse,5167,65
353328,Mouse,5116,65
353596,Mouse,4715,65
353601,Mouse,5518,66
353656,Mouse,4624,65
353667,Mouse,3132,66
353690,Mouse,4993,65
353875,Mouse,4800,65
353959,Mouse,5134,65
354037,Mouse,5045,65
354065,Mouse,4593,69
354211,Mouse,3081,64
354278,Mouse,5450,70
354339,Mouse,3035,72
354350,Elephant,419454,1010
354506,Mouse,5444,66
354590,Mouse,3504,64
354625,Mouse,3216,64
354628,Mouse,3404,65
354643,Mouse,3551,64
354696,Mouse,3366,64
354717,Mouse,4438,65
354744,Mouse,5189,65
354754,Mouse,3067,64
354780,Mouse,5405,65
354930,Mouse,3945,64
355031,Mouse,5662,66
355070,Mouse,4021,64
355082,Mouse,3193,64
355143,Mouse,3744,68
355155,Mouse,4447,65
355216,Mouse,3465,64
355282,Mouse,3644,64
355313,Mouse,5534,70
355330,Mouse,5446,66
355347,Mouse,5177,65
355606,Mouse,3307,66
355624,Elephant,230416,722
355657,Mouse,4042,67
355692,Mouse,4869,68
355833,Mouse,3681,64
355976,Mouse,5785,66
355982,Mouse,4215,68
355984,Mouse,5378,69
356016,Mouse,3122,64
356041,Mouse,4651,69
356075,Mouse,5254,67
356094,Mouse,4932,73
356126,Mouse,4239,67
356140,Mouse,3006,70
356193,Mouse,4152,64
356237,Mouse,3212,64
356251,Mouse,5213,68
356260,Mouse,5499,69
356279,Mouse,3548,64
356416,Mouse,3286,64
356454,Mouse,3484,64
356467,Mouse,5437,68
356524,Mouse,4469,69
356539,Elephant,417917,999
356612,Mouse,3354,64
356664,Mouse,5183,68
356665,Mouse,4087,68
356764,Mouse,5023,65
356779,Mouse,4520,65
356818,Mouse,3375,64
356831,Mouse,5173,65
356836,Mouse,5056,65
356841,Mouse,5107,65
356907,Mouse,3804,64
356930,Mouse,4618,65
356942,Mouse,4315,65
356956,Mouse,5494,66
356973,Mouse,3951,65
356990,Mouse,4282,65
357008,Mouse,3660,64
357029,Mouse,5707,66
357080,Mouse,4863,65
357104,Mouse,5487,66
357335,Mouse,5520,66
357341,Mouse,4595,65
357397,Mouse,5115,65
357441,Mouse,3390,69
357486,Mouse,3178,64
357649,Mouse,3856,64
357654,Mouse,4907,65
357697,Mouse,5453,66
357708,Mouse,4966,65
357724,Mouse,4297,65
357747,Mouse,4455,65
357865,Mouse,3173,64
358012,Mouse,5002,65
358036,Mouse,4399,65
358105,Mouse,5351,66
358244,Mouse,4391,69
358366,Mouse,5668,73
358394,Mouse,3024,71
358480,Elephant,45492,295
358583,Elephant,144663,561
358600,Mouse,3531,70
358664,Elephant,516739,1228
358718,Mouse,4777,65
358817,Mouse,4875,65
359098,Mouse,3841,67
359215,Mouse,5235,65
359257,Mouse,4488,65
359369,Mouse,4164,67
359485,Mouse,4367,69
359506,Mouse,5608,71
359545,Mouse,5281,74
359619,Mouse,4308,69
359742,Mouse,4794,69
359844,Mouse,5714,66
359854,Elephant,593214,1306
359879,Mouse,4093,68
359925,Mouse,3274,64
359944,Mouse,4262,66
359946,Mouse,3435,67
360086,Mouse,3615,66
360192,Mouse,5333,68
360242,Mouse,4459,76
360284,Mouse,5822,92
360300,Mouse,3883,97
360340,Mouse,3749,102
360383,Mouse,3303,109
360485,Mouse,3053,108
360495,Mouse,3082,102
360516,Mouse,4771,95
360522,Mouse,3841,89
360736,Mouse,5082,70
360739,Elephant,271722,1109
360769,Mouse,5645,71
360793,Mouse,4211,65
360816,Mouse,4123,75
360871,Mouse,3510,71
360873,Elephant,180075,1089
360998,Mouse,3247,65
361036,Elephant,294686,1215
361095,Mouse,3293,67
361132,Mouse,5503,66
361137,Mouse,3158,66
361142,Mouse,4066,70
361251,Mouse,5469,66
361294,Mouse,5796,70
361321,Mouse,3033,66
361381,Mouse,3766,66
361412,Mouse,3012,67
361424,Elephant,501822,1486
361495,Mouse,3315,64
361544,Mouse,3785,65
361546,Mouse,4525,67
361580,Mouse,4464,65
361589,Mouse,4977,67
361600,Mouse,5406,65
361613,Mouse,5651,66
361647,Mouse,3796,64
361670,Mouse,4260,67
361671,Mouse,4111,68
361717,Mouse,5399,69
361798,Mouse,3318,64
361851,Mouse,3753,64
361917,Mouse,4613,65
361961,Mouse,5310,66
361989,Mouse,5071,65
361995,Mouse,4061,64
362028,Mouse,4492,65
362059,Mouse,3292,64
362128,Mouse,3415,64
362146,Mouse,4396,69
362340,Mouse,5491,66
362373,Elephant,168716,600
362387,Mouse,5409,65
362455,Mouse,4111,64
362538,Mouse,5661,68
362608,Mouse,3320,64
362640,Mouse,5833,66
362780,Mouse,4025,64
362812,Mouse,4506,65
362959,Mouse,5351,67
363038,Mouse,3763,64
363051,Mouse,5498,70
363074,Mouse,5275,74
363111,Mouse,3080,71
363141,Mouse,5419,71
363145,Mouse,4473,72
363174,Mouse,3380,65
363179,Mouse,5443,69
363304,Mouse,5436,66
363319,Elephant,463021,1070
363385,Mouse,4702,65
363417,Mouse,4188,65
363489,Mouse,3040,64
363523,Mouse,4357,65
363663,Mouse,4445,65
363700,Mouse,5243,65
363873,Mouse,5737,66
363963,Mouse,3352,64
363967,Mouse,4755,66
363983,Mouse,5692,72
363997,Mouse,4167,74
364046,Mouse,3169,64
364132,Mouse,4752,65
364147,Mouse,4013,68
364159,Elephant,342058,900
364172,Mouse,4655,65
364200,Mouse,3603,68
364299,Mouse,5086,65
364386,Mouse,4581,69
364582,Mouse,5209,65
364643,Elephant,34151,238
364643,Elephant,132084,633
364703,Mouse,5258,65
364734,Mouse,5201,65
364755,Mouse,5122,67
364758,Mouse,5149,67
364787,Mouse,5779,66
364811,Mouse,5556,66
364820,Mouse,3147,64
364832,Mouse,5480,66
364891,Mouse,5733,66
364954,Mouse,5450,66
364960,Mouse,5790,66
365082,Mouse,5000,65
365102,Mouse,4702,65
365158,Mouse,5809,71
365168,Mouse,3960,71
365188,Mouse,5502,66
365304,Mouse,5107,67
365306,Mouse,3079,65
365360,Mouse,5016,65
365478,Mouse,4857,70
365520,Elephant,215253,688
365533,Mouse,3872,64
365647,Mouse,5503,68
365648,Mouse,3807,67
365661,Mouse,3438,64
365843,Mouse,4862,72
365899,Mouse,3551,67
365945,Mouse,5323,69
365978,Mouse,3414,69
366039,Mouse,4512,74
366190,Mouse,4391,92
366349,Mouse,5368,100
366392,Mouse,5699,98
366436,Mouse,3015,86
366445,Mouse,4966,92
366472,Mouse,5515,89
366515,Mouse,5607,86
366527,Mouse,3684,88
366662,Mouse,4027,78
366668,Mouse,4679,83
366689,Mouse,3077,90
366696,Mouse,3395,90
366793,Mouse,5231,95
366832,Elephant,425923,1329
366881,Mouse,3481,77
366980,Mouse,4724,69
367006,Mouse,4425,82
367050,Mouse,5584,84
367058,Mouse,3580,87
367100,Mouse,5734,93
367143,Mouse,4133,93
367195,Mouse,4575,91
367295,Mouse,4647,94
367305,Mouse,4174,97
367307,Mouse,5811,101
367318,Mouse,5592,98
367331,Mouse,3348,101
367425,Mouse,3609,78
367463,Mouse,3696,77
367479,Elephant,578607,1918
367481,Elephant,148908,1087
367494,Mouse,4622,74
367579,Mouse,3652,65
367726,Elephant,538967,2009
367902,Mouse,4558,72
367976,Mouse,5225,69
368045,Mouse,4240,78
368053,Elephant,544884,2100
368099,Mouse,5218,69
368232,Mouse,3531,64
368317,Mouse,3032,64
368361,Mouse,4368,66
368436,Mouse,5349,70
368506,Mouse,3881,66
368609,Elephant,381181,959
368691,Mouse,4048,66
368705,Mouse,4660,65
368749,Mouse,5246,66
368928,Mouse,3968,64
368989,Elephant,65774,362
369002,Elephant,59661,329
369017,Mouse,3220,64
369028,Mouse,3932,64
369126,Mouse,5356,65
369185,Mouse,4302,65
369199,Mouse,4966,65
369203,Mouse,3656,64
369288,Mouse,3376,64
369324,Mouse,3813,64
369342,Mouse,4802,65
369348,Mouse,4750,65
369356,Mouse,4291,65
369450,Mouse,3130,64
369485,Mouse,4624,65
369525,Mouse,5541,66
369806,Mouse,4797,65
369877,Mouse,4729,65
369887,Mouse,4528,65
369894,Mouse,3661,64
369925,Mouse,3069,64
369940,Mouse,5029,65
369952,Mouse,5190,65
370129,Mouse,3761,64
370149,Mouse,4039,64
370182,Mouse,4929,65
370353,Mouse,4947,65
370475,Mouse,4688,68
370476,Mouse,5836,70
370489,Mouse,4111,64
370620,Mouse,4247,64
370630,Mouse,4325,65
370675,Mouse,3478,65
370683,Mouse,5708,66
370699,Mouse,3979,66
370703,Mouse,3761,64
370850,Mouse,5354,65
370865,Elephant,85059,410
370911,Mouse,4540,65
371102,Mouse,5036,65
371210,Mouse,3739,64
371248,Mouse,4270,65
371339,Mouse,3629,64
371421,Mouse,3961,64
371458,Mouse,5045,70
371706,Mouse,3972,71
371721,Mouse,3048,67
371759,Mouse,3603,64
371834,Mouse,4867,71
371884,Mouse,4131,73
371948,Mouse,5110,81
371953,Mouse,3645,83
371980,Mouse,4087,90
371997,Mouse,4900,96
372103,Mouse,4227,85
372143,Mouse,4679,80
372241,Elephant,412673,1108
372310,Elephant,236210,874
372325,Mouse,3584,64
372436,Mouse,5571,70
372450,Mouse,3206,64
372488,Mouse,4867,65
372506,Mouse,5196,68
372587,Mouse,3074,64
372618,Mouse,5515,66
372624,Mouse,5040,65
372642,Mouse,4729,68
372760,Mouse,3505,68
372819,Elephant,442071,1323
372850,Mouse,3316,64
372940,Mouse,4330,65
373046,Mouse,4193,68
373076,Elephant,50570,282
373100,Mouse,5791,75
373256,Mouse,3203,66
373500,Mouse,3520,103
373539,Mouse,4455,104
373727,Mouse,4651,79
373739,Mouse,5031,83
373747,Elephant,57028,500
373836,Elephant,430180,1234
373981,Mouse,4204,70
373984,Mouse,4618,72
373997,Mouse,4993,71
374275,Elephant,459184,1429
374352,Mouse,3776,67
374371,Mouse,4340,68
374392,Elephant,507196,1716
374479,Mouse,4892,65
374550,Mouse,3106,68
374586,Mouse,4847,69
374663,Mouse,3854,67
374746,Mouse,5348,65
374790,Mouse,5462,67
374793,Mouse,4283,72
374869,Mouse,5369,75
374978,Elephant,552546,1396
375016,Mouse,4000,65
375027,Mouse,5250,65
375035,Mouse,3522,64
375179,Mouse,4467,69
375321,Mouse,3226,66
375550,Mouse,3534,71
375584,Mouse,5222,70
375608,Mouse,3664,64
375653,Mouse,3028,67
375776,Mouse,5789,73
375818,Mouse,5079,74
375876,Mouse,3712,73
375892,Mouse,3587,79
375902,Mouse,4539,85
375925,Mouse,3302,87
375927,Elephant,173228,663
375929,Elephant,488334,1119
375977,Mouse,4689,65
375999,Mouse,3534,64
376028,Mouse,4137,64
376089,Mouse,5380,70
376091,Mouse,3515,70
376091,Mouse,4971,72
376123,Mouse,4896,68
376124,Mouse,4338,68
376186,Mouse,3277,67
376328,Mouse,4151,68
376429,Mouse,4442,65
376515,Mouse,3162,64
376549,Mouse,3927,68
376561,Mouse,5261,66
376586,Mouse,5014,70
376651,Mouse,5121,69
376665,Elephant,249335,776
376669,Mouse,4117,64
376700,Mouse,3686,68
376737,Mouse,4132,68
376919,Mouse,4676,65
376993,Mouse,3927,67
377150,Mouse,5457,66
377282,Mouse,5365,65
377297,Elephant,222287,714
377344,Mouse,4417,65
377393,Mouse,5802,68
377395,Mouse,5431,68
377399,Mouse,5334,69
377555,Mouse,3894,64
377628,Mouse,5170,69
377661,Mouse,4835,65
377807,Mouse,3583,64
377814,Mouse,4756,71
377870,Mouse,4909,65
377887,Mouse,5730,71
377912,Mouse,3618,64
378104,Mouse,5130,68
378118,Mouse,4188,73
378191,Mouse,4892,65
378202,Mouse,3617,70
378212,Elephant,157257,595
378359,Mouse,4308,65
378380,Mouse,3865,65
378422,Mouse,5607,70
378444,Mouse,5811,66
378600,Mouse,3926,68
378602,Elephant,417939,1044
378710,Mouse,4594,65
378724,Mouse,3657,64
378736,Mouse,4577,65
378749,Mouse,5519,66
378771,Mouse,3984,67
378773,Mouse,4977,69
378783,Mouse,3501,64
378843,Mouse,3046,64
378893,Mouse,5483,71
378895,Mouse,4022,69
378994,Mouse,3419,64
379104,Mouse,4762,66
379130,Mouse,4358,65
379256,Mouse,5747,66
379295,Mouse,4934,65
379381,Mouse,3880,64
379416,Mouse,5696,70
379464,Elephant,182650,638
379558,Mouse,3812,64
379583,Mouse,3295,64
379600,Mouse,4904,68
379601,Mouse,4788,68
379718,Mouse,4320,65
379756,Mouse,4693,65
379760,Mouse,3994,65
379780,Mouse,3489,64
379867,Mouse,3290,64
379884,Mouse,5773,66
379921,Mouse,5726,66
379968,Mouse,3476,64
380095,Mouse,3105,64
380169,Mouse,4798,67
380242,Mouse,5349,65
380296,Mouse,4722,70
380327,Mouse,3644,65
380330,Mouse,5573,68
380377,Mouse,3260,70
380381,Mouse,5731,74
380384,Mouse,4779,74
380500,Mouse,5565,75
380515,Mouse,3545,67
380572,Elephant,220273,727
380663,Mouse,5016,68
380787,Elephant,189454,646
380817,Mouse,3441,64
380852,Mouse,5618,66
380876,Mouse,5755,68
381080,Mouse,4266,65
381109,Mouse,3162,66
381125,Mouse,3959,65
381198,Mouse,5800,68
381270,Elephant,306286,856
381278,Mouse,3660,64
381350,Mouse,4998,65
381354,Mouse,4312,65
381369,Mouse,5189,68
381370,Mouse,4293,68
381461,Mouse,5607,66
381478,Mouse,4721,65
381579,Mouse,3253,64
381601,Mouse,4730,65
381630,Mouse,5508,69
381631,Mouse,5739,70
381646,Mouse,5546,67
382054,Mouse,3283,69
382098,Mouse,4260,74
382154,Elephant,55418,387
382290,Mouse,3104,74
382355,Mouse,4309,79
382534,Elephant,481407,1175
382548,Mouse,3478,118
382554,Mouse,3579,120
382570,Mouse,3883,124
382611,Mouse,5727,106
382736,Mouse,5123,71
382890,Mouse,5245,87
382933,Mouse,5238,99
383042,Mouse,5488,101
383103,Mouse,3386,101
383131,Mouse,3860,98
383153,Elephant,157090,821
383157,Elephant,402189,1560
383177,Mouse,4260,82
383187,Mouse,3262,85
383199,Mouse,3188,73
383201,Mouse,4460,82
383234,Elephant,279618,1274
383324,Mouse,4855,65
383413,Mouse,5224,65
383453,Mouse,5497,66
383504,Mouse,5281,65
383529,Mouse,4887,66
383588,Mouse,4188,64
383598,Mouse,3419,67
383613,Mouse,5006,68
383781,Mouse,3795,66
384041,Mouse,4150,65
384062,Mouse,3167,65
384091,Mouse,4745,65
384098,Mouse,3714,64
384104,Mouse,4700,68
384120,Mouse,5178,65
384125,Mouse,5344,66
384196,Mouse,5467,69
384203,Mouse,3413,64
384233,Mouse,3002,64
384244,Mouse,4502,65
384253,Mouse,5509,66
384344,Mouse,3897,64
384363,Mouse,3353,67
384377,Mouse,4917,65
384396,Mouse,3970,64
384586,Mouse,3989,67
384619,Mouse,5648,68
384667,Elephant,177644,630
384710,Mouse,4634,65
384806,Mouse,3034,64
384830,Mouse,5687,71
384847,Mouse,4179,74
384912,Elephant,156031,589
384923,Mouse,3357,67
385012,Mouse,4420,68
385040,Mouse,3765,65
385064,Mouse,4556,68
385077,Mouse,5501,66
385138,Mouse,4678,69
385153,Mouse,4851,70
385271,Mouse,4057,67
385278,Mouse,3058,69
385292,Mouse,4698,65
385336,Mouse,3893,74
385399,Mouse,4234,68
385484,Mouse,5074,68
385618,Elephant,448911,1078
385630,Mouse,3107,64
385699,Mouse,4197,64
385704,Mouse,4903,66
385779,Mouse,4575,65
385964,Mouse,4160,64
386065,Mouse,5135,65
386120,Mouse,4150,64
386188,Mouse,4078,64
386191,Mouse,3008,64
386368,Mouse,4047,64
386449,Mouse,5202,65
386503,Mouse,4301,65
386555,Mouse,4728,65
386616,Mouse,4444,65
386631,Mouse,5049,65
386691,Mouse,5173,65
386723,Mouse,4209,64
386758,Mouse,4421,65
386828,Mouse,4263,65
386974,Mouse,4242,64
387080,Mouse,3242,64
387163,Mouse,5790,66
387281,Mouse,3901,67
387371,Mouse,5204,68
387558,Mouse,3367,67
387594,Mouse,4883,69
387613,Mouse,5357,67
387651,Mouse,4329,72
387659,Mouse,4611,74
387708,Mouse,5233,71
387765,Mouse,4193,66
387813,Mouse,4836,70
387866,Elephant,409955,993
388040,Mouse,5448,66
388073,Mouse,5482,70
388093,Mouse,4562,65
388108,Mouse,3039,66
388156,Elephant,60774,327
388183,Mouse,4730,65
388194,Mouse,3648,64
388246,Mouse,3297,64
388295,Mouse,3717,64
388313,Mouse,5106,65
388436,Mouse,5686,66
388553,Mouse,5497,66
388734,Mouse,3942,64
388811,Mouse,4063,66
388859,Mouse,5009,65
388883,Mouse,4567,65
388942,Mouse,3311,64
389048,Mouse,3966,67
389053,Mouse,3513,64
389095,Mouse,4799,68
389160,Mouse,5677,70
389404,Mouse,5259,72
389511,Mouse,5000,73
389537,Mouse,3361,76
389560,Elephant,309789,864
389653,Mouse,5799,66
389671,Mouse,4015,67
389681,Mouse,4386,71
389756,Mouse,4267,69
389767,Mouse,5801,72
389792,Elephant,395884,984
389929,Mouse,3535,64
390018,Mouse,3576,64
390033,Mouse,3447,64
390043,Mouse,4508,65
390052,Mouse,4616,65
390083,Mouse,5839,66
390375,Mouse,5834,66
390409,Mouse,3269,64
390481,Mouse,4344,68
390482,Mouse,5178,69
390642,Mouse,5198,65
390651,Mouse,3820,64
390776,Mouse,5545,66
390931,Mouse,4859,65
390986,Elephant,178475,630
390989,Mouse,3453,70
390989,Mouse,5241,72
390994,Mouse,3775,67
391034,Mouse,5431,72
391089,Mouse,3978,64
391165,Mouse,4850,65
391303,Mouse,4524,65
391334,Mouse,3123,64
391337,Mouse,4144,65
391357,Mouse,3402,64
391389,Mouse,4036,64
391391,Mouse,3004,64
391402,Mouse,5023,66
391546,Mouse,3346,64
391617,Mouse,4293,65
391659,Mouse,4016,65
391880,Mouse,4400,65
391964,Mouse,3856,68
391979,Mouse,3141,64
392010,Mouse,5248,71
392069,Mouse,3453,69
392116,Mouse,5019,71
392137,Mouse,4036,68
392165,Mouse,5109,66
392265,Mouse,4995,72
392266,Mouse,5658,72
392321,Mouse,5821,78
392369,Mouse,4952,74
392386,Mouse,4035,78
392407,Mouse,3095,77
392461,Mouse,5079,77
392494,Mouse,3065,71
392543,Mouse,4456,78
392609,Elephant,368225,972
392777,Mouse,4884,65
392833,Elephant,457869,1100
392857,Mouse,5449,66
392921,Mouse,5554,66
392947,Mouse,3556,64
392969,Mouse,3391,64
393034,Mouse,4347,65
393096,Mouse,3367,64
393176,Mouse,3819,64
393209,Mouse,5770,67
393212,Mouse,4689,67
393286,Mouse,5623,66
393468,Mouse,5218,65
393485,Mouse,3607,67
393494,Mouse,3276,65
393839,Mouse,3459,66
393856,Mouse,5273,74
394063,Mouse,4669,68
394104,Mouse,4721,75
394297,Mouse,3917,88
394305,Mouse,3842,91
394316,Mouse,4592,95
394345,Mouse,4785,107
394384,Mouse,5046,105
394385,Elephant,534332,1224
394393,Mouse,3749,100
394416,Mouse,5471,98
394501,Mouse,4066,67
394508,Mouse,4698,71
394580,Mouse,4947,66
394773,Mouse,5776,73
394789,Mouse,4372,75
394813,Mouse,5122,83
394841,Mouse,3207,84
394947,Mouse,3019,67
395039,Mouse,5409,81
395096,Mouse,4708,94
395157,Mouse,3572,106
395196,Elephant,556811,1594
395201,Mouse,3099,109
395202,Mouse,4033,110
395218,Mouse,4329,107
395299,Mouse,4804,85
395461,Mouse,3101,73
395521,Mouse,5276,80
395575,Elephant,41101,255
395622,Mouse,4978,89
395623,Mouse,5607,90
395665,Mouse,3141,88
395707,Elephant,507043,1573
395727,Mouse,4150,75
395761,Mouse,3458,67
395763,Mouse,4034,67
395824,Mouse,3394,76
395829,Mouse,5144,81
395838,Mouse,3893,81
395851,Mouse,3174,86
395854,Mouse,5474,89
395933,Mouse,3655,78
395955,Mouse,4444,68
396003,Mouse,3766,70
396042,Mouse,4136,79
396184,Mouse,4313,91
396191,Elephant,120310,682
396256,Mouse,4983,93
396342,Mouse,3588,82
396369,Mouse,3917,96
396375,Mouse,3197,97
396396,Mouse,3008,98
396430,Elephant,506321,1814
396464,Mouse,5189,91
396507,Mouse,5645,84
396601,Mouse,4791,65
396959,Mouse,3897,107
396988,Mouse,3537,99
397051,Elephant,240593,1142
397153,Elephant,154524,819
397186,Mouse,3146,80
397199,Mouse,3401,75
397346,Mouse,3429,91
397475,Mouse,4972,130
397502,Mouse,4951,129
397545,Mouse,4470,129
397617,Mouse,4282,115
397635,Mouse,3630,109
397714,Mouse,3880,94
397735,Mouse,3745,95
397777,Elephant,475074,2078
397890,Mouse,4870,71
398140,Mouse,5228,101
398189,Mouse,4607,100
398212,Mouse,3818,99
398266,Mouse,5495,95
398275,Mouse,3753,96
398293,Mouse,5165,102
398308,Mouse,4775,104
398339,Mouse,5145,97
398355,Mouse,3565,99
398389,Mouse,4548,87
398422,Mouse,3688,75
398462,Mouse,5770,78
398596,Mouse,5610,94
398625,Mouse,3298,103
398826,Mouse,4770,103
398867,Mouse,4620,106
398903,Mouse,5215,106
398944,Mouse,5182,113
398977,Elephant,164560,918
399013,Mouse,5387,111
399040,Mouse,5265,97
399048,Mouse,3241,96
399054,Elephant,451308,2351
399087,Mouse,4924,95
399126,Mouse,4158,79
399145,Mouse,4667,74
399295,Mouse,5738,77
399338,Mouse,5782,80
399399,Mouse,4986,72
399501,Mouse,3694,83
399535,Mouse,3476,88
399611,Elephant,433662,2129
399683,Mouse,3989,69
399703,Mouse,3311,75
399779,Mouse,3080,68
399861,Mouse,3617,74
399968,Mouse,4335,86
400048,Mouse,3867,102
400128,Mouse,3493,102
400168,Mouse,4461,98
400183,Mouse,3822,96
400195,Mouse,3168,97
400230,Mouse,4161,99
400378,Mouse,5086,75
400382,Elephant,547414,2477
400418,Mouse,3008,72
400427,Mouse,3024,71
400443,Elephant,478698,1832
400565,Mouse,4314,66
400677,Mouse,5144,66
400713,Mouse,4871,70
400714,Mouse,3456,70
400745,Mouse,5334,69
400748,Mouse,3079,67
400770,Mouse,4609,65
400924,Mouse,4505,66
400938,Mouse,3941,65
401063,Mouse,5298,70
401161,Mouse,4363,70
401358,Mouse,3577,83
401395,Elephant,442970,1081
401400,Mouse,5345,96
401472,Mouse,3192,66
401704,Mouse,4339,69
401928,Mouse,3462,95
401946,Mouse,4070,101
401963,Mouse,4585,106
401970,Mouse,3613,108
402058,Elephant,206463,784
402122,Mouse,3081,66
402134,Mouse,4015,71
402140,Elephant,261225,1122
402154,Mouse,4545,67
402381,Mouse,5166,66
402400,Mouse,3557,65
402513,Elephant,396430,1322
402556,Mouse,5020,66
402708,Mouse,3303,67
402717,Mouse,4789,72
402866,Mouse,4646,65
402873,Mouse,5096,65
402890,Elephant,340406,1206
402946,Mouse,5521,67
402981,Mouse,4808,65
403080,Mouse,5149,65
403192,Mouse,3532,64
403243,Mouse,4525,65
403258,Mouse,4454,65
403318,Mouse,4210,64
403333,Mouse,3569,64
403348,Mouse,3931,64
403404,Mouse,4585,65
403574,Mouse,3186,64
403683,Mouse,3860,65
403914,Mouse,5414,67
403999,Mouse,3137,67
404008,Mouse,4571,67
404035,Mouse,3314,67
404053,Mouse,4381,67
404106,Mouse,5209,65
404202,Mouse,3701,65
404219,Mouse,3293,66
404267,Mouse,4177,68
404357,Mouse,4947,67
404363,Mouse,3199,64
404402,Mouse,3453,64
404454,Mouse,5793,66
404462,Mouse,5093,69
404474,Mouse,3715,70
404501,Elephant,398563,1052
404515,Mouse,3439,68
404526,Mouse,4422,69
404537,Mouse,5228,69
404560,Mouse,4027,64
404728,Mouse,3753,64
404816,Mouse,4457,65
404963,Mouse,5292,69
405027,Mouse,3533,74
405048,Mouse,5141,82
405061,Mouse,4123,75
405130,Mouse,4616,81
405146,Mouse,4916,88
405181,Mouse,5069,88
405196,Mouse,4615,89
405208,Mouse,4516,98
405311,Mouse,5167,89
405357,Elephant,263897,893
405477,Mouse,5803,70
405555,Mouse,4397,71
405642,Mouse,5284,84
405732,Mouse,4492,93
405759,Mouse,5517,98
405811,Elephant,126875,647
405814,Mouse,3763,87
405837,Mouse,5123,86
405862,Mouse,3163,74
405901,Mouse,4610,74
405947,Elephant,366148,1303
405950,Mouse,3834,76
406000,Mouse,4145,66
406010,Mouse,5289,69
406033,Mouse,3214,64
406073,Mouse,4613,70
406117,Mouse,3030,68
406140,Mouse,3883,66
406202,Mouse,4317,69
406209,Elephant,412548,1600
406218,Mouse,3401,64
406226,Mouse,4127,67
406344,Mouse,5648,69
406485,Mouse,4324,71
406552,Mouse,5413,74
406567,Mouse,3236,77
406584,Mouse,3996,80
406607,Mouse,5198,87
406617,Elephant,462382,1557
406654,Mouse,3508,78
406676,Mouse,4442,66
406678,Mouse,3384,66
406740,Mouse,4157,69
406916,Mouse,5095,71
406979,Elephant,179066,655
407023,Mouse,4765,67
407046,Elephant,265933,838
407092,Mouse,4253,65
407118,Mouse,5712,66
407137,Mouse,5237,66
407164,Mouse,5269,68
407183,Mouse,4912,65
407296,Mouse,4389,65
407455,Elephant,125232,508
407488,Mouse,4158,65
407534,Mouse,5527,66
407586,Mouse,4558,65
407600,Mouse,5149,67
407625,Mouse,5624,66
407650,Mouse,5708,70
407650,Mouse,5202,69
407695,Mouse,3162,66
407740,Mouse,3713,64
407746,Mouse,5596,66
407763,Mouse,5010,65
407789,Mouse,5237,66
407825,Mouse,3625,64
408046,Mouse,5122,65
408170,Mouse,3923,64
408421,Mouse,3133,64
408432,Mouse,4698,66
408444,Mouse,4383,68
408461,Mouse,3708,71
408558,Mouse,3402,64
408583,Mouse,5822,71
408613,Mouse,5405,70
408635,Mouse,5020,74
408695,Mouse,5489,73
408810,Mouse,3288,68
408827,Mouse,4624,73
408898,Mouse,3550,75
408907,Mouse,4568,78
408911,Mouse,3640,79
408981,Mouse,4672,87
409007,Mouse,4915,90
409038,Mouse,4258,74
409115,Elephant,492893,1165
409139,Mouse,3640,69
409156,Elephant,55199,364
409169,Mouse,3396,64
409178,Mouse,3277,65
409242,Mouse,3457,64
409291,Mouse,4789,65
409347,Mouse,4039,68
409370,Mouse,5500,66
409398,Elephant,323103,1072
409424,Mouse,4347,66
409445,Mouse,4617,65
409464,Mouse,3768,64
409468,Mouse,3208,65
409488,Mouse,5723,66
409671,Mouse,5714,67
409732,Mouse,5142,65
409787,Mouse,4861,65
409829,Mouse,3919,64
410058,Mouse,5330,67
410061,Mouse,5670,67
410092,Mouse,5106,65
410152,Mouse,3788,65
410406,Mouse,5582,70
410461,Mouse,5336,67
410499,Mouse,4164,66
410524,Mouse,5414,65
410552,Mouse,4886,65
410616,Mouse,3394,67
410625,Mouse,3141,70
410671,Mouse,5483,71
410708,Mouse,3179,67
410717,Mouse,5650,70
410720,Elephant,118413,512
410809,Mouse,5454,70
410860,Mouse,3897,66
410881,Mouse,4533,69
411004,Mouse,3817,70
411106,Mouse,3426,67
411120,Mouse,3917,68
411217,Mouse,4004,76
411245,Mouse,4524,83
411278,Mouse,4887,90
411387,Mouse,4602,80
411395,Mouse,4763,81
411413,Mouse,4119,83
411446,Mouse,4479,79
411541,Mouse,4995,77
411639,Elephant,246984,952
411643,Mouse,3237,86
411695,Mouse,5613,78
411724,Mouse,4958,87
411727,Mouse,4722,89
411747,Mouse,4928,87
411782,Elephant,35216,280
411785,Mouse,3512,86
411880,Elephant,591239,1457
411891,Mouse,3448,65
411895,Mouse,4359,65
411929,Mouse,3014,64
411956,Elephant,279737,1141
411973,Mouse,5181,66
412076,Mouse,5539,67
412079,Mouse,5819,67
412100,Mouse,5458,66
412104,Mouse,4605,65
412152,Mouse,4053,64
412162,Mouse,5030,65
412255,Mouse,3183,66
412256,Mouse,4044,67
412389,Mouse,3482,64
412417,Mouse,4190,66
412418,Mouse,3044,65
412555,Mouse,4158,64
412591,Mouse,5053,65
412664,Mouse,4766,65
412673,Mouse,5581,66
412698,Mouse,3969,69
412756,Mouse,5268,65
412789,Mouse,4140,66
412808,Mouse,5341,65
412839,Mouse,4552,69
412942,Mouse,5338,65
412946,Mouse,4551,65
412969,Mouse,3491,70
413028,Mouse,3440,75
413106,Mouse,5139,72
413180,Mouse,3404,75
413184,Elephant,86807,427
413195,Mouse,5556,78
413207,Mouse,5204,79
413219,Elephant,265738,806
413228,Mouse,4754,76
413249,Mouse,4159,76
413316,Mouse,5286,67
413325,Mouse,5237,67
413381,Elephant,107361,482
413436,Mouse,3580,64
413449,Mouse,4859,66
413495,Mouse,5445,70
413516,Mouse,5761,66
413626,Mouse,4056,64
413649,Mouse,4895,65
413714,Mouse,3287,64
413753,Mouse,4392,71
413817,Mouse,4202,73
414011,Mouse,5806,86
414153,Mouse,3351,84
414257,Mouse,3629,81
414295,Mouse,5323,91
414398,Mouse,5005,95
414438,Mouse,3001,88
414445,Mouse,3077,93
414456,Elephant,400060,1498
414510,Mouse,4936,93
414514,Mouse,5677,95
414824,Mouse,4579,80
414952,Mouse,3432,80
414953,Elephant,491697,1598
414964,Mouse,3035,74
414994,Mouse,3354,75
415039,Mouse,5722,67
415106,Mouse,4676,69
415123,Mouse,5496,78
415210,Mouse,3701,72
415217,Elephant,326755,1331
415357,Elephant,491066,1672
415456,Mouse,5371,65
415513,Mouse,5237,65
415519,Mouse,3312,64
415559,Mouse,3643,64
415563,Mouse,4555,66
415575,Mouse,3618,67
415885,Mouse,3465,74
415895,Mouse,3857,71
415974,Mouse,4727,69
415982,Mouse,4209,70
416035,Mouse,4629,75
416080,Mouse,3765,70
416150,Mouse,3228,67
416191,Mouse,3821,72
416260,Mouse,4653,74
416279,Mouse,4336,68
416294,Mouse,3367,70
416351,Mouse,3088,72
416359,Mouse,3323,75
416409,Mouse,4123,78
416523,Mouse,5610,91
416556,Mouse,4941,98
416618,Elephant,562398,1285
416631,Mouse,4689,98
416811,Mouse,3994,75
416838,Mouse,4364,77
416903,Mouse,3126,73
417035,Mouse,3626,94
417045,Mouse,5735,97
417141,Mouse,3479,100
417151,Mouse,4819,104
417180,Elephant,324081,1421
417189,Mouse,3180,101
417195,Mouse,4609,105
417203,Mouse,4620,107
417210,Mouse,4816,102
417236,Mouse,5306,94
417367,Mouse,3885,75
417391,Mouse,3721,68
417454,Mouse,4051,75
417514,Elephant,201168,1168
417538,Mouse,3617,80
417574,Mouse,4512,79
417592,Mouse,4055,76
417869,Mouse,4464,101
417924,Mouse,3102,105
417999,Mouse,5435,99
418030,Mouse,5627,98
418037,Mouse,3568,98
418049,Mouse,4714,100
418164,Mouse,4318,106
418188,Mouse,4653,100
418196,Mouse,5539,101
418240,Mouse,3681,93
418271,Mouse,5518,85
418272,Mouse,3410,84
418419,Mouse,3142,68
418466,Mouse,3053,75
418568,Elephant,564286,1924
418605,Mouse,4144,81
418623,Mouse,3227,77
418624,Mouse,3830,79
418635,Mouse,5611,82
418680,Mouse,3017,81
418683,Elephant,396546,1879
418955,Mouse,3128,67
419103,Mouse,4125,68
419108,Elephant,339696,1145
419183,Mouse,4314,68
419227,Mouse,5724,66
419347,Mouse,5725,67
419414,Mouse,3762,64
419548,Mouse,3011,64
419606,Mouse,4276,66
419616,Mouse,3557,66
419617,Mouse,5668,69
419672,Mouse,5441,66
419785,Mouse,5046,69
419810,Mouse,3637,65
419839,Mouse,5248,65
419970,Mouse,4208,64
419983,Mouse,5262,67
420056,Mouse,4902,76
420104,Mouse,3964,73
420123,Mouse,3432,67
420207,Mouse,4031,68
420250,Mouse,3901,74
420253,Elephant,173675,635
420264,Mouse,5694,70
420295,Mouse,3094,79
420303,Mouse,4304,79
420319,Mouse,5074,71
420395,Mouse,4928,68
420402,Mouse,3178,66
420455,Mouse,4294,68
420514,Elephant,260414,801
420554,Mouse,5676,69
420587,Mouse,3769,67
420632,Mouse,4918,71
420889,Mouse,3501,69
421098,Mouse,5336,96
421118,Mouse,4745,106
421140,Mouse,4922,117
421210,Mouse,4353,116
421276,Elephant,489087,1247
421580,Mouse,3683,71
421637,Mouse,4693,75
421667,Mouse,5483,81
421772,Mouse,3240,86
421817,Mouse,4542,89
421911,Mouse,4845,96
421917,Mouse,3465,97
421923,Elephant,570633,1557
421991,Mouse,3003,71
422000,Mouse,4709,65
422016,Mouse,5204,70
422047,Mouse,5260,68
422086,Mouse,4891,81
422093,Mouse,3818,83
422128,Mouse,3930,77
422152,Mouse,3434,73
422155,Mouse,5218,73
422319,Mouse,5678,88
422384,Mouse,3290,100
422445,Mouse,3091,92
422550,Mouse,3404,78
422556,Elephant,350027,1236
422566,Mouse,3403,70
422574,Mouse,3871,76
422668,Mouse,4307,72
422682,Mouse,5684,78
422685,Elephant,63779,690
422702,Mouse,3614,73
422765,Mouse,4168,83
422781,Elephant,474583,1516
422930,Mouse,3486,68
422967,Mouse,3057,68
422998,Mouse,4003,70
423032,Mouse,3915,76
423062,Mouse,5341,83
423194,Mouse,3076,93
423234,Mouse,4291,99
423267,Mouse,3147,101
423278,Mouse,3087,101
423283,Mouse,5510,101
423294,Elephant,370456,1517
423327,Mouse,3668,84
423337,Mouse,5767,91
423340,Mouse,3549,79
423353,Mouse,3674,74
423354,Mouse,3993,74
423413,Mouse,4992,76
423421,Mouse,4838,76
423503,Mouse,4971,73
423538,Mouse,3528,72
423648,Elephant,236890,935
423686,Mouse,4919,97
423708,Mouse,4447,84
423780,Mouse,4061,82
423783,Mouse,5037,83
423801,Mouse,5068,78
423809,Mouse,5785,82
423879,Mouse,4694,80
424167,Mouse,3036,85
424372,Elephant,184890,878
424391,Elephant,209594,1061
424399,Mouse,5097,97
424400,Mouse,5516,98
424417,Mouse,4074,96
424429,Mouse,5157,99
424443,Mouse,4931,95
424507,Mouse,5123,85
424530,Mouse,3574,82
424577,Elephant,440943,1932
424674,Mouse,4614,68
424692,Elephant,494554,2100
424694,Mouse,4122,67
424775,Mouse,3670,64
424778,Mouse,3098,64
424984,Mouse,3249,69
424991,Mouse,4627,74
425066,Mouse,4369,65
425113,Mouse,4527,78
425170,Mouse,5402,92
425207,Mouse,3417,91
425263,Mouse,3071,85
425278,Mouse,4950,82
425291,Mouse,3574,81
425314,Mouse,5179,94
425320,Mouse,3743,92
425481,Mouse,4979,73
425535,Mouse,3132,92
425543,Elephant,95675,581
425567,Mouse,4592,93
425671,Mouse,4700,69
425686,Elephant,441127,1340
425774,Mouse,3221,67
426073,Mouse,4246,112
426098,Mouse,5175,114
426126,Mouse,4315,113
426171,Mouse,5200,119
426184,Mouse,4434,121
426215,Mouse,3920,112
426250,Mouse,3024,103
426294,Mouse,5711,92
426305,Mouse,5680,89
426360,Mouse,5049,98
426364,Elephant,572213,2194
426439,Mouse,4353,81
426456,Mouse,3542,67
426540,Mouse,5732,73
426555,Mouse,3508,76
426599,Mouse,4240,83
426746,Mouse,5662,90
426786,Mouse,5790,101
426866,Mouse,5090,99
426907,Elephant,196862,1250
426976,Mouse,3187,81
427035,Mouse,5303,73
427139,Elephant,477617,2124
427153,Mouse,3762,79
427220,Mouse,3668,64
427238,Mouse,4821,68
427264,Mouse,4629,71
427308,Mouse,4028,71
427320,Mouse,4655,70
427375,Elephant,558288,2001
427498,Mouse,5502,67
427530,Mouse,5001,69
427696,Mouse,3166,66
427714,Mouse,4358,67
427789,Mouse,5027,67
428068,Mouse,4432,65
428118,Mouse,4653,67
428149,Mouse,3002,63
428182,Mouse,3630,67
428199,Mouse,3326,65
428223,Mouse,5578,70
428229,Mouse,5581,74
428266,Mouse,3914,69
428290,Mouse,3192,64
428395,Mouse,4806,65
428436,Mouse,4365,73
428476,Mouse,5205,72
428500,Mouse,3485,68
428527,Mouse,3960,68
428535,Elephant,197301,673
428580,Elephant,51900,320
428684,Mouse,4819,65
428848,Mouse,4430,65
428868,Mouse,5785,67
428870,Mouse,3196,66
429014,Mouse,4044,64
429151,Mouse,4763,65
429181,Mouse,5784,66
429256,Mouse,3220,64
429299,Mouse,5343,65
429308,Mouse,3030,64
429338,Mouse,3838,64
429352,Mouse,4705,66
429411,Mouse,4562,65
429546,Mouse,3584,64
429570,Mouse,4270,65
429595,Mouse,3443,64
429655,Mouse,4241,64
429713,Mouse,3072,64
429728,Mouse,3425,64
429777,Mouse,5472,66
429803,Mouse,4925,65
429817,Mouse,4457,65
429926,Mouse,4815,65
429976,Mouse,5585,66
430055,Mouse,4047,64
430068,Mouse,4135,64
430079,Mouse,4213,65
430140,Mouse,5530,66
430232,Mouse,3795,64
430296,Mouse,4584,65
430346,Mouse,4260,65
430407,Mouse,3208,64
430440,Mouse,5237,65
430479,Mouse,3957,64
430514,Mouse,3944,64
430533,Mouse,4199,64
430542,Mouse,3127,67
430652,Mouse,4234,64
430735,Mouse,4418,65
430758,Elephant,88688,412
430973,Mouse,3785,64
430992,Mouse,5586,66
431052,Mouse,5805,66
431142,Mouse,3603,64
431172,Mouse,5572,67
431176,Mouse,5786,68
431192,Mouse,5770,66
431323,Mouse,5485,67
431326,Mouse,4471,67
431342,Mouse,3089,64
431397,Mouse,4558,65
431414,Mouse,4188,64
431491,Mouse,4494,65
431537,Mouse,5522,66
431558,Mouse,5033,65
431663,Mouse,4752,65
431738,Mouse,3296,64
431796,Mouse,5127,65
431853,Mouse,5405,70
431967,Mouse,5555,66
432106,Elephant,101692,497
432107,Mouse,4550,70
432145,Mouse,4244,65
432166,Mouse,3765,64
432243,Elephant,352853,973
432311,Mouse,3949,64
432370,Mouse,4070,64
432376,Mouse,3964,64
432434,Mouse,4243,64
432614,Mouse,3242,64
432665,Mouse,4739,65
432848,Mouse,4841,65
433068,Mouse,3338,64
433148,Mouse,5731,66
433211,Mouse,3993,68
433254,Mouse,3172,65
433344,Mouse,3222,67
433446,Mouse,4771,65
433482,Mouse,5827,66
433500,Elephant,111249,491
433588,Mouse,3545,64
433666,Mouse,4420,65
433727,Mouse,5671,66
433745,Mouse,3440,68
433784,Mouse,5747,72
433825,Mouse,4343,69
433919,Elephant,208445,687
433948,Mouse,5310,67
433964,Mouse,4459,66
433978,Mouse,4234,64
433991,Mouse,3947,66
434014,Mouse,4858,65
434032,Mouse,4616,69
434049,Mouse,3235,65
434077,Mouse,4331,65
434115,Mouse,5622,70
434125,Mouse,4583,73
434192,Mouse,5313,65
434359,Elephant,32456,207
434395,Mouse,4322,69
434632,Elephant,219610,746
434674,Mouse,5595,87
434685,Mouse,5011,77
434861,Mouse,3529,79
434869,Mouse,3023,82
434924,Mouse,4468,92
435005,Elephant,543570,1215
435215,Mouse,4228,71
435247,Elephant,164762,756
435321,Mouse,5736,69
435342,Mouse,4312,68
435397,Mouse,5041,71
435431,Mouse,3481,65
435450,Mouse,3179,66
435465,Mouse,5386,71
435499,Mouse,5837,71
435543,Mouse,5276,71
435555,Mouse,3687,75
435779,Mouse,3812,99
435799,Mouse,5448,104
435856,Mouse,4761,121
435956,Mouse,5039,117
435960,Mouse,4188,118
436011,Mouse,4855,117
436045,Mouse,5755,118
436070,Mouse,4126,118
436078,Mouse,5813,124
436100,Elephant,585336,1616
436116,Mouse,3213,95
436132,Mouse,4589,94
436156,Mouse,4212,71
436187,Mouse,3813,65
436335,Mouse,4525,75
436341,Mouse,4738,78
436413,Mouse,5373,68
436489,Mouse,3391,73
436493,Mouse,5089,76
436507,Mouse,4910,75
436541,Mouse,5132,81
436609,Mouse,4947,71
436697,Mouse,4224,75
436718,Mouse,4524,77
436752,Mouse,3138,81
436789,Mouse,3131,87
436882,Mouse,4841,74
436962,Mouse,4740,71
437081,Elephant,448222,1457
437197,Mouse,5276,65
437252,Mouse,4133,64
437361,Mouse,4572,70
437455,Elephant,449476,1096
437465,Mouse,4858,65
437796,Mouse,3610,64
437837,Mouse,5222,67
437839,Mouse,3454,66
437870,Mouse,4039,64
437878,Mouse,5002,66
437950,Mouse,3217,64
438036,Mouse,3175,64
438059,Mouse,5563,66
438077,Mouse,3092,64
438120,Mouse,4007,65
438123,Mouse,3710,64
438156,Mouse,3850,64
438265,Mouse,3938,68
438345,Mouse,3763,68
438375,Mouse,5454,66
438400,Mouse,5667,76
438402,Mouse,4415,74
438434,Elephant,73886,369
438479,Mouse,5015,68
438508,Mouse,4439,69
438580,Mouse,4989,66
438719,Mouse,3811,67
438766,Mouse,4104,69
438861,Elephant,415600,1008
438923,Mouse,4654,65
438930,Mouse,4798,65
439048,Mouse,3555,64
439117,Mouse,3317,64
439129,Mouse,3858,64
439195,Mouse,3809,64
439245,Mouse,3830,64
439255,Mouse,4242,64
439342,Mouse,3685,64
439362,Mouse,5456,66
439475,Mouse,4479,65
439499,Mouse,4992,65
439578,Mouse,3342,64
439691,Mouse,5592,66
439702,Mouse,4035,64
439710,Mouse,5581,66
439714,Mouse,4647,66
439721,Mouse,3204,64
439752,Mouse,3778,64
439781,Mouse,3679,67
439835,Mouse,4053,64
440048,Mouse,4627,69
440095,Elephant,170391,680
440116,Mouse,5689,66
440219,Mouse,5192,70
440219,Mouse,4741,70
440293,Mouse,5152,70
440413,Mouse,5341,70
440474,Mouse,3913,70
440562,Elephant,79189,411
440616,Mouse,5237,71
440667,Elephant,102078,461
440713,Mouse,5164,78
440800,Mouse,3641,72
440842,Mouse,4595,75
440917,Elephant,473105,1088
440985,Mouse,5353,76
440992,Mouse,5005,77
440997,Mouse,5465,72
441084,Mouse,4956,65
441153,Mouse,3069,66
441239,Mouse,4493,66
441267,Elephant,219344,736
441293,Mouse,4739,71
441316,Mouse,4421,69
441347,Mouse,3562,71
441356,Mouse,4792,71
441368,Mouse,4959,69
441465,Mouse,3546,69
441469,Mouse,4685,72
441485,Mouse,5206,70
441497,Mouse,4370,72
441557,Mouse,3245,67
441574,Mouse,4351,70
441588,Mouse,3829,70
441632,Mouse,5383,74
441642,Mouse,4850,77
441710,Mouse,3044,73
441776,Mouse,4199,71
441785,Elephant,509671,1165
441839,Mouse,5434,75
441948,Mouse,5341,65
441993,Mouse,4626,68
442060,Mouse,3286,69
442114,Mouse,5533,72
442159,Mouse,3174,64
442257,Mouse,5505,66
442264,Mouse,5227,68
442297,Mouse,5692,76
442322,Mouse,5364,73
442332,Elephant,407483,1110
442340,Mouse,3778,80
442405,Mouse,4339,65
442517,Mouse,5263,65
442595,Mouse,4676,69
442645,Mouse,4844,73
442660,Mouse,4771,69
442680,Mouse,5164,70
442707,Mouse,3606,66
442712,Mouse,4853,65
442726,Mouse,4555,71
442783,Mouse,4644,72
442888,Mouse,3690,71
443027,Mouse,3208,78
443075,Elephant,282418,860
443167,Mouse,3577,66
443177,Mouse,4197,70
443262,Mouse,5256,83
443273,Mouse,3914,83
443284,Mouse,4369,91
443286,Mouse,5713,92
443398,Mouse,3587,75
443445,Mouse,4889,69
443471,Mouse,5310,70
443509,Mouse,3118,75
443585,Mouse,3870,87
443599,Mouse,5240,94
443678,Mouse,3322,93
443698,Mouse,3397,91
443828,Mouse,3436,87
443835,Elephant,294798,1137
443926,Mouse,4032,87
443995,Mouse,3789,74
444025,Mouse,5248,79
444055,Mouse,3069,84
444066,Mouse,3182,89
444115,Mouse,5575,99
444136,Mouse,3332,99
444186,Mouse,3931,85
444186,Mouse,3559,85
444226,Mouse,5756,93
444255,Elephant,564337,1708
444286,Mouse,3689,79
444288,Mouse,5630,87
444296,Mouse,5739,79
444308,Elephant,423519,1563
444312,Mouse,4122,71
444321,Mouse,4057,66
444336,Mouse,4252,71
444345,Mouse,3675,73
444402,Mouse,3953,72
444482,Mouse,3665,67
444497,Mouse,5739,76
444641,Mouse,3965,85
444700,Mouse,3375,91
444847,Mouse,4637,97
444880,Mouse,5505,99
444913,Mouse,5734,105
444918,Mouse,3175,106
444942,Mouse,4513,105
444953,Mouse,3220,98
444978,Mouse,5723,104
445056,Mouse,4044,83
445138,Mouse,5272,75
445220,Mouse,4088,87
445251,Elephant,557884,1829
445334,Mouse,3857,72
445365,Mouse,3444,67
445406,Mouse,4971,70
445438,Mouse,5444,70
445626,Mouse,5294,95
445706,Mouse,3951,103
445740,Mouse,5738,101
445746,Elephant,490614,2015
445778,Elephant,399018,1532
445810,Mouse,5748,77
445945,Mouse,3123,64
446038,Mouse,5425,65
446091,Mouse,4356,65
446100,Mouse,5311,71
446155,Mouse,4538,69
446247,Mouse,3317,67
446277,Mouse,3704,72
446295,Mouse,5832,77
446399,Elephant,595508,2137
446454,Mouse,3273,68
446541,Mouse,4449,69
446711,Mouse,3821,67
446792,Mouse,3071,67
446804,Mouse,3195,66
446831,Mouse,4712,69
446840,Elephant,504212,1439
446915,Mouse,5718,66
446975,Mouse,4434,65
447012,Mouse,4734,67
447039,Mouse,5417,65
447110,Mouse,5313,65
447164,Mouse,5178,65
447205,Mouse,3841,65
447254,Mouse,4148,64
447311,Mouse,4477,69
447342,Mouse,5759,67
447420,Mouse,5190,65
447458,Mouse,5335,66
447491,Elephant,207740,683
447503,Mouse,4614,66
447564,Mouse,3655,67
447649,Mouse,3830,68
447659,Mouse,3470,66
447848,Mouse,5605,66
447920,Mouse,4543,69
447968,Mouse,3618,70
448041,Mouse,3959,67
448217,Mouse,4939,69
448242,Mouse,4160,67
448320,Mouse,3120,74
448342,Mouse,5174,81
448435,Mouse,4414,90
448473,Mouse,4113,89
448504,Mouse,3667,96
448641,Mouse,4559,83
448673,Mouse,3926,88
448684,Mouse,3149,91
448755,Mouse,4381,108
448785,Mouse,4813,121
448867,Elephant,496614,1294
448909,Mouse,3977,85
448934,Mouse,4763,83
448970,Mouse,3639,76
448992,Mouse,4262,84
449004,Mouse,4752,87
449006,Elephant,516426,1774
449014,Mouse,3096,86
449054,Mouse,3806,73
449108,Mouse,5299,70
449142,Elephant,131586,928
449229,Mouse,3673,70
449279,Mouse,5154,78
449344,Mouse,5261,69
449386,Mouse,5644,74
449402,Mouse,3089,76
449498,Mouse,3890,76
449696,Elephant,178124,737
449748,Mouse,3486,84
449749,Mouse,4256,86
449800,Elephant,229771,1511
449803,Mouse,3713,86
449920,Mouse,3955,69
449950,Elephant,72030,500
449995,Mouse,3203,67
450013,Elephant,479578,1524
450085,Mouse,5601,67
450086,Mouse,3488,66
450101,Elephant,91621,485
450165,Mouse,5420,65
450241,Mouse,4969,69
450272,Mouse,4496,68
450349,Mouse,5387,65
450371,Elephant,77160,381
450385,Mouse,5416,65
450428,Mouse,4456,70
450506,Mouse,3661,68
450624,Mouse,4233,64
450760,Elephant,99322,456
450797,Mouse,5388,69
450905,Mouse,3641,64
450923,Mouse,3084,64
450929,Mouse,4265,66
450971,Mouse,4290,68
451118,Mouse,3806,66
451138,Mouse,4446,69
451199,Mouse,3600,68
451237,Mouse,3265,67
451309,Mouse,3222,67
451323,Mouse,3817,69
451404,Mouse,5765,69
451412,Mouse,4470,66
451424,Elephant,564227,1222
451448,Mouse,3589,68
451472,Mouse,3974,64
451605,Mouse,4593,65
451696,Mouse,3705,64
451740,Mouse,5415,66
451760,Mouse,5056,65
451766,Mouse,5227,65
451851,Mouse,4960,65
452057,Mouse,5725,66
452099,Mouse,5213,66
452112,Mouse,3876,64
452133,Mouse,4509,65
452256,Mouse,4686,65
452308,Mouse,5098,65
452322,Mouse,5622,66
452354,Mouse,3034,64
452431,Mouse,3578,64
452440,Mouse,4452,66
452442,Mouse,3419,66
452463,Mouse,4376,65
452478,Mouse,5482,66
452690,Mouse,5105,65
452699,Mouse,5496,66
452844,Mouse,5192,65
452872,Mouse,4620,69
452876,Mouse,4728,65
452912,Mouse,4230,67
452918,Mouse,4088,70
452972,Mouse,4884,65
453001,Mouse,4434,69
453064,Mouse,3082,64
453127,Mouse,4891,70
453141,Mouse,3330,64
453149,Mouse,5401,65
453228,Mouse,3048,64
453250,Mouse,4674,66
453302,Mouse,4315,69
453330,Mouse,5557,66
453387,Mouse,3362,64
453537,Mouse,4196,68
453554,Mouse,4631,66
453695,Elephant,432453,1023
453736,Mouse,4580,65
453857,Mouse,4888,65
453903,Mouse,4740,65
453909,Mouse,3407,64
454100,Mouse,3411,65
454109,Mouse,4605,71
454117,Mouse,3886,64
454198,Mouse,4038,68
454200,Mouse,3970,67
454289,Mouse,3717,70
454308,Mouse,5425,70
454324,Mouse,5132,70
454434,Mouse,3860,66
454506,Elephant,53848,333
454555,Mouse,3998,69
454637,Mouse,5201,74
454666,Mouse,3752,74
454676,Mouse,5305,75
454727,Mouse,4826,86
454786,Mouse,3508,81
454787,Mouse,5549,85
454791,Mouse,4320,85
454819,Mouse,3214,85
454884,Mouse,3955,88
454886,Mouse,3102,87
454930,Mouse,5096,86
454930,Mouse,5045,85
454949,Elephant,372153,1040
455014,Mouse,3636,64
455093,Elephant,497644,1201
455119,Mouse,3414,65
455165,Mouse,3096,64
455178,Mouse,3638,64
455206,Mouse,3100,64
455305,Mouse,5260,65
455371,Mouse,3243,64
455456,Mouse,3970,64
455478,Mouse,5454,68
455617,Mouse,3684,74
455623,Mouse,3023,74
455711,Mouse,4893,75
455727,Mouse,5467,72
455767,Mouse,3511,78
455818,Mouse,3488,79
455856,Mouse,5294,92
455951,Mouse,4959,101
456011,Mouse,3702,80
456083,Mouse,4314,95
456179,Mouse,5154,109
456191,Mouse,5005,105
456258,Mouse,3315,88
456324,Elephant,246289,1050
456605,Mouse,4810,99
456618,Mouse,4891,99
456620,Elephant,104371,742
456683,Mouse,4497,104
456686,Mouse,3647,104
456713,Mouse,4895,97
456737,Mouse,5095,92
456759,Mouse,4575,81
456795,Mouse,5775,85
456861,Elephant,274397,1362
456957,Mouse,3092,79
457158,Elephant,306947,1717
457177,Mouse,4394,90
457276,Mouse,4909,73
457325,Mouse,4838,74
457431,Mouse,3453,85
457488,Mouse,3544,96
457496,Elephant,117980,801
457556,Mouse,4961,90
457573,Elephant,400389,1910
457647,Mouse,3425,79
457711,Elephant,558655,2312
457763,Mouse,5694,66
457842,Mouse,3548,68
457865,Mouse,5481,70
457867,Elephant,368888,1676
457879,Mouse,3197,70
458061,Mouse,5340,71
458116,Mouse,5507,76
458147,Mouse,5153,69
458167,Mouse,4892,71
458222,Mouse,5581,70
458236,Mouse,5810,78
458241,Mouse,3081,75
458309,Mouse,3479,79
458429,Mouse,3555,68
458456,Mouse,4969,74
458625,Mouse,3930,90
458677,Mouse,3230,95
458690,Elephant,259228,838
458765,Mouse,5593,72
458843,Mouse,4743,69
458854,Elephant,596842,1332
458899,Mouse,4278,65
458920,Mouse,4144,71
459121,Mouse,4028,67
459149,Mouse,4641,69
459153,Mouse,3409,64
459267,Mouse,5314,74
459341,Mouse,5020,84
459344,Mouse,3478,85
459379,Mouse,5394,77
459403,Mouse,4508,88
459441,Elephant,249461,1002
459464,Mouse,3952,83
459467,Mouse,5089,86
459494,Mouse,4525,68
459502,Mouse,3780,68
459528,Mouse,4647,82
459533,Mouse,3180,81
459542,Mouse,4172,82
459649,Mouse,4761,74
459650,Mouse,4192,73
459707,Mouse,4878,78
459721,Mouse,3677,81
459767,Mouse,4602,78
459817,Mouse,5627,78
459850,Elephant,395157,1054
459865,Mouse,5711,77
459957,Mouse,4454,67
459960,Mouse,5496,68
459964,Mouse,3927,66
460018,Mouse,5285,69
460124,Mouse,3274,66
460142,Elephant,353234,995
460209,Mouse,5422,65
460278,Mouse,4005,64
460406,Mouse,4291,65
460521,Mouse,4256,64
460538,Mouse,4183,64
460567,Mouse,5663,70
460607,Mouse,4825,65
460735,Mouse,4486,65
460780,Mouse,4254,64
460803,Mouse,4155,64
460846,Mouse,3119,64
460956,Elephant,78779,403
461167,Mouse,4176,64
461181,Mouse,5389,65
461202,Mouse,3765,64
461221,Mouse,4944,65
461323,Mouse,5055,65
461330,Mouse,5184,65
461435,Mouse,4969,65
461440,Mouse,3254,64
461449,Mouse,5583,66
461492,Mouse,5806,66
461527,Mouse,5272,65
461598,Mouse,4232,64
461770,Mouse,3225,64
461777,Mouse,5840,66
461893,Mouse,3076,64
462005,Mouse,3228,64
462010,Mouse,3417,64
462026,Mouse,3745,64
462153,Mouse,4360,65
462184,Mouse,3989,64
462233,Mouse,5813,66
462365,Mouse,3079,64
462375,Mouse,5457,66
462410,Mouse,4859,66
462435,Mouse,4690,69
462436,Mouse,5549,70
462477,Mouse,3313,67
462562,Mouse,3136,64
462598,Mouse,3269,64
462731,Mouse,3322,64
462765,Mouse,3146,65
462926,Mouse,4453,65
462985,Mouse,3249,64
463070,Mouse,3853,64
463122,Mouse,4669,66
463125,Mouse,3110,64
463221,Mouse,3591,65
463255,Mouse,4752,66
463271,Mouse,5096,65
463317,Mouse,3852,66
463363,Mouse,4701,67
463367,Mouse,5822,67
463412,Mouse,3768,65
463545,Mouse,3540,64
463567,Elephant,124871,503
463625,Mouse,4559,65
463634,Mouse,4160,64
463828,Mouse,5724,67
463838,Mouse,3172,64
463903,Mouse,5679,66
463981,Mouse,3448,64
464144,Mouse,3453,67
464198,Mouse,3149,64
464235,Mouse,3123,65
464267,Mouse,3582,67
464284,Mouse,5824,68
464432,Mouse,4067,66
464456,Mouse,3517,69
464480,Mouse,4234,68
464507,Mouse,4982,76
464520,Mouse,5056,80
464568,Mouse,4563,73
464634,Mouse,3431,73
464646,Mouse,3207,73
464718,Mouse,3074,78
464806,Elephant,274413,823
464825,Mouse,4007,70
464849,Mouse,3462,70
464876,Mouse,5021,71
465028,Mouse,5393,65
465056,Elephant,509522,1151
465059,Mouse,3181,70
465099,Mouse,3156,68
465173,Mouse,5267,65
465312,Mouse,4037,67
465381,Mouse,5750,68
465481,Mouse,3395,67
465548,Elephant,113722,515
465657,Mouse,5348,70
465741,Mouse,5702,71
465787,Mouse,5597,71
465916,Elephant,345741,928
465954,Mouse,3260,68
466237,Mouse,4991,69
466248,Mouse,4337,73
466259,Elephant,87045,537
466335,Mouse,5176,69
466340,Elephant,365879,1054
466351,Mouse,3933,65
466381,Mouse,5614,69
466411,Mouse,5188,70
466426,Mouse,3009,64
466513,Mouse,3417,64
466582,Mouse,5064,69
466625,Elephant,201396,684
466680,Mouse,5101,65
466915,Mouse,3607,66
466918,Mouse,3431,66
467040,Mouse,3022,64
467102,Mouse,4289,65
467109,Mouse,4710,65
467243,Mouse,4394,65
467285,Mouse,5092,65
467304,Mouse,4282,65
467406,Mouse,3953,65
467455,Mouse,3363,67
467592,Mouse,4829,65
467638,Mouse,4861,70
467641,Mouse,4780,71
467659,Mouse,4529,71
467757,Mouse,3806,72
467864,Elephant,294151,832
467916,Mouse,3778,67
467969,Mouse,4709,69
468048,Mouse,3537,66
468057,Mouse,3077,65
468378,Mouse,4443,66
468386,Mouse,4171,64
468452,Mouse,5127,69
468473,Mouse,4503,70
468497,Mouse,4721,71
468504,Elephant,515644,1130
468601,Mouse,4270,69
468772,Mouse,3826,68
468832,Mouse,4500,70
468887,Mouse,5292,77
468920,Mouse,4164,86
468928,Elephant,93972,453
468930,Elephant,114760,526
468935,Mouse,4756,80
468952,Mouse,3129,85
468964,Mouse,5115,92
468990,Mouse,4963,75
469061,Mouse,5686,66
469157,Elephant,176014,643
469195,Mouse,4039,64
469200,Mouse,3168,64
469213,Mouse,3014,66
469247,Mouse,5645,66
469272,Elephant,168576,714
469388,Mouse,3020,64
469405,Mouse,5661,66
469429,Mouse,3714,64
469446,Mouse,3745,65
469480,Mouse,5641,66
469526,Mouse,5584,66
469581,Mouse,5619,66
469588,Mouse,5037,65
469651,Mouse,4143,64
469717,Mouse,5072,65
469774,Mouse,3392,64
469788,Mouse,4889,65
469823,Mouse,5026,68
469959,Mouse,3567,67
469980,Mouse,3959,64
469987,Mouse,3057,64
470003,Mouse,3746,67
470090,Mouse,3514,64
470099,Mouse,5141,65
470107,Mouse,4655,65
470207,Elephant,112797,492
470238,Mouse,3941,64
470251,Mouse,5237,66
470278,Mouse,4068,64
470299,Mouse,4808,65
470337,Mouse,3682,64
470416,Mouse,3820,64
470438,Mouse,3822,64
470537,Mouse,4894,65
470611,Mouse,5645,66
470634,Mouse,3028,64
470644,Mouse,5440,66
470680,Mouse,3347,64
470701,Mouse,3227,64
470721,Mouse,5189,65
470729,Mouse,4638,65
470740,Mouse,4089,64
470783,Mouse,4381,66
470818,Mouse,3499,64
470838,Mouse,5477,66
470869,Mouse,5111,65
470901,Mouse,5199,65
470907,Mouse,3974,64
470918,Mouse,3615,65
471008,Mouse,4015,64
471014,Mouse,3099,64
471021,Mouse,4745,65
471295,Mouse,5532,66
471331,Mouse,5411,65
471350,Mouse,5810,68
471352,Mouse,5116,68
471495,Mouse,5467,68
471527,Elephant,68763,364
471551,Mouse,4000,66
471553,Mouse,3732,65
471559,Mouse,3393,67
471614,Mouse,4948,65
471618,Mouse,4444,65
471687,Mouse,3839,64
471740,Mouse,5440,66
471779,Mouse,3124,64
471873,Mouse,4413,65
471945,Mouse,4445,67
471947,Mouse,4821,68
471949,Mouse,3229,68
472038,Mouse,5269,65
472058,Mouse,3640,67
472106,Mouse,3654,66
472116,Mouse,3153,64
472251,Mouse,3713,64
472295,Mouse,3753,75
472300,Mouse,5823,79
472313,Mouse,3293,65
472331,Mouse,5683,70
472383,Mouse,4731,74
472455,Mouse,5123,73
472539,Mouse,5229,76
472569,Mouse,4889,82
472601,Mouse,5703,91
472805,Mouse,5531,74
472866,Mouse,4345,78
472872,Mouse,3288,83
472928,Elephant,70672,449
472960,Elephant,557109,1318
473086,Mouse,4203,65
473159,Mouse,4251,67
473323,Mouse,5158,67
473353,Mouse,3230,68
473412,Mouse,5116,74
473442,Mouse,3627,73
473444,Mouse,3095,74
473479,Mouse,4305,79
473489,Mouse,4351,82
473582,Elephant,519651,1491
473597,Mouse,4041,69
473605,Mouse,4223,73
473661,Mouse,3524,68
473698,Mouse,3092,67
473700,Elephant,381485,1404
473763,Mouse,3724,64
473765,Elephant,31936,207
473905,Mouse,4322,67
473906,Mouse,4749,68
473931,Mouse,4084,64
473939,Mouse,4276,65
473976,Mouse,3149,64
473988,Mouse,4692,65
474022,Mouse,5467,66
474085,Mouse,3321,64
474156,Mouse,3009,64
474167,Mouse,3246,64
474285,Mouse,3503,64
474395,Mouse,4325,65
474454,Mouse,4481,70
474465,Mouse,4772,72
474483,Mouse,5579,66
474498,Mouse,3393,70
474567,Mouse,3000,65
474571,Mouse,4668,67
474636,Mouse,3637,68
474642,Mouse,3563,71
474663,Mouse,5522,72
474702,Mouse,3089,70
474936,Mouse,4885,88
475002,Mouse,5599,99
475023,Elephant,250830,808
475041,Mouse,4178,87
475071,Mouse,3690,73
475081,Mouse,3947,72
475196,Mouse,4476,71
475245,Mouse,3530,72
475409,Elephant,428250,1182
475507,Mouse,5154,65
475565,Mouse,4608,69
475608,Mouse,5221,69
475617,Mouse,4600,74
475626,Elephant,439333,1233
475789,Mouse,3851,69
475795,Mouse,3852,69
475844,Mouse,3884,66
475951,Mouse,3296,66
476064,Mouse,3960,65
476097,Mouse,4059,72
476126,Elephant,119139,498
476131,Mouse,5755,67
476136,Mouse,3777,68
476193,Mouse,3149,69
476196,Mouse,4879,72
476210,Mouse,5049,68
476341,Mouse,4326,69
476470,Mouse,4345,68
476490,Mouse,5699,72
476495,Mouse,5413,75
476516,Mouse,4257,68
476549,Elephant,482732,1324
476626,Mouse,4517,65
476692,Mouse,4063,64
476727,Mouse,3791,64
476751,Mouse,5463,66
476755,Mouse,4163,65
476811,Mouse,3214,64
476841,Mouse,5135,65
476976,Mouse,3859,64
477001,Mouse,5686,66
477229,Mouse,4985,65
477238,Mouse,3317,64
477267,Mouse,5799,66
477274,Mouse,4543,65
477382,Mouse,4468,70
477386,Elephant,141168,547
477423,Mouse,5228,69
477447,Mouse,3433,64
477645,Mouse,3464,64
477829,Mouse,3355,64
477878,Mouse,5813,66
477901,Mouse,5267,76
477936,Elephant,80274,410
477989,Mouse,5432,72
477990,Mouse,5525,74
478146,Mouse,5293,70
478236,Mouse,5657,69
478250,Mouse,3141,71
478265,Mouse,3395,73
478303,Mouse,3318,73
478437,Mouse,3688,78
478469,Mouse,4339,82
478482,Mouse,4985,86
478540,Mouse,3866,96
478567,Mouse,3127,100
478589,Mouse,5588,104
478598,Mouse,4664,108
478630,Elephant,120766,589
478664,Mouse,4272,90
478680,Mouse,5089,86
478684,Mouse,4197,82
478752,Mouse,4246,66
478845,Elephant,314030,1066
479015,Mouse,5734,76
479051,Mouse,4693,79
479325,Elephant,538904,1507
479401,Mouse,3874,67
479426,Elephant,80903,581
479427,Mouse,3863,69
479465,Mouse,4069,68
479481,Mouse,5173,69
479542,Mouse,3605,70
479813,Mouse,5069,91
479849,Elephant,411731,1308
479861,Mouse,4310,87
479889,Mouse,3683,88
479943,Mouse,3528,72
479954,Mouse,5043,71
480015,Mouse,3356,69
480043,Mouse,4867,70
480046,Mouse,3101,69
480107,Mouse,3383,73
480144,Mouse,3547,72
480147,Elephant,482823,1366
480157,Mouse,5595,72
480160,Mouse,4386,72
480167,Mouse,5501,71
480182,Elephant,251885,1039
480262,Mouse,4467,65
480288,Mouse,3237,64
480316,Mouse,3774,64
480347,Mouse,4237,64
480369,Mouse,4191,64
480452,Mouse,4139,67
480452,Mouse,3685,67
480481,Mouse,5491,66
480499,Mouse,5802,73
480599,Mouse,3935,64
480732,Mouse,4385,65
480755,Mouse,3702,64
480872,Mouse,5396,70
480943,Mouse,4318,69
480948,Mouse,3057,71
481032,Mouse,4977,75
481033,Elephant,250075,765
481054,Mouse,3167,67
481122,Mouse,3434,64
481206,Mouse,3508,64
481257,Mouse,4415,66
481274,Mouse,3204,69
481282,Mouse,5700,75
481308,Elephant,138001,550
481321,Mouse,4451,74
481365,Mouse,3930,65
481389,Mouse,3857,68
481405,Mouse,5098,65
481421,Mouse,3802,69
481424,Mouse,5406,73
481444,Mouse,5351,76
481632,Mouse,5741,70
481635,Elephant,459985,1083
481687,Mouse,3830,64
481734,Mouse,3998,64
481836,Mouse,4890,70
481839,Mouse,3770,70
481863,Mouse,4753,65
481945,Mouse,3939,64
481963,Mouse,4636,69
482080,Mouse,4277,65
482126,Mouse,3836,64
482241,Mouse,3280,66
482296,Mouse,5672,66
482386,Mouse,3455,64
482418,Mouse,4852,71
482485,Elephant,381948,1074
482564,Mouse,3950,65
482568,Mouse,4634,65
482626,Mouse,3862,64
482667,Mouse,5703,66
482727,Elephant,156404,593
482735,Mouse,4907,65
482738,Mouse,3166,64
482809,Mouse,4810,69
482897,Mouse,4252,70
482901,Mouse,4229,65
482986,Mouse,3546,68
482992,Mouse,3712,71
483010,Mouse,4166,67
483122,Mouse,4968,76
483158,Mouse,5774,88
483258,Mouse,4954,106
483277,Mouse,4151,110
483523,Mouse,5145,78
483749,Mouse,4189,95
483792,Mouse,3887,98
483833,Mouse,3410,101
483948,Mouse,5833,84
484021,Mouse,3199,87
484092,Mouse,5044,83
484165,Mouse,3878,94
484172,Mouse,4211,96
484185,Elephant,201782,1216
484217,Mouse,3539,82
484224,Mouse,4573,85
484227,Elephant,483440,1706
484263,Mouse,3000,63
484292,Elephant,402657,1652
484442,Elephant,444180,1721
484475,Mouse,4716,69
484541,Mouse,5205,69
484545,Mouse,5588,70
484564,Mouse,5523,69
484684,Mouse,3467,65
484752,Mouse,3376,71
484832,Mouse,3939,71
484866,Mouse,4010,71
484915,Elephant,398748,1591
484932,Mouse,3567,69
484945,Mouse,4606,73
484958,Mouse,5182,78
484971,Mouse,3074,64
484998,Mouse,4890,73
485039,Mouse,4494,69
485205,Mouse,3150,66
485230,Mouse,4217,70
485246,Mouse,5539,74
485381,Mouse,5661,80
485530,Mouse,5222,91
485687,Mouse,3762,105
485758,Elephant,570029,1333
485912,Elephant,356378,1241
486033,Mouse,4977,74
486054,Mouse,3770,65
486064,Mouse,4210,70
486176,Mouse,3540,72
486267,Mouse,4154,86
486276,Mouse,5423,93
486279,Mouse,4358,95
486396,Mouse,3496,94
486405,Mouse,5583,97
486423,Mouse,4254,100
486487,Mouse,5516,92
486680,Mouse,5707,97
486739,Mouse,3201,102
486802,Elephant,292796,1596
486882,Mouse,4144,69
486985,Mouse,4796,75
487160,Mouse,5247,98
487192,Mouse,5362,100
487206,Mouse,4299,95
487222,Mouse,3322,101
487243,Mouse,5269,106
487266,Mouse,5143,104
487340,Mouse,4097,82
487430,Mouse,3814,93
487756,Elephant,127660,1038
487768,Mouse,4611,109
487793,Elephant,550397,2003
487860,Mouse,5274,89
487945,Mouse,4424,70
487953,Mouse,3855,72
488049,Elephant,490810,2186
488088,Mouse,4096,65
488144,Mouse,5000,70
488218,Mouse,5645,78
488234,Mouse,5029,82
488265,Mouse,4094,85
488342,Mouse,3815,70
488384,Mouse,4683,73
488434,Mouse,4006,81
488529,Mouse,3612,90
488538,Mouse,4625,95
488612,Elephant,238111,1343
488624,Mouse,3970,96
488638,Mouse,4232,98
488686,Mouse,4945,80
488764,Mouse,5043,77
488768,Mouse,5191,77
488773,Mouse,4563,80
488826,Elephant,549243,2491
488881,Mouse,4479,66
489001,Mouse,4153,64
489099,Mouse,3419,66
489144,Mouse,5048,69
489163,Elephant,223394,1061
489189,Mouse,3166,67
489235,Mouse,3876,69
489244,Mouse,4390,69
489253,Mouse,3529,71
489267,Mouse,4818,67
489324,Mouse,3254,65
489340,Mouse,4322,66
489377,Mouse,3421,66
489415,Mouse,5605,69
489418,Mouse,5081,71
489474,Mouse,4945,67
489548,Mouse,3056,65
489575,Elephant,473407,1702
489583,Mouse,4660,65
489639,Mouse,5304,65
489685,Mouse,5193,66
489712,Mouse,5413,67
489767,Mouse,5423,65
489797,Mouse,3240,67
489821,Mouse,3853,64
489904,Mouse,4020,64
490005,Mouse,3576,66
490123,Mouse,3073,64
490168,Mouse,5049,66
490353,Mouse,4692,68
490394,Mouse,4119,74
490481,Mouse,4245,75
490497,Mouse,5681,78
490570,Mouse,3581,85
490629,Mouse,3848,81
490662,Elephant,397037,1020
490769,Mouse,5719,70
490781,Mouse,3297,70
490845,Mouse,3432,70
490985,Mouse,3028,72
491086,Mouse,4722,80
491116,Mouse,4246,84
491123,Elephant,287994,900
491131,Mouse,3239,82
491155,Mouse,3513,88
491243,Mouse,4434,70
491340,Elephant,592883,1289
491682,Mouse,5355,69
491741,Mouse,4401,66
491858,Elephant,131693,557
491918,Elephant,247718,758
491923,Mouse,5041,66
491942,Mouse,4550,79
491991,Mouse,5170,72
492027,Mouse,5394,72
492058,Mouse,3626,67
492126,Mouse,4258,65
492135,Mouse,5194,69
492209,Mouse,5179,71
492345,Mouse,3911,69
492400,Mouse,4342,79
492422,Mouse,4915,87
492568,Mouse,5035,80
492638,Elephant,234595,820
492660,Elephant,333229,971
492713,Elephant,208546,776
492750,Mouse,4710,66
492813,Mouse,3959,64
492858,Mouse,3094,64
492866,Elephant,33249,232
492964,Mouse,3269,64
493029,Mouse,4962,65
493115,Mouse,5751,66
493177,Mouse,5202,65
493200,Mouse,3708,64
493327,Mouse,4080,64
493389,Mouse,3445,64
493428,Mouse,4859,65
493471,Mouse,4270,66
493530,Mouse,4077,64
493544,Mouse,3895,67
493545,Mouse,5026,68
493685,Mouse,5336,70
493698,Mouse,3882,65
493774,Mouse,3379,65
493781,Mouse,3973,68
493792,Mouse,4391,65
493879,Mouse,5626,70
493886,Mouse,5006,65
493957,Mouse,5357,68
494097,Mouse,4681,67
494114,Mouse,5614,70
494194,Mouse,5796,67
494228,Mouse,4806,67
494292,Mouse,3083,68
494310,Mouse,4803,69
494362,Elephant,570597,1222
494374,Mouse,5320,66
494442,Mouse,5720,66
494542,Mouse,3628,64
494615,Mouse,3868,64
494622,Mouse,4081,64
494660,Mouse,4825,65
494673,Mouse,4425,65
494698,Mouse,3944,64
494721,Mouse,3489,64
494753,Mouse,3817,64
494775,Mouse,5543,66
494899,Mouse,3026,64
494952,Mouse,3737,64
495000,Mouse,3975,64
495009,Mouse,4418,65
495034,Mouse,4886,65
495348,Mouse,5091,65
495392,Mouse,5285,65
495422,Mouse,4678,65
495429,Mouse,4494,65
495460,Mouse,5647,66
495467,Mouse,4514,66
495475,Mouse,4936,65
495492,Mouse,3762,64
495559,Mouse,5064,65
495576,Mouse,5400,65
495613,Mouse,3261,64
495763,Mouse,4863,65
495809,Mouse,4138,64
495914,Mouse,3686,64
496087,Mouse,3337,66
496088,Mouse,3976,67
496094,Mouse,5322,65
496182,Mouse,3317,64
496384,Mouse,3327,64
496469,Mouse,5185,71
496513,Mouse,3071,68
496559,Mouse,3839,71
496609,Mouse,3458,65
496641,Mouse,5506,73
496661,Mouse,3900,76
496735,Elephant,88818,426
496791,Mouse,5323,71
496889,Mouse,4743,71
496937,Mouse,4257,73
496992,Elephant,406414,995
496993,Mouse,3566,71
497242,Elephant,210945,710
497281,Mouse,4290,66
497314,Mouse,4000,66
497366,Mouse,5389,67
497375,Mouse,5079,65
497455,Mouse,3393,64
497496,Mouse,4430,69
497537,Mouse,3268,68
497561,Mouse,5136,65
497628,Mouse,4326,65
497776,Mouse,3776,66
497779,Mouse,5716,69
497800,Mouse,3601,67
497834,Mouse,5102,69
497978,Mouse,5179,70
498045,Mouse,5273,67
498091,Mouse,5564,66
498203,Mouse,4716,65
498298,Mouse,4085,66
498316,Elephant,543739,1244
498408,Mouse,3355,64
498440,Mouse,4383,65
498450,Mouse,4339,67
498451,Mouse,5826,69
498465,Mouse,5752,66
498497,Mouse,5485,67
498657,Mouse,4940,65
499100,Mouse,4719,65
499157,Mouse,4251,64
499180,Mouse,3401,64
499189,Mouse,4101,64
499208,Mouse,5344,65
499249,Mouse,4660,65
499429,Mouse,3068,64
499603,Mouse,4335,65
499615,Mouse,3608,64
499623,Mouse,5384,65
499648,Mouse,4671,66
499654,Mouse,4651,65
499835,Mouse,4581,65
499846,Mouse,4765,65
499959,Mouse,4197,64
499982,Mouse,3797,64
500013,Mouse,3599,64
500063,Mouse,3104,64
500184,Mouse,5402,69
500205,Mouse,3897,64
500210,Mouse,5587,66
500232,Mouse,4552,65
500240,Mouse,3562,64
500296,Mouse,3010,64
500325,Mouse,3983,64
500375,Mouse,3543,64
500393,Mouse,3747,67
500524,Mouse,5776,67
500573,Mouse,3763,69
500616,Mouse,4105,67
500641,Mouse,3996,64
500659,Mouse,3507,67
500691,Mouse,3295,66
500697,Mouse,3319,65
500743,Mouse,4019,67
500768,Mouse,4824,65
500831,Mouse,3191,66
500887,Mouse,3991,67
501050,Mouse,4770,66
501076,Mouse,4847,69
501245,Mouse,3343,64
501269,Mouse,3407,66
501321,Mouse,4759,69
501553,Elephant,354906,930
501590,Mouse,4511,68
501644,Mouse,4369,67
501645,Mouse,4132,67
501802,Mouse,3623,64
501958,Mouse,3170,67
501978,Mouse,5719,75
502129,Mouse,4267,67
502227,Mouse,3336,67
502235,Elephant,270821,812
502255,Mouse,5405,70
502334,Mouse,5438,66
502342,Elephant,310352,981
502365,Mouse,4269,65
502659,Mouse,4678,65
502712,Mouse,4779,65
502761,Mouse,4766,65
502886,Mouse,5668,66
502890,Mouse,4564,66
502913,Mouse,4479,68
502940,Mouse,3285,66
503004,Mouse,5385,65
503029,Mouse,3371,66
503109,Mouse,3867,64
503224,Mouse,4466,69
503238,Mouse,3344,64
503247,Elephant,302653,842
503270,Mouse,4792,68
503277,Mouse,5056,65
503286,Mouse,5683,66
503298,Mouse,4958,65
503303,Mouse,4701,65
503322,Mouse,3797,64
503356,Mouse,5524,66
503419,Mouse,3426,64
503426,Mouse,4452,65
503459,Mouse,4907,65
503607,Mouse,4597,65
503642,Mouse,5304,67
503657,Mouse,4699,65
503713,Mouse,4661,65
503856,Mouse,3905,67
503867,Mouse,4790,65
503919,Mouse,4837,65
503997,Mouse,5539,66
504075,Mouse,3816,67
504097,Mouse,4127,64
504108,Elephant,154782,581
504384,Mouse,3605,65
504415,Mouse,5749,69
504427,Mouse,4900,65
504462,Mouse,5281,71
504548,Mouse,4569,71
504608,Mouse,5034,65
504633,Mouse,5628,71
504710,Elephant,101349,453
504729,Mouse,3062,68
504763,Mouse,4220,66
504799,Mouse,5467,66
505010,Mouse,3285,64
505026,Mouse,5408,68
505161,Mouse,4619,69
505197,Mouse,5464,71
505255,Mouse,5584,70
505401,Mouse,5499,79
505411,Mouse,5783,82
505475,Mouse,3602,100
505496,Mouse,4819,102
505506,Mouse,3460,108
505516,Mouse,4128,111
505541,Mouse,4983,112
505547,Mouse,4225,112
505553,Elephant,461846,1163
505599,Elephant,33920,300
505616,Mouse,5125,67
505701,Mouse,3484,64
505781,Mouse,4730,65
505817,Mouse,3758,64
505836,Mouse,3449,64
505864,Mouse,4388,65
505912,Mouse,3875,64
506030,Mouse,5687,70
506069,Elephant,463171,1323
506078,Mouse,3967,71
506122,Mouse,5826,67
506152,Mouse,3483,64
506176,Mouse,3995,66
506179,Mouse,5242,68
506183,Mouse,4027,65
506239,Mouse,3841,64
506276,Mouse,5728,66
506312,Mouse,3562,64
506332,Mouse,4712,65
506429,Mouse,3843,64
506472,Mouse,4948,65
506496,Mouse,3440,64
506594,Mouse,4026,64
506600,Mouse,5541,66
506621,Mouse,5439,66
506813,Mouse,3048,66
506838,Mouse,4026,64
506852,Mouse,3808,68
506863,Mouse,3992,64
506948,Mouse,4299,67
506957,Mouse,4899,67
506979,Elephant,64527,366
506984,Mouse,3717,69
507023,Mouse,4622,66
507280,Mouse,4442,65
507407,Mouse,4914,65
507558,Mouse,5545,70
507570,Mouse,4062,64
507596,Elephant,229368,720
507619,Mouse,5537,67
507687,Mouse,3790,64
507701,Mouse,4798,65
507750,Mouse,4071,67
507763,Mouse,4226,64
507769,Mouse,3444,64
507803,Mouse,4499,65
507956,Mouse,4013,64
507963,Elephant,83018,408
508053,Mouse,4274,65
508086,Mouse,5441,66
508092,Mouse,4771,65
508099,Mouse,5105,65
508119,Mouse,4098,64
508139,Mouse,4496,65
508278,Mouse,3906,64
508295,Mouse,5831,69
508305,Mouse,5520,66
508461,Mouse,5837,66
508508,Mouse,3334,64
508557,Mouse,4788,65
508578,Mouse,3507,66
508668,Mouse,4745,69
508733,Mouse,4101,64
508753,Mouse,5058,68
508821,Mouse,5068,65
508902,Mouse,5773,69
509030,Elephant,266817,776
509039,Mouse,3478,64
509121,Mouse,4164,64
509158,Mouse,5303,65
509169,Mouse,3101,67
509201,Mouse,3782,65
509288,Mouse,5307,65
509311,Mouse,4521,65
509362,Mouse,3996,64
509374,Mouse,3743,64
509438,Mouse,3113,75
509522,Mouse,5095,69
509616,Elephant,141580,557
509667,Mouse,4117,64
509682,Mouse,4392,66
509698,Mouse,4591,65
509705,Mouse,5343,66
509743,Mouse,3084,75
509781,Elephant,100107,465
509792,Mouse,3221,73
509793,Mouse,4714,74
509865,Mouse,4149,65
509880,Mouse,5214,65
509905,Mouse,5403,67
509927,Mouse,3195,64
510018,Mouse,4166,64
510072,Mouse,5161,70
510117,Elephant,116499,500
510127,Mouse,3819,64
510161,Mouse,5495,66
510284,Mouse,3475,64
510368,Mouse,3916,65
510428,Mouse,3699,64
510474,Mouse,4479,65
510650,Mouse,5338,69
510654,Mouse,4245,64
510676,Mouse,4379,69
510901,Mouse,3179,87
510967,Elephant,289815,884
510975,Mouse,3096,79
510996,Mouse,3336,86
511045,Mouse,5547,76
511141,Mouse,4186,79
511180,Mouse,4202,86
511183,Mouse,4027,86
511193,Mouse,4637,91
511197,Elephant,72560,433
511202,Elephant,186291,710
511211,Mouse,4059,84
511242,Mouse,4636,84
511275,Mouse,4527,80
511341,Mouse,3426,67
511366,Mouse,3029,66
511396,Mouse,5718,70
511407,Mouse,5637,73
511529,Mouse,4812,68
511537,Mouse,3438,67
511607,Mouse,4500,69
511627,Elephant,485475,1143
511631,Mouse,3228,64
511669,Mouse,3265,65
511761,Mouse,4669,65
511775,Mouse,5564,66
511922,Mouse,3576,64
511966,Mouse,3897,64
512109,Mouse,3634,64
512116,Mouse,4684,65
512169,Mouse,4349,65
512549,Elephant,62984,326
512702,Mouse,4531,65
512739,Mouse,4654,65
512785,Mouse,4220,65
512795,Mouse,3345,64
512820,Mouse,4570,65
512889,Mouse,4659,67
512891,Mouse,5103,68
512951,Mouse,4539,65
513024,Mouse,3662,64
513186,Mouse,3825,64
513251,Mouse,5187,65
513379,Mouse,3444,64
513425,Mouse,3440,66
513428,Mouse,5716,67
513496,Mouse,3187,66
513592,Mouse,5744,69
513640,Mouse,3961,72
513728,Mouse,4864,68
513764,Mouse,4349,76
513772,Mouse,3460,76
513842,Mouse,3446,76
513845,Elephant,100467,475
513913,Mouse,3120,68
513939,Mouse,5109,69
513956,Elephant,336980,911
514062,Mouse,5648,67
514126,Mouse,3161,64
514175,Mouse,4990,73
514249,Mouse,5127,68
514269,Mouse,4872,65
514359,Mouse,3168,64
514373,Mouse,3836,68
514462,Mouse,3709,65
514517,Elephant,357240,1144
514626,Mouse,4511,65
514710,Mouse,3406,64
514741,Mouse,4095,64
514777,Mouse,4405,65
514941,Mouse,4526,70
515014,Mouse,3178,64
515097,Mouse,4470,65
515119,Mouse,3387,67
515133,Mouse,5267,68
515374,Mouse,4215,70
515408,Elephant,270211,794
515547,Mouse,5222,65
515769,Mouse,5198,66
515813,Mouse,4511,77
515819,Mouse,5694,79
515914,Mouse,3968,69
515919,Mouse,4490,72
515989,Mouse,4775,79
515997,Elephant,447988,1071
516027,Mouse,3106,68
516040,Mouse,3825,74
516161,Mouse,4703,65
516327,Mouse,3637,68
516362,Mouse,3221,70
516427,Mouse,3763,73
516471,Mouse,5287,85
516474,Mouse,3469,87
516488,Mouse,3198,88
516495,Mouse,3706,92
516586,Mouse,4870,89
516614,Mouse,5356,84
516645,Mouse,4684,73
516744,Mouse,4994,80
516754,Elephant,374624,1073
516823,Mouse,4207,80
516847,Mouse,5342,83
516897,Mouse,5294,84
516935,Mouse,3691,86
516938,Mouse,4743,87
516971,Mouse,5745,88
516987,Mouse,3250,88
517145,Mouse,3390,85
517189,Mouse,5711,95
517192,Elephant,355722,201607
517210,Mouse,4534,98
517214,Mouse,5534,98
517346,Mouse,3258,73
517421,Mouse,5788,74
517469,Elephant,444615,201845
517625,Mouse,3115,66
517644,Mouse,3582,67
517726,Mouse,5298,67
517781,Mouse,3591,69
517841,Mouse,3861,70
517869,Mouse,4835,67
517878,Mouse,5711,72
517899,Mouse,4798,78
517908,Mouse,4494,80
517934,Mouse,3155,78
517974,Mouse,5721,80
518023,Elephant,509928,1782
518105,Mouse,3553,67
518146,Mouse,5243,69
518296,Mouse,5783,70
518361,Elephant,565621,1655
518379,Elephant,89218,421
518421,Mouse,5044,66
518481,Mouse,5699,66
518505,Mouse,3522,64
518555,Mouse,4592,65
518646,Mouse,4530,65
518722,Mouse,3374,64
518832,Mouse,3272,64
518849,Mouse,3251,64
518855,Mouse,3764,64
518949,Mouse,4079,64
518974,Mouse,5469,66
519041,Mouse,4931,65
519069,Mouse,5033,69
519116,Mouse,3991,64
519219,Mouse,4356,65
519220,Elephant,94247,446
519240,Elephant,65783,372
519303,Mouse,3883,64
519319,Mouse,4602,65
519339,Mouse,3692,64
519343,Mouse,4426,65
519357,Mouse,4643,65
519386,Mouse,4495,66
519431,Mouse,4564,65
519487,Mouse,3682,64
519563,Mouse,3942,64
519566,Mouse,3447,65
519575,Mouse,4151,64
519612,Mouse,4168,64
519616,Mouse,4062,65
519797,Mouse,3247,64
519809,Mouse,4073,68
519867,Mouse,3980,69
519893,Mouse,3007,66
519927,Elephant,241832,748
520073,Mouse,3882,64
520085,Mouse,3474,64
520099,Mouse,3148,64
520125,Mouse,4041,64
520237,Mouse,5037,66
520240,Mouse,4839,67
520257,Mouse,4886,65
520310,Mouse,3762,64
520334,Mouse,3411,64
520348,Mouse,3466,64
520464,Mouse,3174,64
520481,Mouse,5501,66
520505,Mouse,4929,65
520517,Mouse,4800,65
520567,Mouse,5398,65
520647,Mouse,4550,65
520653,Mouse,4004,64
520717,Mouse,4755,65
520748,Mouse,4520,65
520798,Mouse,5275,71
520830,Mouse,5555,66
520878,Elephant,66298,363
521018,Mouse,4794,65
521044,Mouse,3211,64
521062,Mouse,3401,68
521132,Mouse,3284,64
521260,Mouse,5158,65
521275,Mouse,4210,64
521305,Mouse,4025,64
521314,Mouse,5610,66
521337,Mouse,4469,65
521358,Mouse,4131,65
521372,Mouse,4568,69
521390,Mouse,5712,66
521498,Mouse,5083,69
521554,Mouse,4671,65
521589,Mouse,3321,70
521644,Mouse,3841,67
521688,Mouse,5032,69
521694,Mouse,4411,65
521737,Mouse,3653,72
521788,Mouse,5221,65
521826,Mouse,3941,67
521861,Mouse,5809,70
521879,Mouse,5107,70
521944,Mouse,4732,73
522006,Mouse,4309,65
522078,Mouse,3900,73
522090,Mouse,4987,72
522100,Mouse,3259,74
522173,Mouse,4819,84
522238,Mouse,5238,86
522272,Mouse,5544,92
522402,Elephant,568923,1272
522453,Mouse,4500,81
522483,Elephant,247581,879
522535,Mouse,3884,66
522568,Mouse,4690,65
522639,Mouse,4183,68
522697,Mouse,4077,64
522826,Mouse,5200,65
522901,Mouse,5107,72
522907,Mouse,3482,72
522960,Mouse,3667,75
523022,Mouse,5533,76
523034,Mouse,5351,81
523048,Mouse,5033,87
523220,Mouse,5808,80
523319,Mouse,3239,87
523326,Mouse,4183,86
523445,Mouse,3148,91
523509,Mouse,3157,92
523515,Mouse,4181,94
523525,Elephant,495640,1357
523557,Mouse,4760,79
523561,Elephant,535324,1306
523569,Mouse,3120,80
523732,Mouse,5421,70
523736,Mouse,4826,66
523746,Mouse,5188,68
523747,Mouse,3812,67
523838,Mouse,4858,65
523899,Mouse,3031,67
524139,Mouse,3044,66
524148,Mouse,3498,66
524165,Elephant,344066,973
524204,Mouse,5058,67
524289,Mouse,3312,64
524344,Mouse,5714,67
524371,Mouse,5387,65
524408,Mouse,3128,64
524417,Mouse,5239,66
524521,Mouse,3363,67
524568,Mouse,4701,69
524584,Mouse,4153,67
524660,Mouse,5635,68
524675,Mouse,5420,72
524740,Mouse,4910,66
524744,Mouse,3501,68
524778,Mouse,4173,66
524886,Mouse,4226,67
524944,Mouse,5678,67
524971,Elephant,373426,946
524975,Mouse,3941,65
525018,Mouse,4904,66
525056,Mouse,3973,64
525079,Mouse,3671,64
525094,Mouse,3675,64
525115,Mouse,3210,64
525187,Mouse,4335,65
525263,Mouse,4793,69
525271,Mouse,3849,64
525301,Mouse,5074,66
525312,Mouse,5494,73
525325,Mouse,4893,65
525451,Mouse,3347,64
525608,Elephant,155293,583
525653,Mouse,4498,65
525785,Mouse,3437,64
525876,Mouse,3874,64
525890,Mouse,3958,64
525933,Mouse,3486,65
525950,Mouse,5350,65
526028,Mouse,4683,65
526035,Mouse,5505,66
526041,Mouse,4225,64
526144,Mouse,4179,64
526148,Mouse,3028,64
526164,Mouse,3325,64
526324,Mouse,4502,65
526374,Mouse,3341,64
526566,Mouse,3970,64
526605,Mouse,4466,72
526647,Mouse,4129,67
526696,Mouse,4031,64
526701,Mouse,4475,65
526709,Mouse,3925,64
526718,Mouse,4583,67
526729,Mouse,4564,76
526757,Mouse,5691,66
526833,Mouse,3084,73
526973,Mouse,5778,66
527117,Mouse,5360,70
527242,Elephant,261033,802
527272,Mouse,3813,66
527410,Mouse,4772,65
527525,Mouse,4040,68
527582,Mouse,4357,69
527585,Elephant,507747,1146
527807,Mouse,4726,65
527833,Mouse,5169,65
528006,Mouse,3972,64
528032,Mouse,5250,65
528058,Mouse,3497,64
528074,Mouse,4486,65
528111,Mouse,4571,65
528227,Mouse,5840,71
528323,Mouse,5092,66
528358,Mouse,5784,66
528382,Mouse,4775,67
528384,Mouse,5560,69
528394,Mouse,5359,68
528449,Mouse,5158,71
528463,Mouse,5621,66
528473,Mouse,3359,64
528536,Mouse,4314,69
528557,Mouse,3072,64
528618,Mouse,4945,66
528663,Elephant,179507,635
528715,Mouse,5388,65
528746,Mouse,3430,64
528790,Mouse,3938,65
528910,Mouse,4249,69
528953,Mouse,3733,70
528988,Mouse,3449,66
529059,Mouse,3922,66
529154,Mouse,4943,65
529200,Mouse,5044,67
529314,Mouse,5435,72
529354,Mouse,3912,74
529511,Mouse,3171,86
529540,Elephant,340391,957
529609,Mouse,3071,67
529643,Mouse,3417,66
529672,Elephant,401603,1049
529680,Mouse,4171,65
529766,Mouse,4731,65
529837,Mouse,4874,66
529842,Mouse,5805,66
530046,Mouse,4718,69
530155,Mouse,5616,66
530339,Mouse,3881,66
530428,Mouse,4049,76
530486,Mouse,4264,71
530491,Mouse,3122,67
530542,Mouse,4061,70
530610,Mouse,5656,76
530622,Mouse,5318,68
530632,Mouse,4902,66
530714,Elephant,595955,1382
530800,Mouse,5057,65
530864,Mouse,4843,66
530880,Mouse,5783,72
530895,Mouse,4506,77
530896,Mouse,4118,76
530949,Mouse,4797,76
530979,Mouse,5283,65
531035,Mouse,4640,69
531075,Mouse,4053,68
531114,Mouse,4377,78
531282,Mouse,4728,81
531289,Mouse,5279,85
531383,Mouse,5240,98
531385,Elephant,539646,1256
531393,Mouse,4791,100
531539,Mouse,5455,70
531560,Mouse,4727,70
531581,Mouse,5608,69
531611,Mouse,4722,72
531637,Elephant,126376,709
531659,Mouse,3110,71
531768,Mouse,5502,70
531824,Mouse,4944,69
531825,Mouse,5704,70
531864,Mouse,5349,67
531914,Elephant,497012,1259
532019,Mouse,3979,64
532036,Mouse,4703,65
532102,Mouse,5544,70
532118,Mouse,5221,65
532183,Mouse,3664,67
532195,Mouse,5385,66
532236,Mouse,3155,64
532301,Mouse,4279,65
532354,Elephant,152832,633
532360,Mouse,3946,65
532414,Mouse,3028,64
532421,Mouse,4363,65
532443,Mouse,4854,68
532515,Mouse,5031,65
532618,Mouse,5310,68
532643,Mouse,4035,64
532698,Mouse,4286,68
532711,Mouse,4138,65
532757,Mouse,5580,66
532777,Mouse,4068,68
532994,Mouse,5230,83
533019,Mouse,3563,88
533035,Mouse,3983,92
533189,Mouse,5764,85
533202,Mouse,4079,78
533214,Mouse,5125,79
533240,Elephant,312531,953
533266,Mouse,3923,73
533354,Mouse,4584,72
533364,Mouse,4512,73
533419,Elephant,32658,220
533461,Elephant,289114,976
533547,Mouse,5567,69
533589,Mouse,4098,69
533635,Mouse,3923,69
533760,Mouse,3962,70
533783,Mouse,3522,75
533848,Elephant,299263,1075
533850,Mouse,3942,72
533944,Mouse,3250,64
533970,Mouse,4337,68
533978,Mouse,3265,71
533982,Mouse,3046,65
534044,Mouse,4592,70
534120,Mouse,3162,64
534181,Mouse,3481,67
534193,Elephant,512624,1533
534204,Mouse,3038,64
534243,Mouse,4890,65
534250,Mouse,3061,64
534353,Mouse,3891,64
534364,Mouse,5078,65
534436,Mouse,5277,65
534520,Mouse,5561,66
534542,Mouse,5482,70
534598,Mouse,5175,72
534662,Mouse,4619,65
534703,Mouse,4346,65
534832,Mouse,3025,64
535093,Mouse,5598,72
535139,Mouse,3093,78
535177,Mouse,5761,90
535239,Mouse,4965,94
535248,Mouse,3886,96
535259,Mouse,4339,99
535292,Mouse,3348,100
535302,Mouse,4362,101
535333,Mouse,3676,95
535349,Elephant,443984,1131
535499,Mouse,5200,70
535614,Mouse,3979,68
535676,Mouse,3378,68
535708,Mouse,5505,74
535842,Mouse,5495,91
535923,Mouse,5182,103
536008,Mouse,3319,86
536113,Elephant,393392,1403
536135,Mouse,3226,72
536142,Mouse,5132,68
536196,Mouse,4757,70
536228,Mouse,4674,73
536232,Mouse,4671,68
536340,Mouse,5389,70
536516,Elephant,580015,1757
536585,Mouse,5079,69
536599,Mouse,4089,71
536602,Mouse,5062,72
536686,Mouse,3165,66
536698,Mouse,5726,70
536704,Mouse,5479,68
536771,Mouse,5676,69
536908,Mouse,5024,68
536932,Elephant,323670,1234
536956,Mouse,5315,68
537016,Mouse,3261,67
537105,Mouse,3772,67
537147,Mouse,3268,67
537230,Mouse,5442,70
537232,Elephant,228388,734
537251,Mouse,4659,65
537358,Mouse,3464,65
537369,Mouse,3242,64
537377,Mouse,4308,65
537381,Mouse,4029,65
537386,Mouse,5048,68
537446,Elephant,37266,241
537451,Mouse,5742,67
537523,Mouse,3901,72
537526,Mouse,5464,75
537806,Mouse,5053,65
537817,Mouse,4345,72
537817,Mouse,4829,73
537820,Elephant,85297,417
537915,Mouse,4521,69
537940,Mouse,3134,64
537969,Mouse,5202,73
538058,Mouse,3847,67
538072,Mouse,5650,71
538085,Mouse,3129,65
538122,Mouse,4427,66
538196,Mouse,3355,67
538231,Mouse,4126,66
538382,Mouse,5810,73
538406,Elephant,544758,1170
538434,Mouse,4818,82
538530,Mouse,4759,71
538538,Mouse,5283,70
538565,Mouse,5716,70
538608,Mouse,4037,70
538651,Elephant,45020,292
538654,Mouse,3878,67
538683,Mouse,5815,69
538689,Mouse,3852,66
538732,Elephant,198100,690
538736,Mouse,3610,66
538766,Mouse,3570,64
538786,Mouse,5550,70
538787,Mouse,5593,71
538840,Mouse,5785,66
538853,Mouse,4041,64
538953,Mouse,4648,65
538975,Mouse,4804,65
538986,Mouse,5578,66
539056,Mouse,4541,65
539159,Mouse,3351,64
539215,Mouse,3390,64
539328,Mouse,4412,65
539434,Mouse,3576,64
539623,Mouse,5282,71
539772,Mouse,3007,64
539880,Mouse,5831,72
539928,Mouse,4364,73
539959,Mouse,4972,73
539960,Mouse,5311,74
540144,Mouse,5527,85
540229,Mouse,5524,96
540284,Mouse,5023,95
540322,Mouse,5281,90
540339,Mouse,5536,94
540368,Mouse,4115,89
540419,Elephant,64018,491
540440,Mouse,3416,77
540517,Mouse,4115,66
540529,Mouse,4583,71
540549,Mouse,3176,73
540573,Mouse,5748,77
540585,Mouse,4985,83
540603,Mouse,4712,88
540607,Elephant,571946,1402
540621,Mouse,4282,75
540653,Mouse,4187,81
540698,Elephant,483895,1285
540773,Mouse,5694,66
540850,Mouse,5836,66
540900,Mouse,4744,65
540975,Mouse,4502,65
541101,Mouse,3030,68
541105,Mouse,5605,71
541146,Mouse,4337,70
541149,Mouse,3411,68
541191,Mouse,4187,69
541232,Mouse,5667,70
541288,Mouse,5541,66
541314,Mouse,3473,72
541329,Mouse,4416,68
541332,Mouse,4469,69
541337,Elephant,247098,772
541399,Mouse,4000,73
541411,Mouse,5773,70
541519,Mouse,4310,68
541550,Mouse,5530,66
541619,Mouse,4368,67
541633,Mouse,4053,71
541863,Mouse,4961,81
541941,Mouse,5090,88
541959,Mouse,3396,75
542016,Mouse,4167,89
542044,Mouse,4250,91
542051,Mouse,3365,94
542121,Mouse,3065,86
542131,Mouse,4433,86
542172,Mouse,5271,72
542182,Mouse,5062,76
542265,Mouse,4399,89
542269,Mouse,3599,89
542276,Mouse,4520,94
542299,Mouse,3554,94
542387,Mouse,4727,94
542442,Mouse,3314,80
542459,Elephant,587332,1530
542491,Mouse,4157,81
542501,Mouse,4813,86
542600,Mouse,4370,82
542638,Mouse,4549,90
542643,Mouse,4334,91
542711,Elephant,194126,1040
542736,Mouse,4233,99
542756,Mouse,5386,85
542772,Mouse,5192,94
542773,Mouse,5635,95
542847,Mouse,3616,80
542853,Mouse,4101,85
542950,Elephant,56453,507
542966,Mouse,4209,77
542998,Mouse,4939,85
543062,Mouse,4657,91
543181,Mouse,4452,91
543238,Elephant,428822,1654
543239,Mouse,4063,87
543586,Mouse,4620,113
543702,Elephant,566380,2369
543708,Elephant,201880,1032
543756,Mouse,3718,68
543815,Mouse,3400,67
543816,Elephant,68265,465
543852,Mouse,3377,66
543937,Mouse,4235,66
544002,Mouse,3534,71
544006,Mouse,4781,74
544061,Elephant,432679,1910
544081,Mouse,3448,72
544297,Mouse,3391,64
544398,Mouse,4802,74
544421,Mouse,4568,78
544578,Mouse,5505,113
544718,Mouse,4482,102
544845,Mouse,4017,89
544963,Mouse,4872,101
544991,Mouse,5442,100
545009,Mouse,4512,103
545039,Mouse,4442,101
545067,Mouse,5289,104
545077,Mouse,3417,108
545130,Mouse,3449,94
545146,Mouse,4387,92
545335,Mouse,4433,101
545406,Mouse,5375,121
545491,Mouse,4065,107
545548,Mouse,3575,86
545600,Mouse,3947,79
545651,Mouse,3846,88
545681,Mouse,4286,91
545795,Mouse,5102,80
546059,Mouse,3328,98
546124,Mouse,5490,101
546175,Mouse,5466,108
546189,Mouse,3488,102
546278,Mouse,5450,89
546297,Mouse,3722,83
546320,Mouse,3195,97
546338,Mouse,3832,99
546369,Mouse,3882,99
546385,Mouse,4580,108
546394,Mouse,4495,111
546459,Mouse,4784,102
546473,Mouse,4721,102
546493,Mouse,4818,102
546526,Elephant,488494,2638
546571,Mouse,3393,88
546574,Mouse,4562,89
546623,Mouse,3613,82
546716,Mouse,3208,94
546772,Mouse,3295,102
546776,Mouse,3842,105
546881,Mouse,5041,108
546939,Mouse,4027,106
546955,Mouse,4821,109
547023,Mouse,3993,94
547037,Mouse,3594,94
547060,Mouse,3647,92
547077,Mouse,4408,98
547087,Mouse,3721,99
547130,Mouse,4664,111
547195,Mouse,3806,102
547197,Elephant,555163,3246
547248,Mouse,3055,70
547449,Mouse,3502,99
547481,Elephant,408892,3107
547709,Mouse,5294,97
547729,Elephant,502178,3421
547828,Mouse,3702,66
547920,Elephant,428848,2733
548005,Mouse,5006,65
548019,Mouse,5765,70
548188,Mouse,5760,68
548295,Mouse,5373,70
548296,Mouse,4247,69
548303,Mouse,3207,64
548385,Mouse,3933,73
548477,Mouse,4327,67
548514,Mouse,4665,65
548525,Mouse,3100,64
548644,Mouse,3893,73
548647,Mouse,4484,74
548913,Mouse,4750,75
548919,Mouse,4508,78
549149,Mouse,3985,91
549219,Mouse,5067,105
549246,Elephant,87559,485
549348,Mouse,3588,91
549378,Mouse,5664,71
549403,Elephant,410796,1147
549411,Mouse,3341,67
549491,Mouse,5128,67
549653,Mouse,4766,69
549684,Mouse,5272,69
549840,Mouse,4825,73
549914,Mouse,3022,72
549961,Mouse,3545,75
549999,Mouse,4494,80
550017,Mouse,5212,86
550097,Elephant,273579,1221
550132,Elephant,134065,568
550137,Mouse,5196,68
550294,Mouse,3940,66
550312,Mouse,3523,64
550478,Mouse,4590,73
550543,Elephant,228612,878
550676,Mouse,5302,65
550712,Mouse,3681,70
550722,Mouse,5774,76
550807,Mouse,4924,79
550821,Mouse,4398,73
551007,Mouse,4877,83
551040,Mouse,5360,86
551158,Mouse,4575,95
551200,Mouse,4836,110
551231,Elephant,78504,515
551243,Mouse,3520,110
551578,Mouse,3012,95
551629,Mouse,5459,108
551711,Mouse,5794,99
551817,Elephant,473047,1536
551839,Elephant,379758,1436
551860,Mouse,3544,77
551868,Mouse,5606,81
551882,Mouse,5518,86
551939,Mouse,5748,75
551952,Mouse,5250,68
551976,Mouse,5709,69
552008,Mouse,4214,70
552132,Mouse,5559,74
552149,Elephant,376215,1637
552166,Mouse,4755,70
552267,Mouse,5272,73
552287,Mouse,3333,70
552320,Mouse,3201,69
552339,Mouse,5416,73
552437,Mouse,4918,69
552460,Mouse,5489,74
552473,Mouse,5742,80
552494,Mouse,5485,78
552554,Mouse,5663,82
552633,Mouse,4131,72
552664,Mouse,3661,74
552702,Mouse,3549,82
552751,Elephant,268691,830
552770,Mouse,3455,80
552810,Mouse,4712,77
552819,Mouse,4519,81
552830,Mouse,4797,69
552859,Mouse,5665,76
552880,Mouse,4051,70
552889,Elephant,594536,1886
552934,Mouse,5713,70
553027,Mouse,5059,65
553032,Mouse,4379,65
553060,Mouse,5691,66
553068,Mouse,5346,65
553104,Mouse,5362,66
553118,Mouse,5443,69
553119,Mouse,5493,69
553218,Mouse,4078,65
553266,Mouse,5364,65
553328,Mouse,4309,68
553332,Mouse,3352,71
553479,Mouse,5768,72
553512,Mouse,3095,65
553546,Mouse,3188,67
553711,Mouse,5702,71
553766,Mouse,3372,74
553772,Elephant,180967,639
553951,Mouse,5036,67
553954,Mouse,3944,69
554051,Mouse,4711,75
554069,Mouse,4283,78
554085,Mouse,4160,81
554109,Mouse,5438,90
554132,Mouse,3155,98
554152,Mouse,3420,96
554206,Mouse,4581,105
554211,Mouse,5101,108
554215,Mouse,3529,108
554272,Mouse,5469,108
554279,Mouse,4855,113
554335,Mouse,4324,90
554338,Elephant,461873,1189
554419,Mouse,3916,68
554523,Mouse,4080,68
554533,Mouse,4420,65
554600,Mouse,4320,68
554756,Mouse,5477,72
554766,Mouse,3561,70
554860,Mouse,3975,67
555036,Mouse,4633,74
555049,Elephant,549015,1494
555197,Mouse,5456,77
555228,Elephant,319919,1300
555260,Mouse,3756,68
555326,Mouse,3708,64
555332,Mouse,4988,67
555375,Mouse,4548,66
555388,Mouse,4229,64
555417,Mouse,4509,66
555453,Mouse,4135,64
555549,Mouse,4389,65
555588,Mouse,3377,64
555855,Mouse,5709,72
555927,Mouse,4218,67
555971,Mouse,3951,68
555988,Mouse,4781,73
556020,Mouse,5103,70
556153,Elephant,476189,1079
556167,Mouse,3066,67
556200,Mouse,5118,67
556210,Mouse,3965,68
556422,Mouse,4489,66
556459,Mouse,5735,66
556492,Mouse,4071,64
556535,Mouse,5758,67
556594,Mouse,4924,65
556618,Mouse,4844,69
556692,Mouse,5427,70
556714,Mouse,3736,64
556765,Mouse,3426,64
556823,Mouse,3574,67
556826,Elephant,400365,985
556865,Mouse,5174,67
556926,Mouse,5310,67
556950,Mouse,4571,65
556964,Mouse,4052,64
557070,Mouse,4801,66
557115,Mouse,3137,65
557147,Mouse,5730,66
557211,Mouse,3103,65
557257,Mouse,4467,68
557333,Mouse,3776,66
557336,Elephant,69246,366
557377,Mouse,3125,66
557390,Mouse,3347,64
557406,Mouse,4340,65
557596,Mouse,3083,64
557651,Mouse,4482,65
557734,Mouse,5665,67
557812,Mouse,4079,64
557852,Mouse,5559,66
557974,Mouse,4410,66
558093,Mouse,5640,70
558102,Mouse,4628,73
558116,Mouse,5293,78
558225,Mouse,4879,68
558253,Mouse,4884,77
558285,Mouse,5004,71
558290,Mouse,4369,73
558324,Elephant,341365,902
558438,Mouse,3051,64
558466,Mouse,4983,68
558606,Mouse,4275,69
558611,Mouse,5109,67
558638,Mouse,4433,73
558843,Mouse,3401,66
558925,Elephant,289447,850
558925,Mouse,3684,75
558928,Mouse,3118,70
558944,Mouse,5537,68
558971,Mouse,5032,73
559018,Mouse,5132,67
559025,Mouse,4387,71
559126,Mouse,4033,65
559168,Elephant,294957,867
559268,Mouse,4610,65
559383,Mouse,4345,65
559445,Mouse,3796,64
559457,Mouse,3087,64
559507,Mouse,3227,64
559564,Mouse,3331,64
559581,Mouse,4741,65
559591,Mouse,3515,64
559641,Mouse,5519,66
559703,Mouse,5499,66
559752,Mouse,4476,65
559818,Mouse,5380,67
559892,Mouse,4186,64
559910,Mouse,4350,65
560015,Mouse,4114,64
560039,Mouse,3360,64
560102,Mouse,3215,64
560134,Mouse,3151,64
560140,Mouse,3764,64
560163,Mouse,4282,65
560172,Mouse,5712,66
560182,Mouse,3302,65
560192,Mouse,3554,64
560375,Mouse,5714,70
560380,Mouse,5255,65
560425,Mouse,5339,66
560448,Mouse,4836,65
560472,Mouse,5070,65
560490,Mouse,4822,68
560507,Mouse,5260,69
560529,Mouse,3774,67
560539,Mouse,4442,67
560603,Mouse,3293,65
560605,Mouse,4162,66
560618,Mouse,5084,70
560679,Mouse,4778,69
560800,Mouse,4834,65
560886,Mouse,4929,69
560909,Mouse,3592,66
560914,Mouse,4074,68
561113,Mouse,4764,96
561153,Mouse,4296,104
561179,Mouse,5430,113
561197,Mouse,4221,110
561242,Mouse,3249,109
561263,Mouse,5452,108
561265,Mouse,5469,109
561284,Mouse,3447,89
561300,Mouse,3559,87
561325,Mouse,5781,92
561333,Elephant,390512,1160
561451,Elephant,400045,1161
561491,Mouse,5717,66
561518,Elephant,78298,590
561574,Mouse,4958,65
561609,Mouse,3030,64
561630,Mouse,4587,68
561646,Mouse,4844,71
561691,Mouse,5064,71
561707,Elephant,43661,276
561715,Mouse,4234,64
561724,Mouse,3876,68
561752,Mouse,4326,66
561766,Mouse,4825,69
561781,Mouse,4181,72
561784,Mouse,4045,72
561933,Mouse,3963,64
561947,Mouse,5683,70
561999,Mouse,3882,73
562059,Mouse,3213,64
562203,Elephant,50565,286
562218,Mouse,3704,70
562238,Mouse,4288,71
562356,Elephant,462666,1433
562477,Mouse,4448,65
562481,Mouse,4526,66
562543,Mouse,3950,68
562566,Mouse,4021,64
562582,Elephant,106643,461
562606,Mouse,3195,64
562641,Mouse,3632,64
562654,Mouse,3122,64
562727,Mouse,3279,64
562819,Mouse,4150,64
562897,Mouse,5394,66
562933,Mouse,4565,65
562942,Mouse,4849,67
562944,Mouse,4279,66
562970,Mouse,3981,64
562979,Mouse,3198,64
563002,Mouse,4812,65
563099,Mouse,5484,66
563289,Mouse,4481,65
563334,Mouse,4000,65
563442,Mouse,3869,67
563659,Elephant,184283,633
563724,Mouse,3490,67
563733,Mouse,5338,68
563777,Mouse,5791,70
563805,Elephant,82465,407
563943,Mouse,3171,64
564015,Mouse,3182,64
564110,Mouse,4430,65
564191,Mouse,3926,64
564238,Mouse,3441,64
564270,Mouse,4187,64
564407,Mouse,4972,68
564409,Mouse,4242,68
564503,Mouse,3839,67
564525,Mouse,3433,64
564672,Mouse,4601,67
564710,Mouse,5795,66
564834,Mouse,4178,64
564846,Mouse,3324,68
564849,Mouse,4426,70
564854,Mouse,3301,70
564910,Mouse,4184,74
564969,Mouse,5522,66
565036,Mouse,3324,66
565053,Mouse,4006,64
565121,Mouse,4123,67
565190,Mouse,3591,65
565251,Elephant,305241,858
565565,Mouse,3237,71
565582,Elephant,77595,371
565601,Mouse,4133,70
565682,Mouse,4501,67
565698,Mouse,5619,70
565767,Mouse,4604,69
565884,Mouse,4335,69
565896,Mouse,3241,73
565936,Mouse,4412,72
565950,Mouse,4297,78
566016,Mouse,4639,84
566073,Mouse,4215,78
566189,Mouse,3249,81
566221,Mouse,5296,78
566280,Mouse,3450,87
566282,Elephant,431505,1097
566328,Mouse,5423,79
566432,Mouse,4849,66
566441,Mouse,4170,64
566475,Elephant,504363,1386
566534,Mouse,3934,64
566540,Mouse,3400,64
566549,Mouse,4351,66
566551,Mouse,4601,67
566579,Mouse,4170,65
566604,Mouse,4242,64
566621,Mouse,5658,68
566635,Mouse,3690,64
566642,Mouse,5327,65
566794,Mouse,3400,67
566869,Mouse,3770,67
566995,Elephant,100234,452
567001,Mouse,3581,64
567008,Mouse,4561,70
567100,Mouse,5822,68
567196,Mouse,3871,68
567220,Mouse,3518,64
567276,Elephant,306388,856
567332,Mouse,3275,65
567336,Mouse,5610,68
567406,Mouse,4198,64
567459,Mouse,5180,65
567482,Mouse,5339,65
567527,Mouse,5506,66
567547,Mouse,4032,64
567609,Mouse,4780,65
567893,Mouse,4934,69
568046,Mouse,4680,65
568060,Mouse,4524,70
568134,Mouse,3740,64
568425,Mouse,3455,97
568579,Mouse,4660,89
568593,Elephant,463267,1164
568654,Mouse,4542,82
568667,Mouse,4294,71
569015,Elephant,363250,1151
569150,Mouse,5769,68
569182,Mouse,4005,70
569202,Mouse,4015,71
569311,Mouse,3407,80
569362,Mouse,4865,92
569376,Mouse,3520,97
569428,Mouse,4836,93
569432,Mouse,3543,99
569459,Elephant,456264,1263
569463,Mouse,3352,87
569486,Mouse,3271,72
569517,Mouse,3536,64
569574,Elephant,362375,1455
569588,Mouse,4858,68
569652,Mouse,5002,65
569684,Mouse,4024,64
569839,Mouse,3514,70
569896,Elephant,55111,342
569901,Mouse,3851,74
569908,Elephant,90390,437
569927,Elephant,126312,787
569981,Mouse,3679,67
570052,Mouse,4245,66
570073,Mouse,5324,72
570162,Mouse,3437,64
570198,Elephant,45916,295
570268,Mouse,5488,72
570277,Mouse,3531,76
570350,Mouse,4067,75
570483,Mouse,4694,84
570493,Mouse,4400,88
570560,Mouse,4342,100
570678,Mouse,5712,85
570847,Elephant,355875,1102
570986,Mouse,3349,72
571035,Mouse,3622,82
571043,Elephant,574641,1411
571102,Mouse,3387,68
571173,Mouse,3993,64
571230,Mouse,4318,69
571478,Elephant,486079,1352
571495,Mouse,3827,65
571540,Mouse,3972,66
571612,Mouse,4944,65
571623,Mouse,5387,65
571808,Mouse,4868,69
571956,Mouse,3366,67
571957,Elephant,397213,1264
572144,Mouse,5350,65
572237,Mouse,4307,67
572254,Mouse,3952,67
572312,Mouse,5499,66
572350,Mouse,4600,69
572395,Mouse,3942,68
572478,Mouse,5106,68
572730,Elephant,591675,1202
572788,Mouse,5447,66
573021,Mouse,4442,65
573059,Mouse,4788,65
573108,Mouse,3359,64
573170,Mouse,3054,66
573188,Mouse,5443,66
573222,Mouse,4341,65
573292,Mouse,3816,64
573301,Mouse,4681,70
573375,Mouse,4280,65
573442,Mouse,3888,66
573640,Mouse,5700,67
573663,Mouse,3250,66
573688,Mouse,5334,70
573725,Mouse,4506,65
573736,Mouse,3088,69
573751,Mouse,3058,71
573772,Mouse,5047,71
573778,Mouse,3228,66
573782,Elephant,276250,806
574057,Mouse,3613,64
574155,Mouse,3598,64
574178,Mouse,5367,65
574215,Mouse,4058,67
574281,Mouse,4636,65
574407,Mouse,5144,65
574440,Mouse,3010,67
574454,Mouse,3638,64
574689,Mouse,3365,67
574889,Mouse,4805,78
574981,Mouse,3948,94
574990,Mouse,3641,98
574994,Elephant,466836,1109
574996,Mouse,5730,102
575003,Mouse,5784,89
575007,Mouse,3419,88
575042,Mouse,5783,85
575079,Mouse,4945,86
575085,Mouse,3877,81
575192,Mouse,5539,67
575241,Mouse,3732,70
575255,Elephant,393672,1096
575270,Mouse,5555,69
575291,Mouse,4044,68
575296,Mouse,3742,70
575356,Mouse,4939,65
575432,Mouse,4964,65
575500,Mouse,5756,66
575579,Mouse,5439,66
575842,Mouse,5599,69
575888,Mouse,5219,70
575907,Mouse,4560,65
575949,Mouse,4178,65
576057,Mouse,4493,66
576124,Mouse,4067,64
576172,Mouse,4700,65
576298,Mouse,5345,73
576303,Mouse,3791,69
576318,Mouse,5082,72
576448,Mouse,4978,74
576540,Mouse,4727,91
576549,Mouse,4284,95
576586,Mouse,4472,99
576721,Mouse,4121,92
576737,Mouse,3850,88
576750,Elephant,354556,1023
576783,Mouse,5787,68
576787,Mouse,3607,64
576811,Mouse,5563,66
576870,Mouse,4573,65
576899,Mouse,5271,69
577018,Mouse,4284,68
577047,Mouse,4871,76
577106,Mouse,4817,78
577120,Mouse,5330,76
577151,Elephant,527782,1410
577344,Mouse,4834,69
577427,Mouse,4603,68
577596,Mouse,3973,66
577649,Elephant,428550,1528
577664,Mouse,4620,70
577678,Mouse,4941,74
577689,Mouse,5036,68
577723,Mouse,3879,65
577726,Mouse,4036,65
577823,Mouse,3229,64
577964,Elephant,278176,994
578097,Mouse,3217,64
578120,Mouse,3800,67
578154,Mouse,5719,66
578241,Mouse,4551,65
578283,Mouse,5438,68
578310,Mouse,3762,71
578318,Mouse,4689,74
578328,Mouse,4759,73
578425,Mouse,4693,65
578475,Mouse,5028,69
578496,Mouse,4612,77
578607,Mouse,3459,93
578656,Mouse,4828,99
578706,Mouse,3056,96
578751,Mouse,4948,86
578855,Mouse,3922,74
578882,Elephant,191288,800
578948,Mouse,3501,68
579016,Mouse,3115,74
579107,Mouse,3369,76
579192,Mouse,5693,99
579276,Elephant,536393,1438
579313,Mouse,3417,88
579317,Mouse,5004,84
579405,Mouse,3086,68
579450,Mouse,3028,73
579471,Mouse,4831,82
579479,Elephant,407060,1410
579585,Mouse,5475,71
579635,Mouse,5314,73
579643,Mouse,4006,77
579659,Mouse,5031,80
579669,Elephant,95016,644
579726,Mouse,4192,80
579750,Mouse,4591,70
579786,Mouse,4314,76
579792,Mouse,3568,78
579874,Mouse,5537,73
579950,Mouse,3133,72
579990,Elephant,296929,949
580084,Mouse,3627,73
580136,Elephant,468713,1681
580218,Mouse,3259,64
580280,Mouse,4590,71
580309,Mouse,4137,66
580491,Mouse,3967,66
580541,Mouse,3079,69
580553,Mouse,3912,71
580564,Mouse,3018,67
580601,Mouse,5770,73
580623,Mouse,3129,70
580626,Elephant,227587,732
580641,Mouse,4786,65
580739,Mouse,4643,68
580740,Elephant,202375,752
580775,Mouse,5239,65
580844,Mouse,3330,64
580903,Mouse,4620,65
581014,Mouse,3899,64
581127,Mouse,3615,64
581302,Mouse,3630,64
581382,Mouse,5392,65
581449,Mouse,4890,69
581486,Mouse,4589,70
581500,Mouse,5797,77
581506,Mouse,3976,75
581685,Mouse,4421,69
581690,Mouse,3437,70
581720,Mouse,4560,67
581878,Elephant,271662,803
581975,Mouse,3984,64
581991,Mouse,5806,71
582005,Elephant,289669,918
582006,Mouse,4034,72
582148,Mouse,3299,64
582194,Mouse,3057,65
582198,Mouse,5798,67
582418,Mouse,5410,70
582423,Mouse,3337,71
582528,Mouse,5578,67
582654,Mouse,4889,74
582713,Mouse,3548,80
582763,Mouse,4355,86
582787,Mouse,4101,92
582830,Mouse,4744,101
582849,Mouse,5271,110
582909,Mouse,3354,115
582931,Elephant,302404,1307
583025,Mouse,5196,74
583105,Mouse,3383,67
583137,Mouse,4186,71
583147,Mouse,3187,67
583269,Mouse,3060,72
583292,Elephant,308919,1082
583296,Mouse,4146,73
583304,Mouse,3545,71
583324,Mouse,3335,77
583345,Mouse,3862,70
583388,Elephant,346583,1287
583401,Mouse,3492,65
583515,Mouse,3004,63
583541,Mouse,5237,67
583601,Mouse,4090,64
583713,Mouse,5018,69
583800,Mouse,4411,68
583897,Mouse,3235,67
583925,Mouse,4788,72
583932,Elephant,401759,1301
584022,Mouse,3577,65
584080,Mouse,3926,68
584096,Mouse,5439,66
584110,Mouse,3831,64
584132,Elephant,108149,473
584138,Mouse,3479,65
584143,Mouse,5647,69
584269,Mouse,3110,64
584300,Mouse,5516,66
584387,Mouse,4093,64
584445,Mouse,5804,66
584653,Mouse,4795,65
584713,Mouse,5390,68
584741,Mouse,5585,66
584864,Mouse,5150,68
585070,Mouse,4610,65
585141,Mouse,4278,65
585184,Mouse,3771,64
585235,Mouse,4622,66
585403,Mouse,4790,66
585423,Mouse,3375,67
585431,Mouse,3094,70
585477,Mouse,4838,75
585502,Mouse,4054,77
585505,Mouse,5426,81
585506,Mouse,5292,76
585525,Elephant,231673,728
585667,Mouse,5646,67
585682,Mouse,4021,68
585746,Mouse,4078,64
585782,Mouse,3199,65
585800,Mouse,3860,64
585888,Mouse,3385,64
585949,Elephant,100583,477
586021,Mouse,3671,64
586099,Mouse,3551,64
586150,Mouse,4413,65
586163,Mouse,4805,70
586178,Mouse,4550,66
586222,Mouse,4966,66
586341,Elephant,147566,557
586360,Mouse,3832,64
586417,Mouse,5681,66
586459,Mouse,5482,66
586503,Mouse,3033,64
586508,Mouse,4225,64
586522,Mouse,3733,64
586527,Mouse,5411,66
586595,Mouse,3571,65
586601,Mouse,4766,69
586625,Mouse,4020,64
586634,Mouse,4516,65
586656,Mouse,4374,65
586680,Mouse,4823,66
586814,Mouse,3176,64
586821,Mouse,3077,64
586833,Mouse,3688,64
586935,Mouse,3273,64
586973,Mouse,3366,64
586988,Mouse,3291,64
587013,Mouse,5541,66
587033,Mouse,5058,66
587078,Mouse,3003,70
587101,Mouse,5586,70
587356,Mouse,3729,73
587417,Mouse,5234,75
587506,Elephant,162288,609
587542,Mouse,5266,74
587575,Elephant,147474,563
587583,Elephant,159814,605
587587,Mouse,5226,74
587592,Mouse,5511,66
587624,Mouse,5272,72
587665,Mouse,3439,64
587683,Mouse,5634,66
587843,Mouse,3462,64
587872,Mouse,3513,67
588013,Mouse,5245,66
588018,Mouse,5753,66
588084,Mouse,3359,67
588156,Mouse,5053,65
588199,Mouse,4059,65
588222,Mouse,3647,67
588415,Mouse,3371,64
588447,Mouse,3935,68
588666,Mouse,3519,64
588731,Mouse,4595,65
588759,Mouse,3141,64
588804,Mouse,3145,64
588816,Mouse,5214,65
588831,Mouse,5094,68
588904,Mouse,3721,64
589026,Mouse,4560,68
589031,Mouse,5485,69
589086,Elephant,80218,405
589163,Mouse,5228,65
589169,Mouse,4937,65
589173,Mouse,4706,66
589204,Mouse,5124,74
589215,Mouse,4778,77
589231,Mouse,4941,70
589368,Mouse,3061,67
589398,Mouse,3451,73
589410,Elephant,231617,861
589421,Mouse,4885,72
589427,Mouse,5341,69
589611,Mouse,4958,70
589628,Mouse,3427,74
589689,Mouse,3022,74
589702,Mouse,4621,75
589843,Elephant,207503,706
589923,Mouse,5730,66
590179,Elephant,520007,1147
590283,Mouse,4807,65
590445,Mouse,3375,68
590512,Mouse,3684,67
590537,Mouse,5572,73
590610,Mouse,3787,76
590618,Mouse,3453,76
590672,Mouse,5203,85
590673,Mouse,3033,84
590842,Mouse,5436,81
590916,Mouse,3417,88
590954,Mouse,3097,98
590982,Elephant,150003,681
591044,Mouse,3368,73
591116,Mouse,5588,77
591126,Mouse,4633,83
591357,Mouse,3132,84
591406,Mouse,4047,97
591467,Elephant,539415,1491
591521,Mouse,4532,67
591642,Mouse,3897,73
591780,Mouse,4482,75
591855,Elephant,399486,1518
591875,Mouse,4212,78
591902,Mouse,4007,72
591945,Mouse,3902,66
591965,Mouse,3795,73
591971,Mouse,4041,71
592201,Mouse,4411,104
592213,Mouse,4793,107
592297,Mouse,3630,101
592310,Elephant,524857,1943
592320,Mouse,5601,86
592349,Mouse,4433,84
592404,Mouse,4962,65
592475,Mouse,3424,66
592542,Mouse,5423,68
592566,Mouse,4989,74
592589,Elephant,474238,1545
592628,Mouse,5616,75
592668,Mouse,5403,70
592724,Mouse,4345,69
592781,Mouse,4722,67
592816,Mouse,3008,67
592833,Mouse,3501,69
592879,Mouse,3444,71
592895,Mouse,3627,70
593061,Mouse,5469,74
593101,Mouse,3473,75
593127,Mouse,5488,87
593131,Mouse,5330,89
593138,Mouse,3033,90
593172,Mouse,4989,95
593250,Mouse,5818,95
593256,Mouse,4037,90
593296,Elephant,102775,531
593303,Elephant,425839,1318
593304,Mouse,4604,94
593395,Elephant,197155,1021
593426,Mouse,3899,64
593536,Mouse,5438,70
593747,Mouse,4542,68
593899,Mouse,3586,64
593916,Mouse,4248,65
593940,Mouse,3026,64
593990,Mouse,3632,64
594030,Mouse,4573,72
594103,Elephant,57988,324
594110,Mouse,5447,66
594186,Mouse,3294,68
594305,Mouse,3393,70
594336,Mouse,3689,67
594509,Mouse,4865,69
594542,Mouse,4478,77
594554,Mouse,4832,80
594562,Mouse,3321,82
594591,Mouse,5821,91
594619,Mouse,3904,98
594706,Mouse,3237,75
594796,Mouse,4300,69
594810,Mouse,3368,70
594849,Mouse,3016,80
594961,Mouse,3488,71
594974,Mouse,5387,80
595036,Mouse,5505,87
595052,Mouse,5048,92
595058,Mouse,3876,94
595093,Mouse,4040,93
595117,Elephant,327839,1065
595159,Mouse,5598,88
595255,Mouse,3728,68
595267,Mouse,3117,66
595329,Mouse,4867,71
595398,Mouse,3607,68
595504,Mouse,4054,66
595519,Mouse,5234,72
595638,Elephant,511155,1527
595671,Mouse,4570,69
595684,Mouse,5128,66
595710,Mouse,4839,69
595795,Mouse,4182,67
595910,Elephant,514506,202003
596041,Mouse,4407,65
596081,Mouse,4863,69
596241,Mouse,3014,66
596265,Mouse,3437,76
596310,Mouse,5416,76
596366,Mouse,3476,64
596407,Mouse,3726,66
596487,Elephant,283755,827
596506,Mouse,4907,68
596530,Mouse,5070,73
596533,Mouse,3882,66
596561,Mouse,3789,65
596592,Mouse,5108,69
596598,Elephant,63111,332
596627,Mouse,5834,66
596663,Mouse,4038,64
596719,Mouse,3835,64
596793,Mouse,3651,64
597018,Mouse,4254,68
597031,Mouse,4957,70
597042,Mouse,4909,69
597117,Mouse,3127,73
597163,Mouse,4568,77
597433,Elephant,127202,568
597495,Mouse,3912,86
597533,Elephant,594750,1395
597553,Mouse,5093,73
597619,Mouse,5624,70
597665,Mouse,4999,74
597672,Mouse,3565,77
597773,Mouse,3572,65
597838,Mouse,4594,66
597955,Mouse,5372,72
597966,Mouse,5332,77
598046,Elephant,489810,1269
598058,Mouse,3322,64
598104,Mouse,5349,66
598148,Mouse,3652,65
598180,Mouse,3194,64
598187,Mouse,4307,65
598201,Mouse,4622,65
598235,Mouse,3902,64
598255,Elephant,303599,201683
598258,Mouse,3918,66
598399,Mouse,4937,65
598407,Mouse,4975,66
598409,Mouse,4179,66
598478,Mouse,3730,64
598513,Mouse,3728,66
598542,Mouse,5151,65
598646,Mouse,3108,64
598699,Mouse,4424,65
598830,Mouse,4838,65
598883,Mouse,3840,64
598905,Mouse,4824,69
598964,Mouse,5478,66
599022,Mouse,4311,67
599022,Mouse,3098,66
599026,Mouse,3084,69
599036,Mouse,4606,74
599067,Mouse,3131,68
599073,Mouse,4725,73
599086,Elephant,319633,201259
599095,Mouse,3059,67
599193,Mouse,4221,65
599217,Mouse,4351,65
599239,Mouse,3506,64
599329,Mouse,4664,65
599366,Mouse,3062,64
599413,Mouse,4373,65
599441,Mouse,3718,64
599446,Mouse,5608,66
599450,Mouse,3430,64
599496,Mouse,3102,64
599542,Mouse,3582,67
599545,Mouse,5345,68
599598,Mouse,5541,66
599621,Mouse,3822,64
599637,Mouse,5203,65
599693,Mouse,5182,65
599779,Mouse,4625,65
599791,Mouse,3644,64
599843,Mouse,4142,64
599950,Mouse,5101,65
600063,Mouse,4080,64
600274,Mouse,4129,64
600307,Mouse,3957,64
600344,Mouse,3420,64
600406,Mouse,4449,65
600426,Mouse,5042,65
600493,Mouse,4644,67
600702,Mouse,5745,73
600904,Mouse,4846,79
600955,Mouse,4287,84
600966,Mouse,5441,91
601070,Elephant,183254,693
601089,Mouse,3532,79
601222,Mouse,3449,71
601264,Mouse,4580,73
601289,Mouse,3258,84
601383,Mouse,5321,93
601414,Elephant,293345,998
601417,Mouse,3462,88
601426,Elephant,253450,928
601430,Mouse,3920,84
601475,Mouse,3647,67
601501,Mouse,5527,68
601526,Mouse,4705,65
601553,Mouse,3647,64
601627,Elephant,152865,862
601657,Mouse,4431,69
601664,Mouse,5165,72
601845,Mouse,3340,64
601892,Mouse,4403,65
601991,Mouse,3783,68
601995,Elephant,51326,286
602203,Mouse,4166,64
602351,Mouse,4239,67
602438,Mouse,5182,77
602503,Mouse,4910,81
602524,Mouse,4643,87
602579,Mouse,3564,92
602659,Elephant,557887,1502
602693,Mouse,3243,80
602696,Elephant,84045,483
602847,Elephant,219082,810
603052,Elephant,61194,325
603078,Mouse,3954,64
603265,Mouse,5547,66
603294,Mouse,3599,66
603296,Mouse,5183,68
603304,Mouse,4075,64
603337,Mouse,5189,67
603349,Mouse,4585,65
603413,Mouse,3513,65
603504,Mouse,3465,64
603535,Mouse,5441,68
603554,Mouse,5492,72
603559,Mouse,5389,70
603645,Mouse,4375,74
603696,Elephant,47361,279
603813,Mouse,5748,72
603887,Mouse,3391,67
603897,Mouse,5516,68
603968,Mouse,3012,66
604060,Elephant,149185,590
604224,Elephant,415302,1011
604352,Mouse,3857,64
604429,Mouse,4295,65
604455,Mouse,4202,65
604633,Mouse,5172,69
604637,Mouse,3929,64
604978,Mouse,4111,67
605101,Mouse,4235,68
605198,Mouse,4276,67
605283,Mouse,4983,80
605315,Mouse,4991,77
605326,Mouse,3072,81
605400,Mouse,5115,89
605436,Mouse,5638,93
605517,Mouse,3869,95
605528,Mouse,4203,98
605544,Mouse,5204,103
605566,Mouse,5639,100
605571,Elephant,550436,1357
605577,Mouse,4531,81
605586,Mouse,5148,84
605616,Mouse,3023,89
605620,Mouse,3678,70
605621,Mouse,4263,73
605653,Elephant,183166,763
605692,Mouse,3282,69
605742,Mouse,3928,66
605788,Mouse,3470,69
605802,Mouse,3310,66
605826,Mouse,4621,68
605914,Mouse,5140,69
605992,Mouse,3857,68
606058,Mouse,4566,72
606083,Mouse,3839,74
606098,Mouse,3313,78
606123,Elephant,146370,563
606131,Elephant,354557,1199
606167,Mouse,4178,72
606186,Mouse,4628,66
606215,Mouse,3121,64
606255,Mouse,5819,66
606303,Elephant,78982,420
606344,Mouse,3606,64
606387,Mouse,3581,67
606508,Mouse,3877,64
606537,Mouse,5083,65
606818,Elephant,113605,494
606876,Mouse,3974,67
606878,Mouse,5209,69
606886,Mouse,3342,67
606928,Mouse,5754,72
607041,Mouse,4088,64
607120,Mouse,5536,66
607232,Mouse,4626,71
607232,Mouse,3340,71
607256,Mouse,3107,64
607310,Mouse,5670,67
607338,Mouse,5004,65
607428,Mouse,3819,64
607786,Mouse,5009,80
607804,Mouse,4438,68
607904,Mouse,5301,73
607956,Mouse,5600,81
607998,Mouse,4916,95
608009,Elephant,495075,1235
608033,Mouse,5749,95
608084,Mouse,4683,78
608122,Mouse,3903,66
608198,Mouse,3760,70
608233,Elephant,30283,206
608254,Mouse,3417,74
608260,Mouse,5050,79
608270,Mouse,3466,85
608313,Mouse,4441,79
608314,Elephant,164900,658
608340,Mouse,4005,75
608374,Mouse,3264,69
608428,Elephant,115103,547
608458,Mouse,4337,69
608506,Mouse,3483,71
608681,Mouse,5132,67
608733,Mouse,4689,73
608802,Mouse,4744,69
608917,Mouse,4446,69
608922,Elephant,242486,1277
609006,Mouse,4500,68
609045,Mouse,4723,68
609047,Elephant,429227,1285
609089,Mouse,3742,67
609123,Mouse,3889,64
609242,Mouse,3930,64
609281,Mouse,3625,64
609329,Mouse,3502,64
609424,Mouse,4298,65
609614,Mouse,4840,65
609661,Mouse,5003,65
609697,Mouse,3855,64
609772,Mouse,3969,67
609807,Mouse,4490,65
609925,Mouse,5486,74
609933,Mouse,3483,76
609966,Mouse,4408,68
610075,Mouse,4983,71
610153,Mouse,4246,77
610365,Mouse,3896,94
610374,Mouse,5316,99
610466,Elephant,156415,716
610471,Mouse,4495,98
610490,Elephant,510228,1213
610493,Mouse,3053,81
610550,Mouse,3653,66
610556,Mouse,3723,65
610573,Mouse,3859,64
610576,Mouse,3875,65
610603,Mouse,4770,65
610636,Mouse,4566,69
610664,Mouse,4955,65
610670,Mouse,3827,67
610744,Mouse,3679,75
610809,Mouse,3431,68
610844,Mouse,4804,68
610901,Mouse,3991,69
610915,Mouse,5612,74
610937,Mouse,4402,77
610943,Mouse,4381,79
610972,Mouse,3584,86
610997,Mouse,5066,92
611021,Mouse,4522,102
611052,Mouse,3434,102
611062,Mouse,4097,102
611087,Mouse,3314,94
611138,Mouse,5493,77
611179,Elephant,109240,570
611258,Mouse,3352,70
611267,Mouse,3996,69
611287,Mouse,4495,70
611310,Mouse,5213,80
611512,Mouse,3461,80
611548,Mouse,4668,92
611755,Mouse,3461,95
611766,Mouse,5772,102
611847,Mouse,4071,102
611859,Elephant,574628,1858
611869,Elephant,555603,1812
611893,Mouse,3499,81
612034,Mouse,5664,72
612036,Mouse,5122,71
612079,Mouse,5560,72
612192,Mouse,5468,69
612195,Mouse,5077,69
612241,Mouse,3754,72
612317,Mouse,5398,79
612429,Mouse,3101,72
612657,Elephant,554594,1787
612661,Mouse,3254,92
612892,Mouse,3789,69
612901,Elephant,291711,930
612929,Elephant,106652,705
613021,Mouse,5423,70
613056,Mouse,3933,70
613230,Mouse,4023,73
613292,Mouse,3392,79
613400,Mouse,5121,96
613456,Mouse,5089,104
613491,Elephant,147679,621
613496,Elephant,362850,1250
613521,Mouse,3320,75
613536,Mouse,4884,77
613545,Mouse,3475,70
613562,Mouse,5315,65
613589,Mouse,3320,66
613600,Mouse,5776,72
613617,Mouse,4962,72
613669,Mouse,3626,68
613684,Mouse,3231,65
613738,Mouse,4886,69
613860,Elephant,438086,1262
613871,Mouse,3495,69
613881,Mouse,4861,67
613899,Mouse,4027,70
614013,Mouse,4915,70
614052,Mouse,3715,68
614057,Elephant,125338,523
614210,Mouse,3162,64
614214,Mouse,5079,67
614218,Mouse,3857,64
614289,Elephant,233429,740
614353,Mouse,4156,64
614396,Mouse,4999,65
614497,Mouse,5181,65
614521,Mouse,3910,64
614569,Mouse,5067,65
614626,Mouse,3801,64
614681,Mouse,4681,65
614704,Mouse,5365,65
614714,Mouse,4833,65
614749,Mouse,3316,64
614787,Mouse,3158,64
614881,Mouse,5717,66
615010,Mouse,3131,64
615021,Mouse,3498,64
615061,Mouse,3859,64
615098,Mouse,3829,64
615120,Mouse,4538,69
615126,Mouse,5396,72
615139,Mouse,4476,76
615150,Mouse,4670,65
615315,Mouse,3080,67
615366,Mouse,5715,66
615372,Mouse,3894,64
615378,Mouse,3582,66
615427,Mouse,3964,66
615497,Mouse,3772,65
615528,Mouse,3771,70
615545,Mouse,3827,69
615645,Elephant,398717,977
615658,Mouse,5331,69
615690,Mouse,3726,64
615693,Mouse,3767,64
615881,Mouse,4896,66
615920,Mouse,5599,70
615939,Mouse,5087,65
616004,Mouse,4738,67
616016,Mouse,5456,70
616143,Mouse,4010,67
616274,Mouse,3060,71
616289,Mouse,4477,73
616322,Mouse,5304,73
616328,Elephant,343365,913
616410,Mouse,5018,68
616454,Mouse,3033,66
616467,Mouse,4396,65
616472,Mouse,5548,66
616500,Mouse,3702,65
616599,Mouse,3372,64
616699,Mouse,3393,67
616706,Mouse,3884,72
616712,Mouse,3873,73
616721,Mouse,4952,80
616742,Mouse,4738,69
616752,Mouse,3364,72
616943,Mouse,3755,67
616965,Mouse,4384,75
617008,Mouse,4001,74
617102,Mouse,3380,70
617165,Mouse,3065,70
617260,Mouse,5019,87
617315,Mouse,5173,89
617330,Elephant,510869,1171
617358,Mouse,4625,79
617390,Mouse,3989,72
617394,Elephant,354152,1087
617397,Mouse,3572,69
617443,Mouse,5214,67
617490,Mouse,4194,64
617595,Mouse,4838,70
617644,Mouse,5235,71
617704,Mouse,5804,75
617758,Mouse,5216,65
617803,Mouse,5483,68
617817,Mouse,4804,71
617892,Mouse,3910,73
617896,Mouse,5441,80
617982,Mouse,4155,79
617995,Mouse,4710,87
617999,Mouse,4042,85
618008,Mouse,4131,85
618021,Mouse,5109,90
618128,Mouse,3281,106
618135,Mouse,3213,90
618178,Mouse,3927,81
618191,Mouse,3869,77
618291,Mouse,5250,76
618378,Elephant,168711,835
618383,Mouse,5638,102
618394,Mouse,4612,100
618426,Mouse,5796,81
618432,Elephant,352781,1136
618435,Mouse,3145,74
618572,Mouse,3417,66
618631,Mouse,4547,71
618728,Mouse,4836,74
618760,Elephant,284025,1269
618772,Mouse,3807,73
618882,Mouse,5376,72
618979,Elephant,150829,860
619085,Mouse,4417,70
619099,Mouse,5693,75
619128,Mouse,3301,80
619248,Elephant,441316,1355
619346,Mouse,3689,67
619378,Mouse,3864,68
619381,Mouse,3838,71
619455,Mouse,3073,66
619482,Mouse,3632,64
619498,Mouse,3644,67
619504,Elephant,467289,1126
619634,Mouse,3331,64
619704,Mouse,3705,64
619763,Mouse,4875,65
619784,Mouse,3782,64
619793,Mouse,4254,64
619862,Mouse,3469,64
619879,Mouse,4891,65
619929,Mouse,3717,64
619959,Mouse,3087,64
619973,Mouse,5714,66
620054,Mouse,4381,67
620056,Mouse,4891,68
620091,Mouse,5043,65
620149,Mouse,5705,66
620172,Mouse,4288,65
620177,Mouse,3810,64
620193,Mouse,3239,64
620220,Mouse,3347,64
620249,Mouse,5123,65
620257,Mouse,5405,65
620330,Mouse,3241,64
620341,Mouse,3849,64
620358,Mouse,3756,64
620363,Mouse,3750,67
620474,Mouse,4611,68
620475,Mouse,5585,70
620479,Mouse,4296,69
620498,Mouse,3874,67
620536,Mouse,5335,70
620674,Mouse,4925,70
620744,Mouse,4729,79
620778,Mouse,3677,73
620886,Mouse,3364,69
620905,Mouse,5208,76
620939,Mouse,4101,84
620964,Mouse,5032,89
620969,Mouse,4430,95
621205,Mouse,5431,78
621380,Elephant,95523,762
621395,Mouse,5339,101
621452,Mouse,3644,101
621495,Mouse,5617,110
621582,Mouse,4453,116
621589,Mouse,5659,118
621595,Mouse,4416,124
621628,Mouse,4690,127
621680,Mouse,4049,113
621736,Mouse,4036,105
621788,Mouse,4999,108
621795,Mouse,5413,112
621871,Mouse,3178,76
621877,Mouse,4624,81
621895,Mouse,4461,77
621918,Elephant,494558,1706
621930,Mouse,3004,76
621969,Mouse,3061,74
622151,Mouse,5620,77
622166,Mouse,4387,79
622194,Mouse,5650,86
622228,Mouse,3269,90
622445,Elephant,505120,1972
622455,Mouse,3301,90
622546,Mouse,3424,68
622686,Mouse,3560,81
622762,Elephant,65807,538
622792,Mouse,4009,88
622892,Mouse,5106,76
622968,Mouse,5246,78
623028,Elephant,463920,1835
623057,Elephant,77710,575
623079,Mouse,3866,64
623183,Mouse,3525,65
623233,Mouse,4265,69
623317,Mouse,4521,67
623407,Mouse,4167,67
623467,Mouse,3955,72
623625,Mouse,3085,69
623747,Mouse,4798,78
623810,Mouse,4699,85
623899,Mouse,3246,91
624000,Mouse,5168,104
624071,Mouse,3048,96
624119,Elephant,389302,1085
624126,Mouse,3971,77
624138,Elephant,238891,855
624161,Mouse,3804,64
624199,Mouse,3581,64
624216,Mouse,3489,65
624227,Mouse,5277,65
624238,Mouse,3011,64
624278,Mouse,5587,67
624280,Mouse,4029,67
624284,Mouse,4952,68
624392,Mouse,3728,64
624424,Mouse,3681,65
624573,Mouse,3613,66
624611,Mouse,4117,64
624718,Mouse,4072,66
624733,Mouse,5238,65
624847,Mouse,5721,67
625033,Mouse,3019,64
625084,Mouse,3569,64
625178,Mouse,4782,65
625199,Mouse,5369,67
625211,Mouse,4584,68
625310,Mouse,5603,66
625387,Mouse,5814,71
625458,Mouse,5367,65
625497,Mouse,3368,66
625554,Mouse,3412,67
625559,Elephant,140735,546
625617,Mouse,5737,66
625642,Mouse,5669,66
625674,Mouse,4275,68
625770,Mouse,5004,65
625788,Mouse,3360,64
625902,Mouse,4354,65
625949,Mouse,3746,65
625993,Mouse,3250,65
626020,Mouse,4172,70
626032,Mouse,4039,65
626078,Mouse,4432,66
626101,Mouse,3450,66
626125,Mouse,3210,65
626139,Mouse,4859,69
626154,Mouse,3961,69
626196,Mouse,4761,69
626414,Mouse,4746,77
626640,Elephant,270194,834
626657,Mouse,3397,88
626688,Mouse,4373,78
626718,Mouse,3530,88
626802,Mouse,3756,73
626901,Mouse,5213,90
627034,Mouse,5735,110
627059,Mouse,5135,111
627071,Mouse,5592,113
627086,Elephant,575532,1572
627114,Mouse,3790,115
627165,Mouse,5481,91
627249,Mouse,4647,71
627282,Mouse,5256,65
627297,Mouse,5017,75
627307,Mouse,5090,67
627356,Mouse,4025,79
627358,Mouse,4680,75
627622,Elephant,283253,1293
627624,Elephant,252183,1108
627628,Mouse,3532,83
627636,Mouse,5647,89
627668,Mouse,5206,98
627672,Mouse,4650,74
627758,Mouse,3746,68
627774,Mouse,3705,67
627809,Mouse,3793,79
627884,Mouse,5727,77
627920,Mouse,5597,80
627939,Mouse,5164,80
627987,Elephant,179418,713
628143,Mouse,3392,70
628146,Mouse,3995,72
628365,Mouse,3194,101
628368,Elephant,599216,1890
628384,Elephant,248583,970
628414,Mouse,4708,83
628479,Mouse,5557,66
628498,Elephant,45890,413
628512,Mouse,3641,67
628593,Mouse,3027,67
628765,Elephant,132129,585
628787,Mouse,3560,64
628829,Mouse,3364,65
628894,Mouse,5227,69
628933,Mouse,4665,69
628959,Mouse,5107,65
629024,Mouse,4931,68
629163,Mouse,4668,69
629213,Mouse,4734,76
629214,Mouse,5637,70
629217,Mouse,3291,68
629344,Mouse,5362,65
629396,Elephant,30830,195
629401,Mouse,5383,67
629523,Mouse,4683,66
629524,Mouse,3274,66
629545,Mouse,5553,70
629569,Mouse,3724,66
629606,Mouse,4001,67
629641,Elephant,411156,990
629751,Mouse,4092,64
629822,Mouse,5286,65
629889,Elephant,47683,283
629917,Mouse,4493,65
630079,Mouse,4745,65
630084,Mouse,5705,66
630157,Mouse,3262,64
630248,Mouse,5479,66
630292,Mouse,3060,64
630402,Mouse,4417,65
630614,Mouse,4342,65
630753,Mouse,4358,69
630897,Mouse,5658,69
630898,Mouse,5675,70
630980,Mouse,3011,69
631002,Mouse,3184,70
631077,Mouse,4129,70
631274,Mouse,4675,80
631315,Mouse,4229,86
631353,Mouse,3239,99
631384,Mouse,4394,107
631418,Mouse,5458,114
631443,Mouse,5735,116
631458,Elephant,569209,1265
631506,Mouse,3539,87
631513,Mouse,3229,72
631535,Mouse,4183,67
631551,Mouse,3749,69
631565,Mouse,5437,66
631644,Mouse,4307,72
631706,Mouse,4632,68
631725,Mouse,3735,72
631827,Mouse,4713,72
631861,Mouse,5259,77
631963,Mouse,3150,86
632010,Elephant,465858,1412
632022,Mouse,4400,88
632035,Mouse,3020,88
632170,Mouse,5240,71
632189,Mouse,5136,65
632264,Elephant,342231,1068
632354,Mouse,4708,65
632360,Mouse,4699,65
632396,Mouse,5738,66
632447,Mouse,5765,67
632449,Mouse,3179,65
632462,Mouse,4391,69
632517,Mouse,3581,71
632525,Mouse,3802,68
632560,Mouse,5299,70
632584,Mouse,3969,66
632614,Mouse,3936,69
632773,Mouse,5714,69
632777,Mouse,4323,70
632798,Elephant,540790,1323
632844,Mouse,3530,64
632854,Mouse,4553,65
632957,Mouse,3102,64
632962,Mouse,3987,64
632984,Mouse,5087,65
633040,Mouse,5332,65
633058,Mouse,5506,66
633110,Mouse,3113,64
633455,Mouse,3982,64
633461,Mouse,4813,65
633507,Mouse,3999,64
633528,Mouse,5228,65
633563,Mouse,4627,65
633643,Mouse,3406,64
633648,Mouse,3764,64
633679,Mouse,5144,65
633720,Mouse,3190,67
633754,Mouse,4281,69
633766,Mouse,3805,64
633834,Mouse,5120,68
633857,Mouse,4376,65
634031,Mouse,3252,64
634120,Mouse,4383,66
634160,Mouse,4128,68
634206,Mouse,5800,77
634236,Mouse,4374,74
634273,Mouse,5064,84
634493,Mouse,3492,96
634591,Mouse,5626,105
634612,Mouse,3358,99
634725,Elephant,449534,1204
634734,Mouse,5182,74
634860,Elephant,449230,1268
634938,Mouse,5721,71
634964,Mouse,5444,66
635034,Mouse,3353,68
635087,Mouse,3126,68
635162,Elephant,193913,1039
635171,Mouse,4630,76
635208,Mouse,4067,70
635406,Elephant,290738,1127
635493,Mouse,5721,72
635742,Elephant,473795,1131
635829,Mouse,3247,64
635940,Mouse,5420,70
635955,Mouse,3478,69
636093,Mouse,3039,64
636125,Mouse,5333,69
636259,Mouse,5051,70
636297,Elephant,483039,1105
636383,Mouse,4651,65
636410,Mouse,4857,69
636448,Mouse,3472,68
636702,Mouse,3524,67
636720,Mouse,3157,64
636737,Mouse,4373,65
636754,Elephant,240074,401624
636775,Mouse,3481,65
636824,Mouse,3539,64
636988,Mouse,3497,67
637058,Mouse,4668,65
637097,Mouse,4193,68
637252,Mouse,4270,65
637294,Mouse,3757,67
637325,Mouse,5172,75
637336,Elephant,51770,295
637349,Mouse,5311,78
637415,Mouse,3830,79
637461,Mouse,5274,73
637524,Mouse,3141,75
637649,Mouse,5747,87
637756,Mouse,5692,104
637792,Mouse,4218,92
637930,Elephant,265363,942
637993,Elephant,374889,1099
638038,Mouse,4110,64
638119,Mouse,4733,69
638144,Mouse,3566,64
638149,Mouse,4482,65
638227,Mouse,5154,67
638240,Elephant,247665,1062
638272,Mouse,3723,66
638282,Mouse,4113,65
638303,Mouse,4467,65
638311,Mouse,5646,66
638317,Mouse,5620,66
638337,Mouse,3519,64
638522,Mouse,5292,65
638562,Mouse,5409,65
638591,Mouse,4772,65
638600,Mouse,5464,66
638763,Mouse,4069,67
638875,Mouse,5634,67
638906,Mouse,5510,72
638907,Mouse,3734,71
638946,Mouse,3830,69
638958,Mouse,3081,64
638965,Mouse,5266,65
639047,Mouse,3329,64
639081,Mouse,4107,70
639152,Mouse,4391,70
639243,Elephant,303873,853
639376,Mouse,4181,68
639398,Mouse,3024,68
639412,Mouse,4101,68
639463,Mouse,4207,71
639541,Mouse,5370,81
639767,Mouse,3557,88
639787,Elephant,288002,878
639792,Mouse,3804,82
639824,Mouse,5508,84
639960,Mouse,3460,74
640018,Mouse,4354,72
640148,Mouse,3118,86
640163,Mouse,3434,89
640221,Mouse,4353,99
640301,Elephant,194335,802
640308,Mouse,4937,89
640310,Mouse,5298,90
640342,Mouse,4754,80
640397,Mouse,5429,73
640432,Elephant,411244,1283
640474,Mouse,3773,66
640530,Mouse,5302,65
640568,Mouse,4881,65
640574,Mouse,3542,65
640649,Mouse,3501,64
640690,Mouse,3215,67
640705,Mouse,5349,65
640734,Mouse,5113,72
640745,Mouse,5765,78
640785,Mouse,4927,75
640865,Mouse,3130,68
640880,Elephant,550597,1686
640895,Mouse,3502,65
640936,Mouse,3182,64
640949,Mouse,3533,67
640999,Mouse,5152,70
641018,Mouse,5509,66
641024,Mouse,5179,65
641057,Mouse,3107,64
641094,Mouse,3530,64
641184,Mouse,4360,65
641396,Mouse,3447,71
641431,Mouse,3683,70
641503,Elephant,327606,887
641629,Mouse,5450,69
641632,Elephant,73379,372
641745,Mouse,5007,75
641821,Mouse,5344,72
641901,Mouse,4474,74
641915,Elephant,40086,252
642038,Mouse,3111,71
642047,Mouse,4653,76
642119,Mouse,4572,80
642150,Mouse,3739,75
642177,Mouse,5278,88
642194,Mouse,4155,87
642226,Mouse,4490,98
642249,Elephant,162336,663
642255,Mouse,5712,98
642270,Mouse,3510,99
642273,Mouse,3666,99
642334,Mouse,3690,87
642337,Mouse,4838,90
642372,Mouse,4830,69
642473,Mouse,3197,67
642495,Mouse,4761,75
642500,Mouse,5768,76
642568,Mouse,3824,88
642576,Elephant,558131,1350
642576,Mouse,3650,94
642582,Mouse,4169,83
642594,Mouse,4051,87
642609,Mouse,5435,79
642674,Mouse,3351,67
642682,Mouse,4342,70
642761,Elephant,201136,945
642767,Mouse,5295,66
642890,Mouse,4242,71
642921,Mouse,4385,69
643070,Mouse,4611,71
643112,Mouse,4928,81
643181,Mouse,4795,89
643232,Mouse,4042,84
643320,Elephant,257237,890
643358,Mouse,3361,66
643442,Mouse,4315,68
643522,Mouse,3109,67
643530,Elephant,392259,1189
643574,Mouse,3492,67
643693,Mouse,4777,69
643724,Mouse,4313,69
643823,Mouse,4090,69
643842,Mouse,5389,65
643912,Mouse,4908,70
643960,Mouse,4354,74
644074,Elephant,354279,1247
644087,Mouse,4279,77
644103,Mouse,4762,80
644132,Mouse,5696,83
644195,Mouse,4504,74
644228,Mouse,4058,71
644244,Mouse,3422,73
644268,Mouse,5002,77
644293,Mouse,5382,74
644308,Mouse,3358,79
644328,Mouse,3717,80
644388,Mouse,3157,78
644404,Mouse,3913,76
644411,Mouse,4246,77
644489,Mouse,3787,88
644514,Mouse,4597,95
644561,Mouse,5023,88
644600,Elephant,597620,1293
644600,Mouse,3530,83
644627,Mouse,4876,73
644657,Mouse,4650,65
644723,Mouse,5555,66
644760,Mouse,4849,65
644871,Mouse,3775,67
644988,Mouse,5645,69
644996,Mouse,4710,70
645015,Mouse,3581,73
645091,Mouse,3769,76
645134,Elephant,73440,394
645184,Mouse,3624,78
645206,Mouse,3181,75
645215,Mouse,3033,83
645216,Mouse,3269,83
645302,Mouse,3305,95
645372,Mouse,4407,94
645390,Mouse,3900,97
645495,Elephant,394683,1316
645562,Mouse,5152,78
645566,Mouse,5519,82
645595,Mouse,3705,78
645689,Mouse,4617,86
645770,Mouse,3415,93
645813,Mouse,5376,99
645878,Mouse,5444,102
645901,Mouse,5291,92
646012,Elephant,170069,1194
646073,Elephant,591495,2021
646120,Mouse,4533,69
646122,Mouse,4057,67
646206,Mouse,5300,71
646217,Elephant,220262,1025
646327,Mouse,3227,69
646396,Mouse,3754,75
646414,Mouse,4903,72
646471,Mouse,4195,71
646507,Mouse,3470,78
646655,Elephant,241701,835
646709,Mouse,4617,83
646723,Mouse,5217,79
646779,Mouse,3168,69
646819,Elephant,497664,1668
647031,Mouse,4669,69
647034,Elephant,237417,773
647060,Mouse,4874,66
647166,Mouse,5360,65
647225,Mouse,4950,65
647253,Mouse,3315,64
647294,Mouse,5562,66
647401,Mouse,5575,66
647404,Mouse,4437,65
647426,Mouse,3435,64
647459,Mouse,5172,70
647486,Mouse,3083,67
647549,Mouse,5567,68
647574,Mouse,3555,65
647602,Mouse,4701,73
647670,Mouse,4992,68
647674,Mouse,5538,69
647722,Mouse,3138,67
647876,Mouse,4802,79
648016,Mouse,3738,86
648060,Mouse,5386,95
648107,Mouse,5292,87
648121,Mouse,3231,83
648135,Elephant,419309,1088
648288,Mouse,4235,68
648308,Mouse,5564,70
648317,Mouse,5040,70
648330,Mouse,5156,71
648334,Elephant,292791,961
648443,Mouse,3435,65
648676,Mouse,5014,69
648713,Mouse,3583,68
648843,Mouse,4100,67
648906,Mouse,5445,76
648908,Mouse,5737,73
648939,Mouse,5814,71
648960,Mouse,4107,68
649011,Elephant,539766,1390
649062,Mouse,5283,65
649097,Mouse,3263,65
649160,Mouse,3562,64
649164,Mouse,3789,64
649188,Mouse,4860,65
649416,Mouse,5584,66
649445,Mouse,5423,70
649453,Mouse,5349,72
649555,Mouse,4605,65
649663,Mouse,5111,68
649888,Mouse,3055,67
649905,Mouse,4909,66
649923,Mouse,4412,71
650055,Mouse,5428,66
650071,Mouse,4207,67
650156,Mouse,5374,70
650157,Elephant,564814,1218
650249,Mouse,5545,66
650262,Mouse,5629,66
650302,Mouse,4083,64
650355,Mouse,3937,64
650448,Mouse,3534,64
650458,Mouse,3370,64
650463,Mouse,3064,64
650550,Mouse,5480,66
650585,Mouse,3558,64
650616,Mouse,5009,65
650644,Elephant,45485,278
650701,Mouse,3482,64
650705,Mouse,5012,65
650851,Mouse,4450,65
650877,Mouse,3719,64
650917,Mouse,3407,64
650956,Mouse,5444,66
650992,Mouse,3937,64
651055,Mouse,5812,66
651171,Mouse,3112,64
651207,Mouse,4424,65
651273,Mouse,3296,64
651310,Mouse,5337,65
651330,Mouse,5593,67
651332,Mouse,3663,66
651345,Mouse,3749,64
651400,Mouse,5093,65
651466,Mouse,4900,65
651544,Mouse,3934,64
651548,Mouse,4819,65
651597,Mouse,5304,70
651647,Mouse,5112,67
651681,Mouse,3173,66
651696,Mouse,3921,64
651940,Mouse,3754,65
651973,Mouse,3382,64
651994,Mouse,4317,69
652074,Mouse,5058,68
652138,Mouse,4581,69
652223,Mouse,5817,70
652278,Elephant,233681,725
652352,Mouse,4508,65
652434,Mouse,3724,71
652504,Mouse,4079,65
652580,Mouse,5789,68
652584,Elephant,58321,325
652630,Mouse,5565,73
652655,Mouse,3135,67
652693,Mouse,4704,69
652713,Mouse,5443,71
652752,Mouse,4099,70
652817,Mouse,4269,67
652832,Elephant,578619,1307
652832,Mouse,3577,67
652878,Mouse,3500,66
652881,Mouse,5320,67
652934,Mouse,3902,67
652953,Mouse,3898,64
652985,Mouse,3703,69
652987,Mouse,5509,71
653003,Mouse,4318,65
653051,Mouse,4101,64
653157,Mouse,3458,66
653190,Mouse,4777,67
653198,Mouse,3335,69
653298,Mouse,4959,70
653323,Mouse,5780,69
653512,Elephant,40838,289
653529,Mouse,5356,70
653675,Elephant,267141,989
653726,Mouse,3773,64
653770,Mouse,3615,64
653782,Mouse,4324,67
653796,Mouse,4228,71
653814,Mouse,5167,68
653911,Mouse,4934,69
653928,Mouse,5074,66
653949,Mouse,4021,70
654181,Elephant,512820,1162
654189,Mouse,4540,65
654320,Mouse,4061,64
654351,Mouse,3253,66
654461,Mouse,5009,66
654476,Mouse,4552,69
654484,Mouse,4140,69
654542,Mouse,5806,66
654565,Mouse,4815,68
654625,Mouse,3853,66
654673,Mouse,4733,68
654674,Mouse,4144,68
654728,Mouse,5435,73
654841,Mouse,5074,66
654871,Elephant,475194,1086
654885,Mouse,3765,65
654892,Mouse,3994,65
654953,Mouse,3592,64
654999,Mouse,4313,66
655047,Mouse,3172,69
655072,Mouse,3417,64
655078,Mouse,5295,65
655139,Mouse,3483,67
655243,Mouse,4770,65
655263,Mouse,5741,70
655297,Mouse,4122,64
655351,Mouse,4332,66
655400,Mouse,4101,68
655425,Mouse,4636,67
655462,Mouse,5040,71
655644,Mouse,5066,71
655722,Mouse,3255,84
655805,Mouse,3087,91
655810,Mouse,3244,94
655836,Mouse,4315,95
655851,Mouse,4382,98
655870,Mouse,5608,110
655960,Mouse,5725,85
655974,Elephant,431355,1123
655977,Mouse,4401,78
656031,Mouse,3387,71
656080,Elephant,393880,1280
656086,Mouse,3648,75
656097,Mouse,3715,76
656240,Elephant,93473,706
656333,Mouse,4184,69
656501,Mouse,3224,68
656602,Mouse,4440,77
656667,Mouse,4770,86
656714,Mouse,3202,93
656789,Mouse,4283,97
656848,Mouse,4083,90
656853,Mouse,3505,93
656901,Mouse,3801,87
657017,Mouse,4863,71
657084,Mouse,4680,86
657141,Mouse,5817,93
657180,Mouse,3464,91
657207,Mouse,4427,91
657216,Mouse,4469,89
657231,Mouse,3960,94
657272,Elephant,503180,1357
657532,Mouse,3990,98
657577,Mouse,5620,101
657587,Mouse,4581,108
657596,Mouse,3969,112
657618,Mouse,4305,109
657686,Mouse,3044,95
657723,Mouse,3703,91
657819,Elephant,593025,1872
657845,Mouse,4351,84
657849,Mouse,3404,81
657892,Mouse,5645,84
657901,Mouse,4453,85
658164,Mouse,4389,123
658168,Mouse,3286,117
658183,Mouse,4066,121
658256,Mouse,4782,98
658264,Mouse,3364,90
658281,Mouse,5555,86
658357,Mouse,4078,83
658374,Mouse,4683,84
658435,Mouse,5426,88
658539,Mouse,4584,96
658591,Mouse,4732,98
658611,Mouse,3385,101
658614,Elephant,213281,1329
658618,Elephant,479415,2362
658630,Mouse,4789,96
658646,Mouse,3415,95
658698,Mouse,3646,77
658703,Mouse,5839,82
658763,Mouse,3343,72
658776,Mouse,4916,79
658794,Mouse,4338,78
658816,Mouse,5100,81
659097,Elephant,456367,2146
659107,Mouse,3117,82
659177,Mouse,3250,81
659236,Mouse,5007,78
659263,Mouse,5411,81
659302,Mouse,3645,81
659317,Mouse,5011,88
659348,Mouse,3896,89
659381,Mouse,5017,85
659399,Mouse,4196,87
659436,Mouse,4819,88
659471,Elephant,483262,2259
659476,Mouse,3442,86
659494,Mouse,3543,74
659509,Mouse,4337,79
659532,Mouse,5739,71
659545,Mouse,3013,67
659555,Elephant,472083,1934
659693,Mouse,3334,64
659707,Mouse,3208,64
659730,Mouse,5530,67
659731,Mouse,3106,66
659769,Mouse,5536,66
659789,Mouse,5780,66
659815,Mouse,4439,65
659888,Mouse,3250,64
659914,Mouse,4651,65
659921,Mouse,5352,65
660016,Mouse,3985,64
660027,Mouse,3485,64
660238,Mouse,5761,66
660323,Mouse,5549,66
660495,Mouse,3750,66
660541,Mouse,4198,65
660588,Mouse,5627,66
660684,Mouse,5466,76
660710,Mouse,4240,73
660771,Elephant,186578,650
660777,Mouse,5633,73
660787,Elephant,351605,1033
660888,Mouse,3877,64
660941,Mouse,3193,64
661047,Mouse,3355,64
661157,Mouse,5231,65
661236,Mouse,3559,67
661365,Elephant,116181,498
661369,Mouse,4883,66
661394,Mouse,4255,64
661412,Mouse,4477,66
661429,Mouse,3838,64
661560,Mouse,5468,66
661570,Mouse,3938,64
661586,Mouse,4370,65
661594,Mouse,3484,67
661604,Mouse,4805,69
661649,Mouse,4527,66
661724,Mouse,4745,68
661738,Mouse,5433,73
661798,Mouse,4783,65
661809,Mouse,4875,68
661927,Mouse,4898,65
661969,Mouse,4647,73
662079,Mouse,5295,70
662101,Elephant,86463,426
662124,Mouse,4841,72
662124,Mouse,3849,72
662139,Mouse,5048,73
662152,Mouse,3831,65
662175,Mouse,4029,70
662208,Mouse,5380,72
662210,Mouse,4782,74
662227,Elephant,350436,913
662235,Mouse,4385,65
662254,Mouse,3281,73
662281,Mouse,4661,65
662300,Mouse,4301,65
662486,Mouse,4111,64
662517,Mouse,3118,64
662595,Mouse,4399,65
662621,Mouse,4932,65
662624,Mouse,3458,65
662803,Mouse,3772,64
662841,Mouse,3869,64
662878,Mouse,4652,65
662972,Mouse,4887,65
663054,Mouse,3191,64
663306,Mouse,5638,66
663429,Mouse,3436,64
663512,Mouse,4548,65
663541,Mouse,5163,65
663543,Mouse,3278,65
663642,Mouse,4906,69
663642,Mouse,4577,69
663647,Mouse,3560,64
663895,Mouse,3600,64
664008,Mouse,5758,66
664091,Mouse,5208,65
664200,Mouse,5134,72
664203,Mouse,5319,74
664309,Mouse,3481,64
664372,Elephant,138446,546
664546,Mouse,4117,64
664645,Mouse,5212,67
664648,Mouse,5565,68
664652,Mouse,4436,67
664785,Mouse,4987,65
664800,Mouse,5724,66
664806,Mouse,3632,66
664863,Mouse,3407,66
664948,Mouse,4500,71
664951,Mouse,5188,73
664960,Mouse,3286,64
665056,Mouse,3704,64
665067,Mouse,5009,69
665227,Mouse,4961,69
665274,Mouse,3043,69
665275,Mouse,3939,68
665289,Mouse,3804,67
665319,Mouse,3663,68
665493,Mouse,4069,64
665537,Mouse,4296,65
665550,Elephant,498212,1108
665656,Mouse,4505,65
665682,Mouse,3441,64
665742,Mouse,3363,64
665818,Mouse,5702,66
665823,Mouse,5588,66
665838,Mouse,4753,65
665883,Mouse,4780,66
665889,Mouse,4220,67
665947,Mouse,3712,64
665974,Mouse,5607,68
666130,Mouse,5489,72
666152,Mouse,4765,69
666240,Mouse,4238,64
666296,Mouse,5235,71
666324,Mouse,4176,67
666365,Mouse,4913,69
666402,Mouse,3126,66
666491,Mouse,5556,69
666517,Mouse,3993,72
666532,Elephant,375218,1054
666572,Mouse,3385,70
666649,Mouse,3945,67
666672,Mouse,3079,66
666744,Mouse,5565,66
666807,Elephant,286607,858
666849,Mouse,5144,65
666907,Mouse,5043,65
666941,Mouse,4464,65
666966,Mouse,5208,65
667010,Mouse,3496,64
667033,Mouse,5670,66
667045,Mouse,3861,64
667067,Mouse,4004,64
667137,Mouse,4673,65
667166,Mouse,3897,64
667195,Mouse,4164,64
667251,Mouse,3483,64
667379,Mouse,4113,64
667400,Mouse,4736,65
667426,Mouse,4852,65
667461,Mouse,3393,64
667500,Mouse,5684,66
667546,Mouse,4744,65
667680,Mouse,3993,64
667755,Mouse,4717,65
667856,Mouse,4522,68
667980,Mouse,4294,68
668023,Mouse,4288,73
668226,Mouse,3922,103
668281,Mouse,4378,125
668330,Mouse,4453,132
668431,Mouse,4299,120
668483,Mouse,3213,94
668506,Elephant,543755,1351
668546,Mouse,4806,94
668550,Mouse,3296,92
668567,Mouse,4090,79
668623,Mouse,5308,96
668658,Elephant,129021,827
668721,Mouse,4371,75
668864,Mouse,3504,84
668943,Mouse,3451,95
668981,Mouse,5684,103
668989,Mouse,3475,105
669014,Elephant,264599,1272
669040,Mouse,3171,97
669066,Elephant,109139,622
669224,Mouse,3243,65
669250,Mouse,4834,68
669290,Mouse,5408,73
669299,Elephant,139748,848
669379,Mouse,5112,69
669394,Mouse,3607,68
669424,Mouse,5101,76
669459,Mouse,4662,72
669531,Mouse,3923,69
669540,Mouse,4689,74
669560,Mouse,4232,70
669572,Mouse,4013,72
669613,Mouse,3399,71
669629,Mouse,3058,73
669637,Mouse,4628,74
669790,Elephant,516745,1874
669840,Mouse,3425,64
669874,Mouse,3777,64
670029,Mouse,4999,65
670125,Mouse,5092,67
670132,Mouse,3332,65
670146,Mouse,3648,64
670179,Mouse,4647,65
670189,Mouse,5572,68
670296,Mouse,4450,68
670297,Mouse,3912,68
670324,Mouse,5802,67
670361,Mouse,4137,64
670497,Mouse,4809,65
670571,Mouse,4233,68
670581,Mouse,4041,66
670760,Mouse,3530,66
670785,Elephant,120187,498
670924,Mouse,5284,65
671124,Mouse,4101,65
671188,Mouse,5702,66
671212,Mouse,3154,69
671227,Mouse,4568,65
671290,Mouse,4928,69
671368,Mouse,4833,73
671445,Elephant,126060,554
671481,Mouse,5547,70
671541,Mouse,5426,67
671562,Mouse,4844,67
671656,Mouse,4593,68
671679,Mouse,4348,65
671717,Mouse,5315,68
671780,Mouse,3221,67
671814,Elephant,344934,1026
671882,Mouse,4721,65
671917,Mouse,4339,65
671931,Mouse,5750,67
671949,Mouse,5475,66
671955,Mouse,4643,65
671964,Mouse,5395,65
671995,Mouse,4693,65
672049,Mouse,3776,64
672076,Mouse,5615,66
672093,Mouse,3753,65
672178,Mouse,3834,64
672187,Mouse,4554,65
672206,Mouse,3698,66
672224,Mouse,5167,65
672256,Mouse,3983,64
672405,Elephant,202741,711
672416,Mouse,4847,65
672525,Mouse,5372,65
672535,Mouse,3354,64
672575,Mouse,5757,66
672658,Mouse,4425,69
672666,Mouse,4640,72
672669,Mouse,4219,73
672686,Mouse,3770,64
672764,Mouse,4167,64
672799,Mouse,4604,65
672963,Mouse,3268,68
673000,Mouse,3364,67
673023,Mouse,5207,65
673054,Mouse,4065,68
673102,Mouse,5017,74
673116,Mouse,5345,80
673184,Mouse,3475,64
673207,Mouse,3797,71
673267,Mouse,5645,73
673284,Elephant,95664,466
673441,Mouse,5366,69
673461,Elephant,382872,959
673558,Mouse,5540,66
673814,Mouse,3957,64
673883,Mouse,3101,64
673890,Mouse,5399,65
673918,Mouse,3947,64
673982,Mouse,5426,65
674112,Mouse,5434,70
674160,Mouse,4526,65
674205,Mouse,3958,64
674227,Mouse,4107,66
674381,Mouse,3347,64
674429,Mouse,4477,65
674588,Mouse,4052,73
674608,Mouse,5640,73
674714,Mouse,3161,67
674720,Elephant,124789,513
674723,Mouse,4310,72
674732,Mouse,5704,74
674750,Mouse,3855,68
674816,Mouse,5430,67
674827,Elephant,289213,833
674836,Mouse,3929,67
675032,Mouse,5203,65
675043,Mouse,5188,65
675097,Mouse,4953,65
675146,Mouse,5401,65
675167,Mouse,3515,64
675209,Mouse,5555,66
675273,Mouse,4101,64
675335,Mouse,5389,66
675338,Mouse,3244,64
675421,Mouse,4706,65
675491,Mouse,5694,66
675542,Mouse,3354,66
675714,Mouse,5016,69
675787,Mouse,3782,64
675831,Mouse,3040,66
675867,Mouse,4784,76
675870,Mouse,3205,70
675928,Mouse,5193,70
675979,Mouse,5196,73
676200,Mouse,5759,89
676221,Mouse,4250,93
676232,Elephant,96135,497
676249,Mouse,5581,95
676254,Mouse,4438,95
676296,Mouse,5109,93
676305,Mouse,3551,89
676327,Elephant,272037,859
676414,Mouse,5674,70
676482,Mouse,3502,65
676489,Mouse,4590,71
676508,Mouse,3502,64
676525,Mouse,3921,66
676568,Mouse,3870,66
676576,Mouse,3017,64
676603,Mouse,4796,78
676663,Mouse,4132,65
676711,Elephant,587600,1450
676712,Mouse,3844,69
676730,Mouse,3606,66
676840,Mouse,3766,64
676857,Mouse,4968,65
676874,Mouse,3304,64
677012,Mouse,4972,65
677035,Mouse,4970,72
677039,Mouse,3885,73
677096,Mouse,5731,66
677118,Mouse,4832,68
677133,Mouse,3813,68
677153,Mouse,5355,70
677178,Mouse,5329,73
677237,Mouse,4219,70
677244,Mouse,5491,75
677246,Mouse,5446,77
677254,Mouse,5586,78
677282,Mouse,5214,84
677319,Mouse,4757,84
677329,Mouse,5414,92
677386,Mouse,5176,73
677429,Mouse,4481,70
677435,Mouse,4217,73
677565,Mouse,4518,74
677567,Mouse,3100,73
677591,Elephant,481985,1123
677685,Mouse,3248,73
677693,Mouse,4785,65
677702,Mouse,3247,64
677724,Mouse,3350,71
677737,Mouse,5410,74
677763,Mouse,3671,69
677841,Mouse,4934,69
677959,Mouse,5279,72
678005,Mouse,3344,69
678057,Mouse,3589,66
678082,Elephant,122089,522
678115,Mouse,3101,68
678143,Mouse,3134,66
678171,Mouse,4837,66
678180,Mouse,5283,71
678205,Mouse,4843,67
678214,Mouse,5083,67
678359,Mouse,3244,66
678409,Elephant,595594,1444
678523,Mouse,3011,64
678619,Mouse,4331,65
678624,Mouse,3847,64
678698,Mouse,5609,66
678774,Mouse,3029,66
678806,Mouse,5210,67
678834,Mouse,4291,65
678867,Mouse,4592,65
678895,Elephant,114680,495
678902,Mouse,5534,67
678932,Mouse,4964,65
679059,Mouse,4177,64
679095,Mouse,5492,66
679106,Mouse,5614,68
679108,Mouse,3698,66
679142,Mouse,5739,66
679184,Mouse,3718,66
679187,Mouse,4185,67
679191,Mouse,4942,70
679222,Mouse,3816,64
679257,Mouse,5255,65
679541,Mouse,4272,65
679572,Mouse,3882,64
679585,Mouse,3218,64
679683,Mouse,3813,64
679760,Mouse,3877,64
679764,Mouse,4485,66
679770,Mouse,5303,65
679794,Mouse,3524,64
679836,Mouse,4632,65
679907,Mouse,4936,65
679969,Mouse,3510,64
679978,Mouse,5574,66
679996,Mouse,4602,65
680042,Mouse,5629,66
680092,Mouse,4098,64
680153,Mouse,3233,67
680169,Mouse,4308,65
680231,Mouse,4950,65
680259,Mouse,4002,64
680266,Mouse,3940,64
680353,Mouse,3852,64
680452,Mouse,4320,69
680476,Mouse,4482,75
680546,Mouse,4924,71
680557,Mouse,5362,79
680681,Mouse,4037,86
680731,Mouse,4076,96
680784,Mouse,4375,104
680963,Mouse,4158,76
681067,Elephant,82934,592
681122,Mouse,4182,80
681143,Mouse,4432,84
681224,Mouse,5788,101
681242,Mouse,3885,100
681310,Mouse,3131,99
681354,Mouse,3259,95
681421,Mouse,5007,90
681429,Mouse,3343,91
681475,Mouse,4000,97
681487,Mouse,4064,98
681626,Elephant,436312,1623
681632,Mouse,3224,88
681644,Mouse,5239,85
681699,Mouse,3936,84
681754,Mouse,4012,79
681767,Mouse,4544,86
681839,Mouse,4223,92
681913,Mouse,3243,84
682135,Mouse,5635,114
682153,Elephant,453574,2026
682171,Mouse,4088,102
682199,Mouse,5750,82
682223,Mouse,4924,86
682237,Mouse,5054,81
682297,Mouse,3736,86
682300,Mouse,4424,87
682377,Mouse,4614,87
682408,Elephant,509256,2232
682482,Mouse,4859,90
682741,Mouse,3458,99
682782,Elephant,384350,2210
682803,Mouse,5790,88
682857,Mouse,5627,74
682876,Mouse,4794,78
682999,Mouse,5399,79
683044,Mouse,5032,92
683082,Mouse,4252,101
683098,Mouse,3673,102
683104,Elephant,280182,1640
683118,Mouse,3294,93
683193,Mouse,4474,71
683209,Elephant,486072,1919
683213,Mouse,3552,66
683363,Elephant,466162,2253
683383,Mouse,3336,64
683520,Mouse,5037,78
683539,Mouse,5133,82
683630,Mouse,5768,90
683660,Mouse,5120,89
683670,Mouse,4433,88
683692,Mouse,4887,87
683750,Mouse,4712,81
683840,Mouse,3068,88
683950,Mouse,5833,102
683993,Elephant,470074,1863
684008,Mouse,4802,93
684201,Mouse,5527,78
684232,Mouse,4934,83
684250,Mouse,4049,85
684336,Mouse,4156,98
684357,Mouse,5098,108
684381,Mouse,3868,95
684460,Mouse,3480,79
684542,Elephant,158806,1190
684567,Mouse,4458,81
684627,Mouse,3858,89
684722,Mouse,5050,92
684740,Mouse,5099,98
684804,Mouse,5412,102
684825,Elephant,213510,1233
684864,Mouse,3259,81
685013,Mouse,4912,73
685061,Elephant,389390,1681
685110,Mouse,5362,71
685137,Mouse,3381,70
685152,Mouse,3157,65
685234,Mouse,4769,76
685242,Mouse,3413,76
685250,Mouse,3347,80
685265,Mouse,3365,76
685332,Mouse,3181,86
685344,Mouse,5410,89
685366,Mouse,3208,88
685395,Elephant,439224,1808
685398,Mouse,3693,87
685413,Elephant,426270,2190
685441,Mouse,4670,84
685468,Mouse,3771,65
685474,Mouse,4943,70
685476,Mouse,3051,70
685539,Mouse,3017,64
685590,Mouse,3131,64
685626,Mouse,5370,67
685668,Mouse,5320,68
685686,Mouse,3601,64
685783,Elephant,113030,632
685810,Mouse,4031,64
685825,Mouse,3931,65
685929,Mouse,3142,68
685934,Mouse,4994,72
685966,Mouse,3455,68
685972,Mouse,4566,70
685980,Mouse,4365,65
686033,Mouse,3269,64
686038,Mouse,5422,66
686053,Mouse,3648,67
686095,Mouse,3864,71
686096,Mouse,5713,73
686125,Mouse,5348,65
686217,Mouse,3215,65
686448,Mouse,5374,74
686457,Mouse,3998,73
686552,Mouse,5294,72
686617,Mouse,3358,80
686618,Elephant,148717,616
686632,Mouse,3835,75
686671,Elephant,419090,1036
686822,Mouse,5666,67
686887,Mouse,3647,64
686971,Mouse,3388,64
686988,Mouse,3605,64
687037,Mouse,5828,67
687140,Mouse,3821,64
687169,Mouse,5791,67
687248,Mouse,5181,65
687284,Mouse,5524,66
687394,Mouse,5499,67
687397,Mouse,4578,66
687585,Mouse,4623,65
687642,Mouse,3980,64
687679,Mouse,5246,65
687685,Mouse,5168,67
687841,Mouse,3493,64
687909,Mouse,4704,69
687947,Mouse,3497,67
688043,Mouse,3773,65
688044,Mouse,3383,65
688057,Mouse,4209,64
688096,Mouse,4740,65
688109,Mouse,5561,67
688146,Mouse,3717,64
688183,Mouse,3217,64
688194,Mouse,5533,67
688258,Mouse,3094,67
688314,Mouse,3698,64
688333,Mouse,3639,68
688531,Mouse,3674,67
688533,Mouse,3093,67
688590,Mouse,3165,64
688782,Mouse,4232,68
688805,Mouse,4919,73
688826,Elephant,468709,1073
688908,Mouse,3451,64
688960,Mouse,4946,65
688985,Mouse,5064,69
689006,Mouse,4396,65
689118,Mouse,4258,66
689125,Mouse,3279,68
689193,Mouse,3642,64
689200,Mouse,5495,67
689238,Mouse,4348,67
689313,Mouse,3730,72
689331,Mouse,3620,67
689441,Mouse,5087,74
689443,Mouse,3212,74
689609,Elephant,528819,1182
689624,Mouse,4564,78
689703,Elephant,82021,431
689741,Mouse,4113,64
689855,Mouse,4689,67
689902,Mouse,3058,68
689940,Mouse,4174,67
689962,Mouse,5536,72
689976,Mouse,4843,74
689994,Mouse,4985,72
690029,Mouse,4767,71
690040,Mouse,4194,69
690078,Mouse,5592,71
690190,Mouse,5262,73
690214,Elephant,393907,1020
690219,Mouse,3573,67
690256,Mouse,5221,81
690284,Mouse,5422,68
690429,Mouse,3211,66
690467,Mouse,4295,68
690550,Mouse,5808,75
690737,Elephant,401531,1011
690921,Mouse,5295,67
690940,Mouse,3147,73
690990,Mouse,3131,76
691030,Mouse,3992,66
691089,Mouse,5490,71
691155,Mouse,3350,78
691187,Elephant,401559,1121
691309,Elephant,111557,516
691449,Mouse,3281,64
691644,Mouse,5762,73
691660,Mouse,3958,73
691686,Mouse,4617,74
691720,Elephant,109784,581
691761,Elephant,265825,823
691781,Mouse,4316,67
691785,Mouse,3151,68
691795,Mouse,3963,64
691853,Mouse,4747,67
691901,Mouse,5530,69
691952,Mouse,3397,71
691967,Mouse,3360,64
692082,Mouse,5096,68
692097,Mouse,4370,71
692150,Mouse,3539,64
692166,Mouse,4538,65
692294,Mouse,3236,68
692296,Mouse,5110,70
692303,Mouse,3291,69
692349,Mouse,3222,70
692418,Mouse,3430,70
692543,Mouse,5834,83
692585,Mouse,3573,89
692595,Mouse,3300,94
692608,Mouse,3347,99
692616,Mouse,4040,102
692654,Mouse,3707,109
692670,Mouse,5508,113
692723,Elephant,529203,1239
692754,Mouse,5272,82
692763,Mouse,5663,82
692808,Mouse,3272,64
692829,Mouse,5036,65
692861,Mouse,4158,66
692903,Mouse,3048,66
692906,Elephant,156586,749
692914,Mouse,3550,65
692931,Mouse,4590,68
692970,Mouse,3356,65
692986,Mouse,3480,65
693016,Mouse,5384,67
693160,Mouse,4473,65
693174,Mouse,4344,65
693222,Mouse,5457,69
693326,Mouse,3837,68
693408,Mouse,5466,73
693411,Mouse,4793,73
693495,Mouse,4868,66
693530,Mouse,3835,66
693568,Elephant,520646,1488
693582,Mouse,3755,65
693700,Mouse,3538,64
693714,Mouse,4631,65
693838,Mouse,5199,65
693930,Mouse,5772,67
694039,Mouse,5451,66
694085,Mouse,4829,67
694151,Mouse,4498,68
694202,Mouse,3841,70
694219,Mouse,5281,73
694238,Mouse,5051,70
694399,Elephant,129227,533
694405,Mouse,4439,65
694409,Mouse,3610,64
694493,Mouse,3172,64
694531,Mouse,4693,65
694604,Mouse,4163,66
694736,Mouse,5135,72
694740,Mouse,3326,72
694819,Mouse,5665,70
694991,Elephant,545634,1287
695053,Mouse,5043,65
695128,Mouse,4345,69
695161,Elephant,138534,546
695165,Mouse,4060,65
695244,Mouse,3079,64
695279,Mouse,5805,66
695333,Mouse,5033,65
695366,Mouse,3728,64
695380,Mouse,3119,64
695395,Mouse,4210,64
695490,Mouse,5734,66
695609,Mouse,3405,64
695686,Mouse,5777,66
695690,Mouse,4377,65
695713,Mouse,4449,65
695776,Mouse,3315,64
695809,Mouse,4316,65
695831,Mouse,4612,65
695862,Mouse,3044,64
695939,Mouse,5708,67
695941,Mouse,3259,65
696104,Mouse,3167,64
696136,Mouse,5216,65
696170,Mouse,5470,66
696321,Mouse,4245,64
696385,Mouse,5696,66
696418,Mouse,3078,64
696531,Mouse,4344,65
696602,Mouse,4662,65
696642,Mouse,4287,65
696717,Mouse,3975,64
696737,Mouse,5780,68
696802,Mouse,5042,65
696812,Mouse,5808,66
696849,Mouse,4222,64
696889,Elephant,240352,734
696946,Mouse,4068,64
696955,Mouse,3910,64
696999,Mouse,5362,66
697026,Mouse,3057,64
697111,Mouse,3922,66
697114,Mouse,3164,65
697123,Mouse,4963,68
697216,Mouse,3134,70
697229,Mouse,3152,66
697290,Mouse,3632,70
697465,Elephant,185084,651
697468,Mouse,3944,75
697509,Mouse,5036,82
697513,Mouse,5061,77
697574,Mouse,4836,72
697625,Elephant,168434,627
697661,Mouse,3901,73
697712,Mouse,4283,65
697859,Mouse,5184,73
697874,Mouse,4411,72
698133,Mouse,3555,103
698241,Mouse,5078,84
698261,Mouse,3521,82
698280,Mouse,3038,81
698284,Elephant,458528,1228
698333,Mouse,4953,69
698381,Mouse,5359,77
698423,Mouse,3591,71
698443,Mouse,5181,79
698491,Mouse,4200,73
698519,Mouse,5675,84
698530,Mouse,4897,88
698561,Mouse,5336,85
698631,Elephant,255564,1107
698654,Mouse,3375,89
698676,Mouse,5753,77
698708,Mouse,3099,68
698830,Mouse,5133,68
698878,Mouse,4496,70
698891,Elephant,273124,1015
698936,Mouse,3497,67
698940,Mouse,4600,67
699001,Mouse,4494,74
699056,Mouse,5822,76
699070,Mouse,3371,67
699074,Elephant,168132,821
699132,Mouse,3912,67
699221,Mouse,3074,66
699234,Mouse,4562,72
699365,Mouse,5235,66
699372,Mouse,3925,65
699410,Mouse,3098,64
699417,Mouse,3247,67
699442,Mouse,3929,67
699513,Mouse,5280,69
699579,Elephant,584292,1358
699601,Mouse,4290,65
699634,Mouse,3908,64
699794,Mouse,3772,64
699948,Mouse,5311,65
699969,Mouse,3176,64
700067,Mouse,4054,64
700475,Mouse,3430,66
700517,Mouse,4944,69
700537,Mouse,3480,64
700612,Mouse,4482,70
700764,Elephant,262835,801
700765,Mouse,4312,86
700778,Mouse,3760,85
700888,Mouse,5742,75
700924,Mouse,3132,66
701037,Mouse,3327,68
701072,Mouse,3498,69
701128,Mouse,4942,81
701194,Elephant,93313,466
701198,Mouse,5666,88
701241,Mouse,5631,97
701297,Mouse,5093,75
701308,Mouse,4427,80
701406,Mouse,5416,85
701434,Elephant,435636,1364
701512,Mouse,5456,73
701580,Mouse,4709,72
701604,Mouse,5213,79
701740,Mouse,4042,82
701815,Mouse,4796,94
701854,Mouse,3804,96
701878,Mouse,3608,96
701921,Elephant,334615,1330
701937,Mouse,4051,79
702100,Mouse,3805,67
702130,Mouse,3990,67
702143,Elephant,541582,1707
702165,Mouse,3202,67
702177,Mouse,4038,69
702195,Elephant,275276,1016
702313,Mouse,5703,67
702341,Mouse,5727,66
702362,Mouse,4731,65
702395,Mouse,3749,67
702443,Mouse,4237,64
702469,Mouse,4150,64
702476,Mouse,4674,67
702489,Mouse,5728,69
702535,Mouse,5133,72
702549,Mouse,4626,65
702573,Mouse,3161,66
702653,Mouse,3002,66
702821,Mouse,3465,65
702913,Mouse,3571,67
702979,Mouse,3823,64
703117,Mouse,3442,64
703192,Mouse,3804,70
703275,Mouse,5757,70
703291,Mouse,3916,73
703381,Elephant,582793,1227
703455,Mouse,3062,65
703485,Mouse,3786,64
703519,Mouse,3513,64
703529,Mouse,3311,64
703573,Mouse,4257,65
703728,Mouse,3801,73
703740,Mouse,5160,75
703743,Mouse,3907,70
703772,Mouse,4259,71
703779,Mouse,3786,74
704031,Mouse,4592,77
704045,Mouse,5475,78
704093,Mouse,4272,80
704160,Mouse,4877,73
704241,Mouse,4344,81
704246,Elephant,485773,1126
704257,Mouse,3977,72
704276,Mouse,4178,75
704313,Mouse,3694,73
704324,Mouse,4980,75
704363,Mouse,5590,71
704395,Mouse,4959,67
704402,Mouse,4493,67
704489,Mouse,4451,70
704498,Mouse,5611,69
704499,Elephant,319974,897
704530,Mouse,5687,68
704544,Mouse,3835,66
704575,Mouse,5054,66
704581,Mouse,5361,65
704651,Mouse,5348,65
704702,Mouse,4926,65
704780,Mouse,3276,64
704884,Mouse,4449,65
704975,Mouse,4338,65
705028,Mouse,4406,68
705123,Mouse,5176,70
705283,Mouse,4080,66
705351,Mouse,4508,69
705413,Mouse,4953,68
705447,Mouse,5010,68
705465,Mouse,4708,66
705477,Mouse,5629,70
705519,Elephant,345112,903
705557,Mouse,5221,65
705568,Mouse,5224,65
705624,Mouse,3672,64
705671,Mouse,4619,65
705679,Mouse,4758,65
705709,Mouse,3874,64
705815,Mouse,3920,64
705822,Mouse,5415,65
705830,Mouse,4088,64
705901,Mouse,4136,64
706056,Mouse,3298,64
706125,Mouse,5827,66
706224,Mouse,4083,64
706242,Mouse,3558,64
706249,Mouse,4662,65
706368,Mouse,5332,65
706384,Mouse,3233,64
706486,Mouse,3035,64
706616,Mouse,5776,70
706646,Mouse,3366,67
706647,Mouse,3976,68
706650,Mouse,5068,70
706660,Mouse,3707,70
706772,Mouse,3923,72
706859,Mouse,5242,78
706883,Mouse,5008,77
706949,Mouse,4264,89
706960,Mouse,3665,91
707014,Mouse,3788,85
707046,Mouse,5266,91
707070,Mouse,5610,78
707111,Mouse,3516,77
707195,Mouse,4369,76
707322,Mouse,5607,104
707449,Mouse,5502,83
707470,Elephant,251859,1013
707472,Elephant,121188,749
707495,Mouse,4793,77
707567,Mouse,3415,67
707665,Mouse,5445,79
707666,Mouse,4165,78
707683,Elephant,238914,1125
707688,Mouse,3828,72
707749,Mouse,4773,74
707760,Elephant,261754,1171
707814,Mouse,3520,67
707821,Mouse,4632,72
707894,Mouse,3766,64
707958,Elephant,405316,1439
707992,Elephant,64147,340
708062,Mouse,5173,65
708112,Mouse,4600,65
708204,Mouse,4546,65
708231,Mouse,4470,65
708400,Mouse,5001,65
708482,Mouse,3716,64
708512,Mouse,4200,64
708539,Mouse,4406,69
708542,Mouse,5621,71
708545,Mouse,3805,70
708588,Mouse,5502,73
708590,Mouse,4459,74
708597,Mouse,4017,64
708602,Mouse,4948,66
708646,Mouse,5439,66
708655,Mouse,3386,64
708712,Mouse,5112,65
708729,Mouse,4694,65
708772,Mouse,3518,64
708804,Mouse,3927,64
708843,Mouse,5568,66
708914,Mouse,3884,67
708916,Mouse,4709,68
708983,Mouse,4783,72
709008,Mouse,4103,68
709072,Mouse,4413,76
709081,Mouse,3618,74
709151,Mouse,4114,66
709256,Mouse,4195,73
709342,Mouse,5088,74
709359,Mouse,4975,78
709367,Mouse,5572,81
709468,Mouse,5628,91
709665,Mouse,4510,98
709705,Elephant,527928,1238
709728,Mouse,4294,88
709892,Mouse,5125,69
709914,Mouse,5735,70
709970,Mouse,5331,76
710058,Mouse,5568,70
710114,Mouse,4259,72
710130,Elephant,298521,1032
710134,Mouse,4922,76
710173,Mouse,3431,67
710187,Mouse,5296,65
710265,Mouse,4167,64
710286,Mouse,4358,65
710357,Mouse,5035,65
710396,Mouse,3121,65
710428,Elephant,554952,1521
710551,Mouse,5235,65
710554,Mouse,3312,65
710602,Mouse,5519,66
710604,Mouse,3273,64
710690,Mouse,3033,64
710729,Mouse,4836,65
710814,Mouse,4481,69
710878,Mouse,3912,70
710903,Mouse,4883,69
710906,Mouse,3782,68
710968,Mouse,5603,69
710981,Mouse,3376,73
711000,Mouse,3376,69
711008,Mouse,5120,75
711048,Mouse,4493,73
711250,Mouse,3359,99
711258,Mouse,3610,104
711302,Elephant,293458,885
711324,Mouse,5615,107
711375,Mouse,4175,81
711378,Mouse,3460,82
711409,Mouse,3932,64
711466,Mouse,4349,68
711481,Mouse,3237,70
711516,Mouse,4520,72
711560,Mouse,3212,68
711586,Mouse,4518,76
711691,Mouse,4983,89
711698,Elephant,328235,1127
711707,Mouse,5026,91
711788,Mouse,3334,77
711866,Mouse,4077,78
711867,Mouse,5711,80
711897,Mouse,3565,81
711947,Elephant,246983,1139
711951,Mouse,5177,97
711962,Mouse,4867,96
712102,Mouse,5582,67
712187,Mouse,3372,72
712271,Mouse,5639,89
712314,Mouse,3755,95
712338,Mouse,5308,102
712364,Mouse,4609,108
712393,Mouse,3150,110
712439,Elephant,353323,1205
712446,Mouse,4343,99
712484,Mouse,4124,73
712554,Mouse,5557,68
712585,Mouse,5165,67
712653,Elephant,372283,1643
712682,Mouse,4079,73
712743,Mouse,5817,78
712775,Mouse,4095,73
712865,Mouse,4471,90
712973,Mouse,4469,96
713001,Mouse,4550,96
713078,Mouse,4756,78
713223,Mouse,5201,92
713264,Mouse,5476,108
713322,Mouse,4313,113
713339,Mouse,4349,121
713347,Mouse,5183,118
713372,Mouse,5360,104
713406,Mouse,4242,100
713517,Elephant,95866,791
713599,Mouse,4337,74
713611,Mouse,3085,74
713654,Mouse,5269,86
713706,Elephant,459804,1872
713714,Mouse,3977,95
713733,Mouse,3681,88
713737,Mouse,3503,85
713778,Mouse,3006,77
713948,Mouse,5616,70
714001,Mouse,4726,69
714016,Mouse,4379,76
714023,Elephant,394213,1930
714084,Mouse,3805,72
714140,Mouse,5553,70
714164,Mouse,4028,67
714189,Elephant,76866,383
714214,Mouse,4231,70
714234,Mouse,3821,69
714236,Mouse,5463,70
714301,Elephant,499506,2163
714331,Mouse,3128,64
714387,Mouse,4327,68
714409,Mouse,3668,64
714422,Mouse,3959,65
714437,Mouse,3070,64
714530,Mouse,3441,64
714643,Mouse,3893,67
714748,Mouse,5408,66
714754,Mouse,3127,64
714792,Mouse,5477,66
714849,Mouse,3282,64
715169,Elephant,365597,941
715247,Mouse,4968,66
715276,Mouse,4859,65
715408,Mouse,5448,67
715443,Mouse,5304,71
715470,Mouse,3067,73
715508,Elephant,208390,680
715512,Mouse,5658,68
715568,Mouse,3612,67
715591,Mouse,4306,65
715613,Mouse,3005,68
715685,Mouse,4789,65
715769,Mouse,3330,72
715900,Mouse,3314,68
715919,Mouse,5221,71
715949,Mouse,3905,73
716082,Mouse,4312,71
716166,Mouse,5022,78
716234,Mouse,4176,84
716344,Mouse,3524,94
716425,Elephant,570957,1283
716442,Mouse,3384,74
716445,Elephant,418222,1202
716473,Mouse,4157,64
716539,Mouse,5509,66
716553,Mouse,4082,64
716599,Mouse,5553,66
716702,Mouse,3982,64
716732,Mouse,5120,65
716977,Mouse,4242,65
716981,Mouse,4774,66
717128,Mouse,5462,66
717214,Mouse,3577,65
717302,Mouse,3181,65
717497,Mouse,3022,64
717527,Mouse,3280,64
717552,Elephant,279948,801
717556,Mouse,4746,66
717559,Mouse,3496,66
717580,Mouse,3836,64
717690,Mouse,4060,64
717764,Mouse,3464,64
717860,Mouse,3124,64
717889,Mouse,3879,64
717950,Mouse,5720,66
717971,Mouse,5411,65
717982,Mouse,4171,64
718017,Mouse,3074,64
718068,Mouse,5161,68
718068,Mouse,3186,66
718143,Mouse,5639,70
718196,Mouse,4188,64
718223,Mouse,4201,67
718233,Elephant,126898,511
718234,Mouse,5731,74
718452,Mouse,4740,65
718477,Mouse,5441,66
718622,Mouse,3738,64
718652,Mouse,5773,66
718952,Mouse,4280,65
718961,Mouse,4219,64
718965,Mouse,4075,64
719010,Mouse,5165,66
719114,Mouse,4189,64
719216,Mouse,3835,64
719261,Mouse,4155,68
719473,Mouse,5271,71
719502,Mouse,4680,65
719549,Mouse,4347,65
719597,Mouse,5322,68
719606,Mouse,5244,74
719681,Mouse,4131,67
719683,Mouse,5171,69
719717,Mouse,3401,74
719731,Mouse,4564,80
719768,Mouse,4937,82
719783,Mouse,4604,85
719873,Mouse,3499,74
719968,Mouse,3280,71
719988,Mouse,3814,83
720128,Mouse,3193,99
720223,Mouse,5659,113
720279,Mouse,4907,110
720342,Mouse,5155,93
720376,Mouse,5320,91
720526,Mouse,3833,96
720602,Mouse,5265,102
720667,Mouse,3363,83
720802,Mouse,5294,110
720836,Elephant,550665,1819
720867,Mouse,4533,106
720872,Mouse,3343,105
720880,Mouse,3537,107
720885,Elephant,503513,1612
720893,Mouse,5649,101
720912,Mouse,4617,102
720930,Mouse,5504,102
720936,Mouse,3388,98
721011,Mouse,4702,69
721025,Mouse,5709,67
721120,Mouse,3324,69
721142,Elephant,172949,1093
721154,Mouse,4994,75
721155,Elephant,332642,1581
721175,Mouse,3655,70
721186,Mouse,4254,70
721202,Mouse,5107,66
721340,Mouse,5207,68
721357,Mouse,5455,75
721513,Mouse,4361,74
721553,Mouse,5590,83
721864,Mouse,5018,102
721889,Mouse,4221,106
721898,Mouse,4842,111
721909,Mouse,4675,118
721932,Mouse,3709,119
722157,Elephant,494314,2250
722168,Elephant,557454,1536
722202,Mouse,4386,73
722208,Mouse,5111,73
722269,Mouse,5556,66
722389,Mouse,3372,64
722596,Mouse,3310,67
722675,Elephant,499840,1530
722748,Mouse,3905,64
722751,Mouse,3955,65
723247,Mouse,5803,68
723252,Mouse,3001,70
723308,Mouse,3509,64
723372,Mouse,5188,65
723413,Mouse,5836,66
723420,Mouse,3063,67
723431,Mouse,3361,69
723469,Mouse,3014,69
723517,Mouse,3383,69
723542,Mouse,3392,64
723646,Mouse,3539,65
723707,Elephant,315583,869
723783,Mouse,4315,69
723838,Mouse,3204,64
723897,Mouse,3857,66
723912,Mouse,4135,69
724011,Mouse,5743,68
724077,Mouse,5450,69
724098,Mouse,3118,69
724117,Mouse,4928,70
724244,Mouse,3792,73
724246,Mouse,5419,74
724343,Mouse,3802,76
724371,Mouse,3502,85
724474,Mouse,4988,116
724548,Mouse,4641,117
724554,Mouse,3867,116
724732,Elephant,599365,1511
724742,Mouse,4621,67
724774,Mouse,5163,74
724780,Mouse,5505,78
724790,Elephant,81431,509
724875,Elephant,91757,662
724944,Mouse,4750,69
725092,Mouse,4775,71
725305,Mouse,4412,72
725326,Mouse,3753,67
725392,Elephant,359609,1447
725458,Mouse,4292,67
725477,Mouse,4287,65
725485,Mouse,4456,65
725515,Mouse,3838,68
725570,Mouse,4376,65
725582,Mouse,3014,65
725761,Mouse,4160,66
725772,Elephant,523649,1445
725828,Mouse,3979,64
725864,Mouse,5514,66
726035,Mouse,4838,65
726164,Mouse,3650,64
726180,Mouse,4997,66
726235,Mouse,3392,64
726351,Mouse,3431,64
726470,Mouse,4526,65
726499,Mouse,5484,67
726623,Elephant,50778,282
726661,Mouse,3553,65
726703,Mouse,5819,66
726812,Mouse,3242,64
726831,Mouse,5636,66
727002,Mouse,3273,64
727040,Mouse,4815,65
727152,Mouse,5749,66
727169,Mouse,4228,64
727228,Mouse,4045,64
727420,Mouse,4777,65
727424,Mouse,4379,66
727516,Mouse,4905,65
727524,Mouse,3969,64
727562,Mouse,5017,65
727670,Mouse,4228,65
727713,Mouse,4968,66
727744,Mouse,3243,67
727783,Mouse,3985,67
727798,Mouse,4513,65
727821,Mouse,4407,66
727876,Mouse,4933,65
727914,Mouse,3075,69
727917,Mouse,5055,72
727937,Mouse,3375,65
728177,Elephant,159079,589
728193,Mouse,4087,64
728201,Mouse,4376,67
728280,Mouse,3289,64
728315,Mouse,3791,64
728333,Mouse,5322,69
728364,Mouse,3527,64
728475,Elephant,262441,773
728489,Mouse,3409,64
728644,Mouse,3766,64
728674,Mouse,5094,65
728700,Mouse,5149,65
728776,Mouse,4511,65
728938,Mouse,3993,64
729021,Mouse,3319,64
729028,Mouse,5076,66
729054,Mouse,3342,64
729086,Mouse,3732,67
729087,Mouse,4329,67
729191,Mouse,3398,66
729192,Mouse,4531,67
729195,Mouse,3795,66
729318,Mouse,3966,64
729573,Mouse,5334,65
729588,Elephant,249793,837
729663,Mouse,5133,65
729682,Mouse,3143,71
729801,Mouse,5781,68
729968,Mouse,4931,84
729990,Mouse,5241,78
730000,Mouse,5294,81
730066,Mouse,3806,90
730074,Mouse,4863,95
730178,Mouse,3668,75
730200,Mouse,3972,75
730262,Mouse,5552,90
730295,Mouse,5783,104
730426,Mouse,3763,81
730556,Mouse,5589,96
730567,Elephant,432131,1264
730601,Mouse,5752,102
730604,Mouse,4490,104
730624,Mouse,5485,96
730653,Mouse,4144,87
730748,Mouse,3970,73
730766,Mouse,5289,72
730824,Mouse,5408,83
730878,Mouse,5440,87
730897,Mouse,5601,91
730903,Mouse,5466,94
730956,Mouse,4459,95
731001,Mouse,5739,97
731007,Mouse,4219,99
731018,Mouse,5147,105
731020,Mouse,5820,108
731036,Elephant,176001,1220
731048,Mouse,5197,103
731164,Mouse,4642,67
731202,Elephant,557235,1628
731295,Mouse,4194,64
731348,Elephant,468881,1512
731360,Mouse,3730,64
731379,Mouse,3702,64
731434,Mouse,4778,65
731466,Mouse,5672,66
731518,Mouse,3457,64
731625,Mouse,5321,73
731628,Mouse,5009,74
731647,Mouse,5571,66
731765,Mouse,3343,67
731828,Mouse,3991,64
731874,Mouse,4386,65
731911,Mouse,3541,67
731940,Mouse,3823,67
731985,Mouse,4114,65
732048,Mouse,5126,65
732057,Mouse,3365,68
732078,Mouse,4234,67
732108,Mouse,3321,70
732149,Mouse,3862,66
732175,Mouse,3178,67
732252,Mouse,5478,70
732282,Elephant,319087,986
732302,Elephant,113599,504
732324,Mouse,3938,74
732333,Mouse,4978,73
732345,Mouse,4398,65
732435,Mouse,3881,64
732487,Mouse,4682,66
732526,Mouse,3126,67
732547,Mouse,5209,69
732597,Elephant,74200,378
732601,Mouse,4261,69
732608,Mouse,5590,69
732614,Mouse,4341,72
732621,Mouse,4326,71
732700,Mouse,3597,64
732812,Mouse,4332,69
732871,Mouse,3904,67
732882,Mouse,4830,68
732908,Elephant,114984,495
732977,Mouse,5097,69
733100,Mouse,3577,67
733142,Mouse,5815,68
733249,Mouse,5370,70
733272,Mouse,4509,65
733302,Mouse,3100,66
733407,Mouse,3789,74
733547,Mouse,5222,68
733562,Mouse,4107,71
733653,Elephant,228159,795
733699,Elephant,545132,1495
733732,Mouse,3363,64
733814,Mouse,3851,67
733871,Mouse,3763,67
733871,Mouse,5227,69
733931,Mouse,5715,69
733962,Mouse,5170,65
733989,Mouse,3057,66
733999,Mouse,4318,72
734153,Mouse,3231,66
734165,Mouse,4436,69
734175,Mouse,3862,68
734249,Mouse,4861,66
734427,Elephant,519650,1144
734442,Mouse,5336,67
734456,Mouse,4785,66
734492,Mouse,3723,64
734535,Mouse,3703,65
734569,Mouse,4961,65
734596,Mouse,3817,64
734626,Mouse,5189,65
734637,Mouse,3121,64
734646,Mouse,5741,66
734686,Mouse,5653,66
734826,Mouse,5241,65
734842,Mouse,4192,64
734930,Mouse,5541,66
734983,Mouse,5398,69
735059,Mouse,5172,65
735093,Mouse,5561,66
735246,Mouse,3432,67
735363,Mouse,5052,71
735368,Mouse,3103,67
735406,Mouse,3132,71
735421,Mouse,5156,72
735563,Mouse,5025,76
735579,Elephant,273346,824
735584,Mouse,3317,71
735586,Mouse,4687,74
735649,Mouse,4699,68
735704,Mouse,5779,70
735714,Mouse,5222,72
735782,Mouse,5134,69
735840,Mouse,3226,64
735876,Mouse,3931,68
735918,Elephant,551328,1175
735965,Mouse,3974,64
736063,Mouse,3585,64
736147,Mouse,3529,64
736192,Mouse,4034,64
736227,Mouse,5145,65
736269,Mouse,4815,66
736321,Mouse,5729,66
736377,Mouse,5686,66
736435,Mouse,3091,64
736524,Mouse,3894,64
736618,Mouse,3576,64
736626,Elephant,39399,237
736632,Mouse,4773,65
736648,Mouse,4570,65
736662,Mouse,4654,66
736688,Mouse,3531,64
736714,Mouse,3750,64
736791,Mouse,5316,65
736895,Mouse,4801,70
736905,Mouse,4021,64
736963,Mouse,5090,65
737007,Mouse,4844,66
737070,Mouse,4156,65
737180,Mouse,3947,64
737266,Mouse,5769,68
737297,Mouse,4776,65
737438,Mouse,3890,64
737551,Mouse,4545,69
737633,Mouse,5126,69
737750,Mouse,4956,70
737820,Elephant,420844,1081
737852,Mouse,5564,70
737881,Mouse,3254,65
737887,Mouse,4109,68
738058,Mouse,4914,68
738061,Mouse,3981,70
738073,Mouse,3993,69
738166,Mouse,3181,68
738191,Elephant,440615,1040
738263,Mouse,3988,66
738347,Mouse,3506,67
738375,Mouse,4371,69
738405,Mouse,4190,64
738433,Mouse,5121,70
738488,Mouse,5157,69
738700,Mouse,3647,80
738815,Mouse,4496,92
738856,Mouse,3732,95
738923,Mouse,4226,113
738954,Mouse,3445,117
738965,Mouse,4407,120
738972,Mouse,4556,122
738985,Mouse,4947,130
738985,Mouse,3868,127
739014,Mouse,4651,130
739105,Mouse,5692,112
739157,Mouse,3143,80
739262,Mouse,4320,67
739295,Mouse,3954,67
739379,Elephant,98029,681
739447,Elephant,150324,930
739478,Mouse,4259,80
739498,Mouse,3402,76
739533,Mouse,5486,85
739659,Elephant,488331,1568
739709,Mouse,4933,78
739719,Mouse,3137,72
739862,Elephant,589965,1983
739906,Mouse,5618,75
739956,Mouse,4163,64
740093,Mouse,4871,68
740149,Mouse,4507,69
740208,Mouse,3936,69
740222,Mouse,3261,76
740251,Mouse,3082,73
740326,Mouse,4900,77
740373,Mouse,3428,78
740463,Elephant,280231,1078
740485,Elephant,508303,1191
740490,Mouse,5112,70
740495,Mouse,3369,72
740500,Mouse,3939,72
740621,Mouse,4270,65
740745,Mouse,5572,67
740916,Mouse,4717,65
740948,Mouse,3269,72
741050,Mouse,3559,68
741071,Mouse,4292,70
741098,Mouse,4393,74
741138,Mouse,3353,75
741155,Mouse,4526,80
741328,Mouse,5584,93
741357,Mouse,3325,95
741361,Elephant,166992,658
741408,Mouse,5774,102
741410,Mouse,5742,103
741429,Mouse,5005,100
741530,Mouse,4534,68
741547,Mouse,3392,73
741811,Elephant,251070,944
741853,Mouse,4960,80
741907,Mouse,4928,74
741962,Mouse,4103,78
741966,Mouse,5691,82
742038,Mouse,5449,89
742071,Mouse,4265,82
742122,Mouse,5713,86
742129,Mouse,5493,89
742326,Elephant,573162,1542
742367,Mouse,3155,73
742373,Mouse,4126,74
742375,Mouse,4754,74
742462,Elephant,550242,1833
742499,Mouse,3816,67
742546,Mouse,4287,70
742550,Mouse,4335,73
742590,Elephant,68251,438
742664,Mouse,5795,70
742753,Mouse,4168,66
742984,Mouse,4711,69
743014,Mouse,4137,66
743033,Mouse,3034,66
743076,Mouse,5065,69
743099,Mouse,4563,77
743131,Mouse,4827,78
743182,Elephant,30631,219
743242,Mouse,5787,79
743257,Mouse,5376,82
743266,Mouse,5122,87
743347,Mouse,4395,95
743356,Mouse,5247,95
743368,Mouse,4585,93
743399,Mouse,4664,86
743405,Elephant,527516,1636
743491,Mouse,5456,74
743534,Mouse,5696,74
743541,Mouse,5690,66
743595,Mouse,3656,65
743598,Mouse,4448,67
743660,Mouse,5626,70
743665,Mouse,5753,72
743673,Mouse,5685,78
743693,Mouse,4640,69
743723,Mouse,4443,78
743733,Mouse,3143,67
743756,Mouse,5645,69
743808,Mouse,4160,68
743933,Mouse,4313,71
744013,Mouse,5326,77
744048,Mouse,3925,73
744067,Mouse,3525,70
744083,Mouse,3751,70
744126,Mouse,4937,74
744175,Mouse,3664,76
744184,Elephant,518533,1441
744212,Elephant,271479,1200
744214,Mouse,3923,72
744308,Mouse,4693,65
744359,Mouse,4127,64
744392,Mouse,3259,64
744409,Mouse,3503,64
744428,Mouse,4683,65
744541,Mouse,3651,64
744545,Mouse,4117,64
744667,Mouse,3907,64
744676,Mouse,4260,65
744709,Mouse,4777,65
744739,Mouse,5590,66
744767,Mouse,3535,65
744827,Mouse,5082,65
744845,Mouse,5752,66
744970,Mouse,4323,65
745088,Mouse,5779,67
745122,Mouse,3752,66
745150,Mouse,4710,65
745172,Mouse,5500,69
745220,Mouse,3450,64
745351,Mouse,4671,69
745372,Mouse,4312,69
745425,Elephant,217947,723
745437,Mouse,3559,64
745444,Mouse,5036,65
745535,Mouse,3262,64
745566,Mouse,4496,65
745655,Mouse,4340,65
745681,Mouse,4486,68
745790,Mouse,3268,64
745811,Mouse,3069,71
745811,Mouse,4748,72
745829,Mouse,3126,64
745865,Mouse,3811,69
745967,Elephant,165656,201731
745987,Mouse,3404,65
746077,Mouse,3077,67
746166,Mouse,3580,65
746197,Mouse,5086,69
746272,Mouse,4066,64
746359,Mouse,5147,65
746441,Mouse,5769,71
746533,Mouse,4492,65
746556,Mouse,3530,69
746559,Mouse,5037,73
746578,Mouse,4800,71
746590,Mouse,4827,71
746603,Elephant,551175,201895
746757,Mouse,3496,64
746787,Mouse,5758,72
746835,Mouse,5005,73
746886,Mouse,4808,73
746900,Mouse,4347,65
747026,Mouse,3392,64
747079,Elephant,204149,809
747153,Mouse,3442,64
747200,Mouse,5211,65
747392,Mouse,3177,66
747415,Mouse,4444,73
747425,Mouse,3726,64
747496,Mouse,5385,72
747694,Mouse,4099,70
747710,Mouse,4977,74
747799,Mouse,3270,89
748004,Mouse,5334,84
748128,Mouse,5305,87
748136,Mouse,5491,90
748222,Mouse,3602,95
748303,Mouse,3847,76
748382,Mouse,4648,90
748425,Mouse,5185,98
748455,Mouse,3021,103
748474,Mouse,3486,105
748493,Elephant,365593,1295
748556,Mouse,4906,86
748557,Mouse,3599,82
748573,Mouse,5715,88
748679,Elephant,332986,1394
748686,Mouse,3076,74
748735,Mouse,4177,69
748851,Mouse,3195,84
748890,Mouse,5759,91
748920,Mouse,3164,100
748971,Mouse,4956,105
749015,Mouse,3117,104
749038,Mouse,3772,88
749050,Mouse,5685,96
749089,Mouse,5659,103
749114,Mouse,4645,96
749157,Elephant,589914,1953
749302,Mouse,4144,66
749353,Mouse,3018,68
749436,Elephant,53780,535
749439,Mouse,3761,69
749532,Mouse,4177,72
749555,Mouse,3845,72
749571,Mouse,4341,77
749623,Mouse,3015,80
749663,Mouse,3306,84
749859,Elephant,178464,727
749898,Mouse,5079,102
749964,Mouse,3576,76
750005,Mouse,5093,94
750016,Elephant,505318,2085
750064,Mouse,4848,86
750079,Mouse,4153,77
750090,Mouse,5684,80
750105,Mouse,4299,67
750173,Mouse,4579,66
750216,Mouse,3724,67
750256,Mouse,4456,69
750269,Mouse,4214,68
750283,Mouse,4340,66
750331,Elephant,532983,1877
750363,Mouse,4873,66
750382,Mouse,3853,64
750390,Mouse,4159,67
750410,Mouse,3267,65
750465,Mouse,4565,65
750470,Mouse,4704,65
750521,Mouse,5545,67
750644,Mouse,5522,67
750690,Mouse,4922,67
750702,Mouse,3076,64
750712,Mouse,3196,66
750720,Mouse,4572,65
750748,Mouse,5691,67
750770,Mouse,5423,65
750776,Mouse,5053,66
750783,Mouse,4791,66
750834,Mouse,5105,65
750840,Mouse,3832,65
750850,Mouse,3192,64
750903,Mouse,3821,65
750940,Mouse,3560,64
751000,Mouse,5243,65
751081,Mouse,4362,65
751150,Mouse,4047,64
751287,Mouse,3000,63
751322,Mouse,5233,65
751338,Mouse,5459,66
751552,Mouse,3430,64
751619,Mouse,5810,67
751657,Mouse,3706,64
751698,Mouse,4665,65
751714,Mouse,5795,71
751778,Mouse,4800,65
751855,Mouse,4970,71
751861,Mouse,3330,67
751863,Mouse,4169,69
751890,Mouse,5710,70
751921,Mouse,4196,67
751971,Mouse,3850,65
752284,Mouse,3276,75
752301,Mouse,3822,78
752332,Elephant,360066,948
752381,Mouse,4443,79
752403,Mouse,3713,64
752507,Mouse,3796,67
752531,Mouse,3718,66
752563,Mouse,5402,70
752579,Mouse,3780,70
752698,Mouse,3444,66
752724,Mouse,5514,69
752811,Mouse,4676,71
752813,Mouse,5314,73
752827,Mouse,5779,76
752858,Mouse,3963,78
752872,Mouse,4097,78
752909,Mouse,3583,77
753052,Mouse,3428,79
753111,Mouse,3894,93
753165,Mouse,3515,107
753203,Elephant,315638,1153
753230,Mouse,4701,108
753274,Mouse,5025,100
753294,Mouse,3269,99
753347,Elephant,553008,1318
753352,Mouse,5812,91
753362,Mouse,4510,89
753376,Mouse,5393,88
753413,Mouse,4065,72
753429,Mouse,5740,71
753482,Mouse,3540,71
753531,Mouse,5285,72
753544,Mouse,5219,77
753568,Mouse,4207,69
753597,Mouse,4878,78
753692,Mouse,4352,74
753714,Elephant,113189,789
753719,Mouse,3551,72
753766,Mouse,4562,79
753804,Mouse,3426,78
753848,Mouse,4696,83
754016,Elephant,125008,618
754023,Mouse,5641,82
754104,Mouse,4992,77
754179,Elephant,282126,969
754224,Mouse,3179,71
754257,Mouse,5639,69
754259,Mouse,3689,68
754265,Mouse,5703,68
754338,Mouse,3617,64
754358,Mouse,4241,68
754450,Mouse,3229,66
754501,Elephant,202969,973
754555,Mouse,3613,67
754664,Mouse,4725,65
754682,Mouse,5588,70
754754,Mouse,4199,64
754769,Elephant,72024,373
754822,Mouse,3910,65
754836,Mouse,3320,64
754931,Mouse,3700,64
755035,Mouse,3882,68
755231,Mouse,5463,66
755303,Mouse,4576,70
755534,Mouse,4437,66
755558,Mouse,3883,67
755673,Elephant,360234,926
755725,Mouse,3713,66
755782,Mouse,5193,67
755786,Mouse,4522,68
755838,Mouse,3556,64
755909,Mouse,5677,67
755923,Mouse,4913,65
756026,Mouse,4240,64
756172,Mouse,5522,66
756321,Mouse,5673,67
756360,Mouse,3166,65
756364,Mouse,3284,66
756390,Mouse,3989,64
756416,Mouse,3915,65
756528,Mouse,3138,64
756577,Mouse,3872,64
756643,Mouse,4406,69
756751,Mouse,3002,63
756771,Mouse,4637,68
756940,Mouse,4384,70
756961,Mouse,3860,78
757058,Mouse,4647,76
757083,Mouse,3402,78
757167,Elephant,114661,536
757329,Mouse,4310,69
757337,Mouse,4940,75
757438,Elephant,279067,910
757508,Mouse,3722,67
757792,Mouse,5630,70
757814,Mouse,3552,70
757824,Elephant,596586,1346
757884,Mouse,4423,65
757897,Mouse,5789,66
757913,Mouse,5237,65
757920,Mouse,3938,64
757954,Mouse,3984,66
758035,Mouse,4537,65
758039,Mouse,4017,66
758045,Mouse,3475,64
758213,Mouse,4493,65
758290,Mouse,4082,64
758384,Mouse,5214,65
758395,Mouse,4831,65
758478,Mouse,4442,65
758526,Mouse,4471,65
758717,Mouse,5498,66
758721,Mouse,3259,64
758789,Mouse,5519,66
758897,Mouse,5476,66
758926,Mouse,3267,64
758951,Mouse,5827,66
759074,Mouse,3108,65
759076,Mouse,3339,66
759199,Mouse,5510,66
759241,Mouse,5102,66
759277,Mouse,4193,64
759371,Mouse,4870,65
759467,Mouse,3611,64
759501,Mouse,4207,64
759567,Mouse,3738,64
759616,Mouse,4097,64
759699,Mouse,3056,66
759728,Mouse,5365,65
759820,Mouse,3790,64
759831,Mouse,4657,65
759922,Mouse,5164,65
759969,Mouse,3149,64
760044,Mouse,5425,65
760185,Mouse,4096,65
760191,Mouse,5677,66
760199,Mouse,3783,64
760236,Mouse,4414,66
760326,Mouse,4559,65
760397,Mouse,4310,73
760404,Mouse,4359,76
760437,Mouse,3621,74
760440,Elephant,65253,381
760466,Mouse,4855,80
760584,Mouse,4410,69
760591,Mouse,5317,74
760602,Mouse,4145,76
760615,Elephant,169826,629
760618,Mouse,5427,81
760651,Mouse,3008,74
760687,Mouse,4178,89
760888,Mouse,4358,69
760956,Mouse,5743,75
760967,Mouse,5000,74
760977,Mouse,4494,74
761000,Mouse,3850,77
761012,Mouse,3024,76
761032,Mouse,4223,82
761078,Mouse,5078,81
761083,Mouse,3643,81
761115,Mouse,3615,81
761134,Mouse,3648,81
761181,Mouse,5727,80
761251,Elephant,323504,1069
761273,Mouse,5349,73
761301,Mouse,5270,68
761306,Mouse,3251,68
761338,Mouse,3314,66
761350,Elephant,286405,1126
761364,Mouse,3824,67
761395,Mouse,3248,64
761430,Mouse,5073,69
761483,Mouse,3909,64
761549,Mouse,4387,69
761568,Mouse,3171,64
761591,Mouse,4083,68
761644,Elephant,269219,950
761838,Mouse,5024,65
761954,Mouse,3118,64
761972,Mouse,4697,65
762077,Mouse,5062,70
762100,Mouse,3935,64
762122,Mouse,4235,65
762464,Mouse,4326,66
762526,Mouse,4463,67
762615,Mouse,4329,69
762690,Elephant,315688,858
762777,Mouse,3366,64
762848,Mouse,4713,65
763035,Mouse,3754,64
763046,Mouse,3600,69
763051,Mouse,4266,72
763056,Mouse,4430,76
763073,Mouse,4674,65
763128,Mouse,4171,67
763200,Mouse,5186,67
763217,Mouse,3339,66
763244,Mouse,5104,68
763330,Mouse,5727,70
763338,Mouse,5666,67
763359,Mouse,4997,68
763380,Mouse,3003,68
763396,Mouse,3407,67
763423,Mouse,3007,69
763434,Elephant,303288,846
763597,Mouse,3550,67
763615,Mouse,4699,65
763638,Mouse,4012,66
763687,Mouse,3103,66
763707,Mouse,4871,65
763752,Mouse,3176,64
763775,Mouse,5497,70
763971,Mouse,4391,72
763976,Mouse,5056,68
764034,Mouse,4213,66
764117,Mouse,3706,69
764167,Mouse,5434,71
764224,Mouse,4151,77
764234,Mouse,5126,82
764324,Mouse,3074,80
764370,Mouse,4284,77
764390,Mouse,3822,81
764393,Mouse,4771,84
764492,Elephant,461826,1138
764690,Mouse,3811,64
764753,Mouse,4722,69
764809,Elephant,588462,1272
764812,Mouse,5207,74
764900,Mouse,3253,64
764904,Mouse,3926,64
764916,Mouse,4248,64
764997,Mouse,4573,65
765041,Mouse,4906,66
765064,Mouse,4142,64
765229,Mouse,3427,64
765335,Mouse,3547,64
765374,Mouse,3556,64
765578,Mouse,3496,64
765610,Mouse,3272,64
765642,Mouse,5457,66
765654,Mouse,3761,65
765659,Mouse,3135,65
765736,Mouse,4962,65
765790,Mouse,4944,68
765795,Mouse,4430,71
765831,Mouse,5398,68
765837,Mouse,3356,70
765868,Mouse,3475,64
765876,Mouse,4373,68
765944,Mouse,4976,70
765979,Elephant,174874,624
766124,Mouse,3721,64
766136,Mouse,4504,66
766204,Mouse,4841,69
766205,Mouse,4414,69
766209,Mouse,5461,67
766275,Mouse,3874,68
766310,Mouse,3981,68
766331,Mouse,4180,75
766359,Mouse,3278,70
766367,Mouse,4260,76
766393,Mouse,3466,74
766409,Mouse,3622,76
766419,Mouse,3161,78
766427,Mouse,4888,83
766475,Mouse,4428,80
766526,Elephant,371227,971
766567,Mouse,4252,70
766603,Mouse,3797,69
766658,Mouse,5023,77
766673,Elephant,140126,568
766782,Mouse,4323,70
766843,Mouse,4287,69
766850,Mouse,4035,64
766876,Mouse,3626,67
766904,Mouse,4316,69
767044,Mouse,3869,68
767121,Mouse,4790,75
767159,Elephant,353574,961
767312,Mouse,4707,69
767383,Mouse,4401,65
767477,Mouse,3270,71
767536,Mouse,4209,71
767735,Elephant,67127,375
767786,Mouse,4835,73
767834,Mouse,4352,72
767868,Mouse,4241,73
767910,Mouse,5638,78
767928,Elephant,542225,1351
767930,Mouse,5580,84
767952,Mouse,5527,76
767965,Mouse,5748,75
768019,Mouse,4875,66
768056,Mouse,3819,64
768226,Mouse,5036,65
768258,Mouse,3728,73
768350,Elephant,465022,1154
768526,Mouse,5717,67
768567,Mouse,5536,69
768571,Mouse,4643,67
768586,Mouse,3828,67
768649,Mouse,4011,67
768724,Mouse,3827,68
768934,Mouse,5506,77
768993,Mouse,5388,87
769033,Mouse,4238,94
769097,Mouse,4657,90
769378,Elephant,468500,1250
769392,Elephant,45683,350
769417,Mouse,3437,83
769458,Mouse,3465,67
769531,Elephant,472387,1254
769564,Mouse,3599,67
769658,Mouse,3680,64
769705,Mouse,5384,66
769742,Mouse,3437,67
769746,Mouse,4057,65
769799,Mouse,3537,67
769799,Mouse,4749,68
769857,Mouse,4816,70
769862,Mouse,4990,72
770004,Mouse,4778,69
770109,Elephant,112251,491
770219,Mouse,3138,67
770243,Mouse,3477,68
770244,Mouse,4551,69
770264,Mouse,3387,70
770278,Mouse,3287,68
770291,Mouse,4428,72
770391,Mouse,4765,69
770404,Mouse,3537,73
770423,Mouse,5606,78
770448,Elephant,584059,1854
770449,Mouse,4604,75
770479,Mouse,4309,71
770499,Mouse,4590,67
770504,Mouse,3057,66
770505,Mouse,3579,66
770524,Mouse,3930,64
770581,Mouse,5204,68
770602,Mouse,5230,65
770623,Mouse,3796,69
770727,Mouse,3171,64
770826,Mouse,5775,66
770851,Mouse,3537,64
770870,Mouse,5358,66
770874,Elephant,174316,631
770893,Mouse,4072,66
770896,Mouse,5114,68
771016,Mouse,4654,65
771039,Mouse,3117,64
771223,Mouse,3316,64
771287,Mouse,3666,64
771331,Mouse,3343,64
771357,Mouse,3697,64
771467,Mouse,4814,65
771512,Mouse,4388,65
771584,Mouse,4738,65
771695,Mouse,5094,65
771770,Mouse,4433,66
771781,Mouse,3898,64
771867,Mouse,4516,65
771974,Mouse,4016,64
772117,Mouse,4005,67
772134,Mouse,3273,71
772212,Mouse,3445,66
772290,Mouse,3874,72
772331,Mouse,5743,78
772362,Mouse,3811,84
772371,Mouse,5090,90
772401,Elephant,185608,678
772473,Mouse,4956,70
772490,Elephant,290437,869
772523,Mouse,4147,70
772529,Mouse,3318,69
772576,Mouse,3719,64
772616,Mouse,4916,66
772661,Mouse,4259,65
772717,Mouse,3633,64
772877,Mouse,4491,67
772923,Mouse,4138,64
772933,Mouse,4217,64
772967,Mouse,3445,65
773050,Mouse,4623,69
773134,Mouse,5573,69
773170,Mouse,4858,69
773279,Mouse,3954,64
773306,Elephant,508034,1420
773372,Mouse,5201,65
773433,Mouse,4307,65
773454,Mouse,5077,65
773518,Mouse,5180,65
773558,Mouse,3615,64
773616,Mouse,4409,65
773620,Mouse,3035,64
773629,Mouse,4996,65
773821,Mouse,3999,64
773881,Mouse,5634,66
773957,Mouse,4146,64
774005,Mouse,5536,66
774066,Mouse,5320,69
774082,Mouse,4659,67
774401,Mouse,3077,64
774438,Mouse,4438,67
774443,Mouse,5782,67
774590,Mouse,4987,68
774624,Elephant,439626,1100
774666,Mouse,5139,68
774825,Mouse,3872,64
774875,Mouse,5575,66
774881,Mouse,3127,64
774900,Mouse,5787,66
774934,Mouse,3914,64
774972,Mouse,4127,64
774979,Mouse,4085,66
775087,Mouse,4603,65
775097,Mouse,5170,65
775118,Mouse,5610,69
775137,Mouse,4329,65
775168,Mouse,3994,70
775198,Mouse,3639,68
775217,Mouse,5330,73
775232,Mouse,5101,70
775244,Mouse,3319,70
775263,Mouse,3639,71
775310,Mouse,5036,69
775337,Mouse,4545,68
775407,Mouse,4685,71
775420,Elephant,88860,417
775426,Mouse,3569,66
775468,Mouse,5536,67
775500,Mouse,4498,73
775569,Mouse,3933,67
775642,Mouse,3604,66
775709,Elephant,174424,652
775747,Mouse,3033,68
775768,Mouse,3376,67
775774,Mouse,5618,66
775846,Mouse,3597,67
775847,Mouse,3407,67
775878,Elephant,405497,996
775919,Mouse,4597,69
775922,Mouse,3198,70
775930,Mouse,3059,64
775937,Mouse,3781,64
776027,Mouse,4369,65
776041,Mouse,4168,64
776085,Mouse,5793,67
776114,Mouse,4207,64
776131,Mouse,5345,71
776159,Mouse,3313,65
776177,Mouse,5609,66
776192,Mouse,3230,64
776239,Mouse,4893,66
776243,Mouse,5707,68
776267,Mouse,4211,64
776304,Mouse,4041,64
776504,Mouse,4016,69
776507,Mouse,3853,65
776553,Mouse,3657,64
776574,Mouse,3690,67
776613,Mouse,4102,66
776896,Mouse,4392,68
776909,Elephant,204557,701
776937,Mouse,4867,70
777042,Elephant,349401,921
777064,Mouse,5273,66
777084,Mouse,5189,68
777097,Mouse,4397,65
777113,Mouse,3897,64
777286,Mouse,5764,68
777310,Mouse,3814,72
777321,Mouse,5134,65
777366,Mouse,4047,65
777419,Mouse,4926,68
777451,Mouse,3030,65
777470,Mouse,5177,73
777616,Mouse,3408,76
777633,Elephant,231298,753
777642,Mouse,4324,75
777669,Mouse,3489,73
777693,Mouse,4050,74
777696,Mouse,3907,76
777750,Mouse,4648,78
777776,Mouse,5333,82
777962,Mouse,3319,70
778069,Mouse,3461,74
778081,Mouse,3146,79
778210,Mouse,4191,80
778261,Mouse,4159,78
778316,Mouse,4008,84
778329,Mouse,3250,85
778434,Mouse,3905,86
778490,Elephant,588791,1379
778496,Mouse,4158,77
778547,Elephant,595265,1413
778567,Mouse,4731,65
778573,Mouse,4589,65
778669,Mouse,5363,65
778675,Mouse,5056,65
778742,Mouse,3634,64
778780,Mouse,5606,66
778805,Mouse,3990,64
778837,Mouse,3975,66
778981,Mouse,3902,64
779008,Elephant,55663,320
779029,Mouse,3293,64
779111,Mouse,4977,65
779140,Mouse,4993,74
779193,Mouse,5103,65
779245,Mouse,3676,64
779466,Elephant,129637,533
779499,Mouse,3845,64
779591,Mouse,3370,64
779772,Mouse,3335,64
779777,Mouse,4766,65
779882,Elephant,288298,864
779928,Mouse,5066,67
779936,Mouse,4109,64
780045,Mouse,4242,65
780145,Mouse,4974,65
780176,Mouse,4621,65
780315,Mouse,4743,65
780328,Mouse,5068,67
780366,Mouse,4719,69
780378,Mouse,5387,67
780530,Mouse,5425,70
780549,Mouse,4053,72
780559,Mouse,5224,75
780583,Mouse,4983,76
780658,Mouse,3564,71
780699,Mouse,4009,73
780904,Mouse,3673,94
780924,Mouse,5692,102
780978,Mouse,3282,102
780992,Mouse,5229,111
781003,Mouse,5704,115
781020,Mouse,4319,121
781069,Mouse,5325,113
781159,Mouse,3682,83
781163,Mouse,5427,86
781184,Mouse,5233,87
781238,Elephant,317649,1269
781306,Mouse,5563,84
781350,Elephant,409309,1550
781361,Mouse,4905,79
781519,Mouse,4580,75
781686,Elephant,561715,1601
781783,Mouse,3325,89
781791,Mouse,4737,91
781967,Mouse,3336,78
782053,Elephant,301140,1166
782055,Mouse,4924,83
782079,Mouse,4004,82
782166,Mouse,4194,71
782172,Elephant,276475,1115
782212,Mouse,3942,73
782240,Mouse,4693,73
782309,Mouse,3886,67
782401,Elephant,247733,867
782455,Mouse,3441,67
782533,Mouse,5220,65
782648,Mouse,5225,70
782659,Mouse,3594,70
782800,Mouse,3937,66
782844,Mouse,3229,64
782871,Mouse,4090,68
782945,Mouse,3055,67
782992,Mouse,3255,69
783020,Mouse,5540,74
783024,Mouse,3116,70
783049,Elephant,443914,1061
783093,Mouse,4188,65
783111,Mouse,3079,64
783131,Mouse,3907,64
783320,Mouse,4874,65
783327,Mouse,4656,65
783333,Mouse,5169,65
783340,Mouse,4855,65
783395,Mouse,4777,65
783563,Mouse,5016,65
783981,Mouse,4330,75
784026,Mouse,5362,73
784142,Mouse,3981,74
784184,Mouse,4929,83
784235,Elephant,204198,724
784237,Mouse,5543,95
784248,Mouse,5714,94
784268,Mouse,5334,94
784287,Mouse,5779,94
784338,Mouse,5505,72
784438,Mouse,3825,67
784575,Mouse,5532,74
784604,Mouse,3049,81
784607,Mouse,4006,84
784619,Mouse,5114,89
784662,Mouse,5149,95
784675,Mouse,4380,99
784718,Mouse,3559,87
784723,Mouse,3048,84
784784,Mouse,5147,73
784788,Elephant,437259,1154
784950,Elephant,561814,1409
784985,Mouse,4211,70
784988,Mouse,5603,74
784995,Mouse,3597,70
785061,Mouse,5703,67
785062,Mouse,3413,67
785080,Mouse,5485,69
785255,Mouse,4773,66
785398,Mouse,4478,65
785426,Mouse,4554,69
785605,Mouse,4665,74
785615,Mouse,4529,78
785622,Elephant,264370,792
785649,Mouse,3307,72
785704,Mouse,4159,64
785740,Mouse,4458,65
785761,Mouse,4721,70
785764,Mouse,3169,70
785817,Mouse,5288,76
785818,Elephant,67212,386
785873,Mouse,3212,64
785920,Mouse,4365,70
785922,Mouse,5609,73
786015,Mouse,3618,67
786040,Elephant,375535,958
786088,Mouse,4275,65
786098,Mouse,3819,64
786102,Mouse,4542,66
786124,Mouse,5560,66
786132,Mouse,4090,65
786179,Mouse,3340,64
786278,Mouse,5688,66
786347,Mouse,5233,65
786444,Mouse,5719,66
786475,Mouse,3682,64
786548,Mouse,4732,68
786554,Mouse,3686,64
786584,Mouse,3301,67
786599,Mouse,4462,66
786752,Mouse,4326,65
786820,Mouse,5656,72
786877,Mouse,5381,81
786983,Mouse,3600,70
787023,Mouse,4750,77
787033,Elephant,84019,430
787060,Mouse,4354,87
787095,Mouse,3913,82
787121,Mouse,3234,87
787139,Mouse,4356,87
787224,Mouse,3559,87
787271,Mouse,5539,84
787455,Mouse,4463,86
787463,Elephant,81742,506
787537,Mouse,3583,84
787590,Mouse,5392,86
787653,Mouse,5019,93
787663,Mouse,3284,98
787682,Elephant,547858,1420
787686,Mouse,4433,96
787720,Mouse,5750,86
787730,Mouse,5429,84
787738,Mouse,4699,81
787815,Mouse,4225,65
787944,Mouse,4315,72
787950,Elephant,340362,1108
788128,Mouse,3596,66
788160,Mouse,5570,75
788174,Mouse,4625,76
788199,Elephant,374751,1449
788204,Mouse,3841,74
788225,Mouse,4738,70
788276,Mouse,3401,66
788370,Mouse,4480,67
788547,Mouse,4369,69
788566,Mouse,4978,73
788659,Mouse,3661,67
788711,Mouse,5251,73
788798,Elephant,415467,1237
788834,Mouse,4218,65
788919,Mouse,4336,73
789017,Mouse,3949,64
789059,Mouse,4125,71
789197,Mouse,4998,84
789302,Elephant,109957,504
789313,Elephant,106801,500
789313,Elephant,495590,1283
789317,Mouse,3985,82
789343,Mouse,3126,74
789363,Mouse,5540,67
789373,Mouse,5614,66
789379,Mouse,5040,65
789455,Mouse,4612,69
789462,Mouse,3884,64
789484,Mouse,4837,65
789501,Mouse,3187,74
789562,Mouse,5516,66
789586,Mouse,3992,65
789652,Mouse,5028,65
789812,Mouse,4997,65
789839,Mouse,5107,69
789898,Mouse,3845,64
789903,Mouse,3189,64
789996,Mouse,3502,67
790042,Mouse,3862,69
790070,Mouse,3690,67
790107,Mouse,4694,69
790114,Mouse,3637,71
790199,Mouse,4268,66
790249,Mouse,5787,75
790300,Mouse,4572,83
790330,Mouse,3533,84
790368,Mouse,5404,84
790401,Mouse,3255,89
790405,Mouse,5536,93
790491,Mouse,3550,82
790517,Mouse,4634,75
790564,Mouse,5809,80
790577,Mouse,4325,89
790598,Mouse,3125,89
790626,Mouse,5119,97
790669,Mouse,4709,95
790714,Elephant,593975,1374
790754,Mouse,4758,76
790765,Mouse,5150,65
790934,Mouse,5091,72
790951,Elephant,314883,1066
790959,Mouse,5045,66
791162,Mouse,5413,65
791269,Mouse,3577,67
791284,Mouse,4070,71
791286,Elephant,259966,1180
791352,Mouse,3804,64
791392,Mouse,4725,65
791513,Mouse,5643,69
791711,Mouse,5535,66
791778,Mouse,4267,68
791921,Mouse,5812,71
791944,Mouse,4039,67
791980,Mouse,3569,67
791990,Mouse,5433,72
792069,Mouse,5674,69
792138,Elephant,593826,1230
792143,Mouse,4739,66
792194,Mouse,4141,64
792254,Mouse,3417,64
792314,Mouse,5270,65
792349,Mouse,4169,64
792362,Mouse,3125,64
792460,Mouse,5682,66
792472,Mouse,4004,68
792549,Mouse,5711,66
792629,Mouse,3223,64
792648,Mouse,4159,65
792835,Mouse,4022,64
792924,Mouse,5286,65
793132,Elephant,46891,286
793261,Mouse,5436,70
793312,Elephant,427698,201374
793423,Mouse,3514,64
793452,Mouse,3616,64
793477,Mouse,5030,65
793547,Mouse,3655,64
793640,Mouse,4046,64
793660,Mouse,5102,65
793834,Mouse,4934,65
793852,Mouse,4625,66
793893,Mouse,3652,67
793901,Mouse,3928,64
793940,Mouse,5818,70
794026,Mouse,4451,65
794041,Mouse,4559,65
794050,Mouse,3298,64
794158,Mouse,5503,66
794172,Mouse,5642,66
794201,Mouse,5030,70
794261,Mouse,3093,64
794270,Mouse,5772,66
794369,Mouse,4106,67
794485,Mouse,4860,65
794509,Mouse,3963,67
794540,Elephant,279474,803
794616,Mouse,3260,64
794620,Mouse,3150,64
794648,Mouse,3902,67
794697,Mouse,3855,67
794715,Mouse,4560,65
794719,Mouse,4793,65
794807,Mouse,3718,64
794985,Mouse,5829,67
794993,Mouse,4312,69
795010,Mouse,3116,74
795053,Mouse,5553,74
795090,Mouse,3144,67
795188,Mouse,5414,77
795199,Mouse,3817,83
795217,Elephant,40367,259
795278,Mouse,4009,85
795282,Mouse,5367,88
795310,Elephant,378736,998
795312,Mouse,3139,70
795321,Mouse,3865,70
795367,Mouse,4457,67
795420,Mouse,5183,70
795431,Mouse,4690,65
795738,Mouse,5718,69
795789,Mouse,4673,76
795790,Mouse,3397,76
795829,Elephant,282010,990
795912,Mouse,5594,74
795962,Mouse,3786,69
796042,Mouse,5036,76
796057,Mouse,4122,76
796130,Mouse,4396,82
796146,Mouse,3443,80
796185,Mouse,4733,90
796192,Mouse,4330,93
796207,Mouse,4704,100
796280,Mouse,5387,89
796292,Mouse,4305,92
796320,Mouse,3419,76
796390,Mouse,4607,84
796460,Mouse,3428,87
796540,Elephant,241951,994
796568,Mouse,5229,83
796575,Mouse,5682,87
796602,Mouse,3496,80
796675,Mouse,3279,89
796718,Elephant,190106,1282
796730,Mouse,3204,83
796793,Mouse,4217,85
796809,Mouse,3363,84
796915,Mouse,4097,94
796932,Elephant,552075,1868
796974,Mouse,4334,85
796980,Mouse,4415,87
796989,Mouse,3147,83
797045,Mouse,3591,71
797091,Mouse,3914,74
797107,Mouse,5317,75
797481,Mouse,3834,97
797543,Mouse,4513,103
797556,Mouse,5798,107
797611,Mouse,5808,116
797620,Mouse,4286,113
797636,Mouse,5050,119
797662,Elephant,538884,1942
797678,Mouse,4025,112
797831,Mouse,4316,68
797910,Mouse,4970,74
797917,Mouse,3069,75
798031,Mouse,3795,70
798050,Mouse,3712,72
798086,Mouse,4385,80
798108,Mouse,3982,81
798159,Elephant,399904,1707
798241,Mouse,3125,64
798250,Mouse,5325,68
798320,Mouse,5295,74
798331,Mouse,3038,68
798483,Mouse,5405,70
798486,Mouse,5345,70
798502,Elephant,149309,401445
798619,Mouse,5618,67
798673,Mouse,4935,73
798678,Mouse,5840,78
798750,Mouse,3901,67
798890,Mouse,5179,69
798938,Mouse,3649,67
799001,Mouse,3789,68
799030,Mouse,5814,70
799210,Mouse,5553,70
799278,Elephant,565958,1234
799290,Mouse,3296,64
799296,Mouse,4965,66
799409,Mouse,3720,64
799493,Mouse,3177,64
799518,Mouse,4121,64
799536,Mouse,5797,72
799615,Mouse,3078,65
799634,Mouse,4293,65
799831,Mouse,5790,75
799866,Mouse,3680,72
799887,Mouse,4569,65
799894,Mouse,4487,65
799901,Mouse,3184,67
800039,Mouse,3043,69
800399,Mouse,3820,74
800407,Mouse,4814,78
800519,Elephant,254198,856
800590,Mouse,5796,80
800831,Mouse,3309,69
800902,Mouse,4025,79
800991,Mouse,5271,90
801009,Mouse,5363,95
801032,Mouse,5444,96
801054,Mouse,3243,101
801083,Mouse,4834,103
801085,Elephant,284586,931
801152,Elephant,580547,1443
801157,Mouse,4888,77
801264,Mouse,4958,65
801326,Mouse,3149,64
801372,Mouse,5245,66
801380,Mouse,4507,65
801435,Mouse,4816,65
801472,Mouse,3266,66
801741,Mouse,5693,67
801761,Mouse,5308,73
801888,Mouse,4707,70
801923,Mouse,5656,79
801964,Mouse,4111,82
801991,Mouse,3737,89
802100,Mouse,4581,92
802101,Elephant,217699,766
802125,Mouse,5642,79
802214,Mouse,5256,70
802305,Mouse,4651,69
802404,Mouse,4753,70
802439,Mouse,3206,73
802472,Elephant,357831,1090
802483,Mouse,3915,72
802506,Mouse,5034,73
802552,Mouse,3211,64
802869,Mouse,3385,85
802920,Elephant,466918,1406
803019,Mouse,5511,70
803060,Mouse,5098,69
803235,Mouse,4054,86
803246,Elephant,84570,473
803319,Mouse,3345,79
803376,Mouse,4417,82
803387,Elephant,98559,525
803403,Mouse,4161,78
803435,Mouse,5172,79
803473,Mouse,4816,71
803553,Elephant,307694,1057
803599,Mouse,4480,68
803618,Mouse,4257,68
803624,Mouse,3109,71
803643,Mouse,5764,77
803648,Mouse,3333,65
803737,Mouse,4430,66
803789,Elephant,469572,1315
803793,Mouse,5186,69
803839,Mouse,5298,70
803888,Mouse,4168,64
803911,Mouse,4143,67
803922,Mouse,3227,64
804010,Mouse,5169,68
804055,Mouse,3265,67
804103,Mouse,5000,74
804120,Mouse,4683,65
804198,Mouse,4383,65
804246,Mouse,4092,64
804250,Mouse,3881,64
804259,Mouse,3241,66
804308,Mouse,3283,68
804335,Mouse,5733,82
804336,Mouse,3149,78
804341,Mouse,5189,74
804369,Mouse,5387,74
804379,Mouse,3525,77
804385,Mouse,3901,80
804388,Mouse,4164,74
804413,Mouse,3067,69
804485,Elephant,350518,1030
804534,Mouse,3894,69
804730,Mouse,3214,66
804746,Mouse,5077,70
804821,Mouse,5511,71
804888,Mouse,4389,75
804939,Mouse,5511,82
804979,Mouse,4720,94
805002,Mouse,3883,101
805143,Mouse,5431,91
805210,Mouse,3348,76
805254,Elephant,342318,1049
805295,Mouse,4145,80
805299,Elephant,190778,876
805361,Mouse,5449,72
805485,Mouse,3003,76
805503,Mouse,5537,82
805580,Mouse,3544,92
805656,Mouse,5275,96
805733,Mouse,3714,106
805756,Mouse,5802,109
805801,Mouse,5069,120
805855,Mouse,5830,120
805948,Mouse,4867,91
806002,Mouse,4135,79
806087,Mouse,4836,77
806122,Mouse,4110,75
806191,Mouse,5463,83
806233,Mouse,4927,87
806337,Mouse,3483,94
806414,Mouse,3990,104
806417,Mouse,3810,104
806425,Mouse,3241,112
806458,Elephant,513537,1957
806461,Mouse,3944,109
806480,Mouse,5432,104
806545,Mouse,4173,66
806712,Elephant,292367,1989
806731,Mouse,5241,68
806738,Elephant,237155,1497
806757,Mouse,3609,64
806800,Mouse,5516,67
806918,Mouse,3923,64
806996,Mouse,3874,64
807057,Mouse,4686,67
807075,Mouse,3669,64
807126,Mouse,3304,64
807155,Mouse,3190,69
807160,Mouse,4816,72
807171,Mouse,5321,67
807213,Mouse,4652,70
807245,Mouse,3422,68
807247,Mouse,5160,69
807250,Elephant,84065,418
807298,Mouse,4080,64
807324,Mouse,5223,67
807364,Mouse,4314,69
807414,Mouse,4167,65
807421,Mouse,5156,65
807484,Mouse,4611,65
807619,Mouse,4283,68
807673,Mouse,4582,72
807766,Elephant,75016,383
807791,Elephant,243765,754
807824,Mouse,4994,66
807861,Mouse,3667,66
807881,Mouse,5041,65
808080,Mouse,4608,65
808090,Mouse,4330,65
808102,Mouse,5324,65
808153,Mouse,3355,69
808154,Mouse,5393,71
808171,Mouse,3864,72
808220,Mouse,4469,75
808269,Mouse,5616,66
808371,Mouse,5241,67
808379,Mouse,4550,70
808463,Mouse,3775,64
808507,Mouse,3508,65
808517,Mouse,3831,67
808526,Elephant,320144,877
808625,Mouse,5649,66
808818,Mouse,5271,65
808878,Mouse,4191,64
808909,Mouse,4881,66
808935,Mouse,4266,67
808936,Mouse,4496,67
808944,Mouse,3293,64
809179,Mouse,5760,66
809257,Mouse,5027,65
809340,Mouse,4228,64
809380,Mouse,5552,66
809451,Mouse,3119,64
809609,Mouse,3522,64
809769,Mouse,3810,66
809872,Mouse,5628,72
809882,Mouse,5166,71
809969,Mouse,3360,75
810018,Mouse,3934,82
810030,Elephant,244878,778
810035,Mouse,3303,76
810075,Mouse,3022,75
810112,Elephant,123779,532
810124,Mouse,5252,70
810171,Mouse,3611,68
810389,Elephant,297232,872
810405,Mouse,5352,69
810677,Mouse,3577,70
810892,Mouse,3088,88
810972,Mouse,3124,102
811021,Mouse,4299,106
811037,Mouse,4412,114
811104,Mouse,4250,84
811122,Mouse,3319,82
811184,Elephant,467306,1249
811190,Mouse,3449,77
811200,Mouse,3322,77
811203,Mouse,3292,75
811216,Mouse,3457,70
811257,Mouse,4075,74
811264,Mouse,5205,78
811282,Mouse,5815,75
811316,Mouse,4998,73
811325,Mouse,3191,75
811444,Elephant,375904,1229
811458,Mouse,4868,67
811692,Mouse,4867,69
811822,Mouse,4182,76
811917,Mouse,5629,82
811987,Mouse,5463,77
812017,Elephant,333796,1002
812171,Mouse,4141,67
812202,Mouse,5813,79
812228,Mouse,4999,76
812299,Mouse,5532,84
812308,Mouse,3210,82
812322,Elephant,550837,1912
812327,Elephant,174796,676
812337,Mouse,5209,71
812351,Mouse,5675,78
812353,Mouse,4692,79
812373,Mouse,5080,69
812397,Elephant,41216,408
812409,Mouse,4708,67
812449,Mouse,4527,66
812455,Mouse,5757,66
812506,Mouse,3210,65
812507,Mouse,3480,65
812688,Mouse,3794,67
812854,Mouse,5663,67
812874,Mouse,3616,65
813153,Mouse,5217,72
813170,Mouse,5488,76
813228,Elephant,310944,868
813257,Mouse,4596,76
813274,Mouse,3682,68
813302,Mouse,3004,69
813418,Mouse,5657,70
813467,Mouse,4854,73
813501,Elephant,453462,1073
813676,Mouse,5349,70
813700,Mouse,4030,64
813811,Mouse,4353,71
813820,Mouse,5684,78
813881,Elephant,170683,640
813911,Mouse,5389,66
813927,Mouse,5312,65
813975,Mouse,5148,65
814039,Mouse,4038,64
814129,Mouse,5213,65
814183,Mouse,5802,66
814198,Mouse,5281,65
814243,Mouse,4035,67
814246,Mouse,5543,70
814340,Mouse,4677,65
814350,Mouse,3638,64
814381,Mouse,5104,65
814486,Mouse,4942,65
814695,Mouse,5050,65
814713,Mouse,5368,65
814722,Mouse,3591,64
814790,Mouse,5803,66
814798,Mouse,3427,64
814845,Mouse,4431,67
814847,Mouse,3193,66
814850,Mouse,3555,67
814856,Mouse,3929,64
814986,Mouse,4419,65
815068,Mouse,5415,65
815291,Elephant,129928,534
815339,Mouse,3070,64
815479,Mouse,4795,65
815500,Mouse,5056,65
815519,Mouse,3960,64
815563,Mouse,3101,65
815581,Mouse,5383,65
815610,Mouse,4778,71
815776,Elephant,47104,282
815783,Mouse,5452,66
815851,Elephant,67260,362
815934,Mouse,5619,70
815949,Mouse,3904,64
815953,Mouse,4959,66
815986,Mouse,4219,77
815988,Mouse,4743,74
815989,Mouse,5288,76
816120,Mouse,5364,65
816151,Mouse,4443,69
816169,Mouse,3390,65
816184,Mouse,4615,66
816294,Mouse,5365,69
816348,Mouse,3630,64
816415,Mouse,3271,71
816428,Mouse,4704,76
816446,Mouse,3631,67
816463,Elephant,256532,771
816471,Mouse,5086,73
816497,Mouse,3217,66
816633,Mouse,5619,66
816643,Mouse,5435,66
816655,Mouse,3360,67
816745,Mouse,4279,67
816760,Elephant,53234,336
816845,Mouse,5275,68
816901,Mouse,3752,64
816942,Mouse,5029,69
816964,Mouse,5442,71
816983,Mouse,3343,77
817157,Mouse,4079,89
817278,Mouse,5270,95
817285,Mouse,3862,94
817444,Mouse,3629,76
817493,Mouse,3561,80
817651,Mouse,4875,94
817701,Elephant,181732,947
817774,Mouse,5426,109
817784,Mouse,4611,99
817859,Mouse,4703,94
817879,Mouse,5510,94
817946,Mouse,4203,90
817980,Mouse,5014,96
817987,Mouse,3667,94
818006,Mouse,5171,97
818059,Mouse,4413,88
818099,Elephant,591260,1645
818145,Mouse,5654,76
818149,Mouse,4852,66
818322,Mouse,5741,77
818384,Mouse,3196,74
818395,Mouse,3060,78
818437,Mouse,4559,86
818705,Mouse,4856,90
818849,Mouse,5162,100
818911,Mouse,5036,104
818964,Elephant,573974,2315
818972,Mouse,3115,82
818997,Mouse,3440,81
819014,Mouse,5795,76
819041,Mouse,4630,74
819168,Mouse,4474,67
819223,Mouse,3794,67
819232,Mouse,3349,70
819264,Mouse,3502,78
819318,Mouse,4273,81
819347,Elephant,537147,2001
819376,Mouse,3554,69
819388,Mouse,3329,77
819389,Mouse,4969,82
819446,Mouse,4424,73
819454,Mouse,5074,74
819558,Mouse,4369,66
819585,Elephant,513631,1949
819626,Mouse,5807,67
819694,Mouse,3340,64
819794,Mouse,5444,66
819870,Mouse,5443,68
819872,Mouse,4842,68
819920,Mouse,5403,65
819982,Mouse,3679,64
819993,Mouse,3087,64
820167,Mouse,4567,71
820378,Mouse,5593,70
820390,Elephant,63855,339
820392,Mouse,4511,72
820482,Mouse,3469,64
820524,Mouse,5616,66
820591,Mouse,5097,65
820608,Mouse,3420,64
820675,Mouse,5008,65
820785,Mouse,3937,64
820792,Mouse,3081,64
820795,Mouse,3411,64
820831,Mouse,5099,65
820885,Mouse,3655,64
820903,Mouse,3567,68
820911,Mouse,4445,72
820921,Mouse,5055,76
820990,Mouse,5671,69
821005,Elephant,253016,825
821023,Mouse,4746,65
821032,Mouse,4409,68
821040,Mouse,3547,65
821071,Mouse,3809,64
821147,Mouse,3337,64
821315,Mouse,4941,65
821363,Mouse,4002,64
821388,Mouse,4622,65
821444,Mouse,3063,68
821484,Mouse,3125,65
821549,Mouse,3373,66
821584,Mouse,3234,64
821595,Mouse,5623,70
821666,Mouse,3098,64
821860,Mouse,5154,65
821872,Mouse,5158,67
821992,Mouse,3734,64
822000,Elephant,200289,401170
822052,Mouse,3603,64
822065,Elephant,275480,201375
822120,Mouse,3942,64
822193,Mouse,3725,67
822193,Mouse,3369,67
822285,Mouse,3571,64
822288,Mouse,3021,64
822361,Mouse,3365,64
822381,Mouse,3874,64
822428,Mouse,4129,64
822468,Mouse,5720,66
822557,Mouse,4955,65
822674,Mouse,3121,64
822690,Mouse,5343,65
822696,Mouse,4638,65
822753,Mouse,3300,64
822764,Mouse,4492,65
822769,Mouse,3282,64
822786,Mouse,3779,64
822803,Mouse,4236,64
822861,Mouse,5764,69
823080,Mouse,3710,66
823168,Mouse,4559,68
823213,Mouse,3668,64
823439,Mouse,4041,72
823446,Mouse,3884,67
823569,Mouse,4208,77
823577,Elephant,251249,784
823689,Mouse,4950,70
823744,Mouse,3732,71
823852,Elephant,348236,1026
823879,Mouse,4162,75
823888,Mouse,5041,70
823975,Mouse,3098,64
824047,Mouse,5503,73
824105,Mouse,3796,73
824292,Mouse,3364,74
824308,Mouse,4189,70
824509,Elephant,465442,1166
824517,Mouse,3757,73
824613,Mouse,4227,67
824691,Mouse,5074,67
824718,Mouse,5600,70
824727,Mouse,3926,66
824874,Mouse,3924,66
824900,Elephant,508061,1143
824926,Mouse,3748,67
825012,Mouse,5632,66
825156,Mouse,3548,64
825447,Mouse,4246,64
825564,Mouse,3242,64
825682,Mouse,4276,65
825709,Mouse,4514,65
825720,Mouse,3457,67
825780,Mouse,3543,64
825837,Mouse,3680,64
826036,Mouse,3162,64
826131,Mouse,3982,64
826175,Mouse,3211,64
826261,Mouse,4216,64
826267,Mouse,5508,66
826270,Mouse,4197,64
826277,Mouse,5325,66
826296,Mouse,5012,68
826377,Mouse,5061,70
826409,Elephant,281409,889
826413,Mouse,5326,68
826446,Mouse,4115,66
826493,Mouse,4812,65
826547,Mouse,4602,65
826558,Mouse,4022,64
826634,Mouse,4967,66
826637,Mouse,5710,68
826686,Mouse,3754,64
826825,Mouse,4842,65
826857,Mouse,3685,64
826924,Mouse,4261,65
827029,Mouse,3082,64
827079,Mouse,4282,65
827100,Mouse,3085,66
827108,Mouse,5411,66
827208,Mouse,5578,66
827233,Mouse,5532,69
827239,Mouse,4947,71
827252,Mouse,3250,64
827733,Mouse,4703,79
827766,Mouse,3796,90
827824,Mouse,3918,105
827925,Mouse,3147,68
828038,Mouse,3537,72
828088,Elephant,410391,1140
828119,Mouse,3109,75
828137,Mouse,5609,73
828146,Mouse,5009,76
828163,Mouse,5653,83
828185,Mouse,4178,78
828244,Mouse,3234,74
828312,Mouse,4963,76
828422,Mouse,5172,81
828444,Mouse,3054,77
828589,Elephant,92127,500
828710,Mouse,4214,82
828713,Mouse,5001,85
828729,Mouse,4737,90
828777,Mouse,4817,98
828784,Mouse,4763,102
828801,Mouse,4517,102
828809,Mouse,5027,106
828836,Mouse,4679,100
828842,Elephant,516786,1543
828877,Mouse,3702,82
828935,Mouse,3759,67
828942,Mouse,4272,68
829059,Mouse,5150,72
829072,Mouse,5240,74
829097,Mouse,4054,73
829099,Mouse,4115,76
829152,Mouse,3835,81
829246,Mouse,4794,90
829310,Mouse,4457,106
829362,Elephant,558653,2017
829386,Mouse,5798,117
829398,Mouse,5685,115
829566,Elephant,69482,508
829619,Mouse,4548,80
829685,Mouse,5169,86
829758,Mouse,3059,88
829774,Mouse,3845,95
829782,Elephant,523352,2234
829802,Mouse,3070,77
829814,Mouse,4257,86
829833,Mouse,4451,89
829843,Mouse,3571,72
830009,Mouse,5219,70
830038,Mouse,5282,74
830041,Mouse,3985,76
830151,Mouse,3541,80
830161,Mouse,4857,85
830185,Mouse,5536,92
830191,Mouse,5772,97
830198,Mouse,3431,100
830224,Mouse,4897,101
830252,Mouse,3808,102
830259,Mouse,3654,99
830274,Mouse,4142,99
830325,Mouse,3180,75
830354,Mouse,3872,75
830470,Mouse,5566,73
830512,Mouse,4637,81
830540,Mouse,3123,87
830557,Elephant,505512,1437
830605,Mouse,3193,80
830610,Mouse,4816,69
830865,Elephant,505935,1919
830938,Mouse,3351,65
830995,Mouse,5285,69
831008,Mouse,3620,72
831041,Mouse,3740,72
831183,Elephant,498955,1812
831206,Mouse,3594,96
831243,Mouse,5038,90
831280,Mouse,4765,87
831288,Mouse,5376,87
831363,Mouse,4368,76
831378,Mouse,5293,68
831472,Mouse,3292,71
831493,Elephant,146045,709
831502,Mouse,3895,75
831509,Mouse,3271,79
831566,Mouse,4691,82
831585,Mouse,3282,79
831624,Mouse,5024,75
831658,Mouse,4578,68
831775,Mouse,5405,72
831810,Mouse,3346,77
831842,Elephant,323512,1141
831845,Mouse,3824,77
831976,Mouse,3706,65
831997,Mouse,4764,67
832031,Mouse,3479,67
832131,Elephant,402605,1114
832234,Mouse,5671,66
832258,Mouse,5399,65
832323,Mouse,4090,66
832371,Mouse,4218,64
832455,Mouse,3494,64
832643,Mouse,3744,64
832652,Mouse,5260,67
832752,Mouse,3388,64
832787,Mouse,4616,70
832810,Mouse,4180,64
832840,Mouse,4894,73
832866,Mouse,4388,65
832978,Mouse,3601,64
833014,Mouse,4593,70
833030,Mouse,5323,65
833053,Mouse,3067,67
833061,Elephant,167940,599
833116,Mouse,3189,64
833148,Mouse,4590,66
833208,Mouse,3313,64
833259,Mouse,5321,65
833276,Mouse,5001,65
833376,Mouse,4722,65
833481,Mouse,4474,66
833551,Mouse,5326,76
833614,Mouse,3421,67
833633,Mouse,3460,71
833760,Mouse,4224,68
833987,Mouse,4589,92
834038,Elephant,188566,701
834074,Mouse,4544,80
834093,Mouse,5481,72
834188,Elephant,204982,825
834213,Mouse,3037,70
834405,Mouse,5040,73
834440,Mouse,3035,75
834446,Mouse,5470,80
834467,Mouse,3145,89
834483,Elephant,317667,1109
834541,Mouse,4334,77
834549,Mouse,5683,78
834559,Mouse,4406,78
834567,Mouse,5366,84
834574,Mouse,3066,83
834828,Mouse,4555,67
834845,Mouse,3826,71
834869,Mouse,5038,76
834886,Elephant,442816,1459
834939,Mouse,4627,69
834995,Mouse,5834,75
835013,Mouse,5539,66
835119,Mouse,4431,70
835185,Mouse,4561,65
835405,Elephant,502518,1307
835419,Mouse,3793,65
835425,Mouse,3842,65
835444,Mouse,4401,67
835454,Mouse,3383,69
835563,Mouse,3694,68
835574,Mouse,4690,69
835664,Mouse,4572,70
835668,Mouse,5316,72
835696,Mouse,5779,69
835773,Mouse,4569,69
835794,Mouse,3014,67
835852,Mouse,4297,69
836134,Mouse,5752,83
836203,Mouse,3120,86
836266,Elephant,447227,1099
836331,Mouse,5076,80
836422,Mouse,5164,68
836529,Mouse,4705,70
836552,Mouse,5354,72
836560,Mouse,5707,69
836567,Elephant,586033,1557
836576,Mouse,5130,70
836748,Mouse,4939,65
836829,Mouse,3489,64
836941,Mouse,4267,68
837013,Mouse,5660,69
837018,Mouse,3835,66
837030,Elephant,211466,845
837062,Mouse,3014,65
837088,Mouse,4951,68
837102,Mouse,4117,70
837111,Mouse,5599,66
837198,Mouse,4574,67
837224,Mouse,3906,68
837307,Mouse,3821,66
837356,Mouse,5446,68
837537,Mouse,3771,68
837577,Mouse,3804,67
837584,Elephant,345565,1006
837587,Mouse,4493,71
837654,Mouse,4707,70
837659,Mouse,4591,74
837722,Mouse,4772,65
837794,Mouse,4427,68
837804,Mouse,4697,72
837862,Elephant,300497,844
837885,Mouse,3509,64
838017,Mouse,4515,65
838026,Mouse,4164,64
838222,Mouse,4759,65
838242,Mouse,5527,66
838269,Mouse,4722,65
838360,Mouse,3385,64
838398,Mouse,4426,65
838423,Mouse,5205,65
838557,Mouse,4354,65
838561,Mouse,4649,65
838584,Mouse,4602,65
838595,Mouse,3760,64
838650,Mouse,5738,66
838850,Mouse,3923,64
838925,Mouse,4401,65
839003,Mouse,4354,65
839029,Mouse,4590,69
839150,Mouse,5354,65
839245,Mouse,5471,67
839274,Mouse,3612,66
839302,Mouse,5609,76
839303,Mouse,5678,76
839356,Mouse,4365,78
839379,Mouse,4481,77
839470,Mouse,4468,80
839552,Mouse,4021,74
839582,Elephant,286371,834
839671,Mouse,3470,64
839740,Mouse,5209,68
839748,Mouse,3182,70
839781,Mouse,5611,71
839802,Elephant,161483,743
839858,Mouse,3896,65
839892,Mouse,3218,64
840011,Mouse,4666,67
840021,Mouse,5289,70
840111,Elephant,351019,952
840206,Mouse,4301,65
840230,Mouse,3366,64
840237,Mouse,4069,66
840261,Mouse,5376,65
840494,Mouse,3003,64
840499,Mouse,5476,66
840521,Mouse,5368,65
840633,Mouse,4390,66
840795,Mouse,4425,65
840950,Mouse,3533,73
840976,Mouse,3038,69
841053,Mouse,5616,72
841086,Mouse,3236,77
841150,Mouse,3776,74
841261,Elephant,315977,904
841272,Elephant,163432,648
841335,Mouse,4862,81
841341,Mouse,3698,84
841370,Mouse,3116,75
841397,Mouse,4591,83
841415,Mouse,4961,76
841427,Mouse,4525,79
841477,Mouse,3961,80
841500,Mouse,3529,66
841516,Mouse,4236,68
841587,Mouse,4704,69
841721,Mouse,5811,76
841743,Mouse,3892,67
841849,Mouse,4538,74
841895,Elephant,396193,1114
841979,Mouse,3565,66
842044,Mouse,5599,70
842109,Mouse,5092,65
842205,Mouse,3478,70
842240,Mouse,3801,68
842266,Elephant,345671,945
842268,Mouse,4368,73
842296,Mouse,4277,72
842311,Mouse,5657,71
842325,Mouse,5059,66
842343,Mouse,5254,72
842349,Mouse,5768,68
842510,Mouse,4237,66
842520,Mouse,3648,68
842540,Mouse,3359,66
842599,Mouse,4273,70
842800,Mouse,3900,66
842821,Elephant,241625,734
842840,Mouse,4023,70
842884,Mouse,3413,68
842917,Elephant,100646,462
843052,Mouse,5070,65
843112,Mouse,4039,64
843131,Mouse,4829,67
843134,Mouse,5190,69
843200,Mouse,4538,65
843213,Mouse,3931,67
843216,Mouse,5397,70
843327,Mouse,3099,64
843373,Mouse,4696,65
843551,Mouse,3191,64
843624,Mouse,3608,74
843637,Mouse,5272,65
843641,Mouse,4350,65
843669,Mouse,3307,66
843680,Mouse,3935,65
843724,Mouse,5697,69
843766,Mouse,5135,68
843810,Mouse,3812,65
843878,Mouse,3035,69
843900,Mouse,3655,71
843918,Mouse,3986,67
843997,Mouse,4007,75
844010,Mouse,3834,72
844052,Mouse,3421,81
844111,Elephant,324901,1004
844120,Mouse,4876,80
844136,Mouse,3513,81
844213,Mouse,3922,64
844224,Mouse,5798,70
844272,Mouse,4543,71
844399,Mouse,5665,67
844412,Mouse,4392,69
844443,Mouse,4580,80
844467,Elephant,68976,545
844538,Mouse,3136,68
844543,Elephant,338957,1023
844549,Mouse,5831,73
844593,Mouse,3823,74
844732,Mouse,5137,81
844892,Mouse,3050,111
845025,Mouse,4317,111
845051,Mouse,4881,108
845129,Mouse,5235,96
845206,Mouse,5571,76
845356,Mouse,4335,75
845380,Mouse,5198,83
845430,Mouse,5802,95
845457,Mouse,4671,106
845458,Mouse,5501,104
845470,Mouse,5811,111
845485,Mouse,4121,107
845497,Mouse,4076,111
845547,Mouse,4883,96
845561,Mouse,5036,82
845579,Mouse,5458,81
845587,Mouse,4203,81
845641,Mouse,4927,82
845650,Mouse,3577,86
845750,Mouse,4634,85
845795,Mouse,5761,91
845848,Mouse,3557,101
845888,Mouse,5042,99
845917,Mouse,5141,94
845983,Mouse,3633,83
846037,Mouse,4415,80
846067,Elephant,524837,1941
846072,Elephant,331127,1690
846135,Mouse,4620,70
846159,Elephant,264856,1669
846195,Mouse,3752,71
846223,Mouse,5668,67
846236,Mouse,4190,70
846243,Mouse,3201,72
846301,Mouse,5091,74
846331,Mouse,5283,68
846367,Mouse,3847,68
846485,Mouse,4142,72
846489,Mouse,5622,71
846593,Mouse,5111,71
846610,Mouse,5365,76
846613,Mouse,3265,74
846777,Mouse,3146,66
846786,Elephant,586128,2285
846882,Mouse,3907,64
847077,Mouse,4059,64
847113,Mouse,3884,68
847251,Mouse,4789,65
847405,Mouse,5814,67
847422,Mouse,4960,71
847431,Mouse,5275,77
847472,Mouse,3136,73
847490,Mouse,4362,71
847502,Mouse,4267,70
847519,Mouse,4924,68
847555,Mouse,5207,75
847639,Mouse,3509,67
847679,Mouse,4091,68
847721,Mouse,3465,69
847765,Elephant,298446,896
847887,Mouse,3808,67
847946,Mouse,4788,68
847971,Mouse,3419,65
847985,Mouse,3888,67
847990,Mouse,3795,71
848088,Mouse,5590,71
848097,Elephant,393413,986
848099,Mouse,3064,72
848145,Mouse,5799,72
848198,Mouse,4837,65
848206,Mouse,4167,66
848273,Mouse,4483,65
848290,Mouse,3310,64
848336,Mouse,4314,66
848531,Mouse,3456,64
848543,Mouse,5169,65
848558,Mouse,3362,67
848564,Mouse,3935,70
848577,Mouse,5732,76
848609,Mouse,4108,74
848739,Mouse,3860,64
848904,Mouse,4765,70
848924,Mouse,5251,67
848968,Mouse,4814,69
849134,Elephant,586116,1206
849185,Mouse,3865,64
849225,Mouse,4685,65
849239,Mouse,3616,64
849322,Mouse,4058,64
849365,Mouse,3862,67
849367,Mouse,3393,66
849400,Mouse,4843,65
849566,Mouse,3355,64
849647,Mouse,3888,64
849697,Mouse,5492,70
849698,Mouse,5285,69
849711,Mouse,5108,65
849742,Mouse,3144,69
849758,Mouse,4967,65
849853,Mouse,3229,64
849902,Mouse,4517,65
850058,Mouse,5524,69
850093,Mouse,4798,65
850107,Mouse,5017,72
850169,Mouse,3606,64
850380,Mouse,5036,65
850402,Elephant,88900,413
850408,Mouse,3146,64
850421,Mouse,5256,65
850446,Mouse,5587,66
850453,Mouse,4083,64
850468,Mouse,3384,69
850471,Mouse,3162,65
850528,Mouse,3288,64
850555,Mouse,4290,67
850613,Mouse,4205,64
850619,Mouse,5698,66
850741,Mouse,4218,66
850751,Mouse,3026,64
850768,Mouse,3383,66
850769,Elephant,72238,370
850788,Mouse,3502,71
850847,Mouse,5450,66
850918,Mouse,4968,65
850925,Mouse,3131,64
850980,Mouse,3286,64
851064,Mouse,3746,64
851098,Mouse,5399,65
851152,Mouse,4776,65
851219,Mouse,4861,70
851228,Mouse,4122,71
851299,Mouse,5316,70
851321,Mouse,3187,64
851402,Mouse,3334,65
851436,Mouse,5548,70
851454,Mouse,3550,65
851461,Mouse,3919,71
851533,Mouse,3602,72
851552,Mouse,3494,68
851631,Mouse,4936,78
851655,Mouse,3421,83
851683,Elephant,507497,1146
851795,Mouse,3784,64
851801,Mouse,3043,65
851828,Elephant,119827,522
851839,Mouse,5085,66
851859,Mouse,3027,67
851876,Mouse,3185,64
851890,Mouse,4276,69
851928,Mouse,4701,66
851935,Elephant,66572,488
851990,Mouse,4167,67
852000,Mouse,5350,73
852079,Mouse,5232,68
852137,Mouse,4306,67
852147,Mouse,4598,65
852241,Mouse,3798,67
852304,Mouse,3062,71
852398,Mouse,4220,71
852432,Mouse,4724,70
852468,Mouse,5525,71
852490,Mouse,4667,72
852567,Mouse,4086,70
852571,Mouse,5702,73
852585,Mouse,3979,77
852590,Elephant,297467,849
852620,Mouse,4859,75
852626,Mouse,3232,78
852726,Mouse,4343,71
852735,Mouse,3207,64
852742,Mouse,3076,64
852830,Mouse,4559,66
852832,Mouse,4080,66
852889,Mouse,3226,67
852900,Elephant,143636,574
852927,Elephant,43075,280
852983,Mouse,4729,65
853041,Mouse,3692,67
853119,Elephant,149193,592
853157,Mouse,5697,68
853211,Mouse,4876,65
853248,Mouse,4783,65
853285,Mouse,3745,64
853348,Mouse,5078,65
853396,Mouse,4844,65
853435,Mouse,5437,66
853520,Mouse,4197,66
853522,Mouse,3860,66
853634,Mouse,5158,70
853677,Mouse,4280,69
853702,Mouse,3470,64
853707,Mouse,3830,67
853722,Mouse,4594,68
853800,Mouse,3737,68
853811,Mouse,4740,70
853881,Mouse,5534,67
853997,Mouse,5553,69
854083,Mouse,5376,69
854089,Mouse,3932,66
854104,Elephant,461808,1063
854114,Mouse,4452,66
854128,Mouse,3930,66
854140,Mouse,4296,65
854152,Mouse,4903,65
854345,Mouse,4606,67
854347,Mouse,5097,68
854352,Mouse,3030,64
854373,Mouse,5115,69
854411,Mouse,3303,67
854440,Mouse,4166,64
854529,Mouse,4920,65
854541,Mouse,4174,68
854553,Mouse,5330,65
854573,Mouse,3097,64
854596,Mouse,4083,67
854613,Mouse,5582,66
854637,Mouse,3872,67
854742,Mouse,4975,70
854747,Mouse,4691,68
854757,Mouse,5306,69
854770,Mouse,5791,68
854899,Mouse,4138,64
854928,Mouse,4652,74
854990,Elephant,285659,815
855047,Mouse,3824,65
855049,Mouse,3292,66
855062,Elephant,69412,434
855065,Mouse,5244,68
855186,Mouse,3716,67
855249,Mouse,3362,64
855278,Elephant,105207,478
855286,Mouse,3305,64
855351,Mouse,4014,64
855405,Mouse,3514,64
855496,Mouse,3467,64
855529,Mouse,4760,65
855540,Mouse,3182,64
855593,Mouse,5423,65
855681,Mouse,3856,64
855743,Mouse,4328,65
855937,Mouse,3224,64
855964,Mouse,5589,66
855969,Mouse,5671,66
856130,Mouse,3534,64
856156,Mouse,3709,64
856171,Mouse,3246,64
856207,Mouse,4707,65
856211,Mouse,4202,64
856353,Mouse,5586,66
856403,Mouse,3208,64
856459,Mouse,5269,67
856533,Mouse,3279,64
856559,Mouse,5547,66
856634,Mouse,4543,69
856639,Mouse,5162,70
856731,Mouse,3017,67
856949,Elephant,246414,768
856951,Mouse,4833,73
856979,Mouse,4282,72
856993,Mouse,4601,79
857001,Mouse,3521,78
857042,Mouse,4684,80
857082,Mouse,3453,68
857091,Mouse,5735,66
857161,Mouse,4945,72
857182,Elephant,131244,535
857207,Mouse,5428,74
857231,Mouse,5629,82
857255,Mouse,3139,66
857275,Mouse,3686,74
857364,Mouse,5528,74
857430,Mouse,5212,78
857542,Mouse,5289,71
857571,Elephant,308449,877
857702,Mouse,4663,73
857707,Mouse,5326,70
857795,Mouse,3258,71
857795,Mouse,3483,73
857849,Elephant,365527,979
857853,Mouse,3102,68
857870,Mouse,4824,71
857878,Mouse,3480,64
857981,Mouse,3366,64
858126,Mouse,3135,66
858159,Mouse,5064,68
858177,Mouse,3359,69
858230,Mouse,5461,70
858244,Mouse,4704,68
858268,Mouse,4070,69
858373,Mouse,3782,70
858392,Mouse,4272,66
858422,Mouse,4777,75
858481,Mouse,5480,67
858499,Mouse,4871,68
858544,Elephant,106660,201239
858571,Elephant,351713,991
858594,Mouse,3211,67
858796,Mouse,5762,66
858945,Mouse,4056,64
858952,Mouse,3901,64
858954,Elephant,255673,864
858986,Mouse,3321,65
858998,Mouse,5150,65
859047,Mouse,5380,67
859052,Mouse,4923,69
859106,Mouse,5644,66
859201,Mouse,5086,68
859230,Mouse,3298,66
859260,Mouse,3354,64
859344,Mouse,4438,69
859358,Mouse,5710,71
859366,Mouse,4970,73
859462,Mouse,5266,68
859470,Mouse,3861,70
859482,Mouse,3647,73
859505,Elephant,151289,583
859543,Mouse,4934,73
859593,Mouse,3740,66
859609,Mouse,3046,64
859671,Mouse,4953,69
859678,Mouse,4368,69
859788,Elephant,272370,804
859868,Mouse,5125,65
859873,Mouse,5356,65
859913,Mouse,5339,66
859947,Elephant,40772,243
860001,Mouse,4386,67
860002,Mouse,4091,68
860018,Mouse,4888,65
860035,Mouse,3207,64
860047,Mouse,3880,68
860187,Mouse,3727,64
860201,Elephant,38997,241
860327,Mouse,3554,68
860378,Mouse,3805,69
860400,Mouse,4030,64
860512,Mouse,3966,64
860532,Mouse,3722,64
860546,Elephant,162067,589
860586,Mouse,4817,65
860591,Mouse,3931,65
860646,Mouse,5521,66
860688,Mouse,3006,64
860727,Mouse,5544,66
860843,Mouse,5606,66
861086,Mouse,3341,64
861104,Mouse,4863,65
861133,Mouse,5438,66
861140,Mouse,3270,64
861165,Mouse,4056,64
861218,Mouse,3632,64
861224,Mouse,4099,65
861263,Mouse,3539,65
861293,Mouse,4767,65
861296,Mouse,3488,64
861303,Mouse,4667,65
861370,Mouse,3185,64
861382,Mouse,5277,67
861424,Mouse,5548,69
861469,Mouse,4273,65
861530,Mouse,3973,64
861554,Mouse,3333,66
861596,Mouse,4585,69
861605,Mouse,3948,64
861629,Mouse,5577,67
861754,Mouse,3844,64
861812,Mouse,4263,67
861828,Mouse,3875,64
861914,Mouse,4498,68
862002,Mouse,3700,66
862020,Mouse,3089,64
862028,Mouse,5113,69
862262,Elephant,93191,452
862286,Mouse,5227,97
862371,Mouse,4547,80
862376,Mouse,4309,82
862518,Mouse,3476,86
862524,Mouse,3970,88
862551,Elephant,522477,1328
862565,Mouse,3463,97
862594,Mouse,5431,90
862598,Mouse,4165,88
862642,Mouse,3091,76
862649,Mouse,5238,76
862692,Mouse,5727,71
862854,Mouse,4759,72
862884,Mouse,5027,68
862930,Mouse,3718,76
863076,Mouse,5296,79
863122,Mouse,3778,86
863165,Elephant,547915,1429
863273,Mouse,4606,69
863384,Mouse,5247,69
863398,Elephant,391023,1338
863440,Mouse,3497,66
863443,Mouse,5052,67
863491,Mouse,5291,75
863538,Mouse,3752,69
863604,Mouse,3617,66
863645,Mouse,3539,67
863647,Elephant,220521,864
863655,Mouse,3419,64
863677,Mouse,4471,67
863713,Mouse,5301,67
863718,Mouse,5541,68
863912,Mouse,3001,63
864098,Mouse,5650,70
864172,Mouse,3609,69
864181,Mouse,4402,66
864224,Mouse,4079,71
864251,Mouse,5273,67
864353,Mouse,3516,66
864441,Mouse,5318,69
864656,Elephant,485914,1275
864692,Mouse,3730,70
864705,Mouse,3840,70
864709,Mouse,3469,72
864730,Mouse,3282,66
864764,Mouse,3424,68
864814,Mouse,3044,69
864824,Mouse,4037,67
864841,Mouse,5387,69
864845,Mouse,4930,71
864850,Mouse,3429,73
864880,Mouse,4380,75
864928,Mouse,3557,75
865091,Elephant,512769,1144
865244,Mouse,3582,67
865282,Mouse,4268,68
865347,Mouse,3345,67
865408,Mouse,4771,69
865468,Mouse,5302,72
865542,Mouse,4214,68
865546,Mouse,3481,70
865671,Mouse,4600,69
865786,Elephant,599698,1247
865794,Mouse,3025,70
865929,Mouse,4755,68
865989,Mouse,4569,71
865999,Mouse,3315,64
866004,Mouse,4913,66
866244,Mouse,5766,70
866271,Mouse,3848,75
866291,Mouse,4601,72
866382,Mouse,5070,75
866498,Elephant,584463,1359
866516,Mouse,5385,79
866519,Mouse,3627,77
866558,Mouse,4593,75
866563,Mouse,3282,70
866579,Mouse,5738,68
866641,Mouse,3159,72
866650,Mouse,5212,78
866687,Mouse,4732,76
866731,Mouse,3100,70
866739,Mouse,3006,68
866753,Mouse,5347,72
866770,Mouse,4093,72
866863,Mouse,3826,68
866863,Mouse,5281,72
866886,Mouse,5615,69
866900,Mouse,5284,71
867012,Elephant,458408,1127
867051,Mouse,3675,65
867207,Mouse,5577,70
867213,Mouse,3556,69
867282,Mouse,4052,65
867312,Mouse,5473,66
867321,Mouse,5181,65
867381,Mouse,5097,70
867434,Elephant,292703,868
867461,Mouse,3433,65
867485,Mouse,5542,66
867508,Mouse,5790,67
867706,Mouse,5451,66
867746,Mouse,4473,65
867763,Mouse,5034,65
867930,Mouse,3470,64
867949,Mouse,5021,65
868007,Mouse,5784,72
868033,Mouse,3171,64
868093,Elephant,92663,418
868137,Mouse,3429,65
868161,Mouse,5630,66
868267,Mouse,4216,64
868527,Mouse,5007,65
868548,Mouse,3393,64
868748,Mouse,5525,68
868772,Mouse,4567,65
868784,Mouse,3560,67
868803,Mouse,5570,75
868814,Mouse,3807,74
868849,Mouse,4939,73
868864,Elephant,153529,580
868906,Mouse,5501,67
868912,Mouse,3957,68
868918,Mouse,3308,64
868931,Mouse,4679,69
868984,Mouse,4280,76
869039,Mouse,3617,71
869042,Mouse,3076,66
869276,Mouse,3833,73
869284,Mouse,3685,75
869295,Mouse,4243,74
869406,Mouse,5280,84
869489,Mouse,4154,90
869913,Mouse,3332,98
869951,Mouse,3413,96
869977,Mouse,5363,101
870070,Mouse,3468,91
870087,Mouse,3216,91
870090,Elephant,581734,1534
870107,Mouse,3033,81
870289,Elephant,485789,1603
870297,Mouse,4944,72
870333,Mouse,3610,71
870345,Mouse,5105,71
870369,Mouse,5522,81
870419,Elephant,204303,1109
870430,Mouse,4307,70
870442,Elephant,264110,1246
870488,Mouse,3780,69
870506,Mouse,5357,65
870592,Mouse,3033,64
870624,Mouse,3801,67
870637,Mouse,5736,70
870907,Mouse,4205,66
870922,Elephant,339826,1462
870951,Mouse,4043,67
870996,Mouse,4549,67
871040,Mouse,5617,70
871074,Mouse,5221,68
871188,Mouse,4597,65
871313,Mouse,4248,70
871343,Mouse,5679,70
871363,Mouse,5050,69
871475,Elephant,293089,903
871595,Mouse,3890,64
871624,Mouse,3974,65
871656,Mouse,4176,68
871675,Mouse,5636,66
871716,Mouse,3700,65
871806,Mouse,3189,64
871813,Mouse,4390,65
871976,Mouse,4282,67
872039,Elephant,364183,938
872569,Elephant,165154,722
872758,Mouse,4094,72
872854,Mouse,3617,67
872888,Mouse,4415,69
872906,Mouse,3904,64
873247,Mouse,5734,92
873260,Elephant,136521,626
873298,Mouse,5363,90
873307,Mouse,3548,92
873315,Mouse,3843,94
873318,Elephant,452627,1209
873319,Mouse,5570,95
873322,Mouse,3377,71
873367,Mouse,3379,69
873398,Mouse,3464,64
873436,Mouse,5361,67
873453,Mouse,4362,65
873570,Mouse,3188,67
873574,Mouse,3828,65
873577,Mouse,4500,67
873594,Mouse,4107,64
873605,Mouse,3274,66
873617,Mouse,4446,69
873706,Mouse,5028,65
873725,Mouse,4450,70
873772,Mouse,3369,71
873787,Mouse,5828,76
873796,Mouse,5119,78
873798,Elephant,372332,1081
873932,Mouse,4198,64
874132,Mouse,4074,69
874403,Mouse,3447,71
874427,Elephant,276298,815
874545,Mouse,4764,67
874785,Mouse,5073,65
874831,Mouse,4498,70
874851,Mouse,4787,73
874913,Elephant,382821,957
874927,Mouse,4101,65
874984,Mouse,5305,70
875014,Mouse,4060,64
875196,Mouse,4641,69
875208,Mouse,4025,71
875222,Mouse,4398,71
875260,Mouse,5062,75
875412,Mouse,5688,70
875452,Elephant,32555,252
875485,Elephant,282829,837
875496,Mouse,3474,65
875613,Mouse,5013,73
875752,Mouse,5268,65
875838,Mouse,4896,65
875895,Mouse,5370,68
875908,Mouse,3960,70
875959,Mouse,4431,75
876026,Elephant,421588,1029
876095,Mouse,4314,65
876105,Mouse,3872,64
876244,Mouse,4619,65
876362,Mouse,3616,70
876453,Mouse,3580,74
876461,Mouse,5190,76
876463,Mouse,5620,78
876476,Elephant,76953,373
876582,Mouse,5828,74
876598,Mouse,5087,81
876601,Mouse,3606,75
876650,Mouse,3941,66
876693,Elephant,195044,672
876771,Elephant,146793,577
876810,Mouse,3613,65
876856,Mouse,4115,64
876911,Mouse,5045,65
876982,Mouse,5036,65
877029,Mouse,4032,64
877059,Mouse,5806,66
877118,Mouse,4500,65
877163,Mouse,4548,66
877218,Mouse,3832,64
877301,Mouse,5466,66
877351,Mouse,4112,64
877384,Mouse,5813,66
877399,Mouse,5208,65
877410,Mouse,5376,70
877420,Mouse,5790,66
877525,Mouse,5225,65
877596,Mouse,3813,64
877683,Mouse,5276,70
877699,Mouse,3683,64
877723,Mouse,5085,71
877779,Mouse,5674,66
877915,Mouse,5162,65
877971,Mouse,5496,70
878121,Mouse,4855,73
878172,Mouse,4155,79
878190,Elephant,371074,980
878197,Mouse,5804,85
878281,Mouse,4260,65
878365,Mouse,5703,72
878453,Mouse,5823,68
878504,Mouse,4945,72
878592,Elephant,452688,1084
878611,Mouse,4958,66
878620,Mouse,3853,65
878692,Mouse,3833,64
878863,Mouse,3542,71
878872,Mouse,4883,65
878943,Mouse,4764,68
879023,Mouse,3620,66
879064,Mouse,4138,66
879137,Mouse,3077,66
879210,Mouse,4701,69
879232,Mouse,4422,69
879252,Mouse,5513,71
879254,Elephant,446627,1048
879266,Mouse,4622,65
879318,Mouse,3028,64
879330,Mouse,5061,65
879387,Mouse,4794,65
879625,Mouse,5467,67
879626,Mouse,3530,66
879729,Mouse,4731,65
879792,Mouse,3005,63
879822,Mouse,3630,64
879920,Mouse,5396,65
879934,Mouse,5080,65
879975,Mouse,5492,66
880011,Mouse,4814,65
880064,Mouse,3296,65
880108,Mouse,3056,65
880254,Mouse,4604,65
880263,Mouse,4769,65
880266,Mouse,3156,64
880356,Mouse,5575,70
880463,Mouse,3188,64
880609,Mouse,4305,65
880782,Mouse,5810,66
880824,Mouse,4400,66
880850,Mouse,5733,66
880882,Mouse,4063,64
880892,Mouse,4748,66
880915,Mouse,5050,65
880945,Mouse,3906,64
880953,Mouse,4828,65
880962,Mouse,3843,64
880969,Mouse,4086,64
880978,Mouse,5796,66
881001,Mouse,5420,66
881004,Mouse,3591,65
881020,Mouse,5248,67
881048,Mouse,3233,64
881130,Mouse,3638,65
881175,Mouse,3684,65
881347,Mouse,3297,64
881398,Mouse,5489,66
881433,Elephant,108826,459
881496,Mouse,3856,64
881563,Mouse,4494,65
881576,Mouse,3611,64
881583,Mouse,5185,65
881644,Mouse,4317,65
881745,Mouse,4201,64
881767,Mouse,5590,66
881852,Mouse,4565,65
881871,Mouse,4561,65
881903,Mouse,4911,65
881930,Mouse,4680,65
881978,Mouse,4443,65
882025,Mouse,3327,64
882051,Mouse,5697,66
882117,Mouse,5245,65
882143,Mouse,4699,65
882171,Mouse,4053,64
882259,Mouse,3775,64
882273,Mouse,3315,64
882342,Mouse,4869,65
882356,Mouse,3218,65
882359,Mouse,3756,66
882415,Mouse,4015,64
882534,Mouse,5701,66
882572,Mouse,3822,68
882717,Elephant,60226,325
882773,Mouse,3428,64
882786,Mouse,5126,69
882898,Mouse,3359,64
882943,Mouse,3407,65
883003,Mouse,5816,70
883096,Mouse,4702,69
883120,Mouse,5311,65
883179,Mouse,5307,68
883186,Mouse,5137,71
883336,Mouse,5609,66
883355,Elephant,582644,1197
883372,Mouse,5689,69
883383,Mouse,5253,69
883385,Mouse,3719,67
883424,Mouse,3753,65
883434,Mouse,5204,65
883508,Mouse,4842,65
883575,Mouse,3054,64
883647,Mouse,4289,68
883658,Mouse,5545,66
883677,Mouse,3984,64
883691,Mouse,3945,66
883815,Mouse,4122,68
883821,Mouse,4298,66
883971,Mouse,4685,69
883975,Mouse,3127,64
883999,Mouse,3907,68
884037,Mouse,5758,70
884048,Mouse,4632,75
884068,Mouse,3651,66
884082,Mouse,4584,71
884111,Mouse,3919,66
884135,Elephant,93104,200783
884239,Mouse,4596,65
884282,Mouse,5581,70
884332,Mouse,5611,77
884385,Mouse,4993,90
884396,Mouse,5444,93
884451,Mouse,3227,92
884534,Mouse,4838,95
884537,Mouse,3853,94
884623,Mouse,5660,108
884659,Mouse,4406,109
884707,Mouse,3869,101
884711,Mouse,5747,102
884811,Mouse,4068,75
884836,Mouse,4589,81
884961,Mouse,3864,103
884997,Mouse,3583,103
885029,Mouse,5654,111
885099,Mouse,4838,109
885162,Elephant,149648,941
885189,Mouse,5801,86
885193,Mouse,3373,85
885255,Elephant,588317,1723
885317,Mouse,3712,65
885398,Mouse,5322,71
885441,Mouse,5357,76
885488,Mouse,5838,80
885559,Elephant,499654,1701
885668,Mouse,4293,68
885692,Mouse,5323,68
885739,Mouse,3890,69
885749,Mouse,5104,74
885811,Mouse,3591,76
885863,Mouse,5065,76
885918,Mouse,5449,85
886022,Mouse,5447,92
886046,Mouse,5125,95
886086,Elephant,389053,1861
886087,Mouse,4287,91
886134,Mouse,3960,68
886136,Mouse,4631,69
886167,Mouse,3808,69
886279,Elephant,466915,201802
886312,Mouse,3512,64
886425,Mouse,4054,64
886667,Mouse,4969,66
886677,Mouse,4697,65
886794,Mouse,4398,65
886805,Mouse,4430,67
886815,Mouse,3879,65
886818,Mouse,4941,67
886880,Mouse,5562,67
886926,Mouse,3916,67
886973,Mouse,5673,70
887016,Mouse,3857,64
887140,Mouse,3692,66
887168,Mouse,3216,65
887241,Mouse,5600,66
887286,Mouse,4741,66
887307,Mouse,4833,66
887402,Mouse,3755,67
887438,Mouse,3689,66
887555,Mouse,5237,76
887562,Elephant,30255,210
887595,Mouse,5816,73
887709,Mouse,5331,70
887746,Mouse,4154,66
887845,Mouse,3199,70
887895,Mouse,3532,81
887906,Mouse,4368,83
887985,Mouse,4473,93
888076,Elephant,263579,918
888081,Mouse,4359,105
888082,Elephant,219233,777
888091,Mouse,3790,100
888113,Mouse,4645,93
888153,Mouse,4776,87
888164,Mouse,4253,78
888265,Mouse,3484,69
888273,Mouse,4245,70
888347,Elephant,246277,914
888357,Mouse,5365,68
888363,Mouse,3063,66
888386,Mouse,4441,68
888405,Mouse,3311,69
888501,Mouse,3261,66
888523,Mouse,3372,67
888535,Mouse,3912,68
888923,Elephant,289757,817
888947,Mouse,3477,65
889044,Mouse,4610,68
889181,Mouse,3323,65
889520,Elephant,143398,546
889588,Mouse,4473,69
889846,Mouse,3448,68
889889,Mouse,5273,71
890028,Mouse,4107,69
890039,Mouse,5365,74
890068,Mouse,3495,75
890105,Mouse,3749,83
890125,Elephant,452411,1177
890128,Mouse,3881,86
890173,Mouse,4045,71
890206,Mouse,4145,67
890256,Elephant,294461,841
890259,Mouse,4102,67
890272,Mouse,3007,67
890358,Mouse,4289,66
890509,Mouse,5190,65
890563,Mouse,3351,64
890601,Mouse,3565,64
890628,Mouse,3721,64
890703,Mouse,4211,68
890886,Mouse,3064,70
890887,Mouse,5377,72
890977,Mouse,4112,67
891027,Mouse,4204,70
891090,Elephant,39316,261
891101,Mouse,5757,76
891215,Mouse,3612,65
891371,Mouse,4025,67
891423,Mouse,4202,71
891492,Elephant,573883,1373
891500,Mouse,5283,75
891619,Mouse,5137,65
891643,Mouse,4480,68
891755,Mouse,3906,67
891855,Mouse,3944,68
891860,Mouse,5050,73
891970,Mouse,3652,71
892012,Mouse,5789,76
892047,Mouse,5100,73
892139,Mouse,5444,80
892285,Elephant,588779,1626
892307,Mouse,4517,77
892341,Mouse,5585,70
892395,Mouse,4622,74
892448,Elephant,479528,1137
892484,Mouse,4403,65
892495,Mouse,3368,64
892611,Mouse,5450,66
892648,Mouse,5517,66
892697,Mouse,5323,65
892836,Mouse,3827,64
892860,Mouse,5587,70
893100,Mouse,3804,64
893161,Mouse,5818,69
893173,Mouse,4770,70
893212,Mouse,5789,72
893307,Elephant,347235,904
893376,Mouse,4629,65
893382,Mouse,5446,66
893505,Mouse,4974,65
893566,Mouse,5095,65
893578,Mouse,3377,64
893737,Mouse,3780,66
893739,Mouse,5597,69
893879,Mouse,5172,65
893891,Mouse,3154,64
893925,Mouse,5759,66
893958,Mouse,3304,64
894009,Mouse,5232,68
894018,Mouse,3909,66
894032,Mouse,4547,65
894453,Mouse,3034,64
894511,Mouse,3773,64
894523,Mouse,3888,65
894525,Mouse,3917,66
894571,Mouse,5061,68
894595,Mouse,5301,65
894634,Mouse,5467,66
894686,Mouse,5391,65
894735,Mouse,3245,65
894737,Mouse,5294,68
894832,Mouse,3030,64
895019,Mouse,4958,65
895122,Mouse,4752,65
895271,Mouse,3379,67
895357,Mouse,4754,70
895377,Mouse,3251,64
895492,Mouse,3460,67
895690,Mouse,4877,65
895758,Mouse,4105,64
895801,Mouse,4465,70
895889,Mouse,3136,74
895904,Mouse,4875,74
896067,Mouse,3401,96
896070,Mouse,3233,98
896092,Mouse,5474,107
896104,Elephant,564802,1390
896157,Mouse,5823,95
896205,Mouse,5801,71
896217,Mouse,5535,70
896362,Mouse,4213,80
896484,Mouse,5071,99
896582,Mouse,5248,112
896608,Mouse,5290,108
896620,Mouse,4306,107
896670,Mouse,3240,84
896741,Mouse,3815,72
896761,Mouse,4681,80
896808,Mouse,5095,89
896905,Mouse,5036,91
896942,Mouse,3593,96
896977,Mouse,3504,104
897064,Mouse,3101,92
897077,Elephant,190144,1352
897105,Mouse,5482,81
897122,Mouse,3499,80
897152,Mouse,3768,79
897173,Mouse,3081,89
897199,Mouse,4123,88
897220,Mouse,3303,89
897284,Mouse,4847,94
897391,Mouse,4051,95
897440,Mouse,4374,103
897484,Mouse,3557,102
897492,Mouse,3598,102
897507,Mouse,3172,106
897514,Mouse,5223,107
897548,Mouse,4374,89
897633,Elephant,276957,1750
897768,Mouse,5775,95
897785,Elephant,356324,1748
897809,Mouse,5693,96
897837,Mouse,3402,96
897844,Mouse,4707,99
897949,Mouse,3808,74
897962,Elephant,510172,2253
898089,Mouse,5396,73
898205,Mouse,3064,88
898347,Mouse,3856,94
898382,Mouse,4199,90
898424,Elephant,578700,2603
898477,Mouse,5482,78
898486,Elephant,503694,2386
898488,Mouse,4225,72
898490,Mouse,4179,73
898575,Mouse,5267,65
898750,Mouse,3466,72
898809,Mouse,4209,68
898858,Mouse,3964,71
898877,Mouse,4241,73
898890,Mouse,3014,74
898981,Mouse,5026,81
899011,Mouse,4811,81
899028,Elephant,306946,1474
899064,Mouse,5037,85
899135,Elephant,428602,1399
899218,Mouse,5239,65
899250,Mouse,3045,69
899253,Mouse,5104,69
899288,Mouse,5810,71
899302,Mouse,3287,71
899309,Mouse,5744,77
899432,Mouse,5228,71
899583,Mouse,5337,65
899621,Mouse,5534,66
899634,Elephant,335329,1009
899696,Mouse,5057,65
899769,Mouse,4326,65
899782,Mouse,5729,66
899900,Mouse,4734,65
899909,Mouse,5109,65
900038,Mouse,3131,65
900210,Mouse,5081,69
900223,Mouse,4154,71
900288,Mouse,3145,66
900492,Mouse,3969,82
900533,Mouse,5742,93
900559,Elephant,190288,679
900601,Mouse,5271,101
900647,Mouse,4314,66
900867,Mouse,3879,73
900876,Mouse,3036,72
901125,Mouse,3834,98
901138,Mouse,4855,104
901146,Elephant,392393,1172
901180,Elephant,563204,1460
901246,Mouse,3132,72
901281,Mouse,4231,66
901353,Mouse,3615,64
901412,Mouse,3463,67
901496,Mouse,3575,67
901536,Mouse,4898,71
901556,Mouse,3745,68
901574,Mouse,3572,76
901598,Mouse,3908,77
901665,Mouse,5509,87
901676,Mouse,3759,90
901706,Mouse,4821,93
901756,Mouse,5600,88
901796,Elephant,52706,416
901875,Elephant,343528,1143
901884,Mouse,4206,66
901961,Mouse,3522,69
902010,Mouse,4586,72
902013,Mouse,4278,70
902105,Mouse,5370,77
902200,Mouse,4482,82
902219,Elephant,30311,220
902415,Mouse,3129,86
902558,Elephant,545019,1601
902591,Mouse,4355,90
902625,Mouse,4731,78
902678,Mouse,4552,78
902807,Elephant,384888,1313
902953,Elephant,204656,784
902985,Mouse,4758,67
903004,Mouse,3415,64
903067,Elephant,261327,1111
903073,Mouse,3579,64
903235,Mouse,3679,64
903254,Mouse,5169,65
903290,Mouse,3920,64
903323,Mouse,5712,66
903404,Mouse,4830,65
903535,Mouse,3378,64
903569,Mouse,3874,64
903573,Mouse,4034,64
903579,Mouse,3632,64
903598,Mouse,4481,65
903646,Mouse,3852,67
903647,Mouse,5344,71
903655,Mouse,3864,64
903887,Mouse,4287,65
903993,Mouse,5155,65
904040,Mouse,5538,66
904085,Mouse,3168,64
904153,Mouse,3698,64
904185,Mouse,4396,65
904255,Mouse,3989,64
904388,Elephant,81062,405
904422,Mouse,4512,65
904447,Mouse,5317,65
904612,Mouse,5510,66
904691,Mouse,5044,65
904772,Mouse,3453,64
904834,Mouse,4674,67
904926,Mouse,5207,65
904979,Mouse,3896,64
905033,Mouse,4642,65
905065,Mouse,3858,64
905158,Mouse,5309,65
905206,Mouse,3136,64
905285,Mouse,3755,75
905296,Mouse,3058,64
905313,Mouse,5732,70
905371,Mouse,3920,77
905444,Mouse,5563,68
905510,Mouse,4923,71
905547,Mouse,5153,79
905571,Mouse,4679,87
905611,Elephant,184401,676
905625,Mouse,5013,91
905744,Mouse,4724,73
905867,Mouse,5712,74
905884,Mouse,3558,81
905887,Mouse,3037,79
905895,Mouse,4250,84
905909,Elephant,435677,1145
905935,Mouse,4979,80
905958,Mouse,3109,75
905958,Mouse,3778,80
906051,Mouse,3437,67
906140,Mouse,3661,67
906166,Mouse,4109,67
906214,Mouse,5530,71
906232,Mouse,3942,67
906349,Mouse,3583,76
906385,Mouse,3918,83
906474,Mouse,4251,104
906488,Mouse,5794,108
906542,Mouse,5645,112
906777,Mouse,4174,86
906784,Mouse,3058,86
906846,Elephant,451551,1450
906890,Mouse,3342,90
906909,Mouse,4414,85
906936,Mouse,4584,74
906962,Elephant,528148,1390
907042,Mouse,3359,65
907092,Mouse,5819,72
907195,Elephant,206227,888
907254,Mouse,3781,67
907306,Mouse,3009,71
907314,Mouse,3309,74
907360,Mouse,3813,73
907384,Mouse,5004,79
907412,Mouse,4992,77
907442,Mouse,4875,84
907470,Mouse,5726,86
907548,Mouse,3291,95
907578,Mouse,4786,96
907668,Mouse,3994,110
907704,Mouse,3028,121
907877,Mouse,4528,82
907884,Mouse,4514,80
907903,Mouse,5396,78
907953,Mouse,5363,75
907961,Elephant,116478,741
908146,Mouse,5469,91
908262,Mouse,3438,114
908306,Mouse,5334,119
908326,Mouse,5742,124
908328,Mouse,5791,125
908368,Elephant,585544,2165
908418,Mouse,5601,112
908434,Mouse,3789,98
908451,Mouse,5751,96
908471,Mouse,5760,84
908497,Mouse,4204,67
908542,Mouse,5203,74
908589,Mouse,4934,75
908601,Mouse,4976,75
908682,Mouse,4437,74
908721,Mouse,3635,81
908870,Mouse,3182,91
908910,Mouse,4014,105
908927,Mouse,5342,110
909089,Mouse,4506,89
909212,Mouse,3138,106
909251,Mouse,4989,108
909281,Mouse,4975,110
909319,Mouse,3733,107
909332,Mouse,3039,104
909380,Mouse,3517,108
909397,Mouse,4533,106
909444,Mouse,4776,103
909462,Mouse,4489,102
909486,Mouse,3597,96
909677,Elephant,406164,2531
909803,Mouse,4158,80
909930,Mouse,5676,93
909949,Mouse,3837,99
909983,Mouse,3058,104
910099,Mouse,4752,107
910102,Mouse,5316,108
910149,Elephant,593927,3049
910357,Mouse,5614,90
910368,Elephant,408110,2367
910378,Mouse,4992,86
910459,Mouse,3616,76
910497,Mouse,5202,83
910601,Mouse,3010,80
910636,Mouse,5491,88
910681,Mouse,3817,100
910712,Mouse,5264,100
910731,Mouse,3689,95
910761,Mouse,5249,97
910873,Mouse,3370,78
910929,Mouse,4391,88
910968,Elephant,339649,1974
910994,Mouse,5647,94
911031,Mouse,4706,103
911055,Mouse,5377,94
911109,Mouse,4536,97
911175,Mouse,3398,83
911190,Mouse,3362,89
911243,Elephant,515023,2856
911246,Mouse,5195,89
911275,Mouse,3674,75
911315,Mouse,5646,75
911355,Mouse,5363,70
911413,Mouse,3399,68
911461,Mouse,3081,69
911532,Mouse,3043,75
911686,Mouse,3221,66
911814,Mouse,3986,68
911839,Mouse,3806,80
911912,Mouse,5426,75
912050,Mouse,3000,84
912067,Mouse,4316,88
912075,Mouse,3574,91
912097,Mouse,5712,99
912116,Mouse,3791,105
912193,Mouse,3597,127
912343,Mouse,3582,103
912375,Mouse,4513,101
912401,Mouse,4540,98
912448,Mouse,5371,81
912464,Mouse,3426,81
912475,Mouse,5637,83
912500,Mouse,4756,83
912528,Mouse,5644,88
912530,Mouse,3860,89
912613,Mouse,5655,87
912637,Mouse,4841,97
912638,Mouse,3726,96
912892,Elephant,248098,1356
913243,Mouse,4950,75
913306,Mouse,3941,79
913347,Elephant,590445,1952
913348,Mouse,3846,90
913379,Mouse,5468,77
913418,Mouse,4039,67
913548,Mouse,4653,66
913693,Mouse,5325,71
913749,Mouse,3365,75
913874,Mouse,5004,72
913913,Mouse,4551,80
913970,Elephant,113022,525
914063,Mouse,5751,75
914077,Mouse,4755,80
914305,Elephant,315871,1050
914344,Mouse,4201,77
914353,Mouse,5095,80
914377,Mouse,4011,67
914395,Mouse,3438,66
914581,Mouse,5384,74
914640,Mouse,3684,84
914656,Mouse,4973,90
914667,Mouse,4852,93
914699,Mouse,3284,97
914755,Mouse,4755,108
914755,Mouse,4840,107
914858,Mouse,4610,87
914886,Mouse,4366,84
914951,Elephant,134112,958
914970,Elephant,177435,997
914984,Mouse,5436,72
915097,Mouse,4307,66
915099,Mouse,3789,66
915176,Mouse,4688,65
915217,Mouse,4736,67
915302,Mouse,3883,67
915346,Mouse,3651,66
915374,Mouse,3483,67
915403,Mouse,3222,64
915606,Mouse,3896,64
915615,Mouse,3193,64
915628,Mouse,5785,67
915723,Mouse,3922,67
915833,Mouse,5375,65
915853,Mouse,5304,70
916101,Mouse,4836,65
916168,Mouse,3866,67
916374,Mouse,4401,66
916636,Elephant,242834,749
916648,Mouse,3429,65
916662,Mouse,5603,71
916678,Mouse,5322,68
916684,Mouse,3185,64
916738,Mouse,5685,66
916789,Mouse,5183,67
916803,Mouse,4807,71
916815,Mouse,5414,72
916895,Mouse,5665,70
916972,Mouse,4817,69
916982,Mouse,3645,71
916995,Mouse,3210,74
916996,Mouse,4718,76
917052,Elephant,196757,676
917139,Mouse,5221,65
917142,Mouse,3510,64
917440,Mouse,3744,64
917547,Mouse,4853,67
917552,Mouse,4041,68
917559,Mouse,3484,73
917627,Mouse,5289,65
917707,Mouse,3831,66
917769,Mouse,4577,66
917812,Elephant,427231,1265
917838,Mouse,3420,64
917868,Mouse,3147,64
917916,Mouse,3758,64
918058,Mouse,5322,65
918103,Mouse,5068,66
918135,Mouse,3363,64
918145,Mouse,4121,65
918240,Mouse,5283,65
918268,Mouse,4352,65
918290,Mouse,3124,64
918383,Mouse,4437,65
918473,Mouse,3804,64
918502,Mouse,4935,66
918573,Mouse,3628,64
918620,Mouse,5152,65
918656,Mouse,3667,67
918705,Mouse,3112,67
918741,Elephant,105603,458
918830,Mouse,3231,64
918848,Mouse,3989,66
918880,Mouse,3721,64
919039,Elephant,191640,642
919046,Mouse,4814,65
919194,Mouse,4870,66
919226,Mouse,3557,66
919250,Mouse,3993,64
919639,Mouse,3127,80
919724,Mouse,3328,89
919826,Mouse,3531,96
919973,Elephant,224810,810
919992,Elephant,425258,1131
919993,Mouse,5839,84
920041,Mouse,4646,67
920074,Mouse,4344,69
920104,Mouse,5499,70
920202,Mouse,3633,67
920226,Mouse,3120,67
920247,Mouse,4360,70
920344,Mouse,4737,69
920410,Mouse,4510,66
920504,Elephant,380112,1206
920511,Mouse,5635,68
920701,Mouse,5035,69
920708,Mouse,3871,69
920722,Mouse,4245,68
920733,Mouse,5153,69
920800,Mouse,3580,67
920839,Mouse,4437,68
920845,Mouse,3561,69
920980,Elephant,309079,948
920988,Mouse,4079,72
921116,Elephant,202294,700
921314,Mouse,3285,65
921319,Mouse,4296,65
921371,Mouse,3039,66
921459,Mouse,4546,69
921477,Elephant,167346,613
921527,Mouse,3591,71
921589,Elephant,68115,389
921624,Elephant,71032,387
921720,Mouse,5247,65
921800,Mouse,5764,66
921917,Mouse,4241,72
921950,Mouse,4849,69
922054,Mouse,4036,70
922199,Elephant,297714,888
922202,Mouse,4804,93
922276,Mouse,5163,78
922365,Mouse,5470,77
922388,Mouse,5575,76
922454,Mouse,5034,87
922484,Mouse,5783,89
922540,Mouse,4051,92
922664,Mouse,4533,105
922724,Mouse,5345,96
922739,Mouse,5830,99
922783,Mouse,3451,87
922811,Mouse,3074,80
922935,Mouse,5076,76
923113,Mouse,3682,102
923164,Mouse,5676,105
923248,Mouse,4783,92
923461,Mouse,4047,84
923541,Mouse,5249,103
923564,Mouse,4151,101
923575,Mouse,3841,107
923578,Mouse,5403,110
923590,Mouse,3776,115
923616,Mouse,3003,101
923633,Elephant,572632,2095
923645,Mouse,3831,100
923968,Elephant,482946,2058
923972,Elephant,198631,1735
923982,Elephant,124613,1113
924006,Mouse,3030,81
924016,Mouse,4807,79
924039,Elephant,463626,1967
924100,Mouse,3874,64
924168,Mouse,4989,65
924176,Mouse,3495,64
924256,Mouse,3476,64
924301,Mouse,3869,65
924316,Mouse,4177,67
924322,Mouse,5611,72
924375,Mouse,4356,65
924408,Mouse,3228,66
924427,Mouse,3607,64
924462,Mouse,5797,69
924480,Mouse,4464,65
924485,Elephant,78478,403
924489,Mouse,4775,69
924560,Mouse,3131,64
924615,Mouse,4883,65
924695,Mouse,3646,64
924715,Mouse,3523,64
924732,Mouse,3457,64
924890,Mouse,5157,69
924909,Mouse,5186,65
924981,Mouse,4318,65
925008,Elephant,118814,497
925021,Mouse,3159,66
925132,Mouse,5578,66
925161,Mouse,4294,67
925171,Mouse,4092,64
925185,Mouse,4600,66
925235,Mouse,5483,67
925247,Mouse,4217,65
925268,Mouse,4623,65
925369,Elephant,53650,318
925381,Mouse,4993,66
925435,Mouse,5233,65
925490,Mouse,5823,69
925493,Mouse,3114,66
925566,Mouse,3202,65
925571,Mouse,5772,69
925579,Mouse,3956,64
925597,Mouse,5455,66
926016,Mouse,3719,67
926036,Mouse,4685,68
926057,Mouse,3018,69
926126,Mouse,3942,68
926172,Mouse,5714,72
926231,Elephant,180785,631
926297,Mouse,4091,67
926348,Mouse,3489,69
926360,Mouse,3268,71
926410,Mouse,4814,65
926418,Mouse,3359,68
926465,Mouse,4883,69
926505,Mouse,4553,69
926585,Mouse,4772,74
926640,Mouse,4409,75
926674,Mouse,5521,80
926735,Elephant,249094,817
926861,Mouse,5158,67
926908,Elephant,352161,949
926978,Mouse,3148,64
927033,Mouse,3681,64
927039,Mouse,5469,66
927124,Mouse,5797,66
927308,Mouse,4930,65
927550,Mouse,4183,64
927642,Mouse,3492,64
927671,Elephant,444564,1148
927777,Mouse,5558,69
927794,Mouse,4218,64
927893,Mouse,4272,65
928094,Mouse,5442,66
928097,Mouse,3196,64
928216,Mouse,3399,66
928234,Mouse,3417,67
928262,Mouse,5287,68
928270,Mouse,3859,65
928324,Mouse,4643,71
928530,Mouse,5702,67
928569,Mouse,3776,68
928661,Mouse,4321,74
928721,Mouse,4516,78
928760,Elephant,230442,767
928773,Mouse,5069,69
928801,Mouse,3737,67
928811,Mouse,4116,64
928835,Mouse,3373,67
928958,Mouse,3615,67
929061,Mouse,3056,64
929098,Mouse,4829,65
929155,Mouse,3360,64
929187,Mouse,4843,65
929324,Mouse,5160,65
929382,Mouse,3527,64
929391,Mouse,5498,66
929416,Mouse,4693,65
929437,Mouse,5596,66
929451,Mouse,3919,64
929461,Mouse,5796,67
929481,Mouse,4978,65
929533,Mouse,3587,64
929553,Mouse,3696,64
929643,Mouse,5283,65
929695,Mouse,4252,66
929760,Mouse,3726,64
929818,Mouse,4799,65
930029,Mouse,4077,64
930115,Mouse,3551,64
930151,Mouse,4486,67
930153,Mouse,5014,68
930199,Mouse,5644,66
930214,Mouse,3996,66
930216,Mouse,4603,67
930287,Mouse,4627,73
930337,Mouse,3732,64
930407,Mouse,5344,72
930467,Mouse,4220,71
930519,Mouse,4390,72
930541,Mouse,3846,78
930559,Mouse,3624,83
930627,Mouse,4792,100
930647,Elephant,441692,1185
930654,Mouse,5580,94
930694,Mouse,5801,85
930708,Mouse,3163,80
930737,Mouse,5222,70
930753,Mouse,5292,70
930779,Mouse,4591,67
930798,Mouse,5346,73
930811,Mouse,3228,67
930830,Mouse,4245,70
930977,Mouse,4638,78
931022,Elephant,138220,820
931060,Mouse,4721,84
931087,Mouse,3968,73
931112,Mouse,4088,80
931191,Mouse,4725,89
931217,Mouse,4110,92
931235,Mouse,4118,95
931498,Mouse,3867,70
931504,Elephant,125503,708
931566,Mouse,3970,66
931589,Mouse,5584,70
931647,Elephant,507328,1368
931673,Mouse,3556,72
931758,Mouse,5647,70
931790,Mouse,5076,69
931831,Mouse,3926,67
931949,Mouse,3095,72
932026,Elephant,109485,479
932042,Mouse,5490,77
932057,Mouse,3015,67
932106,Mouse,4680,68
932131,Elephant,595726,1658
932191,Mouse,4821,65
932233,Mouse,3646,64
932437,Mouse,3744,65
932449,Mouse,4831,66
932508,Mouse,5754,68
932509,Mouse,3771,67
932524,Mouse,4370,65
932580,Mouse,4102,65
932593,Mouse,3535,64
932608,Mouse,5142,65
932634,Mouse,4169,64
932653,Mouse,3568,64
932700,Mouse,3191,67
932720,Mouse,3566,64
932838,Mouse,3345,67
932864,Mouse,3366,64
932869,Mouse,5451,66
933161,Mouse,4964,69
933187,Elephant,281714,808
933213,Mouse,4280,65
933337,Mouse,5341,67
933366,Mouse,5023,65
933411,Mouse,3895,66
933446,Mouse,5472,72
933468,Mouse,5201,65
933513,Mouse,4846,65
933614,Mouse,5177,70
933664,Mouse,5063,74
933665,Mouse,5381,73
933695,Mouse,5219,70
933722,Mouse,4639,65
933768,Mouse,3628,69
933835,Mouse,3487,66
933905,Mouse,4214,71
933915,Mouse,3958,66
934117,Mouse,5703,76
934171,Mouse,4958,91
934204,Mouse,5653,105
934238,Mouse,4203,109
934380,Mouse,3823,77
934573,Mouse,5619,97
934619,Elephant,501119,1336
934624,Mouse,4983,108
934656,Mouse,3003,106
934678,Mouse,4602,96
934817,Mouse,4723,69
934972,Mouse,4432,86
935054,Mouse,5703,104
935119,Mouse,5818,103
935126,Mouse,4771,104
935171,Elephant,47321,359
935189,Mouse,3756,87
935192,Elephant,235927,1150
935216,Mouse,3245,78
935274,Mouse,3904,65
935319,Mouse,4581,66
935365,Mouse,3696,68
935391,Mouse,4630,72
935404,Elephant,508003,1710
935412,Elephant,428228,1720
935420,Mouse,4851,66
935521,Mouse,3552,64
935579,Mouse,4944,70
935589,Mouse,5563,66
935652,Mouse,5442,66
935655,Mouse,3404,65
935678,Mouse,4536,65
935712,Mouse,5214,71
935765,Mouse,4525,65
935882,Mouse,4485,69
935971,Mouse,5278,68
936036,Mouse,4717,71
936134,Mouse,4223,66
936199,Mouse,3185,68
936298,Mouse,3596,68
936401,Mouse,5672,90
936495,Mouse,5563,101
936499,Mouse,4070,104
936556,Mouse,4033,120
936573,Elephant,536708,1240
936642,Mouse,3760,82
936654,Mouse,4428,67
936733,Mouse,3888,67
936799,Mouse,4325,70
936805,Mouse,3560,64
936829,Mouse,4382,67
936844,Mouse,3356,68
936891,Mouse,3625,67
936899,Mouse,4130,68
936927,Mouse,5815,71
936988,Mouse,4433,73
937014,Mouse,3317,72
937077,Mouse,3276,72
937111,Mouse,3655,68
937168,Mouse,3226,73
937222,Mouse,5645,75
937230,Mouse,4250,79
937240,Mouse,4961,84
937272,Mouse,4300,83
937302,Mouse,5211,92
937303,Mouse,5664,93
937350,Elephant,295801,1096
937395,Mouse,3004,74
937654,Mouse,4903,68
937719,Mouse,3996,72
937789,Elephant,555696,1793
937963,Mouse,4598,66
937999,Mouse,5049,76
938111,Mouse,4614,67
938198,Mouse,4630,73
938249,Mouse,5656,74
938314,Mouse,4259,72
938389,Mouse,3919,67
938409,Mouse,5732,72
938422,Elephant,437539,1132
938428,Mouse,4733,68
938429,Elephant,132411,551
938479,Mouse,4257,65
938513,Mouse,3471,64
938757,Mouse,3680,64
938848,Mouse,4398,65
938951,Mouse,4794,65
939055,Mouse,3744,66
939120,Mouse,5806,66
939128,Mouse,5539,66
939204,Mouse,5048,68
939221,Mouse,3384,65
939425,Mouse,5210,65
939513,Mouse,4438,69
939547,Mouse,4699,72
939575,Mouse,5345,69
939666,Elephant,111779,503
939780,Mouse,3892,67
939843,Elephant,277385,201360
939889,Mouse,5514,70
939918,Mouse,3634,64
939934,Mouse,3938,64
939986,Mouse,3132,67
940149,Mouse,5061,65
940154,Mouse,4264,66
940180,Elephant,504668,1134
940234,Mouse,3252,64
940298,Mouse,4290,68
940307,Mouse,5535,66
940410,Mouse,3835,64
940422,Mouse,5273,69
940613,Mouse,3272,69
940674,Mouse,3309,70
940752,Elephant,200660,703
940812,Mouse,4032,69
940920,Mouse,3686,70
941064,Mouse,3791,90
941093,Elephant,228334,781
941111,Mouse,3239,93
941119,Mouse,4083,97
941140,Mouse,3871,97
941196,Mouse,4807,83
941217,Mouse,4291,69
941236,Mouse,4646,75
941252,Mouse,3397,76
941264,Mouse,3600,75
941323,Elephant,283190,968
941381,Mouse,4543,71
941434,Mouse,3522,71
941478,Mouse,3906,68
941522,Mouse,5066,68
941614,Elephant,104160,557
941653,Mouse,5206,73
941660,Mouse,3103,67
941686,Mouse,3998,69
941794,Mouse,5234,70
941873,Mouse,3266,75
941948,Mouse,4584,87
942010,Elephant,416280,1362
942013,Mouse,3944,96
942059,Mouse,5466,91
942125,Mouse,3352,70
942155,Elephant,534950,1251
942206,Mouse,5581,66
942299,Mouse,4671,65
942344,Mouse,3283,64
942388,Mouse,3327,64
942616,Mouse,3602,65
942730,Mouse,4287,65
942754,Mouse,5006,70
943014,Mouse,4769,69
943059,Elephant,330398,894
943192,Mouse,4419,65
943233,Mouse,4700,65
943318,Mouse,3528,72
943379,Mouse,4528,69
943411,Mouse,5275,67
943459,Mouse,5782,70
943477,Mouse,5639,69
943618,Mouse,3489,67
943660,Elephant,341672,904
943727,Mouse,4454,70
943812,Mouse,4909,69
943814,Mouse,3483,68
943827,Mouse,4147,68
943840,Mouse,4646,65
943859,Elephant,44059,294
943876,Mouse,3823,75
943939,Mouse,4763,70
943946,Mouse,4110,66
943960,Mouse,5771,67
943989,Mouse,3590,69
944046,Mouse,3977,65
944146,Mouse,4429,71
944183,Mouse,5432,69
944222,Mouse,4072,66
944408,Mouse,4478,69
944428,Mouse,3930,76
944449,Mouse,5116,81
944551,Mouse,5124,69
944657,Mouse,3642,66
944738,Mouse,3060,65
944755,Mouse,5004,65
944826,Mouse,3653,69
945017,Mouse,4055,64
945025,Mouse,4974,68
945069,Mouse,4474,67
945105,Mouse,4910,65
945110,Mouse,3888,65
945181,Mouse,4630,65
945214,Mouse,4531,69
945304,Mouse,5706,68
945314,Mouse,5066,73
945376,Mouse,4250,68
945382,Elephant,582428,1479
945386,Mouse,4786,66
945416,Mouse,4668,66
945484,Mouse,4342,65
945538,Mouse,3442,64
945575,Mouse,5732,69
945575,Mouse,5168,69
945580,Mouse,3702,65
945703,Mouse,5227,65
945708,Mouse,3774,64
945760,Mouse,5664,66
945818,Mouse,5592,66
945823,Mouse,5286,65
945826,Mouse,4325,65
945895,Mouse,5137,65
946023,Mouse,5420,65
946075,Mouse,3789,64
946126,Mouse,3045,67
946161,Mouse,4333,65
946201,Mouse,3648,66
946234,Mouse,4624,80
946345,Mouse,3657,82
946348,Elephant,46429,306
946382,Mouse,4017,82
946446,Mouse,5608,80
946584,Elephant,80301,484
946780,Mouse,3138,80
946826,Mouse,5488,91
946899,Mouse,4221,91
946929,Mouse,5281,100
947000,Mouse,4176,91
947019,Mouse,4536,86
947157,Mouse,3942,96
947271,Mouse,4573,91
947317,Mouse,5607,71
947369,Mouse,4105,69
947404,Mouse,4750,73
947537,Mouse,5782,84
947549,Elephant,318463,1410
947590,Elephant,291956,1428
947607,Mouse,3888,68
947612,Mouse,5479,73
947643,Mouse,4843,69
947683,Mouse,4190,71
947734,Mouse,4722,72
947797,Mouse,4081,68
947839,Mouse,4787,69
947907,Mouse,4264,72
947949,Mouse,4653,83
947968,Mouse,3586,90
947992,Elephant,553218,1854
948027,Mouse,3521,89
948034,Mouse,4049,86
948088,Mouse,3142,65
948138,Elephant,291319,1172
948163,Mouse,5136,75
948182,Mouse,4752,80
948187,Mouse,4024,66
948208,Mouse,3194,68
948240,Elephant,42475,307
948269,Mouse,4704,70
948424,Mouse,5545,67
948527,Mouse,3317,75
948627,Mouse,4472,90
948715,Elephant,69741,618
948877,Mouse,4213,79
948900,Mouse,3758,86
948901,Mouse,3293,88
948903,Elephant,386486,1103
948958,Mouse,5424,79
948999,Mouse,3046,72
949061,Mouse,5243,77
949065,Elephant,359129,1074
949166,Mouse,3147,64
949278,Mouse,3917,64
949314,Mouse,5787,66
949322,Mouse,3489,67
949376,Mouse,5512,70
949404,Mouse,5637,80
949470,Mouse,4705,73
949494,Mouse,3186,66
949499,Mouse,4678,67
949564,Mouse,3969,67
949586,Mouse,3089,68
949602,Mouse,5833,73
949662,Mouse,4410,73
949667,Mouse,5667,77
949697,Mouse,4822,84
949848,Mouse,3326,76
949915,Mouse,3098,76
950025,Mouse,3752,90
950127,Mouse,4591,118
950128,Mouse,3879,117
950139,Elephant,481348,1489
950218,Mouse,5155,68
950220,Mouse,3420,67
950240,Mouse,3356,69
950347,Elephant,501329,1468
950393,Mouse,4032,70
950533,Mouse,5585,70
950596,Mouse,5704,72
950631,Mouse,5466,70
950655,Mouse,5799,71
950715,Mouse,4155,70
950781,Mouse,5302,68
950807,Elephant,291312,1082
950837,Mouse,4370,69
950854,Mouse,4647,68
950877,Mouse,5333,67
950969,Mouse,4083,66
950975,Mouse,5679,66
951069,Mouse,4414,65
951144,Mouse,3203,64
951189,Mouse,3508,64
951205,Mouse,5398,65
951319,Mouse,5097,70
951329,Mouse,3097,66
951410,Elephant,262219,783
951476,Mouse,5828,66
951511,Mouse,3943,64
951545,Mouse,3483,64
951566,Mouse,5439,66
951638,Mouse,4440,65
951642,Mouse,3742,64
951728,Mouse,3961,68
951743,Mouse,5068,68
951803,Mouse,4317,66
951889,Mouse,4895,70
951900,Mouse,4541,71
951946,Mouse,3662,73
951972,Mouse,5279,69
952025,Mouse,3084,65
952104,Mouse,3960,66
952198,Mouse,3331,66
952344,Mouse,3329,75
952382,Mouse,5518,85
952549,Mouse,3145,92
952556,Mouse,5761,91
952609,Mouse,4056,96
952665,Mouse,4603,81
952697,Mouse,4569,79
952868,Mouse,4588,90
952945,Mouse,3377,99
952998,Mouse,3195,97
953045,Mouse,3473,104
953053,Mouse,4747,105
953082,Mouse,5172,105
953111,Mouse,4665,103
953337,Elephant,590139,1723
953377,Mouse,4015,89
953411,Elephant,478150,1680
953429,Mouse,3795,75
953450,Mouse,4299,75
953517,Mouse,4029,66
953550,Mouse,5340,70
953564,Elephant,392102,1453
953568,Mouse,4750,70
953874,Mouse,5047,75
953899,Mouse,5336,83
953951,Mouse,3890,91
953978,Mouse,5235,97
954073,Elephant,187848,761
954128,Mouse,4343,70
954145,Mouse,3312,75
954162,Mouse,4963,74
954270,Mouse,4905,73
954290,Elephant,61658,398
954295,Elephant,515873,2034
954308,Mouse,3521,74
954441,Mouse,3774,69
954460,Mouse,4500,68
954470,Mouse,4485,69
954558,Mouse,5250,68
954588,Mouse,3321,79
954737,Mouse,5311,96
954761,Mouse,3198,98
954851,Mouse,4528,101
954937,Mouse,3475,72
955196,Elephant,107574,732
955256,Mouse,5339,74
955505,Mouse,3743,97
955517,Mouse,5590,104
955596,Elephant,535632,1891
955597,Mouse,4304,105
955620,Mouse,3017,86
955650,Mouse,3271,64
955680,Elephant,500023,1916
955710,Elephant,212944,1207
955767,Mouse,5561,67
955782,Mouse,4538,76
955835,Mouse,3670,76
955841,Mouse,4166,66
956080,Mouse,5699,87
956146,Mouse,4682,102
956200,Mouse,3081,108
956235,Mouse,5589,97
956255,Mouse,3499,88
956272,Mouse,3108,92
956334,Mouse,5699,77
956355,Mouse,3629,73
956382,Elephant,460674,1955
956420,Elephant,66256,499
956491,Mouse,4418,67
956520,Elephant,133782,754
956576,Mouse,5794,71
956594,Mouse,4853,68
956802,Elephant,211527,981
956834,Mouse,5284,72
956836,Mouse,4898,73
956840,Mouse,5398,72
956843,Mouse,3543,65
956964,Mouse,5019,65
956968,Mouse,4654,65
957007,Mouse,4539,65
957012,Mouse,3484,65
957016,Mouse,5030,66
957030,Mouse,3112,67
957044,Elephant,426875,1339
957047,Mouse,3360,68
957130,Mouse,4781,65
957153,Mouse,3972,65
957243,Mouse,5317,69
957293,Mouse,4464,68
957328,Mouse,4988,70
957435,Mouse,3730,66
957437,Mouse,3948,67
957462,Mouse,4133,70
957533,Elephant,133414,538
957565,Mouse,3416,64
957578,Mouse,3741,64
957657,Mouse,4009,64
957746,Mouse,5595,67
957792,Mouse,5203,76
957821,Elephant,200389,691
957821,Mouse,3877,70
957861,Mouse,5580,70
957961,Mouse,5451,66
957981,Mouse,3464,67
958012,Mouse,4699,65
958158,Mouse,4675,67
958166,Mouse,4639,72
958315,Mouse,5640,68
958334,Mouse,4069,68
958348,Mouse,4490,69
958398,Mouse,4574,72
958412,Elephant,244511,754
958444,Mouse,5541,69
958460,Mouse,4388,76
958506,Mouse,3046,64
958545,Mouse,4493,70
958647,Mouse,4188,67
958673,Mouse,4662,73
958725,Elephant,105648,475
958751,Mouse,3896,71
958766,Mouse,5808,74
958773,Mouse,4252,72
958793,Mouse,4274,73
958843,Mouse,5323,78
958858,Mouse,3921,71
958913,Elephant,127299,531
958925,Mouse,4155,75
958928,Mouse,4962,77
958956,Mouse,4026,72
959028,Mouse,3823,71
959063,Mouse,3438,70
959066,Mouse,4912,70
959248,Elephant,250025,840
959332,Mouse,4788,74
959384,Elephant,217110,747
959471,Mouse,5446,70
959491,Mouse,3483,65
959542,Mouse,4923,72
959671,Mouse,3442,72
959688,Mouse,3144,73
959692,Mouse,4853,76
959803,Mouse,4721,89
959803,Mouse,4940,91
959831,Mouse,3345,91
959927,Mouse,4471,93
959962,Mouse,3539,86
959966,Mouse,5669,89
960014,Mouse,4223,75
960091,Mouse,4156,77
960117,Mouse,3857,83
960146,Mouse,5301,89
960198,Mouse,4454,109
960268,Mouse,4583,118
960312,Mouse,4358,104
960325,Mouse,5138,108
960331,Elephant,370443,1553
960334,Elephant,190447,915
960382,Mouse,5650,80
960500,Mouse,3533,71
960552,Mouse,5280,72
960604,Mouse,3241,69
960604,Mouse,3336,69
961039,Elephant,487089,1796
961102,Mouse,5493,98
961114,Elephant,347660,1827
961199,Mouse,5636,85
961260,Mouse,5644,67
961293,Mouse,3793,67
961379,Mouse,4768,67
961384,Mouse,3310,66
961396,Mouse,5596,75
961400,Mouse,4121,74
961537,Mouse,4275,78
961639,Mouse,4554,93
961660,Mouse,4802,91
961690,Mouse,5372,85
961776,Elephant,75359,616
961823,Mouse,3163,71
961960,Mouse,4314,78
962034,Mouse,4101,89
962049,Mouse,3245,95
962140,Mouse,3550,91
962162,Mouse,3372,91
962324,Mouse,5035,87
962371,Mouse,3849,98
962386,Mouse,4947,104
962391,Elephant,292690,1645
962412,Mouse,3139,94
962436,Mouse,4304,92
962461,Mouse,5436,78
962473,Mouse,4666,79
962558,Mouse,4224,75
962574,Elephant,247834,1213
962626,Mouse,3994,66
962649,Mouse,5040,71
962652,Elephant,476030,1944
962719,Mouse,4739,66
962735,Mouse,5393,65
962760,Mouse,4847,66
962962,Mouse,4539,72
962972,Mouse,5720,78
963060,Mouse,4597,66
963088,Mouse,5365,66
963097,Mouse,4043,64
963113,Mouse,3304,64
963130,Mouse,3799,65
963191,Mouse,3539,65
963223,Mouse,4957,66
963272,Mouse,4233,65
963281,Mouse,4828,66
963288,Mouse,5153,65
963364,Mouse,5817,69
963391,Mouse,3178,65
963480,Mouse,4385,65
963523,Mouse,5562,66
963687,Mouse,5751,71
963752,Mouse,5239,77
963765,Mouse,3558,69
963970,Mouse,4280,78
963971,Elephant,307768,872
964024,Mouse,5274,67
964122,Mouse,4133,68
964198,Mouse,4085,67
964282,Mouse,3764,66
964340,Mouse,5739,70
964419,Mouse,4532,71
964432,Elephant,488684,1131
964530,Mouse,4762,65
964571,Mouse,4894,65
964777,Mouse,3373,64
964854,Mouse,4966,65
964909,Mouse,3207,64
964986,Mouse,3724,68
965303,Mouse,3447,75
965437,Mouse,5065,92
965459,Mouse,3837,94
965466,Mouse,3850,99
965488,Elephant,131879,599
965491,Mouse,3303,103
965687,Mouse,5725,67
965725,Mouse,5458,69
965777,Elephant,295670,996
965904,Mouse,3045,70
965939,Mouse,4648,71
966098,Mouse,5236,65
966177,Elephant,507303,1350
966217,Mouse,5261,71
966274,Mouse,4367,65
966364,Mouse,3456,66
966422,Mouse,5220,69
966451,Mouse,3100,64
966621,Mouse,4265,65
966678,Mouse,5799,71
966746,Elephant,106241,457
966759,Mouse,5557,66
966823,Mouse,4627,72
966828,Mouse,4501,65
966854,Mouse,5417,69
966974,Mouse,5623,69
967013,Mouse,5403,68
967081,Mouse,4720,70
967247,Mouse,3955,69
967260,Mouse,3695,74
967301,Mouse,5021,82
967312,Elephant,377705,1050
967329,Mouse,3643,82
967341,Mouse,3177,84
967347,Mouse,5361,80
967529,Mouse,4796,69
967589,Mouse,4551,71
967662,Mouse,4902,67
967783,Mouse,4969,69
967813,Mouse,4417,74
967825,Mouse,5065,77
967941,Elephant,163796,907
968032,Mouse,4235,70
968054,Mouse,4193,77
968056,Elephant,402395,1037
968135,Mouse,3914,67
968139,Mouse,3010,66
968182,Mouse,4100,69
968270,Mouse,5594,73
968306,Mouse,5428,78
968318,Mouse,4604,83
968394,Elephant,37384,266
968412,Mouse,5087,95
968466,Mouse,5585,86
968523,Mouse,3113,77
968642,Mouse,3069,83
968968,Mouse,5060,100
969059,Mouse,3563,112
969071,Mouse,3338,106
969132,Mouse,5199,106
969150,Elephant,132683,811
969163,Mouse,3697,80
969277,Mouse,3168,69
969340,Mouse,4318,69
969402,Mouse,4805,86
969456,Mouse,4759,101
969459,Mouse,4210,105
969704,Mouse,4213,98
969717,Mouse,4994,106
969731,Mouse,3520,105
969782,Mouse,3665,108
969872,Elephant,272812,1903
969907,Elephant,539430,2267
969911,Mouse,4456,87
969953,Mouse,3617,83
969958,Mouse,4584,82
970003,Mouse,4604,73
970036,Mouse,3740,78
970086,Elephant,496002,2281
970186,Mouse,5588,69
970250,Mouse,4268,76
970273,Mouse,4352,86
970325,Mouse,3056,88
970368,Mouse,4550,93
970376,Mouse,4433,98
970376,Mouse,4587,98
970382,Mouse,4234,98
970426,Elephant,398353,2209
970473,Mouse,5306,90
970487,Mouse,4195,68
970530,Mouse,5011,69
970655,Mouse,4714,69
970698,Mouse,5737,75
970771,Elephant,475793,2229
970834,Mouse,5732,70
970899,Mouse,5158,71
970946,Mouse,3033,69
971018,Mouse,3985,67
971141,Mouse,3491,67
971163,Mouse,4700,72
971170,Elephant,558200,1875
971289,Mouse,3588,64
971322,Mouse,3007,64
971327,Mouse,4185,66
971440,Mouse,5502,66
971532,Mouse,3531,64
971666,Mouse,5830,66
971748,Mouse,4190,71
971841,Mouse,3700,65
971862,Elephant,95536,454
971880,Mouse,3566,64
971971,Mouse,4219,64
971979,Mouse,4866,66
972145,Mouse,5697,73
972213,Mouse,3039,68
972282,Mouse,3660,67
972318,Elephant,214021,697
972371,Mouse,5286,67
972448,Mouse,3177,65
972489,Mouse,5163,65
972497,Mouse,5214,69
972518,Elephant,161692,592
972546,Mouse,3812,64
972615,Mouse,4828,67
972833,Mouse,5264,67
972850,Mouse,3990,64
972974,Mouse,3929,68
972998,Mouse,4832,66
973036,Mouse,4740,65
973120,Mouse,4180,72
973234,Mouse,5432,68
973313,Mouse,4507,69
973346,Mouse,3019,72
973499,Mouse,4200,79
973519,Mouse,3714,81
973544,Elephant,361766,984
973549,Mouse,3372,84
973572,Mouse,5110,80
973669,Mouse,5606,68
973732,Mouse,5063,70
973796,Mouse,4711,75
973804,Mouse,5149,74
973810,Mouse,4841,75
973821,Mouse,3434,78
973851,Elephant,252763,803
973867,Mouse,4022,77
973886,Mouse,4023,75
974175,Mouse,3933,67
974189,Elephant,315514,902
974261,Mouse,3713,64
974266,Mouse,3944,64
974311,Mouse,3381,64
974321,Mouse,3036,64
974500,Mouse,4089,66
974539,Mouse,4883,65
974546,Mouse,4432,70
974568,Mouse,5084,65
974594,Mouse,3457,64
974678,Mouse,4160,64
974683,Mouse,4972,65
974710,Mouse,4860,65
974781,Mouse,3257,64
974858,Mouse,3919,64
975015,Mouse,4853,65
975119,Mouse,4969,65
975124,Mouse,5669,66
975191,Mouse,3963,64
975203,Mouse,4808,65
975286,Mouse,5487,66
975300,Mouse,4680,65
975439,Mouse,4677,65
975536,Mouse,3660,64
975542,Mouse,4531,65
975651,Mouse,5448,67
975667,Mouse,5390,70
975763,Mouse,3401,64
975783,Mouse,4175,64
975814,Mouse,5269,65
975835,Mouse,3755,65
975983,Mouse,4488,65
976138,Mouse,3953,67
976166,Mouse,3684,64
976264,Mouse,3945,67
976296,Mouse,3361,64
976429,Mouse,5162,65
976466,Mouse,5610,66
976556,Mouse,5765,69
976569,Mouse,3252,67
976592,Mouse,4459,72
976655,Mouse,4476,69
976668,Mouse,5354,72
976758,Mouse,5764,73
976764,Elephant,546025,1168
976801,Mouse,4406,69
976809,Mouse,3644,64
976952,Mouse,4387,69
976969,Mouse,4477,65
977005,Elephant,186401,740
977023,Mouse,4755,65
977041,Mouse,4402,68
977063,Mouse,3699,64
977100,Mouse,4998,65
977173,Mouse,4204,66
977202,Mouse,3450,64
977226,Mouse,5529,69
977335,Mouse,5311,65
977367,Mouse,4424,65
977838,Mouse,3261,67
977848,Mouse,3073,64
977882,Mouse,4335,69
977890,Mouse,3539,72
977943,Mouse,5550,73
977982,Mouse,4883,68
978025,Mouse,3656,73
978026,Mouse,4082,79
978158,Mouse,4641,65
978221,Mouse,5725,66
978238,Mouse,3668,65
978271,Mouse,4252,65
978325,Mouse,3106,65
978444,Mouse,4790,69
978452,Mouse,5331,67
978504,Mouse,5231,65
978591,Mouse,3172,66
978593,Mouse,4744,67
978658,Mouse,5234,68
978699,Mouse,5216,69
978775,Mouse,3649,67
978781,Elephant,366149,937
978845,Mouse,5633,66
978910,Mouse,4539,65
978983,Mouse,3094,64
979005,Mouse,4219,64
979017,Mouse,5742,66
979194,Mouse,5458,66
979205,Mouse,5463,66
979417,Mouse,3473,66
979455,Elephant,107656,469
979482,Mouse,4564,67
979522,Mouse,3125,66
979573,Mouse,4028,67
979594,Mouse,4833,68
979793,Mouse,3142,73
979854,Mouse,3865,74
979885,Mouse,4862,83
979953,Mouse,4436,92
979992,Elephant,225379,765
979993,Mouse,3657,94
980044,Mouse,4386,82
980156,Mouse,5191,79
980393,Mouse,3773,110
980433,Mouse,4588,112
980451,Mouse,3405,116
980519,Elephant,473946,1321
980648,Mouse,5280,77
980685,Mouse,5554,81
980750,Mouse,4975,92
980779,Mouse,3476,91
980819,Elephant,341867,1254
980836,Mouse,3515,73
980972,Mouse,5325,69
981007,Mouse,5790,81
981024,Mouse,4773,88
981058,Elephant,201352,1114
981070,Mouse,5225,92
981072,Mouse,4939,92
981166,Elephant,188895,1202
981236,Mouse,3795,67
981289,Mouse,4322,72
981373,Mouse,4604,69
981396,Elephant,207808,945
981508,Mouse,5064,69
981516,Elephant,156424,950
981633,Mouse,3576,64
981668,Mouse,5391,69
981714,Mouse,3809,67
981734,Elephant,222440,1297
981765,Mouse,3750,64
981777,Mouse,3929,66
981876,Mouse,5489,66
981890,Mouse,5139,65
981939,Mouse,3461,64
981948,Mouse,4319,66
981981,Mouse,5263,68
981983,Mouse,5532,69
982032,Mouse,4412,67
982041,Mouse,4389,70
982168,Mouse,4776,70
982180,Mouse,3342,66
982251,Mouse,3765,65
982269,Mouse,4230,69
982365,Mouse,3876,64
982444,Mouse,4034,69
982495,Mouse,4364,69
982509,Mouse,5699,66
982527,Mouse,4380,68
982570,Mouse,5421,70
982592,Mouse,4754,65
982638,Mouse,5497,66
982677,Mouse,5409,72
982840,Mouse,4648,68
982856,Mouse,4214,66
982874,Mouse,3080,73
982877,Mouse,5186,70
982904,Mouse,4179,64
982942,Elephant,464100,1100
982950,Mouse,5525,67
982962,Mouse,3747,65
983093,Mouse,3331,64
983101,Mouse,3448,64
983117,Mouse,3692,64
983154,Mouse,4273,67
983200,Mouse,4003,65
983405,Mouse,5216,65
983416,Mouse,5451,66
983436,Mouse,5043,65
983477,Mouse,5775,66
983496,Mouse,3369,64
983541,Mouse,4458,65
983591,Mouse,4462,65
983658,Mouse,3727,64
983668,Mouse,3419,64
983742,Mouse,4805,65
983807,Mouse,4106,67
983810,Mouse,3729,68
983816,Mouse,3378,65
983861,Mouse,3838,64
983904,Mouse,3874,65
983926,Mouse,3406,64
984026,Elephant,49491,284
984095,Mouse,4392,65
984120,Mouse,5759,66
984229,Mouse,5515,66
984316,Mouse,3203,64
984498,Elephant,89191,412
984509,Mouse,3386,64
984512,Mouse,3376,64
984535,Mouse,3228,65
984615,Mouse,3133,64
984621,Mouse,4667,68
984622,Mouse,4140,68
984670,Mouse,4787,65
984721,Mouse,3335,64
984749,Mouse,3151,64
984885,Mouse,4687,65
984911,Mouse,5482,66
985077,Mouse,5095,65
985169,Mouse,5321,65
985178,Mouse,4830,65
985208,Mouse,4750,65
985215,Mouse,5820,67
985294,Mouse,4450,65
985302,Mouse,3352,64
985390,Mouse,4133,64
985460,Mouse,4996,69
985484,Mouse,5304,65
985520,Mouse,4942,65
985557,Mouse,3355,64
985583,Mouse,5333,69
985613,Mouse,5659,66
985649,Mouse,4462,65
985665,Mouse,4157,68
985675,Elephant,285386,810
985746,Mouse,4357,65
985791,Mouse,3236,64
985872,Mouse,4636,65
985912,Mouse,3891,64
985996,Mouse,4238,64
986071,Mouse,3460,66
986164,Mouse,3023,64
986199,Mouse,4968,70
986280,Mouse,3559,67
986400,Mouse,4488,77
986515,Mouse,5194,69
986684,Mouse,5438,86
986719,Mouse,5292,98
986783,Mouse,3743,106
986866,Mouse,3429,90
986871,Mouse,4892,94
986887,Mouse,5832,93
986890,Elephant,317291,975
986911,Mouse,3247,72
987047,Mouse,5348,75
987076,Mouse,5097,77
987082,Elephant,120130,718
987111,Mouse,3242,75
987128,Mouse,3638,76
987337,Mouse,4582,84
987350,Mouse,3045,87
987425,Mouse,3161,91
987481,Mouse,5614,81
987598,Elephant,341760,1424
987645,Mouse,4810,65
987776,Mouse,4096,65
987822,Mouse,3255,72
987861,Elephant,364902,1541
987874,Mouse,5175,77
987921,Elephant,349031,1102
988002,Mouse,4299,66
988012,Mouse,5329,65
988081,Mouse,4772,70
988115,Mouse,5030,66
988136,Mouse,4239,64
988147,Mouse,3043,66
988164,Mouse,3042,68
988171,Elephant,89437,430
988237,Mouse,4419,68
988256,Mouse,4362,66
988274,Mouse,3591,68
988276,Mouse,5090,71
988645,Mouse,5171,79
988725,Mouse,3836,88
988821,Mouse,3904,94
988855,Elephant,90902,510
988857,Mouse,3176,85
988946,Mouse,3738,71
988982,Mouse,3325,71
989005,Elephant,368039,1052
989019,Mouse,5768,71
989059,Mouse,4174,67
989117,Mouse,4908,68
989203,Mouse,3403,64
989353,Mouse,3791,75
989387,Mouse,5142,84
989467,Mouse,5204,93
989622,Mouse,3383,81
989648,Mouse,4690,86
989711,Mouse,5361,95
989732,Elephant,560863,1631
989796,Mouse,5589,86
989824,Mouse,5073,71
989914,Mouse,4668,67
989972,Mouse,4540,68
990003,Mouse,4919,67
990092,Mouse,4733,78
990100,Mouse,4106,73
990131,Mouse,5780,77
990261,Elephant,389026,1341
990286,Elephant,176747,1029
990336,Mouse,4291,70
990459,Mouse,4416,68
990562,Mouse,3588,64
990611,Elephant,425906,1506
990638,Mouse,5685,66
990708,Mouse,4500,65
990757,Mouse,5594,66
990824,Mouse,3941,67
990852,Mouse,4628,65
990863,Mouse,4522,66
990895,Mouse,5226,65
990913,Mouse,3254,65
990919,Mouse,3933,65
990923,Mouse,3395,64
990939,Mouse,5265,66
991134,Mouse,5018,69
991140,Mouse,5768,67
991184,Mouse,3333,65
991232,Mouse,5451,67
991246,Mouse,4703,65
991259,Mouse,4940,69
991283,Mouse,3433,68
991384,Elephant,199559,669
991423,Mouse,3834,65
991427,Mouse,4535,68
991535,Mouse,3259,67
991538,Elephant,86777,413
991629,Mouse,3522,64
991726,Mouse,3817,64
991731,Mouse,3734,64
991780,Mouse,5709,66
991808,Mouse,3447,71
991809,Mouse,5059,72
991854,Mouse,4475,70
991867,Mouse,5010,65
991888,Mouse,4160,66
991921,Mouse,3124,64
991993,Mouse,4880,65
992037,Mouse,5168,66
992043,Mouse,3132,64
992151,Mouse,5204,70
992165,Mouse,3879,64
992183,Elephant,131445,535
992201,Mouse,4456,70
992228,Mouse,3878,64
992241,Mouse,3828,64
992396,Mouse,3238,64
992439,Mouse,3906,65
992445,Mouse,5338,65
992469,Mouse,3449,66
992478,Mouse,4230,70
992520,Mouse,3334,69
992580,Mouse,5024,65
992627,Mouse,3843,64
992654,Mouse,3280,66
992732,Elephant,172361,758
992768,Mouse,5489,66
992856,Mouse,5047,65
992908,Mouse,4813,65
993142,Mouse,4137,64
993157,Mouse,3680,64
993265,Mouse,3876,64
993405,Mouse,5345,66
993437,Mouse,3599,65
993480,Mouse,5413,70
993531,Mouse,3497,64
993593,Mouse,4139,64
993641,Mouse,4701,65
993676,Mouse,3236,64
993679,Mouse,4319,65
993690,Elephant,85670,410
993724,Mouse,3529,64
993740,Mouse,5212,65
993839,Mouse,3414,64
993855,Mouse,4952,65
993886,Mouse,3159,64
993915,Mouse,3564,64
993952,Mouse,3794,64
993980,Mouse,4850,65
994002,Mouse,4855,65
994017,Mouse,3834,64
994202,Mouse,4681,65
994220,Mouse,3379,64
994306,Mouse,4691,65
994338,Mouse,4093,70
994422,Elephant,39782,242
994609,Mouse,4455,65
994665,Mouse,4377,65
994737,Mouse,5570,70
994813,Mouse,3509,67
994866,Mouse,3690,70
994876,Mouse,3801,75
994886,Mouse,5445,80
994986,Mouse,4110,70
995008,Mouse,5593,72
995031,Elephant,64438,359
995069,Mouse,5774,74
995099,Mouse,3658,76
995187,Mouse,3189,76
995197,Elephant,370992,972
995202,Mouse,4946,115
995235,Mouse,4769,75
995320,Mouse,4185,64
995405,Elephant,130032,718
995432,Mouse,3050,67
995456,Mouse,5115,65
995533,Mouse,3220,71
995541,Mouse,3349,68
995564,Mouse,3388,66
995697,Mouse,4372,72
995711,Mouse,3168,72
995886,Elephant,474209,1120
995894,Mouse,3389,76
996045,Mouse,4634,72
996076,Mouse,5169,70
996125,Mouse,4245,81
996341,Mouse,5200,98
996347,Mouse,4212,96
996432,Mouse,5833,91
996517,Mouse,3731,82
996529,Mouse,4227,85
996538,Elephant,140791,751
996543,Mouse,4150,82
996577,Mouse,5158,92
996640,Mouse,4975,81
996650,Mouse,5690,88
996678,Mouse,3409,75
996696,Elephant,216248,1188
996962,Elephant,485703,1543
997039,Mouse,4238,66
997112,Mouse,4911,70
997171,Elephant,334424,1145
997202,Mouse,5626,73
997203,Mouse,5617,72
997371,Mouse,3506,64
997559,Mouse,5404,68
997620,Mouse,5317,71
997747,Mouse,4112,74
997785,Mouse,4591,84
997823,Mouse,4875,96
997898,Mouse,5749,101
997940,Mouse,4927,103
998015,Mouse,4451,83
998064,Mouse,5285,78
998119,Mouse,3032,83
998128,Mouse,4464,82
998146,Mouse,5306,87
998162,Mouse,3467,92
998176,Mouse,5462,98
998211,Mouse,4261,98
998247,Mouse,4008,84
998274,Mouse,4634,84
998375,Mouse,3229,82
998394,Mouse,4215,84
998409,Mouse,3744,85
998423,Elephant,446402,1404
998429,Mouse,4020,86
998473,Mouse,3015,78
998496,Mouse,4766,67
998574,Mouse,3082,70
998618,Mouse,5376,73
998752,Mouse,5602,82
998853,Mouse,4159,94
998932,Mouse,3122,83
998954,Mouse,5516,94
998988,Mouse,4417,85
999073,Elephant,465449,1705
999106,Mouse,5531,80
999357,Mouse,5388,76
999392,Mouse,5448,80
999409,Mouse,5246,86
999447,Mouse,5291,92
999462,Mouse,5146,100
999475,Mouse,4477,104
999479,Mouse,3411,104
999486,Mouse,5257,104
999527,Mouse,3799,104
999530,Mouse,3531,106
999539,Mouse,5228,106
999561,Elephant,540710,1921
999588,Mouse,4510,78
999647,Mouse,5817,72
999651,Mouse,5744,74
999712,Mouse,3468,76
999749,Mouse,5293,68
999826,Mouse,4021,64
999957,Mouse,3981,71
999961,Mouse,4273,75
1000021,Mouse,3979,75
1000056,Mouse,3731,70
1000308,Elephant,591220,1926
1000413,Elephant,109066,529