Time_us,Queue_Pkts
100000,0
100050,0
100100,0
100150,0
100200,0
100250,0
100300,0
100350,0
100400,0
100450,0
100500,0
100550,0
100600,0
100650,0
100700,0
100750,11
100800,30
100850,23
100900,43
100950,50
101000,49
101050,49
101100,62
101150,63
101200,52
101250,49
101300,67
101350,53
101400,33
101450,35
101500,30
101550,24
101600,0
101650,8
101700,3
101750,8
101800,3
101850,0
101900,0
101950,0
102000,0
102050,0
102100,0
102150,0
102200,0
102250,0
102300,0
102350,0
102400,0
102450,0
102500,0
102550,0
102600,0
102650,0
102700,0
102750,0
102800,0
102850,0
102900,0
102950,0
103000,0
103050,0
103100,0
103150,0
103200,0
103250,0
103300,0
103350,0
103400,0
103450,0
103500,0
103550,0
103600,0
103650,0
103700,0
103750,0
103800,0
103850,0
103900,0
103950,0
104000,0
104050,0
104100,0
104150,0
104200,0
104250,1
104300,0
104350,0
104400,0
104450,0
104500,0
104550,0
104600,26
104650,25
104700,27
104750,42
104800,19
104850,6
104900,0
104950,0
105000,0
105050,0
105100,0
105150,0
105200,0
105250,0
105300,0
105350,0
105400,0
105450,0
105500,0
105550,0
105600,0
105650,0
105700,0
105750,0
105800,0
105850,0
105900,0
105950,0
106000,0
106050,0
106100,7
106150,13
106200,3
106250,17
106300,12
106350,12
106400,29
106450,48
106500,62
106550,51
106600,44
106650,38
106700,34
106750,32
106800,35
106850,35
106900,32
106950,31
107000,29
107050,36
107100,27
107150,53
107200,29
107250,0
107300,9
107350,5
107400,1
107450,5
107500,9
107550,21
107600,19
107650,19
107700,21
107750,36
107800,34
107850,4
107900,3
107950,5
108000,6
108050,21
108100,21
108150,9
108200,0
108250,0
108300,0
108350,0
108400,0
108450,0
108500,0
108550,0
108600,0
108650,0
108700,0
108750,0
108800,0
108850,0
108900,0
108950,0
109000,0
109050,0
109100,0
109150,0
109200,0
109250,0
109300,0
109350,10
109400,15
109450,15
109500,20
109550,36
109600,35
109650,35
109700,38
109750,39
109800,25
109850,58
109900,41
109950,46
110000,35
110050,40
110100,30
110150,16
110200,13
110250,18
110300,25
110350,36
110400,26
110450,42
110500,26
110550,24
110600,15
110650,3
110700,3
110750,0
110800,3
110850,0
110900,19
110950,23
111000,0
111050,19
111100,26
111150,25
111200,28
111250,0
111300,0
111350,0
111400,0
111450,2
111500,0
111550,1
111600,0
111650,1
111700,1
111750,3
111800,20
111850,22
111900,0
111950,0
112000,0
112050,0
112100,0
112150,0
112200,0
112250,0
112300,0
112350,0
112400,0
112450,0
112500,1
112550,0
112600,0
112650,0
112700,0
112750,0
112800,0
112850,0
112900,0
112950,0
113000,0
113050,0
113100,0
113150,0
113200,0
113250,6
113300,5
113350,0
113400,13
113450,0
113500,0
113550,0
113600,0
113650,0
113700,19
113750,15
113800,24
113850,27
113900,1
113950,9
114000,7
114050,16
114100,8
114150,16
114200,13
114250,10
114300,12
114350,7
114400,0
114450,7
114500,0
114550,0
114600,0
114650,0
114700,0
114750,0
114800,0
114850,0
114900,0
114950,0
115000,0
115050,0
115100,1
115150,0
115200,6
115250,0
115300,0
115350,0
115400,0
115450,0
115500,0
115550,0
115600,0
115650,0
115700,0
115750,0
115800,0
115850,0
115900,0
115950,0
116000,0
116050,0
116100,0
116150,0
116200,0
116250,0
116300,0
116350,0
116400,0
116450,0
116500,0
116550,0
116600,0
116650,0
116700,0
116750,0
116800,0
116850,0
116900,0
116950,0
117000,0
117050,0
117100,0
117150,0
117200,0
117250,0
117300,0
117350,0
117400,0
117450,0
117500,0
117550,0
117600,0
117650,0
117700,0
117750,0
117800,0
117850,0
117900,0
117950,0
118000,0
118050,0
118100,0
118150,0
118200,0
118250,0
118300,0
118350,0
118400,0
118450,0
118500,0
118550,4
118600,0
118650,0
118700,3
118750,0
118800,0
118850,8
118900,0
118950,3
119000,11
119050,3
119100,0
119150,0
119200,0
119250,0
119300,0
119350,0
119400,0
119450,0
119500,0
119550,0
119600,0
119650,0
119700,0
119750,0
119800,0
119850,0
119900,0
119950,0
120000,0
120050,0
120100,0
120150,0
120200,0
120250,0
120300,0
120350,0
120400,0
120450,0
120500,0
120550,0
120600,0
120650,0
120700,0
120750,0
120800,0
120850,0
120900,0
120950,0
121000,0
121050,0
121100,0
121150,0
121200,0
121250,0
121300,0
121350,0
121400,0
121450,0
121500,0
121550,0
121600,0
121650,0
121700,0
121750,0
121800,0
121850,0
121900,0
121950,0
122000,0
122050,0
122100,0
122150,0
122200,0
122250,0
122300,0
122350,0
122400,0
122450,0
122500,0
122550,0
122600,0
122650,0
122700,0
122750,0
122800,0
122850,0
122900,0
122950,0
123000,0
123050,0
123100,0
123150,0
123200,0
123250,0
123300,0
123350,0
123400,0
123450,0
123500,0
123550,3
123600,14
123650,10
123700,19
123750,22
123800,3
123850,0
123900,0
123950,0
124000,0
124050,0
124100,0
124150,0
124200,0
124250,0
124300,0
124350,0
124400,0
124450,0
124500,0
124550,0
124600,0
124650,0
124700,0
124750,0
124800,0
124850,0
124900,0
124950,0
125000,0
125050,0
125100,0
125150,0
125200,0
125250,0
125300,0
125350,0
125400,0
125450,0
125500,0
125550,0
125600,0
125650,0
125700,0
125750,0
125800,0
125850,0
125900,0
125950,0
126000,0
126050,0
126100,0
126150,0
126200,0
126250,0
126300,6
126350,1
126400,11
126450,0
126500,0
126550,0
126600,0
126650,0
126700,0
126750,0
126800,0
126850,0
126900,0
126950,0
127000,0
127050,0
127100,0
127150,0
127200,0
127250,0
127300,0
127350,0
127400,0
127450,0
127500,0
127550,0
127600,0
127650,0
127700,0
127750,0
127800,0
127850,0
127900,0
127950,0
128000,0
128050,0
128100,0
128150,0
128200,0
128250,0
128300,0
128350,0
128400,0
128450,0
128500,0
128550,0
128600,15
128650,3
128700,10
128750,0
128800,0
128850,0
128900,0
128950,0
129000,0
129050,0
129100,0
129150,0
129200,0
129250,0
129300,0
129350,0
129400,0
129450,0
129500,0
129550,0
129600,0
129650,0
129700,0
129750,0
129800,4
129850,0
129900,0
129950,0
130000,0
130050,0
130100,0
130150,0
130200,0
130250,0
130300,0
130350,0
130400,0
130450,0
130500,0
130550,0
130600,0
130650,0
130700,1
130750,0
130800,0
130850,0
130900,0
130950,0
131000,0
131050,0
131100,0
131150,0
131200,0
131250,1
131300,0
131350,1
131400,5
131450,0
131500,0
131550,3
131600,0
131650,0
131700,0
131750,0
131800,0
131850,0
131900,0
131950,0
132000,0
132050,0
132100,0
132150,0
132200,0
132250,0
132300,0
132350,0
132400,0
132450,0
132500,0
132550,0
132600,0
132650,0
132700,0
132750,0
132800,0
132850,0
132900,0
132950,0
133000,0
133050,0
133100,0
133150,7
133200,0
133250,15
133300,8
133350,0
133400,0
133450,0
133500,0
133550,0
133600,0
133650,0
133700,0
133750,0
133800,0
133850,0
133900,0
133950,0
134000,0
134050,0
134100,0
134150,0
134200,0
134250,0
134300,0
134350,0
134400,0
134450,0
134500,0
134550,0
134600,0
134650,0
134700,0
134750,0
134800,0
134850,5
134900,0
134950,4
135000,10
135050,10
135100,24
135150,0
135200,0
135250,0
135300,0
135350,0
135400,0
135450,0
135500,0
135550,0
135600,0
135650,0
135700,0
135750,0
135800,0
135850,0
135900,0
135950,0
136000,0
136050,0
136100,0
136150,0
136200,0
136250,0
136300,0
136350,0
136400,3
136450,0
136500,0
136550,0
136600,0
136650,13
136700,3
136750,1
136800,0
136850,0
136900,0
136950,0
137000,0
137050,0
137100,0
137150,0
137200,0
137250,0
137300,0
137350,0
137400,0
137450,0
137500,0
137550,0
137600,0
137650,0
137700,0
137750,0
137800,0
137850,19
137900,0
137950,0
138000,0
138050,0
138100,0
138150,5
138200,0
138250,0
138300,0
138350,0
138400,0
138450,0
138500,0
138550,0
138600,0
138650,0
138700,0
138750,0
138800,0
138850,0
138900,0
138950,0
139000,0
139050,0
139100,0
139150,0
139200,0
139250,0
139300,0
139350,0
139400,0
139450,0
139500,0
139550,0
139600,0
139650,0
139700,0
139750,0
139800,0
139850,0
139900,0
139950,0
140000,0
140050,0
140100,0
140150,0
140200,0
140250,0
140300,0
140350,0
140400,0
140450,0
140500,0
140550,0
140600,0
140650,0
140700,0
140750,0
140800,0
140850,0
140900,0
140950,0
141000,0
141050,0
141100,0
141150,0
141200,0
141250,1
141300,0
141350,0
141400,0
141450,0
141500,0
141550,0
141600,0
141650,0
141700,2
141750,1
141800,0
141850,0
141900,0
141950,3
142000,0
142050,13
142100,0
142150,0
142200,0
142250,0
142300,0
142350,0
142400,0
142450,0
142500,0
142550,0
142600,0
142650,0
142700,0
142750,0
142800,0
142850,0
142900,0
142950,0
143000,0
143050,0
143100,0
143150,0
143200,0
143250,0
143300,0
143350,0
143400,0
143450,0
143500,0
143550,0
143600,0
143650,3
143700,0
143750,0
143800,0
143850,0
143900,0
143950,0
144000,0
144050,0
144100,0
144150,0
144200,0
144250,0
144300,0
144350,0
144400,0
144450,0
144500,5
144550,0
144600,4
144650,0
144700,0
144750,0
144800,0
144850,0
144900,0
144950,0
145000,0
145050,0
145100,0
145150,0
145200,0
145250,0
145300,0
145350,9
145400,0
145450,0
145500,0
145550,0
145600,0
145650,0
145700,1
145750,0
145800,0
145850,0
145900,0
145950,0
146000,0
146050,0
146100,0
146150,0
146200,0
146250,0
146300,0
146350,0
146400,0
146450,0
146500,0
146550,0
146600,0
146650,0
146700,0
146750,0
146800,0
146850,0
146900,0
146950,0
147000,0
147050,0
147100,0
147150,0
147200,1
147250,0
147300,0
147350,0
147400,0
147450,0
147500,2
147550,12
147600,0
147650,1
147700,5
147750,0
147800,0
147850,0
147900,0
147950,0
148000,5
148050,8
148100,0
148150,0
148200,0
148250,0
148300,0
148350,0
148400,0
148450,0
148500,0
148550,0
148600,0
148650,0
148700,0
148750,0
148800,0
148850,0
148900,0
148950,0
149000,0
149050,0
149100,0
149150,0
149200,0
149250,0
149300,0
149350,0
149400,0
149450,0
149500,0
149550,0
149600,0
149650,0
149700,0
149750,0
149800,0
149850,0
149900,0
149950,0
150000,0
150050,0
150100,0
150150,0
150200,0
150250,0
150300,0
150350,0
150400,0
150450,0
150500,0
150550,0
150600,4
150650,0
150700,5
150750,15
150800,21
150850,23
150900,36
150950,23
151000,0
151050,0
151100,0
151150,0
151200,9
151250,0
151300,1
151350,0
151400,3
151450,0
151500,0
151550,0
151600,0
151650,0
151700,5
151750,11
151800,0
151850,0
151900,0
151950,0
152000,0
152050,0
152100,0
152150,0
152200,0
152250,0
152300,0
152350,0
152400,0
152450,0
152500,0
152550,0
152600,0
152650,0
152700,0
152750,0
152800,0
152850,0
152900,1
152950,0
153000,0
153050,0
153100,0
153150,0
153200,0
153250,0
153300,0
153350,0
153400,0
153450,0
153500,0
153550,0
153600,0
153650,0
153700,0
153750,0
153800,0
153850,0
153900,0
153950,0
154000,0
154050,0
154100,0
154150,0
154200,0
154250,0
154300,0
154350,0
154400,0
154450,0
154500,0
154550,0
154600,0
154650,0
154700,0
154750,0
154800,0
154850,0
154900,0
154950,0
155000,0
155050,0
155100,0
155150,0
155200,0
155250,0
155300,0
155350,0
155400,0
155450,0
155500,0
155550,0
155600,0
155650,0
155700,37
155750,30
155800,25
155850,17
155900,21
155950,29
156000,41
156050,20
156100,0
156150,0
156200,15
156250,27
156300,25
156350,27
156400,48
156450,58
156500,53
156550,34
156600,18
156650,24
156700,2
156750,0
156800,0
156850,7
156900,16
156950,16
157000,5
157050,0
157100,16
157150,14
157200,31
157250,28
157300,46
157350,38
157400,42
157450,36
157500,25
157550,35
157600,24
157650,23
157700,15
157750,0
157800,0
157850,14
157900,0
157950,0
158000,0
158050,0
158100,0
158150,0
158200,0
158250,0
158300,0
158350,0
158400,0
158450,0
158500,0
158550,0
158600,0
158650,0
158700,0
158750,0
158800,0
158850,0
158900,0
158950,0
159000,0
159050,0
159100,0
159150,0
159200,0
159250,0
159300,0
159350,3
159400,0
159450,0
159500,0
159550,0
159600,0
159650,0
159700,0
159750,0
159800,0
159850,0
159900,0
159950,0
160000,0
160050,0
160100,0
160150,0
160200,0
160250,0
160300,0
160350,0
160400,0
160450,0
160500,0
160550,0
160600,0
160650,0
160700,0
160750,0
160800,0
160850,0
160900,0
160950,0
161000,0
161050,0
161100,0
161150,0
161200,0
161250,0
161300,0
161350,0
161400,0
161450,0
161500,0
161550,0
161600,0
161650,0
161700,0
161750,0
161800,0
161850,0
161900,0
161950,0
162000,0
162050,0
162100,0
162150,0
162200,0
162250,0
162300,0
162350,0
162400,0
162450,0
162500,0
162550,0
162600,0
162650,0
162700,0
162750,0
162800,0
162850,0
162900,0
162950,0
163000,0
163050,0
163100,0
163150,9
163200,4
163250,7
163300,13
163350,15
163400,25
163450,18
163500,7
163550,0
163600,8
163650,20
163700,24
163750,32
163800,45
163850,32
163900,23
163950,19
164000,23
164050,23
164100,24
164150,12
164200,30
164250,46
164300,50
164350,28
164400,52
164450,35
164500,45
164550,32
164600,18
164650,0
164700,19
164750,14
164800,31
164850,19
164900,43
164950,31
165000,24
165050,21
165100,16
165150,27
165200,8
165250,11
165300,19
165350,17
165400,33
165450,26
165500,28
165550,28
165600,52
165650,54
165700,41
165750,39
165800,44
165850,32
165900,10
165950,0
166000,0
166050,0
166100,0
166150,0
166200,0
166250,0
166300,0
166350,0
166400,0
166450,0
166500,0
166550,0
166600,0
166650,0
166700,0
166750,0
166800,0
166850,0
166900,0
166950,0
167000,0
167050,0
167100,0
167150,0
167200,0
167250,0
167300,0
167350,0
167400,0
167450,0
167500,0
167550,0
167600,0
167650,0
167700,0
167750,0
167800,6
167850,0
167900,0
167950,0
168000,0
168050,0
168100,8
168150,0
168200,0
168250,0
168300,0
168350,12
168400,39
168450,39
168500,51
168550,50
168600,35
168650,42
168700,7
168750,0
168800,2
168850,0
168900,24
168950,18
169000,32
169050,7
169100,9
169150,24
169200,24
169250,15
169300,32
169350,31
169400,16
169450,0
169500,0
169550,0
169600,0
169650,7
169700,13
169750,4
169800,0
169850,7
169900,7
169950,13
170000,20
170050,0
170100,0
170150,0
170200,0
170250,0
170300,0
170350,0
170400,0
170450,0
170500,0
170550,0
170600,0
170650,0
170700,0
170750,0
170800,5
170850,0
170900,0
170950,10
171000,2
171050,0
171100,0
171150,0
171200,0
171250,0
171300,0
171350,0
171400,0
171450,0
171500,0
171550,0
171600,0
171650,0
171700,0
171750,0
171800,0
171850,0
171900,0
171950,1
172000,8
172050,21
172100,21
172150,19
172200,19
172250,38
172300,33
172350,35
172400,36
172450,17
172500,22
172550,0
172600,0
172650,0
172700,0
172750,7
172800,0
172850,16
172900,0
172950,0
173000,0
173050,0
173100,0
173150,0
173200,0
173250,0
173300,0
173350,0
173400,0
173450,0
173500,0
173550,0
173600,0
173650,0
173700,1
173750,0
173800,0
173850,0
173900,0
173950,0
174000,11
174050,5
174100,2
174150,0
174200,1
174250,8
174300,17
174350,19
174400,16
174450,26
174500,13
174550,36
174600,12
174650,17
174700,27
174750,2
174800,9
174850,6
174900,10
174950,17
175000,2
175050,1
175100,0
175150,2
175200,0
175250,0
175300,0
175350,0
175400,0
175450,0
175500,0
175550,0
175600,0
175650,0
175700,0
175750,0
175800,0
175850,0
175900,0
175950,0
176000,0
176050,0
176100,0
176150,9
176200,0
176250,16
176300,31
176350,21
176400,26
176450,24
176500,46
176550,29
176600,20
176650,6
176700,0
176750,0
176800,0
176850,0
176900,0
176950,8
177000,0
177050,0
177100,3
177150,0
177200,0
177250,0
177300,0
177350,0
177400,0
177450,0
177500,0
177550,0
177600,0
177650,0
177700,0
177750,0
177800,0
177850,0
177900,0
177950,0
178000,0
178050,0
178100,0
178150,0
178200,0
178250,0
178300,0
178350,0
178400,0
178450,0
178500,0
178550,0
178600,0
178650,0
178700,0
178750,0
178800,0
178850,0
178900,0
178950,0
179000,0
179050,0
179100,0
179150,0
179200,0
179250,4
179300,0
179350,0
179400,0
179450,0
179500,0
179550,0
179600,0
179650,0
179700,0
179750,0
179800,0
179850,0
179900,0
179950,0
180000,0
180050,0
180100,0
180150,0
180200,0
180250,0
180300,0
180350,0
180400,0
180450,0
180500,0
180550,0
180600,0
180650,0
180700,0
180750,0
180800,0
180850,0
180900,0
180950,0
181000,0
181050,0
181100,0
181150,0
181200,0
181250,0
181300,0
181350,0
181400,0
181450,0
181500,0
181550,0
181600,0
181650,0
181700,0
181750,0
181800,0
181850,0
181900,0
181950,3
182000,0
182050,0
182100,0
182150,0
182200,0
182250,0
182300,0
182350,0
182400,1
182450,0
182500,0
182550,0
182600,0
182650,0
182700,0
182750,0
182800,0
182850,0
182900,0
182950,0
183000,0
183050,0
183100,0
183150,0
183200,0
183250,0
183300,0
183350,0
183400,0
183450,0
183500,0
183550,0
183600,0
183650,0
183700,0
183750,0
183800,0
183850,0
183900,0
183950,0
184000,0
184050,0
184100,0
184150,0
184200,0
184250,0
184300,0
184350,0
184400,0
184450,0
184500,0
184550,0
184600,0
184650,0
184700,0
184750,0
184800,0
184850,0
184900,0
184950,0
185000,0
185050,0
185100,0
185150,0
185200,0
185250,0
185300,0
185350,0
185400,0
185450,0
185500,0
185550,0
185600,0
185650,0
185700,0
185750,0
185800,0
185850,0
185900,0
185950,0
186000,0
186050,0
186100,0
186150,0
186200,0
186250,0
186300,0
186350,0
186400,0
186450,0
186500,0
186550,0
186600,0
186650,0
186700,0
186750,0
186800,0
186850,0
186900,0
186950,0
187000,0
187050,0
187100,0
187150,0
187200,0
187250,0
187300,0
187350,0
187400,0
187450,0
187500,0
187550,0
187600,0
187650,3
187700,14
187750,14
187800,7
187850,0
187900,0
187950,0
188000,0
188050,2
188100,4
188150,10
188200,0
188250,0
188300,0
188350,0
188400,0
188450,0
188500,7
188550,13
188600,25
188650,34
188700,30
188750,0
188800,0
188850,1
188900,15
188950,11
189000,15
189050,4
189100,0
189150,0
189200,0
189250,0
189300,0
189350,0
189400,0
189450,0
189500,0
189550,0
189600,0
189650,0
189700,0
189750,0
189800,0
189850,9
189900,0
189950,0
190000,0
190050,0
190100,0
190150,0
190200,0
190250,2
190300,0
190350,0
190400,0
190450,0
190500,0
190550,0
190600,0
190650,1
190700,17
190750,9
190800,23
190850,32
190900,38
190950,44
191000,35
191050,11
191100,20
191150,3
191200,0
191250,5
191300,0
191350,4
191400,0
191450,0
191500,0
191550,6
191600,0
191650,4
191700,0
191750,0
191800,0
191850,0
191900,0
191950,0
192000,0
192050,0
192100,0
192150,0
192200,0
192250,0
192300,0
192350,0
192400,0
192450,0
192500,0
192550,0
192600,0
192650,0
192700,0
192750,0
192800,0
192850,0
192900,0
192950,0
193000,0
193050,0
193100,0
193150,3
193200,0
193250,0
193300,0
193350,0
193400,0
193450,0
193500,0
193550,0
193600,0
193650,0
193700,0
193750,0
193800,0
193850,0
193900,0
193950,0
194000,6
194050,0
194100,0
194150,0
194200,0
194250,3
194300,0
194350,0
194400,0
194450,0
194500,0
194550,0
194600,0
194650,0
194700,0
194750,0
194800,0
194850,0
194900,0
194950,0
195000,0
195050,0
195100,0
195150,0
195200,0
195250,0
195300,0
195350,0
195400,0
195450,0
195500,0
195550,0
195600,0
195650,0
195700,0
195750,0
195800,0
195850,0
195900,0
195950,0
196000,0
196050,0
196100,0
196150,0
196200,0
196250,0
196300,0
196350,0
196400,0
196450,0
196500,0
196550,0
196600,0
196650,0
196700,0
196750,0
196800,0
196850,0
196900,0
196950,20
197000,16
197050,19
197100,3
197150,24
197200,28
197250,20
197300,35
197350,25
197400,37
197450,30
197500,0
197550,0
197600,0
197650,10
197700,34
197750,35
197800,33
197850,25
197900,33
197950,51
198000,28
198050,27
198100,22
198150,1
198200,0
198250,9
198300,14
198350,7
198400,14
198450,24
198500,19
198550,31
198600,37
198650,27
198700,0
198750,10
198800,0
198850,1
198900,17
198950,48
199000,28
199050,9
199100,0
199150,5
199200,0
199250,4
199300,0
199350,0
199400,0
199450,0
199500,0
199550,0
199600,0
199650,0
199700,0
199750,0
199800,0
199850,0
199900,0
199950,0
200000,0
200050,10
200100,0
200150,0
200200,1
200250,0
200300,4
200350,9
200400,7
200450,5
200500,0
200550,0
200600,0
200650,0
200700,0
200750,0
200800,0
200850,0
200900,0
200950,0
201000,0
201050,0
201100,0
201150,0
201200,0
201250,0
201300,0
201350,0
201400,0
201450,0
201500,0
201550,0
201600,0
201650,0
201700,0
201750,0
201800,0
201850,0
201900,0
201950,0
202000,0
202050,0
202100,0
202150,0
202200,0
202250,0
202300,0
202350,0
202400,0
202450,0
202500,0
202550,0
202600,0
202650,0
202700,0
202750,0
202800,0
202850,0
202900,0
202950,0
203000,0
203050,0
203100,0
203150,0
203200,0
203250,0
203300,0
203350,0
203400,0
203450,0
203500,0
203550,0
203600,0
203650,0
203700,0
203750,0
203800,10
203850,16
203900,5
203950,0
204000,0
204050,0
204100,0
204150,0
204200,0
204250,0
204300,0
204350,0
204400,0
204450,0
204500,0
204550,0
204600,0
204650,0
204700,0
204750,0
204800,0
204850,0
204900,0
204950,0
205000,0
205050,0
205100,0
205150,0
205200,0
205250,0
205300,0
205350,0
205400,0
205450,0
205500,0
205550,0
205600,0
205650,0
205700,0
205750,0
205800,0
205850,0
205900,0
205950,0
206000,0
206050,0
206100,0
206150,0
206200,0
206250,3
206300,0
206350,0
206400,0
206450,0
206500,0
206550,0
206600,0
206650,0
206700,0
206750,0
206800,0
206850,0
206900,13
206950,0
207000,0
207050,0
207100,0
207150,0
207200,0
207250,0
207300,0
207350,0
207400,0
207450,4
207500,0
207550,0
207600,0
207650,0
207700,1
207750,0
207800,0
207850,0
207900,1
207950,0
208000,28
208050,13
208100,17
208150,35
208200,25
208250,24
208300,0
208350,0
208400,0
208450,0
208500,0
208550,0
208600,0
208650,0
208700,0
208750,0
208800,0
208850,0
208900,0
208950,0
209000,0
209050,0
209100,0
209150,0
209200,0
209250,0
209300,0
209350,0
209400,0
209450,0
209500,0
209550,0
209600,0
209650,0
209700,0
209750,0
209800,0
209850,0
209900,0
209950,0
210000,0
210050,0
210100,0
210150,0
210200,0
210250,0
210300,0
210350,0
210400,0
210450,0
210500,0
210550,0
210600,0
210650,0
210700,0
210750,0
210800,0
210850,0
210900,0
210950,0
211000,0
211050,0
211100,0
211150,0
211200,0
211250,0
211300,0
211350,0
211400,0
211450,0
211500,0
211550,0
211600,0
211650,0
211700,0
211750,0
211800,0
211850,0
211900,0
211950,0
212000,0
212050,0
212100,0
212150,0
212200,0
212250,0
212300,0
212350,0
212400,0
212450,0
212500,0
212550,0
212600,0
212650,0
212700,0
212750,0
212800,0
212850,0
212900,0
212950,0
213000,0
213050,0
213100,0
213150,0
213200,0
213250,0
213300,0
213350,0
213400,0
213450,0
213500,0
213550,0
213600,0
213650,0
213700,0
213750,0
213800,0
213850,0
213900,0
213950,0
214000,2
214050,0
214100,0
214150,2
214200,0
214250,0
214300,3
214350,0
214400,0
214450,0
214500,0
214550,0
214600,0
214650,1
214700,0
214750,0
214800,2
214850,7
214900,2
214950,0
215000,0
215050,0
215100,1
215150,2
215200,0
215250,0
215300,1
215350,0
215400,0
215450,0
215500,0
215550,0
215600,0
215650,0
215700,0
215750,0
215800,0
215850,0
215900,0
215950,0
216000,0
216050,0
216100,0
216150,0
216200,0
216250,13
216300,29
216350,23
216400,37
216450,33
216500,9
216550,0
216600,0
216650,0
216700,0
216750,0
216800,8
216850,0
216900,0
216950,0
217000,0
217050,0
217100,0
217150,0
217200,0
217250,0
217300,0
217350,0
217400,0
217450,0
217500,0
217550,0
217600,0
217650,0
217700,0
217750,0
217800,0
217850,0
217900,0
217950,0
218000,0
218050,0
218100,0
218150,0
218200,0
218250,0
218300,0
218350,0
218400,0
218450,0
218500,7
218550,0
218600,0
218650,0
218700,0
218750,0
218800,0
218850,0
218900,0
218950,0
219000,0
219050,0
219100,0
219150,0
219200,0
219250,0
219300,0
219350,0
219400,0
219450,18
219500,0
219550,0
219600,0
219650,0
219700,0
219750,0
219800,0
219850,0
219900,0
219950,0
220000,0
220050,0
220100,0
220150,0
220200,0
220250,0
220300,0
220350,0
220400,0
220450,0
220500,0
220550,0
220600,0
220650,0
220700,0
220750,0
220800,0
220850,0
220900,0
220950,0
221000,0
221050,0
221100,0
221150,0
221200,0
221250,0
221300,0
221350,0
221400,0
221450,0
221500,0
221550,0
221600,0
221650,0
221700,0
221750,0
221800,0
221850,0
221900,0
221950,0
222000,0
222050,0
222100,0
222150,0
222200,0
222250,0
222300,0
222350,0
222400,0
222450,0
222500,0
222550,0
222600,0
222650,0
222700,0
222750,0
222800,0
222850,0
222900,0
222950,0
223000,0
223050,0
223100,0
223150,0
223200,0
223250,0
223300,0
223350,0
223400,0
223450,0
223500,0
223550,0
223600,0
223650,0
223700,0
223750,0
223800,1
223850,0
223900,0
223950,0
224000,0
224050,0
224100,0
224150,0
224200,0
224250,0
224300,0
224350,5
224400,0
224450,0
224500,0
224550,0
224600,0
224650,0
224700,0
224750,0
224800,0
224850,0
224900,0
224950,0
225000,0
225050,0
225100,0
225150,1
225200,0
225250,0
225300,2
225350,3
225400,0
225450,0
225500,0
225550,0
225600,0
225650,0
225700,0
225750,0
225800,1
225850,0
225900,0
225950,0
226000,0
226050,0
226100,0
226150,5
226200,3
226250,7
226300,23
226350,14
226400,0
226450,0
226500,0
226550,0
226600,0
226650,0
226700,0
226750,0
226800,0
226850,0
226900,0
226950,0
227000,0
227050,0
227100,0
227150,0
227200,0
227250,0
227300,0
227350,0
227400,0
227450,0
227500,0
227550,0
227600,0
227650,0
227700,0
227750,0
227800,0
227850,0
227900,0
227950,0
228000,0
228050,0
228100,0
228150,0
228200,0
228250,0
228300,0
228350,0
228400,0
228450,0
228500,0
228550,0
228600,0
228650,0
228700,0
228750,5
228800,0
228850,1
228900,7
228950,21
229000,17
229050,0
229100,0
229150,13
229200,3
229250,5
229300,20
229350,22
229400,0
229450,0
229500,0
229550,0
229600,7
229650,15
229700,14
229750,26
229800,25
229850,40
229900,40
229950,18
230000,22
230050,27
230100,14
230150,0
230200,0
230250,0
230300,0
230350,0
230400,0
230450,0
230500,0
230550,0
230600,7
230650,1
230700,16
230750,23
230800,25
230850,26
230900,31
230950,28
231000,15
231050,19
231100,25
231150,24
231200,27
231250,11
231300,0
231350,0
231400,0
231450,0
231500,0
231550,0
231600,0
231650,0
231700,0
231750,0
231800,0
231850,0
231900,0
231950,0
232000,0
232050,0
232100,0
232150,0
232200,0
232250,0
232300,0
232350,0
232400,0
232450,0
232500,0
232550,0
232600,0
232650,0
232700,0
232750,0
232800,0
232850,0
232900,0
232950,0
233000,2
233050,0
233100,6
233150,5
233200,37
233250,49
233300,55
233350,49
233400,3
233450,0
233500,0
233550,4
233600,1
233650,23
233700,15
233750,10
233800,1
233850,7
233900,15
233950,25
234000,35
234050,43
234100,44
234150,36
234200,69
234250,47
234300,45
234350,35
234400,22
234450,2
234500,19
234550,28
234600,34
234650,30
234700,39
234750,41
234800,19
234850,11
234900,21
234950,23
235000,39
235050,51
235100,50
235150,40
235200,47
235250,61
235300,47
235350,48
235400,63
235450,48
235500,43
235550,38
235600,59
235650,52
235700,47
235750,38
235800,33
235850,33
235900,46
235950,43
236000,38
236050,35
236100,40
236150,41
236200,21
236250,30
236300,20
236350,19
236400,25
236450,21
236500,5
236550,17
236600,23
236650,17
236700,10
236750,21
236800,14
236850,8
236900,0
236950,3
237000,3
237050,0
237100,31
237150,18
237200,31
237250,9
237300,4
237350,0
237400,1
237450,10
237500,25
237550,38
237600,44
237650,54
237700,21
237750,10
237800,0
237850,6
237900,0
237950,0
238000,0
238050,0
238100,5
238150,0
238200,5
238250,11
238300,12
238350,11
238400,6
238450,7
238500,10
238550,14
238600,10
238650,15
238700,0
238750,0
238800,0
238850,0
238900,0
238950,0
239000,0
239050,0
239100,0
239150,0
239200,0
239250,0
239300,0
239350,0
239400,0
239450,0
239500,0
239550,0
239600,0
239650,0
239700,0
239750,0
239800,2
239850,9
239900,19
239950,24
240000,0
240050,0
240100,0
240150,0
240200,0
240250,3
240300,10
240350,3
240400,0
240450,0
240500,0
240550,0
240600,0
240650,0
240700,0
240750,3
240800,9
240850,14
240900,13
240950,16
241000,19
241050,27
241100,15
241150,0
241200,0
241250,0
241300,0
241350,0
241400,0
241450,0
241500,0
241550,0
241600,0
241650,0
241700,0
241750,0
241800,0
241850,0
241900,8
241950,0
242000,0
242050,0
242100,0
242150,17
242200,6
242250,10
242300,21
242350,26
242400,28
242450,32
242500,32
242550,40
242600,44
242650,28
242700,0
242750,0
242800,0
242850,0
242900,0
242950,0
243000,0
243050,0
243100,0
243150,0
243200,0
243250,0
243300,0
243350,0
243400,0
243450,0
243500,0
243550,0
243600,0
243650,0
243700,0
243750,0
243800,0
243850,0
243900,16
243950,22
244000,19
244050,29
244100,41
244150,56
244200,33
244250,28
244300,32
244350,29
244400,52
244450,16
244500,16
244550,12
244600,0
244650,2
244700,13
244750,19
244800,26
244850,5
244900,0
244950,0
245000,0
245050,0
245100,0
245150,0
245200,0
245250,0
245300,0
245350,0
245400,0
245450,0
245500,0
245550,0
245600,0
245650,0
245700,0
245750,0
245800,0
245850,0
245900,0
245950,0
246000,0
246050,0
246100,0
246150,0
246200,0
246250,0
246300,0
246350,0
246400,0
246450,0
246500,0
246550,1
246600,2
246650,0
246700,0
246750,0
246800,11
246850,1
246900,0
246950,8
247000,0
247050,2
247100,0
247150,16
247200,21
247250,24
247300,47
247350,52
247400,32
247450,27
247500,0
247550,7
247600,1
247650,18
247700,30
247750,38
247800,42
247850,35
247900,24
247950,6
248000,0
248050,7
248100,0
248150,0
248200,3
248250,0
248300,0
248350,2
248400,2
248450,0
248500,0
248550,0
248600,0
248650,0
248700,0
248750,0
248800,0
248850,12
248900,0
248950,3
249000,0
249050,0
249100,15
249150,17
249200,14
249250,13
249300,9
249350,25
249400,15
249450,23
249500,15
249550,0
249600,17
249650,7
249700,24
249750,38
249800,30
249850,18
249900,11
249950,16
250000,22
250050,11
250100,14
250150,6
250200,0
250250,0
250300,0
250350,0
250400,0
250450,3
250500,14
250550,25
250600,25
250650,7
250700,0
250750,0
250800,0
250850,0
250900,0
250950,0
251000,0
251050,0
251100,3
251150,0
251200,0
251250,0
251300,0
251350,0
251400,0
251450,0
251500,0
251550,0
251600,0
251650,0
251700,0
251750,0
251800,0
251850,0
251900,0
251950,6
252000,0
252050,0
252100,0
252150,0
252200,0
252250,0
252300,0
252350,0
252400,0
252450,0
252500,0
252550,0
252600,0
252650,0
252700,0
252750,0
252800,0
252850,0
252900,0
252950,0
253000,0
253050,0
253100,0
253150,0
253200,0
253250,0
253300,0
253350,3
253400,19
253450,0
253500,0
253550,8
253600,0
253650,0
253700,0
253750,0
253800,0
253850,0
253900,0
253950,0
254000,0
254050,0
254100,0
254150,0
254200,0
254250,0
254300,0
254350,0
254400,0
254450,0
254500,0
254550,0
254600,0
254650,0
254700,0
254750,0
254800,0
254850,0
254900,0
254950,0
255000,0
255050,0
255100,0
255150,0
255200,0
255250,0
255300,0
255350,0
255400,0
255450,0
255500,0
255550,0
255600,0
255650,0
255700,0
255750,0
255800,0
255850,0
255900,0
255950,0
256000,0
256050,0
256100,0
256150,0
256200,0
256250,0
256300,0
256350,0
256400,0
256450,0
256500,0
256550,10
256600,0
256650,0
256700,0
256750,0
256800,0
256850,0
256900,0
256950,0
257000,0
257050,0
257100,1
257150,3
257200,0
257250,0
257300,0
257350,0
257400,0
257450,0
257500,0
257550,0
257600,0
257650,0
257700,0
257750,0
257800,0
257850,0
257900,0
257950,0
258000,0
258050,0
258100,0
258150,0
258200,0
258250,0
258300,0
258350,0
258400,0
258450,0
258500,0
258550,0
258600,0
258650,0
258700,0
258750,0
258800,0
258850,0
258900,0
258950,0
259000,0
259050,0
259100,0
259150,0
259200,0
259250,0
259300,0
259350,0
259400,0
259450,0
259500,0
259550,0
259600,0
259650,0
259700,0
259750,0
259800,0
259850,0
259900,0
259950,0
260000,0
260050,0
260100,0
260150,0
260200,0
260250,0
260300,0
260350,0
260400,0
260450,0
260500,0
260550,0
260600,0
260650,0
260700,0
260750,0
260800,0
260850,0
260900,0
260950,0
261000,0
261050,0
261100,0
261150,0
261200,0
261250,0
261300,0
261350,0
261400,0
261450,0
261500,0
261550,0
261600,0
261650,0
261700,0
261750,0
261800,0
261850,0
261900,0
261950,0
262000,0
262050,0
262100,0
262150,0
262200,0
262250,6
262300,4
262350,2
262400,0
262450,0
262500,0
262550,0
262600,0
262650,0
262700,3
262750,34
262800,16
262850,23
262900,23
262950,36
263000,43
263050,29
263100,24
263150,0
263200,0
263250,17
263300,20
263350,22
263400,23
263450,31
263500,44
263550,36
263600,27
263650,0
263700,16
263750,16
263800,30
263850,25
263900,43
263950,38
264000,36
264050,23
264100,35
264150,36
264200,36
264250,35
264300,42
264350,37
264400,31
264450,26
264500,22
264550,7
264600,32
264650,13
264700,5
264750,0
264800,8
264850,15
264900,3
264950,0
265000,0
265050,0
265100,0
265150,0
265200,0
265250,0
265300,0
265350,0
265400,2
265450,0
265500,0
265550,0
265600,0
265650,0
265700,0
265750,0
265800,1
265850,11
265900,28
265950,39
266000,45
266050,39
266100,35
266150,51
266200,47
266250,32
266300,11
266350,3
266400,0
266450,16
266500,0
266550,0
266600,0
266650,0
266700,4
266750,14
266800,0
266850,0
266900,18
266950,14
267000,0
267050,0
267100,6
267150,9
267200,15
267250,6
267300,0
267350,0
267400,0
267450,0
267500,0
267550,0
267600,0
267650,0
267700,0
267750,0
267800,0
267850,0
267900,0
267950,0
268000,0
268050,0
268100,10
268150,0
268200,0
268250,0
268300,0
268350,0
268400,0
268450,0
268500,0
268550,0
268600,0
268650,0
268700,0
268750,0
268800,0
268850,0
268900,0
268950,0
269000,0
269050,0
269100,0
269150,0
269200,0
269250,0
269300,0
269350,1
269400,0
269450,6
269500,0
269550,0
269600,0
269650,0
269700,0
269750,0
269800,0
269850,0
269900,0
269950,0
270000,0
270050,0
270100,0
270150,0
270200,0
270250,0
270300,0
270350,0
270400,0
270450,0
270500,0
270550,0
270600,0
270650,0
270700,0
270750,0
270800,0
270850,0
270900,0
270950,0
271000,0
271050,0
271100,0
271150,0
271200,0
271250,0
271300,0
271350,0
271400,0
271450,0
271500,0
271550,0
271600,0
271650,0
271700,0
271750,0
271800,0
271850,0
271900,0
271950,0
272000,0
272050,0
272100,0
272150,0
272200,0
272250,0
272300,0
272350,0
272400,0
272450,0
272500,0
272550,0
272600,0
272650,0
272700,0
272750,0
272800,0
272850,0
272900,0
272950,0
273000,0
273050,0
273100,0
273150,0
273200,0
273250,0
273300,0
273350,0
273400,0
273450,0
273500,0
273550,0
273600,0
273650,0
273700,0
273750,0
273800,0
273850,0
273900,0
273950,0
274000,0
274050,0
274100,0
274150,0
274200,0
274250,0
274300,0
274350,0
274400,0
274450,0
274500,0
274550,0
274600,0
274650,0
274700,0
274750,0
274800,0
274850,0
274900,0
274950,0
275000,0
275050,0
275100,0
275150,0
275200,0
275250,0
275300,0
275350,0
275400,0
275450,10
275500,17
275550,5
275600,5
275650,0
275700,0
275750,3
275800,24
275850,0
275900,0
275950,0
276000,0
276050,0
276100,0
276150,2
276200,0
276250,0
276300,0
276350,0
276400,0
276450,0
276500,0
276550,0
276600,0
276650,0
276700,0
276750,0
276800,0
276850,0
276900,0
276950,0
277000,0
277050,0
277100,0
277150,0
277200,0
277250,0
277300,9
277350,0
277400,0
277450,0
277500,0
277550,0
277600,0
277650,0
277700,0
277750,0
277800,0
277850,0
277900,0
277950,0
278000,0
278050,15
278100,3
278150,0
278200,14
278250,0
278300,3
278350,4
278400,24
278450,20
278500,0
278550,0
278600,0
278650,0
278700,0
278750,0
278800,0
278850,0
278900,0
278950,0
279000,0
279050,0
279100,0
279150,0
279200,0
279250,0
279300,0
279350,0
279400,0
279450,0
279500,0
279550,0
279600,0
279650,0
279700,0
279750,0
279800,0
279850,0
279900,0
279950,0
280000,0
280050,0
280100,0
280150,4
280200,0
280250,17
280300,6
280350,27
280400,31
280450,29
280500,60
280550,62
280600,28
280650,12
280700,22
280750,5
280800,28
280850,35
280900,36
280950,29
281000,28
281050,35
281100,43
281150,34
281200,7
281250,1
281300,12
281350,18
281400,22
281450,27
281500,34
281550,42
281600,58
281650,39
281700,28
281750,23
281800,10
281850,17
281900,14
281950,23
282000,19
282050,30
282100,27
282150,13
282200,0
282250,0
282300,0
282350,0
282400,0
282450,0
282500,0
282550,0
282600,0
282650,0
282700,0
282750,0
282800,0
282850,0
282900,0
282950,0
283000,0
283050,0
283100,0
283150,0
283200,0
283250,0
283300,0
283350,0
283400,0
283450,0
283500,0
283550,0
283600,0
283650,0
283700,0
283750,0
283800,0
283850,0
283900,0
283950,0
284000,0
284050,0
284100,0
284150,0
284200,0
284250,0
284300,0
284350,0
284400,0
284450,0
284500,0
284550,6
284600,4
284650,0
284700,10
284750,23
284800,21
284850,24
284900,32
284950,33
285000,45
285050,30
285100,16
285150,0
285200,0
285250,0
285300,0
285350,0
285400,0
285450,0
285500,0
285550,0
285600,0
285650,0
285700,0
285750,0
285800,0
285850,0
285900,0
285950,0
286000,0
286050,0
286100,0
286150,0
286200,0
286250,0
286300,0
286350,0
286400,0
286450,1
286500,0
286550,0
286600,0
286650,0
286700,0
286750,0
286800,0
286850,0
286900,0
286950,0
287000,0
287050,0
287100,0
287150,0
287200,0
287250,0
287300,0
287350,0
287400,0
287450,0
287500,0
287550,0
287600,0
287650,0
287700,0
287750,0
287800,0
287850,0
287900,0
287950,0
288000,0
288050,0
288100,0
288150,0
288200,0
288250,0
288300,0
288350,0
288400,0
288450,0
288500,0
288550,0
288600,0
288650,1
288700,0
288750,0
288800,11
288850,0
288900,0
288950,0
289000,0
289050,0
289100,0
289150,0
289200,0
289250,0
289300,0
289350,0
289400,0
289450,0
289500,9
289550,0
289600,0
289650,0
289700,18
289750,0
289800,5
289850,0
289900,5
289950,9
290000,18
290050,15
290100,0
290150,1
290200,0
290250,0
290300,0
290350,0
290400,0
290450,0
290500,0
290550,0
290600,0
290650,0
290700,0
290750,0
290800,0
290850,0
290900,0
290950,0
291000,0
291050,0
291100,0
291150,0
291200,0
291250,0
291300,0
291350,0
291400,0
291450,0
291500,0
291550,0
291600,0
291650,0
291700,0
291750,0
291800,0
291850,0
291900,0
291950,0
292000,0
292050,0
292100,0
292150,0
292200,0
292250,10
292300,0
292350,0
292400,9
292450,0
292500,0
292550,1
292600,0
292650,0
292700,1
292750,12
292800,0
292850,0
292900,5
292950,0
293000,16
293050,16
293100,10
293150,16
293200,15
293250,0
293300,0
293350,0
293400,0
293450,0
293500,0
293550,0
293600,0
293650,0
293700,0
293750,0
293800,0
293850,0
293900,0
293950,0
294000,0
294050,0
294100,0
294150,0
294200,0
294250,0
294300,0
294350,0
294400,0
294450,0
294500,0
294550,0
294600,0
294650,0
294700,0
294750,0
294800,0
294850,0
294900,0
294950,0
295000,0
295050,0
295100,0
295150,0
295200,0
295250,0
295300,0
295350,0
295400,0
295450,0
295500,0
295550,0
295600,0
295650,0
295700,0
295750,0
295800,0
295850,0
295900,0
295950,0
296000,0
296050,0
296100,0
296150,0
296200,0
296250,0
296300,0
296350,0
296400,0
296450,0
296500,0
296550,0
296600,0
296650,0
296700,2
296750,0
296800,0
296850,0
296900,0
296950,0
297000,0
297050,2
297100,0
297150,3
297200,3
297250,1
297300,0
297350,0
297400,0
297450,0
297500,0
297550,0
297600,0
297650,0
297700,0
297750,0
297800,0
297850,0
297900,0
297950,0
298000,0
298050,0
298100,0
298150,0
298200,0
298250,1
298300,1
298350,0
298400,0
298450,15
298500,4
298550,15
298600,27
298650,16
298700,30
298750,39
298800,57
298850,35
298900,37
298950,43
299000,11
299050,0
299100,0
299150,0
299200,0
299250,0
299300,0
299350,0
299400,0
299450,0
299500,0
299550,0
299600,0
299650,6
299700,1
299750,21
299800,14
299850,9
299900,24
299950,25
300000,41
300050,36
300100,22
300150,0
300200,11
300250,0
300300,0
300350,0
300400,0
300450,0
300500,1
300550,0
300600,0
300650,0
300700,0
300750,1
300800,5
300850,7
300900,0
300950,0
301000,0
301050,0
301100,0
301150,0
301200,0
301250,0
301300,0
301350,0
301400,0
301450,0
301500,0
301550,0
301600,0
301650,0
301700,0
301750,0
301800,0
301850,0
301900,0
301950,0
302000,0
302050,0
302100,0
302150,0
302200,0
302250,0
302300,0
302350,0
302400,0
302450,0
302500,0
302550,0
302600,0
302650,0
302700,0
302750,0
302800,0
302850,0
302900,0
302950,0
303000,0
303050,0
303100,0
303150,0
303200,0
303250,0
303300,0
303350,0
303400,0
303450,0
303500,0
303550,2
303600,0
303650,0
303700,0
303750,0
303800,0
303850,0
303900,0
303950,0
304000,0
304050,0
304100,0
304150,0
304200,11
304250,0
304300,0
304350,0
304400,0
304450,0
304500,0
304550,1
304600,15
304650,13
304700,2
304750,17
304800,0
304850,0
304900,0
304950,0
305000,0
305050,4
305100,0
305150,0
305200,0
305250,0
305300,0
305350,0
305400,0
305450,0
305500,0
305550,0
305600,0
305650,0
305700,0
305750,0
305800,0
305850,0
305900,0
305950,0
306000,0
306050,0
306100,0
306150,0
306200,0
306250,0
306300,0
306350,0
306400,0
306450,0
306500,0
306550,0
306600,0
306650,0
306700,0
306750,0
306800,0
306850,0
306900,1
306950,0
307000,0
307050,0
307100,0
307150,0
307200,0
307250,0
307300,0
307350,0
307400,0
307450,0
307500,0
307550,0
307600,3
307650,0
307700,6
307750,0
307800,0
307850,0
307900,0
307950,0
308000,0
308050,0
308100,0
308150,0
308200,0
308250,0
308300,0
308350,0
308400,0
308450,0
308500,0
308550,0
308600,0
308650,0
308700,0
308750,10
308800,6
308850,9
308900,10
308950,11
309000,6
309050,3
309100,15
309150,0
309200,0
309250,0
309300,0
309350,0
309400,0
309450,0
309500,0
309550,0
309600,0
309650,0
309700,0
309750,0
309800,0
309850,6
309900,0
309950,0
310000,0
310050,0
310100,0
310150,0
310200,0
310250,0
310300,0
310350,0
310400,0
310450,0
310500,0
310550,0
310600,0
310650,0
310700,0
310750,0
310800,0
310850,0
310900,0
310950,0
311000,0
311050,0
311100,0
311150,0
311200,0
311250,0
311300,0
311350,10
311400,0
311450,7
311500,20
311550,21
311600,42
311650,46
311700,37
311750,15
311800,10
311850,11
311900,5
311950,5
312000,15
312050,9
312100,19
312150,18
312200,25
312250,37
312300,23
312350,25
312400,10
312450,0
312500,0
312550,0
312600,0
312650,0
312700,0
312750,0
312800,15
312850,30
312900,27
312950,3
313000,17
313050,27
313100,51
313150,36
313200,20
313250,36
313300,33
313350,36
313400,31
313450,21
313500,0
313550,0
313600,0
313650,0
313700,9
313750,1
313800,0
313850,0
313900,0
313950,5
314000,9
314050,13
314100,15
314150,13
314200,7
314250,0
314300,5
314350,0
314400,0
314450,0
314500,0
314550,0
314600,0
314650,0
314700,0
314750,0
314800,0
314850,0
314900,0
314950,0
315000,0
315050,0
315100,0
315150,0
315200,0
315250,0
315300,0
315350,0
315400,0
315450,0
315500,0
315550,0
315600,0
315650,0
315700,3
315750,5
315800,19
315850,33
315900,44
315950,49
316000,58
316050,20
316100,34
316150,12
316200,9
316250,0
316300,0
316350,1
316400,17
316450,0
316500,16
316550,34
316600,40
316650,37
316700,51
316750,63
316800,64
316850,59
316900,79
316950,83
317000,98
317050,75
317100,57
317150,68
317200,79
317250,59
317300,89
317350,76
317400,45
317450,30
317500,21
317550,35
317600,42
317650,52
317700,42
317750,45
317800,66
317850,71
317900,55
317950,35
318000,36
318050,5
318100,16
318150,30
318200,28
318250,0
318300,10
318350,0
318400,16
318450,20
318500,30
318550,30
318600,38
318650,30
318700,5
318750,0
318800,0
318850,0
318900,0
318950,0
319000,0
319050,0
319100,0
319150,0
319200,0
319250,0
319300,0
319350,3
319400,2
319450,0
319500,0
319550,0
319600,20
319650,26
319700,18
319750,19
319800,2
319850,7
319900,0
319950,0
320000,0
320050,0
320100,0
320150,0
320200,0
320250,0
320300,0
320350,0
320400,0
320450,0
320500,0
320550,4
320600,11
320650,10
320700,25
320750,11
320800,12
320850,12
320900,19
320950,23
321000,33
321050,47
321100,49
321150,55
321200,34
321250,20
321300,24
321350,0
321400,0
321450,0
321500,0
321550,0
321600,0
321650,0
321700,0
321750,0
321800,0
321850,0
321900,0
321950,0
322000,0
322050,0
322100,0
322150,0
322200,0
322250,0
322300,0
322350,0
322400,0
322450,0
322500,0
322550,0
322600,0
322650,0
322700,0
322750,0
322800,0
322850,0
322900,0
322950,0
323000,0
323050,0
323100,0
323150,0
323200,0
323250,0
323300,0
323350,0
323400,0
323450,0
323500,0
323550,0
323600,0
323650,0
323700,0
323750,0
323800,0
323850,0
323900,0
323950,0
324000,0
324050,0
324100,0
324150,0
324200,0
324250,0
324300,0
324350,0
324400,0
324450,5
324500,0
324550,13
324600,25
324650,22
324700,12
324750,0
324800,0
324850,2
324900,0
324950,21
325000,7
325050,0
325100,0
325150,0
325200,0
325250,0
325300,0
325350,0
325400,0
325450,0
325500,0
325550,3
325600,3
325650,3
325700,13
325750,0
325800,0
325850,0
325900,0
325950,0
326000,0
326050,0
326100,0
326150,1
326200,0
326250,20
326300,1
326350,19
326400,3
326450,30
326500,22
326550,0
326600,4
326650,0
326700,0
326750,6
326800,2
326850,0
326900,3
326950,0
327000,0
327050,0
327100,6
327150,0
327200,0
327250,0
327300,0
327350,0
327400,0
327450,0
327500,0
327550,0
327600,0
327650,0
327700,0
327750,0
327800,0
327850,0
327900,0
327950,0
328000,0
328050,0
328100,0
328150,0
328200,0
328250,0
328300,0
328350,0
328400,0
328450,0
328500,0
328550,0
328600,0
328650,0
328700,0
328750,0
328800,0
328850,0
328900,0
328950,0
329000,0
329050,0
329100,0
329150,0
329200,0
329250,0
329300,0
329350,0
329400,0
329450,0
329500,0
329550,0
329600,0
329650,0
329700,0
329750,0
329800,0
329850,0
329900,0
329950,0
330000,0
330050,0
330100,0
330150,0
330200,0
330250,0
330300,0
330350,0
330400,0
330450,0
330500,0
330550,0
330600,0
330650,0
330700,0
330750,0
330800,0
330850,0
330900,0
330950,0
331000,0
331050,0
331100,0
331150,0
331200,0
331250,0
331300,0
331350,0
331400,0
331450,0
331500,0
331550,0
331600,0
331650,1
331700,0
331750,6
331800,22
331850,21
331900,18
331950,55
332000,39
332050,68
332100,36
332150,13
332200,4
332250,0
332300,5
332350,18
332400,30
332450,38
332500,25
332550,5
332600,5
332650,15
332700,0
332750,0
332800,0
332850,0
332900,0
332950,1
333000,0
333050,0
333100,0
333150,0
333200,0
333250,0
333300,0
333350,0
333400,0
333450,0
333500,0
333550,0
333600,0
333650,0
333700,0
333750,0
333800,0
333850,0
333900,0
333950,0
334000,0
334050,0
334100,0
334150,0
334200,0
334250,0
334300,0
334350,0
334400,0
334450,0
334500,0
334550,0
334600,0
334650,0
334700,0
334750,0
334800,0
334850,0
334900,0
334950,0
335000,0
335050,0
335100,0
335150,0
335200,0
335250,0
335300,0
335350,0
335400,0
335450,0
335500,0
335550,0
335600,0
335650,0
335700,0
335750,0
335800,0
335850,0
335900,0
335950,0
336000,0
336050,0
336100,0
336150,2
336200,4
336250,20
336300,17
336350,40
336400,36
336450,13
336500,21
336550,10
336600,0
336650,3
336700,1
336750,12
336800,18
336850,4
336900,8
336950,26
337000,0
337050,0
337100,0
337150,0
337200,0
337250,0
337300,0
337350,0
337400,0
337450,0
337500,0
337550,0
337600,0
337650,0
337700,0
337750,0
337800,0
337850,0
337900,0
337950,0
338000,0
338050,0
338100,0
338150,0
338200,0
338250,0
338300,0
338350,0
338400,0
338450,0
338500,0
338550,0
338600,0
338650,0
338700,0
338750,0
338800,0
338850,0
338900,0
338950,0
339000,0
339050,0
339100,0
339150,0
339200,0
339250,0
339300,0
339350,0
339400,0
339450,0
339500,0
339550,0
339600,0
339650,0
339700,0
339750,0
339800,0
339850,0
339900,0
339950,0
340000,0
340050,0
340100,0
340150,0
340200,0
340250,0
340300,0
340350,0
340400,0
340450,0
340500,0
340550,0
340600,0
340650,0
340700,0
340750,0
340800,0
340850,0
340900,0
340950,0
341000,0
341050,0
341100,0
341150,0
341200,1
341250,0
341300,11
341350,1
341400,24
341450,8
341500,27
341550,19
341600,11
341650,14
341700,26
341750,24
341800,30
341850,21
341900,13
341950,31
342000,30
342050,26
342100,32
342150,0
342200,0
342250,0
342300,0
342350,0
342400,0
342450,0
342500,0
342550,0
342600,0
342650,0
342700,0
342750,0
342800,0
342850,0
342900,0
342950,0
343000,0
343050,0
343100,0
343150,0
343200,0
343250,0
343300,0
343350,0
343400,0
343450,0
343500,0
343550,0
343600,0
343650,0
343700,0
343750,0
343800,0
343850,0
343900,0
343950,0
344000,0
344050,0
344100,0
344150,0
344200,0
344250,0
344300,0
344350,0
344400,0
344450,0
344500,0
344550,0
344600,0
344650,0
344700,0
344750,0
344800,0
344850,0
344900,0
344950,0
345000,0
345050,0
345100,0
345150,0
345200,0
345250,0
345300,0
345350,0
345400,0
345450,0
345500,9
345550,0
345600,0
345650,0
345700,0
345750,0
345800,0
345850,0
345900,0
345950,0
346000,0
346050,0
346100,0
346150,5
346200,9
346250,0
346300,0
346350,0
346400,0
346450,0
346500,0
346550,0
346600,0
346650,0
346700,0
346750,0
346800,0
346850,0
346900,0
346950,0
347000,0
347050,0
347100,0
347150,0
347200,0
347250,1
347300,0
347350,0
347400,0
347450,0
347500,0
347550,0
347600,0
347650,0
347700,0
347750,2
347800,0
347850,0
347900,0
347950,0
348000,0
348050,0
348100,0
348150,0
348200,0
348250,0
348300,4
348350,3
348400,24
348450,36
348500,21
348550,24
348600,26
348650,28
348700,24
348750,0
348800,0
348850,0
348900,0
348950,0
349000,0
349050,0
349100,0
349150,0
349200,0
349250,0
349300,0
349350,0
349400,1
349450,0
349500,0
349550,0
349600,0
349650,0
349700,0
349750,0
349800,0
349850,0
349900,0
349950,0
350000,0
350050,0
350100,0
350150,0
350200,0
350250,0
350300,0
350350,0
350400,0
350450,0
350500,0
350550,0
350600,0
350650,0
350700,0
350750,0
350800,0
350850,0
350900,0
350950,0
351000,0
351050,0
351100,0
351150,0
351200,0
351250,0
351300,0
351350,0
351400,0
351450,0
351500,0
351550,0
351600,0
351650,0
351700,0
351750,0
351800,0
351850,0
351900,0
351950,0
352000,0
352050,0
352100,0
352150,0
352200,0
352250,0
352300,0
352350,0
352400,0
352450,0
352500,0
352550,0
352600,0
352650,0
352700,0
352750,0
352800,0
352850,0
352900,0
352950,0
353000,0
353050,0
353100,0
353150,0
353200,0
353250,0
353300,0
353350,0
353400,0
353450,0
353500,0
353550,0
353600,0
353650,0
353700,0
353750,0
353800,0
353850,0
353900,0
353950,0
354000,0
354050,0
354100,0
354150,0
354200,0
354250,0
354300,0
354350,0
354400,0
354450,0
354500,0
354550,0
354600,0
354650,0
354700,0
354750,0
354800,0
354850,0
354900,0
354950,0
355000,0
355050,0
355100,0
355150,0
355200,0
355250,0
355300,0
355350,0
355400,0
355450,0
355500,0
355550,0
355600,0
355650,0
355700,0
355750,0
355800,0
355850,0
355900,0
355950,0
356000,0
356050,0
356100,0
356150,0
356200,0
356250,0
356300,0
356350,0
356400,0
356450,0
356500,0
356550,0
356600,0
356650,0
356700,0
356750,0
356800,0
356850,0
356900,0
356950,0
357000,0
357050,0
357100,0
357150,0
357200,0
357250,0
357300,0
357350,0
357400,0
357450,0
357500,0
357550,0
357600,0
357650,0
357700,0
357750,0
357800,0
357850,0
357900,0
357950,0
358000,0
358050,0
358100,0
358150,0
358200,0
358250,1
358300,0
358350,6
358400,0
358450,0
358500,0
358550,0
358600,0
358650,0
358700,0
358750,0
358800,0
358850,0
358900,0
358950,0
359000,0
359050,0
359100,0
359150,0
359200,0
359250,0
359300,0
359350,0
359400,0
359450,0
359500,0
359550,0
359600,0
359650,0
359700,0
359750,0
359800,0
359850,0
359900,0
359950,0
360000,0
360050,0
360100,0
360150,0
360200,0
360250,17
360300,28
360350,37
360400,26
360450,15
360500,26
360550,16
360600,17
360650,5
360700,0
360750,0
360800,8
360850,0
360900,0
360950,0
361000,0
361050,0
361100,0
361150,0
361200,0
361250,0
361300,0
361350,0
361400,0
361450,0
361500,0
361550,0
361600,0
361650,0
361700,0
361750,0
361800,0
361850,0
361900,0
361950,0
362000,0
362050,0
362100,0
362150,0
362200,0
362250,0
362300,0
362350,0
362400,0
362450,0
362500,0
362550,0
362600,0
362650,0
362700,0
362750,0
362800,0
362850,0
362900,0
362950,0
363000,0
363050,0
363100,0
363150,0
363200,0
363250,0
363300,0
363350,0
363400,0
363450,0
363500,0
363550,0
363600,0
363650,0
363700,0
363750,0
363800,0
363850,0
363900,0
363950,0
364000,0
364050,0
364100,0
364150,0
364200,0
364250,0
364300,0
364350,0
364400,0
364450,0
364500,0
364550,0
364600,0
364650,0
364700,0
364750,0
364800,0
364850,0
364900,0
364950,0
365000,0
365050,0
365100,0
365150,6
365200,0
365250,0
365300,0
365350,0
365400,0
365450,0
365500,0
365550,0
365600,0
365650,0
365700,0
365750,0
365800,0
365850,0
365900,0
365950,0
366000,0
366050,5
366100,5
366150,13
366200,25
366250,19
366300,29
366350,29
366400,39
366450,57
366500,54
366550,55
366600,39
366650,18
366700,28
366750,19
366800,27
366850,20
366900,13
366950,3
367000,20
367050,23
367100,27
367150,20
367200,36
367250,24
367300,55
367350,52
367400,23
367450,3
367500,1
367550,0
367600,0
367650,0
367700,0
367750,0
367800,0
367850,0
367900,0
367950,0
368000,0
368050,0
368100,0
368150,0
368200,0
368250,0
368300,0
368350,0
368400,0
368450,0
368500,0
368550,0
368600,0
368650,0
368700,0
368750,0
368800,0
368850,0
368900,0
368950,0
369000,0
369050,0
369100,0
369150,0
369200,0
369250,0
369300,0
369350,0
369400,0
369450,0
369500,0
369550,0
369600,0
369650,0
369700,0
369750,0
369800,0
369850,0
369900,0
369950,0
370000,0
370050,0
370100,0
370150,0
370200,0
370250,0
370300,0
370350,0
370400,0
370450,0
370500,0
370550,0
370600,0
370650,0
370700,0
370750,0
370800,0
370850,0
370900,0
370950,0
371000,0
371050,0
371100,0
371150,0
371200,0
371250,0
371300,0
371350,0
371400,0
371450,0
371500,0
371550,5
371600,0
371650,0
371700,0
371750,0
371800,0
371850,3
371900,1
371950,20
372000,20
372050,13
372100,38
372150,36
372200,30
372250,12
372300,0
372350,0
372400,0
372450,0
372500,0
372550,0
372600,0
372650,0
372700,0
372750,0
372800,0
372850,0
372900,0
372950,0
373000,0
373050,0
373100,0
373150,5
373200,0
373250,2
373300,0
373350,15
373400,19
373450,27
373500,31
373550,30
373600,23
373650,24
373700,31
373750,39
373800,40
373850,35
373900,0
373950,0
374000,9
374050,0
374100,0
374150,4
374200,11
374250,17
374300,5
374350,0
374400,0
374450,0
374500,0
374550,0
374600,0
374650,0
374700,0
374750,0
374800,0
374850,6
374900,0
374950,0
375000,0
375050,0
375100,0
375150,0
375200,0
375250,0
375300,0
375350,0
375400,0
375450,0
375500,0
375550,0
375600,0
375650,0
375700,0
375750,0
375800,11
375850,0
375900,23
375950,0
376000,0
376050,0
376100,0
376150,0
376200,0
376250,0
376300,0
376350,0
376400,0
376450,0
376500,0
376550,0
376600,0
376650,0
376700,0
376750,0
376800,0
376850,0
376900,0
376950,0
377000,0
377050,0
377100,0
377150,0
377200,0
377250,0
377300,0
377350,0
377400,0
377450,0
377500,0
377550,0
377600,0
377650,0
377700,0
377750,0
377800,2
377850,0
377900,0
377950,0
378000,0
378050,0
378100,6
378150,0
378200,0
378250,0
378300,0
378350,0
378400,0
378450,0
378500,0
378550,0
378600,0
378650,0
378700,0
378750,0
378800,0
378850,0
378900,0
378950,0
379000,0
379050,0
379100,0
379150,0
379200,0
379250,0
379300,0
379350,0
379400,0
379450,0
379500,0
379550,0
379600,0
379650,0
379700,0
379750,0
379800,0
379850,0
379900,0
379950,0
380000,0
380050,0
380100,0
380150,0
380200,0
380250,0
380300,0
380350,0
380400,0
380450,0
380500,0
380550,0
380600,0
380650,0
380700,0
380750,0
380800,0
380850,0
380900,0
380950,0
381000,0
381050,0
381100,0
381150,0
381200,0
381250,0
381300,0
381350,0
381400,0
381450,0
381500,0
381550,0
381600,0
381650,0
381700,0
381750,0
381800,0
381850,0
381900,0
381950,0
382000,0
382050,0
382100,7
382150,0
382200,0
382250,0
382300,12
382350,13
382400,16
382450,37
382500,43
382550,28
382600,0
382650,0
382700,0
382750,3
382800,5
382850,18
382900,24
382950,39
383000,36
383050,36
383100,6
383150,0
383200,0
383250,0
383300,0
383350,0
383400,0
383450,0
383500,0
383550,0
383600,0
383650,0
383700,0
383750,0
383800,0
383850,0
383900,0
383950,0
384000,0
384050,0
384100,0
384150,0
384200,0
384250,0
384300,0
384350,0
384400,0
384450,0
384500,0
384550,0
384600,0
384650,0
384700,0
384750,0
384800,0
384850,0
384900,0
384950,0
385000,0
385050,0
385100,0
385150,0
385200,0
385250,0
385300,0
385350,0
385400,0
385450,0
385500,0
385550,0
385600,0
385650,0
385700,0
385750,0
385800,0
385850,0
385900,0
385950,0
386000,0
386050,0
386100,0
386150,0
386200,0
386250,0
386300,0
386350,0
386400,0
386450,0
386500,0
386550,0
386600,0
386650,0
386700,0
386750,0
386800,0
386850,0
386900,0
386950,0
387000,0
387050,0
387100,0
387150,0
387200,0
387250,0
387300,0
387350,0
387400,0
387450,0
387500,0
387550,0
387600,0
387650,0
387700,0
387750,0
387800,0
387850,0
387900,0
387950,0
388000,0
388050,0
388100,0
388150,0
388200,0
388250,0
388300,0
388350,0
388400,0
388450,0
388500,0
388550,0
388600,0
388650,0
388700,0
388750,0
388800,0
388850,0
388900,0
388950,0
389000,0
389050,0
389100,0
389150,0
389200,0
389250,0
389300,0
389350,0
389400,3
389450,0
389500,4
389550,0
389600,0
389650,0
389700,0
389750,1
389800,0
389850,0
389900,0
389950,0
390000,0
390050,0
390100,0
390150,0
390200,0
390250,0
390300,0
390350,0
390400,0
390450,0
390500,0
390550,0
390600,0
390650,0
390700,0
390750,0
390800,0
390850,0
390900,0
390950,0
391000,0
391050,0
391100,0
391150,0
391200,0
391250,0
391300,0
391350,0
391400,0
391450,0
391500,0
391550,0
391600,0
391650,0
391700,0
391750,0
391800,0
391850,0
391900,0
391950,0
392000,0
392050,0
392100,0
392150,0
392200,0
392250,6
392300,0
392350,0
392400,3
392450,0
392500,0
392550,7
392600,0
392650,0
392700,0
392750,0
392800,0
392850,0
392900,0
392950,0
393000,0
393050,0
393100,0
393150,0
393200,0
393250,0
393300,0
393350,0
393400,0
393450,0
393500,0
393550,0
393600,0
393650,0
393700,0
393750,0
393800,0
393850,0
393900,0
393950,0
394000,0
394050,0
394100,2
394150,12
394200,16
394250,22
394300,48
394350,49
394400,24
394450,4
394500,5
394550,0
394600,0
394650,0
394700,7
394750,20
394800,44
394850,39
394900,32
394950,25
395000,25
395050,39
395100,45
395150,54
395200,55
395250,35
395300,31
395350,14
395400,15
395450,19
395500,36
395550,29
395600,32
395650,49
395700,44
395750,37
395800,42
395850,40
395900,29
395950,10
396000,20
396050,19
396100,4
396150,0
396200,5
396250,0
396300,14
396350,27
396400,18
396450,24
396500,41
396550,34
396600,31
396650,48
396700,49
396750,56
396800,65
396850,51
396900,56
396950,63
397000,70
397050,64
397100,69
397150,62
397200,58
397250,54
397300,54
397350,76
397400,77
397450,74
397500,80
397550,85
397600,85
397650,93
397700,61
397750,46
397800,46
397850,45
397900,26
397950,35
398000,43
398050,47
398100,35
398150,30
398200,48
398250,49
398300,62
398350,59
398400,49
398450,40
398500,41
398550,44
398600,64
398650,53
398700,31
398750,32
398800,39
398850,51
398900,70
398950,76
399000,68
399050,72
399100,79
399150,79
399200,78
399250,61
399300,57
399350,60
399400,48
399450,28
399500,27
399550,36
399600,25
399650,33
399700,6
399750,6
399800,0
399850,2
399900,0
399950,12
400000,8
400050,16
400100,22
400150,36
400200,37
400250,37
400300,25
400350,13
400400,31
400450,35
400500,45
400550,37
400600,45
400650,48
400700,54
400750,62
400800,62
400850,44
400900,3
400950,15
401000,3
401050,12
401100,28
401150,37
401200,42
401250,38
401300,23
401350,25
401400,15
401450,15
401500,17
401550,19
401600,27
401650,33
401700,35
401750,22
401800,37
401850,35
401900,31
401950,52
402000,41
402050,11
402100,0
402150,18
402200,10
402250,17
402300,6
402350,10
402400,8
402450,4
402500,0
402550,0
402600,0
402650,0
402700,2
402750,0
402800,0
402850,0
402900,0
402950,0
403000,0
403050,0
403100,0
403150,0
403200,0
403250,0
403300,0
403350,0
403400,0
403450,0
403500,0
403550,0
403600,0
403650,0
403700,0
403750,0
403800,0
403850,0
403900,0
403950,0
404000,0
404050,0
404100,0
404150,0
404200,0
404250,0
404300,0
404350,0
404400,0
404450,3
404500,0
404550,0
404600,0
404650,0
404700,0
404750,0
404800,0
404850,0
404900,0
404950,0
405000,0
405050,12
405100,0
405150,16
405200,26
405250,19
405300,20
405350,24
405400,20
405450,0
405500,5
405550,9
405600,14
405650,16
405700,13
405750,28
405800,18
405850,19
405900,0
405950,0
406000,0
406050,0
406100,0
406150,0
406200,0
406250,0
406300,0
406350,0
406400,0
406450,0
406500,1
406550,13
406600,13
406650,6
406700,0
406750,0
406800,0
406850,0
406900,3
406950,0
407000,0
407050,0
407100,0
407150,0
407200,0
407250,0
407300,0
407350,0
407400,0
407450,0
407500,0
407550,0
407600,0
407650,0
407700,0
407750,0
407800,0
407850,0
407900,0
407950,0
408000,0
408050,0
408100,0
408150,0
408200,0
408250,0
408300,0
408350,0
408400,0
408450,0
408500,0
408550,0
408600,0
408650,0
408700,0
408750,0
408800,0
408850,0
408900,20
408950,5
409000,20
409050,22
409100,9
409150,0
409200,0
409250,0
409300,0
409350,0
409400,0
409450,0
409500,0
409550,0
409600,0
409650,0
409700,0
409750,0
409800,0
409850,0
409900,0
409950,0
410000,0
410050,0
410100,0
410150,0
410200,0
410250,0
410300,0
410350,0
410400,0
410450,0
410500,0
410550,0
410600,0
410650,0
410700,1
410750,0
410800,0
410850,0
410900,0
410950,0
411000,0
411050,0
411100,0
411150,4
411200,6
411250,24
411300,16
411350,10
411400,23
411450,26
411500,5
411550,13
411600,0
411650,0
411700,17
411750,12
411800,0
411850,0
411900,0
411950,0
412000,0
412050,0
412100,0
412150,0
412200,0
412250,0
412300,0
412350,0
412400,0
412450,0
412500,0
412550,0
412600,0
412650,0
412700,0
412750,0
412800,0
412850,0
412900,0
412950,0
413000,0
413050,0
413100,0
413150,0
413200,10
413250,0
413300,0
413350,0
413400,0
413450,0
413500,0
413550,0
413600,0
413650,0
413700,0
413750,4
413800,0
413850,0
413900,0
413950,3
414000,37
414050,20
414100,25
414150,27
414200,15
414250,0
414300,0
414350,0
414400,12
414450,29
414500,45
414550,46
414600,33
414650,28
414700,23
414750,35
414800,36
414850,51
414900,36
414950,9
415000,13
415050,11
415100,9
415150,27
415200,8
415250,0
415300,0
415350,0
415400,0
415450,1
415500,0
415550,0
415600,0
415650,0
415700,0
415750,0
415800,0
415850,0
415900,0
415950,0
416000,0
416050,0
416100,0
416150,0
416200,0
416250,1
416300,0
416350,1
416400,2
416450,0
416500,20
416550,27
416600,0
416650,0
416700,0
416750,2
416800,10
416850,37
416900,15
416950,27
417000,39
417050,35
417100,24
417150,16
417200,27
417250,27
417300,25
417350,20
417400,38
417450,31
417500,35
417550,23
417600,22
417650,6
417700,21
417750,34
417800,32
417850,38
417900,37
417950,19
418000,26
418050,46
418100,39
418150,49
418200,50
418250,51
418300,50
418350,37
418400,33
418450,14
418500,18
418550,19
418600,5
418650,16
418700,9
418750,17
418800,17
418850,6
418900,3
418950,6
419000,15
419050,1
419100,0
419150,0
419200,0
419250,0
419300,0
419350,1
419400,0
419450,0
419500,0
419550,0
419600,0
419650,0
419700,0
419750,0
419800,0
419850,0
419900,0
419950,0
420000,0
420050,0
420100,0
420150,0
420200,0
420250,0
420300,0
420350,0
420400,0
420450,0
420500,0
420550,0
420600,0
420650,0
420700,0
420750,0
420800,0
420850,0
420900,1
420950,0
421000,0
421050,11
421100,27
421150,12
421200,18
421250,0
421300,0
421350,0
421400,4
421450,13
421500,13
421550,18
421600,30
421650,32
421700,36
421750,0
421800,0
421850,0
421900,0
421950,0
422000,6
422050,1
422100,3
422150,20
422200,13
422250,5
422300,15
422350,11
422400,21
422450,22
422500,9
422550,13
422600,22
422650,21
422700,24
422750,12
422800,13
422850,1
422900,0
422950,0
423000,2
423050,8
423100,8
423150,0
423200,5
423250,21
423300,20
423350,42
423400,32
423450,37
423500,32
423550,35
423600,30
423650,34
423700,48
423750,45
423800,37
423850,39
423900,31
423950,24
424000,20
424050,28
424100,23
424150,25
424200,33
424250,12
424300,7
424350,0
424400,4
424450,0
424500,0
424550,0
424600,0
424650,0
424700,0
424750,0
424800,0
424850,0
424900,0
424950,0
425000,0
425050,1
425100,32
425150,41
425200,56
425250,27
425300,66
425350,56
425400,30
425450,43
425500,45
425550,48
425600,34
425650,10
425700,0
425750,0
425800,0
425850,0
425900,1
425950,0
426000,14
426050,26
426100,36
426150,33
426200,41
426250,27
426300,6
426350,7
426400,4
426450,27
426500,29
426550,28
426600,27
426650,32
426700,36
426750,45
426800,46
426850,25
426900,37
426950,25
427000,30
427050,20
427100,18
427150,21
427200,28
427250,22
427300,4
427350,0
427400,0
427450,0
427500,1
427550,13
427600,0
427650,0
427700,0
427750,0
427800,0
427850,0
427900,0
427950,0
428000,0
428050,0
428100,0
428150,0
428200,0
428250,0
428300,0
428350,0
428400,0
428450,0
428500,0
428550,0
428600,0
428650,0
428700,0
428750,0
428800,0
428850,0
428900,0
428950,0
429000,0
429050,0
429100,0
429150,0
429200,0
429250,0
429300,0
429350,0
429400,0
429450,0
429500,0
429550,0
429600,0
429650,0
429700,0
429750,0
429800,0
429850,0
429900,0
429950,0
430000,0
430050,0
430100,0
430150,0
430200,0
430250,0
430300,0
430350,0
430400,0
430450,0
430500,0
430550,0
430600,0
430650,0
430700,0
430750,0
430800,0
430850,0
430900,0
430950,0
431000,0
431050,0
431100,0
431150,0
431200,0
431250,0
431300,0
431350,0
431400,0
431450,0
431500,0
431550,0
431600,0
431650,0
431700,0
431750,0
431800,0
431850,1
431900,0
431950,0
432000,0
432050,0
432100,0
432150,0
432200,0
432250,0
432300,0
432350,0
432400,0
432450,0
432500,0
432550,0
432600,0
432650,0
432700,0
432750,0
432800,0
432850,0
432900,0
432950,0
433000,0
433050,0
433100,0
433150,0
433200,0
433250,0
433300,0
433350,0
433400,0
433450,0
433500,0
433550,0
433600,0
433650,0
433700,0
433750,0
433800,0
433850,0
433900,0
433950,0
434000,0
434050,0
434100,0
434150,0
434200,0
434250,0
434300,0
434350,0
434400,0
434450,0
434500,0
434550,7
434600,18
434650,0
434700,4
434750,0
434800,0
434850,18
434900,17
434950,28
435000,1
435050,0
435100,0
435150,0
435200,0
435250,0
435300,0
435350,0
435400,0
435450,2
435500,0
435550,3
435600,0
435650,0
435700,7
435750,23
435800,43
435850,40
435900,25
435950,26
436000,18
436050,0
436100,0
436150,0
436200,0
436250,8
436300,4
436350,29
436400,8
436450,11
436500,0
436550,0
436600,0
436650,0
436700,0
436750,0
436800,0
436850,0
436900,0
436950,0
437000,0
437050,0
437100,0
437150,0
437200,0
437250,0
437300,0
437350,0
437400,0
437450,0
437500,0
437550,0
437600,0
437650,0
437700,0
437750,0
437800,0
437850,0
437900,0
437950,0
438000,0
438050,0
438100,0
438150,0
438200,0
438250,0
438300,0
438350,0
438400,5
438450,0
438500,0
438550,0
438600,0
438650,0
438700,0
438750,0
438800,0
438850,0
438900,0
438950,0
439000,0
439050,0
439100,0
439150,0
439200,0
439250,0
439300,0
439350,0
439400,0
439450,0
439500,0
439550,0
439600,0
439650,0
439700,0
439750,0
439800,0
439850,0
439900,0
439950,0
440000,0
440050,0
440100,0
440150,0
440200,0
440250,0
440300,0
440350,0
440400,0
440450,0
440500,0
440550,0
440600,4
440650,0
440700,0
440750,0
440800,0
440850,0
440900,1
440950,0
441000,0
441050,0
441100,0
441150,1
441200,0
441250,0
441300,0
441350,0
441400,0
441450,3
441500,0
441550,0
441600,1
441650,2
441700,0
441750,0
441800,0
441850,0
441900,0
441950,0
442000,1
442050,0
442100,0
442150,0
442200,0
442250,0
442300,0
442350,0
442400,0
442450,0
442500,0
442550,0
442600,0
442650,0
442700,0
442750,0
442800,0
442850,0
442900,1
442950,0
443000,7
443050,16
443100,0
443150,0
443200,4
443250,14
443300,28
443350,11
443400,21
443450,31
443500,42
443550,33
443600,48
443650,45
443700,44
443750,15
443800,3
443850,8
443900,5
443950,15
444000,16
444050,37
444100,29
444150,33
444200,18
444250,0
444300,2
444350,0
444400,7
444450,0
444500,6
444550,3
444600,0
444650,0
444700,6
444750,5
444800,14
444850,36
444900,37
444950,34
445000,35
445050,23
445100,28
445150,20
445200,0
445250,0
445300,0
445350,0
445400,0
445450,0
445500,0
445550,0
445600,0
445650,0
445700,0
445750,0
445800,0
445850,0
445900,0
445950,0
446000,0
446050,0
446100,0
446150,0
446200,0
446250,0
446300,0
446350,0
446400,0
446450,0
446500,0
446550,0
446600,0
446650,0
446700,0
446750,0
446800,0
446850,0
446900,0
446950,0
447000,0
447050,0
447100,0
447150,0
447200,0
447250,0
447300,6
447350,0
447400,0
447450,0
447500,0
447550,0
447600,0
447650,0
447700,0
447750,0
447800,0
447850,0
447900,0
447950,0
448000,0
448050,0
448100,0
448150,0
448200,0
448250,3
448300,0
448350,16
448400,4
448450,23
448500,24
448550,22
448600,22
448650,37
448700,56
448750,48
448800,53
448850,26
448900,27
448950,5
449000,0
449050,0
449100,0
449150,0
449200,0
449250,10
449300,31
449350,24
449400,48
449450,37
449500,27
449550,29
449600,9
449650,1
449700,17
449750,16
449800,2
449850,3
449900,9
449950,10
450000,0
450050,1
450100,15
450150,0
450200,0
450250,0
450300,0
450350,0
450400,0
450450,0
450500,0
450550,0
450600,0
450650,0
450700,0
450750,0
450800,0
450850,0
450900,0
450950,0
451000,0
451050,0
451100,0
451150,0
451200,0
451250,0
451300,0
451350,0
451400,0
451450,0
451500,0
451550,0
451600,0
451650,0
451700,0
451750,0
451800,0
451850,0
451900,0
451950,0
452000,0
452050,0
452100,0
452150,0
452200,0
452250,0
452300,0
452350,0
452400,0
452450,0
452500,0
452550,0
452600,0
452650,0
452700,0
452750,0
452800,0
452850,0
452900,0
452950,0
453000,0
453050,0
453100,0
453150,0
453200,0
453250,0
453300,0
453350,0
453400,0
453450,0
453500,0
453550,0
453600,0
453650,0
453700,0
453750,0
453800,0
453850,0
453900,0
453950,0
454000,0
454050,0
454100,0
454150,0
454200,0
454250,0
454300,0
454350,0
454400,0
454450,0
454500,0
454550,0
454600,0
454650,9
454700,6
454750,6
454800,23
454850,11
454900,2
454950,0
455000,0
455050,0
455100,0
455150,0
455200,0
455250,0
455300,0
455350,0
455400,0
455450,0
455500,0
455550,0
455600,0
455650,1
455700,6
455750,7
455800,11
455850,30
455900,22
455950,43
456000,51
456050,52
456100,50
456150,54
456200,46
456250,47
456300,58
456350,56
456400,52
456450,32
456500,35
456550,27
456600,51
456650,62
456700,61
456750,61
456800,58
456850,59
456900,38
456950,32
457000,27
457050,9
457100,12
457150,12
457200,5
457250,3
457300,24
457350,31
457400,22
457450,31
457500,35
457550,37
457600,44
457650,32
457700,35
457750,10
457800,7
457850,2
457900,0
457950,0
458000,0
458050,0
458100,0
458150,0
458200,0
458250,12
458300,0
458350,0
458400,0
458450,1
458500,4
458550,0
458600,1
458650,0
458700,0
458750,0
458800,0
458850,0
458900,4
458950,0
459000,0
459050,0
459100,0
459150,0
459200,0
459250,0
459300,0
459350,0
459400,0
459450,0
459500,0
459550,0
459600,0
459650,0
459700,5
459750,0
459800,4
459850,0
459900,0
459950,0
460000,0
460050,0
460100,0
460150,0
460200,0
460250,0
460300,0
460350,0
460400,0
460450,0
460500,0
460550,0
460600,0
460650,0
460700,0
460750,0
460800,0
460850,0
460900,0
460950,0
461000,0
461050,0
461100,0
461150,0
461200,0
461250,0
461300,0
461350,0
461400,0
461450,0
461500,0
461550,0
461600,0
461650,0
461700,0
461750,0
461800,0
461850,0
461900,0
461950,0
462000,0
462050,0
462100,0
462150,0
462200,0
462250,0
462300,0
462350,0
462400,0
462450,0
462500,0
462550,0
462600,0
462650,0
462700,0
462750,0
462800,0
462850,0
462900,0
462950,0
463000,0
463050,0
463100,0
463150,0
463200,0
463250,0
463300,0
463350,0
463400,0
463450,0
463500,0
463550,0
463600,0
463650,0
463700,0
463750,0
463800,0
463850,0
463900,0
463950,0
464000,0
464050,0
464100,0
464150,0
464200,0
464250,0
464300,0
464350,0
464400,0
464450,0
464500,9
464550,0
464600,0
464650,0
464700,4
464750,0
464800,0
464850,0
464900,0
464950,0
465000,0
465050,7
465100,0
465150,0
465200,0
465250,0
465300,0
465350,0
465400,0
465450,0
465500,0
465550,0
465600,0
465650,3
465700,0
465750,0
465800,5
465850,3
465900,2
465950,0
466000,0
466050,0
466100,0
466150,0
466200,0
466250,0
466300,0
466350,0
466400,0
466450,0
466500,0
466550,0
466600,0
466650,0
466700,0
466750,0
466800,0
466850,0
466900,0
466950,0
467000,0
467050,0
467100,0
467150,0
467200,0
467250,0
467300,0
467350,0
467400,0
467450,0
467500,0
467550,0
467600,0
467650,1
467700,0
467750,0
467800,0
467850,0
467900,0
467950,0
468000,0
468050,0
468100,0
468150,0
468200,0
468250,0
468300,0
468350,0
468400,0
468450,0
468500,0
468550,0
468600,0
468650,0
468700,0
468750,0
468800,0
468850,0
468900,25
468950,2
469000,0
469050,0
469100,0
469150,0
469200,0
469250,0
469300,0
469350,0
469400,0
469450,0
469500,0
469550,0
469600,0
469650,0
469700,0
469750,0
469800,0
469850,0
469900,0
469950,0
470000,0
470050,0
470100,0
470150,0
470200,0
470250,0
470300,0
470350,0
470400,0
470450,0
470500,0
470550,0
470600,0
470650,0
470700,0
470750,0
470800,0
470850,0
470900,0
470950,0
471000,0
471050,0
471100,0
471150,0
471200,0
471250,0
471300,0
471350,0
471400,0
471450,0
471500,0
471550,0
471600,0
471650,0
471700,0
471750,0
471800,0
471850,0
471900,0
471950,0
472000,0
472050,0
472100,0
472150,0
472200,0
472250,0
472300,0
472350,0
472400,0
472450,1
472500,0
472550,21
472600,24
472650,28
472700,30
472750,29
472800,31
472850,20
472900,23
472950,0
473000,0
473050,0
473100,0
473150,0
473200,0
473250,0
473300,0
473350,0
473400,0
473450,1
473500,10
473550,1
473600,0
473650,0
473700,0
473750,0
473800,0
473850,0
473900,0
473950,0
474000,0
474050,0
474100,0
474150,0
474200,0
474250,0
474300,0
474350,0
474400,0
474450,6
474500,0
474550,0
474600,0
474650,0
474700,0
474750,0
474800,0
474850,3
474900,9
474950,23
475000,20
475050,0
475100,0
475150,0
475200,1
475250,0
475300,2
475350,0
475400,0
475450,0
475500,0
475550,0
475600,0
475650,0
475700,0
475750,0
475800,0
475850,0
475900,0
475950,3
476000,0
476050,0
476100,0
476150,0
476200,8
476250,0
476300,0
476350,0
476400,0
476450,0
476500,0
476550,0
476600,0
476650,0
476700,0
476750,0
476800,0
476850,0
476900,0
476950,0
477000,0
477050,0
477100,0
477150,0
477200,0
477250,0
477300,0
477350,0
477400,0
477450,0
477500,0
477550,0
477600,0
477650,0
477700,0
477750,0
477800,0
477850,0
477900,0
477950,0
478000,0
478050,0
478100,1
478150,5
478200,0
478250,3
478300,0
478350,0
478400,2
478450,11
478500,22
478550,31
478600,30
478650,19
478700,24
478750,0
478800,0
478850,0
478900,10
478950,0
479000,14
479050,20
479100,22
479150,26
479200,18
479250,0
479300,4
479350,0
479400,0
479450,1
479500,21
479550,16
479600,14
479650,20
479700,17
479750,17
479800,0
479850,0
479900,0
479950,0
480000,0
480050,3
480100,4
480150,0
480200,0
480250,0
480300,0
480350,0
480400,0
480450,0
480500,0
480550,0
480600,0
480650,0
480700,0
480750,0
480800,0
480850,0
480900,0
480950,0
481000,0
481050,0
481100,0
481150,0
481200,0
481250,0
481300,0
481350,0
481400,0
481450,0
481500,0
481550,0
481600,0
481650,0
481700,0
481750,0
481800,0
481850,0
481900,0
481950,0
482000,0
482050,0
482100,0
482150,0
482200,0
482250,0
482300,0
482350,0
482400,0
482450,0
482500,0
482550,0
482600,0
482650,0
482700,0
482750,0
482800,0
482850,0
482900,0
482950,0
483000,0
483050,0
483100,4
483150,30
483200,12
483250,37
483300,24
483350,15
483400,24
483450,33
483500,38
483550,29
483600,29
483650,24
483700,27
483750,35
483800,37
483850,19
483900,16
483950,11
484000,14
484050,17
484100,28
484150,34
484200,37
484250,22
484300,0
484350,0
484400,0
484450,0
484500,0
484550,0
484600,0
484650,0
484700,6
484750,0
484800,0
484850,0
484900,0
484950,0
485000,0
485050,0
485100,0
485150,0
485200,0
485250,0
485300,0
485350,11
485400,0
485450,0
485500,14
485550,20
485600,24
485650,23
485700,37
485750,37
485800,33
485850,12
485900,0
485950,0
486000,0
486050,5
486100,11
486150,6
486200,27
486250,28
486300,39
486350,22
486400,12
486450,0
486500,5
486550,5
486600,18
486650,36
486700,36
486750,13
486800,22
486850,27
486900,41
486950,37
487000,41
487050,53
487100,38
487150,51
487200,66
487250,65
487300,51
487350,35
487400,37
487450,30
487500,22
487550,3
487600,5
487650,17
487700,22
487750,31
487800,16
487850,21
487900,9
487950,26
488000,20
488050,0
488100,0
488150,2
488200,16
488250,46
488300,27
488350,34
488400,33
488450,20
488500,0
488550,8
488600,3
488650,0
488700,0
488750,14
488800,0
488850,0
488900,0
488950,0
489000,0
489050,0
489100,0
489150,0
489200,0
489250,0
489300,0
489350,0
489400,0
489450,0
489500,0
489550,0
489600,0
489650,0
489700,0
489750,0
489800,0
489850,0
489900,0
489950,0
490000,0
490050,0
490100,0
490150,0
490200,0
490250,0
490300,0
490350,0
490400,0
490450,0
490500,12
490550,4
490600,13
490650,0
490700,0
490750,0
490800,0
490850,0
490900,0
490950,0
491000,3
491050,0
491100,17
491150,0
491200,0
491250,0
491300,0
491350,0
491400,0
491450,0
491500,0
491550,0
491600,0
491650,0
491700,0
491750,3
491800,0
491850,0
491900,0
491950,0
492000,0
492050,0
492100,0
492150,0
492200,0
492250,0
492300,0
492350,6
492400,19
492450,15
492500,18
492550,19
492600,20
492650,0
492700,0
492750,0
492800,0
492850,0
492900,0
492950,0
493000,0
493050,0
493100,0
493150,0
493200,0
493250,0
493300,0
493350,0
493400,0
493450,0
493500,0
493550,0
493600,0
493650,0
493700,0
493750,0
493800,0
493850,0
493900,0
493950,0
494000,0
494050,0
494100,0
494150,0
494200,0
494250,0
494300,0
494350,0
494400,0
494450,0
494500,0
494550,0
494600,0
494650,0
494700,0
494750,0
494800,0
494850,0
494900,0
494950,0
495000,0
495050,0
495100,0
495150,0
495200,0
495250,0
495300,0
495350,0
495400,0
495450,0
495500,0
495550,0
495600,0
495650,0
495700,0
495750,0
495800,0
495850,0
495900,0
495950,0
496000,0
496050,0
496100,0
496150,0
496200,0
496250,0
496300,0
496350,0
496400,0
496450,0
496500,0
496550,0
496600,0
496650,0
496700,0
496750,0
496800,0
496850,0
496900,0
496950,0
497000,0
497050,0
497100,0
497150,0
497200,0
497250,0
497300,0
497350,0
497400,0
497450,0
497500,0
497550,0
497600,0
497650,0
497700,0
497750,0
497800,0
497850,0
497900,0
497950,0
498000,0
498050,0
498100,0
498150,0
498200,0
498250,0
498300,0
498350,0
498400,0
498450,0
498500,0
498550,0
498600,0
498650,0
498700,0
498750,0
498800,0
498850,0
498900,0
498950,0
499000,0
499050,0
499100,0
499150,0
499200,0
499250,0
499300,0
499350,0
499400,0
499450,0
499500,0
499550,0
499600,0
499650,0
499700,0
499750,0
499800,0
499850,0
499900,0
499950,0
500000,0
500050,0
500100,0
500150,0
500200,0
500250,0
500300,0
500350,0
500400,0
500450,0
500500,0
500550,0
500600,0
500650,0
500700,0
500750,0
500800,0
500850,0
500900,0
500950,0
501000,0
501050,0
501100,0
501150,0
501200,0
501250,0
501300,0
501350,0
501400,0
501450,0
501500,0
501550,0
501600,0
501650,0
501700,0
501750,0
501800,0
501850,0
501900,0
501950,0
502000,0
502050,0
502100,0
502150,0
502200,0
502250,0
502300,0
502350,0
502400,0
502450,0
502500,0
502550,0
502600,0
502650,0
502700,0
502750,0
502800,0
502850,0
502900,0
502950,0
503000,0
503050,0
503100,0
503150,0
503200,0
503250,0
503300,0
503350,0
503400,0
503450,0
503500,0
503550,0
503600,0
503650,0
503700,0
503750,0
503800,0
503850,0
503900,0
503950,0
504000,0
504050,0
504100,0
504150,0
504200,0
504250,0
504300,0
504350,0
504400,0
504450,0
504500,0
504550,0
504600,0
504650,0
504700,0
504750,0
504800,0
504850,0
504900,0
504950,0
505000,0
505050,0
505100,0
505150,0
505200,0
505250,0
505300,0
505350,0
505400,27
505450,27
505500,34
505550,0
505600,0
505650,0
505700,0
505750,0
505800,0
505850,0
505900,0
505950,0
506000,0
506050,0
506100,0
506150,0
506200,0
506250,0
506300,0
506350,0
506400,0
506450,0
506500,0
506550,0
506600,0
506650,0
506700,0
506750,0
506800,0
506850,0
506900,0
506950,0
507000,0
507050,0
507100,0
507150,0
507200,0
507250,0
507300,0
507350,0
507400,0
507450,0
507500,0
507550,1
507600,0
507650,0
507700,0
507750,0
507800,0
507850,0
507900,0
507950,0
508000,0
508050,0
508100,0
508150,0
508200,0
508250,0
508300,0
508350,0
508400,0
508450,0
508500,0
508550,0
508600,0
508650,0
508700,0
508750,0
508800,0
508850,0
508900,0
508950,0
509000,0
509050,0
509100,0
509150,0
509200,0
509250,0
509300,0
509350,0
509400,0
509450,0
509500,0
509550,0
509600,0
509650,0
509700,0
509750,0
509800,0
509850,0
509900,0
509950,0
510000,0
510050,0
510100,0
510150,0
510200,0
510250,0
510300,0
510350,0
510400,0
510450,0
510500,0
510550,0
510600,0
510650,0
510700,0
510750,0
510800,0
510850,4
510900,14
510950,0
511000,0
511050,0
511100,1
511150,3
511200,12
511250,0
511300,0
511350,0
511400,0
511450,0
511500,0
511550,0
511600,0
511650,0
511700,0
511750,0
511800,0
511850,0
511900,0
511950,0
512000,0
512050,0
512100,0
512150,0
512200,0
512250,0
512300,0
512350,0
512400,0
512450,0
512500,0
512550,0
512600,0
512650,0
512700,0
512750,0
512800,0
512850,0
512900,0
512950,0
513000,0
513050,0
513100,0
513150,0
513200,0
513250,0
513300,0
513350,0
513400,0
513450,0
513500,0
513550,0
513600,0
513650,0
513700,1
513750,9
513800,6
513850,0
513900,0
513950,0
514000,0
514050,0
514100,0
514150,0
514200,0
514250,0
514300,0
514350,0
514400,0
514450,0
514500,0
514550,0
514600,0
514650,0
514700,0
514750,0
514800,0
514850,0
514900,0
514950,0
515000,0
515050,0
515100,0
515150,0
515200,0
515250,0
515300,0
515350,0
515400,0
515450,0
515500,0
515550,0
515600,0
515650,0
515700,0
515750,3
515800,7
515850,0
515900,2
515950,0
516000,0
516050,0
516100,0
516150,0
516200,0
516250,0
516300,0
516350,0
516400,0
516450,0
516500,0
516550,0
516600,0
516650,0
516700,0
516750,0
516800,0
516850,0
516900,0
516950,0
517000,0
517050,0
517100,0
517150,1
517200,0
517250,0
517300,0
517350,1
517400,0
517450,0
517500,0
517550,0
517600,0
517650,0
517700,0
517750,0
517800,0
517850,0
517900,0
517950,0
518000,0
518050,0
518100,0
518150,0
518200,0
518250,0
518300,0
518350,0
518400,0
518450,0
518500,0
518550,0
518600,0
518650,0
518700,0
518750,0
518800,0
518850,0
518900,0
518950,0
519000,0
519050,0
519100,0
519150,0
519200,0
519250,0
519300,0
519350,0
519400,0
519450,0
519500,0
519550,0
519600,0
519650,0
519700,0
519750,0
519800,0
519850,0
519900,0
519950,0
520000,0
520050,0
520100,0
520150,0
520200,0
520250,0
520300,0
520350,0
520400,0
520450,0
520500,0
520550,0
520600,0
520650,0
520700,0
520750,0
520800,0
520850,0
520900,0
520950,0
521000,0
521050,0
521100,0
521150,0
521200,0
521250,0
521300,0
521350,0
521400,0
521450,0
521500,0
521550,0
521600,0
521650,0
521700,0
521750,0
521800,0
521850,0
521900,0
521950,0
522000,0
522050,0
522100,10
522150,2
522200,6
522250,21
522300,19
522350,31
522400,12
522450,0
522500,0
522550,0
522600,0
522650,0
522700,0
522750,0
522800,0
522850,0
522900,4
522950,0
523000,0
523050,3
523100,0
523150,0
523200,14
523250,10
523300,20
523350,29
523400,24
523450,22
523500,34
523550,38
523600,18
523650,0
523700,0
523750,0
523800,0
523850,0
523900,0
523950,0
524000,0
524050,0
524100,0
524150,0
524200,0
524250,0
524300,0
524350,0
524400,0
524450,0
524500,0
524550,0
524600,0
524650,0
524700,0
524750,0
524800,0
524850,0
524900,0
524950,0
525000,0
525050,0
525100,0
525150,0
525200,0
525250,1
525300,0
525350,0
525400,0
525450,0
525500,0
525550,0
525600,0
525650,0
525700,0
525750,0
525800,0
525850,0
525900,0
525950,0
526000,0
526050,0
526100,0
526150,0
526200,0
526250,0
526300,0
526350,0
526400,0
526450,0
526500,0
526550,0
526600,0
526650,0
526700,0
526750,0
526800,0
526850,0
526900,0
526950,0
527000,0
527050,0
527100,2
527150,0
527200,0
527250,0
527300,0
527350,0
527400,0
527450,0
527500,0
527550,0
527600,0
527650,0
527700,0
527750,0
527800,0
527850,0
527900,0
527950,0
528000,0
528050,0
528100,0
528150,0
528200,0
528250,0
528300,0
528350,0
528400,0
528450,0
528500,0
528550,0
528600,0
528650,0
528700,0
528750,0
528800,0
528850,0
528900,2
528950,0
529000,0
529050,0
529100,0
529150,0
529200,0
529250,0
529300,2
529350,0
529400,6
529450,13
529500,20
529550,0
529600,0
529650,0
529700,0
529750,0
529800,0
529850,0
529900,0
529950,0
530000,0
530050,0
530100,0
530150,0
530200,0
530250,0
530300,0
530350,0
530400,0
530450,0
530500,3
530550,2
530600,2
530650,0
530700,0
530750,0
530800,0
530850,0
530900,0
530950,0
531000,0
531050,0
531100,14
531150,8
531200,5
531250,7
531300,30
531350,12
531400,0
531450,0
531500,0
531550,3
531600,0
531650,0
531700,0
531750,0
531800,0
531850,0
531900,0
531950,0
532000,0
532050,0
532100,0
532150,0
532200,0
532250,0
532300,0
532350,0
532400,0
532450,0
532500,0
532550,0
532600,0
532650,0
532700,0
532750,0
532800,0
532850,0
532900,3
532950,1
533000,25
533050,23
533100,17
533150,13
533200,9
533250,0
533300,0
533350,6
533400,3
533450,5
533500,2
533550,0
533600,0
533650,0
533700,0
533750,0
533800,6
533850,0
533900,0
533950,0
534000,0
534050,0
534100,0
534150,0
534200,0
534250,0
534300,0
534350,0
534400,0
534450,0
534500,0
534550,0
534600,0
534650,0
534700,0
534750,0
534800,0
534850,0
534900,0
534950,0
535000,0
535050,0
535100,8
535150,14
535200,17
535250,37
535300,40
535350,9
535400,5
535450,7
535500,20
535550,14
535600,19
535650,34
535700,40
535750,37
535800,36
535850,47
535900,51
535950,40
536000,30
536050,25
536100,0
536150,2
536200,5
536250,7
536300,3
536350,7
536400,1
536450,0
536500,0
536550,0
536600,0
536650,0
536700,8
536750,0
536800,0
536850,0
536900,0
536950,0
537000,0
537050,0
537100,0
537150,0
537200,0
537250,0
537300,0
537350,0
537400,0
537450,0
537500,0
537550,0
537600,0
537650,0
537700,0
537750,0
537800,5
537850,0
537900,0
537950,0
538000,0
538050,0
538100,0
538150,0
538200,0
538250,0
538300,0
538350,0
538400,0
538450,0
538500,0
538550,0
538600,0
538650,0
538700,0
538750,0
538800,0
538850,0
538900,0
538950,0
539000,0
539050,0
539100,0
539150,0
539200,0
539250,0
539300,0
539350,0
539400,0
539450,0
539500,0
539550,0
539600,0
539650,0
539700,0
539750,0
539800,0
539850,0
539900,0
539950,6
540000,0
540050,3
540100,6
540150,18
540200,12
540250,27
540300,21
540350,43
540400,7
540450,15
540500,0
540550,18
540600,28
540650,0
540700,0
540750,0
540800,0
540850,0
540900,0
540950,0
541000,0
541050,0
541100,0
541150,0
541200,0
541250,0
541300,0
541350,0
541400,0
541450,0
541500,0
541550,0
541600,0
541650,0
541700,0
541750,2
541800,0
541850,4
541900,3
541950,20
542000,23
542050,42
542100,36
542150,47
542200,49
542250,34
542300,43
542350,38
542400,35
542450,5
542500,4
542550,8
542600,25
542650,37
542700,27
542750,22
542800,34
542850,35
542900,32
542950,17
543000,27
543050,23
543100,17
543150,29
543200,47
543250,48
543300,11
543350,3
543400,2
543450,0
543500,0
543550,3
543600,9
543650,19
543700,13
543750,15
543800,22
543850,21
543900,36
543950,34
544000,37
544050,29
544100,3
544150,0
544200,0
544250,8
544300,15
544350,33
544400,44
544450,63
544500,69
544550,59
544600,69
544650,60
544700,53
544750,76
544800,57
544850,40
544900,18
544950,29
545000,14
545050,25
545100,28
545150,42
545200,22
545250,27
545300,49
545350,70
545400,70
545450,67
545500,69
545550,74
545600,81
545650,82
545700,78
545750,55
545800,37
545850,26
545900,4
545950,13
546000,15
546050,24
546100,54
546150,67
546200,68
546250,58
546300,73
546350,89
546400,98
546450,74
546500,63
546550,55
546600,49
546650,48
546700,56
546750,55
546800,52
546850,36
546900,39
546950,45
547000,33
547050,57
547100,59
547150,45
547200,41
547250,37
547300,30
547350,18
547400,26
547450,38
547500,33
547550,38
547600,54
547650,24
547700,26
547750,25
547800,23
547850,23
547900,13
547950,1
548000,22
548050,29
548100,8
548150,0
548200,0
548250,0
548300,3
548350,0
548400,0
548450,0
548500,0
548550,0
548600,0
548650,0
548700,0
548750,0
548800,0
548850,0
548900,0
548950,0
549000,0
549050,0
549100,0
549150,7
549200,25
549250,0
549300,0
549350,0
549400,0
549450,0
549500,0
549550,0
549600,0
549650,0
549700,0
549750,0
549800,0
549850,0
549900,0
549950,0
550000,0
550050,0
550100,0
550150,0
550200,0
550250,0
550300,0
550350,0
550400,0
550450,0
550500,0
550550,0
550600,0
550650,0
550700,3
550750,0
550800,1
550850,7
550900,19
550950,18
551000,13
551050,24
551100,29
551150,46
551200,64
551250,59
551300,34
551350,25
551400,19
551450,9
551500,6
551550,21
551600,34
551650,35
551700,25
551750,5
551800,11
551850,24
551900,36
551950,2
552000,26
552050,0
552100,0
552150,0
552200,0
552250,0
552300,0
552350,0
552400,0
552450,9
552500,0
552550,0
552600,0
552650,0
552700,0
552750,0
552800,0
552850,0
552900,0
552950,0
553000,0
553050,0
553100,0
553150,0
553200,0
553250,0
553300,0
553350,0
553400,0
553450,0
553500,0
553550,0
553600,0
553650,0
553700,0
553750,0
553800,0
553850,0
553900,0
553950,0
554000,0
554050,14
554100,24
554150,27
554200,41
554250,50
554300,22
554350,1
554400,0
554450,7
554500,7
554550,22
554600,21
554650,37
554700,32
554750,18
554800,35
554850,11
554900,17
554950,17
555000,22
555050,0
555100,0
555150,0
555200,0
555250,0
555300,0
555350,0
555400,0
555450,0
555500,0
555550,0
555600,0
555650,0
555700,0
555750,0
555800,0
555850,0
555900,0
555950,0
556000,0
556050,0
556100,0
556150,0
556200,0
556250,0
556300,0
556350,0
556400,0
556450,0
556500,0
556550,0
556600,0
556650,0
556700,0
556750,0
556800,0
556850,0
556900,0
556950,0
557000,0
557050,0
557100,0
557150,0
557200,0
557250,0
557300,0
557350,0
557400,0
557450,0
557500,0
557550,0
557600,0
557650,0
557700,0
557750,0
557800,0
557850,0
557900,0
557950,0
558000,0
558050,0
558100,4
558150,0
558200,0
558250,0
558300,0
558350,0
558400,0
558450,0
558500,0
558550,0
558600,0
558650,0
558700,0
558750,0
558800,0
558850,0
558900,0
558950,0
559000,0
559050,0
559100,0
559150,0
559200,0
559250,0
559300,0
559350,0
559400,0
559450,0
559500,0
559550,0
559600,0
559650,0
559700,0
559750,0
559800,0
559850,0
559900,0
559950,0
560000,0
560050,0
560100,0
560150,0
560200,0
560250,0
560300,0
560350,0
560400,0
560450,0
560500,0
560550,0
560600,0
560650,0
560700,0
560750,0
560800,0
560850,0
560900,0
560950,0
561000,3
561050,16
561100,32
561150,35
561200,26
561250,24
561300,17
561350,6
561400,0
561450,0
561500,0
561550,0
561600,0
561650,0
561700,0
561750,0
561800,0
561850,0
561900,0
561950,0
562000,0
562050,0
562100,0
562150,0
562200,0
562250,0
562300,0
562350,0
562400,0
562450,0
562500,0
562550,0
562600,0
562650,0
562700,0
562750,0
562800,0
562850,0
562900,0
562950,0
563000,0
563050,0
563100,0
563150,0
563200,0
563250,0
563300,0
563350,0
563400,0
563450,0
563500,0
563550,0
563600,0
563650,0
563700,0
563750,0
563800,0
563850,0
563900,0
563950,0
564000,0
564050,0
564100,0
564150,0
564200,0
564250,0
564300,0
564350,0
564400,0
564450,0
564500,0
564550,0
564600,0
564650,0
564700,0
564750,0
564800,0
564850,0
564900,0
564950,0
565000,0
565050,0
565100,0
565150,0
565200,0
565250,0
565300,0
565350,0
565400,0
565450,0
565500,0
565550,3
565600,0
565650,0
565700,0
565750,0
565800,0
565850,0
565900,3
565950,10
566000,2
566050,2
566100,11
566150,0
566200,8
566250,15
566300,0
566350,0
566400,0
566450,0
566500,0
566550,0
566600,0
566650,0
566700,0
566750,0
566800,0
566850,0
566900,0
566950,0
567000,0
567050,0
567100,0
567150,0
567200,0
567250,0
567300,0
567350,0
567400,0
567450,0
567500,0
567550,0
567600,0
567650,0
567700,0
567750,0
567800,0
567850,0
567900,0
567950,0
568000,0
568050,1
568100,0
568150,0
568200,1
568250,0
568300,6
568350,18
568400,27
568450,26
568500,30
568550,28
568600,0
568650,0
568700,3
568750,0
568800,0
568850,0
568900,0
568950,3
569000,13
569050,9
569100,2
569150,10
569200,7
569250,11
569300,27
569350,40
569400,41
569450,18
569500,0
569550,0
569600,0
569650,0
569700,0
569750,0
569800,0
569850,0
569900,0
569950,0
570000,0
570050,0
570100,0
570150,0
570200,0
570250,0
570300,2
570350,5
570400,0
570450,8
570500,27
570550,19
570600,24
570650,21
570700,35
570750,28
570800,30
570850,17
570900,11
570950,7
571000,11
571050,0
571100,0
571150,0
571200,0
571250,0
571300,0
571350,0
571400,0
571450,0
571500,0
571550,0
571600,0
571650,0
571700,0
571750,0
571800,0
571850,0
571900,0
571950,0
572000,0
572050,0
572100,0
572150,0
572200,0
572250,0
572300,0
572350,0
572400,0
572450,0
572500,0
572550,0
572600,0
572650,0
572700,0
572750,0
572800,0
572850,0
572900,0
572950,0
573000,0
573050,0
573100,0
573150,0
573200,0
573250,0
573300,0
573350,0
573400,0
573450,0
573500,0
573550,0
573600,0
573650,0
573700,0
573750,0
573800,0
573850,0
573900,0
573950,0
574000,0
574050,0
574100,0
574150,0
574200,0
574250,0
574300,0
574350,0
574400,0
574450,0
574500,0
574550,0
574600,0
574650,0
574700,0
574750,0
574800,0
574850,1
574900,18
574950,15
575000,27
575050,0
575100,0
575150,0
575200,0
575250,0
575300,0
575350,0
575400,0
575450,0
575500,0
575550,0
575600,0
575650,0
575700,0
575750,0
575800,0
575850,0
575900,0
575950,0
576000,0
576050,0
576100,0
576150,0
576200,0
576250,0
576300,0
576350,0
576400,0
576450,7
576500,8
576550,28
576600,21
576650,16
576700,20
576750,0
576800,11
576850,0
576900,9
576950,0
577000,0
577050,0
577100,0
577150,0
577200,0
577250,0
577300,0
577350,0
577400,0
577450,0
577500,0
577550,0
577600,0
577650,0
577700,0
577750,0
577800,0
577850,0
577900,0
577950,0
578000,0
578050,0
578100,0
578150,0
578200,0
578250,0
578300,5
578350,0
578400,0
578450,0
578500,5
578550,11
578600,19
578650,30
578700,30
578750,33
578800,25
578850,13
578900,16
578950,2
579000,7
579050,8
579100,19
579150,31
579200,45
579250,35
579300,28
579350,25
579400,0
579450,0
579500,0
579550,0
579600,0
579650,12
579700,0
579750,0
579800,0
579850,0
579900,0
579950,6
580000,2
580050,1
580100,0
580150,0
580200,0
580250,0
580300,0
580350,0
580400,0
580450,0
580500,0
580550,0
580600,2
580650,0
580700,0
580750,0
580800,0
580850,0
580900,0
580950,0
581000,0
581050,0
581100,0
581150,0
581200,0
581250,0
581300,0
581350,0
581400,0
581450,0
581500,2
581550,0
581600,0
581650,0
581700,0
581750,0
581800,0
581850,0
581900,0
581950,0
582000,0
582050,0
582100,0
582150,0
582200,0
582250,0
582300,0
582350,0
582400,0
582450,0
582500,0
582550,0
582600,0
582650,0
582700,7
582750,22
582800,26
582850,39
582900,43
582950,22
583000,24
583050,20
583100,14
583150,37
583200,32
583250,33
583300,12
583350,0
583400,0
583450,0
583500,0
583550,0
583600,0
583650,0
583700,18
583750,26
583800,23
583850,30
583900,25
583950,45
584000,43
584050,36
584100,21
584150,14
584200,0
584250,0
584300,16
584350,8
584400,0
584450,0
584500,1
584550,0
584600,0
584650,0
584700,0
584750,0
584800,0
584850,0
584900,0
584950,0
585000,0
585050,0
585100,0
585150,0
585200,0
585250,0
585300,0
585350,0
585400,0
585450,0
585500,0
585550,0
585600,0
585650,0
585700,0
585750,0
585800,0
585850,0
585900,0
585950,0
586000,0
586050,0
586100,0
586150,0
586200,0
586250,0
586300,0
586350,0
586400,0
586450,0
586500,0
586550,0
586600,0
586650,0
586700,0
586750,0
586800,0
586850,0
586900,0
586950,0
587000,0
587050,0
587100,0
587150,0
587200,0
587250,0
587300,0
587350,0
587400,0
587450,0
587500,0
587550,0
587600,0
587650,0
587700,0
587750,0
587800,0
587850,0
587900,0
587950,0
588000,0
588050,0
588100,0
588150,0
588200,0
588250,0
588300,0
588350,0
588400,0
588450,0
588500,0
588550,0
588600,0
588650,0
588700,0
588750,0
588800,0
588850,0
588900,0
588950,0
589000,0
589050,0
589100,0
589150,0
589200,8
589250,0
589300,0
589350,0
589400,0
589450,0
589500,0
589550,0
589600,1
589650,0
589700,7
589750,0
589800,1
589850,0
589900,0
589950,0
590000,0
590050,0
590100,0
590150,0
590200,0
590250,0
590300,0
590350,0
590400,0
590450,0
590500,0
590550,0
590600,8
590650,10
590700,14
590750,19
590800,4
590850,15
590900,16
590950,38
591000,0
591050,2
591100,5
591150,23
591200,13
591250,9
591300,11
591350,22
591400,30
591450,32
591500,37
591550,45
591600,27
591650,2
591700,10
591750,9
591800,21
591850,23
591900,30
591950,0
592000,0
592050,0
592100,0
592150,0
592200,0
592250,0
592300,20
592350,26
592400,17
592450,32
592500,32
592550,18
592600,12
592650,3
592700,15
592750,17
592800,16
592850,30
592900,30
592950,38
593000,34
593050,34
593100,50
593150,80
593200,86
593250,69
593300,58
593350,56
593400,28
593450,26
593500,10
593550,0
593600,0
593650,0
593700,0
593750,0
593800,0
593850,0
593900,0
593950,0
594000,0
594050,0
594100,0
594150,0
594200,0
594250,0
594300,0
594350,0
594400,0
594450,0
594500,0
594550,0
594600,0
594650,0
594700,0
594750,0
594800,6
594850,0
594900,0
594950,0
595000,0
595050,0
595100,0
595150,0
595200,0
595250,0
595300,0
595350,0
595400,0
595450,0
595500,0
595550,0
595600,0
595650,0
595700,0
595750,0
595800,0
595850,0
595900,0
595950,0
596000,0
596050,0
596100,0
596150,0
596200,0
596250,4
596300,0
596350,0
596400,0
596450,0
596500,0
596550,0
596600,0
596650,0
596700,0
596750,0
596800,0
596850,0
596900,0
596950,0
597000,0
597050,3
597100,0
597150,5
597200,0
597250,1
597300,9
597350,14
597400,16
597450,13
597500,5
597550,0
597600,0
597650,4
597700,0
597750,0
597800,0
597850,0
597900,0
597950,4
598000,0
598050,0
598100,0
598150,0
598200,0
598250,0
598300,0
598350,0
598400,0
598450,0
598500,0
598550,0
598600,0
598650,0
598700,0
598750,0
598800,0
598850,0
598900,0
598950,0
599000,0
599050,0
599100,0
599150,0
599200,0
599250,0
599300,0
599350,0
599400,0
599450,0
599500,0
599550,0
599600,0
599650,0
599700,0
599750,0
599800,0
599850,0
599900,0
599950,0
600000,0
600050,0
600100,0
600150,0
600200,0
600250,0
600300,0
600350,0
600400,0
600450,0
600500,0
600550,0
600600,0
600650,0
600700,0
600750,0
600800,0
600850,0
600900,11
600950,20
601000,11
601050,11
601100,1
601150,0
601200,0
601250,18
601300,22
601350,0
601400,12
601450,0
601500,0
601550,0
601600,0
601650,0
601700,0
601750,0
601800,0
601850,0
601900,0
601950,0
602000,0
602050,0
602100,0
602150,0
602200,0
602250,0
602300,0
602350,7
602400,0
602450,0
602500,14
602550,0
602600,0
602650,0
602700,0
602750,0
602800,0
602850,0
602900,0
602950,0
603000,0
603050,0
603100,0
603150,0
603200,0
603250,0
603300,0
603350,0
603400,0
603450,0
603500,0
603550,0
603600,0
603650,0
603700,0
603750,0
603800,2
603850,0
603900,0
603950,0
604000,0
604050,0
604100,0
604150,0
604200,0
604250,0
604300,0
604350,0
604400,0
604450,0
604500,0
604550,0
604600,0
604650,0
604700,0
604750,0
604800,0
604850,0
604900,0
604950,0
605000,0
605050,0
605100,0
605150,0
605200,0
605250,0
605300,20
605350,6
605400,18
605450,24
605500,28
605550,34
605600,1
605650,0
605700,0
605750,0
605800,0
605850,0
605900,0
605950,0
606000,0
606050,0
606100,0
606150,0
606200,0
606250,1
606300,0
606350,0
606400,0
606450,0
606500,0
606550,0
606600,0
606650,0
606700,0
606750,0
606800,0
606850,0
606900,0
606950,0
607000,0
607050,0
607100,0
607150,0
607200,0
607250,0
607300,0
607350,0
607400,0
607450,0
607500,0
607550,0
607600,0
607650,0
607700,0
607750,0
607800,0
607850,0
607900,5
607950,19
608000,16
608050,0
608100,9
608150,14
608200,23
608250,41
608300,37
608350,25
608400,6
608450,0
608500,0
608550,0
608600,0
608650,0
608700,0
608750,0
608800,0
608850,0
608900,0
608950,0
609000,0
609050,0
609100,0
609150,0
609200,0
609250,0
609300,0
609350,0
609400,0
609450,0
609500,0
609550,0
609600,0
609650,0
609700,0
609750,0
609800,0
609850,0
609900,0
609950,0
610000,0
610050,0
610100,0
610150,7
610200,9
610250,17
610300,5
610350,22
610400,25
610450,23
610500,0
610550,0
610600,0
610650,0
610700,0
610750,0
610800,0
610850,0
610900,7
610950,28
611000,36
611050,38
611100,34
611150,31
611200,25
611250,5
611300,23
611350,3
611400,14
611450,0
611500,0
611550,0
611600,0
611650,0
611700,0
611750,0
611800,0
611850,0
611900,5
611950,0
612000,0
612050,0
612100,0
612150,0
612200,0
612250,0
612300,9
612350,0
612400,4
612450,8
612500,0
612550,0
612600,0
612650,0
612700,0
612750,0
612800,0
612850,0
612900,0
612950,0
613000,0
613050,14
613100,2
613150,4
613200,11
613250,0
613300,0
613350,0
613400,0
613450,0
613500,0
613550,0
613600,7
613650,0
613700,0
613750,0
613800,0
613850,0
613900,0
613950,0
614000,2
614050,0
614100,0
614150,0
614200,2
614250,0
614300,0
614350,0
614400,0
614450,0
614500,0
614550,0
614600,0
614650,0
614700,0
614750,0
614800,0
614850,0
614900,0
614950,0
615000,0
615050,0
615100,0
615150,0
615200,0
615250,0
615300,0
615350,0
615400,0
615450,0
615500,0
615550,0
615600,0
615650,0
615700,0
615750,0
615800,0
615850,0
615900,0
615950,0
616000,0
616050,0
616100,0
616150,0
616200,0
616250,0
616300,0
616350,0
616400,0
616450,0
616500,0
616550,0
616600,0
616650,0
616700,17
616750,0
616800,0
616850,0
616900,0
616950,4
617000,0
617050,0
617100,1
617150,5
617200,17
617250,15
617300,4
617350,0
617400,0
617450,0
617500,0
617550,0
617600,0
617650,0
617700,0
617750,0
617800,1
617850,0
617900,1
617950,0
618000,37
618050,21
618100,13
618150,22
618200,38
618250,32
618300,20
618350,29
618400,25
618450,37
618500,0
618550,0
618600,0
618650,0
618700,0
618750,3
618800,1
618850,0
618900,0
618950,0
619000,0
619050,0
619100,12
619150,0
619200,0
619250,3
619300,0
619350,0
619400,0
619450,0
619500,0
619550,0
619600,0
619650,0
619700,0
619750,0
619800,0
619850,0
619900,0
619950,0
620000,0
620050,0
620100,0
620150,0
620200,0
620250,0
620300,0
620350,0
620400,0
620450,0
620500,0
620550,0
620600,0
620650,0
620700,0
620750,0
620800,1
620850,0
620900,11
620950,24
621000,19
621050,37
621100,38
621150,38
621200,29
621250,38
621300,38
621350,33
621400,41
621450,41
621500,54
621550,49
621600,80
621650,59
621700,37
621750,10
621800,14
621850,25
621900,35
621950,36
622000,31
622050,51
622100,45
622150,51
622200,60
622250,53
622300,17
622350,34
622400,41
622450,49
622500,38
622550,35
622600,40
622650,36
622700,47
622750,53
622800,64
622850,46
622900,30
622950,41
623000,49
623050,46
623100,41
623150,57
623200,42
623250,43
623300,26
623350,31
623400,19
623450,23
623500,27
623550,11
623600,0
623650,0
623700,0
623750,0
623800,5
623850,0
623900,13
623950,0
624000,0
624050,0
624100,0
624150,0
624200,0
624250,0
624300,0
624350,0
624400,0
624450,0
624500,0
624550,0
624600,0
624650,0
624700,0
624750,0
624800,0
624850,0
624900,0
624950,0
625000,0
625050,0
625100,0
625150,0
625200,1
625250,0
625300,0
625350,0
625400,0
625450,0
625500,0
625550,0
625600,0
625650,0
625700,0
625750,0
625800,0
625850,0
625900,0
625950,0
626000,0
626050,0
626100,0
626150,0
626200,0
626250,0
626300,0
626350,0
626400,10
626450,0
626500,1
626550,13
626600,30
626650,49
626700,59
626750,65
626800,35
626850,14
626900,0
626950,0
627000,0
627050,0
627100,0
627150,3
627200,0
627250,3
627300,32
627350,29
627400,23
627450,15
627500,19
627550,0
627600,0
627650,18
627700,16
627750,12
627800,44
627850,22
627900,14
627950,16
628000,3
628050,3
628100,0
628150,7
628200,0
628250,0
628300,0
628350,0
628400,0
628450,0
628500,0
628550,0
628600,0
628650,0
628700,0
628750,0
628800,0
628850,0
628900,0
628950,0
629000,0
629050,0
629100,0
629150,1
629200,4
629250,0
629300,0
629350,0
629400,0
629450,0
629500,0
629550,0
629600,0
629650,0
629700,0
629750,0
629800,0
629850,0
629900,0
629950,0
630000,0
630050,0
630100,0
630150,0
630200,0
630250,0
630300,0
630350,0
630400,0
630450,0
630500,0
630550,0
630600,0
630650,0
630700,0
630750,0
630800,0
630850,0
630900,0
630950,0
631000,1
631050,0
631100,0
631150,0
631200,0
631250,4
631300,28
631350,31
631400,35
631450,16
631500,0
631550,0
631600,0
631650,0
631700,8
631750,12
631800,5
631850,19
631900,0
631950,0
632000,0
632050,0
632100,0
632150,0
632200,5
632250,0
632300,0
632350,0
632400,0
632450,0
632500,0
632550,0
632600,0
632650,0
632700,0
632750,0
632800,0
632850,0
632900,0
632950,0
633000,0
633050,0
633100,0
633150,0
633200,0
633250,0
633300,0
633350,0
633400,0
633450,0
633500,0
633550,0
633600,0
633650,0
633700,0
633750,0
633800,0
633850,0
633900,0
633950,0
634000,0
634050,0
634100,0
634150,0
634200,4
634250,12
634300,14
634350,16
634400,21
634450,29
634500,38
634550,31
634600,25
634650,24
634700,22
634750,33
634800,5
634850,0
634900,0
634950,2
635000,0
635050,0
635100,0
635150,0
635200,0
635250,0
635300,0
635350,9
635400,11
635450,4
635500,0
635550,0
635600,0
635650,0
635700,0
635750,0
635800,0
635850,0
635900,0
635950,0
636000,0
636050,0
636100,0
636150,0
636200,0
636250,0
636300,0
636350,0
636400,0
636450,10
636500,1
636550,0
636600,0
636650,0
636700,0
636750,0
636800,0
636850,0
636900,0
636950,0
637000,0
637050,0
637100,0
637150,0
637200,0
637250,0
637300,0
637350,6
637400,3
637450,1
637500,0
637550,4
637600,3
637650,9
637700,11
637750,17
637800,25
637850,13
637900,0
637950,0
638000,0
638050,0
638100,0
638150,0
638200,0
638250,0
638300,0
638350,0
638400,0
638450,0
638500,0
638550,0
638600,0
638650,0
638700,0
638750,0
638800,0
638850,0
638900,0
638950,0
639000,0
639050,0
639100,0
639150,0
639200,0
639250,0
639300,0
639350,0
639400,0
639450,0
639500,0
639550,3
639600,4
639650,15
639700,23
639750,27
639800,25
639850,0
639900,0
639950,1
640000,0
640050,6
640100,4
640150,23
640200,20
640250,21
640300,17
640350,6
640400,0
640450,0
640500,0
640550,0
640600,0
640650,0
640700,0
640750,0
640800,0
640850,0
640900,0
640950,0
641000,0
641050,0
641100,0
641150,0
641200,0
641250,0
641300,0
641350,0
641400,0
641450,0
641500,0
641550,0
641600,0
641650,0
641700,0
641750,0
641800,0
641850,0
641900,1
641950,0
642000,0
642050,0
642100,1
642150,12
642200,20
642250,33
642300,22
642350,0
642400,3
642450,2
642500,39
642550,5
642600,7
642650,0
642700,0
642750,0
642800,0
642850,0
642900,0
642950,0
643000,0
643050,0
643100,6
643150,0
643200,0
643250,0
643300,0
643350,0
643400,0
643450,0
643500,0
643550,0
643600,0
643650,0
643700,0
643750,0
643800,0
643850,0
643900,0
643950,0
644000,0
644050,0
644100,0
644150,0
644200,0
644250,2
644300,15
644350,0
644400,15
644450,2
644500,13
644550,16
644600,17
644650,21
644700,4
644750,0
644800,0
644850,0
644900,7
644950,7
645000,23
645050,23
645100,32
645150,26
645200,21
645250,27
645300,32
645350,35
645400,44
645450,31
645500,31
645550,27
645600,23
645650,8
645700,0
645750,0
645800,0
645850,0
645900,3
645950,12
646000,3
646050,13
646100,2
646150,3
646200,6
646250,0
646300,0
646350,11
646400,20
646450,23
646500,25
646550,8
646600,0
646650,0
646700,0
646750,0
646800,0
646850,0
646900,0
646950,0
647000,0
647050,0
647100,0
647150,0
647200,0
647250,0
647300,0
647350,0
647400,0
647450,2
647500,0
647550,0
647600,0
647650,0
647700,0
647750,0
647800,0
647850,5
647900,9
647950,13
648000,17
648050,24
648100,30
648150,3
648200,0
648250,0
648300,0
648350,0
648400,0
648450,0
648500,0
648550,0
648600,0
648650,0
648700,0
648750,0
648800,0
648850,0
648900,0
648950,0
649000,0
649050,0
649100,0
649150,0
649200,0
649250,0
649300,0
649350,0
649400,0
649450,0
649500,0
649550,0
649600,0
649650,0
649700,0
649750,0
649800,0
649850,0
649900,0
649950,0
650000,0
650050,0
650100,0
650150,0
650200,0
650250,0
650300,0
650350,0
650400,0
650450,0
650500,0
650550,0
650600,0
650650,0
650700,0
650750,0
650800,0
650850,0
650900,0
650950,0
651000,0
651050,0
651100,0
651150,0
651200,0
651250,0
651300,0
651350,0
651400,0
651450,0
651500,0
651550,0
651600,0
651650,0
651700,0
651750,0
651800,0
651850,0
651900,0
651950,0
652000,0
652050,0
652100,0
652150,0
652200,0
652250,0
652300,0
652350,0
652400,0
652450,0
652500,0
652550,0
652600,0
652650,0
652700,0
652750,0
652800,0
652850,0
652900,0
652950,0
653000,0
653050,0
653100,0
653150,0
653200,0
653250,0
653300,0
653350,0
653400,0
653450,0
653500,0
653550,0
653600,0
653650,0
653700,0
653750,0
653800,0
653850,0
653900,0
653950,0
654000,0
654050,0
654100,0
654150,0
654200,0
654250,0
654300,0
654350,0
654400,0
654450,0
654500,0
654550,0
654600,0
654650,0
654700,0
654750,0
654800,0
654850,0
654900,0
654950,0
655000,0
655050,0
655100,0
655150,0
655200,0
655250,0
655300,0
655350,0
655400,0
655450,0
655500,0
655550,0
655600,1
655650,12
655700,4
655750,13
655800,24
655850,37
655900,37
655950,22
656000,26
656050,0
656100,0
656150,0
656200,0
656250,0
656300,0
656350,0
656400,0
656450,0
656500,0
656550,0
656600,8
656650,4
656700,10
656750,5
656800,23
656850,31
656900,33
656950,23
657000,19
657050,25
657100,50
657150,60
657200,41
657250,39
657300,29
657350,25
657400,27
657450,26
657500,22
657550,43
657600,56
657650,36
657700,28
657750,49
657800,42
657850,56
657900,49
657950,28
658000,20
658050,26
658100,31
658150,64
658200,51
658250,44
658300,65
658350,35
658400,12
658450,22
658500,17
658550,27
658600,33
658650,43
658700,32
658750,35
658800,46
658850,35
658900,29
658950,7
659000,0
659050,0
659100,0
659150,0
659200,0
659250,0
659300,0
659350,0
659400,0
659450,0
659500,0
659550,0
659600,0
659650,0
659700,0
659750,0
659800,0
659850,0
659900,0
659950,0
660000,0
660050,0
660100,0
660150,0
660200,0
660250,0
660300,0
660350,0
660400,0
660450,0
660500,0
660550,3
660600,0
660650,0
660700,14
660750,0
660800,0
660850,0
660900,0
660950,0
661000,0
661050,0
661100,0
661150,0
661200,0
661250,0
661300,0
661350,0
661400,0
661450,0
661500,0
661550,0
661600,0
661650,0
661700,0
661750,0
661800,0
661850,0
661900,0
661950,0
662000,0
662050,0
662100,0
662150,0
662200,0
662250,0
662300,0
662350,0
662400,0
662450,0
662500,0
662550,0
662600,0
662650,0
662700,0
662750,0
662800,0
662850,0
662900,0
662950,0
663000,0
663050,0
663100,0
663150,0
663200,0
663250,0
663300,0
663350,0
663400,0
663450,0
663500,0
663550,0
663600,0
663650,0
663700,0
663750,0
663800,0
663850,0
663900,0
663950,0
664000,0
664050,0
664100,0
664150,0
664200,0
664250,0
664300,0
664350,0
664400,0
664450,0
664500,0
664550,0
664600,0
664650,0
664700,0
664750,0
664800,0
664850,0
664900,0
664950,0
665000,0
665050,0
665100,0
665150,0
665200,0
665250,0
665300,0
665350,0
665400,0
665450,0
665500,0
665550,0
665600,0
665650,0
665700,0
665750,0
665800,0
665850,0
665900,0
665950,0
666000,0
666050,0
666100,0
666150,0
666200,0
666250,0
666300,0
666350,0
666400,0
666450,0
666500,0
666550,0
666600,0
666650,0
666700,0
666750,0
666800,0
666850,0
666900,0
666950,0
667000,0
667050,0
667100,0
667150,0
667200,0
667250,0
667300,0
667350,0
667400,0
667450,0
667500,0
667550,0
667600,0
667650,0
667700,0
667750,0
667800,0
667850,0
667900,0
667950,0
668000,3
668050,7
668100,5
668150,9
668200,42
668250,64
668300,70
668350,51
668400,39
668450,31
668500,19
668550,18
668600,35
668650,38
668700,13
668750,11
668800,7
668850,8
668900,15
668950,13
669000,27
669050,31
669100,17
669150,3
669200,15
669250,20
669300,31
669350,24
669400,18
669450,21
669500,14
669550,15
669600,20
669650,39
669700,22
669750,13
669800,16
669850,19
669900,17
669950,3
670000,0
670050,0
670100,0
670150,0
670200,0
670250,0
670300,0
670350,0
670400,0
670450,0
670500,0
670550,0
670600,0
670650,0
670700,0
670750,0
670800,0
670850,0
670900,0
670950,0
671000,0
671050,0
671100,0
671150,0
671200,0
671250,0
671300,0
671350,0
671400,0
671450,0
671500,0
671550,2
671600,0
671650,0
671700,0
671750,0
671800,0
671850,0
671900,0
671950,0
672000,0
672050,0
672100,0
672150,0
672200,0
672250,0
672300,0
672350,0
672400,0
672450,0
672500,0
672550,0
672600,0
672650,6
672700,0
672750,0
672800,0
672850,0
672900,0
672950,0
673000,0
673050,0
673100,8
673150,0
673200,0
673250,1
673300,0
673350,0
673400,0
673450,0
673500,0
673550,0
673600,0
673650,0
673700,0
673750,0
673800,0
673850,0
673900,0
673950,0
674000,0
674050,0
674100,0
674150,0
674200,0
674250,0
674300,0
674350,0
674400,1
674450,0
674500,0
674550,0
674600,0
674650,0
674700,0
674750,0
674800,0
674850,0
674900,0
674950,0
675000,0
675050,0
675100,0
675150,0
675200,0
675250,0
675300,0
675350,0
675400,0
675450,0
675500,0
675550,0
675600,0
675650,0
675700,0
675750,0
675800,0
675850,5
675900,0
675950,0
676000,1
676050,0
676100,3
676150,7
676200,23
676250,15
676300,11
676350,0
676400,0
676450,0
676500,0
676550,0
676600,4
676650,0
676700,0
676750,0
676800,0
676850,0
676900,0
676950,0
677000,0
677050,0
677100,0
677150,0
677200,0
677250,13
677300,0
677350,0
677400,0
677450,0
677500,0
677550,10
677600,0
677650,0
677700,0
677750,0
677800,0
677850,0
677900,0
677950,0
678000,0
678050,0
678100,0
678150,0
678200,0
678250,0
678300,0
678350,0
678400,0
678450,0
678500,0
678550,0
678600,0
678650,0
678700,0
678750,0
678800,0
678850,0
678900,0
678950,0
679000,0
679050,0
679100,0
679150,0
679200,0
679250,0
679300,0
679350,0
679400,0
679450,0
679500,0
679550,0
679600,0
679650,0
679700,0
679750,0
679800,0
679850,0
679900,0
679950,0
680000,0
680050,0
680100,0
680150,0
680200,0
680250,0
680300,0
680350,0
680400,0
680450,3
680500,1
680550,12
680600,7
680650,12
680700,35
680750,33
680800,26
680850,20
680900,32
680950,23
681000,27
681050,28
681100,20
681150,27
681200,43
681250,51
681300,51
681350,64
681400,73
681450,77
681500,59
681550,38
681600,22
681650,27
681700,13
681750,17
681800,29
681850,25
681900,0
681950,0
682000,0
682050,6
682100,3
682150,2
682200,19
682250,23
682300,34
682350,33
682400,26
682450,4
682500,1
682550,0
682600,0
682650,7
682700,0
682750,0
682800,0
682850,0
682900,0
682950,0
683000,0
683050,0
683100,0
683150,0
683200,0
683250,0
683300,0
683350,0
683400,0
683450,1
683500,20
683550,40
683600,25
683650,34
683700,50
683750,14
683800,16
683850,13
683900,17
683950,20
684000,10
684050,2
684100,9
684150,5
684200,7
684250,27
684300,17
684350,35
684400,22
684450,10
684500,10
684550,0
684600,0
684650,0
684700,20
684750,21
684800,28
684850,30
684900,27
684950,30
685000,35
685050,40
685100,0
685150,5
685200,0
685250,26
685300,9
685350,36
685400,23
685450,24
685500,51
685550,30
685600,20
685650,0
685700,11
685750,0
685800,1
685850,0
685900,0
685950,0
686000,1
686050,11
686100,16
686150,0
686200,0
686250,0
686300,0
686350,0
686400,0
686450,0
686500,0
686550,0
686600,0
686650,0
686700,0
686750,0
686800,0
686850,0
686900,0
686950,0
687000,0
687050,0
687100,0
687150,0
687200,0
687250,0
687300,0
687350,0
687400,0
687450,0
687500,0
687550,0
687600,0
687650,0
687700,0
687750,0
687800,0
687850,0
687900,0
687950,0
688000,0
688050,0
688100,0
688150,0
688200,0
688250,0
688300,0
688350,0
688400,0
688450,0
688500,0
688550,0
688600,0
688650,0
688700,0
688750,0
688800,3
688850,0
688900,0
688950,0
689000,0
689050,0
689100,0
689150,0
689200,0
689250,1
689300,0
689350,0
689400,0
689450,7
689500,0
689550,3
689600,0
689650,0
689700,0
689750,0
689800,0
689850,0
689900,0
689950,4
690000,0
690050,0
690100,0
690150,0
690200,2
690250,0
690300,0
690350,0
690400,0
690450,0
690500,0
690550,0
690600,0
690650,0
690700,0
690750,0
690800,0
690850,0
690900,0
690950,0
691000,0
691050,0
691100,7
691150,2
691200,0
691250,0
691300,0
691350,0
691400,0
691450,0
691500,0
691550,0
691600,0
691650,7
691700,0
691750,0
691800,0
691850,0
691900,0
691950,0
692000,0
692050,0
692100,0
692150,0
692200,0
692250,0
692300,3
692350,0
692400,0
692450,2
692500,7
692550,21
692600,36
692650,36
692700,16
692750,8
692800,0
692850,0
692900,0
692950,0
693000,0
693050,0
693100,0
693150,0
693200,0
693250,0
693300,0
693350,0
693400,2
693450,0
693500,0
693550,0
693600,0
693650,0
693700,0
693750,0
693800,0
693850,0
693900,0
693950,0
694000,0
694050,0
694100,0
694150,0
694200,0
694250,0
694300,0
694350,0
694400,0
694450,0
694500,0
694550,0
694600,0
694650,0
694700,0
694750,0
694800,0
694850,0
694900,0
694950,0
695000,0
695050,0
695100,0
695150,0
695200,0
695250,0
695300,0
695350,0
695400,0
695450,0
695500,0
695550,0
695600,0
695650,0
695700,0
695750,0
695800,0
695850,0
695900,0
695950,0
696000,0
696050,0
696100,0
696150,0
696200,0
696250,0
696300,0
696350,0
696400,0
696450,0
696500,0
696550,0
696600,0
696650,0
696700,0
696750,0
696800,0
696850,0
696900,0
696950,0
697000,0
697050,0
697100,0
697150,0
697200,0
697250,0
697300,0
697350,0
697400,0
697450,6
697500,0
697550,0
697600,4
697650,0
697700,0
697750,0
697800,0
697850,1
697900,10
697950,11
698000,25
698050,26
698100,26
698150,29
698200,18
698250,25
698300,2
698350,7
698400,4
698450,6
698500,0
698550,0
698600,0
698650,0
698700,0
698750,0
698800,0
698850,9
698900,0
698950,0
699000,0
699050,0
699100,0
699150,0
699200,0
699250,0
699300,0
699350,0
699400,0
699450,0
699500,0
699550,0
699600,0
699650,0
699700,0
699750,0
699800,0
699850,0
699900,0
699950,0
700000,0
700050,0
700100,0
700150,0
700200,0
700250,0
700300,0
700350,0
700400,0
700450,0
700500,0
700550,0
700600,1
700650,0
700700,3
700750,17
700800,0
700850,0
700900,3
700950,0
701000,1
701050,11
701100,21
701150,24
701200,26
701250,38
701300,10
701350,17
701400,18
701450,10
701500,0
701550,0
701600,5
701650,0
701700,1
701750,14
701800,21
701850,23
701900,15
701950,0
702000,0
702050,0
702100,0
702150,0
702200,0
702250,0
702300,0
702350,0
702400,0
702450,0
702500,0
702550,0
702600,0
702650,0
702700,0
702750,0
702800,0
702850,0
702900,0
702950,0
703000,0
703050,0
703100,0
703150,0
703200,0
703250,0
703300,3
703350,0
703400,0
703450,0
703500,0
703550,0
703600,0
703650,0
703700,0
703750,0
703800,0
703850,0
703900,0
703950,0
704000,0
704050,0
704100,0
704150,2
704200,0
704250,4
704300,0
704350,0
704400,0
704450,0
704500,0
704550,0
704600,0
704650,0
704700,0
704750,0
704800,0
704850,0
704900,0
704950,0
705000,0
705050,0
705100,0
705150,0
705200,0
705250,0
705300,0
705350,0
705400,0
705450,0
705500,0
705550,0
705600,0
705650,0
705700,0
705750,0
705800,0
705850,0
705900,0
705950,0
706000,0
706050,0
706100,0
706150,0
706200,0
706250,0
706300,0
706350,0
706400,0
706450,0
706500,0
706550,0
706600,0
706650,0
706700,0
706750,0
706800,2
706850,11
706900,12
706950,21
707000,21
707050,29
707100,26
707150,23
707200,24
707250,22
707300,20
707350,14
707400,23
707450,22
707500,0
707550,0
707600,9
707650,12
707700,23
707750,27
707800,0
707850,0
707900,0
707950,0
708000,0
708050,0
708100,0
708150,0
708200,0
708250,0
708300,0
708350,0
708400,0
708450,0
708500,0
708550,0
708600,0
708650,0
708700,0
708750,0
708800,0
708850,0
708900,0
708950,0
709000,0
709050,0
709100,0
709150,0
709200,2
709250,7
709300,0
709350,19
709400,4
709450,15
709500,17
709550,15
709600,17
709650,34
709700,9
709750,0
709800,0
709850,0
709900,0
709950,0
710000,0
710050,0
710100,0
710150,6
710200,0
710250,0
710300,0
710350,0
710400,0
710450,0
710500,0
710550,0
710600,0
710650,0
710700,0
710750,0
710800,0
710850,0
710900,0
710950,0
711000,2
711050,0
711100,5
711150,11
711200,17
711250,38
711300,39
711350,20
711400,33
711450,36
711500,53
711550,47
711600,38
711650,35
711700,42
711750,11
711800,9
711850,3
711900,0
711950,16
712000,0
712050,0
712100,2
712150,0
712200,11
712250,22
712300,41
712350,51
712400,40
712450,30
712500,5
712550,2
712600,0
712650,0
712700,20
712750,0
712800,13
712850,5
712900,4
712950,14
713000,31
713050,31
713100,38
713150,33
713200,37
713250,62
713300,65
713350,67
713400,42
713450,25
713500,20
713550,14
713600,1
713650,0
713700,0
713750,0
713800,0
713850,0
713900,0
713950,0
714000,5
714050,0
714100,0
714150,0
714200,0
714250,0
714300,0
714350,0
714400,0
714450,0
714500,0
714550,0
714600,0
714650,0
714700,0
714750,0
714800,0
714850,0
714900,0
714950,0
715000,0
715050,0
715100,0
715150,0
715200,0
715250,1
715300,0
715350,0
715400,0
715450,0
715500,0
715550,0
715600,0
715650,0
715700,0
715750,0
715800,0
715850,0
715900,0
715950,0
716000,0
716050,0
716100,2
716150,9
716200,7
716250,15
716300,10
716350,21
716400,8
716450,0
716500,0
716550,0
716600,0
716650,0
716700,0
716750,0
716800,0
716850,0
716900,0
716950,0
717000,0
717050,0
717100,0
717150,0
717200,0
717250,0
717300,0
717350,0
717400,0
717450,0
717500,0
717550,0
717600,0
717650,0
717700,0
717750,0
717800,0
717850,0
717900,0
717950,0
718000,0
718050,0
718100,0
718150,0
718200,0
718250,0
718300,0
718350,0
718400,0
718450,0
718500,0
718550,0
718600,0
718650,0
718700,0
718750,0
718800,0
718850,0
718900,0
718950,0
719000,0
719050,0
719100,0
719150,0
719200,0
719250,0
719300,0
719350,0
719400,0
719450,0
719500,0
719550,0
719600,3
719650,0
719700,13
719750,3
719800,6
719850,0
719900,11
719950,14
720000,41
720050,45
720100,33
720150,42
720200,33
720250,28
720300,25
720350,31
720400,17
720450,12
720500,0
720550,0
720600,0
720650,0
720700,20
720750,23
720800,31
720850,10
720900,31
720950,14
721000,0
721050,12
721100,0
721150,10
721200,17
721250,20
721300,16
721350,38
721400,35
721450,28
721500,34
721550,42
721600,38
721650,29
721700,16
721750,0
721800,0
721850,30
721900,9
721950,3
722000,4
722050,15
722100,19
722150,0
722200,1
722250,0
722300,0
722350,0
722400,0
722450,0
722500,0
722550,0
722600,0
722650,1
722700,0
722750,0
722800,0
722850,0
722900,0
722950,0
723000,0
723050,0
723100,0
723150,0
723200,0
723250,0
723300,0
723350,0
723400,0
723450,0
723500,0
723550,0
723600,0
723650,0
723700,0
723750,0
723800,0
723850,0
723900,2
723950,0
724000,0
724050,0
724100,0
724150,0
724200,0
724250,0
724300,0
724350,26
724400,28
724450,43
724500,29
724550,33
724600,19
724650,21
724700,0
724750,0
724800,0
724850,0
724900,0
724950,0
725000,0
725050,0
725100,0
725150,0
725200,0
725250,0
725300,0
725350,0
725400,0
725450,0
725500,0
725550,0
725600,0
725650,0
725700,0
725750,0
725800,0
725850,0
725900,0
725950,0
726000,0
726050,0
726100,0
726150,0
726200,0
726250,0
726300,0
726350,0
726400,0
726450,0
726500,0
726550,0
726600,0
726650,0
726700,0
726750,0
726800,0
726850,0
726900,0
726950,0
727000,0
727050,0
727100,0
727150,0
727200,0
727250,0
727300,0
727350,0
727400,0
727450,0
727500,0
727550,0
727600,0
727650,0
727700,0
727750,0
727800,0
727850,0
727900,4
727950,0
728000,0
728050,0
728100,0
728150,0
728200,0
728250,0
728300,0
728350,0
728400,0
728450,0
728500,0
728550,0
728600,0
728650,0
728700,0
728750,0
728800,0
728850,0
728900,0
728950,0
729000,0
729050,0
729100,0
729150,0
729200,0
729250,0
729300,0
729350,0
729400,0
729450,0
729500,0
729550,0
729600,0
729650,0
729700,0
729750,0
729800,0
729850,0
729900,14
729950,6
730000,20
730050,9
730100,12
730150,9
730200,29
730250,39
730300,45
730350,26
730400,27
730450,29
730500,10
730550,3
730600,17
730650,9
730700,7
730750,20
730800,32
730850,18
730900,32
730950,14
731000,27
731050,0
731100,0
731150,0
731200,0
731250,0
731300,0
731350,0
731400,0
731450,0
731500,0
731550,0
731600,0
731650,0
731700,0
731750,0
731800,0
731850,0
731900,0
731950,0
732000,0
732050,0
732100,0
732150,0
732200,0
732250,0
732300,0
732350,0
732400,0
732450,0
732500,0
732550,0
732600,2
732650,0
732700,0
732750,0
732800,0
732850,0
732900,0
732950,0
733000,0
733050,0
733100,0
733150,0
733200,0
733250,0
733300,0
733350,0
733400,5
733450,0
733500,0
733550,3
733600,0
733650,0
733700,0
733750,0
733800,0
733850,0
733900,0
733950,0
734000,0
734050,0
734100,0
734150,0
734200,0
734250,0
734300,0
734350,0
734400,0
734450,0
734500,0
734550,0
734600,0
734650,0
734700,0
734750,0
734800,0
734850,0
734900,0
734950,0
735000,0
735050,0
735100,0
735150,0
735200,0
735250,3
735300,0
735350,0
735400,0
735450,0
735500,0
735550,10
735600,0
735650,0
735700,0
735750,0
735800,0
735850,0
735900,0
735950,0
736000,0
736050,0
736100,0
736150,0
736200,0
736250,0
736300,0
736350,0
736400,0
736450,0
736500,0
736550,0
736600,0
736650,0
736700,0
736750,0
736800,0
736850,0
736900,0
736950,0
737000,0
737050,0
737100,0
737150,0
737200,0
737250,0
737300,0
737350,0
737400,0
737450,0
737500,0
737550,0
737600,1
737650,0
737700,0
737750,1
737800,0
737850,0
737900,0
737950,0
738000,0
738050,0
738100,0
738150,0
738200,0
738250,0
738300,0
738350,0
738400,0
738450,0
738500,0
738550,0
738600,5
738650,1
738700,7
738750,7
738800,14
738850,23
738900,21
738950,47
739000,19
739050,0
739100,15
739150,19
739200,26
739250,32
739300,41
739350,48
739400,39
739450,33
739500,55
739550,62
739600,36
739650,40
739700,32
739750,40
739800,11
739850,6
739900,0
739950,0
740000,0
740050,0
740100,0
740150,5
740200,0
740250,0
740300,1
740350,0
740400,0
740450,0
740500,0
740550,0
740600,0
740650,0
740700,0
740750,0
740800,0
740850,0
740900,0
740950,0
741000,0
741050,0
741100,0
741150,12
741200,8
741250,10
741300,18
741350,39
741400,48
741450,53
741500,34
741550,20
741600,11
741650,4
741700,0
741750,3
741800,4
741850,24
741900,30
741950,37
742000,49
742050,49
742100,28
742150,14
742200,0
742250,0
742300,0
742350,2
742400,0
742450,0
742500,0
742550,0
742600,0
742650,0
742700,0
742750,0
742800,0
742850,0
742900,0
742950,0
743000,0
743050,0
743100,20
743150,20
743200,18
743250,5
743300,0
743350,0
743400,0
743450,0
743500,0
743550,0
743600,0
743650,8
743700,0
743750,0
743800,0
743850,0
743900,0
743950,0
744000,0
744050,0
744100,0
744150,0
744200,0
744250,0
744300,0
744350,0
744400,0
744450,0
744500,0
744550,0
744600,0
744650,0
744700,0
744750,0
744800,0
744850,0
744900,0
744950,0
745000,0
745050,0
745100,0
745150,1
745200,0
745250,0
745300,0
745350,0
745400,0
745450,0
745500,0
745550,0
745600,0
745650,0
745700,0
745750,0
745800,0
745850,0
745900,0
745950,0
746000,0
746050,0
746100,0
746150,0
746200,0
746250,0
746300,0
746350,0
746400,0
746450,0
746500,0
746550,0
746600,0
746650,0
746700,0
746750,0
746800,0
746850,0
746900,0
746950,0
747000,0
747050,0
747100,0
747150,0
747200,0
747250,0
747300,0
747350,0
747400,3
747450,0
747500,0
747550,0
747600,0
747650,0
747700,6
747750,8
747800,19
747850,22
747900,25
747950,33
748000,36
748050,50
748100,38
748150,76
748200,73
748250,48
748300,23
748350,24
748400,13
748450,34
748500,20
748550,29
748600,33
748650,3
748700,0
748750,7
748800,17
748850,26
748900,54
748950,43
749000,46
749050,64
749100,68
749150,49
749200,38
749250,33
749300,34
749350,36
749400,26
749450,0
749500,0
749550,13
749600,13
749650,20
749700,18
749750,8
749800,5
749850,25
749900,36
749950,27
750000,32
750050,8
750100,28
750150,25
750200,29
750250,21
750300,2
750350,0
750400,2
750450,0
750500,0
750550,0
750600,0
750650,0
750700,0
750750,0
750800,0
750850,0
750900,0
750950,0
751000,0
751050,0
751100,0
751150,0
751200,0
751250,0
751300,0
751350,0
751400,0
751450,0
751500,0
751550,0
751600,0
751650,0
751700,0
751750,0
751800,0
751850,0
751900,0
751950,0
752000,0
752050,0
752100,0
752150,0
752200,1
752250,0
752300,3
752350,0
752400,0
752450,0
752500,0
752550,0
752600,0
752650,0
752700,0
752750,0
752800,1
752850,15
752900,0
752950,0
753000,1
753050,0
753100,1
753150,0
753200,0
753250,6
753300,5
753350,34
753400,22
753450,30
753500,32
753550,24
753600,26
753650,0
753700,6
753750,20
753800,23
753850,41
753900,31
753950,45
754000,47
754050,55
754100,62
754150,64
754200,61
754250,46
754300,55
754350,46
754400,46
754450,40
754500,29
754550,19
754600,25
754650,1
754700,12
754750,0
754800,7
754850,29
754900,7
754950,0
755000,0
755050,0
755100,0
755150,0
755200,0
755250,0
755300,0
755350,0
755400,0
755450,0
755500,0
755550,7
755600,8
755650,0
755700,1
755750,0
755800,0
755850,0
755900,0
755950,0
756000,0
756050,0
756100,0
756150,0
756200,0
756250,0
756300,0
756350,0
756400,0
756450,0
756500,0
756550,0
756600,0
756650,0
756700,0
756750,0
756800,0
756850,0
756900,0
756950,7
757000,0
757050,3
757100,5
757150,0
757200,0
757250,0
757300,0
757350,11
757400,0
757450,0
757500,0
757550,0
757600,0
757650,0
757700,0
757750,0
757800,0
757850,0
757900,0
757950,0
758000,0
758050,0
758100,0
758150,0
758200,0
758250,0
758300,0
758350,0
758400,0
758450,0
758500,0
758550,0
758600,0
758650,0
758700,0
758750,0
758800,0
758850,0
758900,0
758950,0
759000,0
759050,0
759100,0
759150,0
759200,0
759250,0
759300,0
759350,0
759400,0
759450,0
759500,0
759550,0
759600,0
759650,0
759700,0
759750,0
759800,0
759850,0
759900,0
759950,0
760000,0
760050,0
760100,0
760150,0
760200,0
760250,0
760300,0
760350,0
760400,8
760450,0
760500,0
760550,0
760600,20
760650,0
760700,0
760750,2
760800,2
760850,0
760900,7
760950,9
761000,30
761050,37
761100,37
761150,26
761200,0
761250,0
761300,0
761350,0
761400,0
761450,0
761500,0
761550,0
761600,0
761650,0
761700,0
761750,0
761800,0
761850,0
761900,0
761950,0
762000,0
762050,0
762100,0
762150,0
762200,0
762250,0
762300,0
762350,0
762400,0
762450,0
762500,0
762550,0
762600,0
762650,0
762700,0
762750,0
762800,0
762850,0
762900,0
762950,0
763000,0
763050,0
763100,0
763150,0
763200,0
763250,0
763300,0
763350,0
763400,0
763450,0
763500,0
763550,0
763600,0
763650,0
763700,0
763750,0
763800,0
763850,0
763900,0
763950,0
764000,0
764050,0
764100,0
764150,1
764200,0
764250,11
764300,0
764350,15
764400,21
764450,9
764500,0
764550,0
764600,0
764650,0
764700,0
764750,0
764800,0
764850,0
764900,0
764950,0
765000,0
765050,0
765100,0
765150,0
765200,0
765250,0
765300,0
765350,0
765400,0
765450,0
765500,0
765550,0
765600,0
765650,0
765700,0
765750,0
765800,0
765850,0
765900,0
765950,0
766000,0
766050,0
766100,0
766150,0
766200,0
766250,0
766300,1
766350,2
766400,4
766450,2
766500,1
766550,0
766600,0
766650,0
766700,0
766750,0
766800,0
766850,0
766900,0
766950,0
767000,0
767050,0
767100,0
767150,0
767200,0
767250,0
767300,0
767350,0
767400,0
767450,0
767500,0
767550,0
767600,0
767650,0
767700,3
767750,0
767800,0
767850,4
767900,12
767950,12
768000,0
768050,0
768100,0
768150,0
768200,0
768250,0
768300,0
768350,0
768400,0
768450,0
768500,0
768550,0
768600,0
768650,0
768700,1
768750,0
768800,2
768850,2
768900,8
768950,21
769000,17
769050,28
769100,18
769150,21
769200,20
769250,29
769300,33
769350,23
769400,0
769450,0
769500,0
769550,0
769600,0
769650,0
769700,0
769750,0
769800,4
769850,5
769900,0
769950,0
770000,0
770050,0
770100,0
770150,0
770200,0
770250,5
770300,0
770350,0
770400,0
770450,0
770500,0
770550,0
770600,0
770650,0
770700,0
770750,0
770800,0
770850,0
770900,0
770950,0
771000,0
771050,0
771100,0
771150,0
771200,0
771250,0
771300,0
771350,0
771400,0
771450,0
771500,0
771550,0
771600,0
771650,0
771700,0
771750,0
771800,0
771850,0
771900,0
771950,0
772000,0
772050,0
772100,0
772150,0
772200,0
772250,0
772300,3
772350,24
772400,2
772450,0
772500,0
772550,0
772600,0
772650,0
772700,0
772750,0
772800,0
772850,0
772900,0
772950,0
773000,0
773050,0
773100,0
773150,0
773200,0
773250,0
773300,0
773350,0
773400,0
773450,0
773500,0
773550,0
773600,0
773650,0
773700,0
773750,0
773800,0
773850,0
773900,0
773950,0
774000,0
774050,0
774100,0
774150,0
774200,0
774250,0
774300,0
774350,0
774400,0
774450,0
774500,0
774550,0
774600,0
774650,0
774700,0
774750,0
774800,0
774850,0
774900,0
774950,0
775000,0
775050,0
775100,0
775150,0
775200,0
775250,0
775300,0
775350,0
775400,1
775450,0
775500,0
775550,0
775600,0
775650,0
775700,0
775750,0
775800,0
775850,0
775900,0
775950,0
776000,0
776050,0
776100,0
776150,0
776200,0
776250,0
776300,0
776350,0
776400,0
776450,0
776500,0
776550,0
776600,0
776650,0
776700,0
776750,0
776800,0
776850,0
776900,0
776950,0
777000,0
777050,0
777100,0
777150,0
777200,0
777250,0
777300,0
777350,0
777400,0
777450,0
777500,1
777550,5
777600,2
777650,5
777700,3
777750,5
777800,0
777850,0
777900,0
777950,4
778000,0
778050,4
778100,16
778150,10
778200,22
778250,27
778300,31
778350,39
778400,16
778450,22
778500,2
778550,0
778600,0
778650,0
778700,0
778750,0
778800,0
778850,0
778900,0
778950,0
779000,0
779050,0
779100,0
779150,0
779200,0
779250,0
779300,0
779350,0
779400,0
779450,0
779500,0
779550,0
779600,0
779650,0
779700,0
779750,0
779800,0
779850,0
779900,0
779950,0
780000,0
780050,0
780100,0
780150,0
780200,0
780250,0
780300,0
780350,0
780400,0
780450,0
780500,0
780550,5
780600,0
780650,1
780700,5
780750,2
780800,12
780850,19
780900,29
780950,35
781000,49
781050,45
781100,39
781150,23
781200,30
781250,17
781300,0
781350,0
781400,0
781450,1
781500,0
781550,14
781600,32
781650,31
781700,5
781750,10
781800,13
781850,0
781900,5
781950,25
782000,0
782050,0
782100,0
782150,0
782200,0
782250,0
782300,0
782350,0
782400,0
782450,0
782500,0
782550,0
782600,0
782650,0
782700,0
782750,0
782800,0
782850,0
782900,0
782950,0
783000,0
783050,0
783100,0
783150,0
783200,0
783250,0
783300,0
783350,0
783400,0
783450,0
783500,0
783550,0
783600,0
783650,0
783700,0
783750,0
783800,0
783850,0
783900,0
783950,0
784000,0
784050,3
784100,0
784150,15
784200,17
784250,27
784300,0
784350,5
784400,0
784450,0
784500,0
784550,0
784600,21
784650,15
784700,11
784750,15
784800,0
784850,0
784900,0
784950,0
785000,0
785050,0
785100,0
785150,0
785200,0
785250,0
785300,0
785350,0
785400,0
785450,0
785500,1
785550,0
785600,12
785650,0
785700,0
785750,5
785800,0
785850,0
785900,0
785950,0
786000,0
786050,0
786100,0
786150,0
786200,0
786250,0
786300,0
786350,0
786400,0
786450,0
786500,0
786550,0
786600,0
786650,0
786700,0
786750,0
786800,0
786850,0
786900,0
786950,0
787000,6
787050,13
787100,12
787150,18
787200,12
787250,25
787300,30
787350,31
787400,34
787450,36
787500,26
787550,15
787600,5
787650,6
787700,2
787750,0
787800,0
787850,0
787900,0
787950,1
788000,2
788050,10
788100,0
788150,0
788200,0
788250,0
788300,0
788350,0
788400,0
788450,0
788500,1
788550,0
788600,0
788650,0
788700,0
788750,0
788800,0
788850,0
788900,0
788950,0
789000,0
789050,0
789100,0
789150,0
789200,1
789250,4
789300,2
789350,0
789400,0
789450,0
789500,0
789550,0
789600,0
789650,0
789700,0
789750,0
789800,0
789850,0
789900,0
789950,0
790000,0
790050,0
790100,2
790150,0
790200,0
790250,1
790300,4
790350,15
790400,18
790450,9
790500,21
790550,27
790600,36
790650,36
790700,3
790750,0
790800,0
790850,0
790900,0
790950,3
791000,0
791050,0
791100,0
791150,0
791200,0
791250,0
791300,0
791350,0
791400,0
791450,0
791500,0
791550,0
791600,0
791650,0
791700,0
791750,0
791800,0
791850,0
791900,0
791950,0
792000,0
792050,0
792100,0
792150,0
792200,0
792250,0
792300,0
792350,0
792400,0
792450,0
792500,0
792550,0
792600,0
792650,0
792700,0
792750,0
792800,0
792850,0
792900,0
792950,0
793000,0
793050,0
793100,0
793150,0
793200,0
793250,0
793300,0
793350,0
793400,0
793450,0
793500,0
793550,0
793600,0
793650,0
793700,0
793750,0
793800,0
793850,0
793900,0
793950,0
794000,0
794050,0
794100,0
794150,0
794200,0
794250,0
794300,0
794350,0
794400,0
794450,0
794500,0
794550,0
794600,0
794650,0
794700,0
794750,0
794800,0
794850,0
794900,1
794950,0
795000,6
795050,0
795100,0
795150,0
795200,16
795250,0
795300,0
795350,0
795400,0
795450,0
795500,0
795550,0
795600,0
795650,3
795700,0
795750,10
795800,4
795850,0
795900,17
795950,15
796000,24
796050,29
796100,36
796150,47
796200,55
796250,36
796300,6
796350,0
796400,0
796450,2
796500,0
796550,0
796600,0
796650,0
796700,0
796750,0
796800,5
796850,0
796900,26
796950,36
797000,45
797050,37
797100,34
797150,34
797200,30
797250,19
797300,17
797350,13
797400,24
797450,29
797500,13
797550,7
797600,23
797650,13
797700,20
797750,19
797800,25
797850,35
797900,27
797950,39
798000,23
798050,7
798100,15
798150,7
798200,21
798250,21
798300,21
798350,8
798400,8
798450,3
798500,21
798550,11
798600,15
798650,27
798700,26
798750,8
798800,0
798850,0
798900,5
798950,4
799000,5
799050,0
799100,0
799150,0
799200,0
799250,0
799300,0
799350,0
799400,0
799450,0
799500,0
799550,0
799600,0
799650,0
799700,0
799750,0
799800,0
799850,0
799900,0
799950,0
800000,0
800050,0
800100,0
800150,0
800200,1
800250,0
800300,0
800350,1
800400,3
800450,0
800500,0
800550,0
800600,0
800650,0
800700,0
800750,0
800800,0
800850,1
800900,7
800950,4
801000,28
801050,0
801100,0
801150,0
801200,0
801250,0
801300,0
801350,0
801400,0
801450,0
801500,0
801550,0
801600,0
801650,0
801700,0
801750,2
801800,0
801850,0
801900,0
801950,6
802000,0
802050,0
802100,0
802150,0
802200,0
802250,0
802300,0
802350,0
802400,0
802450,0
802500,4
802550,11
802600,0
802650,0
802700,0
802750,0
802800,0
802850,0
802900,0
802950,0
803000,0
803050,6
803100,4
803150,11
803200,13
803250,16
803300,1
803350,9
803400,5
803450,0
803500,0
803550,0
803600,0
803650,0
803700,0
803750,0
803800,0
803850,0
803900,0
803950,0
804000,0
804050,0
804100,0
804150,0
804200,0
804250,0
804300,0
804350,0
804400,0
804450,0
804500,0
804550,0
804600,0
804650,0
804700,0
804750,1
804800,0
804850,7
804900,14
804950,36
805000,41
805050,26
805100,33
805150,62
805200,54
805250,31
805300,33
805350,41
805400,25
805450,22
805500,27
805550,40
805600,33
805650,38
805700,48
805750,46
805800,46
805850,50
805900,51
805950,50
806000,52
806050,43
806100,46
806150,56
806200,68
806250,70
806300,53
806350,46
806400,89
806450,81
806500,57
806550,28
806600,18
806650,0
806700,5
806750,15
806800,15
806850,2
806900,9
806950,26
807000,19
807050,2
807100,13
807150,5
807200,0
807250,0
807300,0
807350,0
807400,0
807450,0
807500,0
807550,0
807600,0
807650,0
807700,0
807750,0
807800,0
807850,0
807900,0
807950,0
808000,0
808050,0
808100,0
808150,4
808200,0
808250,0
808300,0
808350,0
808400,0
808450,0
808500,0
808550,0
808600,0
808650,0
808700,0
808750,0
808800,0
808850,0
808900,0
808950,0
809000,0
809050,0
809100,0
809150,0
809200,0
809250,0
809300,0
809350,0
809400,0
809450,0
809500,0
809550,0
809600,0
809650,0
809700,0
809750,0
809800,0
809850,1
809900,3
809950,1
810000,20
810050,0
810100,0
810150,0
810200,0
810250,0
810300,0
810350,0
810400,0
810450,0
810500,0
810550,1
810600,0
810650,0
810700,9
810750,5
810800,3
810850,11
810900,23
810950,27
811000,55
811050,48
811100,27
811150,35
811200,10
811250,15
811300,9
811350,0
811400,0
811450,0
811500,0
811550,0
811600,0
811650,0
811700,0
811750,0
811800,0
811850,1
811900,0
811950,0
812000,6
812050,2
812100,14
812150,0
812200,7
812250,0
812300,11
812350,0
812400,0
812450,0
812500,0
812550,0
812600,0
812650,0
812700,0
812750,0
812800,0
812850,0
812900,0
812950,0
813000,0
813050,0
813100,0
813150,9
813200,6
813250,0
813300,0
813350,0
813400,0
813450,0
813500,0
813550,0
813600,0
813650,0
813700,0
813750,0
813800,11
813850,0
813900,0
813950,0
814000,0
814050,0
814100,0
814150,0
814200,0
814250,0
814300,0
814350,0
814400,0
814450,0
814500,0
814550,0
814600,0
814650,0
814700,0
814750,0
814800,0
814850,0
814900,0
814950,0
815000,0
815050,0
815100,0
815150,0
815200,0
815250,0
815300,0
815350,0
815400,0
815450,0
815500,0
815550,0
815600,0
815650,0
815700,0
815750,0
815800,0
815850,0
815900,0
815950,0
816000,0
816050,0
816100,0
816150,0
816200,0
816250,0
816300,0
816350,0
816400,0
816450,0
816500,0
816550,0
816600,0
816650,0
816700,0
816750,0
816800,0
816850,0
816900,0
816950,0
817000,2
817050,1
817100,12
817150,23
817200,29
817250,25
817300,43
817350,45
817400,3
817450,16
817500,29
817550,14
817600,1
817650,4
817700,12
817750,35
817800,44
817850,44
817900,52
817950,42
818000,52
818050,39
818100,21
818150,0
818200,0
818250,4
818300,1
818350,23
818400,24
818450,31
818500,26
818550,25
818600,19
818650,22
818700,28
818750,31
818800,5
818850,9
818900,1
818950,8
819000,11
819050,26
819100,18
819150,15
819200,0
819250,0
819300,2
819350,0
819400,10
819450,4
819500,0
819550,0
819600,0
819650,0
819700,0
819750,0
819800,0
819850,0
819900,0
819950,0
820000,0
820050,0
820100,0
820150,0
820200,0
820250,0
820300,0
820350,0
820400,0
820450,0
820500,0
820550,0
820600,0
820650,0
820700,0
820750,0
820800,0
820850,0
820900,13
820950,0
821000,0
821050,0
821100,0
821150,0
821200,0
821250,0
821300,0
821350,0
821400,0
821450,0
821500,0
821550,0
821600,0
821650,0
821700,0
821750,0
821800,0
821850,0
821900,0
821950,0
822000,0
822050,0
822100,0
822150,0
822200,0
822250,0
822300,0
822350,0
822400,0
822450,0
822500,0
822550,0
822600,0
822650,0
822700,0
822750,0
822800,0
822850,0
822900,0
822950,0
823000,0
823050,0
823100,0
823150,0
823200,0
823250,0
823300,0
823350,0
823400,0
823450,0
823500,0
823550,4
823600,0
823650,0
823700,0
823750,0
823800,0
823850,0
823900,0
823950,0
824000,0
824050,0
824100,0
824150,0
824200,0
824250,0
824300,0
824350,0
824400,0
824450,0
824500,0
824550,0
824600,0
824650,0
824700,0
824750,0
824800,0
824850,0
824900,0
824950,0
825000,0
825050,0
825100,0
825150,0
825200,0
825250,0
825300,0
825350,0
825400,0
825450,0
825500,0
825550,0
825600,0
825650,0
825700,0
825750,0
825800,0
825850,0
825900,0
825950,0
826000,0
826050,0
826100,0
826150,0
826200,0
826250,0
826300,0
826350,0
826400,0
826450,0
826500,0
826550,0
826600,0
826650,0
826700,0
826750,0
826800,0
826850,0
826900,0
826950,0
827000,0
827050,0
827100,0
827150,0
827200,0
827250,0
827300,0
827350,0
827400,0
827450,0
827500,0
827550,0
827600,0
827650,0
827700,7
827750,34
827800,32
827850,33
827900,23
827950,32
828000,35
828050,24
828100,0
828150,35
828200,16
828250,27
828300,20
828350,29
828400,25
828450,37
828500,28
828550,30
828600,19
828650,34
828700,44
828750,72
828800,76
828850,65
828900,48
828950,25
829000,30
829050,31
829100,61
829150,71
829200,59
829250,54
829300,68
829350,55
829400,66
829450,57
829500,70
829550,55
829600,61
829650,43
829700,44
829750,26
829800,17
829850,39
829900,12
829950,0
830000,0
830050,0
830100,0
830150,5
830200,17
830250,15
830300,0
830350,0
830400,2
830450,7
830500,27
830550,26
830600,26
830650,26
830700,17
830750,22
830800,34
830850,45
830900,39
830950,49
831000,55
831050,51
831100,8
831150,13
831200,25
831250,23
831300,25
831350,15
831400,27
831450,0
831500,10
831550,9
831600,3
831650,0
831700,0
831750,0
831800,7
831850,5
831900,1
831950,11
832000,0
832050,0
832100,0
832150,0
832200,0
832250,0
832300,0
832350,0
832400,0
832450,0
832500,0
832550,0
832600,0
832650,0
832700,0
832750,0
832800,0
832850,0
832900,0
832950,0
833000,0
833050,0
833100,0
833150,0
833200,0
833250,0
833300,0
833350,0
833400,0
833450,0
833500,0
833550,0
833600,0
833650,0
833700,0
833750,4
833800,6
833850,9
833900,13
833950,17
834000,23
834050,15
834100,3
834150,0
834200,10
834250,0
834300,0
834350,0
834400,0
834450,7
834500,0
834550,20
834600,0
834650,0
834700,0
834750,0
834800,0
834850,0
834900,0
834950,0
835000,0
835050,0
835100,0
835150,0
835200,0
835250,0
835300,0
835350,0
835400,0
835450,0
835500,0
835550,0
835600,0
835650,0
835700,0
835750,0
835800,0
835850,0
835900,0
835950,0
836000,5
836050,0
836100,0
836150,0
836200,5
836250,3
836300,5
836350,24
836400,0
836450,0
836500,0
836550,0
836600,0
836650,0
836700,0
836750,0
836800,0
836850,0
836900,0
836950,0
837000,0
837050,0
837100,0
837150,0
837200,0
837250,0
837300,0
837350,0
837400,0
837450,0
837500,0
837550,0
837600,0
837650,0
837700,0
837750,0
837800,0
837850,0
837900,0
837950,0
838000,0
838050,0
838100,0
838150,0
838200,0
838250,0
838300,0
838350,0
838400,0
838450,0
838500,0
838550,0
838600,0
838650,0
838700,0
838750,0
838800,0
838850,0
838900,0
838950,0
839000,0
839050,0
839100,0
839150,0
839200,0
839250,0
839300,11
839350,1
839400,0
839450,5
839500,0
839550,0
839600,0
839650,0
839700,0
839750,0
839800,0
839850,0
839900,0
839950,0
840000,0
840050,0
840100,0
840150,0
840200,0
840250,0
840300,0
840350,0
840400,0
840450,0
840500,0
840550,0
840600,0
840650,0
840700,0
840750,0
840800,0
840850,0
840900,7
840950,1
841000,0
841050,8
841100,0
841150,7
841200,3
841250,4
841300,0
841350,0
841400,1
841450,0
841500,0
841550,0
841600,0
841650,0
841700,0
841750,6
841800,9
841850,0
841900,0
841950,0
842000,0
842050,5
842100,0
842150,5
842200,15
842250,19
842300,28
842350,22
842400,0
842450,0
842500,0
842550,0
842600,0
842650,0
842700,0
842750,0
842800,0
842850,0
842900,0
842950,0
843000,0
843050,0
843100,0
843150,0
843200,0
843250,0
843300,0
843350,0
843400,0
843450,0
843500,0
843550,0
843600,0
843650,0
843700,0
843750,0
843800,0
843850,0
843900,0
843950,0
844000,0
844050,3
844100,0
844150,0
844200,0
844250,0
844300,0
844350,0
844400,0
844450,0
844500,0
844550,0
844600,0
844650,0
844700,1
844750,7
844800,12
844850,38
844900,41
844950,36
845000,45
845050,47
845100,35
845150,46
845200,42
845250,52
845300,47
845350,40
845400,45
845450,62
845500,77
845550,58
845600,57
845650,67
845700,47
845750,37
845800,54
845850,50
845900,7
845950,0
846000,0
846050,0
846100,0
846150,0
846200,4
846250,11
846300,4
846350,14
846400,13
846450,13
846500,34
846550,36
846600,25
846650,17
846700,0
846750,0
846800,0
846850,0
846900,0
846950,0
847000,0
847050,0
847100,0
847150,0
847200,0
847250,0
847300,0
847350,0
847400,0
847450,0
847500,0
847550,0
847600,0
847650,0
847700,0
847750,0
847800,0
847850,0
847900,0
847950,0
848000,0
848050,0
848100,0
848150,0
848200,0
848250,0
848300,0
848350,0
848400,0
848450,0
848500,0
848550,3
848600,0
848650,0
848700,0
848750,0
848800,0
848850,0
848900,0
848950,0
849000,0
849050,0
849100,0
849150,0
849200,0
849250,0
849300,0
849350,0
849400,0
849450,0
849500,0
849550,0
849600,0
849650,0
849700,0
849750,0
849800,0
849850,0
849900,0
849950,0
850000,0
850050,0
850100,0
850150,0
850200,0
850250,0
850300,0
850350,0
850400,0
850450,0
850500,0
850550,0
850600,0
850650,0
850700,0
850750,0
850800,0
850850,0
850900,0
850950,0
851000,0
851050,0
851100,0
851150,0
851200,0
851250,0
851300,0
851350,0
851400,0
851450,0
851500,0
851550,0
851600,1
851650,25
851700,0
851750,0
851800,0
851850,0
851900,0
851950,0
852000,0
852050,0
852100,0
852150,0
852200,0
852250,0
852300,0
852350,0
852400,0
852450,0
852500,0
852550,0
852600,0
852650,0
852700,0
852750,0
852800,0
852850,0
852900,0
852950,0
853000,0
853050,0
853100,0
853150,0
853200,0
853250,0
853300,0
853350,0
853400,0
853450,0
853500,0
853550,0
853600,0
853650,0
853700,0
853750,0
853800,0
853850,0
853900,0
853950,0
854000,0
854050,0
854100,0
854150,0
854200,0
854250,0
854300,0
854350,0
854400,0
854450,0
854500,0
854550,0
854600,0
854650,0
854700,0
854750,0
854800,0
854850,0
854900,0
854950,1
855000,0
855050,0
855100,0
855150,0
855200,0
855250,0
855300,0
855350,0
855400,0
855450,0
855500,0
855550,0
855600,0
855650,0
855700,0
855750,0
855800,0
855850,0
855900,0
855950,0
856000,0
856050,0
856100,0
856150,0
856200,0
856250,0
856300,0
856350,0
856400,0
856450,0
856500,0
856550,0
856600,0
856650,0
856700,0
856750,1
856800,0
856850,0
856900,0
856950,0
857000,0
857050,0
857100,0
857150,6
857200,0
857250,0
857300,0
857350,2
857400,0
857450,0
857500,0
857550,3
857600,0
857650,0
857700,1
857750,0
857800,0
857850,0
857900,0
857950,0
858000,0
858050,0
858100,0
858150,0
858200,0
858250,0
858300,0
858350,0
858400,1
858450,0
858500,0
858550,0
858600,0
858650,0
858700,0
858750,0
858800,0
858850,0
858900,0
858950,0
859000,0
859050,0
859100,0
859150,0
859200,0
859250,0
859300,0
859350,3
859400,0
859450,0
859500,0
859550,0
859600,0
859650,0
859700,0
859750,0
859800,0
859850,0
859900,0
859950,0
860000,0
860050,0
860100,0
860150,0
860200,0
860250,0
860300,0
860350,0
860400,0
860450,0
860500,0
860550,0
860600,0
860650,0
860700,0
860750,0
860800,0
860850,0
860900,0
860950,0
861000,0
861050,0
861100,0
861150,0
861200,0
861250,0
861300,0
861350,0
861400,0
861450,0
861500,0
861550,0
861600,0
861650,0
861700,0
861750,0
861800,0
861850,0
861900,0
861950,0
862000,0
862050,0
862100,0
862150,4
862200,13
862250,22
862300,8
862350,5
862400,13
862450,9
862500,19
862550,15
862600,4
862650,7
862700,7
862750,0
862800,5
862850,25
862900,35
862950,36
863000,36
863050,34
863100,32
863150,30
863200,18
863250,11
863300,0
863350,7
863400,0
863450,15
863500,3
863550,3
863600,6
863650,5
863700,0
863750,0
863800,0
863850,0
863900,0
863950,0
864000,0
864050,0
864100,0
864150,0
864200,0
864250,0
864300,0
864350,0
864400,0
864450,0
864500,0
864550,0
864600,0
864650,7
864700,20
864750,6
864800,0
864850,0
864900,0
864950,0
865000,0
865050,0
865100,0
865150,0
865200,0
865250,0
865300,0
865350,0
865400,0
865450,0
865500,0
865550,0
865600,0
865650,0
865700,0
865750,0
865800,0
865850,0
865900,0
865950,9
866000,18
866050,0
866100,0
866150,0
866200,0
866250,0
866300,0
866350,0
866400,0
866450,0
866500,12
866550,2
866600,7
866650,29
866700,21
866750,0
866800,0
866850,0
866900,0
866950,0
867000,0
867050,0
867100,0
867150,0
867200,0
867250,0
867300,0
867350,0
867400,0
867450,0
867500,0
867550,0
867600,0
867650,0
867700,0
867750,0
867800,0
867850,0
867900,0
867950,0
868000,0
868050,0
868100,0
868150,0
868200,0
868250,0
868300,0
868350,0
868400,0
868450,0
868500,0
868550,0
868600,0
868650,0
868700,0
868750,0
868800,0
868850,0
868900,0
868950,0
869000,0
869050,0
869100,0
869150,0
869200,0
869250,0
869300,9
869350,5
869400,11
869450,11
869500,21
869550,20
869600,23
869650,29
869700,33
869750,33
869800,38
869850,34
869900,42
869950,37
870000,34
870050,32
870100,39
870150,29
870200,0
870250,0
870300,0
870350,10
870400,0
870450,0
870500,0
870550,0
870600,0
870650,0
870700,0
870750,0
870800,0
870850,0
870900,0
870950,0
871000,0
871050,0
871100,0
871150,0
871200,0
871250,0
871300,0
871350,0
871400,0
871450,0
871500,0
871550,0
871600,0
871650,0
871700,0
871750,0
871800,0
871850,0
871900,0
871950,0
872000,0
872050,0
872100,0
872150,0
872200,0
872250,0
872300,0
872350,0
872400,0
872450,0
872500,0
872550,0
872600,0
872650,0
872700,0
872750,0
872800,0
872850,0
872900,0
872950,0
873000,0
873050,0
873100,0
873150,5
873200,5
873250,0
873300,6
873350,0
873400,0
873450,0
873500,0
873550,0
873600,0
873650,0
873700,0
873750,0
873800,0
873850,0
873900,0
873950,0
874000,0
874050,0
874100,0
874150,0
874200,0
874250,0
874300,0
874350,0
874400,0
874450,0
874500,0
874550,0
874600,0
874650,0
874700,0
874750,0
874800,0
874850,1
874900,0
874950,0
875000,0
875050,0
875100,0
875150,0
875200,4
875250,0
875300,0
875350,0
875400,4
875450,0
875500,0
875550,0
875600,0
875650,0
875700,0
875750,0
875800,0
875850,0
875900,2
875950,0
876000,0
876050,0
876100,0
876150,0
876200,0
876250,0
876300,0
876350,0
876400,0
876450,0
876500,0
876550,0
876600,0
876650,0
876700,0
876750,0
876800,0
876850,0
876900,0
876950,0
877000,0
877050,0
877100,0
877150,0
877200,0
877250,0
877300,0
877350,0
877400,0
877450,0
877500,0
877550,0
877600,0
877650,0
877700,0
877750,0
877800,0
877850,0
877900,0
877950,0
878000,0
878050,0
878100,0
878150,17
878200,0
878250,0
878300,0
878350,4
878400,0
878450,0
878500,0
878550,0
878600,0
878650,0
878700,0
878750,0
878800,0
878850,2
878900,0
878950,0
879000,0
879050,0
879100,0
879150,0
879200,0
879250,0
879300,0
879350,0
879400,0
879450,0
879500,0
879550,0
879600,0
879650,0
879700,0
879750,0
879800,0
879850,0
879900,0
879950,0
880000,0
880050,0
880100,0
880150,0
880200,0
880250,0
880300,0
880350,0
880400,0
880450,0
880500,0
880550,0
880600,0
880650,0
880700,0
880750,0
880800,0
880850,0
880900,0
880950,0
881000,0
881050,0
881100,0
881150,0
881200,0
881250,0
881300,0
881350,0
881400,0
881450,0
881500,0
881550,0
881600,0
881650,0
881700,0
881750,0
881800,0
881850,0
881900,0
881950,0
882000,0
882050,0
882100,0
882150,0
882200,0
882250,0
882300,0
882350,0
882400,0
882450,0
882500,0
882550,0
882600,0
882650,0
882700,0
882750,0
882800,0
882850,0
882900,0
882950,0
883000,0
883050,0
883100,0
883150,0
883200,0
883250,0
883300,0
883350,0
883400,0
883450,0
883500,0
883550,0
883600,0
883650,0
883700,0
883750,0
883800,0
883850,0
883900,0
883950,0
884000,0
884050,0
884100,0
884150,0
884200,0
884250,0
884300,3
884350,10
884400,22
884450,12
884500,16
884550,18
884600,25
884650,32
884700,27
884750,30
884800,13
884850,31
884900,24
884950,28
885000,32
885050,27
885100,43
885150,47
885200,35
885250,19
885300,0
885350,0
885400,0
885450,0
885500,0
885550,0
885600,0
885650,0
885700,0
885750,0
885800,0
885850,0
885900,0
885950,0
886000,0
886050,0
886100,0
886150,0
886200,0
886250,0
886300,0
886350,0
886400,0
886450,0
886500,0
886550,0
886600,0
886650,0
886700,0
886750,0
886800,0
886850,0
886900,0
886950,0
887000,0
887050,0
887100,0
887150,0
887200,0
887250,0
887300,0
887350,0
887400,0
887450,0
887500,2
887550,0
887600,0
887650,0
887700,0
887750,0
887800,0
887850,21
887900,24
887950,26
888000,26
888050,4
888100,5
888150,0
888200,0
888250,0
888300,0
888350,0
888400,0
888450,0
888500,0
888550,0
888600,0
888650,0
888700,0
888750,0
888800,0
888850,0
888900,0
888950,0
889000,0
889050,0
889100,0
889150,0
889200,0
889250,0
889300,0
889350,0
889400,0
889450,0
889500,0
889550,0
889600,0
889650,0
889700,0
889750,0
889800,0
889850,0
889900,0
889950,0
890000,0
890050,17
890100,10
890150,0
890200,0
890250,0
890300,0
890350,0
890400,0
890450,0
890500,0
890550,0
890600,0
890650,0
890700,0
890750,0
890800,0
890850,0
890900,0
890950,0
891000,0
891050,0
891100,0
891150,0
891200,0
891250,0
891300,0
891350,0
891400,7
891450,11
891500,14
891550,12
891600,20
891650,33
891700,35
891750,32
891800,42
891850,32
891900,7
891950,14
892000,11
892050,25
892100,13
892150,21
892200,20
892250,18
892300,26
892350,38
892400,31
892450,14
892500,12
892550,9
892600,0
892650,15
892700,10
892750,13
892800,15
892850,0
892900,0
892950,0
893000,0
893050,0
893100,0
893150,0
893200,0
893250,0
893300,0
893350,0
893400,0
893450,0
893500,0
893550,0
893600,0
893650,0
893700,0
893750,0
893800,0
893850,0
893900,0
893950,0
894000,0
894050,0
894100,0
894150,0
894200,0
894250,0
894300,0
894350,0
894400,0
894450,0
894500,0
894550,0
894600,0
894650,0
894700,0
894750,0
894800,0
894850,0
894900,0
894950,0
895000,0
895050,0
895100,0
895150,0
895200,0
895250,0
895300,0
895350,0
895400,0
895450,0
895500,0
895550,0
895600,0
895650,0
895700,0
895750,0
895800,0
895850,0
895900,6
895950,11
896000,14
896050,43
896100,18
896150,2
896200,16
896250,33
896300,29
896350,29
896400,42
896450,41
896500,59
896550,50
896600,67
896650,32
896700,31
896750,4
896800,23
896850,8
896900,14
896950,33
897000,28
897050,36
897100,52
897150,57
897200,56
897250,54
897300,44
897350,34
897400,51
897450,55
897500,47
897550,47
897600,22
897650,21
897700,22
897750,34
897800,47
897850,65
897900,60
897950,42
898000,55
898050,18
898100,22
898150,0
898200,0
898250,0
898300,0
898350,0
898400,0
898450,1
898500,0
898550,0
898600,0
898650,0
898700,0
898750,0
898800,2
898850,0
898900,0
898950,0
899000,0
899050,0
899100,0
899150,0
899200,0
899250,0
899300,0
899350,0
899400,0
899450,0
899500,0
899550,0
899600,0
899650,0
899700,0
899750,0
899800,0
899850,0
899900,0
899950,0
900000,0
900050,0
900100,0
900150,0
900200,4
900250,0
900300,0
900350,0
900400,3
900450,4
900500,22
900550,23
900600,0
900650,0
900700,0
900750,0
900800,4
900850,11
900900,23
900950,13
901000,7
901050,28
901100,0
901150,0
901200,0
901250,0
901300,0
901350,0
901400,0
901450,0
901500,8
901550,5
901600,22
901650,30
901700,40
901750,32
901800,0
901850,0
901900,0
901950,0
902000,0
902050,0
902100,8
902150,11
902200,13
902250,14
902300,17
902350,18
902400,33
902450,14
902500,17
902550,19
902600,25
902650,21
902700,2
902750,0
902800,0
902850,0
902900,0
902950,0
903000,0
903050,0
903100,0
903150,0
903200,0
903250,0
903300,0
903350,0
903400,0
903450,0
903500,0
903550,0
903600,0
903650,0
903700,0
903750,0
903800,0
903850,0
903900,0
903950,0
904000,0
904050,0
904100,0
904150,0
904200,0
904250,0
904300,0
904350,0
904400,0
904450,0
904500,0
904550,0
904600,0
904650,0
904700,0
904750,0
904800,0
904850,0
904900,0
904950,0
905000,0
905050,0
905100,0
905150,0
905200,0
905250,0
905300,0
905350,0
905400,0
905450,0
905500,5
905550,23
905600,4
905650,0
905700,0
905750,0
905800,0
905850,4
905900,0
905950,0
906000,0
906050,0
906100,0
906150,0
906200,0
906250,0
906300,1
906350,13
906400,26
906450,27
906500,42
906550,18
906600,8
906650,0
906700,0
906750,0
906800,0
906850,0
906900,5
906950,7
907000,0
907050,0
907100,0
907150,0
907200,0
907250,8
907300,0
907350,2
907400,13
907450,20
907500,13
907550,29
907600,37
907650,37
907700,52
907750,47
907800,44
907850,59
907900,55
907950,37
908000,19
908050,0
908100,16
908150,21
908200,22
908250,27
908300,38
908350,17
908400,49
908450,53
908500,66
908550,74
908600,64
908650,77
908700,61
908750,56
908800,47
908850,23
908900,45
908950,46
909000,31
909050,32
909100,52
909150,52
909200,40
909250,50
909300,51
909350,44
909400,39
909450,66
909500,58
909550,47
909600,41
909650,34
909700,41
909750,43
909800,47
909850,54
909900,44
909950,61
910000,79
910050,66
910100,73
910150,74
910200,63
910250,42
910300,52
910350,51
910400,72
910450,68
910500,54
910550,60
910600,36
910650,44
910700,44
910750,32
910800,35
910850,25
910900,11
910950,18
911000,35
911050,15
911100,12
911150,0
911200,21
911250,22
911300,23
911350,22
911400,9
911450,12
911500,29
911550,34
911600,30
911650,42
911700,42
911750,51
911800,39
911850,39
911900,19
911950,11
912000,9
912050,43
912100,59
912150,50
912200,61
912250,55
912300,50
912350,53
912400,53
912450,45
912500,48
912550,52
912600,46
912650,45
912700,34
912750,31
912800,25
912850,31
912900,31
912950,48
913000,55
913050,57
913100,60
913150,51
913200,34
913250,38
913300,34
913350,50
913400,61
913450,30
913500,3
913550,11
913600,0
913650,0
913700,24
913750,9
913800,16
913850,20
913900,40
913950,48
914000,42
914050,37
914100,37
914150,19
914200,22
914250,31
914300,20
914350,20
914400,10
914450,12
914500,0
914550,0
914600,7
914650,20
914700,10
914750,28
914800,19
914850,23
914900,10
914950,0
915000,0
915050,0
915100,0
915150,0
915200,0
915250,0
915300,0
915350,0
915400,0
915450,0
915500,0
915550,0
915600,0
915650,0
915700,0
915750,0
915800,0
915850,0
915900,0
915950,0
916000,0
916050,0
916100,0
916150,0
916200,0
916250,0
916300,0
916350,0
916400,0
916450,0
916500,0
916550,0
916600,0
916650,0
916700,0
916750,0
916800,0
916850,0
916900,0
916950,0
917000,0
917050,0
917100,0
917150,0
917200,0
917250,0
917300,0
917350,0
917400,0
917450,0
917500,0
917550,0
917600,0
917650,0
917700,0
917750,0
917800,0
917850,0
917900,0
917950,0
918000,0
918050,0
918100,0
918150,0
918200,0
918250,0
918300,0
918350,0
918400,0
918450,0
918500,0
918550,0
918600,0
918650,0
918700,0
918750,0
918800,0
918850,0
918900,0
918950,0
919000,0
919050,0
919100,0
919150,0
919200,0
919250,0
919300,0
919350,0
919400,0
919450,0
919500,0
919550,0
919600,8
919650,12
919700,10
919750,17
919800,26
919850,21
919900,27
919950,17
920000,0
920050,0
920100,0
920150,0
920200,0
920250,0
920300,0
920350,0
920400,0
920450,0
920500,0
920550,0
920600,0
920650,0
920700,1
920750,0
920800,0
920850,0
920900,0
920950,0
921000,0
921050,0
921100,0
921150,0
921200,0
921250,0
921300,0
921350,0
921400,0
921450,0
921500,0
921550,0
921600,0
921650,0
921700,0
921750,0
921800,0
921850,0
921900,0
921950,0
922000,0
922050,1
922100,0
922150,20
922200,2
922250,0
922300,0
922350,8
922400,19
922450,24
922500,36
922550,39
922600,47
922650,29
922700,22
922750,32
922800,22
922850,23
922900,32
922950,31
923000,31
923050,0
923100,1
923150,4
923200,0
923250,12
923300,31
923350,19
923400,18
923450,3
923500,0
923550,31
923600,6
923650,1
923700,0
923750,0
923800,0
923850,0
923900,0
923950,0
924000,0
924050,0
924100,0
924150,0
924200,0
924250,0
924300,0
924350,0
924400,0
924450,0
924500,0
924550,0
924600,0
924650,0
924700,0
924750,0
924800,0
924850,0
924900,0
924950,0
925000,0
925050,0
925100,0
925150,0
925200,0
925250,0
925300,0
925350,0
925400,0
925450,0
925500,0
925550,0
925600,0
925650,0
925700,0
925750,0
925800,0
925850,0
925900,0
925950,0
926000,0
926050,0
926100,0
926150,0
926200,4
926250,0
926300,0
926350,0
926400,0
926450,0
926500,0
926550,0
926600,1
926650,6
926700,11
926750,0
926800,0
926850,0
926900,0
926950,0
927000,0
927050,0
927100,0
927150,0
927200,0
927250,0
927300,0
927350,0
927400,0
927450,0
927500,0
927550,0
927600,0
927650,0
927700,0
927750,0
927800,0
927850,0
927900,0
927950,0
928000,0
928050,0
928100,0
928150,0
928200,0
928250,0
928300,0
928350,0
928400,0
928450,0
928500,0
928550,0
928600,0
928650,5
928700,0
928750,0
928800,0
928850,0
928900,0
928950,0
929000,0
929050,0
929100,0
929150,0
929200,0
929250,0
929300,0
929350,0
929400,0
929450,0
929500,0
929550,0
929600,0
929650,0
929700,0
929750,0
929800,0
929850,0
929900,0
929950,0
930000,0
930050,0
930100,0
930150,0
930200,0
930250,0
930300,0
930350,0
930400,0
930450,0
930500,0
930550,17
930600,13
930650,9
930700,3
930750,0
930800,0
930850,0
930900,0
930950,0
931000,0
931050,0
931100,3
931150,0
931200,21
931250,28
931300,35
931350,39
931400,29
931450,7
931500,7
931550,7
931600,0
931650,0
931700,0
931750,0
931800,6
931850,7
931900,11
931950,19
932000,20
932050,30
932100,24
932150,0
932200,0
932250,0
932300,0
932350,0
932400,0
932450,0
932500,3
932550,0
932600,2
932650,0
932700,0
932750,0
932800,0
932850,0
932900,0
932950,0
933000,0
933050,0
933100,0
933150,0
933200,0
933250,0
933300,0
933350,0
933400,0
933450,0
933500,0
933550,0
933600,1
933650,1
933700,0
933750,0
933800,0
933850,0
933900,0
933950,0
934000,0
934050,0
934100,4
934150,18
934200,25
934250,25
934300,19
934350,19
934400,27
934450,22
934500,5
934550,13
934600,2
934650,2
934700,0
934750,0
934800,0
934850,0
934900,6
934950,23
935000,25
935050,35
935100,23
935150,10
935200,0
935250,0
935300,0
935350,0
935400,0
935450,0
935500,0
935550,0
935600,0
935650,4
935700,0
935750,0
935800,0
935850,0
935900,0
935950,0
936000,0
936050,0
936100,0
936150,0
936200,0
936250,0
936300,0
936350,0
936400,15
936450,21
936500,27
936550,29
936600,12
936650,9
936700,0
936750,0
936800,0
936850,0
936900,0
936950,0
937000,0
937050,0
937100,2
937150,0
937200,0
937250,15
937300,0
937350,1
937400,4
937450,4
937500,0
937550,0
937600,0
937650,0
937700,0
937750,0
937800,0
937850,0
937900,0
937950,0
938000,0
938050,0
938100,0
938150,0
938200,1
938250,5
938300,0
938350,0
938400,0
938450,0
938500,0
938550,0
938600,0
938650,0
938700,0
938750,0
938800,0
938850,0
938900,0
938950,0
939000,0
939050,0
939100,0
939150,0
939200,0
939250,0
939300,0
939350,0
939400,0
939450,0
939500,0
939550,0
939600,0
939650,0
939700,0
939750,0
939800,0
939850,0
939900,0
939950,0
940000,0
940050,0
940100,0
940150,6
940200,0
940250,0
940300,0
940350,0
940400,0
940450,0
940500,0
940550,0
940600,0
940650,0
940700,1
940750,0
940800,0
940850,0
940900,0
940950,0
941000,8
941050,15
941100,0
941150,0
941200,10
941250,23
941300,16
941350,15
941400,0
941450,0
941500,1
941550,10
941600,1
941650,2
941700,0
941750,0
941800,0
941850,0
941900,0
941950,0
942000,0
942050,0
942100,0
942150,0
942200,0
942250,0
942300,0
942350,0
942400,0
942450,0
942500,0
942550,0
942600,0
942650,0
942700,0
942750,0
942800,0
942850,0
942900,0
942950,0
943000,0
943050,0
943100,0
943150,0
943200,4
943250,0
943300,0
943350,0
943400,4
943450,0
943500,5
943550,4
943600,4
943650,16
943700,0
943750,0
943800,0
943850,0
943900,0
943950,0
944000,0
944050,0
944100,0
944150,0
944200,0
944250,1
944300,0
944350,0
944400,1
944450,0
944500,0
944550,0
944600,0
944650,0
944700,0
944750,0
944800,0
944850,0
944900,0
944950,0
945000,0
945050,0
945100,0
945150,0
945200,0
945250,0
945300,6
945350,0
945400,0
945450,0
945500,0
945550,0
945600,0
945650,0
945700,0
945750,0
945800,0
945850,0
945900,0
945950,0
946000,0
946050,0
946100,0
946150,0
946200,4
946250,5
946300,7
946350,7
946400,3
946450,13
946500,19
946550,26
946600,18
946650,13
946700,17
946750,28
946800,33
946850,47
946900,40
946950,30
947000,20
947050,33
947100,36
947150,41
947200,55
947250,26
947300,21
947350,9
947400,6
947450,0
947500,0
947550,0
947600,1
947650,0
947700,0
947750,0
947800,0
947850,0
947900,0
947950,0
948000,0
948050,0
948100,0
948150,0
948200,0
948250,0
948300,0
948350,0
948400,0
948450,0
948500,0
948550,12
948600,5
948650,7
948700,0
948750,11
948800,9
948850,11
948900,34
948950,24
949000,30
949050,3
949100,21
949150,5
949200,13
949250,19
949300,31
949350,49
949400,30
949450,23
949500,0
949550,0
949600,0
949650,7
949700,0
949750,0
949800,3
949850,18
949900,17
949950,26
950000,36
950050,49
950100,48
950150,38
950200,21
950250,13
950300,0
950350,0
950400,6
950450,0
950500,0
950550,0
950600,0
950650,8
950700,0
950750,0
950800,0
950850,3
950900,0
950950,0
951000,0
951050,0
951100,0
951150,0
951200,0
951250,0
951300,0
951350,0
951400,0
951450,0
951500,0
951550,0
951600,0
951650,0
951700,0
951750,0
951800,0
951850,0
951900,0
951950,0
952000,0
952050,0
952100,0
952150,0
952200,0
952250,0
952300,0
952350,9
952400,27
952450,29
952500,25
952550,51
952600,33
952650,27
952700,31
952750,19
952800,8
952850,31
952900,25
952950,28
953000,37
953050,46
953100,42
953150,3
953200,0
953250,5
953300,0
953350,9
953400,0
953450,7
953500,0
953550,18
953600,20
953650,12
953700,20
953750,5
953800,6
953850,13
953900,44
953950,31
954000,55
954050,32
954100,31
954150,47
954200,41
954250,23
954300,1
954350,0
954400,0
954450,7
954500,0
954550,20
954600,25
954650,21
954700,23
954750,43
954800,33
954850,46
954900,42
954950,20
955000,0
955050,0
955100,9
955150,3
955200,14
955250,33
955300,35
955350,23
955400,23
955450,21
955500,24
955550,0
955600,9
955650,9
955700,10
955750,15
955800,42
955850,51
955900,49
955950,31
956000,37
956050,34
956100,30
956150,36
956200,18
956250,0
956300,0
956350,1
956400,0
956450,0
956500,0
956550,0
956600,0
956650,0
956700,0
956750,0
956800,0
956850,0
956900,0
956950,0
957000,0
957050,0
957100,0
957150,0
957200,0
957250,0
957300,0
957350,0
957400,0
957450,2
957500,0
957550,0
957600,0
957650,0
957700,0
957750,0
957800,0
957850,0
957900,0
957950,0
958000,0
958050,0
958100,0
958150,4
958200,0
958250,0
958300,0
958350,0
958400,0
958450,0
958500,0
958550,0
958600,0
958650,0
958700,0
958750,0
958800,0
958850,0
958900,0
958950,0
959000,0
959050,0
959100,0
959150,0
959200,0
959250,0
959300,2
959350,5
959400,0
959450,0
959500,0
959550,1
959600,0
959650,5
959700,25
959750,15
959800,28
959850,38
959900,0
959950,0
960000,0
960050,0
960100,18
960150,28
960200,19
960250,9
960300,17
960350,2
960400,9
960450,14
960500,42
960550,31
960600,21
960650,25
960700,32
960750,16
960800,27
960850,28
960900,19
960950,16
961000,32
961050,22
961100,50
961150,46
961200,35
961250,37
961300,22
961350,15
961400,34
961450,36
961500,34
961550,48
961600,42
961650,41
961700,64
961750,40
961800,37
961850,44
961900,28
961950,5
962000,16
962050,26
962100,0
962150,14
962200,9
962250,25
962300,32
962350,33
962400,54
962450,36
962500,32
962550,18
962600,20
962650,30
962700,7
962750,9
962800,0
962850,0
962900,0
962950,2
963000,0
963050,0
963100,0
963150,0
963200,0
963250,0
963300,0
963350,0
963400,0
963450,0
963500,3
963550,11
963600,9
963650,17
963700,12
963750,0
963800,0
963850,0
963900,0
963950,2
964000,0
964050,0
964100,0
964150,0
964200,0
964250,0
964300,0
964350,0
964400,0
964450,0
964500,0
964550,0
964600,0
964650,0
964700,0
964750,0
964800,0
964850,0
964900,0
964950,0
965000,0
965050,0
965100,0
965150,0
965200,0
965250,0
965300,5
965350,0
965400,9
965450,20
965500,6
965550,0
965600,0
965650,0
965700,0
965750,0
965800,0
965850,0
965900,0
965950,0
966000,0
966050,0
966100,0
966150,0
966200,0
966250,0
966300,0
966350,0
966400,0
966450,0
966500,0
966550,0
966600,0
966650,0
966700,0
966750,0
966800,0
966850,0
966900,0
966950,0
967000,0
967050,0
967100,0
967150,0
967200,0
967250,13
967300,0
967350,0
967400,0
967450,0
967500,0
967550,0
967600,0
967650,0
967700,0
967750,0
967800,1
967850,0
967900,0
967950,2
968000,0
968050,0
968100,0
968150,0
968200,0
968250,0
968300,32
968350,30
968400,27
968450,27
968500,16
968550,19
968600,15
968650,32
968700,34
968750,29
968800,35
968850,35
968900,32
968950,41
969000,51
969050,55
969100,42
969150,25
969200,17
969250,17
969300,24
969350,13
969400,10
969450,26
969500,15
969550,17
969600,11
969650,20
969700,37
969750,45
969800,38
969850,9
969900,8
969950,14
970000,11
970050,0
970100,0
970150,0
970200,4
970250,9
970300,21
970350,37
970400,24
970450,26
970500,37
970550,0
970600,0
970650,3
970700,0
970750,0
970800,0
970850,3
970900,9
970950,9
971000,12
971050,16
971100,0
971150,0
971200,0
971250,0
971300,0
971350,0
971400,0
971450,0
971500,0
971550,0
971600,0
971650,0
971700,0
971750,0
971800,0
971850,0
971900,0
971950,0
972000,0
972050,0
972100,0
972150,0
972200,0
972250,0
972300,0
972350,0
972400,0
972450,0
972500,0
972550,0
972600,0
972650,0
972700,0
972750,0
972800,0
972850,0
972900,0
972950,0
973000,0
973050,0
973100,1
973150,0
973200,0
973250,0
973300,0
973350,0
973400,0
973450,0
973500,0
973550,0
973600,0
973650,0
973700,0
973750,0
973800,18
973850,0
973900,0
973950,0
974000,0
974050,0
974100,0
974150,0
974200,0
974250,0
974300,0
974350,0
974400,0
974450,0
974500,0
974550,0
974600,0
974650,0
974700,0
974750,0
974800,0
974850,0
974900,0
974950,0
975000,0
975050,0
975100,0
975150,0
975200,0
975250,0
975300,0
975350,0
975400,0
975450,0
975500,0
975550,0
975600,0
975650,0
975700,0
975750,0
975800,0
975850,0
975900,0
975950,0
976000,0
976050,0
976100,0
976150,0
976200,0
976250,0
976300,0
976350,0
976400,0
976450,0
976500,0
976550,0
976600,0
976650,0
976700,0
976750,0
976800,0
976850,0
976900,0
976950,0
977000,0
977050,0
977100,0
977150,0
977200,0
977250,0
977300,0
977350,0
977400,0
977450,0
977500,0
977550,0
977600,0
977650,0
977700,0
977750,0
977800,0
977850,0
977900,1
977950,0
978000,0
978050,0
978100,0
978150,0
978200,0
978250,0
978300,0
978350,0
978400,0
978450,0
978500,0
978550,0
978600,0
978650,0
978700,0
978750,0
978800,0
978850,0
978900,0
978950,0
979000,0
979050,0
979100,0
979150,0
979200,0
979250,0
979300,0
979350,0
979400,0
979450,0
979500,0
979550,0
979600,0
979650,0
979700,0
979750,0
979800,2
979850,1
979900,14
979950,15
980000,0
980050,0
980100,0
980150,13
980200,9
980250,19
980300,26
980350,44
980400,46
980450,54
980500,47
980550,32
980600,11
980650,20
980700,38
980750,36
980800,32
980850,22
980900,19
980950,20
981000,7
981050,7
981100,0
981150,3
981200,3
981250,19
981300,21
981350,15
981400,4
981450,0
981500,0
981550,0
981600,0
981650,0
981700,0
981750,0
981800,0
981850,0
981900,0
981950,0
982000,0
982050,0
982100,0
982150,0
982200,0
982250,0
982300,0
982350,0
982400,0
982450,0
982500,0
982550,0
982600,0
982650,0
982700,0
982750,0
982800,0
982850,0
982900,0
982950,0
983000,0
983050,0
983100,0
983150,0
983200,0
983250,0
983300,0
983350,0
983400,0
983450,0
983500,0
983550,0
983600,0
983650,0
983700,0
983750,0
983800,0
983850,0
983900,0
983950,0
984000,0
984050,0
984100,0
984150,0
984200,0
984250,0
984300,0
984350,0
984400,0
984450,0
984500,0
984550,0
984600,0
984650,0
984700,0
984750,0
984800,0
984850,0
984900,0
984950,0
985000,0
985050,0
985100,0
985150,0
985200,0
985250,0
985300,0
985350,0
985400,0
985450,1
985500,0
985550,0
985600,0
985650,0
985700,0
985750,0
985800,0
985850,0
985900,0
985950,0
986000,0
986050,0
986100,0
986150,0
986200,0
986250,0
986300,0
986350,0
986400,0
986450,0
986500,0
986550,2
986600,0
986650,10
986700,36
986750,22
986800,29
986850,18
986900,12
986950,0
987000,0
987050,10
987100,17
987150,7
987200,5
987250,7
987300,21
987350,32
987400,25
987450,32
987500,19
987550,0
987600,0
987650,0
987700,0
987750,0
987800,0
987850,0
987900,0
987950,0
988000,0
988050,0
988100,0
988150,0
988200,0
988250,0
988300,0
988350,0
988400,0
988450,0
988500,0
988550,0
988600,0
988650,12
988700,12
988750,22
988800,32
988850,10
988900,2
988950,5
989000,0
989050,0
989100,0
989150,0
989200,0
989250,0
989300,0
989350,9
989400,22
989450,21
989500,37
989550,29
989600,38
989650,29
989700,0
989750,3
989800,6
989850,8
989900,7
989950,18
990000,19
990050,23
990100,12
990150,0
990200,0
990250,0
990300,0
990350,0
990400,0
990450,0
990500,0
990550,0
990600,0
990650,0
990700,0
990750,0
990800,0
990850,0
990900,0
990950,0
991000,0
991050,0
991100,0
991150,0
991200,0
991250,1
991300,0
991350,0
991400,0
991450,0
991500,0
991550,0
991600,0
991650,0
991700,0
991750,0
991800,0
991850,0
991900,0
991950,0
992000,0
992050,0
992100,0
992150,0
992200,0
992250,0
992300,0
992350,0
992400,0
992450,0
992500,0
992550,0
992600,0
992650,0
992700,0
992750,0
992800,0
992850,0
992900,0
992950,0
993000,0
993050,0
993100,0
993150,0
993200,0
993250,0
993300,0
993350,0
993400,0
993450,0
993500,0
993550,0
993600,0
993650,0
993700,0
993750,0
993800,0
993850,0
993900,0
993950,0
994000,0
994050,0
994100,0
994150,0
994200,0
994250,0
994300,0
994350,0
994400,0
994450,0
994500,0
994550,0
994600,0
994650,0
994700,0
994750,0
994800,0
994850,0
994900,4
994950,0
995000,12
995050,8
995100,8
995150,6
995200,1
995250,0
995300,0
995350,0
995400,0
995450,0
995500,0
995550,0
995600,0
995650,0
995700,1
995750,0
995800,0
995850,7
995900,15
995950,26
996000,30
996050,35
996100,37
996150,38
996200,13
996250,4
996300,0
996350,4
996400,16
996450,28
996500,18
996550,32
996600,26
996650,35
996700,39
996750,26
996800,12
996850,1
996900,3
996950,9
997000,22
997050,29
997100,35
997150,27
997200,17
997250,32
997300,23
997350,21
997400,0
997450,0
997500,0
997550,1
997600,0
997650,0
997700,0
997750,9
997800,23
997850,22
997900,28
997950,27
998000,16
998050,24
998100,34
998150,43
998200,55
998250,0
998300,0
998350,0
998400,0
998450,4
998500,23
998550,12
998600,17
998650,16
998700,7
998750,25
998800,28
998850,18
998900,0
998950,0
999000,0
999050,0
999100,0
999150,0
999200,0
999250,0
999300,0
999350,1
999400,14
999450,28
999500,0
999550,0
999600,0
999650,0
999700,0
999750,0
999800,0
999850,0
999900,0
999950,0
1000000,0
1000050,0
1000100,0
1000150,0
1000200,0
1000250,0
1000300,0
1000350,0
1000400,0
1000450,0
1000500,0
1000550,0
1000600,0
1000650,0
1000700,0
1000750,0
1000800,0
1000850,0
1000900,0
1000950,0
1001000,0
1001050,0
1001100,0
1001150,0
1001200,0
1001250,0
1001300,0
1001350,0
1001400,0
1001450,0
1001500,0
1001550,0
1001600,0
1001650,0
1001700,0
1001750,0
1001800,0
1001850,0
1001900,0
1001950,0
1002000,0
1002050,0
1002100,0
1002150,0
1002200,0
1002250,0
1002300,0
1002350,0
1002400,0
1002450,0
1002500,0
1002550,0
1002600,0
1002650,0
1002700,0
1002750,0
1002800,0
1002850,0
1002900,0
1002950,0
1003000,0
1003050,0
1003100,0
1003150,0
1003200,0
1003250,0
1003300,0
1003350,0
1003400,0
1003450,0
1003500,0
1003550,0
1003600,0
1003650,0
1003700,0
1003750,0
1003800,0
1003850,0
1003900,0
1003950,0
1004000,0
1004050,0
1004100,0
1004150,0
1004200,0
1004250,0
1004300,0
1004350,0
1004400,0
1004450,0
1004500,0
1004550,0
1004600,0
1004650,0
1004700,0
1004750,0
1004800,0
1004850,0
1004900,0
1004950,0
1005000,0
1005050,0
1005100,0
1005150,0
1005200,0
1005250,0
1005300,0
1005350,0
1005400,0
1005450,0
1005500,0
1005550,0
1005600,0
1005650,0
1005700,0
1005750,0
1005800,0
1005850,0
1005900,0
1005950,0
1006000,0
1006050,0
1006100,0
1006150,0
1006200,0
1006250,0
1006300,0
1006350,0
1006400,0
1006450,0
1006500,0
1006550,0
1006600,0
1006650,0
1006700,0
1006750,0
1006800,0
1006850,0
1006900,0
1006950,0
1007000,0
1007050,0
1007100,0
1007150,0
1007200,0
1007250,0
1007300,0
1007350,0
1007400,0
1007450,0
1007500,0
1007550,0
1007600,0
1007650,0
1007700,0
1007750,0
1007800,0
1007850,0
1007900,0
1007950,0
1008000,0
1008050,0
1008100,0
1008150,0
1008200,0
1008250,0
1008300,0
1008350,0
1008400,0
1008450,0
1008500,0
1008550,0
1008600,0
1008650,0
1008700,0
1008750,0
1008800,0
1008850,0
1008900,0
1008950,0
1009000,0
1009050,0
1009100,0
1009150,0
1009200,0
1009250,0
1009300,0
1009350,0
1009400,0
1009450,0
1009500,0
1009550,0
1009600,0
1009650,0
1009700,0
1009750,0
1009800,0
1009850,0
1009900,0
1009950,0
1010000,0
1010050,0
1010100,0
1010150,0
1010200,0
1010250,0
1010300,0
1010350,0
1010400,0
1010450,0
1010500,0
1010550,0
1010600,0
1010650,0
1010700,0
1010750,0
1010800,0
1010850,0
1010900,0
1010950,0
1011000,0
1011050,0
1011100,0
1011150,0
1011200,0
1011250,0
1011300,0
1011350,0
1011400,0
1011450,0
1011500,0
1011550,0
1011600,0
1011650,0
1011700,0
1011750,0
1011800,0
1011850,0
1011900,0
1011950,0
1012000,0
1012050,0
1012100,0
1012150,0
1012200,0
1012250,0
1012300,0
1012350,0
1012400,0
1012450,0
1012500,0
1012550,0
1012600,0
1012650,0
1012700,0
1012750,0
1012800,0
1012850,0
1012900,0
1012950,0
1013000,0
1013050,0
1013100,0
1013150,0
1013200,0
1013250,0
1013300,0
1013350,0
1013400,0
1013450,0
1013500,0
1013550,0
1013600,0
1013650,0
1013700,0
1013750,0
1013800,0
1013850,0
1013900,0
1013950,0
1014000,0
1014050,0
1014100,0
1014150,0
1014200,0
1014250,0
1014300,0
1014350,0
1014400,0
1014450,0
1014500,0
1014550,0
1014600,0
1014650,0
1014700,0
1014750,0
1014800,0
1014850,0
1014900,0
1014950,0
1015000,0
1015050,0
1015100,0
1015150,0
1015200,0
1015250,0
1015300,0
1015350,0
1015400,0
1015450,0
1015500,0
1015550,0
1015600,0
1015650,0
1015700,0
1015750,0
1015800,0
1015850,0
1015900,0
1015950,0
1016000,0
1016050,0
1016100,0
1016150,0
1016200,0
1016250,0
1016300,0
1016350,0
1016400,0
1016450,0
1016500,0
1016550,0
1016600,0
1016650,0
1016700,0
1016750,0
1016800,0
1016850,0
1016900,0
1016950,0
1017000,0
1017050,0
1017100,0
1017150,0
1017200,0
1017250,0
1017300,0
1017350,0
1017400,0
1017450,0
1017500,0
1017550,0
1017600,0
1017650,0
1017700,0
1017750,0
1017800,0
1017850,0
1017900,0
1017950,0
1018000,0
1018050,0
1018100,0
1018150,0
1018200,0
1018250,0
1018300,0
1018350,0
1018400,0
1018450,0
1018500,0
1018550,0
1018600,0
1018650,0
1018700,0
1018750,0
1018800,0
1018850,0
1018900,0
1018950,0
1019000,0
1019050,0
1019100,0
1019150,0
1019200,0
1019250,0
1019300,0
1019350,0
1019400,0
1019450,0
1019500,0
1019550,0
1019600,0
1019650,0
1019700,0
1019750,0
1019800,0
1019850,0
1019900,0
1019950,0
1020000,0
1020050,0
1020100,0
1020150,0
1020200,0
1020250,0
1020300,0
1020350,0
1020400,0
1020450,0
1020500,0
1020550,0
1020600,0
1020650,0
1020700,0
1020750,0
1020800,0
1020850,0
1020900,0
1020950,0
1021000,0
1021050,0
1021100,0
1021150,0
1021200,0
1021250,0
1021300,0
1021350,0
1021400,0
1021450,0
1021500,0
1021550,0
1021600,0
1021650,0
1021700,0
1021750,0
1021800,0
1021850,0
1021900,0
1021950,0
1022000,0
1022050,0
1022100,0
1022150,0
1022200,0
1022250,0
1022300,0
1022350,0
1022400,0
1022450,0
1022500,0
1022550,0
1022600,0
1022650,0
1022700,0
1022750,0
1022800,0
1022850,0
1022900,0
1022950,0
1023000,0
1023050,0
1023100,0
1023150,0
1023200,0
1023250,0
1023300,0
1023350,0
1023400,0
1023450,0
1023500,0
1023550,0
1023600,0
1023650,0
1023700,0
1023750,0
1023800,0
1023850,0
1023900,0
1023950,0
1024000,0
1024050,0
1024100,0
1024150,0
1024200,0
1024250,0
1024300,0
1024350,0
1024400,0
1024450,0
1024500,0
1024550,0
1024600,0
1024650,0
1024700,0
1024750,0
1024800,0
1024850,0
1024900,0
1024950,0
1025000,0
1025050,0
1025100,0
1025150,0
1025200,0
1025250,0
1025300,0
1025350,0
1025400,0
1025450,0
1025500,0
1025550,0
1025600,0
1025650,0
1025700,0
1025750,0
1025800,0
1025850,0
1025900,0
1025950,0
1026000,0
1026050,0
1026100,0
1026150,0
1026200,0
1026250,0
1026300,0
1026350,0
1026400,0
1026450,0
1026500,0
1026550,0
1026600,0
1026650,0
1026700,0
1026750,0
1026800,0
1026850,0
1026900,0
1026950,0
1027000,0
1027050,0
1027100,0
1027150,0
1027200,0
1027250,0
1027300,0
1027350,0
1027400,0
1027450,0
1027500,0
1027550,0
1027600,0
1027650,0
1027700,0
1027750,0
1027800,0
1027850,0
1027900,0
1027950,0
1028000,0
1028050,0
1028100,0
1028150,0
1028200,0
1028250,0
1028300,0
1028350,0
1028400,0
1028450,0
1028500,0
1028550,0
1028600,0
1028650,0
1028700,0
1028750,0
1028800,0
1028850,0
1028900,0
1028950,0
1029000,0
1029050,0
1029100,0
1029150,0
1029200,0
1029250,0
1029300,0
1029350,0
1029400,0
1029450,0
1029500,0
1029550,0
1029600,0
1029650,0
1029700,0
1029750,0
1029800,0
1029850,0
1029900,0
1029950,0
1030000,0
1030050,0
1030100,0
1030150,0
1030200,0
1030250,0
1030300,0
1030350,0
1030400,0
1030450,0
1030500,0
1030550,0
1030600,0
1030650,0
1030700,0
1030750,0
1030800,0
1030850,0
1030900,0
1030950,0
1031000,0
1031050,0
1031100,0
1031150,0
1031200,0
1031250,0
1031300,0
1031350,0
1031400,0
1031450,0
1031500,0
1031550,0
1031600,0
1031650,0
1031700,0
1031750,0
1031800,0
1031850,0
1031900,0
1031950,0
1032000,0
1032050,0
1032100,0
1032150,0
1032200,0
1032250,0
1032300,0
1032350,0
1032400,0
1032450,0
1032500,0
1032550,0
1032600,0
1032650,0
1032700,0
1032750,0
1032800,0
1032850,0
1032900,0
1032950,0
1033000,0
1033050,0
1033100,0
1033150,0
1033200,0
1033250,0
1033300,0
1033350,0
1033400,0
1033450,0
1033500,0
1033550,0
1033600,0
1033650,0
1033700,0
1033750,0
1033800,0
1033850,0
1033900,0
1033950,0
1034000,0
1034050,0
1034100,0
1034150,0
1034200,0
1034250,0
1034300,0
1034350,0
1034400,0
1034450,0
1034500,0
1034550,0
1034600,0
1034650,0
1034700,0
1034750,0
1034800,0
1034850,0
1034900,0
1034950,0
1035000,0
1035050,0
1035100,0
1035150,0
1035200,0
1035250,0
1035300,0
1035350,0
1035400,0
1035450,0
1035500,0
1035550,0
1035600,0
1035650,0
1035700,0
1035750,0
1035800,0
1035850,0
1035900,0
1035950,0
1036000,0
1036050,0
1036100,0
1036150,0
1036200,0
1036250,0
1036300,0
1036350,0
1036400,0
1036450,0
1036500,0
1036550,0
1036600,0
1036650,0
1036700,0
1036750,0
1036800,0
1036850,0
1036900,0
1036950,0
1037000,0
1037050,0
1037100,0
1037150,0
1037200,0
1037250,0
1037300,0
1037350,0
1037400,0
1037450,0
1037500,0
1037550,0
1037600,0
1037650,0
1037700,0
1037750,0
1037800,0
1037850,0
1037900,0
1037950,0
1038000,0
1038050,0
1038100,0
1038150,0
1038200,0
1038250,0
1038300,0
1038350,0
1038400,0
1038450,0
1038500,0
1038550,0
1038600,0
1038650,0
1038700,0
1038750,0
1038800,0
1038850,0
1038900,0
1038950,0
1039000,0
1039050,0
1039100,0
1039150,0
1039200,0
1039250,0
1039300,0
1039350,0
1039400,0
1039450,0
1039500,0
1039550,0
1039600,0
1039650,0
1039700,0
1039750,0
1039800,0
1039850,0
1039900,0
1039950,0
1040000,0
1040050,0
1040100,0
1040150,0
1040200,0
1040250,0
1040300,0
1040350,0
1040400,0
1040450,0
1040500,0
1040550,0
1040600,0
1040650,0
1040700,0
1040750,0
1040800,0
1040850,0
1040900,0
1040950,0
1041000,0
1041050,0
1041100,0
1041150,0
1041200,0
1041250,0
1041300,0
1041350,0
1041400,0
1041450,0
1041500,0
1041550,0
1041600,0
1041650,0
1041700,0
1041750,0
1041800,0
1041850,0
1041900,0
1041950,0
1042000,0
1042050,0
1042100,0
1042150,0
1042200,0
1042250,0
1042300,0
1042350,0
1042400,0
1042450,0
1042500,0
1042550,0
1042600,0
1042650,0
1042700,0
1042750,0
1042800,0
1042850,0
1042900,0
1042950,0
1043000,0
1043050,0
1043100,0
1043150,0
1043200,0
1043250,0
1043300,0
1043350,0
1043400,0
1043450,0
1043500,0
1043550,0
1043600,0
1043650,0
1043700,0
1043750,0
1043800,0
1043850,0
1043900,0
1043950,0
1044000,0
1044050,0
1044100,0
1044150,0
1044200,0
1044250,0
1044300,0
1044350,0
1044400,0
1044450,0
1044500,0
1044550,0
1044600,0
1044650,0
1044700,0
1044750,0
1044800,0
1044850,0
1044900,0
1044950,0
1045000,0
1045050,0
1045100,0
1045150,0
1045200,0
1045250,0
1045300,0
1045350,0
1045400,0
1045450,0
1045500,0
1045550,0
1045600,0
1045650,0
1045700,0
1045750,0
1045800,0
1045850,0
1045900,0
1045950,0
1046000,0
1046050,0
1046100,0
1046150,0
1046200,0
1046250,0
1046300,0
1046350,0
1046400,0
1046450,0
1046500,0
1046550,0
1046600,0
1046650,0
1046700,0
1046750,0
1046800,0
1046850,0
1046900,0
1046950,0
1047000,0
1047050,0
1047100,0
1047150,0
1047200,0
1047250,0
1047300,0
1047350,0
1047400,0
1047450,0
1047500,0
1047550,0
1047600,0
1047650,0
1047700,0
1047750,0
1047800,0
1047850,0
1047900,0
1047950,0
1048000,0
1048050,0
1048100,0
1048150,0
1048200,0
1048250,0
1048300,0
1048350,0
1048400,0
1048450,0
1048500,0
1048550,0
1048600,0
1048650,0
1048700,0
1048750,0
1048800,0
1048850,0
1048900,0
1048950,0
1049000,0
1049050,0
1049100,0
1049150,0
1049200,0
1049250,0
1049300,0
1049350,0
1049400,0
1049450,0
1049500,0
1049550,0
1049600,0
1049650,0
1049700,0
1049750,0
1049800,0
1049850,0
1049900,0
1049950,0
1050000,0
1050050,0
1050100,0
1050150,0
1050200,0
1050250,0
1050300,0
1050350,0
1050400,0
1050450,0
1050500,0
1050550,0
1050600,0
1050650,0
1050700,0
1050750,0
1050800,0
1050850,0
1050900,0
1050950,0
1051000,0
1051050,0
1051100,0
1051150,0
1051200,0
1051250,0
1051300,0
1051350,0
1051400,0
1051450,0
1051500,0
1051550,0
1051600,0
1051650,0
1051700,0
1051750,0
1051800,0
1051850,0
1051900,0
1051950,0
1052000,0
1052050,0
1052100,0
1052150,0
1052200,0
1052250,0
1052300,0
1052350,0
1052400,0
1052450,0
1052500,0
1052550,0
1052600,0
1052650,0
1052700,0
1052750,0
1052800,0
1052850,0
1052900,0
1052950,0
1053000,0
1053050,0
1053100,0
1053150,0
1053200,0
1053250,0
1053300,0
1053350,0
1053400,0
1053450,0
1053500,0
1053550,0
1053600,0
1053650,0
1053700,0
1053750,0
1053800,0
1053850,0
1053900,0
1053950,0
1054000,0
1054050,0
1054100,0
1054150,0
1054200,0
1054250,0
1054300,0
1054350,0
1054400,0
1054450,0
1054500,0
1054550,0
1054600,0
1054650,0
1054700,0
1054750,0
1054800,0
1054850,0
1054900,0
1054950,0
1055000,0
1055050,0
1055100,0
1055150,0
1055200,0
1055250,0
1055300,0
1055350,0
1055400,0
1055450,0
1055500,0
1055550,0
1055600,0
1055650,0
1055700,0
1055750,0
1055800,0
1055850,0
1055900,0
1055950,0
1056000,0
1056050,0
1056100,0
1056150,0
1056200,0
1056250,0
1056300,0
1056350,0
1056400,0
1056450,0
1056500,0
1056550,0
1056600,0
1056650,0
1056700,0
1056750,0
1056800,0
1056850,0
1056900,0
1056950,0
1057000,0
1057050,0
1057100,0
1057150,0
1057200,0
1057250,0
1057300,0
1057350,0
1057400,0
1057450,0
1057500,0
1057550,0
1057600,0
1057650,0
1057700,0
1057750,0
1057800,0
1057850,0
1057900,0
1057950,0
1058000,0
1058050,0
1058100,0
1058150,0
1058200,0
1058250,0
1058300,0
1058350,0
1058400,0
1058450,0
1058500,0
1058550,0
1058600,0
1058650,0
1058700,0
1058750,0
1058800,0
1058850,0
1058900,0
1058950,0
1059000,0
1059050,0
1059100,0
1059150,0
1059200,0
1059250,0
1059300,0
1059350,0
1059400,0
1059450,0
1059500,0
1059550,0
1059600,0
1059650,0
1059700,0
1059750,0
1059800,0
1059850,0
1059900,0
1059950,0
1060000,0
1060050,0
1060100,0
1060150,0
1060200,0
1060250,0
1060300,0
1060350,0
1060400,0
1060450,0
1060500,0
1060550,0
1060600,0
1060650,0
1060700,0
1060750,0
1060800,0
1060850,0
1060900,0
1060950,0
1061000,0
1061050,0
1061100,0
1061150,0
1061200,0
1061250,0
1061300,0
1061350,0
1061400,0
1061450,0
1061500,0
1061550,0
1061600,0
1061650,0
1061700,0
1061750,0
1061800,0
1061850,0
1061900,0
1061950,0
1062000,0
1062050,0
1062100,0
1062150,0
1062200,0
1062250,0
1062300,0
1062350,0
1062400,0
1062450,0
1062500,0
1062550,0
1062600,0
1062650,0
1062700,0
1062750,0
1062800,0
1062850,0
1062900,0
1062950,0
1063000,0
1063050,0
1063100,0
1063150,0
1063200,0
1063250,0
1063300,0
1063350,0
1063400,0
1063450,0
1063500,0
1063550,0
1063600,0
1063650,0
1063700,0
1063750,0
1063800,0
1063850,0
1063900,0
1063950,0
1064000,0
1064050,0
1064100,0
1064150,0
1064200,0
1064250,0
1064300,0
1064350,0
1064400,0
1064450,0
1064500,0
1064550,0
1064600,0
1064650,0
1064700,0
1064750,0
1064800,0
1064850,0
1064900,0
1064950,0
1065000,0
1065050,0
1065100,0
1065150,0
1065200,0
1065250,0
1065300,0
1065350,0
1065400,0
1065450,0
1065500,0
1065550,0
1065600,0
1065650,0
1065700,0
1065750,0
1065800,0
1065850,0
1065900,0
1065950,0
1066000,0
1066050,0
1066100,0
1066150,0
1066200,0
1066250,0
1066300,0
1066350,0
1066400,0
1066450,0
1066500,0
1066550,0
1066600,0
1066650,0
1066700,0
1066750,0
1066800,0
1066850,0
1066900,0
1066950,0
1067000,0
1067050,0
1067100,0
1067150,0
1067200,0
1067250,0
1067300,0
1067350,0
1067400,0
1067450,0
1067500,0
1067550,0
1067600,0
1067650,0
1067700,0
1067750,0
1067800,0
1067850,0
1067900,0
1067950,0
1068000,0
1068050,0
1068100,0
1068150,0
1068200,0
1068250,0
1068300,0
1068350,0
1068400,0
1068450,0
1068500,0
1068550,0
1068600,0
1068650,0
1068700,0
1068750,0
1068800,0
1068850,0
1068900,0
1068950,0
1069000,0
1069050,0
1069100,0
1069150,0
1069200,0
1069250,0
1069300,0
1069350,0
1069400,0
1069450,0
1069500,0
1069550,0
1069600,0
1069650,0
1069700,0
1069750,0
1069800,0
1069850,0
1069900,0
1069950,0
1070000,0
1070050,0
1070100,0
1070150,0
1070200,0
1070250,0
1070300,0
1070350,0
1070400,0
1070450,0
1070500,0
1070550,0
1070600,0
1070650,0
1070700,0
1070750,0
1070800,0
1070850,0
1070900,0
1070950,0
1071000,0
1071050,0
1071100,0
1071150,0
1071200,0
1071250,0
1071300,0
1071350,0
1071400,0
1071450,0
1071500,0
1071550,0
1071600,0
1071650,0
1071700,0
1071750,0
1071800,0
1071850,0
1071900,0
1071950,0
1072000,0
1072050,0
1072100,0
1072150,0
1072200,0
1072250,0
1072300,0
1072350,0
1072400,0
1072450,0
1072500,0
1072550,0
1072600,0
1072650,0
1072700,0
1072750,0
1072800,0
1072850,0
1072900,0
1072950,0
1073000,0
1073050,0
1073100,0
1073150,0
1073200,0
1073250,0
1073300,0
1073350,0
1073400,0
1073450,0
1073500,0
1073550,0
1073600,0
1073650,0
1073700,0
1073750,0
1073800,0
1073850,0
1073900,0
1073950,0
1074000,0
1074050,0
1074100,0
1074150,0
1074200,0
1074250,0
1074300,0
1074350,0
1074400,0
1074450,0
1074500,0
1074550,0
1074600,0
1074650,0
1074700,0
1074750,0
1074800,0
1074850,0
1074900,0
1074950,0
1075000,0
1075050,0
1075100,0
1075150,0
1075200,0
1075250,0
1075300,0
1075350,0
1075400,0
1075450,0
1075500,0
1075550,0
1075600,0
1075650,0
1075700,0
1075750,0
1075800,0
1075850,0
1075900,0
1075950,0
1076000,0
1076050,0
1076100,0
1076150,0
1076200,0
1076250,0
1076300,0
1076350,0
1076400,0
1076450,0
1076500,0
1076550,0
1076600,0
1076650,0
1076700,0
1076750,0
1076800,0
1076850,0
1076900,0
1076950,0
1077000,0
1077050,0
1077100,0
1077150,0
1077200,0
1077250,0
1077300,0
1077350,0
1077400,0
1077450,0
1077500,0
1077550,0
1077600,0
1077650,0
1077700,0
1077750,0
1077800,0
1077850,0
1077900,0
1077950,0
1078000,0
1078050,0
1078100,0
1078150,0
1078200,0
1078250,0
1078300,0
1078350,0
1078400,0
1078450,0
1078500,0
1078550,0
1078600,0
1078650,0
1078700,0
1078750,0
1078800,0
1078850,0
1078900,0
1078950,0
1079000,0
1079050,0
1079100,0
1079150,0
1079200,0
1079250,0
1079300,0
1079350,0
1079400,0
1079450,0
1079500,0
1079550,0
1079600,0
1079650,0
1079700,0
1079750,0
1079800,0
1079850,0
1079900,0
1079950,0
1080000,0
1080050,0
1080100,0
1080150,0
1080200,0
1080250,0
1080300,0
1080350,0
1080400,0
1080450,0
1080500,0
1080550,0
1080600,0
1080650,0
1080700,0
1080750,0
1080800,0
1080850,0
1080900,0
1080950,0
1081000,0
1081050,0
1081100,0
1081150,0
1081200,0
1081250,0
1081300,0
1081350,0
1081400,0
1081450,0
1081500,0
1081550,0
1081600,0
1081650,0
1081700,0
1081750,0
1081800,0
1081850,0
1081900,0
1081950,0
1082000,0
1082050,0
1082100,0
1082150,0
1082200,0
1082250,0
1082300,0
1082350,0
1082400,0
1082450,0
1082500,0
1082550,0
1082600,0
1082650,0
1082700,0
1082750,0
1082800,0
1082850,0
1082900,0
1082950,0
1083000,0
1083050,0
1083100,0
1083150,0
1083200,0
1083250,0
1083300,0
1083350,0
1083400,0
1083450,0
1083500,0
1083550,0
1083600,0
1083650,0
1083700,0
1083750,0
1083800,0
1083850,0
1083900,0
1083950,0
1084000,0
1084050,0
1084100,0
1084150,0
1084200,0
1084250,0
1084300,0
1084350,0
1084400,0
1084450,0
1084500,0
1084550,0
1084600,0
1084650,0
1084700,0
1084750,0
1084800,0
1084850,0
1084900,0
1084950,0
1085000,0
1085050,0
1085100,0
1085150,0
1085200,0
1085250,0
1085300,0
1085350,0
1085400,0
1085450,0
1085500,0
1085550,0
1085600,0
1085650,0
1085700,0
1085750,0
1085800,0
1085850,0
1085900,0
1085950,0
1086000,0
1086050,0
1086100,0
1086150,0
1086200,0
1086250,0
1086300,0
1086350,0
1086400,0
1086450,0
1086500,0
1086550,0
1086600,0
1086650,0
1086700,0
1086750,0
1086800,0
1086850,0
1086900,0
1086950,0
1087000,0
1087050,0
1087100,0
1087150,0
1087200,0
1087250,0
1087300,0
1087350,0
1087400,0
1087450,0
1087500,0
1087550,0
1087600,0
1087650,0
1087700,0
1087750,0
1087800,0
1087850,0
1087900,0
1087950,0
1088000,0
1088050,0
1088100,0
1088150,0
1088200,0
1088250,0
1088300,0
1088350,0
1088400,0
1088450,0
1088500,0
1088550,0
1088600,0
1088650,0
1088700,0
1088750,0
1088800,0
1088850,0
1088900,0
1088950,0
1089000,0
1089050,0
1089100,0
1089150,0
1089200,0
1089250,0
1089300,0
1089350,0
1089400,0
1089450,0
1089500,0
1089550,0
1089600,0
1089650,0
1089700,0
1089750,0
1089800,0
1089850,0
1089900,0
1089950,0
1090000,0
1090050,0
1090100,0
1090150,0
1090200,0
1090250,0
1090300,0
1090350,0
1090400,0
1090450,0
1090500,0
1090550,0
1090600,0
1090650,0
1090700,0
1090750,0
1090800,0
1090850,0
1090900,0
1090950,0
1091000,0
1091050,0
1091100,0
1091150,0
1091200,0
1091250,0
1091300,0
1091350,0
1091400,0
1091450,0
1091500,0
1091550,0
1091600,0
1091650,0
1091700,0
1091750,0
1091800,0
1091850,0
1091900,0
1091950,0
1092000,0
1092050,0
1092100,0
1092150,0
1092200,0
1092250,0
1092300,0
1092350,0
1092400,0
1092450,0
1092500,0
1092550,0
1092600,0
1092650,0
1092700,0
1092750,0
1092800,0
1092850,0
1092900,0
1092950,0
1093000,0
1093050,0
1093100,0
1093150,0
1093200,0
1093250,0
1093300,0
1093350,0
1093400,0
1093450,0
1093500,0
1093550,0
1093600,0
1093650,0
1093700,0
1093750,0
1093800,0
1093850,0
1093900,0
1093950,0
1094000,0
1094050,0
1094100,0
1094150,0
1094200,0
1094250,0
1094300,0
1094350,0
1094400,0
1094450,0
1094500,0
1094550,0
1094600,0
1094650,0
1094700,0
1094750,0
1094800,0
1094850,0
1094900,0
1094950,0
1095000,0
1095050,0
1095100,0
1095150,0
1095200,0
1095250,0
1095300,0
1095350,0
1095400,0
1095450,0
1095500,0
1095550,0
1095600,0
1095650,0
1095700,0
1095750,0
1095800,0
1095850,0
1095900,0
1095950,0
1096000,0
1096050,0
1096100,0
1096150,0
1096200,0
1096250,0
1096300,0
1096350,0
1096400,0
1096450,0
1096500,0
1096550,0
1096600,0
1096650,0
1096700,0
1096750,0
1096800,0
1096850,0
1096900,0
1096950,0
1097000,0
1097050,0
1097100,0
1097150,0
1097200,0
1097250,0
1097300,0
1097350,0
1097400,0
1097450,0
1097500,0
1097550,0
1097600,0
1097650,0
1097700,0
1097750,0
1097800,0
1097850,0
1097900,0
1097950,0
1098000,0
1098050,0
1098100,0
1098150,0
1098200,0
1098250,0
1098300,0
1098350,0
1098400,0
1098450,0
1098500,0
1098550,0
1098600,0
1098650,0
1098700,0
1098750,0
1098800,0
1098850,0
1098900,0
1098950,0
1099000,0
1099050,0
1099100,0
1099150,0
1099200,0
1099250,0
1099300,0
1099350,0
1099400,0
1099450,0
1099500,0
1099550,0
1099600,0
1099650,0
1099700,0
1099750,0
1099800,0
1099850,0
1099900,0
1099950,0
1100000,0
1100050,0
1100100,0
1100150,0
1100200,0
1100250,0
1100300,0
1100350,0
1100400,0
1100450,0
1100500,0
1100550,0
1100600,0
1100650,0
1100700,0
1100750,0
1100800,0
1100850,0
1100900,0
1100950,0
1101000,0
1101050,0
1101100,0
1101150,0
1101200,0
1101250,0
1101300,0
1101350,0
1101400,0
1101450,0
1101500,0
1101550,0
1101600,0
1101650,0
1101700,0
1101750,0
1101800,0
1101850,0
1101900,0
1101950,0
1102000,0
1102050,0
1102100,0
1102150,0
1102200,0
1102250,0
1102300,0
1102350,0
1102400,0
1102450,0
1102500,0
1102550,0
1102600,0
1102650,0
1102700,0
1102750,0
1102800,0
1102850,0
1102900,0
1102950,0
1103000,0
1103050,0
1103100,0
1103150,0
1103200,0
1103250,0
1103300,0
1103350,0
1103400,0
1103450,0
1103500,0
1103550,0
1103600,0
1103650,0
1103700,0
1103750,0
1103800,0
1103850,0
1103900,0
1103950,0
1104000,0
1104050,0
1104100,0
1104150,0
1104200,0
1104250,0
1104300,0
1104350,0
1104400,0
1104450,0
1104500,0
1104550,0
1104600,0
1104650,0
1104700,0
1104750,0
1104800,0
1104850,0
1104900,0
1104950,0
1105000,0
1105050,0
1105100,0
1105150,0
1105200,0
1105250,0
1105300,0
1105350,0
1105400,0
1105450,0
1105500,0
1105550,0
1105600,0
1105650,0
1105700,0
1105750,0
1105800,0
1105850,0
1105900,0
1105950,0
1106000,0
1106050,0
1106100,0
1106150,0
1106200,0
1106250,0
1106300,0
1106350,0
1106400,0
1106450,0
1106500,0
1106550,0
1106600,0
1106650,0
1106700,0
1106750,0
1106800,0
1106850,0
1106900,0
1106950,0
1107000,0
1107050,0
1107100,0
1107150,0
1107200,0
1107250,0
1107300,0
1107350,0
1107400,0
1107450,0
1107500,0
1107550,0
1107600,0
1107650,0
1107700,0
1107750,0
1107800,0
1107850,0
1107900,0
1107950,0
1108000,0
1108050,0
1108100,0
1108150,0
1108200,0
1108250,0
1108300,0
1108350,0
1108400,0
1108450,0
1108500,0
1108550,0
1108600,0
1108650,0
1108700,0
1108750,0
1108800,0
1108850,0
1108900,0
1108950,0
1109000,0
1109050,0
1109100,0
1109150,0
1109200,0
1109250,0
1109300,0
1109350,0
1109400,0
1109450,0
1109500,0
1109550,0
1109600,0
1109650,0
1109700,0
1109750,0
1109800,0
1109850,0
1109900,0
1109950,0
1110000,0
1110050,0
1110100,0
1110150,0
1110200,0
1110250,0
1110300,0
1110350,0
1110400,0
1110450,0
1110500,0
1110550,0
1110600,0
1110650,0
1110700,0
1110750,0
1110800,0
1110850,0
1110900,0
1110950,0
1111000,0
1111050,0
1111100,0
1111150,0
1111200,0
1111250,0
1111300,0
1111350,0
1111400,0
1111450,0
1111500,0
1111550,0
1111600,0
1111650,0
1111700,0
1111750,0
1111800,0
1111850,0
1111900,0
1111950,0
1112000,0
1112050,0
1112100,0
1112150,0
1112200,0
1112250,0
1112300,0
1112350,0
1112400,0
1112450,0
1112500,0
1112550,0
1112600,0
1112650,0
1112700,0
1112750,0
1112800,0
1112850,0
1112900,0
1112950,0
1113000,0
1113050,0
1113100,0
1113150,0
1113200,0
1113250,0
1113300,0
1113350,0
1113400,0
1113450,0
1113500,0
1113550,0
1113600,0
1113650,0
1113700,0
1113750,0
1113800,0
1113850,0
1113900,0
1113950,0
1114000,0
1114050,0
1114100,0
1114150,0
1114200,0
1114250,0
1114300,0
1114350,0
1114400,0
1114450,0
1114500,0
1114550,0
1114600,0
1114650,0
1114700,0
1114750,0
1114800,0
1114850,0
1114900,0
1114950,0
1115000,0
1115050,0
1115100,0
1115150,0
1115200,0
1115250,0
1115300,0
1115350,0
1115400,0
1115450,0
1115500,0
1115550,0
1115600,0
1115650,0
1115700,0
1115750,0
1115800,0
1115850,0
1115900,0
1115950,0
1116000,0
1116050,0
1116100,0
1116150,0
1116200,0
1116250,0
1116300,0
1116350,0
1116400,0
1116450,0
1116500,0
1116550,0
1116600,0
1116650,0
1116700,0
1116750,0
1116800,0
1116850,0
1116900,0
1116950,0
1117000,0
1117050,0
1117100,0
1117150,0
1117200,0
1117250,0
1117300,0
1117350,0
1117400,0
1117450,0
1117500,0
1117550,0
1117600,0
1117650,0
1117700,0
1117750,0
1117800,0
1117850,0
1117900,0
1117950,0
1118000,0
1118050,0
1118100,0
1118150,0
1118200,0
1118250,0
1118300,0
1118350,0
1118400,0
1118450,0
1118500,0
1118550,0
1118600,0
1118650,0
1118700,0
1118750,0
1118800,0
1118850,0
1118900,0
1118950,0
1119000,0
1119050,0
1119100,0
1119150,0
1119200,0
1119250,0
1119300,0
1119350,0
1119400,0
1119450,0
1119500,0
1119550,0
1119600,0
1119650,0
1119700,0
1119750,0
1119800,0
1119850,0
1119900,0
1119950,0
1120000,0
1120050,0
1120100,0
1120150,0
1120200,0
1120250,0
1120300,0
1120350,0
1120400,0
1120450,0
1120500,0
1120550,0
1120600,0
1120650,0
1120700,0
1120750,0
1120800,0
1120850,0
1120900,0
1120950,0
1121000,0
1121050,0
1121100,0
1121150,0
1121200,0
1121250,0
1121300,0
1121350,0
1121400,0
1121450,0
1121500,0
1121550,0
1121600,0
1121650,0
1121700,0
1121750,0
1121800,0
1121850,0
1121900,0
1121950,0
1122000,0
1122050,0
1122100,0
1122150,0
1122200,0
1122250,0
1122300,0
1122350,0
1122400,0
1122450,0
1122500,0
1122550,0
1122600,0
1122650,0
1122700,0
1122750,0
1122800,0
1122850,0
1122900,0
1122950,0
1123000,0
1123050,0
1123100,0
1123150,0
1123200,0
1123250,0
1123300,0
1123350,0
1123400,0
1123450,0
1123500,0
1123550,0
1123600,0
1123650,0
1123700,0
1123750,0
1123800,0
1123850,0
1123900,0
1123950,0
1124000,0
1124050,0
1124100,0
1124150,0
1124200,0
1124250,0
1124300,0
1124350,0
1124400,0
1124450,0
1124500,0
1124550,0
1124600,0
1124650,0
1124700,0
1124750,0
1124800,0
1124850,0
1124900,0
1124950,0
1125000,0
1125050,0
1125100,0
1125150,0
1125200,0
1125250,0
1125300,0
1125350,0
1125400,0
1125450,0
1125500,0
1125550,0
1125600,0
1125650,0
1125700,0
1125750,0
1125800,0
1125850,0
1125900,0
1125950,0
1126000,0
1126050,0
1126100,0
1126150,0
1126200,0
1126250,0
1126300,0
1126350,0
1126400,0
1126450,0
1126500,0
1126550,0
1126600,0
1126650,0
1126700,0
1126750,0
1126800,0
1126850,0
1126900,0
1126950,0
1127000,0
1127050,0
1127100,0
1127150,0
1127200,0
1127250,0
1127300,0
1127350,0
1127400,0
1127450,0
1127500,0
1127550,0
1127600,0
1127650,0
1127700,0
1127750,0
1127800,0
1127850,0
1127900,0
1127950,0
1128000,0
1128050,0
1128100,0
1128150,0
1128200,0
1128250,0
1128300,0
1128350,0
1128400,0
1128450,0
1128500,0
1128550,0
1128600,0
1128650,0
1128700,0
1128750,0
1128800,0
1128850,0
1128900,0
1128950,0
1129000,0
1129050,0
1129100,0
1129150,0
1129200,0
1129250,0
1129300,0
1129350,0
1129400,0
1129450,0
1129500,0
1129550,0
1129600,0
1129650,0
1129700,0
1129750,0
1129800,0
1129850,0
1129900,0
1129950,0
1130000,0
1130050,0
1130100,0
1130150,0
1130200,0
1130250,0
1130300,0
1130350,0
1130400,0
1130450,0
1130500,0
1130550,0
1130600,0
1130650,0
1130700,0
1130750,0
1130800,0
1130850,0
1130900,0
1130950,0
1131000,0
1131050,0
1131100,0
1131150,0
1131200,0
1131250,0
1131300,0
1131350,0
1131400,0
1131450,0
1131500,0
1131550,0
1131600,0
1131650,0
1131700,0
1131750,0
1131800,0
1131850,0
1131900,0
1131950,0
1132000,0
1132050,0
1132100,0
1132150,0
1132200,0
1132250,0
1132300,0
1132350,0
1132400,0
1132450,0
1132500,0
1132550,0
1132600,0
1132650,0
1132700,0
1132750,0
1132800,0
1132850,0
1132900,0
1132950,0
1133000,0
1133050,0
1133100,0
1133150,0
1133200,0
1133250,0
1133300,0
1133350,0
1133400,0
1133450,0
1133500,0
1133550,0
1133600,0
1133650,0
1133700,0
1133750,0
1133800,0
1133850,0
1133900,0
1133950,0
1134000,0
1134050,0
1134100,0
1134150,0
1134200,0
1134250,0
1134300,0
1134350,0
1134400,0
1134450,0
1134500,0
1134550,0
1134600,0
1134650,0
1134700,0
1134750,0
1134800,0
1134850,0
1134900,0
1134950,0
1135000,0
1135050,0
1135100,0
1135150,0
1135200,0
1135250,0
1135300,0
1135350,0
1135400,0
1135450,0
1135500,0
1135550,0
1135600,0
1135650,0
1135700,0
1135750,0
1135800,0
1135850,0
1135900,0
1135950,0
1136000,0
1136050,0
1136100,0
1136150,0
1136200,0
1136250,0
1136300,0
1136350,0
1136400,0
1136450,0
1136500,0
1136550,0
1136600,0
1136650,0
1136700,0
1136750,0
1136800,0
1136850,0
1136900,0
1136950,0
1137000,0
1137050,0
1137100,0
1137150,0
1137200,0
1137250,0
1137300,0
1137350,0
1137400,0
1137450,0
1137500,0
1137550,0
1137600,0
1137650,0
1137700,0
1137750,0
1137800,0
1137850,0
1137900,0
1137950,0
1138000,0
1138050,0
1138100,0
1138150,0
1138200,0
1138250,0
1138300,0
1138350,0
1138400,0
1138450,0
1138500,0
1138550,0
1138600,0
1138650,0
1138700,0
1138750,0
1138800,0
1138850,0
1138900,0
1138950,0
1139000,0
1139050,0
1139100,0
1139150,0
1139200,0
1139250,0
1139300,0
1139350,0
1139400,0
1139450,0
1139500,0
1139550,0
1139600,0
1139650,0
1139700,0
1139750,0
1139800,0
1139850,0
1139900,0
1139950,0
1140000,0
1140050,0
1140100,0
1140150,0
1140200,0
1140250,0
1140300,0
1140350,0
1140400,0
1140450,0
1140500,0
1140550,0
1140600,0
1140650,0
1140700,0
1140750,0
1140800,0
1140850,0
1140900,0
1140950,0
1141000,0
1141050,0
1141100,0
1141150,0
1141200,0
1141250,0
1141300,0
1141350,0
1141400,0
1141450,0
1141500,0
1141550,0
1141600,0
1141650,0
1141700,0
1141750,0
1141800,0
1141850,0
1141900,0
1141950,0
1142000,0
1142050,0
1142100,0
1142150,0
1142200,0
1142250,0
1142300,0
1142350,0
1142400,0
1142450,0
1142500,0
1142550,0
1142600,0
1142650,0
1142700,0
1142750,0
1142800,0
1142850,0
1142900,0
1142950,0
1143000,0
1143050,0
1143100,0
1143150,0
1143200,0
1143250,0
1143300,0
1143350,0
1143400,0
1143450,0
1143500,0
1143550,0
1143600,0
1143650,0
1143700,0
1143750,0
1143800,0
1143850,0
1143900,0
1143950,0
1144000,0
1144050,0
1144100,0
1144150,0
1144200,0
1144250,0
1144300,0
1144350,0
1144400,0
1144450,0
1144500,0
1144550,0
1144600,0
1144650,0
1144700,0
1144750,0
1144800,0
1144850,0
1144900,0
1144950,0
1145000,0
1145050,0
1145100,0
1145150,0
1145200,0
1145250,0
1145300,0
1145350,0
1145400,0
1145450,0
1145500,0
1145550,0
1145600,0
1145650,0
1145700,0
1145750,0
1145800,0
1145850,0
1145900,0
1145950,0
1146000,0
1146050,0
1146100,0
1146150,0
1146200,0
1146250,0
1146300,0
1146350,0
1146400,0
1146450,0
1146500,0
1146550,0
1146600,0
1146650,0
1146700,0
1146750,0
1146800,0
1146850,0
1146900,0
1146950,0
1147000,0
1147050,0
1147100,0
1147150,0
1147200,0
1147250,0
1147300,0
1147350,0
1147400,0
1147450,0
1147500,0
1147550,0
1147600,0
1147650,0
1147700,0
1147750,0
1147800,0
1147850,0
1147900,0
1147950,0
1148000,0
1148050,0
1148100,0
1148150,0
1148200,0
1148250,0
1148300,0
1148350,0
1148400,0
1148450,0
1148500,0
1148550,0
1148600,0
1148650,0
1148700,0
1148750,0
1148800,0
1148850,0
1148900,0
1148950,0
1149000,0
1149050,0
1149100,0
1149150,0
1149200,0
1149250,0
1149300,0
1149350,0
1149400,0
1149450,0
1149500,0
1149550,0
1149600,0
1149650,0
1149700,0
1149750,0
1149800,0
1149850,0
1149900,0
1149950,0
1150000,0
1150050,0
1150100,0
1150150,0
1150200,0
1150250,0
1150300,0
1150350,0
1150400,0
1150450,0
1150500,0
1150550,0
1150600,0
1150650,0
1150700,0
1150750,0
1150800,0
1150850,0
1150900,0
1150950,0
1151000,0
1151050,0
1151100,0
1151150,0
1151200,0
1151250,0
1151300,0
1151350,0
1151400,0
1151450,0
1151500,0
1151550,0
1151600,0
1151650,0
1151700,0
1151750,0
1151800,0
1151850,0
1151900,0
1151950,0
1152000,0
1152050,0
1152100,0
1152150,0
1152200,0
1152250,0
1152300,0
1152350,0
1152400,0
1152450,0
1152500,0
1152550,0
1152600,0
1152650,0
1152700,0
1152750,0
1152800,0
1152850,0
1152900,0
1152950,0
1153000,0
1153050,0
1153100,0
1153150,0
1153200,0
1153250,0
1153300,0
1153350,0
1153400,0
1153450,0
1153500,0
1153550,0
1153600,0
1153650,0
1153700,0
1153750,0
1153800,0
1153850,0
1153900,0
1153950,0
1154000,0
1154050,0
1154100,0
1154150,0
1154200,0
1154250,0
1154300,0
1154350,0
1154400,0
1154450,0
1154500,0
1154550,0
1154600,0
1154650,0
1154700,0
1154750,0
1154800,0
1154850,0
1154900,0
1154950,0
1155000,0
1155050,0
1155100,0
1155150,0
1155200,0
1155250,0
1155300,0
1155350,0
1155400,0
1155450,0
1155500,0
1155550,0
1155600,0
1155650,0
1155700,0
1155750,0
1155800,0
1155850,0
1155900,0
1155950,0
1156000,0
1156050,0
1156100,0
1156150,0
1156200,0
1156250,0
1156300,0
1156350,0
1156400,0
1156450,0
1156500,0
1156550,0
1156600,0
1156650,0
1156700,0
1156750,0
1156800,0
1156850,0
1156900,0
1156950,0
1157000,0
1157050,0
1157100,0
1157150,0
1157200,0
1157250,0
1157300,0
1157350,0
1157400,0
1157450,0
1157500,0
1157550,0
1157600,0
1157650,0
1157700,0
1157750,0
1157800,0
1157850,0
1157900,0
1157950,0
1158000,0
1158050,0
1158100,0
1158150,0
1158200,0
1158250,0
1158300,0
1158350,0
1158400,0
1158450,0
1158500,0
1158550,0
1158600,0
1158650,0
1158700,0
1158750,0
1158800,0
1158850,0
1158900,0
1158950,0
1159000,0
1159050,0
1159100,0
1159150,0
1159200,0
1159250,0
1159300,0
1159350,0
1159400,0
1159450,0
1159500,0
1159550,0
1159600,0
1159650,0
1159700,0
1159750,0
1159800,0
1159850,0
1159900,0
1159950,0
1160000,0
1160050,0
1160100,0
1160150,0
1160200,0
1160250,0
1160300,0
1160350,0
1160400,0
1160450,0
1160500,0
1160550,0
1160600,0
1160650,0
1160700,0
1160750,0
1160800,0
1160850,0
1160900,0
1160950,0
1161000,0
1161050,0
1161100,0
1161150,0
1161200,0
1161250,0
1161300,0
1161350,0
1161400,0
1161450,0
1161500,0
1161550,0
1161600,0
1161650,0
1161700,0
1161750,0
1161800,0
1161850,0
1161900,0
1161950,0
1162000,0
1162050,0
1162100,0
1162150,0
1162200,0
1162250,0
1162300,0
1162350,0
1162400,0
1162450,0
1162500,0
1162550,0
1162600,0
1162650,0
1162700,0
1162750,0
1162800,0
1162850,0
1162900,0
1162950,0
1163000,0
1163050,0
1163100,0
1163150,0
1163200,0
1163250,0
1163300,0
1163350,0
1163400,0
1163450,0
1163500,0
1163550,0
1163600,0
1163650,0
1163700,0
1163750,0
1163800,0
1163850,0
1163900,0
1163950,0
1164000,0
1164050,0
1164100,0
1164150,0
1164200,0
1164250,0
1164300,0
1164350,0
1164400,0
1164450,0
1164500,0
1164550,0
1164600,0
1164650,0
1164700,0
1164750,0
1164800,0
1164850,0
1164900,0
1164950,0
1165000,0
1165050,0
1165100,0
1165150,0
1165200,0
1165250,0
1165300,0
1165350,0
1165400,0
1165450,0
1165500,0
1165550,0
1165600,0
1165650,0
1165700,0
1165750,0
1165800,0
1165850,0
1165900,0
1165950,0
1166000,0
1166050,0
1166100,0
1166150,0
1166200,0
1166250,0
1166300,0
1166350,0
1166400,0
1166450,0
1166500,0
1166550,0
1166600,0
1166650,0
1166700,0
1166750,0
1166800,0
1166850,0
1166900,0
1166950,0
1167000,0
1167050,0
1167100,0
1167150,0
1167200,0
1167250,0
1167300,0
1167350,0
1167400,0
1167450,0
1167500,0
1167550,0
1167600,0
1167650,0
1167700,0
1167750,0
1167800,0
1167850,0
1167900,0
1167950,0
1168000,0
1168050,0
1168100,0
1168150,0
1168200,0
1168250,0
1168300,0
1168350,0
1168400,0
1168450,0
1168500,0
1168550,0
1168600,0
1168650,0
1168700,0
1168750,0
1168800,0
1168850,0
1168900,0
1168950,0
1169000,0
1169050,0
1169100,0
1169150,0
1169200,0
1169250,0
1169300,0
1169350,0
1169400,0
1169450,0
1169500,0
1169550,0
1169600,0
1169650,0
1169700,0
1169750,0
1169800,0
1169850,0
1169900,0
1169950,0
1170000,0
1170050,0
1170100,0
1170150,0
1170200,0
1170250,0
1170300,0
1170350,0
1170400,0
1170450,0
1170500,0
1170550,0
1170600,0
1170650,0
1170700,0
1170750,0
1170800,0
1170850,0
1170900,0
1170950,0
1171000,0
1171050,0
1171100,0
1171150,0
1171200,0
1171250,0
1171300,0
1171350,0
1171400,0
1171450,0
1171500,0
1171550,0
1171600,0
1171650,0
1171700,0
1171750,0
1171800,0
1171850,0
1171900,0
1171950,0
1172000,0
1172050,0
1172100,0
1172150,0
1172200,0
1172250,0
1172300,0
1172350,0
1172400,0
1172450,0
1172500,0
1172550,0
1172600,0
1172650,0
1172700,0
1172750,0
1172800,0
1172850,0
1172900,0
1172950,0
1173000,0
1173050,0
1173100,0
1173150,0
1173200,0
1173250,0
1173300,0
1173350,0
1173400,0
1173450,0
1173500,0
1173550,0
1173600,0
1173650,0
1173700,0
1173750,0
1173800,0
1173850,0
1173900,0
1173950,0
1174000,0
1174050,0
1174100,0
1174150,0
1174200,0
1174250,0
1174300,0
1174350,0
1174400,0
1174450,0
1174500,0
1174550,0
1174600,0
1174650,0
1174700,0
1174750,0
1174800,0
1174850,0
1174900,0
1174950,0
1175000,0
1175050,0
1175100,0
1175150,0
1175200,0
1175250,0
1175300,0
1175350,0
1175400,0
1175450,0
1175500,0
1175550,0
1175600,0
1175650,0
1175700,0
1175750,0
1175800,0
1175850,0
1175900,0
1175950,0
1176000,0
1176050,0
1176100,0
1176150,0
1176200,0
1176250,0
1176300,0
1176350,0
1176400,0
1176450,0
1176500,0
1176550,0
1176600,0
1176650,0
1176700,0
1176750,0
1176800,0
1176850,0
1176900,0
1176950,0
1177000,0
1177050,0
1177100,0
1177150,0
1177200,0
1177250,0
1177300,0
1177350,0
1177400,0
1177450,0
1177500,0
1177550,0
1177600,0
1177650,0
1177700,0
1177750,0
1177800,0
1177850,0
1177900,0
1177950,0
1178000,0
1178050,0
1178100,0
1178150,0
1178200,0
1178250,0
1178300,0
1178350,0
1178400,0
1178450,0
1178500,0
1178550,0
1178600,0
1178650,0
1178700,0
1178750,0
1178800,0
1178850,0
1178900,0
1178950,0
1179000,0
1179050,0
1179100,0
1179150,0
1179200,0
1179250,0
1179300,0
1179350,0
1179400,0
1179450,0
1179500,0
1179550,0
1179600,0
1179650,0
1179700,0
1179750,0
1179800,0
1179850,0
1179900,0
1179950,0
1180000,0
1180050,0
1180100,0
1180150,0
1180200,0
1180250,0
1180300,0
1180350,0
1180400,0
1180450,0
1180500,0
1180550,0
1180600,0
1180650,0
1180700,0
1180750,0
1180800,0
1180850,0
1180900,0
1180950,0
1181000,0
1181050,0
1181100,0
1181150,0
1181200,0
1181250,0
1181300,0
1181350,0
1181400,0
1181450,0
1181500,0
1181550,0
1181600,0
1181650,0
1181700,0
1181750,0
1181800,0
1181850,0
1181900,0
1181950,0
1182000,0
1182050,0
1182100,0
1182150,0
1182200,0
1182250,0
1182300,0
1182350,0
1182400,0
1182450,0
1182500,0
1182550,0
1182600,0
1182650,0
1182700,0
1182750,0
1182800,0
1182850,0
1182900,0
1182950,0
1183000,0
1183050,0
1183100,0
1183150,0
1183200,0
1183250,0
1183300,0
1183350,0
1183400,0
1183450,0
1183500,0
1183550,0
1183600,0
1183650,0
1183700,0
1183750,0
1183800,0
1183850,0
1183900,0
1183950,0
1184000,0
1184050,0
1184100,0
1184150,0
1184200,0
1184250,0
1184300,0
1184350,0
1184400,0
1184450,0
1184500,0
1184550,0
1184600,0
1184650,0
1184700,0
1184750,0
1184800,0
1184850,0
1184900,0
1184950,0
1185000,0
1185050,0
1185100,0
1185150,0
1185200,0
1185250,0
1185300,0
1185350,0
1185400,0
1185450,0
1185500,0
1185550,0
1185600,0
1185650,0
1185700,0
1185750,0
1185800,0
1185850,0
1185900,0
1185950,0
1186000,0
1186050,0
1186100,0
1186150,0
1186200,0
1186250,0
1186300,0
1186350,0
1186400,0
1186450,0
1186500,0
1186550,0
1186600,0
1186650,0
1186700,0
1186750,0
1186800,0
1186850,0
1186900,0
1186950,0
1187000,0
1187050,0
1187100,0
1187150,0
1187200,0
1187250,0
1187300,0
1187350,0
1187400,0
1187450,0
1187500,0
1187550,0
1187600,0
1187650,0
1187700,0
1187750,0
1187800,0
1187850,0
1187900,0
1187950,0
1188000,0
1188050,0
1188100,0
1188150,0
1188200,0
1188250,0
1188300,0
1188350,0
1188400,0
1188450,0
1188500,0
1188550,0
1188600,0
1188650,0
1188700,0
1188750,0
1188800,0
1188850,0
1188900,0
1188950,0
1189000,0
1189050,0
1189100,0
1189150,0
1189200,0
1189250,0
1189300,0
1189350,0
1189400,0
1189450,0
1189500,0
1189550,0
1189600,0
1189650,0
1189700,0
1189750,0
1189800,0
1189850,0
1189900,0
1189950,0
1190000,0
1190050,0
1190100,0
1190150,0
1190200,0
1190250,0
1190300,0
1190350,0
1190400,0
1190450,0
1190500,0
1190550,0
1190600,0
1190650,0
1190700,0
1190750,0
1190800,0
1190850,0
1190900,0
1190950,0
1191000,0
1191050,0
1191100,0
1191150,0
1191200,0
1191250,0
1191300,0
1191350,0
1191400,0
1191450,0
1191500,0
1191550,0
1191600,0
1191650,0
1191700,0
1191750,0
1191800,0
1191850,0
1191900,0
1191950,0
1192000,0
1192050,0
1192100,0
1192150,0
1192200,0
1192250,0
1192300,0
1192350,0
1192400,0
1192450,0
1192500,0
1192550,0
1192600,0
1192650,0
1192700,0
1192750,0
1192800,0
1192850,0
1192900,0
1192950,0
1193000,0
1193050,0
1193100,0
1193150,0
1193200,0
1193250,0
1193300,0
1193350,0
1193400,0
1193450,0
1193500,0
1193550,0
1193600,0
1193650,0
1193700,0
1193750,0
1193800,0
1193850,0
1193900,0
1193950,0
1194000,0
1194050,0
1194100,0
1194150,0
1194200,0
1194250,0
1194300,0
1194350,0
1194400,0
1194450,0
1194500,0
1194550,0
1194600,0
1194650,0
1194700,0
1194750,0
1194800,0
1194850,0
1194900,0
1194950,0
1195000,0
1195050,0
1195100,0
1195150,0
1195200,0
1195250,0
1195300,0
1195350,0
1195400,0
1195450,0
1195500,0
1195550,0
1195600,0
1195650,0
1195700,0
1195750,0
1195800,0
1195850,0
1195900,0
1195950,0
1196000,0
1196050,0
1196100,0
1196150,0
1196200,0
1196250,0
1196300,0
1196350,0
1196400,0
1196450,0
1196500,0
1196550,0
1196600,0
1196650,0
1196700,0
1196750,0
1196800,0
1196850,0
1196900,0
1196950,0
1197000,0
1197050,0
1197100,0
1197150,0
1197200,0
1197250,0
1197300,0
1197350,0
1197400,0
1197450,0
1197500,0
1197550,0
1197600,0
1197650,0
1197700,0
1197750,0
1197800,0
1197850,0
1197900,0
1197950,0
1198000,0
1198050,0
1198100,0
1198150,0
1198200,0
1198250,0
1198300,0
1198350,0
1198400,0
1198450,0
1198500,0
1198550,0
1198600,0
1198650,0
1198700,0
1198750,0
1198800,0
1198850,0
1198900,0
1198950,0
1199000,0
1199050,0
1199100,0
1199150,0
1199200,0
1199250,0
1199300,0
1199350,0
1199400,0
1199450,0
1199500,0
1199550,0
1199600,0
1199650,0
1199700,0
1199750,0
1199800,0
1199850,0
1199900,0
1199950,0
1200000,0
1200050,0
1200100,0
1200150,0
1200200,0
1200250,0
1200300,0
1200350,0
1200400,0
1200450,0
1200500,0
1200550,0
1200600,0
1200650,0
1200700,0
1200750,0
1200800,0
1200850,0
1200900,0
1200950,0
1201000,0
1201050,0
1201100,0
1201150,0
1201200,0
1201250,0
1201300,0
1201350,0
1201400,0
1201450,0
1201500,0
1201550,0
1201600,0
1201650,0
1201700,0
1201750,0
1201800,0
1201850,0
1201900,0
1201950,0
1202000,0
1202050,0
1202100,0
1202150,0
1202200,0
1202250,0
1202300,0
1202350,0
1202400,0
1202450,0
1202500,0
1202550,0
1202600,0
1202650,0
1202700,0
1202750,0
1202800,0
1202850,0
1202900,0
1202950,0
1203000,0
1203050,0
1203100,0
1203150,0
1203200,0
1203250,0
1203300,0
1203350,0
1203400,0
1203450,0
1203500,0
1203550,0
1203600,0
1203650,0
1203700,0
1203750,0
1203800,0
1203850,0
1203900,0
1203950,0
1204000,0
1204050,0
1204100,0
1204150,0
1204200,0
1204250,0
1204300,0
1204350,0
1204400,0
1204450,0
1204500,0
1204550,0
1204600,0
1204650,0
1204700,0
1204750,0
1204800,0
1204850,0
1204900,0
1204950,0
1205000,0
1205050,0
1205100,0
1205150,0
1205200,0
1205250,0
1205300,0
1205350,0
1205400,0
1205450,0
1205500,0
1205550,0
1205600,0
1205650,0
1205700,0
1205750,0
1205800,0
1205850,0
1205900,0
1205950,0
1206000,0
1206050,0
1206100,0
1206150,0
1206200,0
1206250,0
1206300,0
1206350,0
1206400,0
1206450,0
1206500,0
1206550,0
1206600,0
1206650,0
1206700,0
1206750,0
1206800,0
1206850,0
1206900,0
1206950,0
1207000,0
1207050,0
1207100,0
1207150,0
1207200,0
1207250,0
1207300,0
1207350,0
1207400,0
1207450,0
1207500,0
1207550,0
1207600,0
1207650,0
1207700,0
1207750,0
1207800,0
1207850,0
1207900,0
1207950,0
1208000,0
1208050,0
1208100,0
1208150,0
1208200,0
1208250,0
1208300,0
1208350,0
1208400,0
1208450,0
1208500,0
1208550,0
1208600,0
1208650,0
1208700,0
1208750,0
1208800,0
1208850,0
1208900,0
1208950,0
1209000,0
1209050,0
1209100,0
1209150,0
1209200,0
1209250,0
1209300,0
1209350,0
1209400,0
1209450,0
1209500,0
1209550,0
1209600,0
1209650,0
1209700,0
1209750,0
1209800,0
1209850,0
1209900,0
1209950,0
1210000,0
1210050,0
1210100,0
1210150,0
1210200,0
1210250,0
1210300,0
1210350,0
1210400,0
1210450,0
1210500,0
1210550,0
1210600,0
1210650,0
1210700,0
1210750,0
1210800,0
1210850,0
1210900,0
1210950,0
1211000,0
1211050,0
1211100,0
1211150,0
1211200,0
1211250,0
1211300,0
1211350,0
1211400,0
1211450,0
1211500,0
1211550,0
1211600,0
1211650,0
1211700,0
1211750,0
1211800,0
1211850,0
1211900,0
1211950,0
1212000,0
1212050,0
1212100,0
1212150,0
1212200,0
1212250,0
1212300,0
1212350,0
1212400,0
1212450,0
1212500,0
1212550,0
1212600,0
1212650,0
1212700,0
1212750,0
1212800,0
1212850,0
1212900,0
1212950,0
1213000,0
1213050,0
1213100,0
1213150,0
1213200,0
1213250,0
1213300,0
1213350,0
1213400,0
1213450,0
1213500,0
1213550,0
1213600,0
1213650,0
1213700,0
1213750,0
1213800,0
1213850,0
1213900,0
1213950,0
1214000,0
1214050,0
1214100,0
1214150,0
1214200,0
1214250,0
1214300,0
1214350,0
1214400,0
1214450,0
1214500,0
1214550,0
1214600,0
1214650,0
1214700,0
1214750,0
1214800,0
1214850,0
1214900,0
1214950,0
1215000,0
1215050,0
1215100,0
1215150,0
1215200,0
1215250,0
1215300,0
1215350,0
1215400,0
1215450,0
1215500,0
1215550,0
1215600,0
1215650,0
1215700,0
1215750,0
1215800,0
1215850,0
1215900,0
1215950,0
1216000,0
1216050,0
1216100,0
1216150,0
1216200,0
1216250,0
1216300,0
1216350,0
1216400,0
1216450,0
1216500,0
1216550,0
1216600,0
1216650,0
1216700,0
1216750,0
1216800,0
1216850,0
1216900,0
1216950,0
1217000,0
1217050,0
1217100,0
1217150,0
1217200,0
1217250,0
1217300,0
1217350,0
1217400,0
1217450,0
1217500,0
1217550,0
1217600,0
1217650,0
1217700,0
1217750,0
1217800,0
1217850,0
1217900,0
1217950,0
1218000,0
1218050,0
1218100,0
1218150,0
1218200,0
1218250,0
1218300,0
1218350,0
1218400,0
1218450,0
1218500,0
1218550,0
1218600,0
1218650,0
1218700,0
1218750,0
1218800,0
1218850,0
1218900,0
1218950,0
1219000,0
1219050,0
1219100,0
1219150,0
1219200,0
1219250,0
1219300,0
1219350,0
1219400,0
1219450,0
1219500,0
1219550,0
1219600,0
1219650,0
1219700,0
1219750,0
1219800,0
1219850,0
1219900,0
1219950,0
1220000,0
1220050,0
1220100,0
1220150,0
1220200,0
1220250,0
1220300,0
1220350,0
1220400,0
1220450,0
1220500,0
1220550,0
1220600,0
1220650,0
1220700,0
1220750,0
1220800,0
1220850,0
1220900,0
1220950,0
1221000,0
1221050,0
1221100,0
1221150,0
1221200,0
1221250,0
1221300,0
1221350,0
1221400,0
1221450,0
1221500,0
1221550,0
1221600,0
1221650,0
1221700,0
1221750,0
1221800,0
1221850,0
1221900,0
1221950,0
1222000,0
1222050,0
1222100,0
1222150,0
1222200,0
1222250,0
1222300,0
1222350,0
1222400,0
1222450,0
1222500,0
1222550,0
1222600,0
1222650,0
1222700,0
1222750,0
1222800,0
1222850,0
1222900,0
1222950,0
1223000,0
1223050,0
1223100,0
1223150,0
1223200,0
1223250,0
1223300,0
1223350,0
1223400,0
1223450,0
1223500,0
1223550,0
1223600,0
1223650,0
1223700,0
1223750,0
1223800,0
1223850,0
1223900,0
1223950,0
1224000,0
1224050,0
1224100,0
1224150,0
1224200,0
1224250,0
1224300,0
1224350,0
1224400,0
1224450,0
1224500,0
1224550,0
1224600,0
1224650,0
1224700,0
1224750,0
1224800,0
1224850,0
1224900,0
1224950,0
1225000,0
1225050,0
1225100,0
1225150,0
1225200,0
1225250,0
1225300,0
1225350,0
1225400,0
1225450,0
1225500,0
1225550,0
1225600,0
1225650,0
1225700,0
1225750,0
1225800,0
1225850,0
1225900,0
1225950,0
1226000,0
1226050,0
1226100,0
1226150,0
1226200,0
1226250,0
1226300,0
1226350,0
1226400,0
1226450,0
1226500,0
1226550,0
1226600,0
1226650,0
1226700,0
1226750,0
1226800,0
1226850,0
1226900,0
1226950,0
1227000,0
1227050,0
1227100,0
1227150,0
1227200,0
1227250,0
1227300,0
1227350,0
1227400,0
1227450,0
1227500,0
1227550,0
1227600,0
1227650,0
1227700,0
1227750,0
1227800,0
1227850,0
1227900,0
1227950,0
1228000,0
1228050,0
1228100,0
1228150,0
1228200,0
1228250,0
1228300,0
1228350,0
1228400,0
1228450,0
1228500,0
1228550,0
1228600,0
1228650,0
1228700,0
1228750,0
1228800,0
1228850,0
1228900,0
1228950,0
1229000,0
1229050,0
1229100,0
1229150,0
1229200,0
1229250,0
1229300,0
1229350,0
1229400,0
1229450,0
1229500,0
1229550,0
1229600,0
1229650,0
1229700,0
1229750,0
1229800,0
1229850,0
1229900,0
1229950,0
1230000,0
1230050,0
1230100,0
1230150,0
1230200,0
1230250,0
1230300,0
1230350,0
1230400,0
1230450,0
1230500,0
1230550,0
1230600,0
1230650,0
1230700,0
1230750,0
1230800,0
1230850,0
1230900,0
1230950,0
1231000,0
1231050,0
1231100,0
1231150,0
1231200,0
1231250,0
1231300,0
1231350,0
1231400,0
1231450,0
1231500,0
1231550,0
1231600,0
1231650,0
1231700,0
1231750,0
1231800,0
1231850,0
1231900,0
1231950,0
1232000,0
1232050,0
1232100,0
1232150,0
1232200,0
1232250,0
1232300,0
1232350,0
1232400,0
1232450,0
1232500,0
1232550,0
1232600,0
1232650,0
1232700,0
1232750,0
1232800,0
1232850,0
1232900,0
1232950,0
1233000,0
1233050,0
1233100,0
1233150,0
1233200,0
1233250,0
1233300,0
1233350,0
1233400,0
1233450,0
1233500,0
1233550,0
1233600,0
1233650,0
1233700,0
1233750,0
1233800,0
1233850,0
1233900,0
1233950,0
1234000,0
1234050,0
1234100,0
1234150,0
1234200,0
1234250,0
1234300,0
1234350,0
1234400,0
1234450,0
1234500,0
1234550,0
1234600,0
1234650,0
1234700,0
1234750,0
1234800,0
1234850,0
1234900,0
1234950,0
1235000,0
1235050,0
1235100,0
1235150,0
1235200,0
1235250,0
1235300,0
1235350,0
1235400,0
1235450,0
1235500,0
1235550,0
1235600,0
1235650,0
1235700,0
1235750,0
1235800,0
1235850,0
1235900,0
1235950,0
1236000,0
1236050,0
1236100,0
1236150,0
1236200,0
1236250,0
1236300,0
1236350,0
1236400,0
1236450,0
1236500,0
1236550,0
1236600,0
1236650,0
1236700,0
1236750,0
1236800,0
1236850,0
1236900,0
1236950,0
1237000,0
1237050,0
1237100,0
1237150,0
1237200,0
1237250,0
1237300,0
1237350,0
1237400,0
1237450,0
1237500,0
1237550,0
1237600,0
1237650,0
1237700,0
1237750,0
1237800,0
1237850,0
1237900,0
1237950,0
1238000,0
1238050,0
1238100,0
1238150,0
1238200,0
1238250,0
1238300,0
1238350,0
1238400,0
1238450,0
1238500,0
1238550,0
1238600,0
1238650,0
1238700,0
1238750,0
1238800,0
1238850,0
1238900,0
1238950,0
1239000,0
1239050,0
1239100,0
1239150,0
1239200,0
1239250,0
1239300,0
1239350,0
1239400,0
1239450,0
1239500,0
1239550,0
1239600,0
1239650,0
1239700,0
1239750,0
1239800,0
1239850,0
1239900,0
1239950,0
1240000,0
1240050,0
1240100,0
1240150,0
1240200,0
1240250,0
1240300,0
1240350,0
1240400,0
1240450,0
1240500,0
1240550,0
1240600,0
1240650,0
1240700,0
1240750,0
1240800,0
1240850,0
1240900,0
1240950,0
1241000,0
1241050,0
1241100,0
1241150,0
1241200,0
1241250,0
1241300,0
1241350,0
1241400,0
1241450,0
1241500,0
1241550,0
1241600,0
1241650,0
1241700,0
1241750,0
1241800,0
1241850,0
1241900,0
1241950,0
1242000,0
1242050,0
1242100,0
1242150,0
1242200,0
1242250,0
1242300,0
1242350,0
1242400,0
1242450,0
1242500,0
1242550,0
1242600,0
1242650,0
1242700,0
1242750,0
1242800,0
1242850,0
1242900,0
1242950,0
1243000,0
1243050,0
1243100,0
1243150,0
1243200,0
1243250,0
1243300,0
1243350,0
1243400,0
1243450,0
1243500,0
1243550,0
1243600,0
1243650,0
1243700,0
1243750,0
1243800,0
1243850,0
1243900,0
1243950,0
1244000,0
1244050,0
1244100,0
1244150,0
1244200,0
1244250,0
1244300,0
1244350,0
1244400,0
1244450,0
1244500,0
1244550,0
1244600,0
1244650,0
1244700,0
1244750,0
1244800,0
1244850,0
1244900,0
1244950,0
1245000,0
1245050,0
1245100,0
1245150,0
1245200,0
1245250,0
1245300,0
1245350,0
1245400,0
1245450,0
1245500,0
1245550,0
1245600,0
1245650,0
1245700,0
1245750,0
1245800,0
1245850,0
1245900,0
1245950,0
1246000,0
1246050,0
1246100,0
1246150,0
1246200,0
1246250,0
1246300,0
1246350,0
1246400,0
1246450,0
1246500,0
1246550,0
1246600,0
1246650,0
1246700,0
1246750,0
1246800,0
1246850,0
1246900,0
1246950,0
1247000,0
1247050,0
1247100,0
1247150,0
1247200,0
1247250,0
1247300,0
1247350,0
1247400,0
1247450,0
1247500,0
1247550,0
1247600,0
1247650,0
1247700,0
1247750,0
1247800,0
1247850,0
1247900,0
1247950,0
1248000,0
1248050,0
1248100,0
1248150,0
1248200,0
1248250,0
1248300,0
1248350,0
1248400,0
1248450,0
1248500,0
1248550,0
1248600,0
1248650,0
1248700,0
1248750,0
1248800,0
1248850,0
1248900,0
1248950,0
1249000,0
1249050,0
1249100,0
1249150,0
1249200,0
1249250,0
1249300,0
1249350,0
1249400,0
1249450,0
1249500,0
1249550,0
1249600,0
1249650,0
1249700,0
1249750,0
1249800,0
1249850,0
1249900,0
1249950,0
1250000,0
1250050,0
1250100,0
1250150,0
1250200,0
1250250,0
1250300,0
1250350,0
1250400,0
1250450,0
1250500,0
1250550,0
1250600,0
1250650,0
1250700,0
1250750,0
1250800,0
1250850,0
1250900,0
1250950,0
1251000,0
1251050,0
1251100,0
1251150,0
1251200,0
1251250,0
1251300,0
1251350,0
1251400,0
1251450,0
1251500,0
1251550,0
1251600,0
1251650,0
1251700,0
1251750,0
1251800,0
1251850,0
1251900,0
1251950,0
1252000,0
1252050,0
1252100,0
1252150,0
1252200,0
1252250,0
1252300,0
1252350,0
1252400,0
1252450,0
1252500,0
1252550,0
1252600,0
1252650,0
1252700,0
1252750,0
1252800,0
1252850,0
1252900,0
1252950,0
1253000,0
1253050,0
1253100,0
1253150,0
1253200,0
1253250,0
1253300,0
1253350,0
1253400,0
1253450,0
1253500,0
1253550,0
1253600,0
1253650,0
1253700,0
1253750,0
1253800,0
1253850,0
1253900,0
1253950,0
1254000,0
1254050,0
1254100,0
1254150,0
1254200,0
1254250,0
1254300,0
1254350,0
1254400,0
1254450,0
1254500,0
1254550,0
1254600,0
1254650,0
1254700,0
1254750,0
1254800,0
1254850,0
1254900,0
1254950,0
1255000,0
1255050,0
1255100,0
1255150,0
1255200,0
1255250,0
1255300,0
1255350,0
1255400,0
1255450,0
1255500,0
1255550,0
1255600,0
1255650,0
1255700,0
1255750,0
1255800,0
1255850,0
1255900,0
1255950,0
1256000,0
1256050,0
1256100,0
1256150,0
1256200,0
1256250,0
1256300,0
1256350,0
1256400,0
1256450,0
1256500,0
1256550,0
1256600,0
1256650,0
1256700,0
1256750,0
1256800,0
1256850,0
1256900,0
1256950,0
1257000,0
1257050,0
1257100,0
1257150,0
1257200,0
1257250,0
1257300,0
1257350,0
1257400,0
1257450,0
1257500,0
1257550,0
1257600,0
1257650,0
1257700,0
1257750,0
1257800,0
1257850,0
1257900,0
1257950,0
1258000,0
1258050,0
1258100,0
1258150,0
1258200,0
1258250,0
1258300,0
1258350,0
1258400,0
1258450,0
1258500,0
1258550,0
1258600,0
1258650,0
1258700,0
1258750,0
1258800,0
1258850,0
1258900,0
1258950,0
1259000,0
1259050,0
1259100,0
1259150,0
1259200,0
1259250,0
1259300,0
1259350,0
1259400,0
1259450,0
1259500,0
1259550,0
1259600,0
1259650,0
1259700,0
1259750,0
1259800,0
1259850,0
1259900,0
1259950,0
1260000,0
1260050,0
1260100,0
1260150,0
1260200,0
1260250,0
1260300,0
1260350,0
1260400,0
1260450,0
1260500,0
1260550,0
1260600,0
1260650,0
1260700,0
1260750,0
1260800,0
1260850,0
1260900,0
1260950,0
1261000,0
1261050,0
1261100,0
1261150,0
1261200,0
1261250,0
1261300,0
1261350,0
1261400,0
1261450,0
1261500,0
1261550,0
1261600,0
1261650,0
1261700,0
1261750,0
1261800,0
1261850,0
1261900,0
1261950,0
1262000,0
1262050,0
1262100,0
1262150,0
1262200,0
1262250,0
1262300,0
1262350,0
1262400,0
1262450,0
1262500,0
1262550,0
1262600,0
1262650,0
1262700,0
1262750,0
1262800,0
1262850,0
1262900,0
1262950,0
1263000,0
1263050,0
1263100,0
1263150,0
1263200,0
1263250,0
1263300,0
1263350,0
1263400,0
1263450,0
1263500,0
1263550,0
1263600,0
1263650,0
1263700,0
1263750,0
1263800,0
1263850,0
1263900,0
1263950,0
1264000,0
1264050,0
1264100,0
1264150,0
1264200,0
1264250,0
1264300,0
1264350,0
1264400,0
1264450,0
1264500,0
1264550,0
1264600,0
1264650,0
1264700,0
1264750,0
1264800,0
1264850,0
1264900,0
1264950,0
1265000,0
1265050,0
1265100,0
1265150,0
1265200,0
1265250,0
1265300,0
1265350,0
1265400,0
1265450,0
1265500,0
1265550,0
1265600,0
1265650,0
1265700,0
1265750,0
1265800,0
1265850,0
1265900,0
1265950,0
1266000,0
1266050,0
1266100,0
1266150,0
1266200,0
1266250,0
1266300,0
1266350,0
1266400,0
1266450,0
1266500,0
1266550,0
1266600,0
1266650,0
1266700,0
1266750,0
1266800,0
1266850,0
1266900,0
1266950,0
1267000,0
1267050,0
1267100,0
1267150,0
1267200,0
1267250,0
1267300,0
1267350,0
1267400,0
1267450,0
1267500,0
1267550,0
1267600,0
1267650,0
1267700,0
1267750,0
1267800,0
1267850,0
1267900,0
1267950,0
1268000,0
1268050,0
1268100,0
1268150,0
1268200,0
1268250,0
1268300,0
1268350,0
1268400,0
1268450,0
1268500,0
1268550,0
1268600,0
1268650,0
1268700,0
1268750,0
1268800,0
1268850,0
1268900,0
1268950,0
1269000,0
1269050,0
1269100,0
1269150,0
1269200,0
1269250,0
1269300,0
1269350,0
1269400,0
1269450,0
1269500,0
1269550,0
1269600,0
1269650,0
1269700,0
1269750,0
1269800,0
1269850,0
1269900,0
1269950,0
1270000,0
1270050,0
1270100,0
1270150,0
1270200,0
1270250,0
1270300,0
1270350,0
1270400,0
1270450,0
1270500,0
1270550,0
1270600,0
1270650,0
1270700,0
1270750,0
1270800,0
1270850,0
1270900,0
1270950,0
1271000,0
1271050,0
1271100,0
1271150,0
1271200,0
1271250,0
1271300,0
1271350,0
1271400,0
1271450,0
1271500,0
1271550,0
1271600,0
1271650,0
1271700,0
1271750,0
1271800,0
1271850,0
1271900,0
1271950,0
1272000,0
1272050,0
1272100,0
1272150,0
1272200,0
1272250,0
1272300,0
1272350,0
1272400,0
1272450,0
1272500,0
1272550,0
1272600,0
1272650,0
1272700,0
1272750,0
1272800,0
1272850,0
1272900,0
1272950,0
1273000,0
1273050,0
1273100,0
1273150,0
1273200,0
1273250,0
1273300,0
1273350,0
1273400,0
1273450,0
1273500,0
1273550,0
1273600,0
1273650,0
1273700,0
1273750,0
1273800,0
1273850,0
1273900,0
1273950,0
1274000,0
1274050,0
1274100,0
1274150,0
1274200,0
1274250,0
1274300,0
1274350,0
1274400,0
1274450,0
1274500,0
1274550,0
1274600,0
1274650,0
1274700,0
1274750,0
1274800,0
1274850,0
1274900,0
1274950,0
1275000,0
1275050,0
1275100,0
1275150,0
1275200,0
1275250,0
1275300,0
1275350,0
1275400,0
1275450,0
1275500,0
1275550,0
1275600,0
1275650,0
1275700,0
1275750,0
1275800,0
1275850,0
1275900,0
1275950,0
1276000,0
1276050,0
1276100,0
1276150,0
1276200,0
1276250,0
1276300,0
1276350,0
1276400,0
1276450,0
1276500,0
1276550,0
1276600,0
1276650,0
1276700,0
1276750,0
1276800,0
1276850,0
1276900,0
1276950,0
1277000,0
1277050,0
1277100,0
1277150,0
1277200,0
1277250,0
1277300,0
1277350,0
1277400,0
1277450,0
1277500,0
1277550,0
1277600,0
1277650,0
1277700,0
1277750,0
1277800,0
1277850,0
1277900,0
1277950,0
1278000,0
1278050,0
1278100,0
1278150,0
1278200,0
1278250,0
1278300,0
1278350,0
1278400,0
1278450,0
1278500,0
1278550,0
1278600,0
1278650,0
1278700,0
1278750,0
1278800,0
1278850,0
1278900,0
1278950,0
1279000,0
1279050,0
1279100,0
1279150,0
1279200,0
1279250,0
1279300,0
1279350,0
1279400,0
1279450,0
1279500,0
1279550,0
1279600,0
1279650,0
1279700,0
1279750,0
1279800,0
1279850,0
1279900,0
1279950,0
1280000,0
1280050,0
1280100,0
1280150,0
1280200,0
1280250,0
1280300,0
1280350,0
1280400,0
1280450,0
1280500,0
1280550,0
1280600,0
1280650,0
1280700,0
1280750,0
1280800,0
1280850,0
1280900,0
1280950,0
1281000,0
1281050,0
1281100,0
1281150,0
1281200,0
1281250,0
1281300,0
1281350,0
1281400,0
1281450,0
1281500,0
1281550,0
1281600,0
1281650,0
1281700,0
1281750,0
1281800,0
1281850,0
1281900,0
1281950,0
1282000,0
1282050,0
1282100,0
1282150,0
1282200,0
1282250,0
1282300,0
1282350,0
1282400,0
1282450,0
1282500,0
1282550,0
1282600,0
1282650,0
1282700,0
1282750,0
1282800,0
1282850,0
1282900,0
1282950,0
1283000,0
1283050,0
1283100,0
1283150,0
1283200,0
1283250,0
1283300,0
1283350,0
1283400,0
1283450,0
1283500,0
1283550,0
1283600,0
1283650,0
1283700,0
1283750,0
1283800,0
1283850,0
1283900,0
1283950,0
1284000,0
1284050,0
1284100,0
1284150,0
1284200,0
1284250,0
1284300,0
1284350,0
1284400,0
1284450,0
1284500,0
1284550,0
1284600,0
1284650,0
1284700,0
1284750,0
1284800,0
1284850,0
1284900,0
1284950,0
1285000,0
1285050,0
1285100,0
1285150,0
1285200,0
1285250,0
1285300,0
1285350,0
1285400,0
1285450,0
1285500,0
1285550,0
1285600,0
1285650,0
1285700,0
1285750,0
1285800,0
1285850,0
1285900,0
1285950,0
1286000,0
1286050,0
1286100,0
1286150,0
1286200,0
1286250,0
1286300,0
1286350,0
1286400,0
1286450,0
1286500,0
1286550,0
1286600,0
1286650,0
1286700,0
1286750,0
1286800,0
1286850,0
1286900,0
1286950,0
1287000,0
1287050,0
1287100,0
1287150,0
1287200,0
1287250,0
1287300,0
1287350,0
1287400,0
1287450,0
1287500,0
1287550,0
1287600,0
1287650,0
1287700,0
1287750,0
1287800,0
1287850,0
1287900,0
1287950,0
1288000,0
1288050,0
1288100,0
1288150,0
1288200,0
1288250,0
1288300,0
1288350,0
1288400,0
1288450,0
1288500,0
1288550,0
1288600,0
1288650,0
1288700,0
1288750,0
1288800,0
1288850,0
1288900,0
1288950,0
1289000,0
1289050,0
1289100,0
1289150,0
1289200,0
1289250,0
1289300,0
1289350,0
1289400,0
1289450,0
1289500,0
1289550,0
1289600,0
1289650,0
1289700,0
1289750,0
1289800,0
1289850,0
1289900,0
1289950,0
1290000,0
1290050,0
1290100,0
1290150,0
1290200,0
1290250,0
1290300,0
1290350,0
1290400,0
1290450,0
1290500,0
1290550,0
1290600,0
1290650,0
1290700,0
1290750,0
1290800,0
1290850,0
1290900,0
1290950,0
1291000,0
1291050,0
1291100,0
1291150,0
1291200,0
1291250,0
1291300,0
1291350,0
1291400,0
1291450,0
1291500,0
1291550,0
1291600,0
1291650,0
1291700,0
1291750,0
1291800,0
1291850,0
1291900,0
1291950,0
1292000,0
1292050,0
1292100,0
1292150,0
1292200,0
1292250,0
1292300,0
1292350,0
1292400,0
1292450,0
1292500,0
1292550,0
1292600,0
1292650,0
1292700,0
1292750,0
1292800,0
1292850,0
1292900,0
1292950,0
1293000,0
1293050,0
1293100,0
1293150,0
1293200,0
1293250,0
1293300,0
1293350,0
1293400,0
1293450,0
1293500,0
1293550,0
1293600,0
1293650,0
1293700,0
1293750,0
1293800,0
1293850,0
1293900,0
1293950,0
1294000,0
1294050,0
1294100,0
1294150,0
1294200,0
1294250,0
1294300,0
1294350,0
1294400,0
1294450,0
1294500,0
1294550,0
1294600,0
1294650,0
1294700,0
1294750,0
1294800,0
1294850,0
1294900,0
1294950,0
1295000,0
1295050,0
1295100,0
1295150,0
1295200,0
1295250,0
1295300,0
1295350,0
1295400,0
1295450,0
1295500,0
1295550,0
1295600,0
1295650,0
1295700,0
1295750,0
1295800,0
1295850,0
1295900,0
1295950,0
1296000,0
1296050,0
1296100,0
1296150,0
1296200,0
1296250,0
1296300,0
1296350,0
1296400,0
1296450,0
1296500,0
1296550,0
1296600,0
1296650,0
1296700,0
1296750,0
1296800,0
1296850,0
1296900,0
1296950,0
1297000,0
1297050,0
1297100,0
1297150,0
1297200,0
1297250,0
1297300,0
1297350,0
1297400,0
1297450,0
1297500,0
1297550,0
1297600,0
1297650,0
1297700,0
1297750,0
1297800,0
1297850,0
1297900,0
1297950,0
1298000,0
1298050,0
1298100,0
1298150,0
1298200,0
1298250,0
1298300,0
1298350,0
1298400,0
1298450,0
1298500,0
1298550,0
1298600,0
1298650,0
1298700,0
1298750,0
1298800,0
1298850,0
1298900,0
1298950,0
1299000,0
1299050,0
1299100,0
1299150,0
1299200,0
1299250,0
1299300,0
1299350,0
1299400,0
1299450,0
1299500,0
1299550,0
1299600,0
1299650,0
1299700,0
1299750,0
1299800,0
1299850,0
1299900,0
1299950,0
1300000,0
1300050,0
1300100,0
1300150,0
1300200,0
1300250,0
1300300,0
1300350,0
1300400,0
1300450,0
1300500,0
1300550,0
1300600,0
1300650,0
1300700,0
1300750,0
1300800,0
1300850,0
1300900,0
1300950,0
1301000,0
1301050,0
1301100,0
1301150,0
1301200,0
1301250,0
1301300,0
1301350,0
1301400,0
1301450,0
1301500,0
1301550,0
1301600,0
1301650,0
1301700,0
1301750,0
1301800,0
1301850,0
1301900,0
1301950,0
1302000,0
1302050,0
1302100,0
1302150,0
1302200,0
1302250,0
1302300,0
1302350,0
1302400,0
1302450,0
1302500,0
1302550,0
1302600,0
1302650,0
1302700,0
1302750,0
1302800,0
1302850,0
1302900,0
1302950,0
1303000,0
1303050,0
1303100,0
1303150,0
1303200,0
1303250,0
1303300,0
1303350,0
1303400,0
1303450,0
1303500,0
1303550,0
1303600,0
1303650,0
1303700,0
1303750,0
1303800,0
1303850,0
1303900,0
1303950,0
1304000,0
1304050,0
1304100,0
1304150,0
1304200,0
1304250,0
1304300,0
1304350,0
1304400,0
1304450,0
1304500,0
1304550,0
1304600,0
1304650,0
1304700,0
1304750,0
1304800,0
1304850,0
1304900,0
1304950,0
1305000,0
1305050,0
1305100,0
1305150,0
1305200,0
1305250,0
1305300,0
1305350,0
1305400,0
1305450,0
1305500,0
1305550,0
1305600,0
1305650,0
1305700,0
1305750,0
1305800,0
1305850,0
1305900,0
1305950,0
1306000,0
1306050,0
1306100,0
1306150,0
1306200,0
1306250,0
1306300,0
1306350,0
1306400,0
1306450,0
1306500,0
1306550,0
1306600,0
1306650,0
1306700,0
1306750,0
1306800,0
1306850,0
1306900,0
1306950,0
1307000,0
1307050,0
1307100,0
1307150,0
1307200,0
1307250,0
1307300,0
1307350,0
1307400,0
1307450,0
1307500,0
1307550,0
1307600,0
1307650,0
1307700,0
1307750,0
1307800,0
1307850,0
1307900,0
1307950,0
1308000,0
1308050,0
1308100,0
1308150,0
1308200,0
1308250,0
1308300,0
1308350,0
1308400,0
1308450,0
1308500,0
1308550,0
1308600,0
1308650,0
1308700,0
1308750,0
1308800,0
1308850,0
1308900,0
1308950,0
1309000,0
1309050,0
1309100,0
1309150,0
1309200,0
1309250,0
1309300,0
1309350,0
1309400,0
1309450,0
1309500,0
1309550,0
1309600,0
1309650,0
1309700,0
1309750,0
1309800,0
1309850,0
1309900,0
1309950,0
1310000,0
1310050,0
1310100,0
1310150,0
1310200,0
1310250,0
1310300,0
1310350,0
1310400,0
1310450,0
1310500,0
1310550,0
1310600,0
1310650,0
1310700,0
1310750,0
1310800,0
1310850,0
1310900,0
1310950,0
1311000,0
1311050,0
1311100,0
1311150,0
1311200,0
1311250,0
1311300,0
1311350,0
1311400,0
1311450,0
1311500,0
1311550,0
1311600,0
1311650,0
1311700,0
1311750,0
1311800,0
1311850,0
1311900,0
1311950,0
1312000,0
1312050,0
1312100,0
1312150,0
1312200,0
1312250,0
1312300,0
1312350,0
1312400,0
1312450,0
1312500,0
1312550,0
1312600,0
1312650,0
1312700,0
1312750,0
1312800,0
1312850,0
1312900,0
1312950,0
1313000,0
1313050,0
1313100,0
1313150,0
1313200,0
1313250,0
1313300,0
1313350,0
1313400,0
1313450,0
1313500,0
1313550,0
1313600,0
1313650,0
1313700,0
1313750,0
1313800,0
1313850,0
1313900,0
1313950,0
1314000,0
1314050,0
1314100,0
1314150,0
1314200,0
1314250,0
1314300,0
1314350,0
1314400,0
1314450,0
1314500,0
1314550,0
1314600,0
1314650,0
1314700,0
1314750,0
1314800,0
1314850,0
1314900,0
1314950,0
1315000,0
1315050,0
1315100,0
1315150,0
1315200,0
1315250,0
1315300,0
1315350,0
1315400,0
1315450,0
1315500,0
1315550,0
1315600,0
1315650,0
1315700,0
1315750,0
1315800,0
1315850,0
1315900,0
1315950,0
1316000,0
1316050,0
1316100,0
1316150,0
1316200,0
1316250,0
1316300,0
1316350,0
1316400,0
1316450,0
1316500,0
1316550,0
1316600,0
1316650,0
1316700,0
1316750,0
1316800,0
1316850,0
1316900,0
1316950,0
1317000,0
1317050,0
1317100,0
1317150,0
1317200,0
1317250,0
1317300,0
1317350,0
1317400,0
1317450,0
1317500,0
1317550,0
1317600,0
1317650,0
1317700,0
1317750,0
1317800,0
1317850,0
1317900,0
1317950,0
1318000,0
1318050,0
1318100,0
1318150,0
1318200,0
1318250,0
1318300,0
1318350,0
1318400,0
1318450,0
1318500,0
1318550,0
1318600,0
1318650,0
1318700,0
1318750,0
1318800,0
1318850,0
1318900,0
1318950,0
1319000,0
1319050,0
1319100,0
1319150,0
1319200,0
1319250,0
1319300,0
1319350,0
1319400,0
1319450,0
1319500,0
1319550,0
1319600,0
1319650,0
1319700,0
1319750,0
1319800,0
1319850,0
1319900,0
1319950,0
1320000,0
1320050,0
1320100,0
1320150,0
1320200,0
1320250,0
1320300,0
1320350,0
1320400,0
1320450,0
1320500,0
1320550,0
1320600,0
1320650,0
1320700,0
1320750,0
1320800,0
1320850,0
1320900,0
1320950,0
1321000,0
1321050,0
1321100,0
1321150,0
1321200,0
1321250,0
1321300,0
1321350,0
1321400,0
1321450,0
1321500,0
1321550,0
1321600,0
1321650,0
1321700,0
1321750,0
1321800,0
1321850,0
1321900,0
1321950,0
1322000,0
1322050,0
1322100,0
1322150,0
1322200,0
1322250,0
1322300,0
1322350,0
1322400,0
1322450,0
1322500,0
1322550,0
1322600,0
1322650,0
1322700,0
1322750,0
1322800,0
1322850,0
1322900,0
1322950,0
1323000,0
1323050,0
1323100,0
1323150,0
1323200,0
1323250,0
1323300,0
1323350,0
1323400,0
1323450,0
1323500,0
1323550,0
1323600,0
1323650,0
1323700,0
1323750,0
1323800,0
1323850,0
1323900,0
1323950,0
1324000,0
1324050,0
1324100,0
1324150,0
1324200,0
1324250,0
1324300,0
1324350,0
1324400,0
1324450,0
1324500,0
1324550,0
1324600,0
1324650,0
1324700,0
1324750,0
1324800,0
1324850,0
1324900,0
1324950,0
1325000,0
1325050,0
1325100,0
1325150,0
1325200,0
1325250,0
1325300,0
1325350,0
1325400,0
1325450,0
1325500,0
1325550,0
1325600,0
1325650,0
1325700,0
1325750,0
1325800,0
1325850,0
1325900,0
1325950,0
1326000,0
1326050,0
1326100,0
1326150,0
1326200,0
1326250,0
1326300,0
1326350,0
1326400,0
1326450,0
1326500,0
1326550,0
1326600,0
1326650,0
1326700,0
1326750,0
1326800,0
1326850,0
1326900,0
1326950,0
1327000,0
1327050,0
1327100,0
1327150,0
1327200,0
1327250,0
1327300,0
1327350,0
1327400,0
1327450,0
1327500,0
1327550,0
1327600,0
1327650,0
1327700,0
1327750,0
1327800,0
1327850,0
1327900,0
1327950,0
1328000,0
1328050,0
1328100,0
1328150,0
1328200,0
1328250,0
1328300,0
1328350,0
1328400,0
1328450,0
1328500,0
1328550,0
1328600,0
1328650,0
1328700,0
1328750,0
1328800,0
1328850,0
1328900,0
1328950,0
1329000,0
1329050,0
1329100,0
1329150,0
1329200,0
1329250,0
1329300,0
1329350,0
1329400,0
1329450,0
1329500,0
1329550,0
1329600,0
1329650,0
1329700,0
1329750,0
1329800,0
1329850,0
1329900,0
1329950,0
1330000,0
1330050,0
1330100,0
1330150,0
1330200,0
1330250,0
1330300,0
1330350,0
1330400,0
1330450,0
1330500,0
1330550,0
1330600,0
1330650,0
1330700,0
1330750,0
1330800,0
1330850,0
1330900,0
1330950,0
1331000,0
1331050,0
1331100,0
1331150,0
1331200,0
1331250,0
1331300,0
1331350,0
1331400,0
1331450,0
1331500,0
1331550,0
1331600,0
1331650,0
1331700,0
1331750,0
1331800,0
1331850,0
1331900,0
1331950,0
1332000,0
1332050,0
1332100,0
1332150,0
1332200,0
1332250,0
1332300,0
1332350,0
1332400,0
1332450,0
1332500,0
1332550,0
1332600,0
1332650,0
1332700,0
1332750,0
1332800,0
1332850,0
1332900,0
1332950,0
1333000,0
1333050,0
1333100,0
1333150,0
1333200,0
1333250,0
1333300,0
1333350,0
1333400,0
1333450,0
1333500,0
1333550,0
1333600,0
1333650,0
1333700,0
1333750,0
1333800,0
1333850,0
1333900,0
1333950,0
1334000,0
1334050,0
1334100,0
1334150,0
1334200,0
1334250,0
1334300,0
1334350,0
1334400,0
1334450,0
1334500,0
1334550,0
1334600,0
1334650,0
1334700,0
1334750,0
1334800,0
1334850,0
1334900,0
1334950,0
1335000,0
1335050,0
1335100,0
1335150,0
1335200,0
1335250,0
1335300,0
1335350,0
1335400,0
1335450,0
1335500,0
1335550,0
1335600,0
1335650,0
1335700,0
1335750,0
1335800,0
1335850,0
1335900,0
1335950,0
1336000,0
1336050,0
1336100,0
1336150,0
1336200,0
1336250,0
1336300,0
1336350,0
1336400,0
1336450,0
1336500,0
1336550,0
1336600,0
1336650,0
1336700,0
1336750,0
1336800,0
1336850,0
1336900,0
1336950,0
1337000,0
1337050,0
1337100,0
1337150,0
1337200,0
1337250,0
1337300,0
1337350,0
1337400,0
1337450,0
1337500,0
1337550,0
1337600,0
1337650,0
1337700,0
1337750,0
1337800,0
1337850,0
1337900,0
1337950,0
1338000,0
1338050,0
1338100,0
1338150,0
1338200,0
1338250,0
1338300,0
1338350,0
1338400,0
1338450,0
1338500,0
1338550,0
1338600,0
1338650,0
1338700,0
1338750,0
1338800,0
1338850,0
1338900,0
1338950,0
1339000,0
1339050,0
1339100,0
1339150,0
1339200,0
1339250,0
1339300,0
1339350,0
1339400,0
1339450,0
1339500,0
1339550,0
1339600,0
1339650,0
1339700,0
1339750,0
1339800,0
1339850,0
1339900,0
1339950,0
1340000,0
1340050,0
1340100,0
1340150,0
1340200,0
1340250,0
1340300,0
1340350,0
1340400,0
1340450,0
1340500,0
1340550,0
1340600,0
1340650,0
1340700,0
1340750,0
1340800,0
1340850,0
1340900,0
1340950,0
1341000,0
1341050,0
1341100,0
1341150,0
1341200,0
1341250,0
1341300,0
1341350,0
1341400,0
1341450,0
1341500,0
1341550,0
1341600,0
1341650,0
1341700,0
1341750,0
1341800,0
1341850,0
1341900,0
1341950,0
1342000,0
1342050,0
1342100,0
1342150,0
1342200,0
1342250,0
1342300,0
1342350,0
1342400,0
1342450,0
1342500,0
1342550,0
1342600,0
1342650,0
1342700,0
1342750,0
1342800,0
1342850,0
1342900,0
1342950,0
1343000,0
1343050,0
1343100,0
1343150,0
1343200,0
1343250,0
1343300,0
1343350,0
1343400,0
1343450,0
1343500,0
1343550,0
1343600,0
1343650,0
1343700,0
1343750,0
1343800,0
1343850,0
1343900,0
1343950,0
1344000,0
1344050,0
1344100,0
1344150,0
1344200,0
1344250,0
1344300,0
1344350,0
1344400,0
1344450,0
1344500,0
1344550,0
1344600,0
1344650,0
1344700,0
1344750,0
1344800,0
1344850,0
1344900,0
1344950,0
1345000,0
1345050,0
1345100,0
1345150,0
1345200,0
1345250,0
1345300,0
1345350,0
1345400,0
1345450,0
1345500,0
1345550,0
1345600,0
1345650,0
1345700,0
1345750,0
1345800,0
1345850,0
1345900,0
1345950,0
1346000,0
1346050,0
1346100,0
1346150,0
1346200,0
1346250,0
1346300,0
1346350,0
1346400,0
1346450,0
1346500,0
1346550,0
1346600,0
1346650,0
1346700,0
1346750,0
1346800,0
1346850,0
1346900,0
1346950,0
1347000,0
1347050,0
1347100,0
1347150,0
1347200,0
1347250,0
1347300,0
1347350,0
1347400,0
1347450,0
1347500,0
1347550,0
1347600,0
1347650,0
1347700,0
1347750,0
1347800,0
1347850,0
1347900,0
1347950,0
1348000,0
1348050,0
1348100,0
1348150,0
1348200,0
1348250,0
1348300,0
1348350,0
1348400,0
1348450,0
1348500,0
1348550,0
1348600,0
1348650,0
1348700,0
1348750,0
1348800,0
1348850,0
1348900,0
1348950,0
1349000,0
1349050,0
1349100,0
1349150,0
1349200,0
1349250,0
1349300,0
1349350,0
1349400,0
1349450,0
1349500,0
1349550,0
1349600,0
1349650,0
1349700,0
1349750,0
1349800,0
1349850,0
1349900,0
1349950,0
1350000,0
1350050,0
1350100,0
1350150,0
1350200,0
1350250,0
1350300,0
1350350,0
1350400,0
1350450,0
1350500,0
1350550,0
1350600,0
1350650,0
1350700,0
1350750,0
1350800,0
1350850,0
1350900,0
1350950,0
1351000,0
1351050,0
1351100,0
1351150,0
1351200,0
1351250,0
1351300,0
1351350,0
1351400,0
1351450,0
1351500,0
1351550,0
1351600,0
1351650,0
1351700,0
1351750,0
1351800,0
1351850,0
1351900,0
1351950,0
1352000,0
1352050,0
1352100,0
1352150,0
1352200,0
1352250,0
1352300,0
1352350,0
1352400,0
1352450,0
1352500,0
1352550,0
1352600,0
1352650,0
1352700,0
1352750,0
1352800,0
1352850,0
1352900,0
1352950,0
1353000,0
1353050,0
1353100,0
1353150,0
1353200,0
1353250,0
1353300,0
1353350,0
1353400,0
1353450,0
1353500,0
1353550,0
1353600,0
1353650,0
1353700,0
1353750,0
1353800,0
1353850,0
1353900,0
1353950,0
1354000,0
1354050,0
1354100,0
1354150,0
1354200,0
1354250,0
1354300,0
1354350,0
1354400,0
1354450,0
1354500,0
1354550,0
1354600,0
1354650,0
1354700,0
1354750,0
1354800,0
1354850,0
1354900,0
1354950,0
1355000,0
1355050,0
1355100,0
1355150,0
1355200,0
1355250,0
1355300,0
1355350,0
1355400,0
1355450,0
1355500,0
1355550,0
1355600,0
1355650,0
1355700,0
1355750,0
1355800,0
1355850,0
1355900,0
1355950,0
1356000,0
1356050,0
1356100,0
1356150,0
1356200,0
1356250,0
1356300,0
1356350,0
1356400,0
1356450,0
1356500,0
1356550,0
1356600,0
1356650,0
1356700,0
1356750,0
1356800,0
1356850,0
1356900,0
1356950,0
1357000,0
1357050,0
1357100,0
1357150,0
1357200,0
1357250,0
1357300,0
1357350,0
1357400,0
1357450,0
1357500,0
1357550,0
1357600,0
1357650,0
1357700,0
1357750,0
1357800,0
1357850,0
1357900,0
1357950,0
1358000,0
1358050,0
1358100,0
1358150,0
1358200,0
1358250,0
1358300,0
1358350,0
1358400,0
1358450,0
1358500,0
1358550,0
1358600,0
1358650,0
1358700,0
1358750,0
1358800,0
1358850,0
1358900,0
1358950,0
1359000,0
1359050,0
1359100,0
1359150,0
1359200,0
1359250,0
1359300,0
1359350,0
1359400,0
1359450,0
1359500,0
1359550,0
1359600,0
1359650,0
1359700,0
1359750,0
1359800,0
1359850,0
1359900,0
1359950,0
1360000,0
1360050,0
1360100,0
1360150,0
1360200,0
1360250,0
1360300,0
1360350,0
1360400,0
1360450,0
1360500,0
1360550,0
1360600,0
1360650,0
1360700,0
1360750,0
1360800,0
1360850,0
1360900,0
1360950,0
1361000,0
1361050,0
1361100,0
1361150,0
1361200,0
1361250,0
1361300,0
1361350,0
1361400,0
1361450,0
1361500,0
1361550,0
1361600,0
1361650,0
1361700,0
1361750,0
1361800,0
1361850,0
1361900,0
1361950,0
1362000,0
1362050,0
1362100,0
1362150,0
1362200,0
1362250,0
1362300,0
1362350,0
1362400,0
1362450,0
1362500,0
1362550,0
1362600,0
1362650,0
1362700,0
1362750,0
1362800,0
1362850,0
1362900,0
1362950,0
1363000,0
1363050,0
1363100,0
1363150,0
1363200,0
1363250,0
1363300,0
1363350,0
1363400,0
1363450,0
1363500,0
1363550,0
1363600,0
1363650,0
1363700,0
1363750,0
1363800,0
1363850,0
1363900,0
1363950,0
1364000,0
1364050,0
1364100,0
1364150,0
1364200,0
1364250,0
1364300,0
1364350,0
1364400,0
1364450,0
1364500,0
1364550,0
1364600,0
1364650,0
1364700,0
1364750,0
1364800,0
1364850,0
1364900,0
1364950,0
1365000,0
1365050,0
1365100,0
1365150,0
1365200,0
1365250,0
1365300,0
1365350,0
1365400,0
1365450,0
1365500,0
1365550,0
1365600,0
1365650,0
1365700,0
1365750,0
1365800,0
1365850,0
1365900,0
1365950,0
1366000,0
1366050,0
1366100,0
1366150,0
1366200,0
1366250,0
1366300,0
1366350,0
1366400,0
1366450,0
1366500,0
1366550,0
1366600,0
1366650,0
1366700,0
1366750,0
1366800,0
1366850,0
1366900,0
1366950,0
1367000,0
1367050,0
1367100,0
1367150,0
1367200,0
1367250,0
1367300,0
1367350,0
1367400,0
1367450,0
1367500,0
1367550,0
1367600,0
1367650,0
1367700,0
1367750,0
1367800,0
1367850,0
1367900,0
1367950,0
1368000,0
1368050,0
1368100,0
1368150,0
1368200,0
1368250,0
1368300,0
1368350,0
1368400,0
1368450,0
1368500,0
1368550,0
1368600,0
1368650,0
1368700,0
1368750,0
1368800,0
1368850,0
1368900,0
1368950,0
1369000,0
1369050,0
1369100,0
1369150,0
1369200,0
1369250,0
1369300,0
1369350,0
1369400,0
1369450,0
1369500,0
1369550,0
1369600,0
1369650,0
1369700,0
1369750,0
1369800,0
1369850,0
1369900,0
1369950,0
1370000,0
1370050,0
1370100,0
1370150,0
1370200,0
1370250,0
1370300,0
1370350,0
1370400,0
1370450,0
1370500,0
1370550,0
1370600,0
1370650,0
1370700,0
1370750,0
1370800,0
1370850,0
1370900,0
1370950,0
1371000,0
1371050,0
1371100,0
1371150,0
1371200,0
1371250,0
1371300,0
1371350,0
1371400,0
1371450,0
1371500,0
1371550,0
1371600,0
1371650,0
1371700,0
1371750,0
1371800,0
1371850,0
1371900,0
1371950,0
1372000,0
1372050,0
1372100,0
1372150,0
1372200,0
1372250,0
1372300,0
1372350,0
1372400,0
1372450,0
1372500,0
1372550,0
1372600,0
1372650,0
1372700,0
1372750,0
1372800,0
1372850,0
1372900,0
1372950,0
1373000,0
1373050,0
1373100,0
1373150,0
1373200,0
1373250,0
1373300,0
1373350,0
1373400,0
1373450,0
1373500,0
1373550,0
1373600,0
1373650,0
1373700,0
1373750,0
1373800,0
1373850,0
1373900,0
1373950,0
1374000,0
1374050,0
1374100,0
1374150,0
1374200,0
1374250,0
1374300,0
1374350,0
1374400,0
1374450,0
1374500,0
1374550,0
1374600,0
1374650,0
1374700,0
1374750,0
1374800,0
1374850,0
1374900,0
1374950,0
1375000,0
1375050,0
1375100,0
1375150,0
1375200,0
1375250,0
1375300,0
1375350,0
1375400,0
1375450,0
1375500,0
1375550,0
1375600,0
1375650,0
1375700,0
1375750,0
1375800,0
1375850,0
1375900,0
1375950,0
1376000,0
1376050,0
1376100,0
1376150,0
1376200,0
1376250,0
1376300,0
1376350,0
1376400,0
1376450,0
1376500,0
1376550,0
1376600,0
1376650,0
1376700,0
1376750,0
1376800,0
1376850,0
1376900,0
1376950,0
1377000,0
1377050,0
1377100,0
1377150,0
1377200,0
1377250,0
1377300,0
1377350,0
1377400,0
1377450,0
1377500,0
1377550,0
1377600,0
1377650,0
1377700,0
1377750,0
1377800,0
1377850,0
1377900,0
1377950,0
1378000,0
1378050,0
1378100,0
1378150,0
1378200,0
1378250,0
1378300,0
1378350,0
1378400,0
1378450,0
1378500,0
1378550,0
1378600,0
1378650,0
1378700,0
1378750,0
1378800,0
1378850,0
1378900,0
1378950,0
1379000,0
1379050,0
1379100,0
1379150,0
1379200,0
1379250,0
1379300,0
1379350,0
1379400,0
1379450,0
1379500,0
1379550,0
1379600,0
1379650,0
1379700,0
1379750,0
1379800,0
1379850,0
1379900,0
1379950,0
1380000,0
1380050,0
1380100,0
1380150,0
1380200,0
1380250,0
1380300,0
1380350,0
1380400,0
1380450,0
1380500,0
1380550,0
1380600,0
1380650,0
1380700,0
1380750,0
1380800,0
1380850,0
1380900,0
1380950,0
1381000,0
1381050,0
1381100,0
1381150,0
1381200,0
1381250,0
1381300,0
1381350,0
1381400,0
1381450,0
1381500,0
1381550,0
1381600,0
1381650,0
1381700,0
1381750,0
1381800,0
1381850,0
1381900,0
1381950,0
1382000,0
1382050,0
1382100,0
1382150,0
1382200,0
1382250,0
1382300,0
1382350,0
1382400,0
1382450,0
1382500,0
1382550,0
1382600,0
1382650,0
1382700,0
1382750,0
1382800,0
1382850,0
1382900,0
1382950,0
1383000,0
1383050,0
1383100,0
1383150,0
1383200,0
1383250,0
1383300,0
1383350,0
1383400,0
1383450,0
1383500,0
1383550,0
1383600,0
1383650,0
1383700,0
1383750,0
1383800,0
1383850,0
1383900,0
1383950,0
1384000,0
1384050,0
1384100,0
1384150,0
1384200,0
1384250,0
1384300,0
1384350,0
1384400,0
1384450,0
1384500,0
1384550,0
1384600,0
1384650,0
1384700,0
1384750,0
1384800,0
1384850,0
1384900,0
1384950,0
1385000,0
1385050,0
1385100,0
1385150,0
1385200,0
1385250,0
1385300,0
1385350,0
1385400,0
1385450,0
1385500,0
1385550,0
1385600,0
1385650,0
1385700,0
1385750,0
1385800,0
1385850,0
1385900,0
1385950,0
1386000,0
1386050,0
1386100,0
1386150,0
1386200,0
1386250,0
1386300,0
1386350,0
1386400,0
1386450,0
1386500,0
1386550,0
1386600,0
1386650,0
1386700,0
1386750,0
1386800,0
1386850,0
1386900,0
1386950,0
1387000,0
1387050,0
1387100,0
1387150,0
1387200,0
1387250,0
1387300,0
1387350,0
1387400,0
1387450,0
1387500,0
1387550,0
1387600,0
1387650,0
1387700,0
1387750,0
1387800,0
1387850,0
1387900,0
1387950,0
1388000,0
1388050,0
1388100,0
1388150,0
1388200,0
1388250,0
1388300,0
1388350,0
1388400,0
1388450,0
1388500,0
1388550,0
1388600,0
1388650,0
1388700,0
1388750,0
1388800,0
1388850,0
1388900,0
1388950,0
1389000,0
1389050,0
1389100,0
1389150,0
1389200,0
1389250,0
1389300,0
1389350,0
1389400,0
1389450,0
1389500,0
1389550,0
1389600,0
1389650,0
1389700,0
1389750,0
1389800,0
1389850,0
1389900,0
1389950,0
1390000,0
1390050,0
1390100,0
1390150,0
1390200,0
1390250,0
1390300,0
1390350,0
1390400,0
1390450,0
1390500,0
1390550,0
1390600,0
1390650,0
1390700,0
1390750,0
1390800,0
1390850,0
1390900,0
1390950,0
1391000,0
1391050,0
1391100,0
1391150,0
1391200,0
1391250,0
1391300,0
1391350,0
1391400,0
1391450,0
1391500,0
1391550,0
1391600,0
1391650,0
1391700,0
1391750,0
1391800,0
1391850,0
1391900,0
1391950,0
1392000,0
1392050,0
1392100,0
1392150,0
1392200,0
1392250,0
1392300,0
1392350,0
1392400,0
1392450,0
1392500,0
1392550,0
1392600,0
1392650,0
1392700,0
1392750,0
1392800,0
1392850,0
1392900,0
1392950,0
1393000,0
1393050,0
1393100,0
1393150,0
1393200,0
1393250,0
1393300,0
1393350,0
1393400,0
1393450,0
1393500,0
1393550,0
1393600,0
1393650,0
1393700,0
1393750,0
1393800,0
1393850,0
1393900,0
1393950,0
1394000,0
1394050,0
1394100,0
1394150,0
1394200,0
1394250,0
1394300,0
1394350,0
1394400,0
1394450,0
1394500,0
1394550,0
1394600,0
1394650,0
1394700,0
1394750,0
1394800,0
1394850,0
1394900,0
1394950,0
1395000,0
1395050,0
1395100,0
1395150,0
1395200,0
1395250,0
1395300,0
1395350,0
1395400,0
1395450,0
1395500,0
1395550,0
1395600,0
1395650,0
1395700,0
1395750,0
1395800,0
1395850,0
1395900,0
1395950,0
1396000,0
1396050,0
1396100,0
1396150,0
1396200,0
1396250,0
1396300,0
1396350,0
1396400,0
1396450,0
1396500,0
1396550,0
1396600,0
1396650,0
1396700,0
1396750,0
1396800,0
1396850,0
1396900,0
1396950,0
1397000,0
1397050,0
1397100,0
1397150,0
1397200,0
1397250,0
1397300,0
1397350,0
1397400,0
1397450,0
1397500,0
1397550,0
1397600,0
1397650,0
1397700,0
1397750,0
1397800,0
1397850,0
1397900,0
1397950,0
1398000,0
1398050,0
1398100,0
1398150,0
1398200,0
1398250,0
1398300,0
1398350,0
1398400,0
1398450,0
1398500,0
1398550,0
1398600,0
1398650,0
1398700,0
1398750,0
1398800,0
1398850,0
1398900,0
1398950,0
1399000,0
1399050,0
1399100,0
1399150,0
1399200,0
1399250,0
1399300,0
1399350,0
1399400,0
1399450,0
1399500,0
1399550,0
1399600,0
1399650,0
1399700,0
1399750,0
1399800,0
1399850,0
1399900,0
1399950,0
1400000,0
1400050,0
1400100,0
1400150,0
1400200,0
1400250,0
1400300,0
1400350,0
1400400,0
1400450,0
1400500,0
1400550,0
1400600,0
1400650,0
1400700,0
1400750,0
1400800,0
1400850,0
1400900,0
1400950,0
1401000,0
1401050,0
1401100,0
1401150,0
1401200,0
1401250,0
1401300,0
1401350,0
1401400,0
1401450,0
1401500,0
1401550,0
1401600,0
1401650,0
1401700,0
1401750,0
1401800,0
1401850,0
1401900,0
1401950,0
1402000,0
1402050,0
1402100,0
1402150,0
1402200,0
1402250,0
1402300,0
1402350,0
1402400,0
1402450,0
1402500,0
1402550,0
1402600,0
1402650,0
1402700,0
1402750,0
1402800,0
1402850,0
1402900,0
1402950,0
1403000,0
1403050,0
1403100,0
1403150,0
1403200,0
1403250,0
1403300,0
1403350,0
1403400,0
1403450,0
1403500,0
1403550,0
1403600,0
1403650,0
1403700,0
1403750,0
1403800,0
1403850,0
1403900,0
1403950,0
1404000,0
1404050,0
1404100,0
1404150,0
1404200,0
1404250,0
1404300,0
1404350,0
1404400,0
1404450,0
1404500,0
1404550,0
1404600,0
1404650,0
1404700,0
1404750,0
1404800,0
1404850,0
1404900,0
1404950,0
1405000,0
1405050,0
1405100,0
1405150,0
1405200,0
1405250,0
1405300,0
1405350,0
1405400,0
1405450,0
1405500,0
1405550,0
1405600,0
1405650,0
1405700,0
1405750,0
1405800,0
1405850,0
1405900,0
1405950,0
1406000,0
1406050,0
1406100,0
1406150,0
1406200,0
1406250,0
1406300,0
1406350,0
1406400,0
1406450,0
1406500,0
1406550,0
1406600,0
1406650,0
1406700,0
1406750,0
1406800,0
1406850,0
1406900,0
1406950,0
1407000,0
1407050,0
1407100,0
1407150,0
1407200,0
1407250,0
1407300,0
1407350,0
1407400,0
1407450,0
1407500,0
1407550,0
1407600,0
1407650,0
1407700,0
1407750,0
1407800,0
1407850,0
1407900,0
1407950,0
1408000,0
1408050,0
1408100,0
1408150,0
1408200,0
1408250,0
1408300,0
1408350,0
1408400,0
1408450,0
1408500,0
1408550,0
1408600,0
1408650,0
1408700,0
1408750,0
1408800,0
1408850,0
1408900,0
1408950,0
1409000,0
1409050,0
1409100,0
1409150,0
1409200,0
1409250,0
1409300,0
1409350,0
1409400,0
1409450,0
1409500,0
1409550,0
1409600,0
1409650,0
1409700,0
1409750,0
1409800,0
1409850,0
1409900,0
1409950,0
1410000,0
1410050,0
1410100,0
1410150,0
1410200,0
1410250,0
1410300,0
1410350,0
1410400,0
1410450,0
1410500,0
1410550,0
1410600,0
1410650,0
1410700,0
1410750,0
1410800,0
1410850,0
1410900,0
1410950,0
1411000,0
1411050,0
1411100,0
1411150,0
1411200,0
1411250,0
1411300,0
1411350,0
1411400,0
1411450,0
1411500,0
1411550,0
1411600,0
1411650,0
1411700,0
1411750,0
1411800,0
1411850,0
1411900,0
1411950,0
1412000,0
1412050,0
1412100,0
1412150,0
1412200,0
1412250,0
1412300,0
1412350,0
1412400,0
1412450,0
1412500,0
1412550,0
1412600,0
1412650,0
1412700,0
1412750,0
1412800,0
1412850,0
1412900,0
1412950,0
1413000,0
1413050,0
1413100,0
1413150,0
1413200,0
1413250,0
1413300,0
1413350,0
1413400,0
1413450,0
1413500,0
1413550,0
1413600,0
1413650,0
1413700,0
1413750,0
1413800,0
1413850,0
1413900,0
1413950,0
1414000,0
1414050,0
1414100,0
1414150,0
1414200,0
1414250,0
1414300,0
1414350,0
1414400,0
1414450,0
1414500,0
1414550,0
1414600,0
1414650,0
1414700,0
1414750,0
1414800,0
1414850,0
1414900,0
1414950,0
1415000,0
1415050,0
1415100,0
1415150,0
1415200,0
1415250,0
1415300,0
1415350,0
1415400,0
1415450,0
1415500,0
1415550,0
1415600,0
1415650,0
1415700,0
1415750,0
1415800,0
1415850,0
1415900,0
1415950,0
1416000,0
1416050,0
1416100,0
1416150,0
1416200,0
1416250,0
1416300,0
1416350,0
1416400,0
1416450,0
1416500,0
1416550,0
1416600,0
1416650,0
1416700,0
1416750,0
1416800,0
1416850,0
1416900,0
1416950,0
1417000,0
1417050,0
1417100,0
1417150,0
1417200,0
1417250,0
1417300,0
1417350,0
1417400,0
1417450,0
1417500,0
1417550,0
1417600,0
1417650,0
1417700,0
1417750,0
1417800,0
1417850,0
1417900,0
1417950,0
1418000,0
1418050,0
1418100,0
1418150,0
1418200,0
1418250,0
1418300,0
1418350,0
1418400,0
1418450,0
1418500,0
1418550,0
1418600,0
1418650,0
1418700,0
1418750,0
1418800,0
1418850,0
1418900,0
1418950,0
1419000,0
1419050,0
1419100,0
1419150,0
1419200,0
1419250,0
1419300,0
1419350,0
1419400,0
1419450,0
1419500,0
1419550,0
1419600,0
1419650,0
1419700,0
1419750,0
1419800,0
1419850,0
1419900,0
1419950,0
1420000,0
1420050,0
1420100,0
1420150,0
1420200,0
1420250,0
1420300,0
1420350,0
1420400,0
1420450,0
1420500,0
1420550,0
1420600,0
1420650,0
1420700,0
1420750,0
1420800,0
1420850,0
1420900,0
1420950,0
1421000,0
1421050,0
1421100,0
1421150,0
1421200,0
1421250,0
1421300,0
1421350,0
1421400,0
1421450,0
1421500,0
1421550,0
1421600,0
1421650,0
1421700,0
1421750,0
1421800,0
1421850,0
1421900,0
1421950,0
1422000,0
1422050,0
1422100,0
1422150,0
1422200,0
1422250,0
1422300,0
1422350,0
1422400,0
1422450,0
1422500,0
1422550,0
1422600,0
1422650,0
1422700,0
1422750,0
1422800,0
1422850,0
1422900,0
1422950,0
1423000,0
1423050,0
1423100,0
1423150,0
1423200,0
1423250,0
1423300,0
1423350,0
1423400,0
1423450,0
1423500,0
1423550,0
1423600,0
1423650,0
1423700,0
1423750,0
1423800,0
1423850,0
1423900,0
1423950,0
1424000,0
1424050,0
1424100,0
1424150,0
1424200,0
1424250,0
1424300,0
1424350,0
1424400,0
1424450,0
1424500,0
1424550,0
1424600,0
1424650,0
1424700,0
1424750,0
1424800,0
1424850,0
1424900,0
1424950,0
1425000,0
1425050,0
1425100,0
1425150,0
1425200,0
1425250,0
1425300,0
1425350,0
1425400,0
1425450,0
1425500,0
1425550,0
1425600,0
1425650,0
1425700,0
1425750,0
1425800,0
1425850,0
1425900,0
1425950,0
1426000,0
1426050,0
1426100,0
1426150,0
1426200,0
1426250,0
1426300,0
1426350,0
1426400,0
1426450,0
1426500,0
1426550,0
1426600,0
1426650,0
1426700,0
1426750,0
1426800,0
1426850,0
1426900,0
1426950,0
1427000,0
1427050,0
1427100,0
1427150,0
1427200,0
1427250,0
1427300,0
1427350,0
1427400,0
1427450,0
1427500,0
1427550,0
1427600,0
1427650,0
1427700,0
1427750,0
1427800,0
1427850,0
1427900,0
1427950,0
1428000,0
1428050,0
1428100,0
1428150,0
1428200,0
1428250,0
1428300,0
1428350,0
1428400,0
1428450,0
1428500,0
1428550,0
1428600,0
1428650,0
1428700,0
1428750,0
1428800,0
1428850,0
1428900,0
1428950,0
1429000,0
1429050,0
1429100,0
1429150,0
1429200,0
1429250,0
1429300,0
1429350,0
1429400,0
1429450,0
1429500,0
1429550,0
1429600,0
1429650,0
1429700,0
1429750,0
1429800,0
1429850,0
1429900,0
1429950,0
1430000,0
1430050,0
1430100,0
1430150,0
1430200,0
1430250,0
1430300,0
1430350,0
1430400,0
1430450,0
1430500,0
1430550,0
1430600,0
1430650,0
1430700,0
1430750,0
1430800,0
1430850,0
1430900,0
1430950,0
1431000,0
1431050,0
1431100,0
1431150,0
1431200,0
1431250,0
1431300,0
1431350,0
1431400,0
1431450,0
1431500,0
1431550,0
1431600,0
1431650,0
1431700,0
1431750,0
1431800,0
1431850,0
1431900,0
1431950,0
1432000,0
1432050,0
1432100,0
1432150,0
1432200,0
1432250,0
1432300,0
1432350,0
1432400,0
1432450,0
1432500,0
1432550,0
1432600,0
1432650,0
1432700,0
1432750,0
1432800,0
1432850,0
1432900,0
1432950,0
1433000,0
1433050,0
1433100,0
1433150,0
1433200,0
1433250,0
1433300,0
1433350,0
1433400,0
1433450,0
1433500,0
1433550,0
1433600,0
1433650,0
1433700,0
1433750,0
1433800,0
1433850,0
1433900,0
1433950,0
1434000,0
1434050,0
1434100,0
1434150,0
1434200,0
1434250,0
1434300,0
1434350,0
1434400,0
1434450,0
1434500,0
1434550,0
1434600,0
1434650,0
1434700,0
1434750,0
1434800,0
1434850,0
1434900,0
1434950,0
1435000,0
1435050,0
1435100,0
1435150,0
1435200,0
1435250,0
1435300,0
1435350,0
1435400,0
1435450,0
1435500,0
1435550,0
1435600,0
1435650,0
1435700,0
1435750,0
1435800,0
1435850,0
1435900,0
1435950,0
1436000,0
1436050,0
1436100,0
1436150,0
1436200,0
1436250,0
1436300,0
1436350,0
1436400,0
1436450,0
1436500,0
1436550,0
1436600,0
1436650,0
1436700,0
1436750,0
1436800,0
1436850,0
1436900,0
1436950,0
1437000,0
1437050,0
1437100,0
1437150,0
1437200,0
1437250,0
1437300,0
1437350,0
1437400,0
1437450,0
1437500,0
1437550,0
1437600,0
1437650,0
1437700,0
1437750,0
1437800,0
1437850,0
1437900,0
1437950,0
1438000,0
1438050,0
1438100,0
1438150,0
1438200,0
1438250,0
1438300,0
1438350,0
1438400,0
1438450,0
1438500,0
1438550,0
1438600,0
1438650,0
1438700,0
1438750,0
1438800,0
1438850,0
1438900,0
1438950,0
1439000,0
1439050,0
1439100,0
1439150,0
1439200,0
1439250,0
1439300,0
1439350,0
1439400,0
1439450,0
1439500,0
1439550,0
1439600,0
1439650,0
1439700,0
1439750,0
1439800,0
1439850,0
1439900,0
1439950,0
1440000,0
1440050,0
1440100,0
1440150,0
1440200,0
1440250,0
1440300,0
1440350,0
1440400,0
1440450,0
1440500,0
1440550,0
1440600,0
1440650,0
1440700,0
1440750,0
1440800,0
1440850,0
1440900,0
1440950,0
1441000,0
1441050,0
1441100,0
1441150,0
1441200,0
1441250,0
1441300,0
1441350,0
1441400,0
1441450,0
1441500,0
1441550,0
1441600,0
1441650,0
1441700,0
1441750,0
1441800,0
1441850,0
1441900,0
1441950,0
1442000,0
1442050,0
1442100,0
1442150,0
1442200,0
1442250,0
1442300,0
1442350,0
1442400,0
1442450,0
1442500,0
1442550,0
1442600,0
1442650,0
1442700,0
1442750,0
1442800,0
1442850,0
1442900,0
1442950,0
1443000,0
1443050,0
1443100,0
1443150,0
1443200,0
1443250,0
1443300,0
1443350,0
1443400,0
1443450,0
1443500,0
1443550,0
1443600,0
1443650,0
1443700,0
1443750,0
1443800,0
1443850,0
1443900,0
1443950,0
1444000,0
1444050,0
1444100,0
1444150,0
1444200,0
1444250,0
1444300,0
1444350,0
1444400,0
1444450,0
1444500,0
1444550,0
1444600,0
1444650,0
1444700,0
1444750,0
1444800,0
1444850,0
1444900,0
1444950,0
1445000,0
1445050,0
1445100,0
1445150,0
1445200,0
1445250,0
1445300,0
1445350,0
1445400,0
1445450,0
1445500,0
1445550,0
1445600,0
1445650,0
1445700,0
1445750,0
1445800,0
1445850,0
1445900,0
1445950,0
1446000,0
1446050,0
1446100,0
1446150,0
1446200,0
1446250,0
1446300,0
1446350,0
1446400,0
1446450,0
1446500,0
1446550,0
1446600,0
1446650,0
1446700,0
1446750,0
1446800,0
1446850,0
1446900,0
1446950,0
1447000,0
1447050,0
1447100,0
1447150,0
1447200,0
1447250,0
1447300,0
1447350,0
1447400,0
1447450,0
1447500,0
1447550,0
1447600,0
1447650,0
1447700,0
1447750,0
1447800,0
1447850,0
1447900,0
1447950,0
1448000,0
1448050,0
1448100,0
1448150,0
1448200,0
1448250,0
1448300,0
1448350,0
1448400,0
1448450,0
1448500,0
1448550,0
1448600,0
1448650,0
1448700,0
1448750,0
1448800,0
1448850,0
1448900,0
1448950,0
1449000,0
1449050,0
1449100,0
1449150,0
1449200,0
1449250,0
1449300,0
1449350,0
1449400,0
1449450,0
1449500,0
1449550,0
1449600,0
1449650,0
1449700,0
1449750,0
1449800,0
1449850,0
1449900,0
1449950,0
1450000,0
1450050,0
1450100,0
1450150,0
1450200,0
1450250,0
1450300,0
1450350,0
1450400,0
1450450,0
1450500,0
1450550,0
1450600,0
1450650,0
1450700,0
1450750,0
1450800,0
1450850,0
1450900,0
1450950,0
1451000,0
1451050,0
1451100,0
1451150,0
1451200,0
1451250,0
1451300,0
1451350,0
1451400,0
1451450,0
1451500,0
1451550,0
1451600,0
1451650,0
1451700,0
1451750,0
1451800,0
1451850,0
1451900,0
1451950,0
1452000,0
1452050,0
1452100,0
1452150,0
1452200,0
1452250,0
1452300,0
1452350,0
1452400,0
1452450,0
1452500,0
1452550,0
1452600,0
1452650,0
1452700,0
1452750,0
1452800,0
1452850,0
1452900,0
1452950,0
1453000,0
1453050,0
1453100,0
1453150,0
1453200,0
1453250,0
1453300,0
1453350,0
1453400,0
1453450,0
1453500,0
1453550,0
1453600,0
1453650,0
1453700,0
1453750,0
1453800,0
1453850,0
1453900,0
1453950,0
1454000,0
1454050,0
1454100,0
1454150,0
1454200,0
1454250,0
1454300,0
1454350,0
1454400,0
1454450,0
1454500,0
1454550,0
1454600,0
1454650,0
1454700,0
1454750,0
1454800,0
1454850,0
1454900,0
1454950,0
1455000,0
1455050,0
1455100,0
1455150,0
1455200,0
1455250,0
1455300,0
1455350,0
1455400,0
1455450,0
1455500,0
1455550,0
1455600,0
1455650,0
1455700,0
1455750,0
1455800,0
1455850,0
1455900,0
1455950,0
1456000,0
1456050,0
1456100,0
1456150,0
1456200,0
1456250,0
1456300,0
1456350,0
1456400,0
1456450,0
1456500,0
1456550,0
1456600,0
1456650,0
1456700,0
1456750,0
1456800,0
1456850,0
1456900,0
1456950,0
1457000,0
1457050,0
1457100,0
1457150,0
1457200,0
1457250,0
1457300,0
1457350,0
1457400,0
1457450,0
1457500,0
1457550,0
1457600,0
1457650,0
1457700,0
1457750,0
1457800,0
1457850,0
1457900,0
1457950,0
1458000,0
1458050,0
1458100,0
1458150,0
1458200,0
1458250,0
1458300,0
1458350,0
1458400,0
1458450,0
1458500,0
1458550,0
1458600,0
1458650,0
1458700,0
1458750,0
1458800,0
1458850,0
1458900,0
1458950,0
1459000,0
1459050,0
1459100,0
1459150,0
1459200,0
1459250,0
1459300,0
1459350,0
1459400,0
1459450,0
1459500,0
1459550,0
1459600,0
1459650,0
1459700,0
1459750,0
1459800,0
1459850,0
1459900,0
1459950,0
1460000,0
1460050,0
1460100,0
1460150,0
1460200,0
1460250,0
1460300,0
1460350,0
1460400,0
1460450,0
1460500,0
1460550,0
1460600,0
1460650,0
1460700,0
1460750,0
1460800,0
1460850,0
1460900,0
1460950,0
1461000,0
1461050,0
1461100,0
1461150,0
1461200,0
1461250,0
1461300,0
1461350,0
1461400,0
1461450,0
1461500,0
1461550,0
1461600,0
1461650,0
1461700,0
1461750,0
1461800,0
1461850,0
1461900,0
1461950,0
1462000,0
1462050,0
1462100,0
1462150,0
1462200,0
1462250,0
1462300,0
1462350,0
1462400,0
1462450,0
1462500,0
1462550,0
1462600,0
1462650,0
1462700,0
1462750,0
1462800,0
1462850,0
1462900,0
1462950,0
1463000,0
1463050,0
1463100,0
1463150,0
1463200,0
1463250,0
1463300,0
1463350,0
1463400,0
1463450,0
1463500,0
1463550,0
1463600,0
1463650,0
1463700,0
1463750,0
1463800,0
1463850,0
1463900,0
1463950,0
1464000,0
1464050,0
1464100,0
1464150,0
1464200,0
1464250,0
1464300,0
1464350,0
1464400,0
1464450,0
1464500,0
1464550,0
1464600,0
1464650,0
1464700,0
1464750,0
1464800,0
1464850,0
1464900,0
1464950,0
1465000,0
1465050,0
1465100,0
1465150,0
1465200,0
1465250,0
1465300,0
1465350,0
1465400,0
1465450,0
1465500,0
1465550,0
1465600,0
1465650,0
1465700,0
1465750,0
1465800,0
1465850,0
1465900,0
1465950,0
1466000,0
1466050,0
1466100,0
1466150,0
1466200,0
1466250,0
1466300,0
1466350,0
1466400,0
1466450,0
1466500,0
1466550,0
1466600,0
1466650,0
1466700,0
1466750,0
1466800,0
1466850,0
1466900,0
1466950,0
1467000,0
1467050,0
1467100,0
1467150,0
1467200,0
1467250,0
1467300,0
1467350,0
1467400,0
1467450,0
1467500,0
1467550,0
1467600,0
1467650,0
1467700,0
1467750,0
1467800,0
1467850,0
1467900,0
1467950,0
1468000,0
1468050,0
1468100,0
1468150,0
1468200,0
1468250,0
1468300,0
1468350,0
1468400,0
1468450,0
1468500,0
1468550,0
1468600,0
1468650,0
1468700,0
1468750,0
1468800,0
1468850,0
1468900,0
1468950,0
1469000,0
1469050,0
1469100,0
1469150,0
1469200,0
1469250,0
1469300,0
1469350,0
1469400,0
1469450,0
1469500,0
1469550,0
1469600,0
1469650,0
1469700,0
1469750,0
1469800,0
1469850,0
1469900,0
1469950,0
1470000,0
1470050,0
1470100,0
1470150,0
1470200,0
1470250,0
1470300,0
1470350,0
1470400,0
1470450,0
1470500,0
1470550,0
1470600,0
1470650,0
1470700,0
1470750,0
1470800,0
1470850,0
1470900,0
1470950,0
1471000,0
1471050,0
1471100,0
1471150,0
1471200,0
1471250,0
1471300,0
1471350,0
1471400,0
1471450,0
1471500,0
1471550,0
1471600,0
1471650,0
1471700,0
1471750,0
1471800,0
1471850,0
1471900,0
1471950,0
1472000,0
1472050,0
1472100,0
1472150,0
1472200,0
1472250,0
1472300,0
1472350,0
1472400,0
1472450,0
1472500,0
1472550,0
1472600,0
1472650,0
1472700,0
1472750,0
1472800,0
1472850,0
1472900,0
1472950,0
1473000,0
1473050,0
1473100,0
1473150,0
1473200,0
1473250,0
1473300,0
1473350,0
1473400,0
1473450,0
1473500,0
1473550,0
1473600,0
1473650,0
1473700,0
1473750,0
1473800,0
1473850,0
1473900,0
1473950,0
1474000,0
1474050,0
1474100,0
1474150,0
1474200,0
1474250,0
1474300,0
1474350,0
1474400,0
1474450,0
1474500,0
1474550,0
1474600,0
1474650,0
1474700,0
1474750,0
1474800,0
1474850,0
1474900,0
1474950,0
1475000,0
1475050,0
1475100,0
1475150,0
1475200,0
1475250,0
1475300,0
1475350,0
1475400,0
1475450,0
1475500,0
1475550,0
1475600,0
1475650,0
1475700,0
1475750,0
1475800,0
1475850,0
1475900,0
1475950,0
1476000,0
1476050,0
1476100,0
1476150,0
1476200,0
1476250,0
1476300,0
1476350,0
1476400,0
1476450,0
1476500,0
1476550,0
1476600,0
1476650,0
1476700,0
1476750,0
1476800,0
1476850,0
1476900,0
1476950,0
1477000,0
1477050,0
1477100,0
1477150,0
1477200,0
1477250,0
1477300,0
1477350,0
1477400,0
1477450,0
1477500,0
1477550,0
1477600,0
1477650,0
1477700,0
1477750,0
1477800,0
1477850,0
1477900,0
1477950,0
1478000,0
1478050,0
1478100,0
1478150,0
1478200,0
1478250,0
1478300,0
1478350,0
1478400,0
1478450,0
1478500,0
1478550,0
1478600,0
1478650,0
1478700,0
1478750,0
1478800,0
1478850,0
1478900,0
1478950,0
1479000,0
1479050,0
1479100,0
1479150,0
1479200,0
1479250,0
1479300,0
1479350,0
1479400,0
1479450,0
1479500,0
1479550,0
1479600,0
1479650,0
1479700,0
1479750,0
1479800,0
1479850,0
1479900,0
1479950,0
1480000,0
1480050,0
1480100,0
1480150,0
1480200,0
1480250,0
1480300,0
1480350,0
1480400,0
1480450,0
1480500,0
1480550,0
1480600,0
1480650,0
1480700,0
1480750,0
1480800,0
1480850,0
1480900,0
1480950,0
1481000,0
1481050,0
1481100,0
1481150,0
1481200,0
1481250,0
1481300,0
1481350,0
1481400,0
1481450,0
1481500,0
1481550,0
1481600,0
1481650,0
1481700,0
1481750,0
1481800,0
1481850,0
1481900,0
1481950,0
1482000,0
1482050,0
1482100,0
1482150,0
1482200,0
1482250,0
1482300,0
1482350,0
1482400,0
1482450,0
1482500,0
1482550,0
1482600,0
1482650,0
1482700,0
1482750,0
1482800,0
1482850,0
1482900,0
1482950,0
1483000,0
1483050,0
1483100,0
1483150,0
1483200,0
1483250,0
1483300,0
1483350,0
1483400,0
1483450,0
1483500,0
1483550,0
1483600,0
1483650,0
1483700,0
1483750,0
1483800,0
1483850,0
1483900,0
1483950,0
1484000,0
1484050,0
1484100,0
1484150,0
1484200,0
1484250,0
1484300,0
1484350,0
1484400,0
1484450,0
1484500,0
1484550,0
1484600,0
1484650,0
1484700,0
1484750,0
1484800,0
1484850,0
1484900,0
1484950,0
1485000,0
1485050,0
1485100,0
1485150,0
1485200,0
1485250,0
1485300,0
1485350,0
1485400,0
1485450,0
1485500,0
1485550,0
1485600,0
1485650,0
1485700,0
1485750,0
1485800,0
1485850,0
1485900,0
1485950,0
1486000,0
1486050,0
1486100,0
1486150,0
1486200,0
1486250,0
1486300,0
1486350,0
1486400,0
1486450,0
1486500,0
1486550,0
1486600,0
1486650,0
1486700,0
1486750,0
1486800,0
1486850,0
1486900,0
1486950,0
1487000,0
1487050,0
1487100,0
1487150,0
1487200,0
1487250,0
1487300,0
1487350,0
1487400,0
1487450,0
1487500,0
1487550,0
1487600,0
1487650,0
1487700,0
1487750,0
1487800,0
1487850,0
1487900,0
1487950,0
1488000,0
1488050,0
1488100,0
1488150,0
1488200,0
1488250,0
1488300,0
1488350,0
1488400,0
1488450,0
1488500,0
1488550,0
1488600,0
1488650,0
1488700,0
1488750,0
1488800,0
1488850,0
1488900,0
1488950,0
1489000,0
1489050,0
1489100,0
1489150,0
1489200,0
1489250,0
1489300,0
1489350,0
1489400,0
1489450,0
1489500,0
1489550,0
1489600,0
1489650,0
1489700,0
1489750,0
1489800,0
1489850,0
1489900,0
1489950,0
1490000,0
1490050,0
1490100,0
1490150,0
1490200,0
1490250,0
1490300,0
1490350,0
1490400,0
1490450,0
1490500,0
1490550,0
1490600,0
1490650,0
1490700,0
1490750,0
1490800,0
1490850,0
1490900,0
1490950,0
1491000,0
1491050,0
1491100,0
1491150,0
1491200,0
1491250,0
1491300,0
1491350,0
1491400,0
1491450,0
1491500,0
1491550,0
1491600,0
1491650,0
1491700,0
1491750,0
1491800,0
1491850,0
1491900,0
1491950,0
1492000,0
1492050,0
1492100,0
1492150,0
1492200,0
1492250,0
1492300,0
1492350,0
1492400,0
1492450,0
1492500,0
1492550,0
1492600,0
1492650,0
1492700,0
1492750,0
1492800,0
1492850,0
1492900,0
1492950,0
1493000,0
1493050,0
1493100,0
1493150,0
1493200,0
1493250,0
1493300,0
1493350,0
1493400,0
1493450,0
1493500,0
1493550,0
1493600,0
1493650,0
1493700,0
1493750,0
1493800,0
1493850,0
1493900,0
1493950,0
1494000,0
1494050,0
1494100,0
1494150,0
1494200,0
1494250,0
1494300,0
1494350,0
1494400,0
1494450,0
1494500,0
1494550,0
1494600,0
1494650,0
1494700,0
1494750,0
1494800,0
1494850,0
1494900,0
1494950,0
1495000,0
1495050,0
1495100,0
1495150,0
1495200,0
1495250,0
1495300,0
1495350,0
1495400,0
1495450,0
1495500,0
1495550,0
1495600,0
1495650,0
1495700,0
1495750,0
1495800,0
1495850,0
1495900,0
1495950,0
1496000,0
1496050,0
1496100,0
1496150,0
1496200,0
1496250,0
1496300,0
1496350,0
1496400,0
1496450,0
1496500,0
1496550,0
1496600,0
1496650,0
1496700,0
1496750,0
1496800,0
1496850,0
1496900,0
1496950,0
1497000,0
1497050,0
1497100,0
1497150,0
1497200,0
1497250,0
1497300,0
1497350,0
1497400,0
1497450,0
1497500,0
1497550,0
1497600,0
1497650,0
1497700,0
1497750,0
1497800,0
1497850,0
1497900,0
1497950,0
1498000,0
1498050,0
1498100,0
1498150,0
1498200,0
1498250,0
1498300,0
1498350,0
1498400,0
1498450,0
1498500,0
1498550,0
1498600,0
1498650,0
1498700,0
1498750,0
1498800,0
1498850,0
1498900,0
1498950,0
1499000,0
1499050,0
1499100,0
1499150,0
1499200,0
1499250,0
1499300,0
1499350,0
1499400,0
1499450,0
1499500,0
1499550,0
1499600,0
1499650,0
1499700,0
1499750,0
1499800,0
1499850,0
1499900,0
1499950,0
1500000,0
1500050,0
1500100,0
1500150,0
1500200,0
1500250,0
1500300,0
1500350,0
1500400,0
1500450,0
1500500,0
1500550,0
1500600,0
1500650,0
1500700,0
1500750,0
1500800,0
1500850,0
1500900,0
1500950,0
1501000,0
1501050,0
1501100,0
1501150,0
1501200,0
1501250,0
1501300,0
1501350,0
1501400,0
1501450,0
1501500,0
1501550,0
1501600,0
1501650,0
1501700,0
1501750,0
1501800,0
1501850,0
1501900,0
1501950,0
1502000,0
1502050,0
1502100,0
1502150,0
1502200,0
1502250,0
1502300,0
1502350,0
1502400,0
1502450,0
1502500,0
1502550,0
1502600,0
1502650,0
1502700,0
1502750,0
1502800,0
1502850,0
1502900,0
1502950,0
1503000,0
1503050,0
1503100,0
1503150,0
1503200,0
1503250,0
1503300,0
1503350,0
1503400,0
1503450,0
1503500,0
1503550,0
1503600,0
1503650,0
1503700,0
1503750,0
1503800,0
1503850,0
1503900,0
1503950,0
1504000,0
1504050,0
1504100,0
1504150,0
1504200,0
1504250,0
1504300,0
1504350,0
1504400,0
1504450,0
1504500,0
1504550,0
1504600,0
1504650,0
1504700,0
1504750,0
1504800,0
1504850,0
1504900,0
1504950,0
1505000,0
1505050,0
1505100,0
1505150,0
1505200,0
1505250,0
1505300,0
1505350,0
1505400,0
1505450,0
1505500,0
1505550,0
1505600,0
1505650,0
1505700,0
1505750,0
1505800,0
1505850,0
1505900,0
1505950,0
1506000,0
1506050,0
1506100,0
1506150,0
1506200,0
1506250,0
1506300,0
1506350,0
1506400,0
1506450,0
1506500,0
1506550,0
1506600,0
1506650,0
1506700,0
1506750,0
1506800,0
1506850,0
1506900,0
1506950,0
1507000,0
1507050,0
1507100,0
1507150,0
1507200,0
1507250,0
1507300,0
1507350,0
1507400,0
1507450,0
1507500,0
1507550,0
1507600,0
1507650,0
1507700,0
1507750,0
1507800,0
1507850,0
1507900,0
1507950,0
1508000,0
1508050,0
1508100,0
1508150,0
1508200,0
1508250,0
1508300,0
1508350,0
1508400,0
1508450,0
1508500,0
1508550,0
1508600,0
1508650,0
1508700,0
1508750,0
1508800,0
1508850,0
1508900,0
1508950,0
1509000,0
1509050,0
1509100,0
1509150,0
1509200,0
1509250,0
1509300,0
1509350,0
1509400,0
1509450,0
1509500,0
1509550,0
1509600,0
1509650,0
1509700,0
1509750,0
1509800,0
1509850,0
1509900,0
1509950,0
1510000,0
1510050,0
1510100,0
1510150,0
1510200,0
1510250,0
1510300,0
1510350,0
1510400,0
1510450,0
1510500,0
1510550,0
1510600,0
1510650,0
1510700,0
1510750,0
1510800,0
1510850,0
1510900,0
1510950,0
1511000,0
1511050,0
1511100,0
1511150,0
1511200,0
1511250,0
1511300,0
1511350,0
1511400,0
1511450,0
1511500,0
1511550,0
1511600,0
1511650,0
1511700,0
1511750,0
1511800,0
1511850,0
1511900,0
1511950,0
1512000,0
1512050,0
1512100,0
1512150,0
1512200,0
1512250,0
1512300,0
1512350,0
1512400,0
1512450,0
1512500,0
1512550,0
1512600,0
1512650,0
1512700,0
1512750,0
1512800,0
1512850,0
1512900,0
1512950,0
1513000,0
1513050,0
1513100,0
1513150,0
1513200,0
1513250,0
1513300,0
1513350,0
1513400,0
1513450,0
1513500,0
1513550,0
1513600,0
1513650,0
1513700,0
1513750,0
1513800,0
1513850,0
1513900,0
1513950,0
1514000,0
1514050,0
1514100,0
1514150,0
1514200,0
1514250,0
1514300,0
1514350,0
1514400,0
1514450,0
1514500,0
1514550,0
1514600,0
1514650,0
1514700,0
1514750,0
1514800,0
1514850,0
1514900,0
1514950,0
1515000,0
1515050,0
1515100,0
1515150,0
1515200,0
1515250,0
1515300,0
1515350,0
1515400,0
1515450,0
1515500,0
1515550,0
1515600,0
1515650,0
1515700,0
1515750,0
1515800,0
1515850,0
1515900,0
1515950,0
1516000,0
1516050,0
1516100,0
1516150,0
1516200,0
1516250,0
1516300,0
1516350,0
1516400,0
1516450,0
1516500,0
1516550,0
1516600,0
1516650,0
1516700,0
1516750,0
1516800,0
1516850,0
1516900,0
1516950,0
1517000,0
1517050,0
1517100,0
1517150,0
1517200,0
1517250,0
1517300,0
1517350,0
1517400,0
1517450,0
1517500,0
1517550,0
1517600,0
1517650,0
1517700,0
1517750,0
1517800,0
1517850,0
1517900,0
1517950,0
1518000,0
1518050,0
1518100,0
1518150,0
1518200,0
1518250,0
1518300,0
1518350,0
1518400,0
1518450,0
1518500,0
1518550,0
1518600,0
1518650,0
1518700,0
1518750,0
1518800,0
1518850,0
1518900,0
1518950,0
1519000,0
1519050,0
1519100,0
1519150,0
1519200,0
1519250,0
1519300,0
1519350,0
1519400,0
1519450,0
1519500,0
1519550,0
1519600,0
1519650,0
1519700,0
1519750,0
1519800,0
1519850,0
1519900,0
1519950,0
1520000,0
1520050,0
1520100,0
1520150,0
1520200,0
1520250,0
1520300,0
1520350,0
1520400,0
1520450,0
1520500,0
1520550,0
1520600,0
1520650,0
1520700,0
1520750,0
1520800,0
1520850,0
1520900,0
1520950,0
1521000,0
1521050,0
1521100,0
1521150,0
1521200,0
1521250,0
1521300,0
1521350,0
1521400,0
1521450,0
1521500,0
1521550,0
1521600,0
1521650,0
1521700,0
1521750,0
1521800,0
1521850,0
1521900,0
1521950,0
1522000,0
1522050,0
1522100,0
1522150,0
1522200,0
1522250,0
1522300,0
1522350,0
1522400,0
1522450,0
1522500,0
1522550,0
1522600,0
1522650,0
1522700,0
1522750,0
1522800,0
1522850,0
1522900,0
1522950,0
1523000,0
1523050,0
1523100,0
1523150,0
1523200,0
1523250,0
1523300,0
1523350,0
1523400,0
1523450,0
1523500,0
1523550,0
1523600,0
1523650,0
1523700,0
1523750,0
1523800,0
1523850,0
1523900,0
1523950,0
1524000,0
1524050,0
1524100,0
1524150,0
1524200,0
1524250,0
1524300,0
1524350,0
1524400,0
1524450,0
1524500,0
1524550,0
1524600,0
1524650,0
1524700,0
1524750,0
1524800,0
1524850,0
1524900,0
1524950,0
1525000,0
1525050,0
1525100,0
1525150,0
1525200,0
1525250,0
1525300,0
1525350,0
1525400,0
1525450,0
1525500,0
1525550,0
1525600,0
1525650,0
1525700,0
1525750,0
1525800,0
1525850,0
1525900,0
1525950,0
1526000,0
1526050,0
1526100,0
1526150,0
1526200,0
1526250,0
1526300,0
1526350,0
1526400,0
1526450,0
1526500,0
1526550,0
1526600,0
1526650,0
1526700,0
1526750,0
1526800,0
1526850,0
1526900,0
1526950,0
1527000,0
1527050,0
1527100,0
1527150,0
1527200,0
1527250,0
1527300,0
1527350,0
1527400,0
1527450,0
1527500,0
1527550,0
1527600,0
1527650,0
1527700,0
1527750,0
1527800,0
1527850,0
1527900,0
1527950,0
1528000,0
1528050,0
1528100,0
1528150,0
1528200,0
1528250,0
1528300,0
1528350,0
1528400,0
1528450,0
1528500,0
1528550,0
1528600,0
1528650,0
1528700,0
1528750,0
1528800,0
1528850,0
1528900,0
1528950,0
1529000,0
1529050,0
1529100,0
1529150,0
1529200,0
1529250,0
1529300,0
1529350,0
1529400,0
1529450,0
1529500,0
1529550,0
1529600,0
1529650,0
1529700,0
1529750,0
1529800,0
1529850,0
1529900,0
1529950,0
1530000,0
1530050,0
1530100,0
1530150,0
1530200,0
1530250,0
1530300,0
1530350,0
1530400,0
1530450,0
1530500,0
1530550,0
1530600,0
1530650,0
1530700,0
1530750,0
1530800,0
1530850,0
1530900,0
1530950,0
1531000,0
1531050,0
1531100,0
1531150,0
1531200,0
1531250,0
1531300,0
1531350,0
1531400,0
1531450,0
1531500,0
1531550,0
1531600,0
1531650,0
1531700,0
1531750,0
1531800,0
1531850,0
1531900,0
1531950,0
1532000,0
1532050,0
1532100,0
1532150,0
1532200,0
1532250,0
1532300,0
1532350,0
1532400,0
1532450,0
1532500,0
1532550,0
1532600,0
1532650,0
1532700,0
1532750,0
1532800,0
1532850,0
1532900,0
1532950,0
1533000,0
1533050,0
1533100,0
1533150,0
1533200,0
1533250,0
1533300,0
1533350,0
1533400,0
1533450,0
1533500,0
1533550,0
1533600,0
1533650,0
1533700,0
1533750,0
1533800,0
1533850,0
1533900,0
1533950,0
1534000,0
1534050,0
1534100,0
1534150,0
1534200,0
1534250,0
1534300,0
1534350,0
1534400,0
1534450,0
1534500,0
1534550,0
1534600,0
1534650,0
1534700,0
1534750,0
1534800,0
1534850,0
1534900,0
1534950,0
1535000,0
1535050,0
1535100,0
1535150,0
1535200,0
1535250,0
1535300,0
1535350,0
1535400,0
1535450,0
1535500,0
1535550,0
1535600,0
1535650,0
1535700,0
1535750,0
1535800,0
1535850,0
1535900,0
1535950,0
1536000,0
1536050,0
1536100,0
1536150,0
1536200,0
1536250,0
1536300,0
1536350,0
1536400,0
1536450,0
1536500,0
1536550,0
1536600,0
1536650,0
1536700,0
1536750,0
1536800,0
1536850,0
1536900,0
1536950,0
1537000,0
1537050,0
1537100,0
1537150,0
1537200,0
1537250,0
1537300,0
1537350,0
1537400,0
1537450,0
1537500,0
1537550,0
1537600,0
1537650,0
1537700,0
1537750,0
1537800,0
1537850,0
1537900,0
1537950,0
1538000,0
1538050,0
1538100,0
1538150,0
1538200,0
1538250,0
1538300,0
1538350,0
1538400,0
1538450,0
1538500,0
1538550,0
1538600,0
1538650,0
1538700,0
1538750,0
1538800,0
1538850,0
1538900,0
1538950,0
1539000,0
1539050,0
1539100,0
1539150,0
1539200,0
1539250,0
1539300,0
1539350,0
1539400,0
1539450,0
1539500,0
1539550,0
1539600,0
1539650,0
1539700,0
1539750,0
1539800,0
1539850,0
1539900,0
1539950,0
1540000,0
1540050,0
1540100,0
1540150,0
1540200,0
1540250,0
1540300,0
1540350,0
1540400,0
1540450,0
1540500,0
1540550,0
1540600,0
1540650,0
1540700,0
1540750,0
1540800,0
1540850,0
1540900,0
1540950,0
1541000,0
1541050,0
1541100,0
1541150,0
1541200,0
1541250,0
1541300,0
1541350,0
1541400,0
1541450,0
1541500,0
1541550,0
1541600,0
1541650,0
1541700,0
1541750,0
1541800,0
1541850,0
1541900,0
1541950,0
1542000,0
1542050,0
1542100,0
1542150,0
1542200,0
1542250,0
1542300,0
1542350,0
1542400,0
1542450,0
1542500,0
1542550,0
1542600,0
1542650,0
1542700,0
1542750,0
1542800,0
1542850,0
1542900,0
1542950,0
1543000,0
1543050,0
1543100,0
1543150,0
1543200,0
1543250,0
1543300,0
1543350,0
1543400,0
1543450,0
1543500,0
1543550,0
1543600,0
1543650,0
1543700,0
1543750,0
1543800,0
1543850,0
1543900,0
1543950,0
1544000,0
1544050,0
1544100,0
1544150,0
1544200,0
1544250,0
1544300,0
1544350,0
1544400,0
1544450,0
1544500,0
1544550,0
1544600,0
1544650,0
1544700,0
1544750,0
1544800,0
1544850,0
1544900,0
1544950,0
1545000,0
1545050,0
1545100,0
1545150,0
1545200,0
1545250,0
1545300,0
1545350,0
1545400,0
1545450,0
1545500,0
1545550,0
1545600,0
1545650,0
1545700,0
1545750,0
1545800,0
1545850,0
1545900,0
1545950,0
1546000,0
1546050,0
1546100,0
1546150,0
1546200,0
1546250,0
1546300,0
1546350,0
1546400,0
1546450,0
1546500,0
1546550,0
1546600,0
1546650,0
1546700,0
1546750,0
1546800,0
1546850,0
1546900,0
1546950,0
1547000,0
1547050,0
1547100,0
1547150,0
1547200,0
1547250,0
1547300,0
1547350,0
1547400,0
1547450,0
1547500,0
1547550,0
1547600,0
1547650,0
1547700,0
1547750,0
1547800,0
1547850,0
1547900,0
1547950,0
1548000,0
1548050,0
1548100,0
1548150,0
1548200,0
1548250,0
1548300,0
1548350,0
1548400,0
1548450,0
1548500,0
1548550,0
1548600,0
1548650,0
1548700,0
1548750,0
1548800,0
1548850,0
1548900,0
1548950,0
1549000,0
1549050,0
1549100,0
1549150,0
1549200,0
1549250,0
1549300,0
1549350,0
1549400,0
1549450,0
1549500,0
1549550,0
1549600,0
1549650,0
1549700,0
1549750,0
1549800,0
1549850,0
1549900,0
1549950,0
1550000,0
1550050,0
1550100,0
1550150,0
1550200,0
1550250,0
1550300,0
1550350,0
1550400,0
1550450,0
1550500,0
1550550,0
1550600,0
1550650,0
1550700,0
1550750,0
1550800,0
1550850,0
1550900,0
1550950,0
1551000,0
1551050,0
1551100,0
1551150,0
1551200,0
1551250,0
1551300,0
1551350,0
1551400,0
1551450,0
1551500,0
1551550,0
1551600,0
1551650,0
1551700,0
1551750,0
1551800,0
1551850,0
1551900,0
1551950,0
1552000,0
1552050,0
1552100,0
1552150,0
1552200,0
1552250,0
1552300,0
1552350,0
1552400,0
1552450,0
1552500,0
1552550,0
1552600,0
1552650,0
1552700,0
1552750,0
1552800,0
1552850,0
1552900,0
1552950,0
1553000,0
1553050,0
1553100,0
1553150,0
1553200,0
1553250,0
1553300,0
1553350,0
1553400,0
1553450,0
1553500,0
1553550,0
1553600,0
1553650,0
1553700,0
1553750,0
1553800,0
1553850,0
1553900,0
1553950,0
1554000,0
1554050,0
1554100,0
1554150,0
1554200,0
1554250,0
1554300,0
1554350,0
1554400,0
1554450,0
1554500,0
1554550,0
1554600,0
1554650,0
1554700,0
1554750,0
1554800,0
1554850,0
1554900,0
1554950,0
1555000,0
1555050,0
1555100,0
1555150,0
1555200,0
1555250,0
1555300,0
1555350,0
1555400,0
1555450,0
1555500,0
1555550,0
1555600,0
1555650,0
1555700,0
1555750,0
1555800,0
1555850,0
1555900,0
1555950,0
1556000,0
1556050,0
1556100,0
1556150,0
1556200,0
1556250,0
1556300,0
1556350,0
1556400,0
1556450,0
1556500,0
1556550,0
1556600,0
1556650,0
1556700,0
1556750,0
1556800,0
1556850,0
1556900,0
1556950,0
1557000,0
1557050,0
1557100,0
1557150,0
1557200,0
1557250,0
1557300,0
1557350,0
1557400,0
1557450,0
1557500,0
1557550,0
1557600,0
1557650,0
1557700,0
1557750,0
1557800,0
1557850,0
1557900,0
1557950,0
1558000,0
1558050,0
1558100,0
1558150,0
1558200,0
1558250,0
1558300,0
1558350,0
1558400,0
1558450,0
1558500,0
1558550,0
1558600,0
1558650,0
1558700,0
1558750,0
1558800,0
1558850,0
1558900,0
1558950,0
1559000,0
1559050,0
1559100,0
1559150,0
1559200,0
1559250,0
1559300,0
1559350,0
1559400,0
1559450,0
1559500,0
1559550,0
1559600,0
1559650,0
1559700,0
1559750,0
1559800,0
1559850,0
1559900,0
1559950,0
1560000,0
1560050,0
1560100,0
1560150,0
1560200,0
1560250,0
1560300,0
1560350,0
1560400,0
1560450,0
1560500,0
1560550,0
1560600,0
1560650,0
1560700,0
1560750,0
1560800,0
1560850,0
1560900,0
1560950,0
1561000,0
1561050,0
1561100,0
1561150,0
1561200,0
1561250,0
1561300,0
1561350,0
1561400,0
1561450,0
1561500,0
1561550,0
1561600,0
1561650,0
1561700,0
1561750,0
1561800,0
1561850,0
1561900,0
1561950,0
1562000,0
1562050,0
1562100,0
1562150,0
1562200,0
1562250,0
1562300,0
1562350,0
1562400,0
1562450,0
1562500,0
1562550,0
1562600,0
1562650,0
1562700,0
1562750,0
1562800,0
1562850,0
1562900,0
1562950,0
1563000,0
1563050,0
1563100,0
1563150,0
1563200,0
1563250,0
1563300,0
1563350,0
1563400,0
1563450,0
1563500,0
1563550,0
1563600,0
1563650,0
1563700,0
1563750,0
1563800,0
1563850,0
1563900,0
1563950,0
1564000,0
1564050,0
1564100,0
1564150,0
1564200,0
1564250,0
1564300,0
1564350,0
1564400,0
1564450,0
1564500,0
1564550,0
1564600,0
1564650,0
1564700,0
1564750,0
1564800,0
1564850,0
1564900,0
1564950,0
1565000,0
1565050,0
1565100,0
1565150,0
1565200,0
1565250,0
1565300,0
1565350,0
1565400,0
1565450,0
1565500,0
1565550,0
1565600,0
1565650,0
1565700,0
1565750,0
1565800,0
1565850,0
1565900,0
1565950,0
1566000,0
1566050,0
1566100,0
1566150,0
1566200,0
1566250,0
1566300,0
1566350,0
1566400,0
1566450,0
1566500,0
1566550,0
1566600,0
1566650,0
1566700,0
1566750,0
1566800,0
1566850,0
1566900,0
1566950,0
1567000,0
1567050,0
1567100,0
1567150,0
1567200,0
1567250,0
1567300,0
1567350,0
1567400,0
1567450,0
1567500,0
1567550,0
1567600,0
1567650,0
1567700,0
1567750,0
1567800,0
1567850,0
1567900,0
1567950,0
1568000,0
1568050,0
1568100,0
1568150,0
1568200,0
1568250,0
1568300,0
1568350,0
1568400,0
1568450,0
1568500,0
1568550,0
1568600,0
1568650,0
1568700,0
1568750,0
1568800,0
1568850,0
1568900,0
1568950,0
1569000,0
1569050,0
1569100,0
1569150,0
1569200,0
1569250,0
1569300,0
1569350,0
1569400,0
1569450,0
1569500,0
1569550,0
1569600,0
1569650,0
1569700,0
1569750,0
1569800,0
1569850,0
1569900,0
1569950,0
1570000,0
1570050,0
1570100,0
1570150,0
1570200,0
1570250,0
1570300,0
1570350,0
1570400,0
1570450,0
1570500,0
1570550,0
1570600,0
1570650,0
1570700,0
1570750,0
1570800,0
1570850,0
1570900,0
1570950,0
1571000,0
1571050,0
1571100,0
1571150,0
1571200,0
1571250,0
1571300,0
1571350,0
1571400,0
1571450,0
1571500,0
1571550,0
1571600,0
1571650,0
1571700,0
1571750,0
1571800,0
1571850,0
1571900,0
1571950,0
1572000,0
1572050,0
1572100,0
1572150,0
1572200,0
1572250,0
1572300,0
1572350,0
1572400,0
1572450,0
1572500,0
1572550,0
1572600,0
1572650,0
1572700,0
1572750,0
1572800,0
1572850,0
1572900,0
1572950,0
1573000,0
1573050,0
1573100,0
1573150,0
1573200,0
1573250,0
1573300,0
1573350,0
1573400,0
1573450,0
1573500,0
1573550,0
1573600,0
1573650,0
1573700,0
1573750,0
1573800,0
1573850,0
1573900,0
1573950,0
1574000,0
1574050,0
1574100,0
1574150,0
1574200,0
1574250,0
1574300,0
1574350,0
1574400,0
1574450,0
1574500,0
1574550,0
1574600,0
1574650,0
1574700,0
1574750,0
1574800,0
1574850,0
1574900,0
1574950,0
1575000,0
1575050,0
1575100,0
1575150,0
1575200,0
1575250,0
1575300,0
1575350,0
1575400,0
1575450,0
1575500,0
1575550,0
1575600,0
1575650,0
1575700,0
1575750,0
1575800,0
1575850,0
1575900,0
1575950,0
1576000,0
1576050,0
1576100,0
1576150,0
1576200,0
1576250,0
1576300,0
1576350,0
1576400,0
1576450,0
1576500,0
1576550,0
1576600,0
1576650,0
1576700,0
1576750,0
1576800,0
1576850,0
1576900,0
1576950,0
1577000,0
1577050,0
1577100,0
1577150,0
1577200,0
1577250,0
1577300,0
1577350,0
1577400,0
1577450,0
1577500,0
1577550,0
1577600,0
1577650,0
1577700,0
1577750,0
1577800,0
1577850,0
1577900,0
1577950,0
1578000,0
1578050,0
1578100,0
1578150,0
1578200,0
1578250,0
1578300,0
1578350,0
1578400,0
1578450,0
1578500,0
1578550,0
1578600,0
1578650,0
1578700,0
1578750,0
1578800,0
1578850,0
1578900,0
1578950,0
1579000,0
1579050,0
1579100,0
1579150,0
1579200,0
1579250,0
1579300,0
1579350,0
1579400,0
1579450,0
1579500,0
1579550,0
1579600,0
1579650,0
1579700,0
1579750,0
1579800,0
1579850,0
1579900,0
1579950,0
1580000,0
1580050,0
1580100,0
1580150,0
1580200,0
1580250,0
1580300,0
1580350,0
1580400,0
1580450,0
1580500,0
1580550,0
1580600,0
1580650,0
1580700,0
1580750,0
1580800,0
1580850,0
1580900,0
1580950,0
1581000,0
1581050,0
1581100,0
1581150,0
1581200,0
1581250,0
1581300,0
1581350,0
1581400,0
1581450,0
1581500,0
1581550,0
1581600,0
1581650,0
1581700,0
1581750,0
1581800,0
1581850,0
1581900,0
1581950,0
1582000,0
1582050,0
1582100,0
1582150,0
1582200,0
1582250,0
1582300,0
1582350,0
1582400,0
1582450,0
1582500,0
1582550,0
1582600,0
1582650,0
1582700,0
1582750,0
1582800,0
1582850,0
1582900,0
1582950,0
1583000,0
1583050,0
1583100,0
1583150,0
1583200,0
1583250,0
1583300,0
1583350,0
1583400,0
1583450,0
1583500,0
1583550,0
1583600,0
1583650,0
1583700,0
1583750,0
1583800,0
1583850,0
1583900,0
1583950,0
1584000,0
1584050,0
1584100,0
1584150,0
1584200,0
1584250,0
1584300,0
1584350,0
1584400,0
1584450,0
1584500,0
1584550,0
1584600,0
1584650,0
1584700,0
1584750,0
1584800,0
1584850,0
1584900,0
1584950,0
1585000,0
1585050,0
1585100,0
1585150,0
1585200,0
1585250,0
1585300,0
1585350,0
1585400,0
1585450,0
1585500,0
1585550,0
1585600,0
1585650,0
1585700,0
1585750,0
1585800,0
1585850,0
1585900,0
1585950,0
1586000,0
1586050,0
1586100,0
1586150,0
1586200,0
1586250,0
1586300,0
1586350,0
1586400,0
1586450,0
1586500,0
1586550,0
1586600,0
1586650,0
1586700,0
1586750,0
1586800,0
1586850,0
1586900,0
1586950,0
1587000,0
1587050,0
1587100,0
1587150,0
1587200,0
1587250,0
1587300,0
1587350,0
1587400,0
1587450,0
1587500,0
1587550,0
1587600,0
1587650,0
1587700,0
1587750,0
1587800,0
1587850,0
1587900,0
1587950,0
1588000,0
1588050,0
1588100,0
1588150,0
1588200,0
1588250,0
1588300,0
1588350,0
1588400,0
1588450,0
1588500,0
1588550,0
1588600,0
1588650,0
1588700,0
1588750,0
1588800,0
1588850,0
1588900,0
1588950,0
1589000,0
1589050,0
1589100,0
1589150,0
1589200,0
1589250,0
1589300,0
1589350,0
1589400,0
1589450,0
1589500,0
1589550,0
1589600,0
1589650,0
1589700,0
1589750,0
1589800,0
1589850,0
1589900,0
1589950,0
1590000,0
1590050,0
1590100,0
1590150,0
1590200,0
1590250,0
1590300,0
1590350,0
1590400,0
1590450,0
1590500,0
1590550,0
1590600,0
1590650,0
1590700,0
1590750,0
1590800,0
1590850,0
1590900,0
1590950,0
1591000,0
1591050,0
1591100,0
1591150,0
1591200,0
1591250,0
1591300,0
1591350,0
1591400,0
1591450,0
1591500,0
1591550,0
1591600,0
1591650,0
1591700,0
1591750,0
1591800,0
1591850,0
1591900,0
1591950,0
1592000,0
1592050,0
1592100,0
1592150,0
1592200,0
1592250,0
1592300,0
1592350,0
1592400,0
1592450,0
1592500,0
1592550,0
1592600,0
1592650,0
1592700,0
1592750,0
1592800,0
1592850,0
1592900,0
1592950,0
1593000,0
1593050,0
1593100,0
1593150,0
1593200,0
1593250,0
1593300,0
1593350,0
1593400,0
1593450,0
1593500,0
1593550,0
1593600,0
1593650,0
1593700,0
1593750,0
1593800,0
1593850,0
1593900,0
1593950,0
1594000,0
1594050,0
1594100,0
1594150,0
1594200,0
1594250,0
1594300,0
1594350,0
1594400,0
1594450,0
1594500,0
1594550,0
1594600,0
1594650,0
1594700,0
1594750,0
1594800,0
1594850,0
1594900,0
1594950,0
1595000,0
1595050,0
1595100,0
1595150,0
1595200,0
1595250,0
1595300,0
1595350,0
1595400,0
1595450,0
1595500,0
1595550,0
1595600,0
1595650,0
1595700,0
1595750,0
1595800,0
1595850,0
1595900,0
1595950,0
1596000,0
1596050,0
1596100,0
1596150,0
1596200,0
1596250,0
1596300,0
1596350,0
1596400,0
1596450,0
1596500,0
1596550,0
1596600,0
1596650,0
1596700,0
1596750,0
1596800,0
1596850,0
1596900,0
1596950,0
1597000,0
1597050,0
1597100,0
1597150,0
1597200,0
1597250,0
1597300,0
1597350,0
1597400,0
1597450,0
1597500,0
1597550,0
1597600,0
1597650,0
1597700,0
1597750,0
1597800,0
1597850,0
1597900,0
1597950,0
1598000,0
1598050,0
1598100,0
1598150,0
1598200,0
1598250,0
1598300,0
1598350,0
1598400,0
1598450,0
1598500,0
1598550,0
1598600,0
1598650,0
1598700,0
1598750,0
1598800,0
1598850,0
1598900,0
1598950,0
1599000,0
1599050,0
1599100,0
1599150,0
1599200,0
1599250,0
1599300,0
1599350,0
1599400,0
1599450,0
1599500,0
1599550,0
1599600,0
1599650,0
1599700,0
1599750,0
1599800,0
1599850,0
1599900,0
1599950,0
1600000,0
1600050,0
1600100,0
1600150,0
1600200,0
1600250,0
1600300,0
1600350,0
1600400,0
1600450,0
1600500,0
1600550,0
1600600,0
1600650,0
1600700,0
1600750,0
1600800,0
1600850,0
1600900,0
1600950,0
1601000,0
1601050,0
1601100,0
1601150,0
1601200,0
1601250,0
1601300,0
1601350,0
1601400,0
1601450,0
1601500,0
1601550,0
1601600,0
1601650,0
1601700,0
1601750,0
1601800,0
1601850,0
1601900,0
1601950,0
1602000,0
1602050,0
1602100,0
1602150,0
1602200,0
1602250,0
1602300,0
1602350,0
1602400,0
1602450,0
1602500,0
1602550,0
1602600,0
1602650,0
1602700,0
1602750,0
1602800,0
1602850,0
1602900,0
1602950,0
1603000,0
1603050,0
1603100,0
1603150,0
1603200,0
1603250,0
1603300,0
1603350,0
1603400,0
1603450,0
1603500,0
1603550,0
1603600,0
1603650,0
1603700,0
1603750,0
1603800,0
1603850,0
1603900,0
1603950,0
1604000,0
1604050,0
1604100,0
1604150,0
1604200,0
1604250,0
1604300,0
1604350,0
1604400,0
1604450,0
1604500,0
1604550,0
1604600,0
1604650,0
1604700,0
1604750,0
1604800,0
1604850,0
1604900,0
1604950,0
1605000,0
1605050,0
1605100,0
1605150,0
1605200,0
1605250,0
1605300,0
1605350,0
1605400,0
1605450,0
1605500,0
1605550,0
1605600,0
1605650,0
1605700,0
1605750,0
1605800,0
1605850,0
1605900,0
1605950,0
1606000,0
1606050,0
1606100,0
1606150,0
1606200,0
1606250,0
1606300,0
1606350,0
1606400,0
1606450,0
1606500,0
1606550,0
1606600,0
1606650,0
1606700,0
1606750,0
1606800,0
1606850,0
1606900,0
1606950,0
1607000,0
1607050,0
1607100,0
1607150,0
1607200,0
1607250,0
1607300,0
1607350,0
1607400,0
1607450,0
1607500,0
1607550,0
1607600,0
1607650,0
1607700,0
1607750,0
1607800,0
1607850,0
1607900,0
1607950,0
1608000,0
1608050,0
1608100,0
1608150,0
1608200,0
1608250,0
1608300,0
1608350,0
1608400,0
1608450,0
1608500,0
1608550,0
1608600,0
1608650,0
1608700,0
1608750,0
1608800,0
1608850,0
1608900,0
1608950,0
1609000,0
1609050,0
1609100,0
1609150,0
1609200,0
1609250,0
1609300,0
1609350,0
1609400,0
1609450,0
1609500,0
1609550,0
1609600,0
1609650,0
1609700,0
1609750,0
1609800,0
1609850,0
1609900,0
1609950,0
1610000,0
1610050,0
1610100,0
1610150,0
1610200,0
1610250,0
1610300,0
1610350,0
1610400,0
1610450,0
1610500,0
1610550,0
1610600,0
1610650,0
1610700,0
1610750,0
1610800,0
1610850,0
1610900,0
1610950,0
1611000,0
1611050,0
1611100,0
1611150,0
1611200,0
1611250,0
1611300,0
1611350,0
1611400,0
1611450,0
1611500,0
1611550,0
1611600,0
1611650,0
1611700,0
1611750,0
1611800,0
1611850,0
1611900,0
1611950,0
1612000,0
1612050,0
1612100,0
1612150,0
1612200,0
1612250,0
1612300,0
1612350,0
1612400,0
1612450,0
1612500,0
1612550,0
1612600,0
1612650,0
1612700,0
1612750,0
1612800,0
1612850,0
1612900,0
1612950,0
1613000,0
1613050,0
1613100,0
1613150,0
1613200,0
1613250,0
1613300,0
1613350,0
1613400,0
1613450,0
1613500,0
1613550,0
1613600,0
1613650,0
1613700,0
1613750,0
1613800,0
1613850,0
1613900,0
1613950,0
1614000,0
1614050,0
1614100,0
1614150,0
1614200,0
1614250,0
1614300,0
1614350,0
1614400,0
1614450,0
1614500,0
1614550,0
1614600,0
1614650,0
1614700,0
1614750,0
1614800,0
1614850,0
1614900,0
1614950,0
1615000,0
1615050,0
1615100,0
1615150,0
1615200,0
1615250,0
1615300,0
1615350,0
1615400,0
1615450,0
1615500,0
1615550,0
1615600,0
1615650,0
1615700,0
1615750,0
1615800,0
1615850,0
1615900,0
1615950,0
1616000,0
1616050,0
1616100,0
1616150,0
1616200,0
1616250,0
1616300,0
1616350,0
1616400,0
1616450,0
1616500,0
1616550,0
1616600,0
1616650,0
1616700,0
1616750,0
1616800,0
1616850,0
1616900,0
1616950,0
1617000,0
1617050,0
1617100,0
1617150,0
1617200,0
1617250,0
1617300,0
1617350,0
1617400,0
1617450,0
1617500,0
1617550,0
1617600,0
1617650,0
1617700,0
1617750,0
1617800,0
1617850,0
1617900,0
1617950,0
1618000,0
1618050,0
1618100,0
1618150,0
1618200,0
1618250,0
1618300,0
1618350,0
1618400,0
1618450,0
1618500,0
1618550,0
1618600,0
1618650,0
1618700,0
1618750,0
1618800,0
1618850,0
1618900,0
1618950,0
1619000,0
1619050,0
1619100,0
1619150,0
1619200,0
1619250,0
1619300,0
1619350,0
1619400,0
1619450,0
1619500,0
1619550,0
1619600,0
1619650,0
1619700,0
1619750,0
1619800,0
1619850,0
1619900,0
1619950,0
1620000,0
1620050,0
1620100,0
1620150,0
1620200,0
1620250,0
1620300,0
1620350,0
1620400,0
1620450,0
1620500,0
1620550,0
1620600,0
1620650,0
1620700,0
1620750,0
1620800,0
1620850,0
1620900,0
1620950,0
1621000,0
1621050,0
1621100,0
1621150,0
1621200,0
1621250,0
1621300,0
1621350,0
1621400,0
1621450,0
1621500,0
1621550,0
1621600,0
1621650,0
1621700,0
1621750,0
1621800,0
1621850,0
1621900,0
1621950,0
1622000,0
1622050,0
1622100,0
1622150,0
1622200,0
1622250,0
1622300,0
1622350,0
1622400,0
1622450,0
1622500,0
1622550,0
1622600,0
1622650,0
1622700,0
1622750,0
1622800,0
1622850,0
1622900,0
1622950,0
1623000,0
1623050,0
1623100,0
1623150,0
1623200,0
1623250,0
1623300,0
1623350,0
1623400,0
1623450,0
1623500,0
1623550,0
1623600,0
1623650,0
1623700,0
1623750,0
1623800,0
1623850,0
1623900,0
1623950,0
1624000,0
1624050,0
1624100,0
1624150,0
1624200,0
1624250,0
1624300,0
1624350,0
1624400,0
1624450,0
1624500,0
1624550,0
1624600,0
1624650,0
1624700,0
1624750,0
1624800,0
1624850,0
1624900,0
1624950,0
1625000,0
1625050,0
1625100,0
1625150,0
1625200,0
1625250,0
1625300,0
1625350,0
1625400,0
1625450,0
1625500,0
1625550,0
1625600,0
1625650,0
1625700,0
1625750,0
1625800,0
1625850,0
1625900,0
1625950,0
1626000,0
1626050,0
1626100,0
1626150,0
1626200,0
1626250,0
1626300,0
1626350,0
1626400,0
1626450,0
1626500,0
1626550,0
1626600,0
1626650,0
1626700,0
1626750,0
1626800,0
1626850,0
1626900,0
1626950,0
1627000,0
1627050,0
1627100,0
1627150,0
1627200,0
1627250,0
1627300,0
1627350,0
1627400,0
1627450,0
1627500,0
1627550,0
1627600,0
1627650,0
1627700,0
1627750,0
1627800,0
1627850,0
1627900,0
1627950,0
1628000,0
1628050,0
1628100,0
1628150,0
1628200,0
1628250,0
1628300,0
1628350,0
1628400,0
1628450,0
1628500,0
1628550,0
1628600,0
1628650,0
1628700,0
1628750,0
1628800,0
1628850,0
1628900,0
1628950,0
1629000,0
1629050,0
1629100,0
1629150,0
1629200,0
1629250,0
1629300,0
1629350,0
1629400,0
1629450,0
1629500,0
1629550,0
1629600,0
1629650,0
1629700,0
1629750,0
1629800,0
1629850,0
1629900,0
1629950,0
1630000,0
1630050,0
1630100,0
1630150,0
1630200,0
1630250,0
1630300,0
1630350,0
1630400,0
1630450,0
1630500,0
1630550,0
1630600,0
1630650,0
1630700,0
1630750,0
1630800,0
1630850,0
1630900,0
1630950,0
1631000,0
1631050,0
1631100,0
1631150,0
1631200,0
1631250,0
1631300,0
1631350,0
1631400,0
1631450,0
1631500,0
1631550,0
1631600,0
1631650,0
1631700,0
1631750,0
1631800,0
1631850,0
1631900,0
1631950,0
1632000,0
1632050,0
1632100,0
1632150,0
1632200,0
1632250,0
1632300,0
1632350,0
1632400,0
1632450,0
1632500,0
1632550,0
1632600,0
1632650,0
1632700,0
1632750,0
1632800,0
1632850,0
1632900,0
1632950,0
1633000,0
1633050,0
1633100,0
1633150,0
1633200,0
1633250,0
1633300,0
1633350,0
1633400,0
1633450,0
1633500,0
1633550,0
1633600,0
1633650,0
1633700,0
1633750,0
1633800,0
1633850,0
1633900,0
1633950,0
1634000,0
1634050,0
1634100,0
1634150,0
1634200,0
1634250,0
1634300,0
1634350,0
1634400,0
1634450,0
1634500,0
1634550,0
1634600,0
1634650,0
1634700,0
1634750,0
1634800,0
1634850,0
1634900,0
1634950,0
1635000,0
1635050,0
1635100,0
1635150,0
1635200,0
1635250,0
1635300,0
1635350,0
1635400,0
1635450,0
1635500,0
1635550,0
1635600,0
1635650,0
1635700,0
1635750,0
1635800,0
1635850,0
1635900,0
1635950,0
1636000,0
1636050,0
1636100,0
1636150,0
1636200,0
1636250,0
1636300,0
1636350,0
1636400,0
1636450,0
1636500,0
1636550,0
1636600,0
1636650,0
1636700,0
1636750,0
1636800,0
1636850,0
1636900,0
1636950,0
1637000,0
1637050,0
1637100,0
1637150,0
1637200,0
1637250,0
1637300,0
1637350,0
1637400,0
1637450,0
1637500,0
1637550,0
1637600,0
1637650,0
1637700,0
1637750,0
1637800,0
1637850,0
1637900,0
1637950,0
1638000,0
1638050,0
1638100,0
1638150,0
1638200,0
1638250,0
1638300,0
1638350,0
1638400,0
1638450,0
1638500,0
1638550,0
1638600,0
1638650,0
1638700,0
1638750,0
1638800,0
1638850,0
1638900,0
1638950,0
1639000,0
1639050,0
1639100,0
1639150,0
1639200,0
1639250,0
1639300,0
1639350,0
1639400,0
1639450,0
1639500,0
1639550,0
1639600,0
1639650,0
1639700,0
1639750,0
1639800,0
1639850,0
1639900,0
1639950,0
1640000,0
1640050,0
1640100,0
1640150,0
1640200,0
1640250,0
1640300,0
1640350,0
1640400,0
1640450,0
1640500,0
1640550,0
1640600,0
1640650,0
1640700,0
1640750,0
1640800,0
1640850,0
1640900,0
1640950,0
1641000,0
1641050,0
1641100,0
1641150,0
1641200,0
1641250,0
1641300,0
1641350,0
1641400,0
1641450,0
1641500,0
1641550,0
1641600,0
1641650,0
1641700,0
1641750,0
1641800,0
1641850,0
1641900,0
1641950,0
1642000,0
1642050,0
1642100,0
1642150,0
1642200,0
1642250,0
1642300,0
1642350,0
1642400,0
1642450,0
1642500,0
1642550,0
1642600,0
1642650,0
1642700,0
1642750,0
1642800,0
1642850,0
1642900,0
1642950,0
1643000,0
1643050,0
1643100,0
1643150,0
1643200,0
1643250,0
1643300,0
1643350,0
1643400,0
1643450,0
1643500,0
1643550,0
1643600,0
1643650,0
1643700,0
1643750,0
1643800,0
1643850,0
1643900,0
1643950,0
1644000,0
1644050,0
1644100,0
1644150,0
1644200,0
1644250,0
1644300,0
1644350,0
1644400,0
1644450,0
1644500,0
1644550,0
1644600,0
1644650,0
1644700,0
1644750,0
1644800,0
1644850,0
1644900,0
1644950,0
1645000,0
1645050,0
1645100,0
1645150,0
1645200,0
1645250,0
1645300,0
1645350,0
1645400,0
1645450,0
1645500,0
1645550,0
1645600,0
1645650,0
1645700,0
1645750,0
1645800,0
1645850,0
1645900,0
1645950,0
1646000,0
1646050,0
1646100,0
1646150,0
1646200,0
1646250,0
1646300,0
1646350,0
1646400,0
1646450,0
1646500,0
1646550,0
1646600,0
1646650,0
1646700,0
1646750,0
1646800,0
1646850,0
1646900,0
1646950,0
1647000,0
1647050,0
1647100,0
1647150,0
1647200,0
1647250,0
1647300,0
1647350,0
1647400,0
1647450,0
1647500,0
1647550,0
1647600,0
1647650,0
1647700,0
1647750,0
1647800,0
1647850,0
1647900,0
1647950,0
1648000,0
1648050,0
1648100,0
1648150,0
1648200,0
1648250,0
1648300,0
1648350,0
1648400,0
1648450,0
1648500,0
1648550,0
1648600,0
1648650,0
1648700,0
1648750,0
1648800,0
1648850,0
1648900,0
1648950,0
1649000,0
1649050,0
1649100,0
1649150,0
1649200,0
1649250,0
1649300,0
1649350,0
1649400,0
1649450,0
1649500,0
1649550,0
1649600,0
1649650,0
1649700,0
1649750,0
1649800,0
1649850,0
1649900,0
1649950,0
1650000,0
1650050,0
1650100,0
1650150,0
1650200,0
1650250,0
1650300,0
1650350,0
1650400,0
1650450,0
1650500,0
1650550,0
1650600,0
1650650,0
1650700,0
1650750,0
1650800,0
1650850,0
1650900,0
1650950,0
1651000,0
1651050,0
1651100,0
1651150,0
1651200,0
1651250,0
1651300,0
1651350,0
1651400,0
1651450,0
1651500,0
1651550,0
1651600,0
1651650,0
1651700,0
1651750,0
1651800,0
1651850,0
1651900,0
1651950,0
1652000,0
1652050,0
1652100,0
1652150,0
1652200,0
1652250,0
1652300,0
1652350,0
1652400,0
1652450,0
1652500,0
1652550,0
1652600,0
1652650,0
1652700,0
1652750,0
1652800,0
1652850,0
1652900,0
1652950,0
1653000,0
1653050,0
1653100,0
1653150,0
1653200,0
1653250,0
1653300,0
1653350,0
1653400,0
1653450,0
1653500,0
1653550,0
1653600,0
1653650,0
1653700,0
1653750,0
1653800,0
1653850,0
1653900,0
1653950,0
1654000,0
1654050,0
1654100,0
1654150,0
1654200,0
1654250,0
1654300,0
1654350,0
1654400,0
1654450,0
1654500,0
1654550,0
1654600,0
1654650,0
1654700,0
1654750,0
1654800,0
1654850,0
1654900,0
1654950,0
1655000,0
1655050,0
1655100,0
1655150,0
1655200,0
1655250,0
1655300,0
1655350,0
1655400,0
1655450,0
1655500,0
1655550,0
1655600,0
1655650,0
1655700,0
1655750,0
1655800,0
1655850,0
1655900,0
1655950,0
1656000,0
1656050,0
1656100,0
1656150,0
1656200,0
1656250,0
1656300,0
1656350,0
1656400,0
1656450,0
1656500,0
1656550,0
1656600,0
1656650,0
1656700,0
1656750,0
1656800,0
1656850,0
1656900,0
1656950,0
1657000,0
1657050,0
1657100,0
1657150,0
1657200,0
1657250,0
1657300,0
1657350,0
1657400,0
1657450,0
1657500,0
1657550,0
1657600,0
1657650,0
1657700,0
1657750,0
1657800,0
1657850,0
1657900,0
1657950,0
1658000,0
1658050,0
1658100,0
1658150,0
1658200,0
1658250,0
1658300,0
1658350,0
1658400,0
1658450,0
1658500,0
1658550,0
1658600,0
1658650,0
1658700,0
1658750,0
1658800,0
1658850,0
1658900,0
1658950,0
1659000,0
1659050,0
1659100,0
1659150,0
1659200,0
1659250,0
1659300,0
1659350,0
1659400,0
1659450,0
1659500,0
1659550,0
1659600,0
1659650,0
1659700,0
1659750,0
1659800,0
1659850,0
1659900,0
1659950,0
1660000,0
1660050,0
1660100,0
1660150,0
1660200,0
1660250,0
1660300,0
1660350,0
1660400,0
1660450,0
1660500,0
1660550,0
1660600,0
1660650,0
1660700,0
1660750,0
1660800,0
1660850,0
1660900,0
1660950,0
1661000,0
1661050,0
1661100,0
1661150,0
1661200,0
1661250,0
1661300,0
1661350,0
1661400,0
1661450,0
1661500,0
1661550,0
1661600,0
1661650,0
1661700,0
1661750,0
1661800,0
1661850,0
1661900,0
1661950,0
1662000,0
1662050,0
1662100,0
1662150,0
1662200,0
1662250,0
1662300,0
1662350,0
1662400,0
1662450,0
1662500,0
1662550,0
1662600,0
1662650,0
1662700,0
1662750,0
1662800,0
1662850,0
1662900,0
1662950,0
1663000,0
1663050,0
1663100,0
1663150,0
1663200,0
1663250,0
1663300,0
1663350,0
1663400,0
1663450,0
1663500,0
1663550,0
1663600,0
1663650,0
1663700,0
1663750,0
1663800,0
1663850,0
1663900,0
1663950,0
1664000,0
1664050,0
1664100,0
1664150,0
1664200,0
1664250,0
1664300,0
1664350,0
1664400,0
1664450,0
1664500,0
1664550,0
1664600,0
1664650,0
1664700,0
1664750,0
1664800,0
1664850,0
1664900,0
1664950,0
1665000,0
1665050,0
1665100,0
1665150,0
1665200,0
1665250,0
1665300,0
1665350,0
1665400,0
1665450,0
1665500,0
1665550,0
1665600,0
1665650,0
1665700,0
1665750,0
1665800,0
1665850,0
1665900,0
1665950,0
1666000,0
1666050,0
1666100,0
1666150,0
1666200,0
1666250,0
1666300,0
1666350,0
1666400,0
1666450,0
1666500,0
1666550,0
1666600,0
1666650,0
1666700,0
1666750,0
1666800,0
1666850,0
1666900,0
1666950,0
1667000,0
1667050,0
1667100,0
1667150,0
1667200,0
1667250,0
1667300,0
1667350,0
1667400,0
1667450,0
1667500,0
1667550,0
1667600,0
1667650,0
1667700,0
1667750,0
1667800,0
1667850,0
1667900,0
1667950,0
1668000,0
1668050,0
1668100,0
1668150,0
1668200,0
1668250,0
1668300,0
1668350,0
1668400,0
1668450,0
1668500,0
1668550,0
1668600,0
1668650,0
1668700,0
1668750,0
1668800,0
1668850,0
1668900,0
1668950,0
1669000,0
1669050,0
1669100,0
1669150,0
1669200,0
1669250,0
1669300,0
1669350,0
1669400,0
1669450,0
1669500,0
1669550,0
1669600,0
1669650,0
1669700,0
1669750,0
1669800,0
1669850,0
1669900,0
1669950,0
1670000,0
1670050,0
1670100,0
1670150,0
1670200,0
1670250,0
1670300,0
1670350,0
1670400,0
1670450,0
1670500,0
1670550,0
1670600,0
1670650,0
1670700,0
1670750,0
1670800,0
1670850,0
1670900,0
1670950,0
1671000,0
1671050,0
1671100,0
1671150,0
1671200,0
1671250,0
1671300,0
1671350,0
1671400,0
1671450,0
1671500,0
1671550,0
1671600,0
1671650,0
1671700,0
1671750,0
1671800,0
1671850,0
1671900,0
1671950,0
1672000,0
1672050,0
1672100,0
1672150,0
1672200,0
1672250,0
1672300,0
1672350,0
1672400,0
1672450,0
1672500,0
1672550,0
1672600,0
1672650,0
1672700,0
1672750,0
1672800,0
1672850,0
1672900,0
1672950,0
1673000,0
1673050,0
1673100,0
1673150,0
1673200,0
1673250,0
1673300,0
1673350,0
1673400,0
1673450,0
1673500,0
1673550,0
1673600,0
1673650,0
1673700,0
1673750,0
1673800,0
1673850,0
1673900,0
1673950,0
1674000,0
1674050,0
1674100,0
1674150,0
1674200,0
1674250,0
1674300,0
1674350,0
1674400,0
1674450,0
1674500,0
1674550,0
1674600,0
1674650,0
1674700,0
1674750,0
1674800,0
1674850,0
1674900,0
1674950,0
1675000,0
1675050,0
1675100,0
1675150,0
1675200,0
1675250,0
1675300,0
1675350,0
1675400,0
1675450,0
1675500,0
1675550,0
1675600,0
1675650,0
1675700,0
1675750,0
1675800,0
1675850,0
1675900,0
1675950,0
1676000,0
1676050,0
1676100,0
1676150,0
1676200,0
1676250,0
1676300,0
1676350,0
1676400,0
1676450,0
1676500,0
1676550,0
1676600,0
1676650,0
1676700,0
1676750,0
1676800,0
1676850,0
1676900,0
1676950,0
1677000,0
1677050,0
1677100,0
1677150,0
1677200,0
1677250,0
1677300,0
1677350,0
1677400,0
1677450,0
1677500,0
1677550,0
1677600,0
1677650,0
1677700,0
1677750,0
1677800,0
1677850,0
1677900,0
1677950,0
1678000,0
1678050,0
1678100,0
1678150,0
1678200,0
1678250,0
1678300,0
1678350,0
1678400,0
1678450,0
1678500,0
1678550,0
1678600,0
1678650,0
1678700,0
1678750,0
1678800,0
1678850,0
1678900,0
1678950,0
1679000,0
1679050,0
1679100,0
1679150,0
1679200,0
1679250,0
1679300,0
1679350,0
1679400,0
1679450,0
1679500,0
1679550,0
1679600,0
1679650,0
1679700,0
1679750,0
1679800,0
1679850,0
1679900,0
1679950,0
1680000,0
1680050,0
1680100,0
1680150,0
1680200,0
1680250,0
1680300,0
1680350,0
1680400,0
1680450,0
1680500,0
1680550,0
1680600,0
1680650,0
1680700,0
1680750,0
1680800,0
1680850,0
1680900,0
1680950,0
1681000,0
1681050,0
1681100,0
1681150,0
1681200,0
1681250,0
1681300,0
1681350,0
1681400,0
1681450,0
1681500,0
1681550,0
1681600,0
1681650,0
1681700,0
1681750,0
1681800,0
1681850,0
1681900,0
1681950,0
1682000,0
1682050,0
1682100,0
1682150,0
1682200,0
1682250,0
1682300,0
1682350,0
1682400,0
1682450,0
1682500,0
1682550,0
1682600,0
1682650,0
1682700,0
1682750,0
1682800,0
1682850,0
1682900,0
1682950,0
1683000,0
1683050,0
1683100,0
1683150,0
1683200,0
1683250,0
1683300,0
1683350,0
1683400,0
1683450,0
1683500,0
1683550,0
1683600,0
1683650,0
1683700,0
1683750,0
1683800,0
1683850,0
1683900,0
1683950,0
1684000,0
1684050,0
1684100,0
1684150,0
1684200,0
1684250,0
1684300,0
1684350,0
1684400,0
1684450,0
1684500,0
1684550,0
1684600,0
1684650,0
1684700,0
1684750,0
1684800,0
1684850,0
1684900,0
1684950,0
1685000,0
1685050,0
1685100,0
1685150,0
1685200,0
1685250,0
1685300,0
1685350,0
1685400,0
1685450,0
1685500,0
1685550,0
1685600,0
1685650,0
1685700,0
1685750,0
1685800,0
1685850,0
1685900,0
1685950,0
1686000,0
1686050,0
1686100,0
1686150,0
1686200,0
1686250,0
1686300,0
1686350,0
1686400,0
1686450,0
1686500,0
1686550,0
1686600,0
1686650,0
1686700,0
1686750,0
1686800,0
1686850,0
1686900,0
1686950,0
1687000,0
1687050,0
1687100,0
1687150,0
1687200,0
1687250,0
1687300,0
1687350,0
1687400,0
1687450,0
1687500,0
1687550,0
1687600,0
1687650,0
1687700,0
1687750,0
1687800,0
1687850,0
1687900,0
1687950,0
1688000,0
1688050,0
1688100,0
1688150,0
1688200,0
1688250,0
1688300,0
1688350,0
1688400,0
1688450,0
1688500,0
1688550,0
1688600,0
1688650,0
1688700,0
1688750,0
1688800,0
1688850,0
1688900,0
1688950,0
1689000,0
1689050,0
1689100,0
1689150,0
1689200,0
1689250,0
1689300,0
1689350,0
1689400,0
1689450,0
1689500,0
1689550,0
1689600,0
1689650,0
1689700,0
1689750,0
1689800,0
1689850,0
1689900,0
1689950,0
1690000,0
1690050,0
1690100,0
1690150,0
1690200,0
1690250,0
1690300,0
1690350,0
1690400,0
1690450,0
1690500,0
1690550,0
1690600,0
1690650,0
1690700,0
1690750,0
1690800,0
1690850,0
1690900,0
1690950,0
1691000,0
1691050,0
1691100,0
1691150,0
1691200,0
1691250,0
1691300,0
1691350,0
1691400,0
1691450,0
1691500,0
1691550,0
1691600,0
1691650,0
1691700,0
1691750,0
1691800,0
1691850,0
1691900,0
1691950,0
1692000,0
1692050,0
1692100,0
1692150,0
1692200,0
1692250,0
1692300,0
1692350,0
1692400,0
1692450,0
1692500,0
1692550,0
1692600,0
1692650,0
1692700,0
1692750,0
1692800,0
1692850,0
1692900,0
1692950,0
1693000,0
1693050,0
1693100,0
1693150,0
1693200,0
1693250,0
1693300,0
1693350,0
1693400,0
1693450,0
1693500,0
1693550,0
1693600,0
1693650,0
1693700,0
1693750,0
1693800,0
1693850,0
1693900,0
1693950,0
1694000,0
1694050,0
1694100,0
1694150,0
1694200,0
1694250,0
1694300,0
1694350,0
1694400,0
1694450,0
1694500,0
1694550,0
1694600,0
1694650,0
1694700,0
1694750,0
1694800,0
1694850,0
1694900,0
1694950,0
1695000,0
1695050,0
1695100,0
1695150,0
1695200,0
1695250,0
1695300,0
1695350,0
1695400,0
1695450,0
1695500,0
1695550,0
1695600,0
1695650,0
1695700,0
1695750,0
1695800,0
1695850,0
1695900,0
1695950,0
1696000,0
1696050,0
1696100,0
1696150,0
1696200,0
1696250,0
1696300,0
1696350,0
1696400,0
1696450,0
1696500,0
1696550,0
1696600,0
1696650,0
1696700,0
1696750,0
1696800,0
1696850,0
1696900,0
1696950,0
1697000,0
1697050,0
1697100,0
1697150,0
1697200,0
1697250,0
1697300,0
1697350,0
1697400,0
1697450,0
1697500,0
1697550,0
1697600,0
1697650,0
1697700,0
1697750,0
1697800,0
1697850,0
1697900,0
1697950,0
1698000,0
1698050,0
1698100,0
1698150,0
1698200,0
1698250,0
1698300,0
1698350,0
1698400,0
1698450,0
1698500,0
1698550,0
1698600,0
1698650,0
1698700,0
1698750,0
1698800,0
1698850,0
1698900,0
1698950,0
1699000,0
1699050,0
1699100,0
1699150,0
1699200,0
1699250,0
1699300,0
1699350,0
1699400,0
1699450,0
1699500,0
1699550,0
1699600,0
1699650,0
1699700,0
1699750,0
1699800,0
1699850,0
1699900,0
1699950,0
1700000,0
1700050,0
1700100,0
1700150,0
1700200,0
1700250,0
1700300,0
1700350,0
1700400,0
1700450,0
1700500,0
1700550,0
1700600,0
1700650,0
1700700,0
1700750,0
1700800,0
1700850,0
1700900,0
1700950,0
1701000,0
1701050,0
1701100,0
1701150,0
1701200,0
1701250,0
1701300,0
1701350,0
1701400,0
1701450,0
1701500,0
1701550,0
1701600,0
1701650,0
1701700,0
1701750,0
1701800,0
1701850,0
1701900,0
1701950,0
1702000,0
1702050,0
1702100,0
1702150,0
1702200,0
1702250,0
1702300,0
1702350,0
1702400,0
1702450,0
1702500,0
1702550,0
1702600,0
1702650,0
1702700,0
1702750,0
1702800,0
1702850,0
1702900,0
1702950,0
1703000,0
1703050,0
1703100,0
1703150,0
1703200,0
1703250,0
1703300,0
1703350,0
1703400,0
1703450,0
1703500,0
1703550,0
1703600,0
1703650,0
1703700,0
1703750,0
1703800,0
1703850,0
1703900,0
1703950,0
1704000,0
1704050,0
1704100,0
1704150,0
1704200,0
1704250,0
1704300,0
1704350,0
1704400,0
1704450,0
1704500,0
1704550,0
1704600,0
1704650,0
1704700,0
1704750,0
1704800,0
1704850,0
1704900,0
1704950,0
1705000,0
1705050,0
1705100,0
1705150,0
1705200,0
1705250,0
1705300,0
1705350,0
1705400,0
1705450,0
1705500,0
1705550,0
1705600,0
1705650,0
1705700,0
1705750,0
1705800,0
1705850,0
1705900,0
1705950,0
1706000,0
1706050,0
1706100,0
1706150,0
1706200,0
1706250,0
1706300,0
1706350,0
1706400,0
1706450,0
1706500,0
1706550,0
1706600,0
1706650,0
1706700,0
1706750,0
1706800,0
1706850,0
1706900,0
1706950,0
1707000,0
1707050,0
1707100,0
1707150,0
1707200,0
1707250,0
1707300,0
1707350,0
1707400,0
1707450,0
1707500,0
1707550,0
1707600,0
1707650,0
1707700,0
1707750,0
1707800,0
1707850,0
1707900,0
1707950,0
1708000,0
1708050,0
1708100,0
1708150,0
1708200,0
1708250,0
1708300,0
1708350,0
1708400,0
1708450,0
1708500,0
1708550,0
1708600,0
1708650,0
1708700,0
1708750,0
1708800,0
1708850,0
1708900,0
1708950,0
1709000,0
1709050,0
1709100,0
1709150,0
1709200,0
1709250,0
1709300,0
1709350,0
1709400,0
1709450,0
1709500,0
1709550,0
1709600,0
1709650,0
1709700,0
1709750,0
1709800,0
1709850,0
1709900,0
1709950,0
1710000,0
1710050,0
1710100,0
1710150,0
1710200,0
1710250,0
1710300,0
1710350,0
1710400,0
1710450,0
1710500,0
1710550,0
1710600,0
1710650,0
1710700,0
1710750,0
1710800,0
1710850,0
1710900,0
1710950,0
1711000,0
1711050,0
1711100,0
1711150,0
1711200,0
1711250,0
1711300,0
1711350,0
1711400,0
1711450,0
1711500,0
1711550,0
1711600,0
1711650,0
1711700,0
1711750,0
1711800,0
1711850,0
1711900,0
1711950,0
1712000,0
1712050,0
1712100,0
1712150,0
1712200,0
1712250,0
1712300,0
1712350,0
1712400,0
1712450,0
1712500,0
1712550,0
1712600,0
1712650,0
1712700,0
1712750,0
1712800,0
1712850,0
1712900,0
1712950,0
1713000,0
1713050,0
1713100,0
1713150,0
1713200,0
1713250,0
1713300,0
1713350,0
1713400,0
1713450,0
1713500,0
1713550,0
1713600,0
1713650,0
1713700,0
1713750,0
1713800,0
1713850,0
1713900,0
1713950,0
1714000,0
1714050,0
1714100,0
1714150,0
1714200,0
1714250,0
1714300,0
1714350,0
1714400,0
1714450,0
1714500,0
1714550,0
1714600,0
1714650,0
1714700,0
1714750,0
1714800,0
1714850,0
1714900,0
1714950,0
1715000,0
1715050,0
1715100,0
1715150,0
1715200,0
1715250,0
1715300,0
1715350,0
1715400,0
1715450,0
1715500,0
1715550,0
1715600,0
1715650,0
1715700,0
1715750,0
1715800,0
1715850,0
1715900,0
1715950,0
1716000,0
1716050,0
1716100,0
1716150,0
1716200,0
1716250,0
1716300,0
1716350,0
1716400,0
1716450,0
1716500,0
1716550,0
1716600,0
1716650,0
1716700,0
1716750,0
1716800,0
1716850,0
1716900,0
1716950,0
1717000,0
1717050,0
1717100,0
1717150,0
1717200,0
1717250,0
1717300,0
1717350,0
1717400,0
1717450,0
1717500,0
1717550,0
1717600,0
1717650,0
1717700,0
1717750,0
1717800,0
1717850,0
1717900,0
1717950,0
1718000,0
1718050,0
1718100,0
1718150,0
1718200,0
1718250,0
1718300,0
1718350,0
1718400,0
1718450,0
1718500,0
1718550,0
1718600,0
1718650,0
1718700,0
1718750,0
1718800,0
1718850,0
1718900,0
1718950,0
1719000,0
1719050,0
1719100,0
1719150,0
1719200,0
1719250,0
1719300,0
1719350,0
1719400,0
1719450,0
1719500,0
1719550,0
1719600,0
1719650,0
1719700,0
1719750,0
1719800,0
1719850,0
1719900,0
1719950,0
1720000,0
1720050,0
1720100,0
1720150,0
1720200,0
1720250,0
1720300,0
1720350,0
1720400,0
1720450,0
1720500,0
1720550,0
1720600,0
1720650,0
1720700,0
1720750,0
1720800,0
1720850,0
1720900,0
1720950,0
1721000,0
1721050,0
1721100,0
1721150,0
1721200,0
1721250,0
1721300,0
1721350,0
1721400,0
1721450,0
1721500,0
1721550,0
1721600,0
1721650,0
1721700,0
1721750,0
1721800,0
1721850,0
1721900,0
1721950,0
1722000,0
1722050,0
1722100,0
1722150,0
1722200,0
1722250,0
1722300,0
1722350,0
1722400,0
1722450,0
1722500,0
1722550,0
1722600,0
1722650,0
1722700,0
1722750,0
1722800,0
1722850,0
1722900,0
1722950,0
1723000,0
1723050,0
1723100,0
1723150,0
1723200,0
1723250,0
1723300,0
1723350,0
1723400,0
1723450,0
1723500,0
1723550,0
1723600,0
1723650,0
1723700,0
1723750,0
1723800,0
1723850,0
1723900,0
1723950,0
1724000,0
1724050,0
1724100,0
1724150,0
1724200,0
1724250,0
1724300,0
1724350,0
1724400,0
1724450,0
1724500,0
1724550,0
1724600,0
1724650,0
1724700,0
1724750,0
1724800,0
1724850,0
1724900,0
1724950,0
1725000,0
1725050,0
1725100,0
1725150,0
1725200,0
1725250,0
1725300,0
1725350,0
1725400,0
1725450,0
1725500,0
1725550,0
1725600,0
1725650,0
1725700,0
1725750,0
1725800,0
1725850,0
1725900,0
1725950,0
1726000,0
1726050,0
1726100,0
1726150,0
1726200,0
1726250,0
1726300,0
1726350,0
1726400,0
1726450,0
1726500,0
1726550,0
1726600,0
1726650,0
1726700,0
1726750,0
1726800,0
1726850,0
1726900,0
1726950,0
1727000,0
1727050,0
1727100,0
1727150,0
1727200,0
1727250,0
1727300,0
1727350,0
1727400,0
1727450,0
1727500,0
1727550,0
1727600,0
1727650,0
1727700,0
1727750,0
1727800,0
1727850,0
1727900,0
1727950,0
1728000,0
1728050,0
1728100,0
1728150,0
1728200,0
1728250,0
1728300,0
1728350,0
1728400,0
1728450,0
1728500,0
1728550,0
1728600,0
1728650,0
1728700,0
1728750,0
1728800,0
1728850,0
1728900,0
1728950,0
1729000,0
1729050,0
1729100,0
1729150,0
1729200,0
1729250,0
1729300,0
1729350,0
1729400,0
1729450,0
1729500,0
1729550,0
1729600,0
1729650,0
1729700,0
1729750,0
1729800,0
1729850,0
1729900,0
1729950,0
1730000,0
1730050,0
1730100,0
1730150,0
1730200,0
1730250,0
1730300,0
1730350,0
1730400,0
1730450,0
1730500,0
1730550,0
1730600,0
1730650,0
1730700,0
1730750,0
1730800,0
1730850,0
1730900,0
1730950,0
1731000,0
1731050,0
1731100,0
1731150,0
1731200,0
1731250,0
1731300,0
1731350,0
1731400,0
1731450,0
1731500,0
1731550,0
1731600,0
1731650,0
1731700,0
1731750,0
1731800,0
1731850,0
1731900,0
1731950,0
1732000,0
1732050,0
1732100,0
1732150,0
1732200,0
1732250,0
1732300,0
1732350,0
1732400,0
1732450,0
1732500,0
1732550,0
1732600,0
1732650,0
1732700,0
1732750,0
1732800,0
1732850,0
1732900,0
1732950,0
1733000,0
1733050,0
1733100,0
1733150,0
1733200,0
1733250,0
1733300,0
1733350,0
1733400,0
1733450,0
1733500,0
1733550,0
1733600,0
1733650,0
1733700,0
1733750,0
1733800,0
1733850,0
1733900,0
1733950,0
1734000,0
1734050,0
1734100,0
1734150,0
1734200,0
1734250,0
1734300,0
1734350,0
1734400,0
1734450,0
1734500,0
1734550,0
1734600,0
1734650,0
1734700,0
1734750,0
1734800,0
1734850,0
1734900,0
1734950,0
1735000,0
1735050,0
1735100,0
1735150,0
1735200,0
1735250,0
1735300,0
1735350,0
1735400,0
1735450,0
1735500,0
1735550,0
1735600,0
1735650,0
1735700,0
1735750,0
1735800,0
1735850,0
1735900,0
1735950,0
1736000,0
1736050,0
1736100,0
1736150,0
1736200,0
1736250,0
1736300,0
1736350,0
1736400,0
1736450,0
1736500,0
1736550,0
1736600,0
1736650,0
1736700,0
1736750,0
1736800,0
1736850,0
1736900,0
1736950,0
1737000,0
1737050,0
1737100,0
1737150,0
1737200,0
1737250,0
1737300,0
1737350,0
1737400,0
1737450,0
1737500,0
1737550,0
1737600,0
1737650,0
1737700,0
1737750,0
1737800,0
1737850,0
1737900,0
1737950,0
1738000,0
1738050,0
1738100,0
1738150,0
1738200,0
1738250,0
1738300,0
1738350,0
1738400,0
1738450,0
1738500,0
1738550,0
1738600,0
1738650,0
1738700,0
1738750,0
1738800,0
1738850,0
1738900,0
1738950,0
1739000,0
1739050,0
1739100,0
1739150,0
1739200,0
1739250,0
1739300,0
1739350,0
1739400,0
1739450,0
1739500,0
1739550,0
1739600,0
1739650,0
1739700,0
1739750,0
1739800,0
1739850,0
1739900,0
1739950,0
1740000,0
1740050,0
1740100,0
1740150,0
1740200,0
1740250,0
1740300,0
1740350,0
1740400,0
1740450,0
1740500,0
1740550,0
1740600,0
1740650,0
1740700,0
1740750,0
1740800,0
1740850,0
1740900,0
1740950,0
1741000,0
1741050,0
1741100,0
1741150,0
1741200,0
1741250,0
1741300,0
1741350,0
1741400,0
1741450,0
1741500,0
1741550,0
1741600,0
1741650,0
1741700,0
1741750,0
1741800,0
1741850,0
1741900,0
1741950,0
1742000,0
1742050,0
1742100,0
1742150,0
1742200,0
1742250,0
1742300,0
1742350,0
1742400,0
1742450,0
1742500,0
1742550,0
1742600,0
1742650,0
1742700,0
1742750,0
1742800,0
1742850,0
1742900,0
1742950,0
1743000,0
1743050,0
1743100,0
1743150,0
1743200,0
1743250,0
1743300,0
1743350,0
1743400,0
1743450,0
1743500,0
1743550,0
1743600,0
1743650,0
1743700,0
1743750,0
1743800,0
1743850,0
1743900,0
1743950,0
1744000,0
1744050,0
1744100,0
1744150,0
1744200,0
1744250,0
1744300,0
1744350,0
1744400,0
1744450,0
1744500,0
1744550,0
1744600,0
1744650,0
1744700,0
1744750,0
1744800,0
1744850,0
1744900,0
1744950,0
1745000,0
1745050,0
1745100,0
1745150,0
1745200,0
1745250,0
1745300,0
1745350,0
1745400,0
1745450,0
1745500,0
1745550,0
1745600,0
1745650,0
1745700,0
1745750,0
1745800,0
1745850,0
1745900,0
1745950,0
1746000,0
1746050,0
1746100,0
1746150,0
1746200,0
1746250,0
1746300,0
1746350,0
1746400,0
1746450,0
1746500,0
1746550,0
1746600,0
1746650,0
1746700,0
1746750,0
1746800,0
1746850,0
1746900,0
1746950,0
1747000,0
1747050,0
1747100,0
1747150,0
1747200,0
1747250,0
1747300,0
1747350,0
1747400,0
1747450,0
1747500,0
1747550,0
1747600,0
1747650,0
1747700,0
1747750,0
1747800,0
1747850,0
1747900,0
1747950,0
1748000,0
1748050,0
1748100,0
1748150,0
1748200,0
1748250,0
1748300,0
1748350,0
1748400,0
1748450,0
1748500,0
1748550,0
1748600,0
1748650,0
1748700,0
1748750,0
1748800,0
1748850,0
1748900,0
1748950,0
1749000,0
1749050,0
1749100,0
1749150,0
1749200,0
1749250,0
1749300,0
1749350,0
1749400,0
1749450,0
1749500,0
1749550,0
1749600,0
1749650,0
1749700,0
1749750,0
1749800,0
1749850,0
1749900,0
1749950,0
1750000,0
1750050,0
1750100,0
1750150,0
1750200,0
1750250,0
1750300,0
1750350,0
1750400,0
1750450,0
1750500,0
1750550,0
1750600,0
1750650,0
1750700,0
1750750,0
1750800,0
1750850,0
1750900,0
1750950,0
1751000,0
1751050,0
1751100,0
1751150,0
1751200,0
1751250,0
1751300,0
1751350,0
1751400,0
1751450,0
1751500,0
1751550,0
1751600,0
1751650,0
1751700,0
1751750,0
1751800,0
1751850,0
1751900,0
1751950,0
1752000,0
1752050,0
1752100,0
1752150,0
1752200,0
1752250,0
1752300,0
1752350,0
1752400,0
1752450,0
1752500,0
1752550,0
1752600,0
1752650,0
1752700,0
1752750,0
1752800,0
1752850,0
1752900,0
1752950,0
1753000,0
1753050,0
1753100,0
1753150,0
1753200,0
1753250,0
1753300,0
1753350,0
1753400,0
1753450,0
1753500,0
1753550,0
1753600,0
1753650,0
1753700,0
1753750,0
1753800,0
1753850,0
1753900,0
1753950,0
1754000,0
1754050,0
1754100,0
1754150,0
1754200,0
1754250,0
1754300,0
1754350,0
1754400,0
1754450,0
1754500,0
1754550,0
1754600,0
1754650,0
1754700,0
1754750,0
1754800,0
1754850,0
1754900,0
1754950,0
1755000,0
1755050,0
1755100,0
1755150,0
1755200,0
1755250,0
1755300,0
1755350,0
1755400,0
1755450,0
1755500,0
1755550,0
1755600,0
1755650,0
1755700,0
1755750,0
1755800,0
1755850,0
1755900,0
1755950,0
1756000,0
1756050,0
1756100,0
1756150,0
1756200,0
1756250,0
1756300,0
1756350,0
1756400,0
1756450,0
1756500,0
1756550,0
1756600,0
1756650,0
1756700,0
1756750,0
1756800,0
1756850,0
1756900,0
1756950,0
1757000,0
1757050,0
1757100,0
1757150,0
1757200,0
1757250,0
1757300,0
1757350,0
1757400,0
1757450,0
1757500,0
1757550,0
1757600,0
1757650,0
1757700,0
1757750,0
1757800,0
1757850,0
1757900,0
1757950,0
1758000,0
1758050,0
1758100,0
1758150,0
1758200,0
1758250,0
1758300,0
1758350,0
1758400,0
1758450,0
1758500,0
1758550,0
1758600,0
1758650,0
1758700,0
1758750,0
1758800,0
1758850,0
1758900,0
1758950,0
1759000,0
1759050,0
1759100,0
1759150,0
1759200,0
1759250,0
1759300,0
1759350,0
1759400,0
1759450,0
1759500,0
1759550,0
1759600,0
1759650,0
1759700,0
1759750,0
1759800,0
1759850,0
1759900,0
1759950,0
1760000,0
1760050,0
1760100,0
1760150,0
1760200,0
1760250,0
1760300,0
1760350,0
1760400,0
1760450,0
1760500,0
1760550,0
1760600,0
1760650,0
1760700,0
1760750,0
1760800,0
1760850,0
1760900,0
1760950,0
1761000,0
1761050,0
1761100,0
1761150,0
1761200,0
1761250,0
1761300,0
1761350,0
1761400,0
1761450,0
1761500,0
1761550,0
1761600,0
1761650,0
1761700,0
1761750,0
1761800,0
1761850,0
1761900,0
1761950,0
1762000,0
1762050,0
1762100,0
1762150,0
1762200,0
1762250,0
1762300,0
1762350,0
1762400,0
1762450,0
1762500,0
1762550,0
1762600,0
1762650,0
1762700,0
1762750,0
1762800,0
1762850,0
1762900,0
1762950,0
1763000,0
1763050,0
1763100,0
1763150,0
1763200,0
1763250,0
1763300,0
1763350,0
1763400,0
1763450,0
1763500,0
1763550,0
1763600,0
1763650,0
1763700,0
1763750,0
1763800,0
1763850,0
1763900,0
1763950,0
1764000,0
1764050,0
1764100,0
1764150,0
1764200,0
1764250,0
1764300,0
1764350,0
1764400,0
1764450,0
1764500,0
1764550,0
1764600,0
1764650,0
1764700,0
1764750,0
1764800,0
1764850,0
1764900,0
1764950,0
1765000,0
1765050,0
1765100,0
1765150,0
1765200,0
1765250,0
1765300,0
1765350,0
1765400,0
1765450,0
1765500,0
1765550,0
1765600,0
1765650,0
1765700,0
1765750,0
1765800,0
1765850,0
1765900,0
1765950,0
1766000,0
1766050,0
1766100,0
1766150,0
1766200,0
1766250,0
1766300,0
1766350,0
1766400,0
1766450,0
1766500,0
1766550,0
1766600,0
1766650,0
1766700,0
1766750,0
1766800,0
1766850,0
1766900,0
1766950,0
1767000,0
1767050,0
1767100,0
1767150,0
1767200,0
1767250,0
1767300,0
1767350,0
1767400,0
1767450,0
1767500,0
1767550,0
1767600,0
1767650,0
1767700,0
1767750,0
1767800,0
1767850,0
1767900,0
1767950,0
1768000,0
1768050,0
1768100,0
1768150,0
1768200,0
1768250,0
1768300,0
1768350,0
1768400,0
1768450,0
1768500,0
1768550,0
1768600,0
1768650,0
1768700,0
1768750,0
1768800,0
1768850,0
1768900,0
1768950,0
1769000,0
1769050,0
1769100,0
1769150,0
1769200,0
1769250,0
1769300,0
1769350,0
1769400,0
1769450,0
1769500,0
1769550,0
1769600,0
1769650,0
1769700,0
1769750,0
1769800,0
1769850,0
1769900,0
1769950,0
1770000,0
1770050,0
1770100,0
1770150,0
1770200,0
1770250,0
1770300,0
1770350,0
1770400,0
1770450,0
1770500,0
1770550,0
1770600,0
1770650,0
1770700,0
1770750,0
1770800,0
1770850,0
1770900,0
1770950,0
1771000,0
1771050,0
1771100,0
1771150,0
1771200,0
1771250,0
1771300,0
1771350,0
1771400,0
1771450,0
1771500,0
1771550,0
1771600,0
1771650,0
1771700,0
1771750,0
1771800,0
1771850,0
1771900,0
1771950,0
1772000,0
1772050,0
1772100,0
1772150,0
1772200,0
1772250,0
1772300,0
1772350,0
1772400,0
1772450,0
1772500,0
1772550,0
1772600,0
1772650,0
1772700,0
1772750,0
1772800,0
1772850,0
1772900,0
1772950,0
1773000,0
1773050,0
1773100,0
1773150,0
1773200,0
1773250,0
1773300,0
1773350,0
1773400,0
1773450,0
1773500,0
1773550,0
1773600,0
1773650,0
1773700,0
1773750,0
1773800,0
1773850,0
1773900,0
1773950,0
1774000,0
1774050,0
1774100,0
1774150,0
1774200,0
1774250,0
1774300,0
1774350,0
1774400,0
1774450,0
1774500,0
1774550,0
1774600,0
1774650,0
1774700,0
1774750,0
1774800,0
1774850,0
1774900,0
1774950,0
1775000,0
1775050,0
1775100,0
1775150,0
1775200,0
1775250,0
1775300,0
1775350,0
1775400,0
1775450,0
1775500,0
1775550,0
1775600,0
1775650,0
1775700,0
1775750,0
1775800,0
1775850,0
1775900,0
1775950,0
1776000,0
1776050,0
1776100,0
1776150,0
1776200,0
1776250,0
1776300,0
1776350,0
1776400,0
1776450,0
1776500,0
1776550,0
1776600,0
1776650,0
1776700,0
1776750,0
1776800,0
1776850,0
1776900,0
1776950,0
1777000,0
1777050,0
1777100,0
1777150,0
1777200,0
1777250,0
1777300,0
1777350,0
1777400,0
1777450,0
1777500,0
1777550,0
1777600,0
1777650,0
1777700,0
1777750,0
1777800,0
1777850,0
1777900,0
1777950,0
1778000,0
1778050,0
1778100,0
1778150,0
1778200,0
1778250,0
1778300,0
1778350,0
1778400,0
1778450,0
1778500,0
1778550,0
1778600,0
1778650,0
1778700,0
1778750,0
1778800,0
1778850,0
1778900,0
1778950,0
1779000,0
1779050,0
1779100,0
1779150,0
1779200,0
1779250,0
1779300,0
1779350,0
1779400,0
1779450,0
1779500,0
1779550,0
1779600,0
1779650,0
1779700,0
1779750,0
1779800,0
1779850,0
1779900,0
1779950,0
1780000,0
1780050,0
1780100,0
1780150,0
1780200,0
1780250,0
1780300,0
1780350,0
1780400,0
1780450,0
1780500,0
1780550,0
1780600,0
1780650,0
1780700,0
1780750,0
1780800,0
1780850,0
1780900,0
1780950,0
1781000,0
1781050,0
1781100,0
1781150,0
1781200,0
1781250,0
1781300,0
1781350,0
1781400,0
1781450,0
1781500,0
1781550,0
1781600,0
1781650,0
1781700,0
1781750,0
1781800,0
1781850,0
1781900,0
1781950,0
1782000,0
1782050,0
1782100,0
1782150,0
1782200,0
1782250,0
1782300,0
1782350,0
1782400,0
1782450,0
1782500,0
1782550,0
1782600,0
1782650,0
1782700,0
1782750,0
1782800,0
1782850,0
1782900,0
1782950,0
1783000,0
1783050,0
1783100,0
1783150,0
1783200,0
1783250,0
1783300,0
1783350,0
1783400,0
1783450,0
1783500,0
1783550,0
1783600,0
1783650,0
1783700,0
1783750,0
1783800,0
1783850,0
1783900,0
1783950,0
1784000,0
1784050,0
1784100,0
1784150,0
1784200,0
1784250,0
1784300,0
1784350,0
1784400,0
1784450,0
1784500,0
1784550,0
1784600,0
1784650,0
1784700,0
1784750,0
1784800,0
1784850,0
1784900,0
1784950,0
1785000,0
1785050,0
1785100,0
1785150,0
1785200,0
1785250,0
1785300,0
1785350,0
1785400,0
1785450,0
1785500,0
1785550,0
1785600,0
1785650,0
1785700,0
1785750,0
1785800,0
1785850,0
1785900,0
1785950,0
1786000,0
1786050,0
1786100,0
1786150,0
1786200,0
1786250,0
1786300,0
1786350,0
1786400,0
1786450,0
1786500,0
1786550,0
1786600,0
1786650,0
1786700,0
1786750,0
1786800,0
1786850,0
1786900,0
1786950,0
1787000,0
1787050,0
1787100,0
1787150,0
1787200,0
1787250,0
1787300,0
1787350,0
1787400,0
1787450,0
1787500,0
1787550,0
1787600,0
1787650,0
1787700,0
1787750,0
1787800,0
1787850,0
1787900,0
1787950,0
1788000,0
1788050,0
1788100,0
1788150,0
1788200,0
1788250,0
1788300,0
1788350,0
1788400,0
1788450,0
1788500,0
1788550,0
1788600,0
1788650,0
1788700,0
1788750,0
1788800,0
1788850,0
1788900,0
1788950,0
1789000,0
1789050,0
1789100,0
1789150,0
1789200,0
1789250,0
1789300,0
1789350,0
1789400,0
1789450,0
1789500,0
1789550,0
1789600,0
1789650,0
1789700,0
1789750,0
1789800,0
1789850,0
1789900,0
1789950,0
1790000,0
1790050,0
1790100,0
1790150,0
1790200,0
1790250,0
1790300,0
1790350,0
1790400,0
1790450,0
1790500,0
1790550,0
1790600,0
1790650,0
1790700,0
1790750,0
1790800,0
1790850,0
1790900,0
1790950,0
1791000,0
1791050,0
1791100,0
1791150,0
1791200,0
1791250,0
1791300,0
1791350,0
1791400,0
1791450,0
1791500,0
1791550,0
1791600,0
1791650,0
1791700,0
1791750,0
1791800,0
1791850,0
1791900,0
1791950,0
1792000,0
1792050,0
1792100,0
1792150,0
1792200,0
1792250,0
1792300,0
1792350,0
1792400,0
1792450,0
1792500,0
1792550,0
1792600,0
1792650,0
1792700,0
1792750,0
1792800,0
1792850,0
1792900,0
1792950,0
1793000,0
1793050,0
1793100,0
1793150,0
1793200,0
1793250,0
1793300,0
1793350,0
1793400,0
1793450,0
1793500,0
1793550,0
1793600,0
1793650,0
1793700,0
1793750,0
1793800,0
1793850,0
1793900,0
1793950,0
1794000,0
1794050,0
1794100,0
1794150,0
1794200,0
1794250,0
1794300,0
1794350,0
1794400,0
1794450,0
1794500,0
1794550,0
1794600,0
1794650,0
1794700,0
1794750,0
1794800,0
1794850,0
1794900,0
1794950,0
1795000,0
1795050,0
1795100,0
1795150,0
1795200,0
1795250,0
1795300,0
1795350,0
1795400,0
1795450,0
1795500,0
1795550,0
1795600,0
1795650,0
1795700,0
1795750,0
1795800,0
1795850,0
1795900,0
1795950,0
1796000,0
1796050,0
1796100,0
1796150,0
1796200,0
1796250,0
1796300,0
1796350,0
1796400,0
1796450,0
1796500,0
1796550,0
1796600,0
1796650,0
1796700,0
1796750,0
1796800,0
1796850,0
1796900,0
1796950,0
1797000,0
1797050,0
1797100,0
1797150,0
1797200,0
1797250,0
1797300,0
1797350,0
1797400,0
1797450,0
1797500,0
1797550,0
1797600,0
1797650,0
1797700,0
1797750,0
1797800,0
1797850,0
1797900,0
1797950,0
1798000,0
1798050,0
1798100,0
1798150,0
1798200,0
1798250,0
1798300,0
1798350,0
1798400,0
1798450,0
1798500,0
1798550,0
1798600,0
1798650,0
1798700,0
1798750,0
1798800,0
1798850,0
1798900,0
1798950,0
1799000,0
1799050,0
1799100,0
1799150,0
1799200,0
1799250,0
1799300,0
1799350,0
1799400,0
1799450,0
1799500,0
1799550,0
1799600,0
1799650,0
1799700,0
1799750,0
1799800,0
1799850,0
1799900,0
1799950,0
1800000,0
1800050,0
1800100,0
1800150,0
1800200,0
1800250,0
1800300,0
1800350,0
1800400,0
1800450,0
1800500,0
1800550,0
1800600,0
1800650,0
1800700,0
1800750,0
1800800,0
1800850,0
1800900,0
1800950,0
1801000,0
1801050,0
1801100,0
1801150,0
1801200,0
1801250,0
1801300,0
1801350,0
1801400,0
1801450,0
1801500,0
1801550,0
1801600,0
1801650,0
1801700,0
1801750,0
1801800,0
1801850,0
1801900,0
1801950,0
1802000,0
1802050,0
1802100,0
1802150,0
1802200,0
1802250,0
1802300,0
1802350,0
1802400,0
1802450,0
1802500,0
1802550,0
1802600,0
1802650,0
1802700,0
1802750,0
1802800,0
1802850,0
1802900,0
1802950,0
1803000,0
1803050,0
1803100,0
1803150,0
1803200,0
1803250,0
1803300,0
1803350,0
1803400,0
1803450,0
1803500,0
1803550,0
1803600,0
1803650,0
1803700,0
1803750,0
1803800,0
1803850,0
1803900,0
1803950,0
1804000,0
1804050,0
1804100,0
1804150,0
1804200,0
1804250,0
1804300,0
1804350,0
1804400,0
1804450,0
1804500,0
1804550,0
1804600,0
1804650,0
1804700,0
1804750,0
1804800,0
1804850,0
1804900,0
1804950,0
1805000,0
1805050,0
1805100,0
1805150,0
1805200,0
1805250,0
1805300,0
1805350,0
1805400,0
1805450,0
1805500,0
1805550,0
1805600,0
1805650,0
1805700,0
1805750,0
1805800,0
1805850,0
1805900,0
1805950,0
1806000,0
1806050,0
1806100,0
1806150,0
1806200,0
1806250,0
1806300,0
1806350,0
1806400,0
1806450,0
1806500,0
1806550,0
1806600,0
1806650,0
1806700,0
1806750,0
1806800,0
1806850,0
1806900,0
1806950,0
1807000,0
1807050,0
1807100,0
1807150,0
1807200,0
1807250,0
1807300,0
1807350,0
1807400,0
1807450,0
1807500,0
1807550,0
1807600,0
1807650,0
1807700,0
1807750,0
1807800,0
1807850,0
1807900,0
1807950,0
1808000,0
1808050,0
1808100,0
1808150,0
1808200,0
1808250,0
1808300,0
1808350,0
1808400,0
1808450,0
1808500,0
1808550,0
1808600,0
1808650,0
1808700,0
1808750,0
1808800,0
1808850,0
1808900,0
1808950,0
1809000,0
1809050,0
1809100,0
1809150,0
1809200,0
1809250,0
1809300,0
1809350,0
1809400,0
1809450,0
1809500,0
1809550,0
1809600,0
1809650,0
1809700,0
1809750,0
1809800,0
1809850,0
1809900,0
1809950,0
1810000,0
1810050,0
1810100,0
1810150,0
1810200,0
1810250,0
1810300,0
1810350,0
1810400,0
1810450,0
1810500,0
1810550,0
1810600,0
1810650,0
1810700,0
1810750,0
1810800,0
1810850,0
1810900,0
1810950,0
1811000,0
1811050,0
1811100,0
1811150,0
1811200,0
1811250,0
1811300,0
1811350,0
1811400,0
1811450,0
1811500,0
1811550,0
1811600,0
1811650,0
1811700,0
1811750,0
1811800,0
1811850,0
1811900,0
1811950,0
1812000,0
1812050,0
1812100,0
1812150,0
1812200,0
1812250,0
1812300,0
1812350,0
1812400,0
1812450,0
1812500,0
1812550,0
1812600,0
1812650,0
1812700,0
1812750,0
1812800,0
1812850,0
1812900,0
1812950,0
1813000,0
1813050,0
1813100,0
1813150,0
1813200,0
1813250,0
1813300,0
1813350,0
1813400,0
1813450,0
1813500,0
1813550,0
1813600,0
1813650,0
1813700,0
1813750,0
1813800,0
1813850,0
1813900,0
1813950,0
1814000,0
1814050,0
1814100,0
1814150,0
1814200,0
1814250,0
1814300,0
1814350,0
1814400,0
1814450,0
1814500,0
1814550,0
1814600,0
1814650,0
1814700,0
1814750,0
1814800,0
1814850,0
1814900,0
1814950,0
1815000,0
1815050,0
1815100,0
1815150,0
1815200,0
1815250,0
1815300,0
1815350,0
1815400,0
1815450,0
1815500,0
1815550,0
1815600,0
1815650,0
1815700,0
1815750,0
1815800,0
1815850,0
1815900,0
1815950,0
1816000,0
1816050,0
1816100,0
1816150,0
1816200,0
1816250,0
1816300,0
1816350,0
1816400,0
1816450,0
1816500,0
1816550,0
1816600,0
1816650,0
1816700,0
1816750,0
1816800,0
1816850,0
1816900,0
1816950,0
1817000,0
1817050,0
1817100,0
1817150,0
1817200,0
1817250,0
1817300,0
1817350,0
1817400,0
1817450,0
1817500,0
1817550,0
1817600,0
1817650,0
1817700,0
1817750,0
1817800,0
1817850,0
1817900,0
1817950,0
1818000,0
1818050,0
1818100,0
1818150,0
1818200,0
1818250,0
1818300,0
1818350,0
1818400,0
1818450,0
1818500,0
1818550,0
1818600,0
1818650,0
1818700,0
1818750,0
1818800,0
1818850,0
1818900,0
1818950,0
1819000,0
1819050,0
1819100,0
1819150,0
1819200,0
1819250,0
1819300,0
1819350,0
1819400,0
1819450,0
1819500,0
1819550,0
1819600,0
1819650,0
1819700,0
1819750,0
1819800,0
1819850,0
1819900,0
1819950,0
1820000,0
1820050,0
1820100,0
1820150,0
1820200,0
1820250,0
1820300,0
1820350,0
1820400,0
1820450,0
1820500,0
1820550,0
1820600,0
1820650,0
1820700,0
1820750,0
1820800,0
1820850,0
1820900,0
1820950,0
1821000,0
1821050,0
1821100,0
1821150,0
1821200,0
1821250,0
1821300,0
1821350,0
1821400,0
1821450,0
1821500,0
1821550,0
1821600,0
1821650,0
1821700,0
1821750,0
1821800,0
1821850,0
1821900,0
1821950,0
1822000,0
1822050,0
1822100,0
1822150,0
1822200,0
1822250,0
1822300,0
1822350,0
1822400,0
1822450,0
1822500,0
1822550,0
1822600,0
1822650,0
1822700,0
1822750,0
1822800,0
1822850,0
1822900,0
1822950,0
1823000,0
1823050,0
1823100,0
1823150,0
1823200,0
1823250,0
1823300,0
1823350,0
1823400,0
1823450,0
1823500,0
1823550,0
1823600,0
1823650,0
1823700,0
1823750,0
1823800,0
1823850,0
1823900,0
1823950,0
1824000,0
1824050,0
1824100,0
1824150,0
1824200,0
1824250,0
1824300,0
1824350,0
1824400,0
1824450,0
1824500,0
1824550,0
1824600,0
1824650,0
1824700,0
1824750,0
1824800,0
1824850,0
1824900,0
1824950,0
1825000,0
1825050,0
1825100,0
1825150,0
1825200,0
1825250,0
1825300,0
1825350,0
1825400,0
1825450,0
1825500,0
1825550,0
1825600,0
1825650,0
1825700,0
1825750,0
1825800,0
1825850,0
1825900,0
1825950,0
1826000,0
1826050,0
1826100,0
1826150,0
1826200,0
1826250,0
1826300,0
1826350,0
1826400,0
1826450,0
1826500,0
1826550,0
1826600,0
1826650,0
1826700,0
1826750,0
1826800,0
1826850,0
1826900,0
1826950,0
1827000,0
1827050,0
1827100,0
1827150,0
1827200,0
1827250,0
1827300,0
1827350,0
1827400,0
1827450,0
1827500,0
1827550,0
1827600,0
1827650,0
1827700,0
1827750,0
1827800,0
1827850,0
1827900,0
1827950,0
1828000,0
1828050,0
1828100,0
1828150,0
1828200,0
1828250,0
1828300,0
1828350,0
1828400,0
1828450,0
1828500,0
1828550,0
1828600,0
1828650,0
1828700,0
1828750,0
1828800,0
1828850,0
1828900,0
1828950,0
1829000,0
1829050,0
1829100,0
1829150,0
1829200,0
1829250,0
1829300,0
1829350,0
1829400,0
1829450,0
1829500,0
1829550,0
1829600,0
1829650,0
1829700,0
1829750,0
1829800,0
1829850,0
1829900,0
1829950,0
1830000,0
1830050,0
1830100,0
1830150,0
1830200,0
1830250,0
1830300,0
1830350,0
1830400,0
1830450,0
1830500,0
1830550,0
1830600,0
1830650,0
1830700,0
1830750,0
1830800,0
1830850,0
1830900,0
1830950,0
1831000,0
1831050,0
1831100,0
1831150,0
1831200,0
1831250,0
1831300,0
1831350,0
1831400,0
1831450,0
1831500,0
1831550,0
1831600,0
1831650,0
1831700,0
1831750,0
1831800,0
1831850,0
1831900,0
1831950,0
1832000,0
1832050,0
1832100,0
1832150,0
1832200,0
1832250,0
1832300,0
1832350,0
1832400,0
1832450,0
1832500,0
1832550,0
1832600,0
1832650,0
1832700,0
1832750,0
1832800,0
1832850,0
1832900,0
1832950,0
1833000,0
1833050,0
1833100,0
1833150,0
1833200,0
1833250,0
1833300,0
1833350,0
1833400,0
1833450,0
1833500,0
1833550,0
1833600,0
1833650,0
1833700,0
1833750,0
1833800,0
1833850,0
1833900,0
1833950,0
1834000,0
1834050,0
1834100,0
1834150,0
1834200,0
1834250,0
1834300,0
1834350,0
1834400,0
1834450,0
1834500,0
1834550,0
1834600,0
1834650,0
1834700,0
1834750,0
1834800,0
1834850,0
1834900,0
1834950,0
1835000,0
1835050,0
1835100,0
1835150,0
1835200,0
1835250,0
1835300,0
1835350,0
1835400,0
1835450,0
1835500,0
1835550,0
1835600,0
1835650,0
1835700,0
1835750,0
1835800,0
1835850,0
1835900,0
1835950,0
1836000,0
1836050,0
1836100,0
1836150,0
1836200,0
1836250,0
1836300,0
1836350,0
1836400,0
1836450,0
1836500,0
1836550,0
1836600,0
1836650,0
1836700,0
1836750,0
1836800,0
1836850,0
1836900,0
1836950,0
1837000,0
1837050,0
1837100,0
1837150,0
1837200,0
1837250,0
1837300,0
1837350,0
1837400,0
1837450,0
1837500,0
1837550,0
1837600,0
1837650,0
1837700,0
1837750,0
1837800,0
1837850,0
1837900,0
1837950,0
1838000,0
1838050,0
1838100,0
1838150,0
1838200,0
1838250,0
1838300,0
1838350,0
1838400,0
1838450,0
1838500,0
1838550,0
1838600,0
1838650,0
1838700,0
1838750,0
1838800,0
1838850,0
1838900,0
1838950,0
1839000,0
1839050,0
1839100,0
1839150,0
1839200,0
1839250,0
1839300,0
1839350,0
1839400,0
1839450,0
1839500,0
1839550,0
1839600,0
1839650,0
1839700,0
1839750,0
1839800,0
1839850,0
1839900,0
1839950,0
1840000,0
1840050,0
1840100,0
1840150,0
1840200,0
1840250,0
1840300,0
1840350,0
1840400,0
1840450,0
1840500,0
1840550,0
1840600,0
1840650,0
1840700,0
1840750,0
1840800,0
1840850,0
1840900,0
1840950,0
1841000,0
1841050,0
1841100,0
1841150,0
1841200,0
1841250,0
1841300,0
1841350,0
1841400,0
1841450,0
1841500,0
1841550,0
1841600,0
1841650,0
1841700,0
1841750,0
1841800,0
1841850,0
1841900,0
1841950,0
1842000,0
1842050,0
1842100,0
1842150,0
1842200,0
1842250,0
1842300,0
1842350,0
1842400,0
1842450,0
1842500,0
1842550,0
1842600,0
1842650,0
1842700,0
1842750,0
1842800,0
1842850,0
1842900,0
1842950,0
1843000,0
1843050,0
1843100,0
1843150,0
1843200,0
1843250,0
1843300,0
1843350,0
1843400,0
1843450,0
1843500,0
1843550,0
1843600,0
1843650,0
1843700,0
1843750,0
1843800,0
1843850,0
1843900,0
1843950,0
1844000,0
1844050,0
1844100,0
1844150,0
1844200,0
1844250,0
1844300,0
1844350,0
1844400,0
1844450,0
1844500,0
1844550,0
1844600,0
1844650,0
1844700,0
1844750,0
1844800,0
1844850,0
1844900,0
1844950,0
1845000,0
1845050,0
1845100,0
1845150,0
1845200,0
1845250,0
1845300,0
1845350,0
1845400,0
1845450,0
1845500,0
1845550,0
1845600,0
1845650,0
1845700,0
1845750,0
1845800,0
1845850,0
1845900,0
1845950,0
1846000,0
1846050,0
1846100,0
1846150,0
1846200,0
1846250,0
1846300,0
1846350,0
1846400,0
1846450,0
1846500,0
1846550,0
1846600,0
1846650,0
1846700,0
1846750,0
1846800,0
1846850,0
1846900,0
1846950,0
1847000,0
1847050,0
1847100,0
1847150,0
1847200,0
1847250,0
1847300,0
1847350,0
1847400,0
1847450,0
1847500,0
1847550,0
1847600,0
1847650,0
1847700,0
1847750,0
1847800,0
1847850,0
1847900,0
1847950,0
1848000,0
1848050,0
1848100,0
1848150,0
1848200,0
1848250,0
1848300,0
1848350,0
1848400,0
1848450,0
1848500,0
1848550,0
1848600,0
1848650,0
1848700,0
1848750,0
1848800,0
1848850,0
1848900,0
1848950,0
1849000,0
1849050,0
1849100,0
1849150,0
1849200,0
1849250,0
1849300,0
1849350,0
1849400,0
1849450,0
1849500,0
1849550,0
1849600,0
1849650,0
1849700,0
1849750,0
1849800,0
1849850,0
1849900,0
1849950,0
1850000,0
1850050,0
1850100,0
1850150,0
1850200,0
1850250,0
1850300,0
1850350,0
1850400,0
1850450,0
1850500,0
1850550,0
1850600,0
1850650,0
1850700,0
1850750,0
1850800,0
1850850,0
1850900,0
1850950,0
1851000,0
1851050,0
1851100,0
1851150,0
1851200,0
1851250,0
1851300,0
1851350,0
1851400,0
1851450,0
1851500,0
1851550,0
1851600,0
1851650,0
1851700,0
1851750,0
1851800,0
1851850,0
1851900,0
1851950,0
1852000,0
1852050,0
1852100,0
1852150,0
1852200,0
1852250,0
1852300,0
1852350,0
1852400,0
1852450,0
1852500,0
1852550,0
1852600,0
1852650,0
1852700,0
1852750,0
1852800,0
1852850,0
1852900,0
1852950,0
1853000,0
1853050,0
1853100,0
1853150,0
1853200,0
1853250,0
1853300,0
1853350,0
1853400,0
1853450,0
1853500,0
1853550,0
1853600,0
1853650,0
1853700,0
1853750,0
1853800,0
1853850,0
1853900,0
1853950,0
1854000,0
1854050,0
1854100,0
1854150,0
1854200,0
1854250,0
1854300,0
1854350,0
1854400,0
1854450,0
1854500,0
1854550,0
1854600,0
1854650,0
1854700,0
1854750,0
1854800,0
1854850,0
1854900,0
1854950,0
1855000,0
1855050,0
1855100,0
1855150,0
1855200,0
1855250,0
1855300,0
1855350,0
1855400,0
1855450,0
1855500,0
1855550,0
1855600,0
1855650,0
1855700,0
1855750,0
1855800,0
1855850,0
1855900,0
1855950,0
1856000,0
1856050,0
1856100,0
1856150,0
1856200,0
1856250,0
1856300,0
1856350,0
1856400,0
1856450,0
1856500,0
1856550,0
1856600,0
1856650,0
1856700,0
1856750,0
1856800,0
1856850,0
1856900,0
1856950,0
1857000,0
1857050,0
1857100,0
1857150,0
1857200,0
1857250,0
1857300,0
1857350,0
1857400,0
1857450,0
1857500,0
1857550,0
1857600,0
1857650,0
1857700,0
1857750,0
1857800,0
1857850,0
1857900,0
1857950,0
1858000,0
1858050,0
1858100,0
1858150,0
1858200,0
1858250,0
1858300,0
1858350,0
1858400,0
1858450,0
1858500,0
1858550,0
1858600,0
1858650,0
1858700,0
1858750,0
1858800,0
1858850,0
1858900,0
1858950,0
1859000,0
1859050,0
1859100,0
1859150,0
1859200,0
1859250,0
1859300,0
1859350,0
1859400,0
1859450,0
1859500,0
1859550,0
1859600,0
1859650,0
1859700,0
1859750,0
1859800,0
1859850,0
1859900,0
1859950,0
1860000,0
1860050,0
1860100,0
1860150,0
1860200,0
1860250,0
1860300,0
1860350,0
1860400,0
1860450,0
1860500,0
1860550,0
1860600,0
1860650,0
1860700,0
1860750,0
1860800,0
1860850,0
1860900,0
1860950,0
1861000,0
1861050,0
1861100,0
1861150,0
1861200,0
1861250,0
1861300,0
1861350,0
1861400,0
1861450,0
1861500,0
1861550,0
1861600,0
1861650,0
1861700,0
1861750,0
1861800,0
1861850,0
1861900,0
1861950,0
1862000,0
1862050,0
1862100,0
1862150,0
1862200,0
1862250,0
1862300,0
1862350,0
1862400,0
1862450,0
1862500,0
1862550,0
1862600,0
1862650,0
1862700,0
1862750,0
1862800,0
1862850,0
1862900,0
1862950,0
1863000,0
1863050,0
1863100,0
1863150,0
1863200,0
1863250,0
1863300,0
1863350,0
1863400,0
1863450,0
1863500,0
1863550,0
1863600,0
1863650,0
1863700,0
1863750,0
1863800,0
1863850,0
1863900,0
1863950,0
1864000,0
1864050,0
1864100,0
1864150,0
1864200,0
1864250,0
1864300,0
1864350,0
1864400,0
1864450,0
1864500,0
1864550,0
1864600,0
1864650,0
1864700,0
1864750,0
1864800,0
1864850,0
1864900,0
1864950,0
1865000,0
1865050,0
1865100,0
1865150,0
1865200,0
1865250,0
1865300,0
1865350,0
1865400,0
1865450,0
1865500,0
1865550,0
1865600,0
1865650,0
1865700,0
1865750,0
1865800,0
1865850,0
1865900,0
1865950,0
1866000,0
1866050,0
1866100,0
1866150,0
1866200,0
1866250,0
1866300,0
1866350,0
1866400,0
1866450,0
1866500,0
1866550,0
1866600,0
1866650,0
1866700,0
1866750,0
1866800,0
1866850,0
1866900,0
1866950,0
1867000,0
1867050,0
1867100,0
1867150,0
1867200,0
1867250,0
1867300,0
1867350,0
1867400,0
1867450,0
1867500,0
1867550,0
1867600,0
1867650,0
1867700,0
1867750,0
1867800,0
1867850,0
1867900,0
1867950,0
1868000,0
1868050,0
1868100,0
1868150,0
1868200,0
1868250,0
1868300,0
1868350,0
1868400,0
1868450,0
1868500,0
1868550,0
1868600,0
1868650,0
1868700,0
1868750,0
1868800,0
1868850,0
1868900,0
1868950,0
1869000,0
1869050,0
1869100,0
1869150,0
1869200,0
1869250,0
1869300,0
1869350,0
1869400,0
1869450,0
1869500,0
1869550,0
1869600,0
1869650,0
1869700,0
1869750,0
1869800,0
1869850,0
1869900,0
1869950,0
1870000,0
1870050,0
1870100,0
1870150,0
1870200,0
1870250,0
1870300,0
1870350,0
1870400,0
1870450,0
1870500,0
1870550,0
1870600,0
1870650,0
1870700,0
1870750,0
1870800,0
1870850,0
1870900,0
1870950,0
1871000,0
1871050,0
1871100,0
1871150,0
1871200,0
1871250,0
1871300,0
1871350,0
1871400,0
1871450,0
1871500,0
1871550,0
1871600,0
1871650,0
1871700,0
1871750,0
1871800,0
1871850,0
1871900,0
1871950,0
1872000,0
1872050,0
1872100,0
1872150,0
1872200,0
1872250,0
1872300,0
1872350,0
1872400,0
1872450,0
1872500,0
1872550,0
1872600,0
1872650,0
1872700,0
1872750,0
1872800,0
1872850,0
1872900,0
1872950,0
1873000,0
1873050,0
1873100,0
1873150,0
1873200,0
1873250,0
1873300,0
1873350,0
1873400,0
1873450,0
1873500,0
1873550,0
1873600,0
1873650,0
1873700,0
1873750,0
1873800,0
1873850,0
1873900,0
1873950,0
1874000,0
1874050,0
1874100,0
1874150,0
1874200,0
1874250,0
1874300,0
1874350,0
1874400,0
1874450,0
1874500,0
1874550,0
1874600,0
1874650,0
1874700,0
1874750,0
1874800,0
1874850,0
1874900,0
1874950,0
1875000,0
1875050,0
1875100,0
1875150,0
1875200,0
1875250,0
1875300,0
1875350,0
1875400,0
1875450,0
1875500,0
1875550,0
1875600,0
1875650,0
1875700,0
1875750,0
1875800,0
1875850,0
1875900,0
1875950,0
1876000,0
1876050,0
1876100,0
1876150,0
1876200,0
1876250,0
1876300,0
1876350,0
1876400,0
1876450,0
1876500,0
1876550,0
1876600,0
1876650,0
1876700,0
1876750,0
1876800,0
1876850,0
1876900,0
1876950,0
1877000,0
1877050,0
1877100,0
1877150,0
1877200,0
1877250,0
1877300,0
1877350,0
1877400,0
1877450,0
1877500,0
1877550,0
1877600,0
1877650,0
1877700,0
1877750,0
1877800,0
1877850,0
1877900,0
1877950,0
1878000,0
1878050,0
1878100,0
1878150,0
1878200,0
1878250,0
1878300,0
1878350,0
1878400,0
1878450,0
1878500,0
1878550,0
1878600,0
1878650,0
1878700,0
1878750,0
1878800,0
1878850,0
1878900,0
1878950,0
1879000,0
1879050,0
1879100,0
1879150,0
1879200,0
1879250,0
1879300,0
1879350,0
1879400,0
1879450,0
1879500,0
1879550,0
1879600,0
1879650,0
1879700,0
1879750,0
1879800,0
1879850,0
1879900,0
1879950,0
1880000,0
1880050,0
1880100,0
1880150,0
1880200,0
1880250,0
1880300,0
1880350,0
1880400,0
1880450,0
1880500,0
1880550,0
1880600,0
1880650,0
1880700,0
1880750,0
1880800,0
1880850,0
1880900,0
1880950,0
1881000,0
1881050,0
1881100,0
1881150,0
1881200,0
1881250,0
1881300,0
1881350,0
1881400,0
1881450,0
1881500,0
1881550,0
1881600,0
1881650,0
1881700,0
1881750,0
1881800,0
1881850,0
1881900,0
1881950,0
1882000,0
1882050,0
1882100,0
1882150,0
1882200,0
1882250,0
1882300,0
1882350,0
1882400,0
1882450,0
1882500,0
1882550,0
1882600,0
1882650,0
1882700,0
1882750,0
1882800,0
1882850,0
1882900,0
1882950,0
1883000,0
1883050,0
1883100,0
1883150,0
1883200,0
1883250,0
1883300,0
1883350,0
1883400,0
1883450,0
1883500,0
1883550,0
1883600,0
1883650,0
1883700,0
1883750,0
1883800,0
1883850,0
1883900,0
1883950,0
1884000,0
1884050,0
1884100,0
1884150,0
1884200,0
1884250,0
1884300,0
1884350,0
1884400,0
1884450,0
1884500,0
1884550,0
1884600,0
1884650,0
1884700,0
1884750,0
1884800,0
1884850,0
1884900,0
1884950,0
1885000,0
1885050,0
1885100,0
1885150,0
1885200,0
1885250,0
1885300,0
1885350,0
1885400,0
1885450,0
1885500,0
1885550,0
1885600,0
1885650,0
1885700,0
1885750,0
1885800,0
1885850,0
1885900,0
1885950,0
1886000,0
1886050,0
1886100,0
1886150,0
1886200,0
1886250,0
1886300,0
1886350,0
1886400,0
1886450,0
1886500,0
1886550,0
1886600,0
1886650,0
1886700,0
1886750,0
1886800,0
1886850,0
1886900,0
1886950,0
1887000,0
1887050,0
1887100,0
1887150,0
1887200,0
1887250,0
1887300,0
1887350,0
1887400,0
1887450,0
1887500,0
1887550,0
1887600,0
1887650,0
1887700,0
1887750,0
1887800,0
1887850,0
1887900,0
1887950,0
1888000,0
1888050,0
1888100,0
1888150,0
1888200,0
1888250,0
1888300,0
1888350,0
1888400,0
1888450,0
1888500,0
1888550,0
1888600,0
1888650,0
1888700,0
1888750,0
1888800,0
1888850,0
1888900,0
1888950,0
1889000,0
1889050,0
1889100,0
1889150,0
1889200,0
1889250,0
1889300,0
1889350,0
1889400,0
1889450,0
1889500,0
1889550,0
1889600,0
1889650,0
1889700,0
1889750,0
1889800,0
1889850,0
1889900,0
1889950,0
1890000,0
1890050,0
1890100,0
1890150,0
1890200,0
1890250,0
1890300,0
1890350,0
1890400,0
1890450,0
1890500,0
1890550,0
1890600,0
1890650,0
1890700,0
1890750,0
1890800,0
1890850,0
1890900,0
1890950,0
1891000,0
1891050,0
1891100,0
1891150,0
1891200,0
1891250,0
1891300,0
1891350,0
1891400,0
1891450,0
1891500,0
1891550,0
1891600,0
1891650,0
1891700,0
1891750,0
1891800,0
1891850,0
1891900,0
1891950,0
1892000,0
1892050,0
1892100,0
1892150,0
1892200,0
1892250,0
1892300,0
1892350,0
1892400,0
1892450,0
1892500,0
1892550,0
1892600,0
1892650,0
1892700,0
1892750,0
1892800,0
1892850,0
1892900,0
1892950,0
1893000,0
1893050,0
1893100,0
1893150,0
1893200,0
1893250,0
1893300,0
1893350,0
1893400,0
1893450,0
1893500,0
1893550,0
1893600,0
1893650,0
1893700,0
1893750,0
1893800,0
1893850,0
1893900,0
1893950,0
1894000,0
1894050,0
1894100,0
1894150,0
1894200,0
1894250,0
1894300,0
1894350,0
1894400,0
1894450,0
1894500,0
1894550,0
1894600,0
1894650,0
1894700,0
1894750,0
1894800,0
1894850,0
1894900,0
1894950,0
1895000,0
1895050,0
1895100,0
1895150,0
1895200,0
1895250,0
1895300,0
1895350,0
1895400,0
1895450,0
1895500,0
1895550,0
1895600,0
1895650,0
1895700,0
1895750,0
1895800,0
1895850,0
1895900,0
1895950,0
1896000,0
1896050,0
1896100,0
1896150,0
1896200,0
1896250,0
1896300,0
1896350,0
1896400,0
1896450,0
1896500,0
1896550,0
1896600,0
1896650,0
1896700,0
1896750,0
1896800,0
1896850,0
1896900,0
1896950,0
1897000,0
1897050,0
1897100,0
1897150,0
1897200,0
1897250,0
1897300,0
1897350,0
1897400,0
1897450,0
1897500,0
1897550,0
1897600,0
1897650,0
1897700,0
1897750,0
1897800,0
1897850,0
1897900,0
1897950,0
1898000,0
1898050,0
1898100,0
1898150,0
1898200,0
1898250,0
1898300,0
1898350,0
1898400,0
1898450,0
1898500,0
1898550,0
1898600,0
1898650,0
1898700,0
1898750,0
1898800,0
1898850,0
1898900,0
1898950,0
1899000,0
1899050,0
1899100,0
1899150,0
1899200,0
1899250,0
1899300,0
1899350,0
1899400,0
1899450,0
1899500,0
1899550,0
1899600,0
1899650,0
1899700,0
1899750,0
1899800,0
1899850,0
1899900,0
1899950,0
1900000,0
1900050,0
1900100,0
1900150,0
1900200,0
1900250,0
1900300,0
1900350,0
1900400,0
1900450,0
1900500,0
1900550,0
1900600,0
1900650,0
1900700,0
1900750,0
1900800,0
1900850,0
1900900,0
1900950,0
1901000,0
1901050,0
1901100,0
1901150,0
1901200,0
1901250,0
1901300,0
1901350,0
1901400,0
1901450,0
1901500,0
1901550,0
1901600,0
1901650,0
1901700,0
1901750,0
1901800,0
1901850,0
1901900,0
1901950,0
1902000,0
1902050,0
1902100,0
1902150,0
1902200,0
1902250,0
1902300,0
1902350,0
1902400,0
1902450,0
1902500,0
1902550,0
1902600,0
1902650,0
1902700,0
1902750,0
1902800,0
1902850,0
1902900,0
1902950,0
1903000,0
1903050,0
1903100,0
1903150,0
1903200,0
1903250,0
1903300,0
1903350,0
1903400,0
1903450,0
1903500,0
1903550,0
1903600,0
1903650,0
1903700,0
1903750,0
1903800,0
1903850,0
1903900,0
1903950,0
1904000,0
1904050,0
1904100,0
1904150,0
1904200,0
1904250,0
1904300,0
1904350,0
1904400,0
1904450,0
1904500,0
1904550,0
1904600,0
1904650,0
1904700,0
1904750,0
1904800,0
1904850,0
1904900,0
1904950,0
1905000,0
1905050,0
1905100,0
1905150,0
1905200,0
1905250,0
1905300,0
1905350,0
1905400,0
1905450,0
1905500,0
1905550,0
1905600,0
1905650,0
1905700,0
1905750,0
1905800,0
1905850,0
1905900,0
1905950,0
1906000,0
1906050,0
1906100,0
1906150,0
1906200,0
1906250,0
1906300,0
1906350,0
1906400,0
1906450,0
1906500,0
1906550,0
1906600,0
1906650,0
1906700,0
1906750,0
1906800,0
1906850,0
1906900,0
1906950,0
1907000,0
1907050,0
1907100,0
1907150,0
1907200,0
1907250,0
1907300,0
1907350,0
1907400,0
1907450,0
1907500,0
1907550,0
1907600,0
1907650,0
1907700,0
1907750,0
1907800,0
1907850,0
1907900,0
1907950,0
1908000,0
1908050,0
1908100,0
1908150,0
1908200,0
1908250,0
1908300,0
1908350,0
1908400,0
1908450,0
1908500,0
1908550,0
1908600,0
1908650,0
1908700,0
1908750,0
1908800,0
1908850,0
1908900,0
1908950,0
1909000,0
1909050,0
1909100,0
1909150,0
1909200,0
1909250,0
1909300,0
1909350,0
1909400,0
1909450,0
1909500,0
1909550,0
1909600,0
1909650,0
1909700,0
1909750,0
1909800,0
1909850,0
1909900,0
1909950,0
1910000,0
1910050,0
1910100,0
1910150,0
1910200,0
1910250,0
1910300,0
1910350,0
1910400,0
1910450,0
1910500,0
1910550,0
1910600,0
1910650,0
1910700,0
1910750,0
1910800,0
1910850,0
1910900,0
1910950,0
1911000,0
1911050,0
1911100,0
1911150,0
1911200,0
1911250,0
1911300,0
1911350,0
1911400,0
1911450,0
1911500,0
1911550,0
1911600,0
1911650,0
1911700,0
1911750,0
1911800,0
1911850,0
1911900,0
1911950,0
1912000,0
1912050,0
1912100,0
1912150,0
1912200,0
1912250,0
1912300,0
1912350,0
1912400,0
1912450,0
1912500,0
1912550,0
1912600,0
1912650,0
1912700,0
1912750,0
1912800,0
1912850,0
1912900,0
1912950,0
1913000,0
1913050,0
1913100,0
1913150,0
1913200,0
1913250,0
1913300,0
1913350,0
1913400,0
1913450,0
1913500,0
1913550,0
1913600,0
1913650,0
1913700,0
1913750,0
1913800,0
1913850,0
1913900,0
1913950,0
1914000,0
1914050,0
1914100,0
1914150,0
1914200,0
1914250,0
1914300,0
1914350,0
1914400,0
1914450,0
1914500,0
1914550,0
1914600,0
1914650,0
1914700,0
1914750,0
1914800,0
1914850,0
1914900,0
1914950,0
1915000,0
1915050,0
1915100,0
1915150,0
1915200,0
1915250,0
1915300,0
1915350,0
1915400,0
1915450,0
1915500,0
1915550,0
1915600,0
1915650,0
1915700,0
1915750,0
1915800,0
1915850,0
1915900,0
1915950,0
1916000,0
1916050,0
1916100,0
1916150,0
1916200,0
1916250,0
1916300,0
1916350,0
1916400,0
1916450,0
1916500,0
1916550,0
1916600,0
1916650,0
1916700,0
1916750,0
1916800,0
1916850,0
1916900,0
1916950,0
1917000,0
1917050,0
1917100,0
1917150,0
1917200,0
1917250,0
1917300,0
1917350,0
1917400,0
1917450,0
1917500,0
1917550,0
1917600,0
1917650,0
1917700,0
1917750,0
1917800,0
1917850,0
1917900,0
1917950,0
1918000,0
1918050,0
1918100,0
1918150,0
1918200,0
1918250,0
1918300,0
1918350,0
1918400,0
1918450,0
1918500,0
1918550,0
1918600,0
1918650,0
1918700,0
1918750,0
1918800,0
1918850,0
1918900,0
1918950,0
1919000,0
1919050,0
1919100,0
1919150,0
1919200,0
1919250,0
1919300,0
1919350,0
1919400,0
1919450,0
1919500,0
1919550,0
1919600,0
1919650,0
1919700,0
1919750,0
1919800,0
1919850,0
1919900,0
1919950,0
1920000,0
1920050,0
1920100,0
1920150,0
1920200,0
1920250,0
1920300,0
1920350,0
1920400,0
1920450,0
1920500,0
1920550,0
1920600,0
1920650,0
1920700,0
1920750,0
1920800,0
1920850,0
1920900,0
1920950,0
1921000,0
1921050,0
1921100,0
1921150,0
1921200,0
1921250,0
1921300,0
1921350,0
1921400,0
1921450,0
1921500,0
1921550,0
1921600,0
1921650,0
1921700,0
1921750,0
1921800,0
1921850,0
1921900,0
1921950,0
1922000,0
1922050,0
1922100,0
1922150,0
1922200,0
1922250,0
1922300,0
1922350,0
1922400,0
1922450,0
1922500,0
1922550,0
1922600,0
1922650,0
1922700,0
1922750,0
1922800,0
1922850,0
1922900,0
1922950,0
1923000,0
1923050,0
1923100,0
1923150,0
1923200,0
1923250,0
1923300,0
1923350,0
1923400,0
1923450,0
1923500,0
1923550,0
1923600,0
1923650,0
1923700,0
1923750,0
1923800,0
1923850,0
1923900,0
1923950,0
1924000,0
1924050,0
1924100,0
1924150,0
1924200,0
1924250,0
1924300,0
1924350,0
1924400,0
1924450,0
1924500,0
1924550,0
1924600,0
1924650,0
1924700,0
1924750,0
1924800,0
1924850,0
1924900,0
1924950,0
1925000,0
1925050,0
1925100,0
1925150,0
1925200,0
1925250,0
1925300,0
1925350,0
1925400,0
1925450,0
1925500,0
1925550,0
1925600,0
1925650,0
1925700,0
1925750,0
1925800,0
1925850,0
1925900,0
1925950,0
1926000,0
1926050,0
1926100,0
1926150,0
1926200,0
1926250,0
1926300,0
1926350,0
1926400,0
1926450,0
1926500,0
1926550,0
1926600,0
1926650,0
1926700,0
1926750,0
1926800,0
1926850,0
1926900,0
1926950,0
1927000,0
1927050,0
1927100,0
1927150,0
1927200,0
1927250,0
1927300,0
1927350,0
1927400,0
1927450,0
1927500,0
1927550,0
1927600,0
1927650,0
1927700,0
1927750,0
1927800,0
1927850,0
1927900,0
1927950,0
1928000,0
1928050,0
1928100,0
1928150,0
1928200,0
1928250,0
1928300,0
1928350,0
1928400,0
1928450,0
1928500,0
1928550,0
1928600,0
1928650,0
1928700,0
1928750,0
1928800,0
1928850,0
1928900,0
1928950,0
1929000,0
1929050,0
1929100,0
1929150,0
1929200,0
1929250,0
1929300,0
1929350,0
1929400,0
1929450,0
1929500,0
1929550,0
1929600,0
1929650,0
1929700,0
1929750,0
1929800,0
1929850,0
1929900,0
1929950,0
1930000,0
1930050,0
1930100,0
1930150,0
1930200,0
1930250,0
1930300,0
1930350,0
1930400,0
1930450,0
1930500,0
1930550,0
1930600,0
1930650,0
1930700,0
1930750,0
1930800,0
1930850,0
1930900,0
1930950,0
1931000,0
1931050,0
1931100,0
1931150,0
1931200,0
1931250,0
1931300,0
1931350,0
1931400,0
1931450,0
1931500,0
1931550,0
1931600,0
1931650,0
1931700,0
1931750,0
1931800,0
1931850,0
1931900,0
1931950,0
1932000,0
1932050,0
1932100,0
1932150,0
1932200,0
1932250,0
1932300,0
1932350,0
1932400,0
1932450,0
1932500,0
1932550,0
1932600,0
1932650,0
1932700,0
1932750,0
1932800,0
1932850,0
1932900,0
1932950,0
1933000,0
1933050,0
1933100,0
1933150,0
1933200,0
1933250,0
1933300,0
1933350,0
1933400,0
1933450,0
1933500,0
1933550,0
1933600,0
1933650,0
1933700,0
1933750,0
1933800,0
1933850,0
1933900,0
1933950,0
1934000,0
1934050,0
1934100,0
1934150,0
1934200,0
1934250,0
1934300,0
1934350,0
1934400,0
1934450,0
1934500,0
1934550,0
1934600,0
1934650,0
1934700,0
1934750,0
1934800,0
1934850,0
1934900,0
1934950,0
1935000,0
1935050,0
1935100,0
1935150,0
1935200,0
1935250,0
1935300,0
1935350,0
1935400,0
1935450,0
1935500,0
1935550,0
1935600,0
1935650,0
1935700,0
1935750,0
1935800,0
1935850,0
1935900,0
1935950,0
1936000,0
1936050,0
1936100,0
1936150,0
1936200,0
1936250,0
1936300,0
1936350,0
1936400,0
1936450,0
1936500,0
1936550,0
1936600,0
1936650,0
1936700,0
1936750,0
1936800,0
1936850,0
1936900,0
1936950,0
1937000,0
1937050,0
1937100,0
1937150,0
1937200,0
1937250,0
1937300,0
1937350,0
1937400,0
1937450,0
1937500,0
1937550,0
1937600,0
1937650,0
1937700,0
1937750,0
1937800,0
1937850,0
1937900,0
1937950,0
1938000,0
1938050,0
1938100,0
1938150,0
1938200,0
1938250,0
1938300,0
1938350,0
1938400,0
1938450,0
1938500,0
1938550,0
1938600,0
1938650,0
1938700,0
1938750,0
1938800,0
1938850,0
1938900,0
1938950,0
1939000,0
1939050,0
1939100,0
1939150,0
1939200,0
1939250,0
1939300,0
1939350,0
1939400,0
1939450,0
1939500,0
1939550,0
1939600,0
1939650,0
1939700,0
1939750,0
1939800,0
1939850,0
1939900,0
1939950,0
1940000,0
1940050,0
1940100,0
1940150,0
1940200,0
1940250,0
1940300,0
1940350,0
1940400,0
1940450,0
1940500,0
1940550,0
1940600,0
1940650,0
1940700,0
1940750,0
1940800,0
1940850,0
1940900,0
1940950,0
1941000,0
1941050,0
1941100,0
1941150,0
1941200,0
1941250,0
1941300,0
1941350,0
1941400,0
1941450,0
1941500,0
1941550,0
1941600,0
1941650,0
1941700,0
1941750,0
1941800,0
1941850,0
1941900,0
1941950,0
1942000,0
1942050,0
1942100,0
1942150,0
1942200,0
1942250,0
1942300,0
1942350,0
1942400,0
1942450,0
1942500,0
1942550,0
1942600,0
1942650,0
1942700,0
1942750,0
1942800,0
1942850,0
1942900,0
1942950,0
1943000,0
1943050,0
1943100,0
1943150,0
1943200,0
1943250,0
1943300,0
1943350,0
1943400,0
1943450,0
1943500,0
1943550,0
1943600,0
1943650,0
1943700,0
1943750,0
1943800,0
1943850,0
1943900,0
1943950,0
1944000,0
1944050,0
1944100,0
1944150,0
1944200,0
1944250,0
1944300,0
1944350,0
1944400,0
1944450,0
1944500,0
1944550,0
1944600,0
1944650,0
1944700,0
1944750,0
1944800,0
1944850,0
1944900,0
1944950,0
1945000,0
1945050,0
1945100,0
1945150,0
1945200,0
1945250,0
1945300,0
1945350,0
1945400,0
1945450,0
1945500,0
1945550,0
1945600,0
1945650,0
1945700,0
1945750,0
1945800,0
1945850,0
1945900,0
1945950,0
1946000,0
1946050,0
1946100,0
1946150,0
1946200,0
1946250,0
1946300,0
1946350,0
1946400,0
1946450,0
1946500,0
1946550,0
1946600,0
1946650,0
1946700,0
1946750,0
1946800,0
1946850,0
1946900,0
1946950,0
1947000,0
1947050,0
1947100,0
1947150,0
1947200,0
1947250,0
1947300,0
1947350,0
1947400,0
1947450,0
1947500,0
1947550,0
1947600,0
1947650,0
1947700,0
1947750,0
1947800,0
1947850,0
1947900,0
1947950,0
1948000,0
1948050,0
1948100,0
1948150,0
1948200,0
1948250,0
1948300,0
1948350,0
1948400,0
1948450,0
1948500,0
1948550,0
1948600,0
1948650,0
1948700,0
1948750,0
1948800,0
1948850,0
1948900,0
1948950,0
1949000,0
1949050,0
1949100,0
1949150,0
1949200,0
1949250,0
1949300,0
1949350,0
1949400,0
1949450,0
1949500,0
1949550,0
1949600,0
1949650,0
1949700,0
1949750,0
1949800,0
1949850,0
1949900,0
1949950,0
1950000,0
1950050,0
1950100,0
1950150,0
1950200,0
1950250,0
1950300,0
1950350,0
1950400,0
1950450,0
1950500,0
1950550,0
1950600,0
1950650,0
1950700,0
1950750,0
1950800,0
1950850,0
1950900,0
1950950,0
1951000,0
1951050,0
1951100,0
1951150,0
1951200,0
1951250,0
1951300,0
1951350,0
1951400,0
1951450,0
1951500,0
1951550,0
1951600,0
1951650,0
1951700,0
1951750,0
1951800,0
1951850,0
1951900,0
1951950,0
1952000,0
1952050,0
1952100,0
1952150,0
1952200,0
1952250,0
1952300,0
1952350,0
1952400,0
1952450,0
1952500,0
1952550,0
1952600,0
1952650,0
1952700,0
1952750,0
1952800,0
1952850,0
1952900,0
1952950,0
1953000,0
1953050,0
1953100,0
1953150,0
1953200,0
1953250,0
1953300,0
1953350,0
1953400,0
1953450,0
1953500,0
1953550,0
1953600,0
1953650,0
1953700,0
1953750,0
1953800,0
1953850,0
1953900,0
1953950,0
1954000,0
1954050,0
1954100,0
1954150,0
1954200,0
1954250,0
1954300,0
1954350,0
1954400,0
1954450,0
1954500,0
1954550,0
1954600,0
1954650,0
1954700,0
1954750,0
1954800,0
1954850,0
1954900,0
1954950,0
1955000,0
1955050,0
1955100,0
1955150,0
1955200,0
1955250,0
1955300,0
1955350,0
1955400,0
1955450,0
1955500,0
1955550,0
1955600,0
1955650,0
1955700,0
1955750,0
1955800,0
1955850,0
1955900,0
1955950,0
1956000,0
1956050,0
1956100,0
1956150,0
1956200,0
1956250,0
1956300,0
1956350,0
1956400,0
1956450,0
1956500,0
1956550,0
1956600,0
1956650,0
1956700,0
1956750,0
1956800,0
1956850,0
1956900,0
1956950,0
1957000,0
1957050,0
1957100,0
1957150,0
1957200,0
1957250,0
1957300,0
1957350,0
1957400,0
1957450,0
1957500,0
1957550,0
1957600,0
1957650,0
1957700,0
1957750,0
1957800,0
1957850,0
1957900,0
1957950,0
1958000,0
1958050,0
1958100,0
1958150,0
1958200,0
1958250,0
1958300,0
1958350,0
1958400,0
1958450,0
1958500,0
1958550,0
1958600,0
1958650,0
1958700,0
1958750,0
1958800,0
1958850,0
1958900,0
1958950,0
1959000,0
1959050,0
1959100,0
1959150,0
1959200,0
1959250,0
1959300,0
1959350,0
1959400,0
1959450,0
1959500,0
1959550,0
1959600,0
1959650,0
1959700,0
1959750,0
1959800,0
1959850,0
1959900,0
1959950,0
1960000,0
1960050,0
1960100,0
1960150,0
1960200,0
1960250,0
1960300,0
1960350,0
1960400,0
1960450,0
1960500,0
1960550,0
1960600,0
1960650,0
1960700,0
1960750,0
1960800,0
1960850,0
1960900,0
1960950,0
1961000,0
1961050,0
1961100,0
1961150,0
1961200,0
1961250,0
1961300,0
1961350,0
1961400,0
1961450,0
1961500,0
1961550,0
1961600,0
1961650,0
1961700,0
1961750,0
1961800,0
1961850,0
1961900,0
1961950,0
1962000,0
1962050,0
1962100,0
1962150,0
1962200,0
1962250,0
1962300,0
1962350,0
1962400,0
1962450,0
1962500,0
1962550,0
1962600,0
1962650,0
1962700,0
1962750,0
1962800,0
1962850,0
1962900,0
1962950,0
1963000,0
1963050,0
1963100,0
1963150,0
1963200,0
1963250,0
1963300,0
1963350,0
1963400,0
1963450,0
1963500,0
1963550,0
1963600,0
1963650,0
1963700,0
1963750,0
1963800,0
1963850,0
1963900,0
1963950,0
1964000,0
1964050,0
1964100,0
1964150,0
1964200,0
1964250,0
1964300,0
1964350,0
1964400,0
1964450,0
1964500,0
1964550,0
1964600,0
1964650,0
1964700,0
1964750,0
1964800,0
1964850,0
1964900,0
1964950,0
1965000,0
1965050,0
1965100,0
1965150,0
1965200,0
1965250,0
1965300,0
1965350,0
1965400,0
1965450,0
1965500,0
1965550,0
1965600,0
1965650,0
1965700,0
1965750,0
1965800,0
1965850,0
1965900,0
1965950,0
1966000,0
1966050,0
1966100,0
1966150,0
1966200,0
1966250,0
1966300,0
1966350,0
1966400,0
1966450,0
1966500,0
1966550,0
1966600,0
1966650,0
1966700,0
1966750,0
1966800,0
1966850,0
1966900,0
1966950,0
1967000,0
1967050,0
1967100,0
1967150,0
1967200,0
1967250,0
1967300,0
1967350,0
1967400,0
1967450,0
1967500,0
1967550,0
1967600,0
1967650,0
1967700,0
1967750,0
1967800,0
1967850,0
1967900,0
1967950,0
1968000,0
1968050,0
1968100,0
1968150,0
1968200,0
1968250,0
1968300,0
1968350,0
1968400,0
1968450,0
1968500,0
1968550,0
1968600,0
1968650,0
1968700,0
1968750,0
1968800,0
1968850,0
1968900,0
1968950,0
1969000,0
1969050,0
1969100,0
1969150,0
1969200,0
1969250,0
1969300,0
1969350,0
1969400,0
1969450,0
1969500,0
1969550,0
1969600,0
1969650,0
1969700,0
1969750,0
1969800,0
1969850,0
1969900,0
1969950,0
1970000,0
1970050,0
1970100,0
1970150,0
1970200,0
1970250,0
1970300,0
1970350,0
1970400,0
1970450,0
1970500,0
1970550,0
1970600,0
1970650,0
1970700,0
1970750,0
1970800,0
1970850,0
1970900,0
1970950,0
1971000,0
1971050,0
1971100,0
1971150,0
1971200,0
1971250,0
1971300,0
1971350,0
1971400,0
1971450,0
1971500,0
1971550,0
1971600,0
1971650,0
1971700,0
1971750,0
1971800,0
1971850,0
1971900,0
1971950,0
1972000,0
1972050,0
1972100,0
1972150,0
1972200,0
1972250,0
1972300,0
1972350,0
1972400,0
1972450,0
1972500,0
1972550,0
1972600,0
1972650,0
1972700,0
1972750,0
1972800,0
1972850,0
1972900,0
1972950,0
1973000,0
1973050,0
1973100,0
1973150,0
1973200,0
1973250,0
1973300,0
1973350,0
1973400,0
1973450,0
1973500,0
1973550,0
1973600,0
1973650,0
1973700,0
1973750,0
1973800,0
1973850,0
1973900,0
1973950,0
1974000,0
1974050,0
1974100,0
1974150,0
1974200,0
1974250,0
1974300,0
1974350,0
1974400,0
1974450,0
1974500,0
1974550,0
1974600,0
1974650,0
1974700,0
1974750,0
1974800,0
1974850,0
1974900,0
1974950,0
1975000,0
1975050,0
1975100,0
1975150,0
1975200,0
1975250,0
1975300,0
1975350,0
1975400,0
1975450,0
1975500,0
1975550,0
1975600,0
1975650,0
1975700,0
1975750,0
1975800,0
1975850,0
1975900,0
1975950,0
1976000,0
1976050,0
1976100,0
1976150,0
1976200,0
1976250,0
1976300,0
1976350,0
1976400,0
1976450,0
1976500,0
1976550,0
1976600,0
1976650,0
1976700,0
1976750,0
1976800,0
1976850,0
1976900,0
1976950,0
1977000,0
1977050,0
1977100,0
1977150,0
1977200,0
1977250,0
1977300,0
1977350,0
1977400,0
1977450,0
1977500,0
1977550,0
1977600,0
1977650,0
1977700,0
1977750,0
1977800,0
1977850,0
1977900,0
1977950,0
1978000,0
1978050,0
1978100,0
1978150,0
1978200,0
1978250,0
1978300,0
1978350,0
1978400,0
1978450,0
1978500,0
1978550,0
1978600,0
1978650,0
1978700,0
1978750,0
1978800,0
1978850,0
1978900,0
1978950,0
1979000,0
1979050,0
1979100,0
1979150,0
1979200,0
1979250,0
1979300,0
1979350,0
1979400,0
1979450,0
1979500,0
1979550,0
1979600,0
1979650,0
1979700,0
1979750,0
1979800,0
1979850,0
1979900,0
1979950,0
1980000,0
1980050,0
1980100,0
1980150,0
1980200,0
1980250,0
1980300,0
1980350,0
1980400,0
1980450,0
1980500,0
1980550,0
1980600,0
1980650,0
1980700,0
1980750,0
1980800,0
1980850,0
1980900,0
1980950,0
1981000,0
1981050,0
1981100,0
1981150,0
1981200,0
1981250,0
1981300,0
1981350,0
1981400,0
1981450,0
1981500,0
1981550,0
1981600,0
1981650,0
1981700,0
1981750,0
1981800,0
1981850,0
1981900,0
1981950,0
1982000,0
1982050,0
1982100,0
1982150,0
1982200,0
1982250,0
1982300,0
1982350,0
1982400,0
1982450,0
1982500,0
1982550,0
1982600,0
1982650,0
1982700,0
1982750,0
1982800,0
1982850,0
1982900,0
1982950,0
1983000,0
1983050,0
1983100,0
1983150,0
1983200,0
1983250,0
1983300,0
1983350,0
1983400,0
1983450,0
1983500,0
1983550,0
1983600,0
1983650,0
1983700,0
1983750,0
1983800,0
1983850,0
1983900,0
1983950,0
1984000,0
1984050,0
1984100,0
1984150,0
1984200,0
1984250,0
1984300,0
1984350,0
1984400,0
1984450,0
1984500,0
1984550,0
1984600,0
1984650,0
1984700,0
1984750,0
1984800,0
1984850,0
1984900,0
1984950,0
1985000,0
1985050,0
1985100,0
1985150,0
1985200,0
1985250,0
1985300,0
1985350,0
1985400,0
1985450,0
1985500,0
1985550,0
1985600,0
1985650,0
1985700,0
1985750,0
1985800,0
1985850,0
1985900,0
1985950,0
1986000,0
1986050,0
1986100,0
1986150,0
1986200,0
1986250,0
1986300,0
1986350,0
1986400,0
1986450,0
1986500,0
1986550,0
1986600,0
1986650,0
1986700,0
1986750,0
1986800,0
1986850,0
1986900,0
1986950,0
1987000,0
1987050,0
1987100,0
1987150,0
1987200,0
1987250,0
1987300,0
1987350,0
1987400,0
1987450,0
1987500,0
1987550,0
1987600,0
1987650,0
1987700,0
1987750,0
1987800,0
1987850,0
1987900,0
1987950,0
1988000,0
1988050,0
1988100,0
1988150,0
1988200,0
1988250,0
1988300,0
1988350,0
1988400,0
1988450,0
1988500,0
1988550,0
1988600,0
1988650,0
1988700,0
1988750,0
1988800,0
1988850,0
1988900,0
1988950,0
1989000,0
1989050,0
1989100,0
1989150,0
1989200,0
1989250,0
1989300,0
1989350,0
1989400,0
1989450,0
1989500,0
1989550,0
1989600,0
1989650,0
1989700,0
1989750,0
1989800,0
1989850,0
1989900,0
1989950,0
1990000,0
1990050,0
1990100,0
1990150,0
1990200,0
1990250,0
1990300,0
1990350,0
1990400,0
1990450,0
1990500,0
1990550,0
1990600,0
1990650,0
1990700,0
1990750,0
1990800,0
1990850,0
1990900,0
1990950,0
1991000,0
1991050,0
1991100,0
1991150,0
1991200,0
1991250,0
1991300,0
1991350,0
1991400,0
1991450,0
1991500,0
1991550,0
1991600,0
1991650,0
1991700,0
1991750,0
1991800,0
1991850,0
1991900,0
1991950,0
1992000,0
1992050,0
1992100,0
1992150,0
1992200,0
1992250,0
1992300,0
1992350,0
1992400,0
1992450,0
1992500,0
1992550,0
1992600,0
1992650,0
1992700,0
1992750,0
1992800,0
1992850,0
1992900,0
1992950,0
1993000,0
1993050,0
1993100,0
1993150,0
1993200,0
1993250,0
1993300,0
1993350,0
1993400,0
1993450,0
1993500,0
1993550,0
1993600,0
1993650,0
1993700,0
1993750,0
1993800,0
1993850,0
1993900,0
1993950,0
1994000,0
1994050,0
1994100,0
1994150,0
1994200,0
1994250,0
1994300,0
1994350,0
1994400,0
1994450,0
1994500,0
1994550,0
1994600,0
1994650,0
1994700,0
1994750,0
1994800,0
1994850,0
1994900,0
1994950,0
1995000,0
1995050,0
1995100,0
1995150,0
1995200,0
1995250,0
1995300,0
1995350,0
1995400,0
1995450,0
1995500,0
1995550,0
1995600,0
1995650,0
1995700,0
1995750,0
1995800,0
1995850,0
1995900,0
1995950,0
1996000,0
1996050,0
1996100,0
1996150,0
1996200,0
1996250,0
1996300,0
1996350,0
1996400,0
1996450,0
1996500,0
1996550,0
1996600,0
1996650,0
1996700,0
1996750,0
1996800,0
1996850,0
1996900,0
1996950,0
1997000,0
1997050,0
1997100,0
1997150,0
1997200,0
1997250,0
1997300,0
1997350,0
1997400,0
1997450,0
1997500,0
1997550,0
1997600,0
1997650,0
1997700,0
1997750,0
1997800,0
1997850,0
1997900,0
1997950,0
1998000,0
1998050,0
1998100,0
1998150,0
1998200,0
1998250,0
1998300,0
1998350,0
1998400,0
1998450,0
1998500,0
1998550,0
1998600,0
1998650,0
1998700,0
1998750,0
1998800,0
1998850,0
1998900,0
1998950,0
1999000,0
1999050,0
1999100,0
1999150,0
1999200,0
1999250,0
1999300,0
1999350,0
1999400,0
1999450,0
1999500,0
1999550,0
1999600,0
1999650,0
1999700,0
1999750,0
1999800,0
1999850,0
1999900,0
1999950,0
2000000,0
2000050,0
2000100,0
2000150,0
2000200,0
2000250,0
2000300,0
2000350,0
2000400,0
2000450,0
2000500,0
2000550,0
2000600,0
2000650,0
2000700,0
2000750,0
2000800,0
2000850,0
2000900,0
2000950,0
2001000,0
2001050,0
2001100,0
2001150,0
2001200,0
2001250,0
2001300,0
2001350,0
2001400,0
2001450,0
2001500,0
2001550,0
2001600,0
2001650,0
2001700,0
2001750,0
2001800,0
2001850,0
2001900,0
2001950,0
2002000,0
2002050,0
2002100,0
2002150,0
2002200,0
2002250,0
2002300,0
2002350,0
2002400,0
2002450,0
2002500,0
2002550,0
2002600,0
2002650,0
2002700,0
2002750,0
2002800,0
2002850,0
2002900,0
2002950,0
2003000,0
2003050,0
2003100,0
2003150,0
2003200,0
2003250,0
2003300,0
2003350,0
2003400,0
2003450,0
2003500,0
2003550,0
2003600,0
2003650,0
2003700,0
2003750,0
2003800,0
2003850,0
2003900,0
2003950,0
2004000,0
2004050,0
2004100,0
2004150,0
2004200,0
2004250,0
2004300,0
2004350,0
2004400,0
2004450,0
2004500,0
2004550,0
2004600,0
2004650,0
2004700,0
2004750,0
2004800,0
2004850,0
2004900,0
2004950,0
2005000,0
2005050,0
2005100,0
2005150,0
2005200,0
2005250,0
2005300,0
2005350,0
2005400,0
2005450,0
2005500,0
2005550,0
2005600,0
2005650,0
2005700,0
2005750,0
2005800,0
2005850,0
2005900,0
2005950,0
2006000,0
2006050,0
2006100,0
2006150,0
2006200,0
2006250,0
2006300,0
2006350,0
2006400,0
2006450,0
2006500,0
2006550,0
2006600,0
2006650,0
2006700,0
2006750,0
2006800,0
2006850,0
2006900,0
2006950,0
2007000,0
2007050,0
2007100,0
2007150,0
2007200,0
2007250,0
2007300,0
2007350,0
2007400,0
2007450,0
2007500,0
2007550,0
2007600,0
2007650,0
2007700,0
2007750,0
2007800,0
2007850,0
2007900,0
2007950,0
2008000,0
2008050,0
2008100,0
2008150,0
2008200,0
2008250,0
2008300,0
2008350,0
2008400,0
2008450,0
2008500,0
2008550,0
2008600,0
2008650,0
2008700,0
2008750,0
2008800,0
2008850,0
2008900,0
2008950,0
2009000,0
2009050,0
2009100,0
2009150,0
2009200,0
2009250,0
2009300,0
2009350,0
2009400,0
2009450,0
2009500,0
2009550,0
2009600,0
2009650,0
2009700,0
2009750,0
2009800,0
2009850,0
2009900,0
2009950,0
2010000,0
2010050,0
2010100,0
2010150,0
2010200,0
2010250,0
2010300,0
2010350,0
2010400,0
2010450,0
2010500,0
2010550,0
2010600,0
2010650,0
2010700,0
2010750,0
2010800,0
2010850,0
2010900,0
2010950,0
2011000,0
2011050,0
2011100,0
2011150,0
2011200,0
2011250,0
2011300,0
2011350,0
2011400,0
2011450,0
2011500,0
2011550,0
2011600,0
2011650,0
2011700,0
2011750,0
2011800,0
2011850,0
2011900,0
2011950,0
2012000,0
2012050,0
2012100,0
2012150,0
2012200,0
2012250,0
2012300,0
2012350,0
2012400,0
2012450,0
2012500,0
2012550,0
2012600,0
2012650,0
2012700,0
2012750,0
2012800,0
2012850,0
2012900,0
2012950,0
2013000,0
2013050,0
2013100,0
2013150,0
2013200,0
2013250,0
2013300,0
2013350,0
2013400,0
2013450,0
2013500,0
2013550,0
2013600,0
2013650,0
2013700,0
2013750,0
2013800,0
2013850,0
2013900,0
2013950,0
2014000,0
2014050,0
2014100,0
2014150,0
2014200,0
2014250,0
2014300,0
2014350,0
2014400,0
2014450,0
2014500,0
2014550,0
2014600,0
2014650,0
2014700,0
2014750,0
2014800,0
2014850,0
2014900,0
2014950,0
2015000,0
2015050,0
2015100,0
2015150,0
2015200,0
2015250,0
2015300,0
2015350,0
2015400,0
2015450,0
2015500,0
2015550,0
2015600,0
2015650,0
2015700,0
2015750,0
2015800,0
2015850,0
2015900,0
2015950,0
2016000,0
2016050,0
2016100,0
2016150,0
2016200,0
2016250,0
2016300,0
2016350,0
2016400,0
2016450,0
2016500,0
2016550,0
2016600,0
2016650,0
2016700,0
2016750,0
2016800,0
2016850,0
2016900,0
2016950,0
2017000,0
2017050,0
2017100,0
2017150,0
2017200,0
2017250,0
2017300,0
2017350,0
2017400,0
2017450,0
2017500,0
2017550,0
2017600,0
2017650,0
2017700,0
2017750,0
2017800,0
2017850,0
2017900,0
2017950,0
2018000,0
2018050,0
2018100,0
2018150,0
2018200,0
2018250,0
2018300,0
2018350,0
2018400,0
2018450,0
2018500,0
2018550,0
2018600,0
2018650,0
2018700,0
2018750,0
2018800,0
2018850,0
2018900,0
2018950,0
2019000,0
2019050,0
2019100,0
2019150,0
2019200,0
2019250,0
2019300,0
2019350,0
2019400,0
2019450,0
2019500,0
2019550,0
2019600,0
2019650,0
2019700,0
2019750,0
2019800,0
2019850,0
2019900,0
2019950,0
2020000,0
2020050,0
2020100,0
2020150,0
2020200,0
2020250,0
2020300,0
2020350,0
2020400,0
2020450,0
2020500,0
2020550,0
2020600,0
2020650,0
2020700,0
2020750,0
2020800,0
2020850,0
2020900,0
2020950,0
2021000,0
2021050,0
2021100,0
2021150,0
2021200,0
2021250,0
2021300,0
2021350,0
2021400,0
2021450,0
2021500,0
2021550,0
2021600,0
2021650,0
2021700,0
2021750,0
2021800,0
2021850,0
2021900,0
2021950,0
2022000,0
2022050,0
2022100,0
2022150,0
2022200,0
2022250,0
2022300,0
2022350,0
2022400,0
2022450,0
2022500,0
2022550,0
2022600,0
2022650,0
2022700,0
2022750,0
2022800,0
2022850,0
2022900,0
2022950,0
2023000,0
2023050,0
2023100,0
2023150,0
2023200,0
2023250,0
2023300,0
2023350,0
2023400,0
2023450,0
2023500,0
2023550,0
2023600,0
2023650,0
2023700,0
2023750,0
2023800,0
2023850,0
2023900,0
2023950,0
2024000,0
2024050,0
2024100,0
2024150,0
2024200,0
2024250,0
2024300,0
2024350,0
2024400,0
2024450,0
2024500,0
2024550,0
2024600,0
2024650,0
2024700,0
2024750,0
2024800,0
2024850,0
2024900,0
2024950,0
2025000,0
2025050,0
2025100,0
2025150,0
2025200,0
2025250,0
2025300,0
2025350,0
2025400,0
2025450,0
2025500,0
2025550,0
2025600,0
2025650,0
2025700,0
2025750,0
2025800,0
2025850,0
2025900,0
2025950,0
2026000,0
2026050,0
2026100,0
2026150,0
2026200,0
2026250,0
2026300,0
2026350,0
2026400,0
2026450,0
2026500,0
2026550,0
2026600,0
2026650,0
2026700,0
2026750,0
2026800,0
2026850,0
2026900,0
2026950,0
2027000,0
2027050,0
2027100,0
2027150,0
2027200,0
2027250,0
2027300,0
2027350,0
2027400,0
2027450,0
2027500,0
2027550,0
2027600,0
2027650,0
2027700,0
2027750,0
2027800,0
2027850,0
2027900,0
2027950,0
2028000,0
2028050,0
2028100,0
2028150,0
2028200,0
2028250,0
2028300,0
2028350,0
2028400,0
2028450,0
2028500,0
2028550,0
2028600,0
2028650,0
2028700,0
2028750,0
2028800,0
2028850,0
2028900,0
2028950,0
2029000,0
2029050,0
2029100,0
2029150,0
2029200,0
2029250,0
2029300,0
2029350,0
2029400,0
2029450,0
2029500,0
2029550,0
2029600,0
2029650,0
2029700,0
2029750,0
2029800,0
2029850,0
2029900,0
2029950,0
2030000,0
2030050,0
2030100,0
2030150,0
2030200,0
2030250,0
2030300,0
2030350,0
2030400,0
2030450,0
2030500,0
2030550,0
2030600,0
2030650,0
2030700,0
2030750,0
2030800,0
2030850,0
2030900,0
2030950,0
2031000,0
2031050,0
2031100,0
2031150,0
2031200,0
2031250,0
2031300,0
2031350,0
2031400,0
2031450,0
2031500,0
2031550,0
2031600,0
2031650,0
2031700,0
2031750,0
2031800,0
2031850,0
2031900,0
2031950,0
2032000,0
2032050,0
2032100,0
2032150,0
2032200,0
2032250,0
2032300,0
2032350,0
2032400,0
2032450,0
2032500,0
2032550,0
2032600,0
2032650,0
2032700,0
2032750,0
2032800,0
2032850,0
2032900,0
2032950,0
2033000,0
2033050,0
2033100,0
2033150,0
2033200,0
2033250,0
2033300,0
2033350,0
2033400,0
2033450,0
2033500,0
2033550,0
2033600,0
2033650,0
2033700,0
2033750,0
2033800,0
2033850,0
2033900,0
2033950,0
2034000,0
2034050,0
2034100,0
2034150,0
2034200,0
2034250,0
2034300,0
2034350,0
2034400,0
2034450,0
2034500,0
2034550,0
2034600,0
2034650,0
2034700,0
2034750,0
2034800,0
2034850,0
2034900,0
2034950,0
2035000,0
2035050,0
2035100,0
2035150,0
2035200,0
2035250,0
2035300,0
2035350,0
2035400,0
2035450,0
2035500,0
2035550,0
2035600,0
2035650,0
2035700,0
2035750,0
2035800,0
2035850,0
2035900,0
2035950,0
2036000,0
2036050,0
2036100,0
2036150,0
2036200,0
2036250,0
2036300,0
2036350,0
2036400,0
2036450,0
2036500,0
2036550,0
2036600,0
2036650,0
2036700,0
2036750,0
2036800,0
2036850,0
2036900,0
2036950,0
2037000,0
2037050,0
2037100,0
2037150,0
2037200,0
2037250,0
2037300,0
2037350,0
2037400,0
2037450,0
2037500,0
2037550,0
2037600,0
2037650,0
2037700,0
2037750,0
2037800,0
2037850,0
2037900,0
2037950,0
2038000,0
2038050,0
2038100,0
2038150,0
2038200,0
2038250,0
2038300,0
2038350,0
2038400,0
2038450,0
2038500,0
2038550,0
2038600,0
2038650,0
2038700,0
2038750,0
2038800,0
2038850,0
2038900,0
2038950,0
2039000,0
2039050,0
2039100,0
2039150,0
2039200,0
2039250,0
2039300,0
2039350,0
2039400,0
2039450,0
2039500,0
2039550,0
2039600,0
2039650,0
2039700,0
2039750,0
2039800,0
2039850,0
2039900,0
2039950,0
2040000,0
2040050,0
2040100,0
2040150,0
2040200,0
2040250,0
2040300,0
2040350,0
2040400,0
2040450,0
2040500,0
2040550,0
2040600,0
2040650,0
2040700,0
2040750,0
2040800,0
2040850,0
2040900,0
2040950,0
2041000,0
2041050,0
2041100,0
2041150,0
2041200,0
2041250,0
2041300,0
2041350,0
2041400,0
2041450,0
2041500,0
2041550,0
2041600,0
2041650,0
2041700,0
2041750,0
2041800,0
2041850,0
2041900,0
2041950,0
2042000,0
2042050,0
2042100,0
2042150,0
2042200,0
2042250,0
2042300,0
2042350,0
2042400,0
2042450,0
2042500,0
2042550,0
2042600,0
2042650,0
2042700,0
2042750,0
2042800,0
2042850,0
2042900,0
2042950,0
2043000,0
2043050,0
2043100,0
2043150,0
2043200,0
2043250,0
2043300,0
2043350,0
2043400,0
2043450,0
2043500,0
2043550,0
2043600,0
2043650,0
2043700,0
2043750,0
2043800,0
2043850,0
2043900,0
2043950,0
2044000,0
2044050,0
2044100,0
2044150,0
2044200,0
2044250,0
2044300,0
2044350,0
2044400,0
2044450,0
2044500,0
2044550,0
2044600,0
2044650,0
2044700,0
2044750,0
2044800,0
2044850,0
2044900,0
2044950,0
2045000,0
2045050,0
2045100,0
2045150,0
2045200,0
2045250,0
2045300,0
2045350,0
2045400,0
2045450,0
2045500,0
2045550,0
2045600,0
2045650,0
2045700,0
2045750,0
2045800,0
2045850,0
2045900,0
2045950,0
2046000,0
2046050,0
2046100,0
2046150,0
2046200,0
2046250,0
2046300,0
2046350,0
2046400,0
2046450,0
2046500,0
2046550,0
2046600,0
2046650,0
2046700,0
2046750,0
2046800,0
2046850,0
2046900,0
2046950,0
2047000,0
2047050,0
2047100,0
2047150,0
2047200,0
2047250,0
2047300,0
2047350,0
2047400,0
2047450,0
2047500,0
2047550,0
2047600,0
2047650,0
2047700,0
2047750,0
2047800,0
2047850,0
2047900,0
2047950,0
2048000,0
2048050,0
2048100,0
2048150,0
2048200,0
2048250,0
2048300,0
2048350,0
2048400,0
2048450,0
2048500,0
2048550,0
2048600,0
2048650,0
2048700,0
2048750,0
2048800,0
2048850,0
2048900,0
2048950,0
2049000,0
2049050,0
2049100,0
2049150,0
2049200,0
2049250,0
2049300,0
2049350,0
2049400,0
2049450,0
2049500,0
2049550,0
2049600,0
2049650,0
2049700,0
2049750,0
2049800,0
2049850,0
2049900,0
2049950,0
2050000,0
2050050,0
2050100,0
2050150,0
2050200,0
2050250,0
2050300,0
2050350,0
2050400,0
2050450,0
2050500,0
2050550,0
2050600,0
2050650,0
2050700,0
2050750,0
2050800,0
2050850,0
2050900,0
2050950,0
2051000,0
2051050,0
2051100,0
2051150,0
2051200,0
2051250,0
2051300,0
2051350,0
2051400,0
2051450,0
2051500,0
2051550,0
2051600,0
2051650,0
2051700,0
2051750,0
2051800,0
2051850,0
2051900,0
2051950,0
2052000,0
2052050,0
2052100,0
2052150,0
2052200,0
2052250,0
2052300,0
2052350,0
2052400,0
2052450,0
2052500,0
2052550,0
2052600,0
2052650,0
2052700,0
2052750,0
2052800,0
2052850,0
2052900,0
2052950,0
2053000,0
2053050,0
2053100,0
2053150,0
2053200,0
2053250,0
2053300,0
2053350,0
2053400,0
2053450,0
2053500,0
2053550,0
2053600,0
2053650,0
2053700,0
2053750,0
2053800,0
2053850,0
2053900,0
2053950,0
2054000,0
2054050,0
2054100,0
2054150,0
2054200,0
2054250,0
2054300,0
2054350,0
2054400,0
2054450,0
2054500,0
2054550,0
2054600,0
2054650,0
2054700,0
2054750,0
2054800,0
2054850,0
2054900,0
2054950,0
2055000,0
2055050,0
2055100,0
2055150,0
2055200,0
2055250,0
2055300,0
2055350,0
2055400,0
2055450,0
2055500,0
2055550,0
2055600,0
2055650,0
2055700,0
2055750,0
2055800,0
2055850,0
2055900,0
2055950,0
2056000,0
2056050,0
2056100,0
2056150,0
2056200,0
2056250,0
2056300,0
2056350,0
2056400,0
2056450,0
2056500,0
2056550,0
2056600,0
2056650,0
2056700,0
2056750,0
2056800,0
2056850,0
2056900,0
2056950,0
2057000,0
2057050,0
2057100,0
2057150,0
2057200,0
2057250,0
2057300,0
2057350,0
2057400,0
2057450,0
2057500,0
2057550,0
2057600,0
2057650,0
2057700,0
2057750,0
2057800,0
2057850,0
2057900,0
2057950,0
2058000,0
2058050,0
2058100,0
2058150,0
2058200,0
2058250,0
2058300,0
2058350,0
2058400,0
2058450,0
2058500,0
2058550,0
2058600,0
2058650,0
2058700,0
2058750,0
2058800,0
2058850,0
2058900,0
2058950,0
2059000,0
2059050,0
2059100,0
2059150,0
2059200,0
2059250,0
2059300,0
2059350,0
2059400,0
2059450,0
2059500,0
2059550,0
2059600,0
2059650,0
2059700,0
2059750,0
2059800,0
2059850,0
2059900,0
2059950,0
2060000,0
2060050,0
2060100,0
2060150,0
2060200,0
2060250,0
2060300,0
2060350,0
2060400,0
2060450,0
2060500,0
2060550,0
2060600,0
2060650,0
2060700,0
2060750,0
2060800,0
2060850,0
2060900,0
2060950,0
2061000,0
2061050,0
2061100,0
2061150,0
2061200,0
2061250,0
2061300,0
2061350,0
2061400,0
2061450,0
2061500,0
2061550,0
2061600,0
2061650,0
2061700,0
2061750,0
2061800,0
2061850,0
2061900,0
2061950,0
2062000,0
2062050,0
2062100,0
2062150,0
2062200,0
2062250,0
2062300,0
2062350,0
2062400,0
2062450,0
2062500,0
2062550,0
2062600,0
2062650,0
2062700,0
2062750,0
2062800,0
2062850,0
2062900,0
2062950,0
2063000,0
2063050,0
2063100,0
2063150,0
2063200,0
2063250,0
2063300,0
2063350,0
2063400,0
2063450,0
2063500,0
2063550,0
2063600,0
2063650,0
2063700,0
2063750,0
2063800,0
2063850,0
2063900,0
2063950,0
2064000,0
2064050,0
2064100,0
2064150,0
2064200,0
2064250,0
2064300,0
2064350,0
2064400,0
2064450,0
2064500,0
2064550,0
2064600,0
2064650,0
2064700,0
2064750,0
2064800,0
2064850,0
2064900,0
2064950,0
2065000,0
2065050,0
2065100,0
2065150,0
2065200,0
2065250,0
2065300,0
2065350,0
2065400,0
2065450,0
2065500,0
2065550,0
2065600,0
2065650,0
2065700,0
2065750,0
2065800,0
2065850,0
2065900,0
2065950,0
2066000,0
2066050,0
2066100,0
2066150,0
2066200,0
2066250,0
2066300,0
2066350,0
2066400,0
2066450,0
2066500,0
2066550,0
2066600,0
2066650,0
2066700,0
2066750,0
2066800,0
2066850,0
2066900,0
2066950,0
2067000,0
2067050,0
2067100,0
2067150,0
2067200,0
2067250,0
2067300,0
2067350,0
2067400,0
2067450,0
2067500,0
2067550,0
2067600,0
2067650,0
2067700,0
2067750,0
2067800,0
2067850,0
2067900,0
2067950,0
2068000,0
2068050,0
2068100,0
2068150,0
2068200,0
2068250,0
2068300,0
2068350,0
2068400,0
2068450,0
2068500,0
2068550,0
2068600,0
2068650,0
2068700,0
2068750,0
2068800,0
2068850,0
2068900,0
2068950,0
2069000,0
2069050,0
2069100,0
2069150,0
2069200,0
2069250,0
2069300,0
2069350,0
2069400,0
2069450,0
2069500,0
2069550,0
2069600,0
2069650,0
2069700,0
2069750,0
2069800,0
2069850,0
2069900,0
2069950,0
2070000,0
2070050,0
2070100,0
2070150,0
2070200,0
2070250,0
2070300,0
2070350,0
2070400,0
2070450,0
2070500,0
2070550,0
2070600,0
2070650,0
2070700,0
2070750,0
2070800,0
2070850,0
2070900,0
2070950,0
2071000,0
2071050,0
2071100,0
2071150,0
2071200,0
2071250,0
2071300,0
2071350,0
2071400,0
2071450,0
2071500,0
2071550,0
2071600,0
2071650,0
2071700,0
2071750,0
2071800,0
2071850,0
2071900,0
2071950,0
2072000,0
2072050,0
2072100,0
2072150,0
2072200,0
2072250,0
2072300,0
2072350,0
2072400,0
2072450,0
2072500,0
2072550,0
2072600,0
2072650,0
2072700,0
2072750,0
2072800,0
2072850,0
2072900,0
2072950,0
2073000,0
2073050,0
2073100,0
2073150,0
2073200,0
2073250,0
2073300,0
2073350,0
2073400,0
2073450,0
2073500,0
2073550,0
2073600,0
2073650,0
2073700,0
2073750,0
2073800,0
2073850,0
2073900,0
2073950,0
2074000,0
2074050,0
2074100,0
2074150,0
2074200,0
2074250,0
2074300,0
2074350,0
2074400,0
2074450,0
2074500,0
2074550,0
2074600,0
2074650,0
2074700,0
2074750,0
2074800,0
2074850,0
2074900,0
2074950,0
2075000,0
2075050,0
2075100,0
2075150,0
2075200,0
2075250,0
2075300,0
2075350,0
2075400,0
2075450,0
2075500,0
2075550,0
2075600,0
2075650,0
2075700,0
2075750,0
2075800,0
2075850,0
2075900,0
2075950,0
2076000,0
2076050,0
2076100,0
2076150,0
2076200,0
2076250,0
2076300,0
2076350,0
2076400,0
2076450,0
2076500,0
2076550,0
2076600,0
2076650,0
2076700,0
2076750,0
2076800,0
2076850,0
2076900,0
2076950,0
2077000,0
2077050,0
2077100,0
2077150,0
2077200,0
2077250,0
2077300,0
2077350,0
2077400,0
2077450,0
2077500,0
2077550,0
2077600,0
2077650,0
2077700,0
2077750,0
2077800,0
2077850,0
2077900,0
2077950,0
2078000,0
2078050,0
2078100,0
2078150,0
2078200,0
2078250,0
2078300,0
2078350,0
2078400,0
2078450,0
2078500,0
2078550,0
2078600,0
2078650,0
2078700,0
2078750,0
2078800,0
2078850,0
2078900,0
2078950,0
2079000,0
2079050,0
2079100,0
2079150,0
2079200,0
2079250,0
2079300,0
2079350,0
2079400,0
2079450,0
2079500,0
2079550,0
2079600,0
2079650,0
2079700,0
2079750,0
2079800,0
2079850,0
2079900,0
2079950,0
2080000,0
2080050,0
2080100,0
2080150,0
2080200,0
2080250,0
2080300,0
2080350,0
2080400,0
2080450,0
2080500,0
2080550,0
2080600,0
2080650,0
2080700,0
2080750,0
2080800,0
2080850,0
2080900,0
2080950,0
2081000,0
2081050,0
2081100,0
2081150,0
2081200,0
2081250,0
2081300,0
2081350,0
2081400,0
2081450,0
2081500,0
2081550,0
2081600,0
2081650,0
2081700,0
2081750,0
2081800,0
2081850,0
2081900,0
2081950,0
2082000,0
2082050,0
2082100,0
2082150,0
2082200,0
2082250,0
2082300,0
2082350,0
2082400,0
2082450,0
2082500,0
2082550,0
2082600,0
2082650,0
2082700,0
2082750,0
2082800,0
2082850,0
2082900,0
2082950,0
2083000,0
2083050,0
2083100,0
2083150,0
2083200,0
2083250,0
2083300,0
2083350,0
2083400,0
2083450,0
2083500,0
2083550,0
2083600,0
2083650,0
2083700,0
2083750,0
2083800,0
2083850,0
2083900,0
2083950,0
2084000,0
2084050,0
2084100,0
2084150,0
2084200,0
2084250,0
2084300,0
2084350,0
2084400,0
2084450,0
2084500,0
2084550,0
2084600,0
2084650,0
2084700,0
2084750,0
2084800,0
2084850,0
2084900,0
2084950,0
2085000,0
2085050,0
2085100,0
2085150,0
2085200,0
2085250,0
2085300,0
2085350,0
2085400,0
2085450,0
2085500,0
2085550,0
2085600,0
2085650,0
2085700,0
2085750,0
2085800,0
2085850,0
2085900,0
2085950,0
2086000,0
2086050,0
2086100,0
2086150,0
2086200,0
2086250,0
2086300,0
2086350,0
2086400,0
2086450,0
2086500,0
2086550,0
2086600,0
2086650,0
2086700,0
2086750,0
2086800,0
2086850,0
2086900,0
2086950,0
2087000,0
2087050,0
2087100,0
2087150,0
2087200,0
2087250,0
2087300,0
2087350,0
2087400,0
2087450,0
2087500,0
2087550,0
2087600,0
2087650,0
2087700,0
2087750,0
2087800,0
2087850,0
2087900,0
2087950,0
2088000,0
2088050,0
2088100,0
2088150,0
2088200,0
2088250,0
2088300,0
2088350,0
2088400,0
2088450,0
2088500,0
2088550,0
2088600,0
2088650,0
2088700,0
2088750,0
2088800,0
2088850,0
2088900,0
2088950,0
2089000,0
2089050,0
2089100,0
2089150,0
2089200,0
2089250,0
2089300,0
2089350,0
2089400,0
2089450,0
2089500,0
2089550,0
2089600,0
2089650,0
2089700,0
2089750,0
2089800,0
2089850,0
2089900,0
2089950,0
2090000,0
2090050,0
2090100,0
2090150,0
2090200,0
2090250,0
2090300,0
2090350,0
2090400,0
2090450,0
2090500,0
2090550,0
2090600,0
2090650,0
2090700,0
2090750,0
2090800,0
2090850,0
2090900,0
2090950,0
2091000,0
2091050,0
2091100,0
2091150,0
2091200,0
2091250,0
2091300,0
2091350,0
2091400,0
2091450,0
2091500,0
2091550,0
2091600,0
2091650,0
2091700,0
2091750,0
2091800,0
2091850,0
2091900,0
2091950,0
2092000,0
2092050,0
2092100,0
2092150,0
2092200,0
2092250,0
2092300,0
2092350,0
2092400,0
2092450,0
2092500,0
2092550,0
2092600,0
2092650,0
2092700,0
2092750,0
2092800,0
2092850,0
2092900,0
2092950,0
2093000,0
2093050,0
2093100,0
2093150,0
2093200,0
2093250,0
2093300,0
2093350,0
2093400,0
2093450,0
2093500,0
2093550,0
2093600,0
2093650,0
2093700,0
2093750,0
2093800,0
2093850,0
2093900,0
2093950,0
2094000,0
2094050,0
2094100,0
2094150,0
2094200,0
2094250,0
2094300,0
2094350,0
2094400,0
2094450,0
2094500,0
2094550,0
2094600,0
2094650,0
2094700,0
2094750,0
2094800,0
2094850,0
2094900,0
2094950,0
2095000,0
2095050,0
2095100,0
2095150,0
2095200,0
2095250,0
2095300,0
2095350,0
2095400,0
2095450,0
2095500,0
2095550,0
2095600,0
2095650,0
2095700,0
2095750,0
2095800,0
2095850,0
2095900,0
2095950,0
2096000,0
2096050,0
2096100,0
2096150,0
2096200,0
2096250,0
2096300,0
2096350,0
2096400,0
2096450,0
2096500,0
2096550,0
2096600,0
2096650,0
2096700,0
2096750,0
2096800,0
2096850,0
2096900,0
2096950,0
2097000,0
2097050,0
2097100,0
2097150,0
2097200,0
2097250,0
2097300,0
2097350,0
2097400,0
2097450,0
2097500,0
2097550,0
2097600,0
2097650,0
2097700,0
2097750,0
2097800,0
2097850,0
2097900,0
2097950,0
2098000,0
2098050,0
2098100,0
2098150,0
2098200,0
2098250,0
2098300,0
2098350,0
2098400,0
2098450,0
2098500,0
2098550,0
2098600,0
2098650,0
2098700,0
2098750,0
2098800,0
2098850,0
2098900,0
2098950,0
2099000,0
2099050,0
2099100,0
2099150,0
2099200,0
2099250,0
2099300,0
2099350,0
2099400,0
2099450,0
2099500,0
2099550,0
2099600,0
2099650,0
2099700,0
2099750,0
2099800,0
2099850,0
2099900,0
2099950,0
2100000,0
2100050,0
2100100,0
2100150,0
2100200,0
2100250,0
2100300,0
2100350,0
2100400,0
2100450,0
2100500,0
2100550,0
2100600,0
2100650,0
2100700,0
2100750,0
2100800,0
2100850,0
2100900,0
2100950,0
2101000,0
2101050,0
2101100,0
2101150,0
2101200,0
2101250,0
2101300,0
2101350,0
2101400,0
2101450,0
2101500,0
2101550,0
2101600,0
2101650,0
2101700,0
2101750,0
2101800,0
2101850,0
2101900,0
2101950,0
2102000,0
2102050,0
2102100,0
2102150,0
2102200,0
2102250,0
2102300,0
2102350,0
2102400,0
2102450,0
2102500,0
2102550,0
2102600,0
2102650,0
2102700,0
2102750,0
2102800,0
2102850,0
2102900,0
2102950,0
2103000,0
2103050,0
2103100,0
2103150,0
2103200,0
2103250,0
2103300,0
2103350,0
2103400,0
2103450,0
2103500,0
2103550,0
2103600,0
2103650,0
2103700,0
2103750,0
2103800,0
2103850,0
2103900,0
2103950,0
2104000,0
2104050,0
2104100,0
2104150,0
2104200,0
2104250,0
2104300,0
2104350,0
2104400,0
2104450,0
2104500,0
2104550,0
2104600,0
2104650,0
2104700,0
2104750,0
2104800,0
2104850,0
2104900,0
2104950,0
2105000,0
2105050,0
2105100,0
2105150,0
2105200,0
2105250,0
2105300,0
2105350,0
2105400,0
2105450,0
2105500,0
2105550,0
2105600,0
2105650,0
2105700,0
2105750,0
2105800,0
2105850,0
2105900,0
2105950,0
2106000,0
2106050,0
2106100,0
2106150,0
2106200,0
2106250,0
2106300,0
2106350,0
2106400,0
2106450,0
2106500,0
2106550,0
2106600,0
2106650,0
2106700,0
2106750,0
2106800,0
2106850,0
2106900,0
2106950,0
2107000,0
2107050,0
2107100,0
2107150,0
2107200,0
2107250,0
2107300,0
2107350,0
2107400,0
2107450,0
2107500,0
2107550,0
2107600,0
2107650,0
2107700,0
2107750,0
2107800,0
2107850,0
2107900,0
2107950,0
2108000,0
2108050,0
2108100,0
2108150,0
2108200,0
2108250,0
2108300,0
2108350,0
2108400,0
2108450,0
2108500,0
2108550,0
2108600,0
2108650,0
2108700,0
2108750,0
2108800,0
2108850,0
2108900,0
2108950,0
2109000,0
2109050,0
2109100,0
2109150,0
2109200,0
2109250,0
2109300,0
2109350,0
2109400,0
2109450,0
2109500,0
2109550,0
2109600,0
2109650,0
2109700,0
2109750,0
2109800,0
2109850,0
2109900,0
2109950,0
2110000,0
2110050,0
2110100,0
2110150,0
2110200,0
2110250,0
2110300,0
2110350,0
2110400,0
2110450,0
2110500,0
2110550,0
2110600,0
2110650,0
2110700,0
2110750,0
2110800,0
2110850,0
2110900,0
2110950,0
2111000,0
2111050,0
2111100,0
2111150,0
2111200,0
2111250,0
2111300,0
2111350,0
2111400,0
2111450,0
2111500,0
2111550,0
2111600,0
2111650,0
2111700,0
2111750,0
2111800,0
2111850,0
2111900,0
2111950,0
2112000,0
2112050,0
2112100,0
2112150,0
2112200,0
2112250,0
2112300,0
2112350,0
2112400,0
2112450,0
2112500,0
2112550,0
2112600,0
2112650,0
2112700,0
2112750,0
2112800,0
2112850,0
2112900,0
2112950,0
2113000,0
2113050,0
2113100,0
2113150,0
2113200,0
2113250,0
2113300,0
2113350,0
2113400,0
2113450,0
2113500,0
2113550,0
2113600,0
2113650,0
2113700,0
2113750,0
2113800,0
2113850,0
2113900,0
2113950,0
2114000,0
2114050,0
2114100,0
2114150,0
2114200,0
2114250,0
2114300,0
2114350,0
2114400,0
2114450,0
2114500,0
2114550,0
2114600,0
2114650,0
2114700,0
2114750,0
2114800,0
2114850,0
2114900,0
2114950,0
2115000,0
2115050,0
2115100,0
2115150,0
2115200,0
2115250,0
2115300,0
2115350,0
2115400,0
2115450,0
2115500,0
2115550,0
2115600,0
2115650,0
2115700,0
2115750,0
2115800,0
2115850,0
2115900,0
2115950,0
2116000,0
2116050,0
2116100,0
2116150,0
2116200,0
2116250,0
2116300,0
2116350,0
2116400,0
2116450,0
2116500,0
2116550,0
2116600,0
2116650,0
2116700,0
2116750,0
2116800,0
2116850,0
2116900,0
2116950,0
2117000,0
2117050,0
2117100,0
2117150,0
2117200,0
2117250,0
2117300,0
2117350,0
2117400,0
2117450,0
2117500,0
2117550,0
2117600,0
2117650,0
2117700,0
2117750,0
2117800,0
2117850,0
2117900,0
2117950,0
2118000,0
2118050,0
2118100,0
2118150,0
2118200,0
2118250,0
2118300,0
2118350,0
2118400,0
2118450,0
2118500,0
2118550,0
2118600,0
2118650,0
2118700,0
2118750,0
2118800,0
2118850,0
2118900,0
2118950,0
2119000,0
2119050,0
2119100,0
2119150,0
2119200,0
2119250,0
2119300,0
2119350,0
2119400,0
2119450,0
2119500,0
2119550,0
2119600,0
2119650,0
2119700,0
2119750,0
2119800,0
2119850,0
2119900,0
2119950,0
2120000,0
2120050,0
2120100,0
2120150,0
2120200,0
2120250,0
2120300,0
2120350,0
2120400,0
2120450,0
2120500,0
2120550,0
2120600,0
2120650,0
2120700,0
2120750,0
2120800,0
2120850,0
2120900,0
2120950,0
2121000,0
2121050,0
2121100,0
2121150,0
2121200,0
2121250,0
2121300,0
2121350,0
2121400,0
2121450,0
2121500,0
2121550,0
2121600,0
2121650,0
2121700,0
2121750,0
2121800,0
2121850,0
2121900,0
2121950,0
2122000,0
2122050,0
2122100,0
2122150,0
2122200,0
2122250,0
2122300,0
2122350,0
2122400,0
2122450,0
2122500,0
2122550,0
2122600,0
2122650,0
2122700,0
2122750,0
2122800,0
2122850,0
2122900,0
2122950,0
2123000,0
2123050,0
2123100,0
2123150,0
2123200,0
2123250,0
2123300,0
2123350,0
2123400,0
2123450,0
2123500,0
2123550,0
2123600,0
2123650,0
2123700,0
2123750,0
2123800,0
2123850,0
2123900,0
2123950,0
2124000,0
2124050,0
2124100,0
2124150,0
2124200,0
2124250,0
2124300,0
2124350,0
2124400,0
2124450,0
2124500,0
2124550,0
2124600,0
2124650,0
2124700,0
2124750,0
2124800,0
2124850,0
2124900,0
2124950,0
2125000,0
2125050,0
2125100,0
2125150,0
2125200,0
2125250,0
2125300,0
2125350,0
2125400,0
2125450,0
2125500,0
2125550,0
2125600,0
2125650,0
2125700,0
2125750,0
2125800,0
2125850,0
2125900,0
2125950,0
2126000,0
2126050,0
2126100,0
2126150,0
2126200,0
2126250,0
2126300,0
2126350,0
2126400,0
2126450,0
2126500,0
2126550,0
2126600,0
2126650,0
2126700,0
2126750,0
2126800,0
2126850,0
2126900,0
2126950,0
2127000,0
2127050,0
2127100,0
2127150,0
2127200,0
2127250,0
2127300,0
2127350,0
2127400,0
2127450,0
2127500,0
2127550,0
2127600,0
2127650,0
2127700,0
2127750,0
2127800,0
2127850,0
2127900,0
2127950,0
2128000,0
2128050,0
2128100,0
2128150,0
2128200,0
2128250,0
2128300,0
2128350,0
2128400,0
2128450,0
2128500,0
2128550,0
2128600,0
2128650,0
2128700,0
2128750,0
2128800,0
2128850,0
2128900,0
2128950,0
2129000,0
2129050,0
2129100,0
2129150,0
2129200,0
2129250,0
2129300,0
2129350,0
2129400,0
2129450,0
2129500,0
2129550,0
2129600,0
2129650,0
2129700,0
2129750,0
2129800,0
2129850,0
2129900,0
2129950,0
2130000,0
2130050,0
2130100,0
2130150,0
2130200,0
2130250,0
2130300,0
2130350,0
2130400,0
2130450,0
2130500,0
2130550,0
2130600,0
2130650,0
2130700,0
2130750,0
2130800,0
2130850,0
2130900,0
2130950,0
2131000,0
2131050,0
2131100,0
2131150,0
2131200,0
2131250,0
2131300,0
2131350,0
2131400,0
2131450,0
2131500,0
2131550,0
2131600,0
2131650,0
2131700,0
2131750,0
2131800,0
2131850,0
2131900,0
2131950,0
2132000,0
2132050,0
2132100,0
2132150,0
2132200,0
2132250,0
2132300,0
2132350,0
2132400,0
2132450,0
2132500,0
2132550,0
2132600,0
2132650,0
2132700,0
2132750,0
2132800,0
2132850,0
2132900,0
2132950,0
2133000,0
2133050,0
2133100,0
2133150,0
2133200,0
2133250,0
2133300,0
2133350,0
2133400,0
2133450,0
2133500,0
2133550,0
2133600,0
2133650,0
2133700,0
2133750,0
2133800,0
2133850,0
2133900,0
2133950,0
2134000,0
2134050,0
2134100,0
2134150,0
2134200,0
2134250,0
2134300,0
2134350,0
2134400,0
2134450,0
2134500,0
2134550,0
2134600,0
2134650,0
2134700,0
2134750,0
2134800,0
2134850,0
2134900,0
2134950,0
2135000,0
2135050,0
2135100,0
2135150,0
2135200,0
2135250,0
2135300,0
2135350,0
2135400,0
2135450,0
2135500,0
2135550,0
2135600,0
2135650,0
2135700,0
2135750,0
2135800,0
2135850,0
2135900,0
2135950,0
2136000,0
2136050,0
2136100,0
2136150,0
2136200,0
2136250,0
2136300,0
2136350,0
2136400,0
2136450,0
2136500,0
2136550,0
2136600,0
2136650,0
2136700,0
2136750,0
2136800,0
2136850,0
2136900,0
2136950,0
2137000,0
2137050,0
2137100,0
2137150,0
2137200,0
2137250,0
2137300,0
2137350,0
2137400,0
2137450,0
2137500,0
2137550,0
2137600,0
2137650,0
2137700,0
2137750,0
2137800,0
2137850,0
2137900,0
2137950,0
2138000,0
2138050,0
2138100,0
2138150,0
2138200,0
2138250,0
2138300,0
2138350,0
2138400,0
2138450,0
2138500,0
2138550,0
2138600,0
2138650,0
2138700,0
2138750,0
2138800,0
2138850,0
2138900,0
2138950,0
2139000,0
2139050,0
2139100,0
2139150,0
2139200,0
2139250,0
2139300,0
2139350,0
2139400,0
2139450,0
2139500,0
2139550,0
2139600,0
2139650,0
2139700,0
2139750,0
2139800,0
2139850,0
2139900,0
2139950,0
2140000,0
2140050,0
2140100,0
2140150,0
2140200,0
2140250,0
2140300,0
2140350,0
2140400,0
2140450,0
2140500,0
2140550,0
2140600,0
2140650,0
2140700,0
2140750,0
2140800,0
2140850,0
2140900,0
2140950,0
2141000,0
2141050,0
2141100,0
2141150,0
2141200,0
2141250,0
2141300,0
2141350,0
2141400,0
2141450,0
2141500,0
2141550,0
2141600,0
2141650,0
2141700,0
2141750,0
2141800,0
2141850,0
2141900,0
2141950,0
2142000,0
2142050,0
2142100,0
2142150,0
2142200,0
2142250,0
2142300,0
2142350,0
2142400,0
2142450,0
2142500,0
2142550,0
2142600,0
2142650,0
2142700,0
2142750,0
2142800,0
2142850,0
2142900,0
2142950,0
2143000,0
2143050,0
2143100,0
2143150,0
2143200,0
2143250,0
2143300,0
2143350,0
2143400,0
2143450,0
2143500,0
2143550,0
2143600,0
2143650,0
2143700,0
2143750,0
2143800,0
2143850,0
2143900,0
2143950,0
2144000,0
2144050,0
2144100,0
2144150,0
2144200,0
2144250,0
2144300,0
2144350,0
2144400,0
2144450,0
2144500,0
2144550,0
2144600,0
2144650,0
2144700,0
2144750,0
2144800,0
2144850,0
2144900,0
2144950,0
2145000,0
2145050,0
2145100,0
2145150,0
2145200,0
2145250,0
2145300,0
2145350,0
2145400,0
2145450,0
2145500,0
2145550,0
2145600,0
2145650,0
2145700,0
2145750,0
2145800,0
2145850,0
2145900,0
2145950,0
2146000,0
2146050,0
2146100,0
2146150,0
2146200,0
2146250,0
2146300,0
2146350,0
2146400,0
2146450,0
2146500,0
2146550,0
2146600,0
2146650,0
2146700,0
2146750,0
2146800,0
2146850,0
2146900,0
2146950,0
2147000,0
2147050,0
2147100,0
2147150,0
2147200,0
2147250,0
2147300,0
2147350,0
2147400,0
2147450,0
2147500,0
2147550,0
2147600,0
2147650,0
2147700,0
2147750,0
2147800,0
2147850,0
2147900,0
2147950,0
2148000,0
2148050,0
2148100,0
2148150,0
2148200,0
2148250,0
2148300,0
2148350,0
2148400,0
2148450,0
2148500,0
2148550,0
2148600,0
2148650,0
2148700,0
2148750,0
2148800,0
2148850,0
2148900,0
2148950,0
2149000,0
2149050,0
2149100,0
2149150,0
2149200,0
2149250,0
2149300,0
2149350,0
2149400,0
2149450,0
2149500,0
2149550,0
2149600,0
2149650,0
2149700,0
2149750,0
2149800,0
2149850,0
2149900,0
2149950,0
2150000,0
2150050,0
2150100,0
2150150,0
2150200,0
2150250,0
2150300,0
2150350,0
2150400,0
2150450,0
2150500,0
2150550,0
2150600,0
2150650,0
2150700,0
2150750,0
2150800,0
2150850,0
2150900,0
2150950,0
2151000,0
2151050,0
2151100,0
2151150,0
2151200,0
2151250,0
2151300,0
2151350,0
2151400,0
2151450,0
2151500,0
2151550,0
2151600,0
2151650,0
2151700,0
2151750,0
2151800,0
2151850,0
2151900,0
2151950,0
2152000,0
2152050,0
2152100,0
2152150,0
2152200,0
2152250,0
2152300,0
2152350,0
2152400,0
2152450,0
2152500,0
2152550,0
2152600,0
2152650,0
2152700,0
2152750,0
2152800,0
2152850,0
2152900,0
2152950,0
2153000,0
2153050,0
2153100,0
2153150,0
2153200,0
2153250,0
2153300,0
2153350,0
2153400,0
2153450,0
2153500,0
2153550,0
2153600,0
2153650,0
2153700,0
2153750,0
2153800,0
2153850,0
2153900,0
2153950,0
2154000,0
2154050,0
2154100,0
2154150,0
2154200,0
2154250,0
2154300,0
2154350,0
2154400,0
2154450,0
2154500,0
2154550,0
2154600,0
2154650,0
2154700,0
2154750,0
2154800,0
2154850,0
2154900,0
2154950,0
2155000,0
2155050,0
2155100,0
2155150,0
2155200,0
2155250,0
2155300,0
2155350,0
2155400,0
2155450,0
2155500,0
2155550,0
2155600,0
2155650,0
2155700,0
2155750,0
2155800,0
2155850,0
2155900,0
2155950,0
2156000,0
2156050,0
2156100,0
2156150,0
2156200,0
2156250,0
2156300,0
2156350,0
2156400,0
2156450,0
2156500,0
2156550,0
2156600,0
2156650,0
2156700,0
2156750,0
2156800,0
2156850,0
2156900,0
2156950,0
2157000,0
2157050,0
2157100,0
2157150,0
2157200,0
2157250,0
2157300,0
2157350,0
2157400,0
2157450,0
2157500,0
2157550,0
2157600,0
2157650,0
2157700,0
2157750,0
2157800,0
2157850,0
2157900,0
2157950,0
2158000,0
2158050,0
2158100,0
2158150,0
2158200,0
2158250,0
2158300,0
2158350,0
2158400,0
2158450,0
2158500,0
2158550,0
2158600,0
2158650,0
2158700,0
2158750,0
2158800,0
2158850,0
2158900,0
2158950,0
2159000,0
2159050,0
2159100,0
2159150,0
2159200,0
2159250,0
2159300,0
2159350,0
2159400,0
2159450,0
2159500,0
2159550,0
2159600,0
2159650,0
2159700,0
2159750,0
2159800,0
2159850,0
2159900,0
2159950,0
2160000,0
2160050,0
2160100,0
2160150,0
2160200,0
2160250,0
2160300,0
2160350,0
2160400,0
2160450,0
2160500,0
2160550,0
2160600,0
2160650,0
2160700,0
2160750,0
2160800,0
2160850,0
2160900,0
2160950,0
2161000,0
2161050,0
2161100,0
2161150,0
2161200,0
2161250,0
2161300,0
2161350,0
2161400,0
2161450,0
2161500,0
2161550,0
2161600,0
2161650,0
2161700,0
2161750,0
2161800,0
2161850,0
2161900,0
2161950,0
2162000,0
2162050,0
2162100,0
2162150,0
2162200,0
2162250,0
2162300,0
2162350,0
2162400,0
2162450,0
2162500,0
2162550,0
2162600,0
2162650,0
2162700,0
2162750,0
2162800,0
2162850,0
2162900,0
2162950,0
2163000,0
2163050,0
2163100,0
2163150,0
2163200,0
2163250,0
2163300,0
2163350,0
2163400,0
2163450,0
2163500,0
2163550,0
2163600,0
2163650,0
2163700,0
2163750,0
2163800,0
2163850,0
2163900,0
2163950,0
2164000,0
2164050,0
2164100,0
2164150,0
2164200,0
2164250,0
2164300,0
2164350,0
2164400,0
2164450,0
2164500,0
2164550,0
2164600,0
2164650,0
2164700,0
2164750,0
2164800,0
2164850,0
2164900,0
2164950,0
2165000,0
2165050,0
2165100,0
2165150,0
2165200,0
2165250,0
2165300,0
2165350,0
2165400,0
2165450,0
2165500,0
2165550,0
2165600,0
2165650,0
2165700,0
2165750,0
2165800,0
2165850,0
2165900,0
2165950,0
2166000,0
2166050,0
2166100,0
2166150,0
2166200,0
2166250,0
2166300,0
2166350,0
2166400,0
2166450,0
2166500,0
2166550,0
2166600,0
2166650,0
2166700,0
2166750,0
2166800,0
2166850,0
2166900,0
2166950,0
2167000,0
2167050,0
2167100,0
2167150,0
2167200,0
2167250,0
2167300,0
2167350,0
2167400,0
2167450,0
2167500,0
2167550,0
2167600,0
2167650,0
2167700,0
2167750,0
2167800,0
2167850,0
2167900,0
2167950,0
2168000,0
2168050,0
2168100,0
2168150,0
2168200,0
2168250,0
2168300,0
2168350,0
2168400,0
2168450,0
2168500,0
2168550,0
2168600,0
2168650,0
2168700,0
2168750,0
2168800,0
2168850,0
2168900,0
2168950,0
2169000,0
2169050,0
2169100,0
2169150,0
2169200,0
2169250,0
2169300,0
2169350,0
2169400,0
2169450,0
2169500,0
2169550,0
2169600,0
2169650,0
2169700,0
2169750,0
2169800,0
2169850,0
2169900,0
2169950,0
2170000,0
2170050,0
2170100,0
2170150,0
2170200,0
2170250,0
2170300,0
2170350,0
2170400,0
2170450,0
2170500,0
2170550,0
2170600,0
2170650,0
2170700,0
2170750,0
2170800,0
2170850,0
2170900,0
2170950,0
2171000,0
2171050,0
2171100,0
2171150,0
2171200,0
2171250,0
2171300,0
2171350,0
2171400,0
2171450,0
2171500,0
2171550,0
2171600,0
2171650,0
2171700,0
2171750,0
2171800,0
2171850,0
2171900,0
2171950,0
2172000,0
2172050,0
2172100,0
2172150,0
2172200,0
2172250,0
2172300,0
2172350,0
2172400,0
2172450,0
2172500,0
2172550,0
2172600,0
2172650,0
2172700,0
2172750,0
2172800,0
2172850,0
2172900,0
2172950,0
2173000,0
2173050,0
2173100,0
2173150,0
2173200,0
2173250,0
2173300,0
2173350,0
2173400,0
2173450,0
2173500,0
2173550,0
2173600,0
2173650,0
2173700,0
2173750,0
2173800,0
2173850,0
2173900,0
2173950,0
2174000,0
2174050,0
2174100,0
2174150,0
2174200,0
2174250,0
2174300,0
2174350,0
2174400,0
2174450,0
2174500,0
2174550,0
2174600,0
2174650,0
2174700,0
2174750,0
2174800,0
2174850,0
2174900,0
2174950,0
2175000,0
2175050,0
2175100,0
2175150,0
2175200,0
2175250,0
2175300,0
2175350,0
2175400,0
2175450,0
2175500,0
2175550,0
2175600,0
2175650,0
2175700,0
2175750,0
2175800,0
2175850,0
2175900,0
2175950,0
2176000,0
2176050,0
2176100,0
2176150,0
2176200,0
2176250,0
2176300,0
2176350,0
2176400,0
2176450,0
2176500,0
2176550,0
2176600,0
2176650,0
2176700,0
2176750,0
2176800,0
2176850,0
2176900,0
2176950,0
2177000,0
2177050,0
2177100,0
2177150,0
2177200,0
2177250,0
2177300,0
2177350,0
2177400,0
2177450,0
2177500,0
2177550,0
2177600,0
2177650,0
2177700,0
2177750,0
2177800,0
2177850,0
2177900,0
2177950,0
2178000,0
2178050,0
2178100,0
2178150,0
2178200,0
2178250,0
2178300,0
2178350,0
2178400,0
2178450,0
2178500,0
2178550,0
2178600,0
2178650,0
2178700,0
2178750,0
2178800,0
2178850,0
2178900,0
2178950,0
2179000,0
2179050,0
2179100,0
2179150,0
2179200,0
2179250,0
2179300,0
2179350,0
2179400,0
2179450,0
2179500,0
2179550,0
2179600,0
2179650,0
2179700,0
2179750,0
2179800,0
2179850,0
2179900,0
2179950,0
2180000,0
2180050,0
2180100,0
2180150,0
2180200,0
2180250,0
2180300,0
2180350,0
2180400,0
2180450,0
2180500,0
2180550,0
2180600,0
2180650,0
2180700,0
2180750,0
2180800,0
2180850,0
2180900,0
2180950,0
2181000,0
2181050,0
2181100,0
2181150,0
2181200,0
2181250,0
2181300,0
2181350,0
2181400,0
2181450,0
2181500,0
2181550,0
2181600,0
2181650,0
2181700,0
2181750,0
2181800,0
2181850,0
2181900,0
2181950,0
2182000,0
2182050,0
2182100,0
2182150,0
2182200,0
2182250,0
2182300,0
2182350,0
2182400,0
2182450,0
2182500,0
2182550,0
2182600,0
2182650,0
2182700,0
2182750,0
2182800,0
2182850,0
2182900,0
2182950,0
2183000,0
2183050,0
2183100,0
2183150,0
2183200,0
2183250,0
2183300,0
2183350,0
2183400,0
2183450,0
2183500,0
2183550,0
2183600,0
2183650,0
2183700,0
2183750,0
2183800,0
2183850,0
2183900,0
2183950,0
2184000,0
2184050,0
2184100,0
2184150,0
2184200,0
2184250,0
2184300,0
2184350,0
2184400,0
2184450,0
2184500,0
2184550,0
2184600,0
2184650,0
2184700,0
2184750,0
2184800,0
2184850,0
2184900,0
2184950,0
2185000,0
2185050,0
2185100,0
2185150,0
2185200,0
2185250,0
2185300,0
2185350,0
2185400,0
2185450,0
2185500,0
2185550,0
2185600,0
2185650,0
2185700,0
2185750,0
2185800,0
2185850,0
2185900,0
2185950,0
2186000,0
2186050,0
2186100,0
2186150,0
2186200,0
2186250,0
2186300,0
2186350,0
2186400,0
2186450,0
2186500,0
2186550,0
2186600,0
2186650,0
2186700,0
2186750,0
2186800,0
2186850,0
2186900,0
2186950,0
2187000,0
2187050,0
2187100,0
2187150,0
2187200,0
2187250,0
2187300,0
2187350,0
2187400,0
2187450,0
2187500,0
2187550,0
2187600,0
2187650,0
2187700,0
2187750,0
2187800,0
2187850,0
2187900,0
2187950,0
2188000,0
2188050,0
2188100,0
2188150,0
2188200,0
2188250,0
2188300,0
2188350,0
2188400,0
2188450,0
2188500,0
2188550,0
2188600,0
2188650,0
2188700,0
2188750,0
2188800,0
2188850,0
2188900,0
2188950,0
2189000,0
2189050,0
2189100,0
2189150,0
2189200,0
2189250,0
2189300,0
2189350,0
2189400,0
2189450,0
2189500,0
2189550,0
2189600,0
2189650,0
2189700,0
2189750,0
2189800,0
2189850,0
2189900,0
2189950,0
2190000,0
2190050,0
2190100,0
2190150,0
2190200,0
2190250,0
2190300,0
2190350,0
2190400,0
2190450,0
2190500,0
2190550,0
2190600,0
2190650,0
2190700,0
2190750,0
2190800,0
2190850,0
2190900,0
2190950,0
2191000,0
2191050,0
2191100,0
2191150,0
2191200,0
2191250,0
2191300,0
2191350,0
2191400,0
2191450,0
2191500,0
2191550,0
2191600,0
2191650,0
2191700,0
2191750,0
2191800,0
2191850,0
2191900,0
2191950,0
2192000,0
2192050,0
2192100,0
2192150,0
2192200,0
2192250,0
2192300,0
2192350,0
2192400,0
2192450,0
2192500,0
2192550,0
2192600,0
2192650,0
2192700,0
2192750,0
2192800,0
2192850,0
2192900,0
2192950,0
2193000,0
2193050,0
2193100,0
2193150,0
2193200,0
2193250,0
2193300,0
2193350,0
2193400,0
2193450,0
2193500,0
2193550,0
2193600,0
2193650,0
2193700,0
2193750,0
2193800,0
2193850,0
2193900,0
2193950,0
2194000,0
2194050,0
2194100,0
2194150,0
2194200,0
2194250,0
2194300,0
2194350,0
2194400,0
2194450,0
2194500,0
2194550,0
2194600,0
2194650,0
2194700,0
2194750,0
2194800,0
2194850,0
2194900,0
2194950,0
2195000,0
2195050,0
2195100,0
2195150,0
2195200,0
2195250,0
2195300,0
2195350,0
2195400,0
2195450,0
2195500,0
2195550,0
2195600,0
2195650,0
2195700,0
2195750,0
2195800,0
2195850,0
2195900,0
2195950,0
2196000,0
2196050,0
2196100,0
2196150,0
2196200,0
2196250,0
2196300,0
2196350,0
2196400,0
2196450,0
2196500,0
2196550,0
2196600,0
2196650,0
2196700,0
2196750,0
2196800,0
2196850,0
2196900,0
2196950,0
2197000,0
2197050,0
2197100,0
2197150,0
2197200,0
2197250,0
2197300,0
2197350,0
2197400,0
2197450,0
2197500,0
2197550,0
2197600,0
2197650,0
2197700,0
2197750,0
2197800,0
2197850,0
2197900,0
2197950,0
2198000,0
2198050,0
2198100,0
2198150,0
2198200,0
2198250,0
2198300,0
2198350,0
2198400,0
2198450,0
2198500,0
2198550,0
2198600,0
2198650,0
2198700,0
2198750,0
2198800,0
2198850,0
2198900,0
2198950,0
2199000,0
2199050,0
2199100,0
2199150,0
2199200,0
2199250,0
2199300,0
2199350,0
2199400,0
2199450,0
2199500,0
2199550,0
2199600,0
2199650,0
2199700,0
2199750,0
2199800,0
2199850,0
2199900,0
2199950,0
2200000,0
2200050,0
2200100,0
2200150,0
2200200,0
2200250,0
2200300,0
2200350,0
2200400,0
2200450,0
2200500,0
2200550,0
2200600,0
2200650,0
2200700,0
2200750,0
2200800,0
2200850,0
2200900,0
2200950,0
2201000,0
2201050,0
2201100,0
2201150,0
2201200,0
2201250,0
2201300,0
2201350,0
2201400,0
2201450,0
2201500,0
2201550,0
2201600,0
2201650,0
2201700,0
2201750,0
2201800,0
2201850,0
2201900,0
2201950,0
2202000,0
2202050,0
2202100,0
2202150,0
2202200,0
2202250,0
2202300,0
2202350,0
2202400,0
2202450,0
2202500,0
2202550,0
2202600,0
2202650,0
2202700,0
2202750,0
2202800,0
2202850,0
2202900,0
2202950,0
2203000,0
2203050,0
2203100,0
2203150,0
2203200,0
2203250,0
2203300,0
2203350,0
2203400,0
2203450,0
2203500,0
2203550,0
2203600,0
2203650,0
2203700,0
2203750,0
2203800,0
2203850,0
2203900,0
2203950,0
2204000,0
2204050,0
2204100,0
2204150,0
2204200,0
2204250,0
2204300,0
2204350,0
2204400,0
2204450,0
2204500,0
2204550,0
2204600,0
2204650,0
2204700,0
2204750,0
2204800,0
2204850,0
2204900,0
2204950,0
2205000,0
2205050,0
2205100,0
2205150,0
2205200,0
2205250,0
2205300,0
2205350,0
2205400,0
2205450,0
2205500,0
2205550,0
2205600,0
2205650,0
2205700,0
2205750,0
2205800,0
2205850,0
2205900,0
2205950,0
2206000,0
2206050,0
2206100,0
2206150,0
2206200,0
2206250,0
2206300,0
2206350,0
2206400,0
2206450,0
2206500,0
2206550,0
2206600,0
2206650,0
2206700,0
2206750,0
2206800,0
2206850,0
2206900,0
2206950,0
2207000,0
2207050,0
2207100,0
2207150,0
2207200,0
2207250,0
2207300,0
2207350,0
2207400,0
2207450,0
2207500,0
2207550,0
2207600,0
2207650,0
2207700,0
2207750,0
2207800,0
2207850,0
2207900,0
2207950,0
2208000,0
2208050,0
2208100,0
2208150,0
2208200,0
2208250,0
2208300,0
2208350,0
2208400,0
2208450,0
2208500,0
2208550,0
2208600,0
2208650,0
2208700,0
2208750,0
2208800,0
2208850,0
2208900,0
2208950,0
2209000,0
2209050,0
2209100,0
2209150,0
2209200,0
2209250,0
2209300,0
2209350,0
2209400,0
2209450,0
2209500,0
2209550,0
2209600,0
2209650,0
2209700,0
2209750,0
2209800,0
2209850,0
2209900,0
2209950,0
2210000,0
2210050,0
2210100,0
2210150,0
2210200,0
2210250,0
2210300,0
2210350,0
2210400,0
2210450,0
2210500,0
2210550,0
2210600,0
2210650,0
2210700,0
2210750,0
2210800,0
2210850,0
2210900,0
2210950,0
2211000,0
2211050,0
2211100,0
2211150,0
2211200,0
2211250,0
2211300,0
2211350,0
2211400,0
2211450,0
2211500,0
2211550,0
2211600,0
2211650,0
2211700,0
2211750,0
2211800,0
2211850,0
2211900,0
2211950,0
2212000,0
2212050,0
2212100,0
2212150,0
2212200,0
2212250,0
2212300,0
2212350,0
2212400,0
2212450,0
2212500,0
2212550,0
2212600,0
2212650,0
2212700,0
2212750,0
2212800,0
2212850,0
2212900,0
2212950,0
2213000,0
2213050,0
2213100,0
2213150,0
2213200,0
2213250,0
2213300,0
2213350,0
2213400,0
2213450,0
2213500,0
2213550,0
2213600,0
2213650,0
2213700,0
2213750,0
2213800,0
2213850,0
2213900,0
2213950,0
2214000,0
2214050,0
2214100,0
2214150,0
2214200,0
2214250,0
2214300,0
2214350,0
2214400,0
2214450,0
2214500,0
2214550,0
2214600,0
2214650,0
2214700,0
2214750,0
2214800,0
2214850,0
2214900,0
2214950,0
2215000,0
2215050,0
2215100,0
2215150,0
2215200,0
2215250,0
2215300,0
2215350,0
2215400,0
2215450,0
2215500,0
2215550,0
2215600,0
2215650,0
2215700,0
2215750,0
2215800,0
2215850,0
2215900,0
2215950,0
2216000,0
2216050,0
2216100,0
2216150,0
2216200,0
2216250,0
2216300,0
2216350,0
2216400,0
2216450,0
2216500,0
2216550,0
2216600,0
2216650,0
2216700,0
2216750,0
2216800,0
2216850,0
2216900,0
2216950,0
2217000,0
2217050,0
2217100,0
2217150,0
2217200,0
2217250,0
2217300,0
2217350,0
2217400,0
2217450,0
2217500,0
2217550,0
2217600,0
2217650,0
2217700,0
2217750,0
2217800,0
2217850,0
2217900,0
2217950,0
2218000,0
2218050,0
2218100,0
2218150,0
2218200,0
2218250,0
2218300,0
2218350,0
2218400,0
2218450,0
2218500,0
2218550,0
2218600,0
2218650,0
2218700,0
2218750,0
2218800,0
2218850,0
2218900,0
2218950,0
2219000,0
2219050,0
2219100,0
2219150,0
2219200,0
2219250,0
2219300,0
2219350,0
2219400,0
2219450,0
2219500,0
2219550,0
2219600,0
2219650,0
2219700,0
2219750,0
2219800,0
2219850,0
2219900,0
2219950,0
2220000,0
2220050,0
2220100,0
2220150,0
2220200,0
2220250,0
2220300,0
2220350,0
2220400,0
2220450,0
2220500,0
2220550,0
2220600,0
2220650,0
2220700,0
2220750,0
2220800,0
2220850,0
2220900,0
2220950,0
2221000,0
2221050,0
2221100,0
2221150,0
2221200,0
2221250,0
2221300,0
2221350,0
2221400,0
2221450,0
2221500,0
2221550,0
2221600,0
2221650,0
2221700,0
2221750,0
2221800,0
2221850,0
2221900,0
2221950,0
2222000,0
2222050,0
2222100,0
2222150,0
2222200,0
2222250,0
2222300,0
2222350,0
2222400,0
2222450,0
2222500,0
2222550,0
2222600,0
2222650,0
2222700,0
2222750,0
2222800,0
2222850,0
2222900,0
2222950,0
2223000,0
2223050,0
2223100,0
2223150,0
2223200,0
2223250,0
2223300,0
2223350,0
2223400,0
2223450,0
2223500,0
2223550,0
2223600,0
2223650,0
2223700,0
2223750,0
2223800,0
2223850,0
2223900,0
2223950,0
2224000,0
2224050,0
2224100,0
2224150,0
2224200,0
2224250,0
2224300,0
2224350,0
2224400,0
2224450,0
2224500,0
2224550,0
2224600,0
2224650,0
2224700,0
2224750,0
2224800,0
2224850,0
2224900,0
2224950,0
2225000,0
2225050,0
2225100,0
2225150,0
2225200,0
2225250,0
2225300,0
2225350,0
2225400,0
2225450,0
2225500,0
2225550,0
2225600,0
2225650,0
2225700,0
2225750,0
2225800,0
2225850,0
2225900,0
2225950,0
2226000,0
2226050,0
2226100,0
2226150,0
2226200,0
2226250,0
2226300,0
2226350,0
2226400,0
2226450,0
2226500,0
2226550,0
2226600,0
2226650,0
2226700,0
2226750,0
2226800,0
2226850,0
2226900,0
2226950,0
2227000,0
2227050,0
2227100,0
2227150,0
2227200,0
2227250,0
2227300,0
2227350,0
2227400,0
2227450,0
2227500,0
2227550,0
2227600,0
2227650,0
2227700,0
2227750,0
2227800,0
2227850,0
2227900,0
2227950,0
2228000,0
2228050,0
2228100,0
2228150,0
2228200,0
2228250,0
2228300,0
2228350,0
2228400,0
2228450,0
2228500,0
2228550,0
2228600,0
2228650,0
2228700,0
2228750,0
2228800,0
2228850,0
2228900,0
2228950,0
2229000,0
2229050,0
2229100,0
2229150,0
2229200,0
2229250,0
2229300,0
2229350,0
2229400,0
2229450,0
2229500,0
2229550,0
2229600,0
2229650,0
2229700,0
2229750,0
2229800,0
2229850,0
2229900,0
2229950,0
2230000,0
2230050,0
2230100,0
2230150,0
2230200,0
2230250,0
2230300,0
2230350,0
2230400,0
2230450,0
2230500,0
2230550,0
2230600,0
2230650,0
2230700,0
2230750,0
2230800,0
2230850,0
2230900,0
2230950,0
2231000,0
2231050,0
2231100,0
2231150,0
2231200,0
2231250,0
2231300,0
2231350,0
2231400,0
2231450,0
2231500,0
2231550,0
2231600,0
2231650,0
2231700,0
2231750,0
2231800,0
2231850,0
2231900,0
2231950,0
2232000,0
2232050,0
2232100,0
2232150,0
2232200,0
2232250,0
2232300,0
2232350,0
2232400,0
2232450,0
2232500,0
2232550,0
2232600,0
2232650,0
2232700,0
2232750,0
2232800,0
2232850,0
2232900,0
2232950,0
2233000,0
2233050,0
2233100,0
2233150,0
2233200,0
2233250,0
2233300,0
2233350,0
2233400,0
2233450,0
2233500,0
2233550,0
2233600,0
2233650,0
2233700,0
2233750,0
2233800,0
2233850,0
2233900,0
2233950,0
2234000,0
2234050,0
2234100,0
2234150,0
2234200,0
2234250,0
2234300,0
2234350,0
2234400,0
2234450,0
2234500,0
2234550,0
2234600,0
2234650,0
2234700,0
2234750,0
2234800,0
2234850,0
2234900,0
2234950,0
2235000,0
2235050,0
2235100,0
2235150,0
2235200,0
2235250,0
2235300,0
2235350,0
2235400,0
2235450,0
2235500,0
2235550,0
2235600,0
2235650,0
2235700,0
2235750,0
2235800,0
2235850,0
2235900,0
2235950,0
2236000,0
2236050,0
2236100,0
2236150,0
2236200,0
2236250,0
2236300,0
2236350,0
2236400,0
2236450,0
2236500,0
2236550,0
2236600,0
2236650,0
2236700,0
2236750,0
2236800,0
2236850,0
2236900,0
2236950,0
2237000,0
2237050,0
2237100,0
2237150,0
2237200,0
2237250,0
2237300,0
2237350,0
2237400,0
2237450,0
2237500,0
2237550,0
2237600,0
2237650,0
2237700,0
2237750,0
2237800,0
2237850,0
2237900,0
2237950,0
2238000,0
2238050,0
2238100,0
2238150,0
2238200,0
2238250,0
2238300,0
2238350,0
2238400,0
2238450,0
2238500,0
2238550,0
2238600,0
2238650,0
2238700,0
2238750,0
2238800,0
2238850,0
2238900,0
2238950,0
2239000,0
2239050,0
2239100,0
2239150,0
2239200,0
2239250,0
2239300,0
2239350,0
2239400,0
2239450,0
2239500,0
2239550,0
2239600,0
2239650,0
2239700,0
2239750,0
2239800,0
2239850,0
2239900,0
2239950,0
2240000,0
2240050,0
2240100,0
2240150,0
2240200,0
2240250,0
2240300,0
2240350,0
2240400,0
2240450,0
2240500,0
2240550,0
2240600,0
2240650,0
2240700,0
2240750,0
2240800,0
2240850,0
2240900,0
2240950,0
2241000,0
2241050,0
2241100,0
2241150,0
2241200,0
2241250,0
2241300,0
2241350,0
2241400,0
2241450,0
2241500,0
2241550,0
2241600,0
2241650,0
2241700,0
2241750,0
2241800,0
2241850,0
2241900,0
2241950,0
2242000,0
2242050,0
2242100,0
2242150,0
2242200,0
2242250,0
2242300,0
2242350,0
2242400,0
2242450,0
2242500,0
2242550,0
2242600,0
2242650,0
2242700,0
2242750,0
2242800,0
2242850,0
2242900,0
2242950,0
2243000,0
2243050,0
2243100,0
2243150,0
2243200,0
2243250,0
2243300,0
2243350,0
2243400,0
2243450,0
2243500,0
2243550,0
2243600,0
2243650,0
2243700,0
2243750,0
2243800,0
2243850,0
2243900,0
2243950,0
2244000,0
2244050,0
2244100,0
2244150,0
2244200,0
2244250,0
2244300,0
2244350,0
2244400,0
2244450,0
2244500,0
2244550,0
2244600,0
2244650,0
2244700,0
2244750,0
2244800,0
2244850,0
2244900,0
2244950,0
2245000,0
2245050,0
2245100,0
2245150,0
2245200,0
2245250,0
2245300,0
2245350,0
2245400,0
2245450,0
2245500,0
2245550,0
2245600,0
2245650,0
2245700,0
2245750,0
2245800,0
2245850,0
2245900,0
2245950,0
2246000,0
2246050,0
2246100,0
2246150,0
2246200,0
2246250,0
2246300,0
2246350,0
2246400,0
2246450,0
2246500,0
2246550,0
2246600,0
2246650,0
2246700,0
2246750,0
2246800,0
2246850,0
2246900,0
2246950,0
2247000,0
2247050,0
2247100,0
2247150,0
2247200,0
2247250,0
2247300,0
2247350,0
2247400,0
2247450,0
2247500,0
2247550,0
2247600,0
2247650,0
2247700,0
2247750,0
2247800,0
2247850,0
2247900,0
2247950,0
2248000,0
2248050,0
2248100,0
2248150,0
2248200,0
2248250,0
2248300,0
2248350,0
2248400,0
2248450,0
2248500,0
2248550,0
2248600,0
2248650,0
2248700,0
2248750,0
2248800,0
2248850,0
2248900,0
2248950,0
2249000,0
2249050,0
2249100,0
2249150,0
2249200,0
2249250,0
2249300,0
2249350,0
2249400,0
2249450,0
2249500,0
2249550,0
2249600,0
2249650,0
2249700,0
2249750,0
2249800,0
2249850,0
2249900,0
2249950,0
2250000,0
2250050,0
2250100,0
2250150,0
2250200,0
2250250,0
2250300,0
2250350,0
2250400,0
2250450,0
2250500,0
2250550,0
2250600,0
2250650,0
2250700,0
2250750,0
2250800,0
2250850,0
2250900,0
2250950,0
2251000,0
2251050,0
2251100,0
2251150,0
2251200,0
2251250,0
2251300,0
2251350,0
2251400,0
2251450,0
2251500,0
2251550,0
2251600,0
2251650,0
2251700,0
2251750,0
2251800,0
2251850,0
2251900,0
2251950,0
2252000,0
2252050,0
2252100,0
2252150,0
2252200,0
2252250,0
2252300,0
2252350,0
2252400,0
2252450,0
2252500,0
2252550,0
2252600,0
2252650,0
2252700,0
2252750,0
2252800,0
2252850,0
2252900,0
2252950,0
2253000,0
2253050,0
2253100,0
2253150,0
2253200,0
2253250,0
2253300,0
2253350,0
2253400,0
2253450,0
2253500,0
2253550,0
2253600,0
2253650,0
2253700,0
2253750,0
2253800,0
2253850,0
2253900,0
2253950,0
2254000,0
2254050,0
2254100,0
2254150,0
2254200,0
2254250,0
2254300,0
2254350,0
2254400,0
2254450,0
2254500,0
2254550,0
2254600,0
2254650,0
2254700,0
2254750,0
2254800,0
2254850,0
2254900,0
2254950,0
2255000,0
2255050,0
2255100,0
2255150,0
2255200,0
2255250,0
2255300,0
2255350,0
2255400,0
2255450,0
2255500,0
2255550,0
2255600,0
2255650,0
2255700,0
2255750,0
2255800,0
2255850,0
2255900,0
2255950,0
2256000,0
2256050,0
2256100,0
2256150,0
2256200,0
2256250,0
2256300,0
2256350,0
2256400,0
2256450,0
2256500,0
2256550,0
2256600,0
2256650,0
2256700,0
2256750,0
2256800,0
2256850,0
2256900,0
2256950,0
2257000,0
2257050,0
2257100,0
2257150,0
2257200,0
2257250,0
2257300,0
2257350,0
2257400,0
2257450,0
2257500,0
2257550,0
2257600,0
2257650,0
2257700,0
2257750,0
2257800,0
2257850,0
2257900,0
2257950,0
2258000,0
2258050,0
2258100,0
2258150,0
2258200,0
2258250,0
2258300,0
2258350,0
2258400,0
2258450,0
2258500,0
2258550,0
2258600,0
2258650,0
2258700,0
2258750,0
2258800,0
2258850,0
2258900,0
2258950,0
2259000,0
2259050,0
2259100,0
2259150,0
2259200,0
2259250,0
2259300,0
2259350,0
2259400,0
2259450,0
2259500,0
2259550,0
2259600,0
2259650,0
2259700,0
2259750,0
2259800,0
2259850,0
2259900,0
2259950,0
2260000,0
2260050,0
2260100,0
2260150,0
2260200,0
2260250,0
2260300,0
2260350,0
2260400,0
2260450,0
2260500,0
2260550,0
2260600,0
2260650,0
2260700,0
2260750,0
2260800,0
2260850,0
2260900,0
2260950,0
2261000,0
2261050,0
2261100,0
2261150,0
2261200,0
2261250,0
2261300,0
2261350,0
2261400,0
2261450,0
2261500,0
2261550,0
2261600,0
2261650,0
2261700,0
2261750,0
2261800,0
2261850,0
2261900,0
2261950,0
2262000,0
2262050,0
2262100,0
2262150,0
2262200,0
2262250,0
2262300,0
2262350,0
2262400,0
2262450,0
2262500,0
2262550,0
2262600,0
2262650,0
2262700,0
2262750,0
2262800,0
2262850,0
2262900,0
2262950,0
2263000,0
2263050,0
2263100,0
2263150,0
2263200,0
2263250,0
2263300,0
2263350,0
2263400,0
2263450,0
2263500,0
2263550,0
2263600,0
2263650,0
2263700,0
2263750,0
2263800,0
2263850,0
2263900,0
2263950,0
2264000,0
2264050,0
2264100,0
2264150,0
2264200,0
2264250,0
2264300,0
2264350,0
2264400,0
2264450,0
2264500,0
2264550,0
2264600,0
2264650,0
2264700,0
2264750,0
2264800,0
2264850,0
2264900,0
2264950,0
2265000,0
2265050,0
2265100,0
2265150,0
2265200,0
2265250,0
2265300,0
2265350,0
2265400,0
2265450,0
2265500,0
2265550,0
2265600,0
2265650,0
2265700,0
2265750,0
2265800,0
2265850,0
2265900,0
2265950,0
2266000,0
2266050,0
2266100,0
2266150,0
2266200,0
2266250,0
2266300,0
2266350,0
2266400,0
2266450,0
2266500,0
2266550,0
2266600,0
2266650,0
2266700,0
2266750,0
2266800,0
2266850,0
2266900,0
2266950,0
2267000,0
2267050,0
2267100,0
2267150,0
2267200,0
2267250,0
2267300,0
2267350,0
2267400,0
2267450,0
2267500,0
2267550,0
2267600,0
2267650,0
2267700,0
2267750,0
2267800,0
2267850,0
2267900,0
2267950,0
2268000,0
2268050,0
2268100,0
2268150,0
2268200,0
2268250,0
2268300,0
2268350,0
2268400,0
2268450,0
2268500,0
2268550,0
2268600,0
2268650,0
2268700,0
2268750,0
2268800,0
2268850,0
2268900,0
2268950,0
2269000,0
2269050,0
2269100,0
2269150,0
2269200,0
2269250,0
2269300,0
2269350,0
2269400,0
2269450,0
2269500,0
2269550,0
2269600,0
2269650,0
2269700,0
2269750,0
2269800,0
2269850,0
2269900,0
2269950,0
2270000,0
2270050,0
2270100,0
2270150,0
2270200,0
2270250,0
2270300,0
2270350,0
2270400,0
2270450,0
2270500,0
2270550,0
2270600,0
2270650,0
2270700,0
2270750,0
2270800,0
2270850,0
2270900,0
2270950,0
2271000,0
2271050,0
2271100,0
2271150,0
2271200,0
2271250,0
2271300,0
2271350,0
2271400,0
2271450,0
2271500,0
2271550,0
2271600,0
2271650,0
2271700,0
2271750,0
2271800,0
2271850,0
2271900,0
2271950,0
2272000,0
2272050,0
2272100,0
2272150,0
2272200,0
2272250,0
2272300,0
2272350,0
2272400,0
2272450,0
2272500,0
2272550,0
2272600,0
2272650,0
2272700,0
2272750,0
2272800,0
2272850,0
2272900,0
2272950,0
2273000,0
2273050,0
2273100,0
2273150,0
2273200,0
2273250,0
2273300,0
2273350,0
2273400,0
2273450,0
2273500,0
2273550,0
2273600,0
2273650,0
2273700,0
2273750,0
2273800,0
2273850,0
2273900,0
2273950,0
2274000,0
2274050,0
2274100,0
2274150,0
2274200,0
2274250,0
2274300,0
2274350,0
2274400,0
2274450,0
2274500,0
2274550,0
2274600,0
2274650,0
2274700,0
2274750,0
2274800,0
2274850,0
2274900,0
2274950,0
2275000,0
2275050,0
2275100,0
2275150,0
2275200,0
2275250,0
2275300,0
2275350,0
2275400,0
2275450,0
2275500,0
2275550,0
2275600,0
2275650,0
2275700,0
2275750,0
2275800,0
2275850,0
2275900,0
2275950,0
2276000,0
2276050,0
2276100,0
2276150,0
2276200,0
2276250,0
2276300,0
2276350,0
2276400,0
2276450,0
2276500,0
2276550,0
2276600,0
2276650,0
2276700,0
2276750,0
2276800,0
2276850,0
2276900,0
2276950,0
2277000,0
2277050,0
2277100,0
2277150,0
2277200,0
2277250,0
2277300,0
2277350,0
2277400,0
2277450,0
2277500,0
2277550,0
2277600,0
2277650,0
2277700,0
2277750,0
2277800,0
2277850,0
2277900,0
2277950,0
2278000,0
2278050,0
2278100,0
2278150,0
2278200,0
2278250,0
2278300,0
2278350,0
2278400,0
2278450,0
2278500,0
2278550,0
2278600,0
2278650,0
2278700,0
2278750,0
2278800,0
2278850,0
2278900,0
2278950,0
2279000,0
2279050,0
2279100,0
2279150,0
2279200,0
2279250,0
2279300,0
2279350,0
2279400,0
2279450,0
2279500,0
2279550,0
2279600,0
2279650,0
2279700,0
2279750,0
2279800,0
2279850,0
2279900,0
2279950,0
2280000,0
2280050,0
2280100,0
2280150,0
2280200,0
2280250,0
2280300,0
2280350,0
2280400,0
2280450,0
2280500,0
2280550,0
2280600,0
2280650,0
2280700,0
2280750,0
2280800,0
2280850,0
2280900,0
2280950,0
2281000,0
2281050,0
2281100,0
2281150,0
2281200,0
2281250,0
2281300,0
2281350,0
2281400,0
2281450,0
2281500,0
2281550,0
2281600,0
2281650,0
2281700,0
2281750,0
2281800,0
2281850,0
2281900,0
2281950,0
2282000,0
2282050,0
2282100,0
2282150,0
2282200,0
2282250,0
2282300,0
2282350,0
2282400,0
2282450,0
2282500,0
2282550,0
2282600,0
2282650,0
2282700,0
2282750,0
2282800,0
2282850,0
2282900,0
2282950,0
2283000,0
2283050,0
2283100,0
2283150,0
2283200,0
2283250,0
2283300,0
2283350,0
2283400,0
2283450,0
2283500,0
2283550,0
2283600,0
2283650,0
2283700,0
2283750,0
2283800,0
2283850,0
2283900,0
2283950,0
2284000,0
2284050,0
2284100,0
2284150,0
2284200,0
2284250,0
2284300,0
2284350,0
2284400,0
2284450,0
2284500,0
2284550,0
2284600,0
2284650,0
2284700,0
2284750,0
2284800,0
2284850,0
2284900,0
2284950,0
2285000,0
2285050,0
2285100,0
2285150,0
2285200,0
2285250,0
2285300,0
2285350,0
2285400,0
2285450,0
2285500,0
2285550,0
2285600,0
2285650,0
2285700,0
2285750,0
2285800,0
2285850,0
2285900,0
2285950,0
2286000,0
2286050,0
2286100,0
2286150,0
2286200,0
2286250,0
2286300,0
2286350,0
2286400,0
2286450,0
2286500,0
2286550,0
2286600,0
2286650,0
2286700,0
2286750,0
2286800,0
2286850,0
2286900,0
2286950,0
2287000,0
2287050,0
2287100,0
2287150,0
2287200,0
2287250,0
2287300,0
2287350,0
2287400,0
2287450,0
2287500,0
2287550,0
2287600,0
2287650,0
2287700,0
2287750,0
2287800,0
2287850,0
2287900,0
2287950,0
2288000,0
2288050,0
2288100,0
2288150,0
2288200,0
2288250,0
2288300,0
2288350,0
2288400,0
2288450,0
2288500,0
2288550,0
2288600,0
2288650,0
2288700,0
2288750,0
2288800,0
2288850,0
2288900,0
2288950,0
2289000,0
2289050,0
2289100,0
2289150,0
2289200,0
2289250,0
2289300,0
2289350,0
2289400,0
2289450,0
2289500,0
2289550,0
2289600,0
2289650,0
2289700,0
2289750,0
2289800,0
2289850,0
2289900,0
2289950,0
2290000,0
2290050,0
2290100,0
2290150,0
2290200,0
2290250,0
2290300,0
2290350,0
2290400,0
2290450,0
2290500,0
2290550,0
2290600,0
2290650,0
2290700,0
2290750,0
2290800,0
2290850,0
2290900,0
2290950,0
2291000,0
2291050,0
2291100,0
2291150,0
2291200,0
2291250,0
2291300,0
2291350,0
2291400,0
2291450,0
2291500,0
2291550,0
2291600,0
2291650,0
2291700,0
2291750,0
2291800,0
2291850,0
2291900,0
2291950,0
2292000,0
2292050,0
2292100,0
2292150,0
2292200,0
2292250,0
2292300,0
2292350,0
2292400,0
2292450,0
2292500,0
2292550,0
2292600,0
2292650,0
2292700,0
2292750,0
2292800,0
2292850,0
2292900,0
2292950,0
2293000,0
2293050,0
2293100,0
2293150,0
2293200,0
2293250,0
2293300,0
2293350,0
2293400,0
2293450,0
2293500,0
2293550,0
2293600,0
2293650,0
2293700,0
2293750,0
2293800,0
2293850,0
2293900,0
2293950,0
2294000,0
2294050,0
2294100,0
2294150,0
2294200,0
2294250,0
2294300,0
2294350,0
2294400,0
2294450,0
2294500,0
2294550,0
2294600,0
2294650,0
2294700,0
2294750,0
2294800,0
2294850,0
2294900,0
2294950,0
2295000,0
2295050,0
2295100,0
2295150,0
2295200,0
2295250,0
2295300,0
2295350,0
2295400,0
2295450,0
2295500,0
2295550,0
2295600,0
2295650,0
2295700,0
2295750,0
2295800,0
2295850,0
2295900,0
2295950,0
2296000,0
2296050,0
2296100,0
2296150,0
2296200,0
2296250,0
2296300,0
2296350,0
2296400,0
2296450,0
2296500,0
2296550,0
2296600,0
2296650,0
2296700,0
2296750,0
2296800,0
2296850,0
2296900,0
2296950,0
2297000,0
2297050,0
2297100,0
2297150,0
2297200,0
2297250,0
2297300,0
2297350,0
2297400,0
2297450,0
2297500,0
2297550,0
2297600,0
2297650,0
2297700,0
2297750,0
2297800,0
2297850,0
2297900,0
2297950,0
2298000,0
2298050,0
2298100,0
2298150,0
2298200,0
2298250,0
2298300,0
2298350,0
2298400,0
2298450,0
2298500,0
2298550,0
2298600,0
2298650,0
2298700,0
2298750,0
2298800,0
2298850,0
2298900,0
2298950,0
2299000,0
2299050,0
2299100,0
2299150,0
2299200,0
2299250,0
2299300,0
2299350,0
2299400,0
2299450,0
2299500,0
2299550,0
2299600,0
2299650,0
2299700,0
2299750,0
2299800,0
2299850,0
2299900,0
2299950,0
2300000,0
2300050,0
2300100,0
2300150,0
2300200,0
2300250,0
2300300,0
2300350,0
2300400,0
2300450,0
2300500,0
2300550,0
2300600,0
2300650,0
2300700,0
2300750,0
2300800,0
2300850,0
2300900,0
2300950,0
2301000,0
2301050,0
2301100,0
2301150,0
2301200,0
2301250,0
2301300,0
2301350,0
2301400,0
2301450,0
2301500,0
2301550,0
2301600,0
2301650,0
2301700,0
2301750,0
2301800,0
2301850,0
2301900,0
2301950,0
2302000,0
2302050,0
2302100,0
2302150,0
2302200,0
2302250,0
2302300,0
2302350,0
2302400,0
2302450,0
2302500,0
2302550,0
2302600,0
2302650,0
2302700,0
2302750,0
2302800,0
2302850,0
2302900,0
2302950,0
2303000,0
2303050,0
2303100,0
2303150,0
2303200,0
2303250,0
2303300,0
2303350,0
2303400,0
2303450,0
2303500,0
2303550,0
2303600,0
2303650,0
2303700,0
2303750,0
2303800,0
2303850,0
2303900,0
2303950,0
2304000,0
2304050,0
2304100,0
2304150,0
2304200,0
2304250,0
2304300,0
2304350,0
2304400,0
2304450,0
2304500,0
2304550,0
2304600,0
2304650,0
2304700,0
2304750,0
2304800,0
2304850,0
2304900,0
2304950,0
2305000,0
2305050,0
2305100,0
2305150,0
2305200,0
2305250,0
2305300,0
2305350,0
2305400,0
2305450,0
2305500,0
2305550,0
2305600,0
2305650,0
2305700,0
2305750,0
2305800,0
2305850,0
2305900,0
2305950,0
2306000,0
2306050,0
2306100,0
2306150,0
2306200,0
2306250,0
2306300,0
2306350,0
2306400,0
2306450,0
2306500,0
2306550,0
2306600,0
2306650,0
2306700,0
2306750,0
2306800,0
2306850,0
2306900,0
2306950,0
2307000,0
2307050,0
2307100,0
2307150,0
2307200,0
2307250,0
2307300,0
2307350,0
2307400,0
2307450,0
2307500,0
2307550,0
2307600,0
2307650,0
2307700,0
2307750,0
2307800,0
2307850,0
2307900,0
2307950,0
2308000,0
2308050,0
2308100,0
2308150,0
2308200,0
2308250,0
2308300,0
2308350,0
2308400,0
2308450,0
2308500,0
2308550,0
2308600,0
2308650,0
2308700,0
2308750,0
2308800,0
2308850,0
2308900,0
2308950,0
2309000,0
2309050,0
2309100,0
2309150,0
2309200,0
2309250,0
2309300,0
2309350,0
2309400,0
2309450,0
2309500,0
2309550,0
2309600,0
2309650,0
2309700,0
2309750,0
2309800,0
2309850,0
2309900,0
2309950,0
2310000,0
2310050,0
2310100,0
2310150,0
2310200,0
2310250,0
2310300,0
2310350,0
2310400,0
2310450,0
2310500,0
2310550,0
2310600,0
2310650,0
2310700,0
2310750,0
2310800,0
2310850,0
2310900,0
2310950,0
2311000,0
2311050,0
2311100,0
2311150,0
2311200,0
2311250,0
2311300,0
2311350,0
2311400,0
2311450,0
2311500,0
2311550,0
2311600,0
2311650,0
2311700,0
2311750,0
2311800,0
2311850,0
2311900,0
2311950,0
2312000,0
2312050,0
2312100,0
2312150,0
2312200,0
2312250,0
2312300,0
2312350,0
2312400,0
2312450,0
2312500,0
2312550,0
2312600,0
2312650,0
2312700,0
2312750,0
2312800,0
2312850,0
2312900,0
2312950,0
2313000,0
2313050,0
2313100,0
2313150,0
2313200,0
2313250,0
2313300,0
2313350,0
2313400,0
2313450,0
2313500,0
2313550,0
2313600,0
2313650,0
2313700,0
2313750,0
2313800,0
2313850,0
2313900,0
2313950,0
2314000,0
2314050,0
2314100,0
2314150,0
2314200,0
2314250,0
2314300,0
2314350,0
2314400,0
2314450,0
2314500,0
2314550,0
2314600,0
2314650,0
2314700,0
2314750,0
2314800,0
2314850,0
2314900,0
2314950,0
2315000,0
2315050,0
2315100,0
2315150,0
2315200,0
2315250,0
2315300,0
2315350,0
2315400,0
2315450,0
2315500,0
2315550,0
2315600,0
2315650,0
2315700,0
2315750,0
2315800,0
2315850,0
2315900,0
2315950,0
2316000,0
2316050,0
2316100,0
2316150,0
2316200,0
2316250,0
2316300,0
2316350,0
2316400,0
2316450,0
2316500,0
2316550,0
2316600,0
2316650,0
2316700,0
2316750,0
2316800,0
2316850,0
2316900,0
2316950,0
2317000,0
2317050,0
2317100,0
2317150,0
2317200,0
2317250,0
2317300,0
2317350,0
2317400,0
2317450,0
2317500,0
2317550,0
2317600,0
2317650,0
2317700,0
2317750,0
2317800,0
2317850,0
2317900,0
2317950,0
2318000,0
2318050,0
2318100,0
2318150,0
2318200,0
2318250,0
2318300,0
2318350,0
2318400,0
2318450,0
2318500,0
2318550,0
2318600,0
2318650,0
2318700,0
2318750,0
2318800,0
2318850,0
2318900,0
2318950,0
2319000,0
2319050,0
2319100,0
2319150,0
2319200,0
2319250,0
2319300,0
2319350,0
2319400,0
2319450,0
2319500,0
2319550,0
2319600,0
2319650,0
2319700,0
2319750,0
2319800,0
2319850,0
2319900,0
2319950,0
2320000,0
2320050,0
2320100,0
2320150,0
2320200,0
2320250,0
2320300,0
2320350,0
2320400,0
2320450,0
2320500,0
2320550,0
2320600,0
2320650,0
2320700,0
2320750,0
2320800,0
2320850,0
2320900,0
2320950,0
2321000,0
2321050,0
2321100,0
2321150,0
2321200,0
2321250,0
2321300,0
2321350,0
2321400,0
2321450,0
2321500,0
2321550,0
2321600,0
2321650,0
2321700,0
2321750,0
2321800,0
2321850,0
2321900,0
2321950,0
2322000,0
2322050,0
2322100,0
2322150,0
2322200,0
2322250,0
2322300,0
2322350,0
2322400,0
2322450,0
2322500,0
2322550,0
2322600,0
2322650,0
2322700,0
2322750,0
2322800,0
2322850,0
2322900,0
2322950,0
2323000,0
2323050,0
2323100,0
2323150,0
2323200,0
2323250,0
2323300,0
2323350,0
2323400,0
2323450,0
2323500,0
2323550,0
2323600,0
2323650,0
2323700,0
2323750,0
2323800,0
2323850,0
2323900,0
2323950,0
2324000,0
2324050,0
2324100,0
2324150,0
2324200,0
2324250,0
2324300,0
2324350,0
2324400,0
2324450,0
2324500,0
2324550,0
2324600,0
2324650,0
2324700,0
2324750,0
2324800,0
2324850,0
2324900,0
2324950,0
2325000,0
2325050,0
2325100,0
2325150,0
2325200,0
2325250,0
2325300,0
2325350,0
2325400,0
2325450,0
2325500,0
2325550,0
2325600,0
2325650,0
2325700,0
2325750,0
2325800,0
2325850,0
2325900,0
2325950,0
2326000,0
2326050,0
2326100,0
2326150,0
2326200,0
2326250,0
2326300,0
2326350,0
2326400,0
2326450,0
2326500,0
2326550,0
2326600,0
2326650,0
2326700,0
2326750,0
2326800,0
2326850,0
2326900,0
2326950,0
2327000,0
2327050,0
2327100,0
2327150,0
2327200,0
2327250,0
2327300,0
2327350,0
2327400,0
2327450,0
2327500,0
2327550,0
2327600,0
2327650,0
2327700,0
2327750,0
2327800,0
2327850,0
2327900,0
2327950,0
2328000,0
2328050,0
2328100,0
2328150,0
2328200,0
2328250,0
2328300,0
2328350,0
2328400,0
2328450,0
2328500,0
2328550,0
2328600,0
2328650,0
2328700,0
2328750,0
2328800,0
2328850,0
2328900,0
2328950,0
2329000,0
2329050,0
2329100,0
2329150,0
2329200,0
2329250,0
2329300,0
2329350,0
2329400,0
2329450,0
2329500,0
2329550,0
2329600,0
2329650,0
2329700,0
2329750,0
2329800,0
2329850,0
2329900,0
2329950,0
2330000,0
2330050,0
2330100,0
2330150,0
2330200,0
2330250,0
2330300,0
2330350,0
2330400,0
2330450,0
2330500,0
2330550,0
2330600,0
2330650,0
2330700,0
2330750,0
2330800,0
2330850,0
2330900,0
2330950,0
2331000,0
2331050,0
2331100,0
2331150,0
2331200,0
2331250,0
2331300,0
2331350,0
2331400,0
2331450,0
2331500,0
2331550,0
2331600,0
2331650,0
2331700,0
2331750,0
2331800,0
2331850,0
2331900,0
2331950,0
2332000,0
2332050,0
2332100,0
2332150,0
2332200,0
2332250,0
2332300,0
2332350,0
2332400,0
2332450,0
2332500,0
2332550,0
2332600,0
2332650,0
2332700,0
2332750,0
2332800,0
2332850,0
2332900,0
2332950,0
2333000,0
2333050,0
2333100,0
2333150,0
2333200,0
2333250,0
2333300,0
2333350,0
2333400,0
2333450,0
2333500,0
2333550,0
2333600,0
2333650,0
2333700,0
2333750,0
2333800,0
2333850,0
2333900,0
2333950,0
2334000,0
2334050,0
2334100,0
2334150,0
2334200,0
2334250,0
2334300,0
2334350,0
2334400,0
2334450,0
2334500,0
2334550,0
2334600,0
2334650,0
2334700,0
2334750,0
2334800,0
2334850,0
2334900,0
2334950,0
2335000,0
2335050,0
2335100,0
2335150,0
2335200,0
2335250,0
2335300,0
2335350,0
2335400,0
2335450,0
2335500,0
2335550,0
2335600,0
2335650,0
2335700,0
2335750,0
2335800,0
2335850,0
2335900,0
2335950,0
2336000,0
2336050,0
2336100,0
2336150,0
2336200,0
2336250,0
2336300,0
2336350,0
2336400,0
2336450,0
2336500,0
2336550,0
2336600,0
2336650,0
2336700,0
2336750,0
2336800,0
2336850,0
2336900,0
2336950,0
2337000,0
2337050,0
2337100,0
2337150,0
2337200,0
2337250,0
2337300,0
2337350,0
2337400,0
2337450,0
2337500,0
2337550,0
2337600,0
2337650,0
2337700,0
2337750,0
2337800,0
2337850,0
2337900,0
2337950,0
2338000,0
2338050,0
2338100,0
2338150,0
2338200,0
2338250,0
2338300,0
2338350,0
2338400,0
2338450,0
2338500,0
2338550,0
2338600,0
2338650,0
2338700,0
2338750,0
2338800,0
2338850,0
2338900,0
2338950,0
2339000,0
2339050,0
2339100,0
2339150,0
2339200,0
2339250,0
2339300,0
2339350,0
2339400,0
2339450,0
2339500,0
2339550,0
2339600,0
2339650,0
2339700,0
2339750,0
2339800,0
2339850,0
2339900,0
2339950,0
2340000,0
2340050,0
2340100,0
2340150,0
2340200,0
2340250,0
2340300,0
2340350,0
2340400,0
2340450,0
2340500,0
2340550,0
2340600,0
2340650,0
2340700,0
2340750,0
2340800,0
2340850,0
2340900,0
2340950,0
2341000,0
2341050,0
2341100,0
2341150,0
2341200,0
2341250,0
2341300,0
2341350,0
2341400,0
2341450,0
2341500,0
2341550,0
2341600,0
2341650,0
2341700,0
2341750,0
2341800,0
2341850,0
2341900,0
2341950,0
2342000,0
2342050,0
2342100,0
2342150,0
2342200,0
2342250,0
2342300,0
2342350,0
2342400,0
2342450,0
2342500,0
2342550,0
2342600,0
2342650,0
2342700,0
2342750,0
2342800,0
2342850,0
2342900,0
2342950,0
2343000,0
2343050,0
2343100,0
2343150,0
2343200,0
2343250,0
2343300,0
2343350,0
2343400,0
2343450,0
2343500,0
2343550,0
2343600,0
2343650,0
2343700,0
2343750,0
2343800,0
2343850,0
2343900,0
2343950,0
2344000,0
2344050,0
2344100,0
2344150,0
2344200,0
2344250,0
2344300,0
2344350,0
2344400,0
2344450,0
2344500,0
2344550,0
2344600,0
2344650,0
2344700,0
2344750,0
2344800,0
2344850,0
2344900,0
2344950,0
2345000,0
2345050,0
2345100,0
2345150,0
2345200,0
2345250,0
2345300,0
2345350,0
2345400,0
2345450,0
2345500,0
2345550,0
2345600,0
2345650,0
2345700,0
2345750,0
2345800,0
2345850,0
2345900,0
2345950,0
2346000,0
2346050,0
2346100,0
2346150,0
2346200,0
2346250,0
2346300,0
2346350,0
2346400,0
2346450,0
2346500,0
2346550,0
2346600,0
2346650,0
2346700,0
2346750,0
2346800,0
2346850,0
2346900,0
2346950,0
2347000,0
2347050,0
2347100,0
2347150,0
2347200,0
2347250,0
2347300,0
2347350,0
2347400,0
2347450,0
2347500,0
2347550,0
2347600,0
2347650,0
2347700,0
2347750,0
2347800,0
2347850,0
2347900,0
2347950,0
2348000,0
2348050,0
2348100,0
2348150,0
2348200,0
2348250,0
2348300,0
2348350,0
2348400,0
2348450,0
2348500,0
2348550,0
2348600,0
2348650,0
2348700,0
2348750,0
2348800,0
2348850,0
2348900,0
2348950,0
2349000,0
2349050,0
2349100,0
2349150,0
2349200,0
2349250,0
2349300,0
2349350,0
2349400,0
2349450,0
2349500,0
2349550,0
2349600,0
2349650,0
2349700,0
2349750,0
2349800,0
2349850,0
2349900,0
2349950,0
2350000,0
2350050,0
2350100,0
2350150,0
2350200,0
2350250,0
2350300,0
2350350,0
2350400,0
2350450,0
2350500,0
2350550,0
2350600,0
2350650,0
2350700,0
2350750,0
2350800,0
2350850,0
2350900,0
2350950,0
2351000,0
2351050,0
2351100,0
2351150,0
2351200,0
2351250,0
2351300,0
2351350,0
2351400,0
2351450,0
2351500,0
2351550,0
2351600,0
2351650,0
2351700,0
2351750,0
2351800,0
2351850,0
2351900,0
2351950,0
2352000,0
2352050,0
2352100,0
2352150,0
2352200,0
2352250,0
2352300,0
2352350,0
2352400,0
2352450,0
2352500,0
2352550,0
2352600,0
2352650,0
2352700,0
2352750,0
2352800,0
2352850,0
2352900,0
2352950,0
2353000,0
2353050,0
2353100,0
2353150,0
2353200,0
2353250,0
2353300,0
2353350,0
2353400,0
2353450,0
2353500,0
2353550,0
2353600,0
2353650,0
2353700,0
2353750,0
2353800,0
2353850,0
2353900,0
2353950,0
2354000,0
2354050,0
2354100,0
2354150,0
2354200,0
2354250,0
2354300,0
2354350,0
2354400,0
2354450,0
2354500,0
2354550,0
2354600,0
2354650,0
2354700,0
2354750,0
2354800,0
2354850,0
2354900,0
2354950,0
2355000,0
2355050,0
2355100,0
2355150,0
2355200,0
2355250,0
2355300,0
2355350,0
2355400,0
2355450,0
2355500,0
2355550,0
2355600,0
2355650,0
2355700,0
2355750,0
2355800,0
2355850,0
2355900,0
2355950,0
2356000,0
2356050,0
2356100,0
2356150,0
2356200,0
2356250,0
2356300,0
2356350,0
2356400,0
2356450,0
2356500,0
2356550,0
2356600,0
2356650,0
2356700,0
2356750,0
2356800,0
2356850,0
2356900,0
2356950,0
2357000,0
2357050,0
2357100,0
2357150,0
2357200,0
2357250,0
2357300,0
2357350,0
2357400,0
2357450,0
2357500,0
2357550,0
2357600,0
2357650,0
2357700,0
2357750,0
2357800,0
2357850,0
2357900,0
2357950,0
2358000,0
2358050,0
2358100,0
2358150,0
2358200,0
2358250,0
2358300,0
2358350,0
2358400,0
2358450,0
2358500,0
2358550,0
2358600,0
2358650,0
2358700,0
2358750,0
2358800,0
2358850,0
2358900,0
2358950,0
2359000,0
2359050,0
2359100,0
2359150,0
2359200,0
2359250,0
2359300,0
2359350,0
2359400,0
2359450,0
2359500,0
2359550,0
2359600,0
2359650,0
2359700,0
2359750,0
2359800,0
2359850,0
2359900,0
2359950,0
2360000,0
2360050,0
2360100,0
2360150,0
2360200,0
2360250,0
2360300,0
2360350,0
2360400,0
2360450,0
2360500,0
2360550,0
2360600,0
2360650,0
2360700,0
2360750,0
2360800,0
2360850,0
2360900,0
2360950,0
2361000,0
2361050,0
2361100,0
2361150,0
2361200,0
2361250,0
2361300,0
2361350,0
2361400,0
2361450,0
2361500,0
2361550,0
2361600,0
2361650,0
2361700,0
2361750,0
2361800,0
2361850,0
2361900,0
2361950,0
2362000,0
2362050,0
2362100,0
2362150,0
2362200,0
2362250,0
2362300,0
2362350,0
2362400,0
2362450,0
2362500,0
2362550,0
2362600,0
2362650,0
2362700,0
2362750,0
2362800,0
2362850,0
2362900,0
2362950,0
2363000,0
2363050,0
2363100,0
2363150,0
2363200,0
2363250,0
2363300,0
2363350,0
2363400,0
2363450,0
2363500,0
2363550,0
2363600,0
2363650,0
2363700,0
2363750,0
2363800,0
2363850,0
2363900,0
2363950,0
2364000,0
2364050,0
2364100,0
2364150,0
2364200,0
2364250,0
2364300,0
2364350,0
2364400,0
2364450,0
2364500,0
2364550,0
2364600,0
2364650,0
2364700,0
2364750,0
2364800,0
2364850,0
2364900,0
2364950,0
2365000,0
2365050,0
2365100,0
2365150,0
2365200,0
2365250,0
2365300,0
2365350,0
2365400,0
2365450,0
2365500,0
2365550,0
2365600,0
2365650,0
2365700,0
2365750,0
2365800,0
2365850,0
2365900,0
2365950,0
2366000,0
2366050,0
2366100,0
2366150,0
2366200,0
2366250,0
2366300,0
2366350,0
2366400,0
2366450,0
2366500,0
2366550,0
2366600,0
2366650,0
2366700,0
2366750,0
2366800,0
2366850,0
2366900,0
2366950,0
2367000,0
2367050,0
2367100,0
2367150,0
2367200,0
2367250,0
2367300,0
2367350,0
2367400,0
2367450,0
2367500,0
2367550,0
2367600,0
2367650,0
2367700,0
2367750,0
2367800,0
2367850,0
2367900,0
2367950,0
2368000,0
2368050,0
2368100,0
2368150,0
2368200,0
2368250,0
2368300,0
2368350,0
2368400,0
2368450,0
2368500,0
2368550,0
2368600,0
2368650,0
2368700,0
2368750,0
2368800,0
2368850,0
2368900,0
2368950,0
2369000,0
2369050,0
2369100,0
2369150,0
2369200,0
2369250,0
2369300,0
2369350,0
2369400,0
2369450,0
2369500,0
2369550,0
2369600,0
2369650,0
2369700,0
2369750,0
2369800,0
2369850,0
2369900,0
2369950,0
2370000,0
2370050,0
2370100,0
2370150,0
2370200,0
2370250,0
2370300,0
2370350,0
2370400,0
2370450,0
2370500,0
2370550,0
2370600,0
2370650,0
2370700,0
2370750,0
2370800,0
2370850,0
2370900,0
2370950,0
2371000,0
2371050,0
2371100,0
2371150,0
2371200,0
2371250,0
2371300,0
2371350,0
2371400,0
2371450,0
2371500,0
2371550,0
2371600,0
2371650,0
2371700,0
2371750,0
2371800,0
2371850,0
2371900,0
2371950,0
2372000,0
2372050,0
2372100,0
2372150,0
2372200,0
2372250,0
2372300,0
2372350,0
2372400,0
2372450,0
2372500,0
2372550,0
2372600,0
2372650,0
2372700,0
2372750,0
2372800,0
2372850,0
2372900,0
2372950,0
2373000,0
2373050,0
2373100,0
2373150,0
2373200,0
2373250,0
2373300,0
2373350,0
2373400,0
2373450,0
2373500,0
2373550,0
2373600,0
2373650,0
2373700,0
2373750,0
2373800,0
2373850,0
2373900,0
2373950,0
2374000,0
2374050,0
2374100,0
2374150,0
2374200,0
2374250,0
2374300,0
2374350,0
2374400,0
2374450,0
2374500,0
2374550,0
2374600,0
2374650,0
2374700,0
2374750,0
2374800,0
2374850,0
2374900,0
2374950,0
2375000,0
2375050,0
2375100,0
2375150,0
2375200,0
2375250,0
2375300,0
2375350,0
2375400,0
2375450,0
2375500,0
2375550,0
2375600,0
2375650,0
2375700,0
2375750,0
2375800,0
2375850,0
2375900,0
2375950,0
2376000,0
2376050,0
2376100,0
2376150,0
2376200,0
2376250,0
2376300,0
2376350,0
2376400,0
2376450,0
2376500,0
2376550,0
2376600,0
2376650,0
2376700,0
2376750,0
2376800,0
2376850,0
2376900,0
2376950,0
2377000,0
2377050,0
2377100,0
2377150,0
2377200,0
2377250,0
2377300,0
2377350,0
2377400,0
2377450,0
2377500,0
2377550,0
2377600,0
2377650,0
2377700,0
2377750,0
2377800,0
2377850,0
2377900,0
2377950,0
2378000,0
2378050,0
2378100,0
2378150,0
2378200,0
2378250,0
2378300,0
2378350,0
2378400,0
2378450,0
2378500,0
2378550,0
2378600,0
2378650,0
2378700,0
2378750,0
2378800,0
2378850,0
2378900,0
2378950,0
2379000,0
2379050,0
2379100,0
2379150,0
2379200,0
2379250,0
2379300,0
2379350,0
2379400,0
2379450,0
2379500,0
2379550,0
2379600,0
2379650,0
2379700,0
2379750,0
2379800,0
2379850,0
2379900,0
2379950,0
2380000,0
2380050,0
2380100,0
2380150,0
2380200,0
2380250,0
2380300,0
2380350,0
2380400,0
2380450,0
2380500,0
2380550,0
2380600,0
2380650,0
2380700,0
2380750,0
2380800,0
2380850,0
2380900,0
2380950,0
2381000,0
2381050,0
2381100,0
2381150,0
2381200,0
2381250,0
2381300,0
2381350,0
2381400,0
2381450,0
2381500,0
2381550,0
2381600,0
2381650,0
2381700,0
2381750,0
2381800,0
2381850,0
2381900,0
2381950,0
2382000,0
2382050,0
2382100,0
2382150,0
2382200,0
2382250,0
2382300,0
2382350,0
2382400,0
2382450,0
2382500,0
2382550,0
2382600,0
2382650,0
2382700,0
2382750,0
2382800,0
2382850,0
2382900,0
2382950,0
2383000,0
2383050,0
2383100,0
2383150,0
2383200,0
2383250,0
2383300,0
2383350,0
2383400,0
2383450,0
2383500,0
2383550,0
2383600,0
2383650,0
2383700,0
2383750,0
2383800,0
2383850,0
2383900,0
2383950,0
2384000,0
2384050,0
2384100,0
2384150,0
2384200,0
2384250,0
2384300,0
2384350,0
2384400,0
2384450,0
2384500,0
2384550,0
2384600,0
2384650,0
2384700,0
2384750,0
2384800,0
2384850,0
2384900,0
2384950,0
2385000,0
2385050,0
2385100,0
2385150,0
2385200,0
2385250,0
2385300,0
2385350,0
2385400,0
2385450,0
2385500,0
2385550,0
2385600,0
2385650,0
2385700,0
2385750,0
2385800,0
2385850,0
2385900,0
2385950,0
2386000,0
2386050,0
2386100,0
2386150,0
2386200,0
2386250,0
2386300,0
2386350,0
2386400,0
2386450,0
2386500,0
2386550,0
2386600,0
2386650,0
2386700,0
2386750,0
2386800,0
2386850,0
2386900,0
2386950,0
2387000,0
2387050,0
2387100,0
2387150,0
2387200,0
2387250,0
2387300,0
2387350,0
2387400,0
2387450,0
2387500,0
2387550,0
2387600,0
2387650,0
2387700,0
2387750,0
2387800,0
2387850,0
2387900,0
2387950,0
2388000,0
2388050,0
2388100,0
2388150,0
2388200,0
2388250,0
2388300,0
2388350,0
2388400,0
2388450,0
2388500,0
2388550,0
2388600,0
2388650,0
2388700,0
2388750,0
2388800,0
2388850,0
2388900,0
2388950,0
2389000,0
2389050,0
2389100,0
2389150,0
2389200,0
2389250,0
2389300,0
2389350,0
2389400,0
2389450,0
2389500,0
2389550,0
2389600,0
2389650,0
2389700,0
2389750,0
2389800,0
2389850,0
2389900,0
2389950,0
2390000,0
2390050,0
2390100,0
2390150,0
2390200,0
2390250,0
2390300,0
2390350,0
2390400,0
2390450,0
2390500,0
2390550,0
2390600,0
2390650,0
2390700,0
2390750,0
2390800,0
2390850,0
2390900,0
2390950,0
2391000,0
2391050,0
2391100,0
2391150,0
2391200,0
2391250,0
2391300,0
2391350,0
2391400,0
2391450,0
2391500,0
2391550,0
2391600,0
2391650,0
2391700,0
2391750,0
2391800,0
2391850,0
2391900,0
2391950,0
2392000,0
2392050,0
2392100,0
2392150,0
2392200,0
2392250,0
2392300,0
2392350,0
2392400,0
2392450,0
2392500,0
2392550,0
2392600,0
2392650,0
2392700,0
2392750,0
2392800,0
2392850,0
2392900,0
2392950,0
2393000,0
2393050,0
2393100,0
2393150,0
2393200,0
2393250,0
2393300,0
2393350,0
2393400,0
2393450,0
2393500,0
2393550,0
2393600,0
2393650,0
2393700,0
2393750,0
2393800,0
2393850,0
2393900,0
2393950,0
2394000,0
2394050,0
2394100,0
2394150,0
2394200,0
2394250,0
2394300,0
2394350,0
2394400,0
2394450,0
2394500,0
2394550,0
2394600,0
2394650,0
2394700,0
2394750,0
2394800,0
2394850,0
2394900,0
2394950,0
2395000,0
2395050,0
2395100,0
2395150,0
2395200,0
2395250,0
2395300,0
2395350,0
2395400,0
2395450,0
2395500,0
2395550,0
2395600,0
2395650,0
2395700,0
2395750,0
2395800,0
2395850,0
2395900,0
2395950,0
2396000,0
2396050,0
2396100,0
2396150,0
2396200,0
2396250,0
2396300,0
2396350,0
2396400,0
2396450,0
2396500,0
2396550,0
2396600,0
2396650,0
2396700,0
2396750,0
2396800,0
2396850,0
2396900,0
2396950,0
2397000,0
2397050,0
2397100,0
2397150,0
2397200,0
2397250,0
2397300,0
2397350,0
2397400,0
2397450,0
2397500,0
2397550,0
2397600,0
2397650,0
2397700,0
2397750,0
2397800,0
2397850,0
2397900,0
2397950,0
2398000,0
2398050,0
2398100,0
2398150,0
2398200,0
2398250,0
2398300,0
2398350,0
2398400,0
2398450,0
2398500,0
2398550,0
2398600,0
2398650,0
2398700,0
2398750,0
2398800,0
2398850,0
2398900,0
2398950,0
2399000,0
2399050,0
2399100,0
2399150,0
2399200,0
2399250,0
2399300,0
2399350,0
2399400,0
2399450,0
2399500,0
2399550,0
2399600,0
2399650,0
2399700,0
2399750,0
2399800,0
2399850,0
2399900,0
2399950,0
2400000,0
2400050,0
2400100,0
2400150,0
2400200,0
2400250,0
2400300,0
2400350,0
2400400,0
2400450,0
2400500,0
2400550,0
2400600,0
2400650,0
2400700,0
2400750,0
2400800,0
2400850,0
2400900,0
2400950,0
2401000,0
2401050,0
2401100,0
2401150,0
2401200,0
2401250,0
2401300,0
2401350,0
2401400,0
2401450,0
2401500,0
2401550,0
2401600,0
2401650,0
2401700,0
2401750,0
2401800,0
2401850,0
2401900,0
2401950,0
2402000,0
2402050,0
2402100,0
2402150,0
2402200,0
2402250,0
2402300,0
2402350,0
2402400,0
2402450,0
2402500,0
2402550,0
2402600,0
2402650,0
2402700,0
2402750,0
2402800,0
2402850,0
2402900,0
2402950,0
2403000,0
2403050,0
2403100,0
2403150,0
2403200,0
2403250,0
2403300,0
2403350,0
2403400,0
2403450,0
2403500,0
2403550,0
2403600,0
2403650,0
2403700,0
2403750,0
2403800,0
2403850,0
2403900,0
2403950,0
2404000,0
2404050,0
2404100,0
2404150,0
2404200,0
2404250,0
2404300,0
2404350,0
2404400,0
2404450,0
2404500,0
2404550,0
2404600,0
2404650,0
2404700,0
2404750,0
2404800,0
2404850,0
2404900,0
2404950,0
2405000,0
2405050,0
2405100,0
2405150,0
2405200,0
2405250,0
2405300,0
2405350,0
2405400,0
2405450,0
2405500,0
2405550,0
2405600,0
2405650,0
2405700,0
2405750,0
2405800,0
2405850,0
2405900,0
2405950,0
2406000,0
2406050,0
2406100,0
2406150,0
2406200,0
2406250,0
2406300,0
2406350,0
2406400,0
2406450,0
2406500,0
2406550,0
2406600,0
2406650,0
2406700,0
2406750,0
2406800,0
2406850,0
2406900,0
2406950,0
2407000,0
2407050,0
2407100,0
2407150,0
2407200,0
2407250,0
2407300,0
2407350,0
2407400,0
2407450,0
2407500,0
2407550,0
2407600,0
2407650,0
2407700,0
2407750,0
2407800,0
2407850,0
2407900,0
2407950,0
2408000,0
2408050,0
2408100,0
2408150,0
2408200,0
2408250,0
2408300,0
2408350,0
2408400,0
2408450,0
2408500,0
2408550,0
2408600,0
2408650,0
2408700,0
2408750,0
2408800,0
2408850,0
2408900,0
2408950,0
2409000,0
2409050,0
2409100,0
2409150,0
2409200,0
2409250,0
2409300,0
2409350,0
2409400,0
2409450,0
2409500,0
2409550,0
2409600,0
2409650,0
2409700,0
2409750,0
2409800,0
2409850,0
2409900,0
2409950,0
2410000,0
2410050,0
2410100,0
2410150,0
2410200,0
2410250,0
2410300,0
2410350,0
2410400,0
2410450,0
2410500,0
2410550,0
2410600,0
2410650,0
2410700,0
2410750,0
2410800,0
2410850,0
2410900,0
2410950,0
2411000,0
2411050,0
2411100,0
2411150,0
2411200,0
2411250,0
2411300,0
2411350,0
2411400,0
2411450,0
2411500,0
2411550,0
2411600,0
2411650,0
2411700,0
2411750,0
2411800,0
2411850,0
2411900,0
2411950,0
2412000,0
2412050,0
2412100,0
2412150,0
2412200,0
2412250,0
2412300,0
2412350,0
2412400,0
2412450,0
2412500,0
2412550,0
2412600,0
2412650,0
2412700,0
2412750,0
2412800,0
2412850,0
2412900,0
2412950,0
2413000,0
2413050,0
2413100,0
2413150,0
2413200,0
2413250,0
2413300,0
2413350,0
2413400,0
2413450,0
2413500,0
2413550,0
2413600,0
2413650,0
2413700,0
2413750,0
2413800,0
2413850,0
2413900,0
2413950,0
2414000,0
2414050,0
2414100,0
2414150,0
2414200,0
2414250,0
2414300,0
2414350,0
2414400,0
2414450,0
2414500,0
2414550,0
2414600,0
2414650,0
2414700,0
2414750,0
2414800,0
2414850,0
2414900,0
2414950,0
2415000,0
2415050,0
2415100,0
2415150,0
2415200,0
2415250,0
2415300,0
2415350,0
2415400,0
2415450,0
2415500,0
2415550,0
2415600,0
2415650,0
2415700,0
2415750,0
2415800,0
2415850,0
2415900,0
2415950,0
2416000,0
2416050,0
2416100,0
2416150,0
2416200,0
2416250,0
2416300,0
2416350,0
2416400,0
2416450,0
2416500,0
2416550,0
2416600,0
2416650,0
2416700,0
2416750,0
2416800,0
2416850,0
2416900,0
2416950,0
2417000,0
2417050,0
2417100,0
2417150,0
2417200,0
2417250,0
2417300,0
2417350,0
2417400,0
2417450,0
2417500,0
2417550,0
2417600,0
2417650,0
2417700,0
2417750,0
2417800,0
2417850,0
2417900,0
2417950,0
2418000,0
2418050,0
2418100,0
2418150,0
2418200,0
2418250,0
2418300,0
2418350,0
2418400,0
2418450,0
2418500,0
2418550,0
2418600,0
2418650,0
2418700,0
2418750,0
2418800,0
2418850,0
2418900,0
2418950,0
2419000,0
2419050,0
2419100,0
2419150,0
2419200,0
2419250,0
2419300,0
2419350,0
2419400,0
2419450,0
2419500,0
2419550,0
2419600,0
2419650,0
2419700,0
2419750,0
2419800,0
2419850,0
2419900,0
2419950,0
2420000,0
2420050,0
2420100,0
2420150,0
2420200,0
2420250,0
2420300,0
2420350,0
2420400,0
2420450,0
2420500,0
2420550,0
2420600,0
2420650,0
2420700,0
2420750,0
2420800,0
2420850,0
2420900,0
2420950,0
2421000,0
2421050,0
2421100,0
2421150,0
2421200,0
2421250,0
2421300,0
2421350,0
2421400,0
2421450,0
2421500,0
2421550,0
2421600,0
2421650,0
2421700,0
2421750,0
2421800,0
2421850,0
2421900,0
2421950,0
2422000,0
2422050,0
2422100,0
2422150,0
2422200,0
2422250,0
2422300,0
2422350,0
2422400,0
2422450,0
2422500,0
2422550,0
2422600,0
2422650,0
2422700,0
2422750,0
2422800,0
2422850,0
2422900,0
2422950,0
2423000,0
2423050,0
2423100,0
2423150,0
2423200,0
2423250,0
2423300,0
2423350,0
2423400,0
2423450,0
2423500,0
2423550,0
2423600,0
2423650,0
2423700,0
2423750,0
2423800,0
2423850,0
2423900,0
2423950,0
2424000,0
2424050,0
2424100,0
2424150,0
2424200,0
2424250,0
2424300,0
2424350,0
2424400,0
2424450,0
2424500,0
2424550,0
2424600,0
2424650,0
2424700,0
2424750,0
2424800,0
2424850,0
2424900,0
2424950,0
2425000,0
2425050,0
2425100,0
2425150,0
2425200,0
2425250,0
2425300,0
2425350,0
2425400,0
2425450,0
2425500,0
2425550,0
2425600,0
2425650,0
2425700,0
2425750,0
2425800,0
2425850,0
2425900,0
2425950,0
2426000,0
2426050,0
2426100,0
2426150,0
2426200,0
2426250,0
2426300,0
2426350,0
2426400,0
2426450,0
2426500,0
2426550,0
2426600,0
2426650,0
2426700,0
2426750,0
2426800,0
2426850,0
2426900,0
2426950,0
2427000,0
2427050,0
2427100,0
2427150,0
2427200,0
2427250,0
2427300,0
2427350,0
2427400,0
2427450,0
2427500,0
2427550,0
2427600,0
2427650,0
2427700,0
2427750,0
2427800,0
2427850,0
2427900,0
2427950,0
2428000,0
2428050,0
2428100,0
2428150,0
2428200,0
2428250,0
2428300,0
2428350,0
2428400,0
2428450,0
2428500,0
2428550,0
2428600,0
2428650,0
2428700,0
2428750,0
2428800,0
2428850,0
2428900,0
2428950,0
2429000,0
2429050,0
2429100,0
2429150,0
2429200,0
2429250,0
2429300,0
2429350,0
2429400,0
2429450,0
2429500,0
2429550,0
2429600,0
2429650,0
2429700,0
2429750,0
2429800,0
2429850,0
2429900,0
2429950,0
2430000,0
2430050,0
2430100,0
2430150,0
2430200,0
2430250,0
2430300,0
2430350,0
2430400,0
2430450,0
2430500,0
2430550,0
2430600,0
2430650,0
2430700,0
2430750,0
2430800,0
2430850,0
2430900,0
2430950,0
2431000,0
2431050,0
2431100,0
2431150,0
2431200,0
2431250,0
2431300,0
2431350,0
2431400,0
2431450,0
2431500,0
2431550,0
2431600,0
2431650,0
2431700,0
2431750,0
2431800,0
2431850,0
2431900,0
2431950,0
2432000,0
2432050,0
2432100,0
2432150,0
2432200,0
2432250,0
2432300,0
2432350,0
2432400,0
2432450,0
2432500,0
2432550,0
2432600,0
2432650,0
2432700,0
2432750,0
2432800,0
2432850,0
2432900,0
2432950,0
2433000,0
2433050,0
2433100,0
2433150,0
2433200,0
2433250,0
2433300,0
2433350,0
2433400,0
2433450,0
2433500,0
2433550,0
2433600,0
2433650,0
2433700,0
2433750,0
2433800,0
2433850,0
2433900,0
2433950,0
2434000,0
2434050,0
2434100,0
2434150,0
2434200,0
2434250,0
2434300,0
2434350,0
2434400,0
2434450,0
2434500,0
2434550,0
2434600,0
2434650,0
2434700,0
2434750,0
2434800,0
2434850,0
2434900,0
2434950,0
2435000,0
2435050,0
2435100,0
2435150,0
2435200,0
2435250,0
2435300,0
2435350,0
2435400,0
2435450,0
2435500,0
2435550,0
2435600,0
2435650,0
2435700,0
2435750,0
2435800,0
2435850,0
2435900,0
2435950,0
2436000,0
2436050,0
2436100,0
2436150,0
2436200,0
2436250,0
2436300,0
2436350,0
2436400,0
2436450,0
2436500,0
2436550,0
2436600,0
2436650,0
2436700,0
2436750,0
2436800,0
2436850,0
2436900,0
2436950,0
2437000,0
2437050,0
2437100,0
2437150,0
2437200,0
2437250,0
2437300,0
2437350,0
2437400,0
2437450,0
2437500,0
2437550,0
2437600,0
2437650,0
2437700,0
2437750,0
2437800,0
2437850,0
2437900,0
2437950,0
2438000,0
2438050,0
2438100,0
2438150,0
2438200,0
2438250,0
2438300,0
2438350,0
2438400,0
2438450,0
2438500,0
2438550,0
2438600,0
2438650,0
2438700,0
2438750,0
2438800,0
2438850,0
2438900,0
2438950,0
2439000,0
2439050,0
2439100,0
2439150,0
2439200,0
2439250,0
2439300,0
2439350,0
2439400,0
2439450,0
2439500,0
2439550,0
2439600,0
2439650,0
2439700,0
2439750,0
2439800,0
2439850,0
2439900,0
2439950,0
2440000,0
2440050,0
2440100,0
2440150,0
2440200,0
2440250,0
2440300,0
2440350,0
2440400,0
2440450,0
2440500,0
2440550,0
2440600,0
2440650,0
2440700,0
2440750,0
2440800,0
2440850,0
2440900,0
2440950,0
2441000,0
2441050,0
2441100,0
2441150,0
2441200,0
2441250,0
2441300,0
2441350,0
2441400,0
2441450,0
2441500,0
2441550,0
2441600,0
2441650,0
2441700,0
2441750,0
2441800,0
2441850,0
2441900,0
2441950,0
2442000,0
2442050,0
2442100,0
2442150,0
2442200,0
2442250,0
2442300,0
2442350,0
2442400,0
2442450,0
2442500,0
2442550,0
2442600,0
2442650,0
2442700,0
2442750,0
2442800,0
2442850,0
2442900,0
2442950,0
2443000,0
2443050,0
2443100,0
2443150,0
2443200,0
2443250,0
2443300,0
2443350,0
2443400,0
2443450,0
2443500,0
2443550,0
2443600,0
2443650,0
2443700,0
2443750,0
2443800,0
2443850,0
2443900,0
2443950,0
2444000,0
2444050,0
2444100,0
2444150,0
2444200,0
2444250,0
2444300,0
2444350,0
2444400,0
2444450,0
2444500,0
2444550,0
2444600,0
2444650,0
2444700,0
2444750,0
2444800,0
2444850,0
2444900,0
2444950,0
2445000,0
2445050,0
2445100,0
2445150,0
2445200,0
2445250,0
2445300,0
2445350,0
2445400,0
2445450,0
2445500,0
2445550,0
2445600,0
2445650,0
2445700,0
2445750,0
2445800,0
2445850,0
2445900,0
2445950,0
2446000,0
2446050,0
2446100,0
2446150,0
2446200,0
2446250,0
2446300,0
2446350,0
2446400,0
2446450,0
2446500,0
2446550,0
2446600,0
2446650,0
2446700,0
2446750,0
2446800,0
2446850,0
2446900,0
2446950,0
2447000,0
2447050,0
2447100,0
2447150,0
2447200,0
2447250,0
2447300,0
2447350,0
2447400,0
2447450,0
2447500,0
2447550,0
2447600,0
2447650,0
2447700,0
2447750,0
2447800,0
2447850,0
2447900,0
2447950,0
2448000,0
2448050,0
2448100,0
2448150,0
2448200,0
2448250,0
2448300,0
2448350,0
2448400,0
2448450,0
2448500,0
2448550,0
2448600,0
2448650,0
2448700,0
2448750,0
2448800,0
2448850,0
2448900,0
2448950,0
2449000,0
2449050,0
2449100,0
2449150,0
2449200,0
2449250,0
2449300,0
2449350,0
2449400,0
2449450,0
2449500,0
2449550,0
2449600,0
2449650,0
2449700,0
2449750,0
2449800,0
2449850,0
2449900,0
2449950,0
2450000,0
2450050,0
2450100,0
2450150,0
2450200,0
2450250,0
2450300,0
2450350,0
2450400,0
2450450,0
2450500,0
2450550,0
2450600,0
2450650,0
2450700,0
2450750,0
2450800,0
2450850,0
2450900,0
2450950,0
2451000,0
2451050,0
2451100,0
2451150,0
2451200,0
2451250,0
2451300,0
2451350,0
2451400,0
2451450,0
2451500,0
2451550,0
2451600,0
2451650,0
2451700,0
2451750,0
2451800,0
2451850,0
2451900,0
2451950,0
2452000,0
2452050,0
2452100,0
2452150,0
2452200,0
2452250,0
2452300,0
2452350,0
2452400,0
2452450,0
2452500,0
2452550,0
2452600,0
2452650,0
2452700,0
2452750,0
2452800,0
2452850,0
2452900,0
2452950,0
2453000,0
2453050,0
2453100,0
2453150,0
2453200,0
2453250,0
2453300,0
2453350,0
2453400,0
2453450,0
2453500,0
2453550,0
2453600,0
2453650,0
2453700,0
2453750,0
2453800,0
2453850,0
2453900,0
2453950,0
2454000,0
2454050,0
2454100,0
2454150,0
2454200,0
2454250,0
2454300,0
2454350,0
2454400,0
2454450,0
2454500,0
2454550,0
2454600,0
2454650,0
2454700,0
2454750,0
2454800,0
2454850,0
2454900,0
2454950,0
2455000,0
2455050,0
2455100,0
2455150,0
2455200,0
2455250,0
2455300,0
2455350,0
2455400,0
2455450,0
2455500,0
2455550,0
2455600,0
2455650,0
2455700,0
2455750,0
2455800,0
2455850,0
2455900,0
2455950,0
2456000,0
2456050,0
2456100,0
2456150,0
2456200,0
2456250,0
2456300,0
2456350,0
2456400,0
2456450,0
2456500,0
2456550,0
2456600,0
2456650,0
2456700,0
2456750,0
2456800,0
2456850,0
2456900,0
2456950,0
2457000,0
2457050,0
2457100,0
2457150,0
2457200,0
2457250,0
2457300,0
2457350,0
2457400,0
2457450,0
2457500,0
2457550,0
2457600,0
2457650,0
2457700,0
2457750,0
2457800,0
2457850,0
2457900,0
2457950,0
2458000,0
2458050,0
2458100,0
2458150,0
2458200,0
2458250,0
2458300,0
2458350,0
2458400,0
2458450,0
2458500,0
2458550,0
2458600,0
2458650,0
2458700,0
2458750,0
2458800,0
2458850,0
2458900,0
2458950,0
2459000,0
2459050,0
2459100,0
2459150,0
2459200,0
2459250,0
2459300,0
2459350,0
2459400,0
2459450,0
2459500,0
2459550,0
2459600,0
2459650,0
2459700,0
2459750,0
2459800,0
2459850,0
2459900,0
2459950,0
2460000,0
2460050,0
2460100,0
2460150,0
2460200,0
2460250,0
2460300,0
2460350,0
2460400,0
2460450,0
2460500,0
2460550,0
2460600,0
2460650,0
2460700,0
2460750,0
2460800,0
2460850,0
2460900,0
2460950,0
2461000,0
2461050,0
2461100,0
2461150,0
2461200,0
2461250,0
2461300,0
2461350,0
2461400,0
2461450,0
2461500,0
2461550,0
2461600,0
2461650,0
2461700,0
2461750,0
2461800,0
2461850,0
2461900,0
2461950,0
2462000,0
2462050,0
2462100,0
2462150,0
2462200,0
2462250,0
2462300,0
2462350,0
2462400,0
2462450,0
2462500,0
2462550,0
2462600,0
2462650,0
2462700,0
2462750,0
2462800,0
2462850,0
2462900,0
2462950,0
2463000,0
2463050,0
2463100,0
2463150,0
2463200,0
2463250,0
2463300,0
2463350,0
2463400,0
2463450,0
2463500,0
2463550,0
2463600,0
2463650,0
2463700,0
2463750,0
2463800,0
2463850,0
2463900,0
2463950,0
2464000,0
2464050,0
2464100,0
2464150,0
2464200,0
2464250,0
2464300,0
2464350,0
2464400,0
2464450,0
2464500,0
2464550,0
2464600,0
2464650,0
2464700,0
2464750,0
2464800,0
2464850,0
2464900,0
2464950,0
2465000,0
2465050,0
2465100,0
2465150,0
2465200,0
2465250,0
2465300,0
2465350,0
2465400,0
2465450,0
2465500,0
2465550,0
2465600,0
2465650,0
2465700,0
2465750,0
2465800,0
2465850,0
2465900,0
2465950,0
2466000,0
2466050,0
2466100,0
2466150,0
2466200,0
2466250,0
2466300,0
2466350,0
2466400,0
2466450,0
2466500,0
2466550,0
2466600,0
2466650,0
2466700,0
2466750,0
2466800,0
2466850,0
2466900,0
2466950,0
2467000,0
2467050,0
2467100,0
2467150,0
2467200,0
2467250,0
2467300,0
2467350,0
2467400,0
2467450,0
2467500,0
2467550,0
2467600,0
2467650,0
2467700,0
2467750,0
2467800,0
2467850,0
2467900,0
2467950,0
2468000,0
2468050,0
2468100,0
2468150,0
2468200,0
2468250,0
2468300,0
2468350,0
2468400,0
2468450,0
2468500,0
2468550,0
2468600,0
2468650,0
2468700,0
2468750,0
2468800,0
2468850,0
2468900,0
2468950,0
2469000,0
2469050,0
2469100,0
2469150,0
2469200,0
2469250,0
2469300,0
2469350,0
2469400,0
2469450,0
2469500,0
2469550,0
2469600,0
2469650,0
2469700,0
2469750,0
2469800,0
2469850,0
2469900,0
2469950,0
2470000,0
2470050,0
2470100,0
2470150,0
2470200,0
2470250,0
2470300,0
2470350,0
2470400,0
2470450,0
2470500,0
2470550,0
2470600,0
2470650,0
2470700,0
2470750,0
2470800,0
2470850,0
2470900,0
2470950,0
2471000,0
2471050,0
2471100,0
2471150,0
2471200,0
2471250,0
2471300,0
2471350,0
2471400,0
2471450,0
2471500,0
2471550,0
2471600,0
2471650,0
2471700,0
2471750,0
2471800,0
2471850,0
2471900,0
2471950,0
2472000,0
2472050,0
2472100,0
2472150,0
2472200,0
2472250,0
2472300,0
2472350,0
2472400,0
2472450,0
2472500,0
2472550,0
2472600,0
2472650,0
2472700,0
2472750,0
2472800,0
2472850,0
2472900,0
2472950,0
2473000,0
2473050,0
2473100,0
2473150,0
2473200,0
2473250,0
2473300,0
2473350,0
2473400,0
2473450,0
2473500,0
2473550,0
2473600,0
2473650,0
2473700,0
2473750,0
2473800,0
2473850,0
2473900,0
2473950,0
2474000,0
2474050,0
2474100,0
2474150,0
2474200,0
2474250,0
2474300,0
2474350,0
2474400,0
2474450,0
2474500,0
2474550,0
2474600,0
2474650,0
2474700,0
2474750,0
2474800,0
2474850,0
2474900,0
2474950,0
2475000,0
2475050,0
2475100,0
2475150,0
2475200,0
2475250,0
2475300,0
2475350,0
2475400,0
2475450,0
2475500,0
2475550,0
2475600,0
2475650,0
2475700,0
2475750,0
2475800,0
2475850,0
2475900,0
2475950,0
2476000,0
2476050,0
2476100,0
2476150,0
2476200,0
2476250,0
2476300,0
2476350,0
2476400,0
2476450,0
2476500,0
2476550,0
2476600,0
2476650,0
2476700,0
2476750,0
2476800,0
2476850,0
2476900,0
2476950,0
2477000,0
2477050,0
2477100,0
2477150,0
2477200,0
2477250,0
2477300,0
2477350,0
2477400,0
2477450,0
2477500,0
2477550,0
2477600,0
2477650,0
2477700,0
2477750,0
2477800,0
2477850,0
2477900,0
2477950,0
2478000,0
2478050,0
2478100,0
2478150,0
2478200,0
2478250,0
2478300,0
2478350,0
2478400,0
2478450,0
2478500,0
2478550,0
2478600,0
2478650,0
2478700,0
2478750,0
2478800,0
2478850,0
2478900,0
2478950,0
2479000,0
2479050,0
2479100,0
2479150,0
2479200,0
2479250,0
2479300,0
2479350,0
2479400,0
2479450,0
2479500,0
2479550,0
2479600,0
2479650,0
2479700,0
2479750,0
2479800,0
2479850,0
2479900,0
2479950,0
2480000,0
2480050,0
2480100,0
2480150,0
2480200,0
2480250,0
2480300,0
2480350,0
2480400,0
2480450,0
2480500,0
2480550,0
2480600,0
2480650,0
2480700,0
2480750,0
2480800,0
2480850,0
2480900,0
2480950,0
2481000,0
2481050,0
2481100,0
2481150,0
2481200,0
2481250,0
2481300,0
2481350,0
2481400,0
2481450,0
2481500,0
2481550,0
2481600,0
2481650,0
2481700,0
2481750,0
2481800,0
2481850,0
2481900,0
2481950,0
2482000,0
2482050,0
2482100,0
2482150,0
2482200,0
2482250,0
2482300,0
2482350,0
2482400,0
2482450,0
2482500,0
2482550,0
2482600,0
2482650,0
2482700,0
2482750,0
2482800,0
2482850,0
2482900,0
2482950,0
2483000,0
2483050,0
2483100,0
2483150,0
2483200,0
2483250,0
2483300,0
2483350,0
2483400,0
2483450,0
2483500,0
2483550,0
2483600,0
2483650,0
2483700,0
2483750,0
2483800,0
2483850,0
2483900,0
2483950,0
2484000,0
2484050,0
2484100,0
2484150,0
2484200,0
2484250,0
2484300,0
2484350,0
2484400,0
2484450,0
2484500,0
2484550,0
2484600,0
2484650,0
2484700,0
2484750,0
2484800,0
2484850,0
2484900,0
2484950,0
2485000,0
2485050,0
2485100,0
2485150,0
2485200,0
2485250,0
2485300,0
2485350,0
2485400,0
2485450,0
2485500,0
2485550,0
2485600,0
2485650,0
2485700,0
2485750,0
2485800,0
2485850,0
2485900,0
2485950,0
2486000,0
2486050,0
2486100,0
2486150,0
2486200,0
2486250,0
2486300,0
2486350,0
2486400,0
2486450,0
2486500,0
2486550,0
2486600,0
2486650,0
2486700,0
2486750,0
2486800,0
2486850,0
2486900,0
2486950,0
2487000,0
2487050,0
2487100,0
2487150,0
2487200,0
2487250,0
2487300,0
2487350,0
2487400,0
2487450,0
2487500,0
2487550,0
2487600,0
2487650,0
2487700,0
2487750,0
2487800,0
2487850,0
2487900,0
2487950,0
2488000,0
2488050,0
2488100,0
2488150,0
2488200,0
2488250,0
2488300,0
2488350,0
2488400,0
2488450,0
2488500,0
2488550,0
2488600,0
2488650,0
2488700,0
2488750,0
2488800,0
2488850,0
2488900,0
2488950,0
2489000,0
2489050,0
2489100,0
2489150,0
2489200,0
2489250,0
2489300,0
2489350,0
2489400,0
2489450,0
2489500,0
2489550,0
2489600,0
2489650,0
2489700,0
2489750,0
2489800,0
2489850,0
2489900,0
2489950,0
2490000,0
2490050,0
2490100,0
2490150,0
2490200,0
2490250,0
2490300,0
2490350,0
2490400,0
2490450,0
2490500,0
2490550,0
2490600,0
2490650,0
2490700,0
2490750,0
2490800,0
2490850,0
2490900,0
2490950,0
2491000,0
2491050,0
2491100,0
2491150,0
2491200,0
2491250,0
2491300,0
2491350,0
2491400,0
2491450,0
2491500,0
2491550,0
2491600,0
2491650,0
2491700,0
2491750,0
2491800,0
2491850,0
2491900,0
2491950,0
2492000,0
2492050,0
2492100,0
2492150,0
2492200,0
2492250,0
2492300,0
2492350,0
2492400,0
2492450,0
2492500,0
2492550,0
2492600,0
2492650,0
2492700,0
2492750,0
2492800,0
2492850,0
2492900,0
2492950,0
2493000,0
2493050,0
2493100,0
2493150,0
2493200,0
2493250,0
2493300,0
2493350,0
2493400,0
2493450,0
2493500,0
2493550,0
2493600,0
2493650,0
2493700,0
2493750,0
2493800,0
2493850,0
2493900,0
2493950,0
2494000,0
2494050,0
2494100,0
2494150,0
2494200,0
2494250,0
2494300,0
2494350,0
2494400,0
2494450,0
2494500,0
2494550,0
2494600,0
2494650,0
2494700,0
2494750,0
2494800,0
2494850,0
2494900,0
2494950,0
2495000,0
2495050,0
2495100,0
2495150,0
2495200,0
2495250,0
2495300,0
2495350,0
2495400,0
2495450,0
2495500,0
2495550,0
2495600,0
2495650,0
2495700,0
2495750,0
2495800,0
2495850,0
2495900,0
2495950,0
2496000,0
2496050,0
2496100,0
2496150,0
2496200,0
2496250,0
2496300,0
2496350,0
2496400,0
2496450,0
2496500,0
2496550,0
2496600,0
2496650,0
2496700,0
2496750,0
2496800,0
2496850,0
2496900,0
2496950,0
2497000,0
2497050,0
2497100,0
2497150,0
2497200,0
2497250,0
2497300,0
2497350,0
2497400,0
2497450,0
2497500,0
2497550,0
2497600,0
2497650,0
2497700,0
2497750,0
2497800,0
2497850,0
2497900,0
2497950,0
2498000,0
2498050,0
2498100,0
2498150,0
2498200,0
2498250,0
2498300,0
2498350,0
2498400,0
2498450,0
2498500,0
2498550,0
2498600,0
2498650,0
2498700,0
2498750,0
2498800,0
2498850,0
2498900,0
2498950,0
2499000,0
2499050,0
2499100,0
2499150,0
2499200,0
2499250,0
2499300,0
2499350,0
2499400,0
2499450,0
2499500,0
2499550,0
2499600,0
2499650,0
2499700,0
2499750,0
2499800,0
2499850,0
2499900,0
2499950,0
2500000,0
2500050,0
2500100,0
2500150,0
2500200,0
2500250,0
2500300,0
2500350,0
2500400,0
2500450,0
2500500,0
2500550,0
2500600,0
2500650,0
2500700,0
2500750,0
2500800,0
2500850,0
2500900,0
2500950,0
2501000,0
2501050,0
2501100,0
2501150,0
2501200,0
2501250,0
2501300,0
2501350,0
2501400,0
2501450,0
2501500,0
2501550,0
2501600,0
2501650,0
2501700,0
2501750,0
2501800,0
2501850,0
2501900,0
2501950,0
2502000,0
2502050,0
2502100,0
2502150,0
2502200,0
2502250,0
2502300,0
2502350,0
2502400,0
2502450,0
2502500,0
2502550,0
2502600,0
2502650,0
2502700,0
2502750,0
2502800,0
2502850,0
2502900,0
2502950,0
2503000,0
2503050,0
2503100,0
2503150,0
2503200,0
2503250,0
2503300,0
2503350,0
2503400,0
2503450,0
2503500,0
2503550,0
2503600,0
2503650,0
2503700,0
2503750,0
2503800,0
2503850,0
2503900,0
2503950,0
2504000,0
2504050,0
2504100,0
2504150,0
2504200,0
2504250,0
2504300,0
2504350,0
2504400,0
2504450,0
2504500,0
2504550,0
2504600,0
2504650,0
2504700,0
2504750,0
2504800,0
2504850,0
2504900,0
2504950,0
2505000,0
2505050,0
2505100,0
2505150,0
2505200,0
2505250,0
2505300,0
2505350,0
2505400,0
2505450,0
2505500,0
2505550,0
2505600,0
2505650,0
2505700,0
2505750,0
2505800,0
2505850,0
2505900,0
2505950,0
2506000,0
2506050,0
2506100,0
2506150,0
2506200,0
2506250,0
2506300,0
2506350,0
2506400,0
2506450,0
2506500,0
2506550,0
2506600,0
2506650,0
2506700,0
2506750,0
2506800,0
2506850,0
2506900,0
2506950,0
2507000,0
2507050,0
2507100,0
2507150,0
2507200,0
2507250,0
2507300,0
2507350,0
2507400,0
2507450,0
2507500,0
2507550,0
2507600,0
2507650,0
2507700,0
2507750,0
2507800,0
2507850,0
2507900,0
2507950,0
2508000,0
2508050,0
2508100,0
2508150,0
2508200,0
2508250,0
2508300,0
2508350,0
2508400,0
2508450,0
2508500,0
2508550,0
2508600,0
2508650,0
2508700,0
2508750,0
2508800,0
2508850,0
2508900,0
2508950,0
2509000,0
2509050,0
2509100,0
2509150,0
2509200,0
2509250,0
2509300,0
2509350,0
2509400,0
2509450,0
2509500,0
2509550,0
2509600,0
2509650,0
2509700,0
2509750,0
2509800,0
2509850,0
2509900,0
2509950,0
2510000,0
2510050,0
2510100,0
2510150,0
2510200,0
2510250,0
2510300,0
2510350,0
2510400,0
2510450,0
2510500,0
2510550,0
2510600,0
2510650,0
2510700,0
2510750,0
2510800,0
2510850,0
2510900,0
2510950,0
2511000,0
2511050,0
2511100,0
2511150,0
2511200,0
2511250,0
2511300,0
2511350,0
2511400,0
2511450,0
2511500,0
2511550,0
2511600,0
2511650,0
2511700,0
2511750,0
2511800,0
2511850,0
2511900,0
2511950,0
2512000,0
2512050,0
2512100,0
2512150,0
2512200,0
2512250,0
2512300,0
2512350,0
2512400,0
2512450,0
2512500,0
2512550,0
2512600,0
2512650,0
2512700,0
2512750,0
2512800,0
2512850,0
2512900,0
2512950,0
2513000,0
2513050,0
2513100,0
2513150,0
2513200,0
2513250,0
2513300,0
2513350,0
2513400,0
2513450,0
2513500,0
2513550,0
2513600,0
2513650,0
2513700,0
2513750,0
2513800,0
2513850,0
2513900,0
2513950,0
2514000,0
2514050,0
2514100,0
2514150,0
2514200,0
2514250,0
2514300,0
2514350,0
2514400,0
2514450,0
2514500,0
2514550,0
2514600,0
2514650,0
2514700,0
2514750,0
2514800,0
2514850,0
2514900,0
2514950,0
2515000,0
2515050,0
2515100,0
2515150,0
2515200,0
2515250,0
2515300,0
2515350,0
2515400,0
2515450,0
2515500,0
2515550,0
2515600,0
2515650,0
2515700,0
2515750,0
2515800,0
2515850,0
2515900,0
2515950,0
2516000,0
2516050,0
2516100,0
2516150,0
2516200,0
2516250,0
2516300,0
2516350,0
2516400,0
2516450,0
2516500,0
2516550,0
2516600,0
2516650,0
2516700,0
2516750,0
2516800,0
2516850,0
2516900,0
2516950,0
2517000,0
2517050,0
2517100,0
2517150,0
2517200,0
2517250,0
2517300,0
2517350,0
2517400,0
2517450,0
2517500,0
2517550,0
2517600,0
2517650,0
2517700,0
2517750,0
2517800,0
2517850,0
2517900,0
2517950,0
2518000,0
2518050,0
2518100,0
2518150,0
2518200,0
2518250,0
2518300,0
2518350,0
2518400,0
2518450,0
2518500,0
2518550,0
2518600,0
2518650,0
2518700,0
2518750,0
2518800,0
2518850,0
2518900,0
2518950,0
2519000,0
2519050,0
2519100,0
2519150,0
2519200,0
2519250,0
2519300,0
2519350,0
2519400,0
2519450,0
2519500,0
2519550,0
2519600,0
2519650,0
2519700,0
2519750,0
2519800,0
2519850,0
2519900,0
2519950,0
2520000,0
2520050,0
2520100,0
2520150,0
2520200,0
2520250,0
2520300,0
2520350,0
2520400,0
2520450,0
2520500,0
2520550,0
2520600,0
2520650,0
2520700,0
2520750,0
2520800,0
2520850,0
2520900,0
2520950,0
2521000,0
2521050,0
2521100,0
2521150,0
2521200,0
2521250,0
2521300,0
2521350,0
2521400,0
2521450,0
2521500,0
2521550,0
2521600,0
2521650,0
2521700,0
2521750,0
2521800,0
2521850,0
2521900,0
2521950,0
2522000,0
2522050,0
2522100,0
2522150,0
2522200,0
2522250,0
2522300,0
2522350,0
2522400,0
2522450,0
2522500,0
2522550,0
2522600,0
2522650,0
2522700,0
2522750,0
2522800,0
2522850,0
2522900,0
2522950,0
2523000,0
2523050,0
2523100,0
2523150,0
2523200,0
2523250,0
2523300,0
2523350,0
2523400,0
2523450,0
2523500,0
2523550,0
2523600,0
2523650,0
2523700,0
2523750,0
2523800,0
2523850,0
2523900,0
2523950,0
2524000,0
2524050,0
2524100,0
2524150,0
2524200,0
2524250,0
2524300,0
2524350,0
2524400,0
2524450,0
2524500,0
2524550,0
2524600,0
2524650,0
2524700,0
2524750,0
2524800,0
2524850,0
2524900,0
2524950,0
2525000,0
2525050,0
2525100,0
2525150,0
2525200,0
2525250,0
2525300,0
2525350,0
2525400,0
2525450,0
2525500,0
2525550,0
2525600,0
2525650,0
2525700,0
2525750,0
2525800,0
2525850,0
2525900,0
2525950,0
2526000,0
2526050,0
2526100,0
2526150,0
2526200,0
2526250,0
2526300,0
2526350,0
2526400,0
2526450,0
2526500,0
2526550,0
2526600,0
2526650,0
2526700,0
2526750,0
2526800,0
2526850,0
2526900,0
2526950,0
2527000,0
2527050,0
2527100,0
2527150,0
2527200,0
2527250,0
2527300,0
2527350,0
2527400,0
2527450,0
2527500,0
2527550,0
2527600,0
2527650,0
2527700,0
2527750,0
2527800,0
2527850,0
2527900,0
2527950,0
2528000,0
2528050,0
2528100,0
2528150,0
2528200,0
2528250,0
2528300,0
2528350,0
2528400,0
2528450,0
2528500,0
2528550,0
2528600,0
2528650,0
2528700,0
2528750,0
2528800,0
2528850,0
2528900,0
2528950,0
2529000,0
2529050,0
2529100,0
2529150,0
2529200,0
2529250,0
2529300,0
2529350,0
2529400,0
2529450,0
2529500,0
2529550,0
2529600,0
2529650,0
2529700,0
2529750,0
2529800,0
2529850,0
2529900,0
2529950,0
2530000,0
2530050,0
2530100,0
2530150,0
2530200,0
2530250,0
2530300,0
2530350,0
2530400,0
2530450,0
2530500,0
2530550,0
2530600,0
2530650,0
2530700,0
2530750,0
2530800,0
2530850,0
2530900,0
2530950,0
2531000,0
2531050,0
2531100,0
2531150,0
2531200,0
2531250,0
2531300,0
2531350,0
2531400,0
2531450,0
2531500,0
2531550,0
2531600,0
2531650,0
2531700,0
2531750,0
2531800,0
2531850,0
2531900,0
2531950,0
2532000,0
2532050,0
2532100,0
2532150,0
2532200,0
2532250,0
2532300,0
2532350,0
2532400,0
2532450,0
2532500,0
2532550,0
2532600,0
2532650,0
2532700,0
2532750,0
2532800,0
2532850,0
2532900,0
2532950,0
2533000,0
2533050,0
2533100,0
2533150,0
2533200,0
2533250,0
2533300,0
2533350,0
2533400,0
2533450,0
2533500,0
2533550,0
2533600,0
2533650,0
2533700,0
2533750,0
2533800,0
2533850,0
2533900,0
2533950,0
2534000,0
2534050,0
2534100,0
2534150,0
2534200,0
2534250,0
2534300,0
2534350,0
2534400,0
2534450,0
2534500,0
2534550,0
2534600,0
2534650,0
2534700,0
2534750,0
2534800,0
2534850,0
2534900,0
2534950,0
2535000,0
2535050,0
2535100,0
2535150,0
2535200,0
2535250,0
2535300,0
2535350,0
2535400,0
2535450,0
2535500,0
2535550,0
2535600,0
2535650,0
2535700,0
2535750,0
2535800,0
2535850,0
2535900,0
2535950,0
2536000,0
2536050,0
2536100,0
2536150,0
2536200,0
2536250,0
2536300,0
2536350,0
2536400,0
2536450,0
2536500,0
2536550,0
2536600,0
2536650,0
2536700,0
2536750,0
2536800,0
2536850,0
2536900,0
2536950,0
2537000,0
2537050,0
2537100,0
2537150,0
2537200,0
2537250,0
2537300,0
2537350,0
2537400,0
2537450,0
2537500,0
2537550,0
2537600,0
2537650,0
2537700,0
2537750,0
2537800,0
2537850,0
2537900,0
2537950,0
2538000,0
2538050,0
2538100,0
2538150,0
2538200,0
2538250,0
2538300,0
2538350,0
2538400,0
2538450,0
2538500,0
2538550,0
2538600,0
2538650,0
2538700,0
2538750,0
2538800,0
2538850,0
2538900,0
2538950,0
2539000,0
2539050,0
2539100,0
2539150,0
2539200,0
2539250,0
2539300,0
2539350,0
2539400,0
2539450,0
2539500,0
2539550,0
2539600,0
2539650,0
2539700,0
2539750,0
2539800,0
2539850,0
2539900,0
2539950,0
2540000,0
2540050,0
2540100,0
2540150,0
2540200,0
2540250,0
2540300,0
2540350,0
2540400,0
2540450,0
2540500,0
2540550,0
2540600,0
2540650,0
2540700,0
2540750,0
2540800,0
2540850,0
2540900,0
2540950,0
2541000,0
2541050,0
2541100,0
2541150,0
2541200,0
2541250,0
2541300,0
2541350,0
2541400,0
2541450,0
2541500,0
2541550,0
2541600,0
2541650,0
2541700,0
2541750,0
2541800,0
2541850,0
2541900,0
2541950,0
2542000,0
2542050,0
2542100,0
2542150,0
2542200,0
2542250,0
2542300,0
2542350,0
2542400,0
2542450,0
2542500,0
2542550,0
2542600,0
2542650,0
2542700,0
2542750,0
2542800,0
2542850,0
2542900,0
2542950,0
2543000,0
2543050,0
2543100,0
2543150,0
2543200,0
2543250,0
2543300,0
2543350,0
2543400,0
2543450,0
2543500,0
2543550,0
2543600,0
2543650,0
2543700,0
2543750,0
2543800,0
2543850,0
2543900,0
2543950,0
2544000,0
2544050,0
2544100,0
2544150,0
2544200,0
2544250,0
2544300,0
2544350,0
2544400,0
2544450,0
2544500,0
2544550,0
2544600,0
2544650,0
2544700,0
2544750,0
2544800,0
2544850,0
2544900,0
2544950,0
2545000,0
2545050,0
2545100,0
2545150,0
2545200,0
2545250,0
2545300,0
2545350,0
2545400,0
2545450,0
2545500,0
2545550,0
2545600,0
2545650,0
2545700,0
2545750,0
2545800,0
2545850,0
2545900,0
2545950,0
2546000,0
2546050,0
2546100,0
2546150,0
2546200,0
2546250,0
2546300,0
2546350,0
2546400,0
2546450,0
2546500,0
2546550,0
2546600,0
2546650,0
2546700,0
2546750,0
2546800,0
2546850,0
2546900,0
2546950,0
2547000,0
2547050,0
2547100,0
2547150,0
2547200,0
2547250,0
2547300,0
2547350,0
2547400,0
2547450,0
2547500,0
2547550,0
2547600,0
2547650,0
2547700,0
2547750,0
2547800,0
2547850,0
2547900,0
2547950,0
2548000,0
2548050,0
2548100,0
2548150,0
2548200,0
2548250,0
2548300,0
2548350,0
2548400,0
2548450,0
2548500,0
2548550,0
2548600,0
2548650,0
2548700,0
2548750,0
2548800,0
2548850,0
2548900,0
2548950,0
2549000,0
2549050,0
2549100,0
2549150,0
2549200,0
2549250,0
2549300,0
2549350,0
2549400,0
2549450,0
2549500,0
2549550,0
2549600,0
2549650,0
2549700,0
2549750,0
2549800,0
2549850,0
2549900,0
2549950,0
2550000,0
2550050,0
2550100,0
2550150,0
2550200,0
2550250,0
2550300,0
2550350,0
2550400,0
2550450,0
2550500,0
2550550,0
2550600,0
2550650,0
2550700,0
2550750,0
2550800,0
2550850,0
2550900,0
2550950,0
2551000,0
2551050,0
2551100,0
2551150,0
2551200,0
2551250,0
2551300,0
2551350,0
2551400,0
2551450,0
2551500,0
2551550,0
2551600,0
2551650,0
2551700,0
2551750,0
2551800,0
2551850,0
2551900,0
2551950,0
2552000,0
2552050,0
2552100,0
2552150,0
2552200,0
2552250,0
2552300,0
2552350,0
2552400,0
2552450,0
2552500,0
2552550,0
2552600,0
2552650,0
2552700,0
2552750,0
2552800,0
2552850,0
2552900,0
2552950,0
2553000,0
2553050,0
2553100,0
2553150,0
2553200,0
2553250,0
2553300,0
2553350,0
2553400,0
2553450,0
2553500,0
2553550,0
2553600,0
2553650,0
2553700,0
2553750,0
2553800,0
2553850,0
2553900,0
2553950,0
2554000,0
2554050,0
2554100,0
2554150,0
2554200,0
2554250,0
2554300,0
2554350,0
2554400,0
2554450,0
2554500,0
2554550,0
2554600,0
2554650,0
2554700,0
2554750,0
2554800,0
2554850,0
2554900,0
2554950,0
2555000,0
2555050,0
2555100,0
2555150,0
2555200,0
2555250,0
2555300,0
2555350,0
2555400,0
2555450,0
2555500,0
2555550,0
2555600,0
2555650,0
2555700,0
2555750,0
2555800,0
2555850,0
2555900,0
2555950,0
2556000,0
2556050,0
2556100,0
2556150,0
2556200,0
2556250,0
2556300,0
2556350,0
2556400,0
2556450,0
2556500,0
2556550,0
2556600,0
2556650,0
2556700,0
2556750,0
2556800,0
2556850,0
2556900,0
2556950,0
2557000,0
2557050,0
2557100,0
2557150,0
2557200,0
2557250,0
2557300,0
2557350,0
2557400,0
2557450,0
2557500,0
2557550,0
2557600,0
2557650,0
2557700,0
2557750,0
2557800,0
2557850,0
2557900,0
2557950,0
2558000,0
2558050,0
2558100,0
2558150,0
2558200,0
2558250,0
2558300,0
2558350,0
2558400,0
2558450,0
2558500,0
2558550,0
2558600,0
2558650,0
2558700,0
2558750,0
2558800,0
2558850,0
2558900,0
2558950,0
2559000,0
2559050,0
2559100,0
2559150,0
2559200,0
2559250,0
2559300,0
2559350,0
2559400,0
2559450,0
2559500,0
2559550,0
2559600,0
2559650,0
2559700,0
2559750,0
2559800,0
2559850,0
2559900,0
2559950,0
2560000,0
2560050,0
2560100,0
2560150,0
2560200,0
2560250,0
2560300,0
2560350,0
2560400,0
2560450,0
2560500,0
2560550,0
2560600,0
2560650,0
2560700,0
2560750,0
2560800,0
2560850,0
2560900,0
2560950,0
2561000,0
2561050,0
2561100,0
2561150,0
2561200,0
2561250,0
2561300,0
2561350,0
2561400,0
2561450,0
2561500,0
2561550,0
2561600,0
2561650,0
2561700,0
2561750,0
2561800,0
2561850,0
2561900,0
2561950,0
2562000,0
2562050,0
2562100,0
2562150,0
2562200,0
2562250,0
2562300,0
2562350,0
2562400,0
2562450,0
2562500,0
2562550,0
2562600,0
2562650,0
2562700,0
2562750,0
2562800,0
2562850,0
2562900,0
2562950,0
2563000,0
2563050,0
2563100,0
2563150,0
2563200,0
2563250,0
2563300,0
2563350,0
2563400,0
2563450,0
2563500,0
2563550,0
2563600,0
2563650,0
2563700,0
2563750,0
2563800,0
2563850,0
2563900,0
2563950,0
2564000,0
2564050,0
2564100,0
2564150,0
2564200,0
2564250,0
2564300,0
2564350,0
2564400,0
2564450,0
2564500,0
2564550,0
2564600,0
2564650,0
2564700,0
2564750,0
2564800,0
2564850,0
2564900,0
2564950,0
2565000,0
2565050,0
2565100,0
2565150,0
2565200,0
2565250,0
2565300,0
2565350,0
2565400,0
2565450,0
2565500,0
2565550,0
2565600,0
2565650,0
2565700,0
2565750,0
2565800,0
2565850,0
2565900,0
2565950,0
2566000,0
2566050,0
2566100,0
2566150,0
2566200,0
2566250,0
2566300,0
2566350,0
2566400,0
2566450,0
2566500,0
2566550,0
2566600,0
2566650,0
2566700,0
2566750,0
2566800,0
2566850,0
2566900,0
2566950,0
2567000,0
2567050,0
2567100,0
2567150,0
2567200,0
2567250,0
2567300,0
2567350,0
2567400,0
2567450,0
2567500,0
2567550,0
2567600,0
2567650,0
2567700,0
2567750,0
2567800,0
2567850,0
2567900,0
2567950,0
2568000,0
2568050,0
2568100,0
2568150,0
2568200,0
2568250,0
2568300,0
2568350,0
2568400,0
2568450,0
2568500,0
2568550,0
2568600,0
2568650,0
2568700,0
2568750,0
2568800,0
2568850,0
2568900,0
2568950,0
2569000,0
2569050,0
2569100,0
2569150,0
2569200,0
2569250,0
2569300,0
2569350,0
2569400,0
2569450,0
2569500,0
2569550,0
2569600,0
2569650,0
2569700,0
2569750,0
2569800,0
2569850,0
2569900,0
2569950,0
2570000,0
2570050,0
2570100,0
2570150,0
2570200,0
2570250,0
2570300,0
2570350,0
2570400,0
2570450,0
2570500,0
2570550,0
2570600,0
2570650,0
2570700,0
2570750,0
2570800,0
2570850,0
2570900,0
2570950,0
2571000,0
2571050,0
2571100,0
2571150,0
2571200,0
2571250,0
2571300,0
2571350,0
2571400,0
2571450,0
2571500,0
2571550,0
2571600,0
2571650,0
2571700,0
2571750,0
2571800,0
2571850,0
2571900,0
2571950,0
2572000,0
2572050,0
2572100,0
2572150,0
2572200,0
2572250,0
2572300,0
2572350,0
2572400,0
2572450,0
2572500,0
2572550,0
2572600,0
2572650,0
2572700,0
2572750,0
2572800,0
2572850,0
2572900,0
2572950,0
2573000,0
2573050,0
2573100,0
2573150,0
2573200,0
2573250,0
2573300,0
2573350,0
2573400,0
2573450,0
2573500,0
2573550,0
2573600,0
2573650,0
2573700,0
2573750,0
2573800,0
2573850,0
2573900,0
2573950,0
2574000,0
2574050,0
2574100,0
2574150,0
2574200,0
2574250,0
2574300,0
2574350,0
2574400,0
2574450,0
2574500,0
2574550,0
2574600,0
2574650,0
2574700,0
2574750,0
2574800,0
2574850,0
2574900,0
2574950,0
2575000,0
2575050,0
2575100,0
2575150,0
2575200,0
2575250,0
2575300,0
2575350,0
2575400,0
2575450,0
2575500,0
2575550,0
2575600,0
2575650,0
2575700,0
2575750,0
2575800,0
2575850,0
2575900,0
2575950,0
2576000,0
2576050,0
2576100,0
2576150,0
2576200,0
2576250,0
2576300,0
2576350,0
2576400,0
2576450,0
2576500,0
2576550,0
2576600,0
2576650,0
2576700,0
2576750,0
2576800,0
2576850,0
2576900,0
2576950,0
2577000,0
2577050,0
2577100,0
2577150,0
2577200,0
2577250,0
2577300,0
2577350,0
2577400,0
2577450,0
2577500,0
2577550,0
2577600,0
2577650,0
2577700,0
2577750,0
2577800,0
2577850,0
2577900,0
2577950,0
2578000,0
2578050,0
2578100,0
2578150,0
2578200,0
2578250,0
2578300,0
2578350,0
2578400,0
2578450,0
2578500,0
2578550,0
2578600,0
2578650,0
2578700,0
2578750,0
2578800,0
2578850,0
2578900,0
2578950,0
2579000,0
2579050,0
2579100,0
2579150,0
2579200,0
2579250,0
2579300,0
2579350,0
2579400,0
2579450,0
2579500,0
2579550,0
2579600,0
2579650,0
2579700,0
2579750,0
2579800,0
2579850,0
2579900,0
2579950,0
2580000,0
2580050,0
2580100,0
2580150,0
2580200,0
2580250,0
2580300,0
2580350,0
2580400,0
2580450,0
2580500,0
2580550,0
2580600,0
2580650,0
2580700,0
2580750,0
2580800,0
2580850,0
2580900,0
2580950,0
2581000,0
2581050,0
2581100,0
2581150,0
2581200,0
2581250,0
2581300,0
2581350,0
2581400,0
2581450,0
2581500,0
2581550,0
2581600,0
2581650,0
2581700,0
2581750,0
2581800,0
2581850,0
2581900,0
2581950,0
2582000,0
2582050,0
2582100,0
2582150,0
2582200,0
2582250,0
2582300,0
2582350,0
2582400,0
2582450,0
2582500,0
2582550,0
2582600,0
2582650,0
2582700,0
2582750,0
2582800,0
2582850,0
2582900,0
2582950,0
2583000,0
2583050,0
2583100,0
2583150,0
2583200,0
2583250,0
2583300,0
2583350,0
2583400,0
2583450,0
2583500,0
2583550,0
2583600,0
2583650,0
2583700,0
2583750,0
2583800,0
2583850,0
2583900,0
2583950,0
2584000,0
2584050,0
2584100,0
2584150,0
2584200,0
2584250,0
2584300,0
2584350,0
2584400,0
2584450,0
2584500,0
2584550,0
2584600,0
2584650,0
2584700,0
2584750,0
2584800,0
2584850,0
2584900,0
2584950,0
2585000,0
2585050,0
2585100,0
2585150,0
2585200,0
2585250,0
2585300,0
2585350,0
2585400,0
2585450,0
2585500,0
2585550,0
2585600,0
2585650,0
2585700,0
2585750,0
2585800,0
2585850,0
2585900,0
2585950,0
2586000,0
2586050,0
2586100,0
2586150,0
2586200,0
2586250,0
2586300,0
2586350,0
2586400,0
2586450,0
2586500,0
2586550,0
2586600,0
2586650,0
2586700,0
2586750,0
2586800,0
2586850,0
2586900,0
2586950,0
2587000,0
2587050,0
2587100,0
2587150,0
2587200,0
2587250,0
2587300,0
2587350,0
2587400,0
2587450,0
2587500,0
2587550,0
2587600,0
2587650,0
2587700,0
2587750,0
2587800,0
2587850,0
2587900,0
2587950,0
2588000,0
2588050,0
2588100,0
2588150,0
2588200,0
2588250,0
2588300,0
2588350,0
2588400,0
2588450,0
2588500,0
2588550,0
2588600,0
2588650,0
2588700,0
2588750,0
2588800,0
2588850,0
2588900,0
2588950,0
2589000,0
2589050,0
2589100,0
2589150,0
2589200,0
2589250,0
2589300,0
2589350,0
2589400,0
2589450,0
2589500,0
2589550,0
2589600,0
2589650,0
2589700,0
2589750,0
2589800,0
2589850,0
2589900,0
2589950,0
2590000,0
2590050,0
2590100,0
2590150,0
2590200,0
2590250,0
2590300,0
2590350,0
2590400,0
2590450,0
2590500,0
2590550,0
2590600,0
2590650,0
2590700,0
2590750,0
2590800,0
2590850,0
2590900,0
2590950,0
2591000,0
2591050,0
2591100,0
2591150,0
2591200,0
2591250,0
2591300,0
2591350,0
2591400,0
2591450,0
2591500,0
2591550,0
2591600,0
2591650,0
2591700,0
2591750,0
2591800,0
2591850,0
2591900,0
2591950,0
2592000,0
2592050,0
2592100,0
2592150,0
2592200,0
2592250,0
2592300,0
2592350,0
2592400,0
2592450,0
2592500,0
2592550,0
2592600,0
2592650,0
2592700,0
2592750,0
2592800,0
2592850,0
2592900,0
2592950,0
2593000,0
2593050,0
2593100,0
2593150,0
2593200,0
2593250,0
2593300,0
2593350,0
2593400,0
2593450,0
2593500,0
2593550,0
2593600,0
2593650,0
2593700,0
2593750,0
2593800,0
2593850,0
2593900,0
2593950,0
2594000,0
2594050,0
2594100,0
2594150,0
2594200,0
2594250,0
2594300,0
2594350,0
2594400,0
2594450,0
2594500,0
2594550,0
2594600,0
2594650,0
2594700,0
2594750,0
2594800,0
2594850,0
2594900,0
2594950,0
2595000,0
2595050,0
2595100,0
2595150,0
2595200,0
2595250,0
2595300,0
2595350,0
2595400,0
2595450,0
2595500,0
2595550,0
2595600,0
2595650,0
2595700,0
2595750,0
2595800,0
2595850,0
2595900,0
2595950,0
2596000,0
2596050,0
2596100,0
2596150,0
2596200,0
2596250,0
2596300,0
2596350,0
2596400,0
2596450,0
2596500,0
2596550,0
2596600,0
2596650,0
2596700,0
2596750,0
2596800,0
2596850,0
2596900,0
2596950,0
2597000,0
2597050,0
2597100,0
2597150,0
2597200,0
2597250,0
2597300,0
2597350,0
2597400,0
2597450,0
2597500,0
2597550,0
2597600,0
2597650,0
2597700,0
2597750,0
2597800,0
2597850,0
2597900,0
2597950,0
2598000,0
2598050,0
2598100,0
2598150,0
2598200,0
2598250,0
2598300,0
2598350,0
2598400,0
2598450,0
2598500,0
2598550,0
2598600,0
2598650,0
2598700,0
2598750,0
2598800,0
2598850,0
2598900,0
2598950,0
2599000,0
2599050,0
2599100,0
2599150,0
2599200,0
2599250,0
2599300,0
2599350,0
2599400,0
2599450,0
2599500,0
2599550,0
2599600,0
2599650,0
2599700,0
2599750,0
2599800,0
2599850,0
2599900,0
2599950,0
2600000,0
2600050,0
2600100,0
2600150,0
2600200,0
2600250,0
2600300,0
2600350,0
2600400,0
2600450,0
2600500,0
2600550,0
2600600,0
2600650,0
2600700,0
2600750,0
2600800,0
2600850,0
2600900,0
2600950,0
2601000,0
2601050,0
2601100,0
2601150,0
2601200,0
2601250,0
2601300,0
2601350,0
2601400,0
2601450,0
2601500,0
2601550,0
2601600,0
2601650,0
2601700,0
2601750,0
2601800,0
2601850,0
2601900,0
2601950,0
2602000,0
2602050,0
2602100,0
2602150,0
2602200,0
2602250,0
2602300,0
2602350,0
2602400,0
2602450,0
2602500,0
2602550,0
2602600,0
2602650,0
2602700,0
2602750,0
2602800,0
2602850,0
2602900,0
2602950,0
2603000,0
2603050,0
2603100,0
2603150,0
2603200,0
2603250,0
2603300,0
2603350,0
2603400,0
2603450,0
2603500,0
2603550,0
2603600,0
2603650,0
2603700,0
2603750,0
2603800,0
2603850,0
2603900,0
2603950,0
2604000,0
2604050,0
2604100,0
2604150,0
2604200,0
2604250,0
2604300,0
2604350,0
2604400,0
2604450,0
2604500,0
2604550,0
2604600,0
2604650,0
2604700,0
2604750,0
2604800,0
2604850,0
2604900,0
2604950,0
2605000,0
2605050,0
2605100,0
2605150,0
2605200,0
2605250,0
2605300,0
2605350,0
2605400,0
2605450,0
2605500,0
2605550,0
2605600,0
2605650,0
2605700,0
2605750,0
2605800,0
2605850,0
2605900,0
2605950,0
2606000,0
2606050,0
2606100,0
2606150,0
2606200,0
2606250,0
2606300,0
2606350,0
2606400,0
2606450,0
2606500,0
2606550,0
2606600,0
2606650,0
2606700,0
2606750,0
2606800,0
2606850,0
2606900,0
2606950,0
2607000,0
2607050,0
2607100,0
2607150,0
2607200,0
2607250,0
2607300,0
2607350,0
2607400,0
2607450,0
2607500,0
2607550,0
2607600,0
2607650,0
2607700,0
2607750,0
2607800,0
2607850,0
2607900,0
2607950,0
2608000,0
2608050,0
2608100,0
2608150,0
2608200,0
2608250,0
2608300,0
2608350,0
2608400,0
2608450,0
2608500,0
2608550,0
2608600,0
2608650,0
2608700,0
2608750,0
2608800,0
2608850,0
2608900,0
2608950,0
2609000,0
2609050,0
2609100,0
2609150,0
2609200,0
2609250,0
2609300,0
2609350,0
2609400,0
2609450,0
2609500,0
2609550,0
2609600,0
2609650,0
2609700,0
2609750,0
2609800,0
2609850,0
2609900,0
2609950,0
2610000,0
2610050,0
2610100,0
2610150,0
2610200,0
2610250,0
2610300,0
2610350,0
2610400,0
2610450,0
2610500,0
2610550,0
2610600,0
2610650,0
2610700,0
2610750,0
2610800,0
2610850,0
2610900,0
2610950,0
2611000,0
2611050,0
2611100,0
2611150,0
2611200,0
2611250,0
2611300,0
2611350,0
2611400,0
2611450,0
2611500,0
2611550,0
2611600,0
2611650,0
2611700,0
2611750,0
2611800,0
2611850,0
2611900,0
2611950,0
2612000,0
2612050,0
2612100,0
2612150,0
2612200,0
2612250,0
2612300,0
2612350,0
2612400,0
2612450,0
2612500,0
2612550,0
2612600,0
2612650,0
2612700,0
2612750,0
2612800,0
2612850,0
2612900,0
2612950,0
2613000,0
2613050,0
2613100,0
2613150,0
2613200,0
2613250,0
2613300,0
2613350,0
2613400,0
2613450,0
2613500,0
2613550,0
2613600,0
2613650,0
2613700,0
2613750,0
2613800,0
2613850,0
2613900,0
2613950,0
2614000,0
2614050,0
2614100,0
2614150,0
2614200,0
2614250,0
2614300,0
2614350,0
2614400,0
2614450,0
2614500,0
2614550,0
2614600,0
2614650,0
2614700,0
2614750,0
2614800,0
2614850,0
2614900,0
2614950,0
2615000,0
2615050,0
2615100,0
2615150,0
2615200,0
2615250,0
2615300,0
2615350,0
2615400,0
2615450,0
2615500,0
2615550,0
2615600,0
2615650,0
2615700,0
2615750,0
2615800,0
2615850,0
2615900,0
2615950,0
2616000,0
2616050,0
2616100,0
2616150,0
2616200,0
2616250,0
2616300,0
2616350,0
2616400,0
2616450,0
2616500,0
2616550,0
2616600,0
2616650,0
2616700,0
2616750,0
2616800,0
2616850,0
2616900,0
2616950,0
2617000,0
2617050,0
2617100,0
2617150,0
2617200,0
2617250,0
2617300,0
2617350,0
2617400,0
2617450,0
2617500,0
2617550,0
2617600,0
2617650,0
2617700,0
2617750,0
2617800,0
2617850,0
2617900,0
2617950,0
2618000,0
2618050,0
2618100,0
2618150,0
2618200,0
2618250,0
2618300,0
2618350,0
2618400,0
2618450,0
2618500,0
2618550,0
2618600,0
2618650,0
2618700,0
2618750,0
2618800,0
2618850,0
2618900,0
2618950,0
2619000,0
2619050,0
2619100,0
2619150,0
2619200,0
2619250,0
2619300,0
2619350,0
2619400,0
2619450,0
2619500,0
2619550,0
2619600,0
2619650,0
2619700,0
2619750,0
2619800,0
2619850,0
2619900,0
2619950,0
2620000,0
2620050,0
2620100,0
2620150,0
2620200,0
2620250,0
2620300,0
2620350,0
2620400,0
2620450,0
2620500,0
2620550,0
2620600,0
2620650,0
2620700,0
2620750,0
2620800,0
2620850,0
2620900,0
2620950,0
2621000,0
2621050,0
2621100,0
2621150,0
2621200,0
2621250,0
2621300,0
2621350,0
2621400,0
2621450,0
2621500,0
2621550,0
2621600,0
2621650,0
2621700,0
2621750,0
2621800,0
2621850,0
2621900,0
2621950,0
2622000,0
2622050,0
2622100,0
2622150,0
2622200,0
2622250,0
2622300,0
2622350,0
2622400,0
2622450,0
2622500,0
2622550,0
2622600,0
2622650,0
2622700,0
2622750,0
2622800,0
2622850,0
2622900,0
2622950,0
2623000,0
2623050,0
2623100,0
2623150,0
2623200,0
2623250,0
2623300,0
2623350,0
2623400,0
2623450,0
2623500,0
2623550,0
2623600,0
2623650,0
2623700,0
2623750,0
2623800,0
2623850,0
2623900,0
2623950,0
2624000,0
2624050,0
2624100,0
2624150,0
2624200,0
2624250,0
2624300,0
2624350,0
2624400,0
2624450,0
2624500,0
2624550,0
2624600,0
2624650,0
2624700,0
2624750,0
2624800,0
2624850,0
2624900,0
2624950,0
2625000,0
2625050,0
2625100,0
2625150,0
2625200,0
2625250,0
2625300,0
2625350,0
2625400,0
2625450,0
2625500,0
2625550,0
2625600,0
2625650,0
2625700,0
2625750,0
2625800,0
2625850,0
2625900,0
2625950,0
2626000,0
2626050,0
2626100,0
2626150,0
2626200,0
2626250,0
2626300,0
2626350,0
2626400,0
2626450,0
2626500,0
2626550,0
2626600,0
2626650,0
2626700,0
2626750,0
2626800,0
2626850,0
2626900,0
2626950,0
2627000,0
2627050,0
2627100,0
2627150,0
2627200,0
2627250,0
2627300,0
2627350,0
2627400,0
2627450,0
2627500,0
2627550,0
2627600,0
2627650,0
2627700,0
2627750,0
2627800,0
2627850,0
2627900,0
2627950,0
2628000,0
2628050,0
2628100,0
2628150,0
2628200,0
2628250,0
2628300,0
2628350,0
2628400,0
2628450,0
2628500,0
2628550,0
2628600,0
2628650,0
2628700,0
2628750,0
2628800,0
2628850,0
2628900,0
2628950,0
2629000,0
2629050,0
2629100,0
2629150,0
2629200,0
2629250,0
2629300,0
2629350,0
2629400,0
2629450,0
2629500,0
2629550,0
2629600,0
2629650,0
2629700,0
2629750,0
2629800,0
2629850,0
2629900,0
2629950,0
2630000,0
2630050,0
2630100,0
2630150,0
2630200,0
2630250,0
2630300,0
2630350,0
2630400,0
2630450,0
2630500,0
2630550,0
2630600,0
2630650,0
2630700,0
2630750,0
2630800,0
2630850,0
2630900,0
2630950,0
2631000,0
2631050,0
2631100,0
2631150,0
2631200,0
2631250,0
2631300,0
2631350,0
2631400,0
2631450,0
2631500,0
2631550,0
2631600,0
2631650,0
2631700,0
2631750,0
2631800,0
2631850,0
2631900,0
2631950,0
2632000,0
2632050,0
2632100,0
2632150,0
2632200,0
2632250,0
2632300,0
2632350,0
2632400,0
2632450,0
2632500,0
2632550,0
2632600,0
2632650,0
2632700,0
2632750,0
2632800,0
2632850,0
2632900,0
2632950,0
2633000,0
2633050,0
2633100,0
2633150,0
2633200,0
2633250,0
2633300,0
2633350,0
2633400,0
2633450,0
2633500,0
2633550,0
2633600,0
2633650,0
2633700,0
2633750,0
2633800,0
2633850,0
2633900,0
2633950,0
2634000,0
2634050,0
2634100,0
2634150,0
2634200,0
2634250,0
2634300,0
2634350,0
2634400,0
2634450,0
2634500,0
2634550,0
2634600,0
2634650,0
2634700,0
2634750,0
2634800,0
2634850,0
2634900,0
2634950,0
2635000,0
2635050,0
2635100,0
2635150,0
2635200,0
2635250,0
2635300,0
2635350,0
2635400,0
2635450,0
2635500,0
2635550,0
2635600,0
2635650,0
2635700,0
2635750,0
2635800,0
2635850,0
2635900,0
2635950,0
2636000,0
2636050,0
2636100,0
2636150,0
2636200,0
2636250,0
2636300,0
2636350,0
2636400,0
2636450,0
2636500,0
2636550,0
2636600,0
2636650,0
2636700,0
2636750,0
2636800,0
2636850,0
2636900,0
2636950,0
2637000,0
2637050,0
2637100,0
2637150,0
2637200,0
2637250,0
2637300,0
2637350,0
2637400,0
2637450,0
2637500,0
2637550,0
2637600,0
2637650,0
2637700,0
2637750,0
2637800,0
2637850,0
2637900,0
2637950,0
2638000,0
2638050,0
2638100,0
2638150,0
2638200,0
2638250,0
2638300,0
2638350,0
2638400,0
2638450,0
2638500,0
2638550,0
2638600,0
2638650,0
2638700,0
2638750,0
2638800,0
2638850,0
2638900,0
2638950,0
2639000,0
2639050,0
2639100,0
2639150,0
2639200,0
2639250,0
2639300,0
2639350,0
2639400,0
2639450,0
2639500,0
2639550,0
2639600,0
2639650,0
2639700,0
2639750,0
2639800,0
2639850,0
2639900,0
2639950,0
2640000,0
2640050,0
2640100,0
2640150,0
2640200,0
2640250,0
2640300,0
2640350,0
2640400,0
2640450,0
2640500,0
2640550,0
2640600,0
2640650,0
2640700,0
2640750,0
2640800,0
2640850,0
2640900,0
2640950,0
2641000,0
2641050,0
2641100,0
2641150,0
2641200,0
2641250,0
2641300,0
2641350,0
2641400,0
2641450,0
2641500,0
2641550,0
2641600,0
2641650,0
2641700,0
2641750,0
2641800,0
2641850,0
2641900,0
2641950,0
2642000,0
2642050,0
2642100,0
2642150,0
2642200,0
2642250,0
2642300,0
2642350,0
2642400,0
2642450,0
2642500,0
2642550,0
2642600,0
2642650,0
2642700,0
2642750,0
2642800,0
2642850,0
2642900,0
2642950,0
2643000,0
2643050,0
2643100,0
2643150,0
2643200,0
2643250,0
2643300,0
2643350,0
2643400,0
2643450,0
2643500,0
2643550,0
2643600,0
2643650,0
2643700,0
2643750,0
2643800,0
2643850,0
2643900,0
2643950,0
2644000,0
2644050,0
2644100,0
2644150,0
2644200,0
2644250,0
2644300,0
2644350,0
2644400,0
2644450,0
2644500,0
2644550,0
2644600,0
2644650,0
2644700,0
2644750,0
2644800,0
2644850,0
2644900,0
2644950,0
2645000,0
2645050,0
2645100,0
2645150,0
2645200,0
2645250,0
2645300,0
2645350,0
2645400,0
2645450,0
2645500,0
2645550,0
2645600,0
2645650,0
2645700,0
2645750,0
2645800,0
2645850,0
2645900,0
2645950,0
2646000,0
2646050,0
2646100,0
2646150,0
2646200,0
2646250,0
2646300,0
2646350,0
2646400,0
2646450,0
2646500,0
2646550,0
2646600,0
2646650,0
2646700,0
2646750,0
2646800,0
2646850,0
2646900,0
2646950,0
2647000,0
2647050,0
2647100,0
2647150,0
2647200,0
2647250,0
2647300,0
2647350,0
2647400,0
2647450,0
2647500,0
2647550,0
2647600,0
2647650,0
2647700,0
2647750,0
2647800,0
2647850,0
2647900,0
2647950,0
2648000,0
2648050,0
2648100,0
2648150,0
2648200,0
2648250,0
2648300,0
2648350,0
2648400,0
2648450,0
2648500,0
2648550,0
2648600,0
2648650,0
2648700,0
2648750,0
2648800,0
2648850,0
2648900,0
2648950,0
2649000,0
2649050,0
2649100,0
2649150,0
2649200,0
2649250,0
2649300,0
2649350,0
2649400,0
2649450,0
2649500,0
2649550,0
2649600,0
2649650,0
2649700,0
2649750,0
2649800,0
2649850,0
2649900,0
2649950,0
2650000,0
2650050,0
2650100,0
2650150,0
2650200,0
2650250,0
2650300,0
2650350,0
2650400,0
2650450,0
2650500,0
2650550,0
2650600,0
2650650,0
2650700,0
2650750,0
2650800,0
2650850,0
2650900,0
2650950,0
2651000,0
2651050,0
2651100,0
2651150,0
2651200,0
2651250,0
2651300,0
2651350,0
2651400,0
2651450,0
2651500,0
2651550,0
2651600,0
2651650,0
2651700,0
2651750,0
2651800,0
2651850,0
2651900,0
2651950,0
2652000,0
2652050,0
2652100,0
2652150,0
2652200,0
2652250,0
2652300,0
2652350,0
2652400,0
2652450,0
2652500,0
2652550,0
2652600,0
2652650,0
2652700,0
2652750,0
2652800,0
2652850,0
2652900,0
2652950,0
2653000,0
2653050,0
2653100,0
2653150,0
2653200,0
2653250,0
2653300,0
2653350,0
2653400,0
2653450,0
2653500,0
2653550,0
2653600,0
2653650,0
2653700,0
2653750,0
2653800,0
2653850,0
2653900,0
2653950,0
2654000,0
2654050,0
2654100,0
2654150,0
2654200,0
2654250,0
2654300,0
2654350,0
2654400,0
2654450,0
2654500,0
2654550,0
2654600,0
2654650,0
2654700,0
2654750,0
2654800,0
2654850,0
2654900,0
2654950,0
2655000,0
2655050,0
2655100,0
2655150,0
2655200,0
2655250,0
2655300,0
2655350,0
2655400,0
2655450,0
2655500,0
2655550,0
2655600,0
2655650,0
2655700,0
2655750,0
2655800,0
2655850,0
2655900,0
2655950,0
2656000,0
2656050,0
2656100,0
2656150,0
2656200,0
2656250,0
2656300,0
2656350,0
2656400,0
2656450,0
2656500,0
2656550,0
2656600,0
2656650,0
2656700,0
2656750,0
2656800,0
2656850,0
2656900,0
2656950,0
2657000,0
2657050,0
2657100,0
2657150,0
2657200,0
2657250,0
2657300,0
2657350,0
2657400,0
2657450,0
2657500,0
2657550,0
2657600,0
2657650,0
2657700,0
2657750,0
2657800,0
2657850,0
2657900,0
2657950,0
2658000,0
2658050,0
2658100,0
2658150,0
2658200,0
2658250,0
2658300,0
2658350,0
2658400,0
2658450,0
2658500,0
2658550,0
2658600,0
2658650,0
2658700,0
2658750,0
2658800,0
2658850,0
2658900,0
2658950,0
2659000,0
2659050,0
2659100,0
2659150,0
2659200,0
2659250,0
2659300,0
2659350,0
2659400,0
2659450,0
2659500,0
2659550,0
2659600,0
2659650,0
2659700,0
2659750,0
2659800,0
2659850,0
2659900,0
2659950,0
2660000,0
2660050,0
2660100,0
2660150,0
2660200,0
2660250,0
2660300,0
2660350,0
2660400,0
2660450,0
2660500,0
2660550,0
2660600,0
2660650,0
2660700,0
2660750,0
2660800,0
2660850,0
2660900,0
2660950,0
2661000,0
2661050,0
2661100,0
2661150,0
2661200,0
2661250,0
2661300,0
2661350,0
2661400,0
2661450,0
2661500,0
2661550,0
2661600,0
2661650,0
2661700,0
2661750,0
2661800,0
2661850,0
2661900,0
2661950,0
2662000,0
2662050,0
2662100,0
2662150,0
2662200,0
2662250,0
2662300,0
2662350,0
2662400,0
2662450,0
2662500,0
2662550,0
2662600,0
2662650,0
2662700,0
2662750,0
2662800,0
2662850,0
2662900,0
2662950,0
2663000,0
2663050,0
2663100,0
2663150,0
2663200,0
2663250,0
2663300,0
2663350,0
2663400,0
2663450,0
2663500,0
2663550,0
2663600,0
2663650,0
2663700,0
2663750,0
2663800,0
2663850,0
2663900,0
2663950,0
2664000,0
2664050,0
2664100,0
2664150,0
2664200,0
2664250,0
2664300,0
2664350,0
2664400,0
2664450,0
2664500,0
2664550,0
2664600,0
2664650,0
2664700,0
2664750,0
2664800,0
2664850,0
2664900,0
2664950,0
2665000,0
2665050,0
2665100,0
2665150,0
2665200,0
2665250,0
2665300,0
2665350,0
2665400,0
2665450,0
2665500,0
2665550,0
2665600,0
2665650,0
2665700,0
2665750,0
2665800,0
2665850,0
2665900,0
2665950,0
2666000,0
2666050,0
2666100,0
2666150,0
2666200,0
2666250,0
2666300,0
2666350,0
2666400,0
2666450,0
2666500,0
2666550,0
2666600,0
2666650,0
2666700,0
2666750,0
2666800,0
2666850,0
2666900,0
2666950,0
2667000,0
2667050,0
2667100,0
2667150,0
2667200,0
2667250,0
2667300,0
2667350,0
2667400,0
2667450,0
2667500,0
2667550,0
2667600,0
2667650,0
2667700,0
2667750,0
2667800,0
2667850,0
2667900,0
2667950,0
2668000,0
2668050,0
2668100,0
2668150,0
2668200,0
2668250,0
2668300,0
2668350,0
2668400,0
2668450,0
2668500,0
2668550,0
2668600,0
2668650,0
2668700,0
2668750,0
2668800,0
2668850,0
2668900,0
2668950,0
2669000,0
2669050,0
2669100,0
2669150,0
2669200,0
2669250,0
2669300,0
2669350,0
2669400,0
2669450,0
2669500,0
2669550,0
2669600,0
2669650,0
2669700,0
2669750,0
2669800,0
2669850,0
2669900,0
2669950,0
2670000,0
2670050,0
2670100,0
2670150,0
2670200,0
2670250,0
2670300,0
2670350,0
2670400,0
2670450,0
2670500,0
2670550,0
2670600,0
2670650,0
2670700,0
2670750,0
2670800,0
2670850,0
2670900,0
2670950,0
2671000,0
2671050,0
2671100,0
2671150,0
2671200,0
2671250,0
2671300,0
2671350,0
2671400,0
2671450,0
2671500,0
2671550,0
2671600,0
2671650,0
2671700,0
2671750,0
2671800,0
2671850,0
2671900,0
2671950,0
2672000,0
2672050,0
2672100,0
2672150,0
2672200,0
2672250,0
2672300,0
2672350,0
2672400,0
2672450,0
2672500,0
2672550,0
2672600,0
2672650,0
2672700,0
2672750,0
2672800,0
2672850,0
2672900,0
2672950,0
2673000,0
2673050,0
2673100,0
2673150,0
2673200,0
2673250,0
2673300,0
2673350,0
2673400,0
2673450,0
2673500,0
2673550,0
2673600,0
2673650,0
2673700,0
2673750,0
2673800,0
2673850,0
2673900,0
2673950,0
2674000,0
2674050,0
2674100,0
2674150,0
2674200,0
2674250,0
2674300,0
2674350,0
2674400,0
2674450,0
2674500,0
2674550,0
2674600,0
2674650,0
2674700,0
2674750,0
2674800,0
2674850,0
2674900,0
2674950,0
2675000,0
2675050,0
2675100,0
2675150,0
2675200,0
2675250,0
2675300,0
2675350,0
2675400,0
2675450,0
2675500,0
2675550,0
2675600,0
2675650,0
2675700,0
2675750,0
2675800,0
2675850,0
2675900,0
2675950,0
2676000,0
2676050,0
2676100,0
2676150,0
2676200,0
2676250,0
2676300,0
2676350,0
2676400,0
2676450,0
2676500,0
2676550,0
2676600,0
2676650,0
2676700,0
2676750,0
2676800,0
2676850,0
2676900,0
2676950,0
2677000,0
2677050,0
2677100,0
2677150,0
2677200,0
2677250,0
2677300,0
2677350,0
2677400,0
2677450,0
2677500,0
2677550,0
2677600,0
2677650,0
2677700,0
2677750,0
2677800,0
2677850,0
2677900,0
2677950,0
2678000,0
2678050,0
2678100,0
2678150,0
2678200,0
2678250,0
2678300,0
2678350,0
2678400,0
2678450,0
2678500,0
2678550,0
2678600,0
2678650,0
2678700,0
2678750,0
2678800,0
2678850,0
2678900,0
2678950,0
2679000,0
2679050,0
2679100,0
2679150,0
2679200,0
2679250,0
2679300,0
2679350,0
2679400,0
2679450,0
2679500,0
2679550,0
2679600,0
2679650,0
2679700,0
2679750,0
2679800,0
2679850,0
2679900,0
2679950,0
2680000,0
2680050,0
2680100,0
2680150,0
2680200,0
2680250,0
2680300,0
2680350,0
2680400,0
2680450,0
2680500,0
2680550,0
2680600,0
2680650,0
2680700,0
2680750,0
2680800,0
2680850,0
2680900,0
2680950,0
2681000,0
2681050,0
2681100,0
2681150,0
2681200,0
2681250,0
2681300,0
2681350,0
2681400,0
2681450,0
2681500,0
2681550,0
2681600,0
2681650,0
2681700,0
2681750,0
2681800,0
2681850,0
2681900,0
2681950,0
2682000,0
2682050,0
2682100,0
2682150,0
2682200,0
2682250,0
2682300,0
2682350,0
2682400,0
2682450,0
2682500,0
2682550,0
2682600,0
2682650,0
2682700,0
2682750,0
2682800,0
2682850,0
2682900,0
2682950,0
2683000,0
2683050,0
2683100,0
2683150,0
2683200,0
2683250,0
2683300,0
2683350,0
2683400,0
2683450,0
2683500,0
2683550,0
2683600,0
2683650,0
2683700,0
2683750,0
2683800,0
2683850,0
2683900,0
2683950,0
2684000,0
2684050,0
2684100,0
2684150,0
2684200,0
2684250,0
2684300,0
2684350,0
2684400,0
2684450,0
2684500,0
2684550,0
2684600,0
2684650,0
2684700,0
2684750,0
2684800,0
2684850,0
2684900,0
2684950,0
2685000,0
2685050,0
2685100,0
2685150,0
2685200,0
2685250,0
2685300,0
2685350,0
2685400,0
2685450,0
2685500,0
2685550,0
2685600,0
2685650,0
2685700,0
2685750,0
2685800,0
2685850,0
2685900,0
2685950,0
2686000,0
2686050,0
2686100,0
2686150,0
2686200,0
2686250,0
2686300,0
2686350,0
2686400,0
2686450,0
2686500,0
2686550,0
2686600,0
2686650,0
2686700,0
2686750,0
2686800,0
2686850,0
2686900,0
2686950,0
2687000,0
2687050,0
2687100,0
2687150,0
2687200,0
2687250,0
2687300,0
2687350,0
2687400,0
2687450,0
2687500,0
2687550,0
2687600,0
2687650,0
2687700,0
2687750,0
2687800,0
2687850,0
2687900,0
2687950,0
2688000,0
2688050,0
2688100,0
2688150,0
2688200,0
2688250,0
2688300,0
2688350,0
2688400,0
2688450,0
2688500,0
2688550,0
2688600,0
2688650,0
2688700,0
2688750,0
2688800,0
2688850,0
2688900,0
2688950,0
2689000,0
2689050,0
2689100,0
2689150,0
2689200,0
2689250,0
2689300,0
2689350,0
2689400,0
2689450,0
2689500,0
2689550,0
2689600,0
2689650,0
2689700,0
2689750,0
2689800,0
2689850,0
2689900,0
2689950,0
2690000,0
2690050,0
2690100,0
2690150,0
2690200,0
2690250,0
2690300,0
2690350,0
2690400,0
2690450,0
2690500,0
2690550,0
2690600,0
2690650,0
2690700,0
2690750,0
2690800,0
2690850,0
2690900,0
2690950,0
2691000,0
2691050,0
2691100,0
2691150,0
2691200,0
2691250,0
2691300,0
2691350,0
2691400,0
2691450,0
2691500,0
2691550,0
2691600,0
2691650,0
2691700,0
2691750,0
2691800,0
2691850,0
2691900,0
2691950,0
2692000,0
2692050,0
2692100,0
2692150,0
2692200,0
2692250,0
2692300,0
2692350,0
2692400,0
2692450,0
2692500,0
2692550,0
2692600,0
2692650,0
2692700,0
2692750,0
2692800,0
2692850,0
2692900,0
2692950,0
2693000,0
2693050,0
2693100,0
2693150,0
2693200,0
2693250,0
2693300,0
2693350,0
2693400,0
2693450,0
2693500,0
2693550,0
2693600,0
2693650,0
2693700,0
2693750,0
2693800,0
2693850,0
2693900,0
2693950,0
2694000,0
2694050,0
2694100,0
2694150,0
2694200,0
2694250,0
2694300,0
2694350,0
2694400,0
2694450,0
2694500,0
2694550,0
2694600,0
2694650,0
2694700,0
2694750,0
2694800,0
2694850,0
2694900,0
2694950,0
2695000,0
2695050,0
2695100,0
2695150,0
2695200,0
2695250,0
2695300,0
2695350,0
2695400,0
2695450,0
2695500,0
2695550,0
2695600,0
2695650,0
2695700,0
2695750,0
2695800,0
2695850,0
2695900,0
2695950,0
2696000,0
2696050,0
2696100,0
2696150,0
2696200,0
2696250,0
2696300,0
2696350,0
2696400,0
2696450,0
2696500,0
2696550,0
2696600,0
2696650,0
2696700,0
2696750,0
2696800,0
2696850,0
2696900,0
2696950,0
2697000,0
2697050,0
2697100,0
2697150,0
2697200,0
2697250,0
2697300,0
2697350,0
2697400,0
2697450,0
2697500,0
2697550,0
2697600,0
2697650,0
2697700,0
2697750,0
2697800,0
2697850,0
2697900,0
2697950,0
2698000,0
2698050,0
2698100,0
2698150,0
2698200,0
2698250,0
2698300,0
2698350,0
2698400,0
2698450,0
2698500,0
2698550,0
2698600,0
2698650,0
2698700,0
2698750,0
2698800,0
2698850,0
2698900,0
2698950,0
2699000,0
2699050,0
2699100,0
2699150,0
2699200,0
2699250,0
2699300,0
2699350,0
2699400,0
2699450,0
2699500,0
2699550,0
2699600,0
2699650,0
2699700,0
2699750,0
2699800,0
2699850,0
2699900,0
2699950,0
2700000,0
2700050,0
2700100,0
2700150,0
2700200,0
2700250,0
2700300,0
2700350,0
2700400,0
2700450,0
2700500,0
2700550,0
2700600,0
2700650,0
2700700,0
2700750,0
2700800,0
2700850,0
2700900,0
2700950,0
2701000,0
2701050,0
2701100,0
2701150,0
2701200,0
2701250,0
2701300,0
2701350,0
2701400,0
2701450,0
2701500,0
2701550,0
2701600,0
2701650,0
2701700,0
2701750,0
2701800,0
2701850,0
2701900,0
2701950,0
2702000,0
2702050,0
2702100,0
2702150,0
2702200,0
2702250,0
2702300,0
2702350,0
2702400,0
2702450,0
2702500,0
2702550,0
2702600,0
2702650,0
2702700,0
2702750,0
2702800,0
2702850,0
2702900,0
2702950,0
2703000,0
2703050,0
2703100,0
2703150,0
2703200,0
2703250,0
2703300,0
2703350,0
2703400,0
2703450,0
2703500,0
2703550,0
2703600,0
2703650,0
2703700,0
2703750,0
2703800,0
2703850,0
2703900,0
2703950,0
2704000,0
2704050,0
2704100,0
2704150,0
2704200,0
2704250,0
2704300,0
2704350,0
2704400,0
2704450,0
2704500,0
2704550,0
2704600,0
2704650,0
2704700,0
2704750,0
2704800,0
2704850,0
2704900,0
2704950,0
2705000,0
2705050,0
2705100,0
2705150,0
2705200,0
2705250,0
2705300,0
2705350,0
2705400,0
2705450,0
2705500,0
2705550,0
2705600,0
2705650,0
2705700,0
2705750,0
2705800,0
2705850,0
2705900,0
2705950,0
2706000,0
2706050,0
2706100,0
2706150,0
2706200,0
2706250,0
2706300,0
2706350,0
2706400,0
2706450,0
2706500,0
2706550,0
2706600,0
2706650,0
2706700,0
2706750,0
2706800,0
2706850,0
2706900,0
2706950,0
2707000,0
2707050,0
2707100,0
2707150,0
2707200,0
2707250,0
2707300,0
2707350,0
2707400,0
2707450,0
2707500,0
2707550,0
2707600,0
2707650,0
2707700,0
2707750,0
2707800,0
2707850,0
2707900,0
2707950,0
2708000,0
2708050,0
2708100,0
2708150,0
2708200,0
2708250,0
2708300,0
2708350,0
2708400,0
2708450,0
2708500,0
2708550,0
2708600,0
2708650,0
2708700,0
2708750,0
2708800,0
2708850,0
2708900,0
2708950,0
2709000,0
2709050,0
2709100,0
2709150,0
2709200,0
2709250,0
2709300,0
2709350,0
2709400,0
2709450,0
2709500,0
2709550,0
2709600,0
2709650,0
2709700,0
2709750,0
2709800,0
2709850,0
2709900,0
2709950,0
2710000,0
2710050,0
2710100,0
2710150,0
2710200,0
2710250,0
2710300,0
2710350,0
2710400,0
2710450,0
2710500,0
2710550,0
2710600,0
2710650,0
2710700,0
2710750,0
2710800,0
2710850,0
2710900,0
2710950,0
2711000,0
2711050,0
2711100,0
2711150,0
2711200,0
2711250,0
2711300,0
2711350,0
2711400,0
2711450,0
2711500,0
2711550,0
2711600,0
2711650,0
2711700,0
2711750,0
2711800,0
2711850,0
2711900,0
2711950,0
2712000,0
2712050,0
2712100,0
2712150,0
2712200,0
2712250,0
2712300,0
2712350,0
2712400,0
2712450,0
2712500,0
2712550,0
2712600,0
2712650,0
2712700,0
2712750,0
2712800,0
2712850,0
2712900,0
2712950,0
2713000,0
2713050,0
2713100,0
2713150,0
2713200,0
2713250,0
2713300,0
2713350,0
2713400,0
2713450,0
2713500,0
2713550,0
2713600,0
2713650,0
2713700,0
2713750,0
2713800,0
2713850,0
2713900,0
2713950,0
2714000,0
2714050,0
2714100,0
2714150,0
2714200,0
2714250,0
2714300,0
2714350,0
2714400,0
2714450,0
2714500,0
2714550,0
2714600,0
2714650,0
2714700,0
2714750,0
2714800,0
2714850,0
2714900,0
2714950,0
2715000,0
2715050,0
2715100,0
2715150,0
2715200,0
2715250,0
2715300,0
2715350,0
2715400,0
2715450,0
2715500,0
2715550,0
2715600,0
2715650,0
2715700,0
2715750,0
2715800,0
2715850,0
2715900,0
2715950,0
2716000,0
2716050,0
2716100,0
2716150,0
2716200,0
2716250,0
2716300,0
2716350,0
2716400,0
2716450,0
2716500,0
2716550,0
2716600,0
2716650,0
2716700,0
2716750,0
2716800,0
2716850,0
2716900,0
2716950,0
2717000,0
2717050,0
2717100,0
2717150,0
2717200,0
2717250,0
2717300,0
2717350,0
2717400,0
2717450,0
2717500,0
2717550,0
2717600,0
2717650,0
2717700,0
2717750,0
2717800,0
2717850,0
2717900,0
2717950,0
2718000,0
2718050,0
2718100,0
2718150,0
2718200,0
2718250,0
2718300,0
2718350,0
2718400,0
2718450,0
2718500,0
2718550,0
2718600,0
2718650,0
2718700,0
2718750,0
2718800,0
2718850,0
2718900,0
2718950,0
2719000,0
2719050,0
2719100,0
2719150,0
2719200,0
2719250,0
2719300,0
2719350,0
2719400,0
2719450,0
2719500,0
2719550,0
2719600,0
2719650,0
2719700,0
2719750,0
2719800,0
2719850,0
2719900,0
2719950,0
2720000,0
2720050,0
2720100,0
2720150,0
2720200,0
2720250,0
2720300,0
2720350,0
2720400,0
2720450,0
2720500,0
2720550,0
2720600,0
2720650,0
2720700,0
2720750,0
2720800,0
2720850,0
2720900,0
2720950,0
2721000,0
2721050,0
2721100,0
2721150,0
2721200,0
2721250,0
2721300,0
2721350,0
2721400,0
2721450,0
2721500,0
2721550,0
2721600,0
2721650,0
2721700,0
2721750,0
2721800,0
2721850,0
2721900,0
2721950,0
2722000,0
2722050,0
2722100,0
2722150,0
2722200,0
2722250,0
2722300,0
2722350,0
2722400,0
2722450,0
2722500,0
2722550,0
2722600,0
2722650,0
2722700,0
2722750,0
2722800,0
2722850,0
2722900,0
2722950,0
2723000,0
2723050,0
2723100,0
2723150,0
2723200,0
2723250,0
2723300,0
2723350,0
2723400,0
2723450,0
2723500,0
2723550,0
2723600,0
2723650,0
2723700,0
2723750,0
2723800,0
2723850,0
2723900,0
2723950,0
2724000,0
2724050,0
2724100,0
2724150,0
2724200,0
2724250,0
2724300,0
2724350,0
2724400,0
2724450,0
2724500,0
2724550,0
2724600,0
2724650,0
2724700,0
2724750,0
2724800,0
2724850,0
2724900,0
2724950,0
2725000,0
2725050,0
2725100,0
2725150,0
2725200,0
2725250,0
2725300,0
2725350,0
2725400,0
2725450,0
2725500,0
2725550,0
2725600,0
2725650,0
2725700,0
2725750,0
2725800,0
2725850,0
2725900,0
2725950,0
2726000,0
2726050,0
2726100,0
2726150,0
2726200,0
2726250,0
2726300,0
2726350,0
2726400,0
2726450,0
2726500,0
2726550,0
2726600,0
2726650,0
2726700,0
2726750,0
2726800,0
2726850,0
2726900,0
2726950,0
2727000,0
2727050,0
2727100,0
2727150,0
2727200,0
2727250,0
2727300,0
2727350,0
2727400,0
2727450,0
2727500,0
2727550,0
2727600,0
2727650,0
2727700,0
2727750,0
2727800,0
2727850,0
2727900,0
2727950,0
2728000,0
2728050,0
2728100,0
2728150,0
2728200,0
2728250,0
2728300,0
2728350,0
2728400,0
2728450,0
2728500,0
2728550,0
2728600,0
2728650,0
2728700,0
2728750,0
2728800,0
2728850,0
2728900,0
2728950,0
2729000,0
2729050,0
2729100,0
2729150,0
2729200,0
2729250,0
2729300,0
2729350,0
2729400,0
2729450,0
2729500,0
2729550,0
2729600,0
2729650,0
2729700,0
2729750,0
2729800,0
2729850,0
2729900,0
2729950,0
2730000,0
2730050,0
2730100,0
2730150,0
2730200,0
2730250,0
2730300,0
2730350,0
2730400,0
2730450,0
2730500,0
2730550,0
2730600,0
2730650,0
2730700,0
2730750,0
2730800,0
2730850,0
2730900,0
2730950,0
2731000,0
2731050,0
2731100,0
2731150,0
2731200,0
2731250,0
2731300,0
2731350,0
2731400,0
2731450,0
2731500,0
2731550,0
2731600,0
2731650,0
2731700,0
2731750,0
2731800,0
2731850,0
2731900,0
2731950,0
2732000,0
2732050,0
2732100,0
2732150,0
2732200,0
2732250,0
2732300,0
2732350,0
2732400,0
2732450,0
2732500,0
2732550,0
2732600,0
2732650,0
2732700,0
2732750,0
2732800,0
2732850,0
2732900,0
2732950,0
2733000,0
2733050,0
2733100,0
2733150,0
2733200,0
2733250,0
2733300,0
2733350,0
2733400,0
2733450,0
2733500,0
2733550,0
2733600,0
2733650,0
2733700,0
2733750,0
2733800,0
2733850,0
2733900,0
2733950,0
2734000,0
2734050,0
2734100,0
2734150,0
2734200,0
2734250,0
2734300,0
2734350,0
2734400,0
2734450,0
2734500,0
2734550,0
2734600,0
2734650,0
2734700,0
2734750,0
2734800,0
2734850,0
2734900,0
2734950,0
2735000,0
2735050,0
2735100,0
2735150,0
2735200,0
2735250,0
2735300,0
2735350,0
2735400,0
2735450,0
2735500,0
2735550,0
2735600,0
2735650,0
2735700,0
2735750,0
2735800,0
2735850,0
2735900,0
2735950,0
2736000,0
2736050,0
2736100,0
2736150,0
2736200,0
2736250,0
2736300,0
2736350,0
2736400,0
2736450,0
2736500,0
2736550,0
2736600,0
2736650,0
2736700,0
2736750,0
2736800,0
2736850,0
2736900,0
2736950,0
2737000,0
2737050,0
2737100,0
2737150,0
2737200,0
2737250,0
2737300,0
2737350,0
2737400,0
2737450,0
2737500,0
2737550,0
2737600,0
2737650,0
2737700,0
2737750,0
2737800,0
2737850,0
2737900,0
2737950,0
2738000,0
2738050,0
2738100,0
2738150,0
2738200,0
2738250,0
2738300,0
2738350,0
2738400,0
2738450,0
2738500,0
2738550,0
2738600,0
2738650,0
2738700,0
2738750,0
2738800,0
2738850,0
2738900,0
2738950,0
2739000,0
2739050,0
2739100,0
2739150,0
2739200,0
2739250,0
2739300,0
2739350,0
2739400,0
2739450,0
2739500,0
2739550,0
2739600,0
2739650,0
2739700,0
2739750,0
2739800,0
2739850,0
2739900,0
2739950,0
2740000,0
2740050,0
2740100,0
2740150,0
2740200,0
2740250,0
2740300,0
2740350,0
2740400,0
2740450,0
2740500,0
2740550,0
2740600,0
2740650,0
2740700,0
2740750,0
2740800,0
2740850,0
2740900,0
2740950,0
2741000,0
2741050,0
2741100,0
2741150,0
2741200,0
2741250,0
2741300,0
2741350,0
2741400,0
2741450,0
2741500,0
2741550,0
2741600,0
2741650,0
2741700,0
2741750,0
2741800,0
2741850,0
2741900,0
2741950,0
2742000,0
2742050,0
2742100,0
2742150,0
2742200,0
2742250,0
2742300,0
2742350,0
2742400,0
2742450,0
2742500,0
2742550,0
2742600,0
2742650,0
2742700,0
2742750,0
2742800,0
2742850,0
2742900,0
2742950,0
2743000,0
2743050,0
2743100,0
2743150,0
2743200,0
2743250,0
2743300,0
2743350,0
2743400,0
2743450,0
2743500,0
2743550,0
2743600,0
2743650,0
2743700,0
2743750,0
2743800,0
2743850,0
2743900,0
2743950,0
2744000,0
2744050,0
2744100,0
2744150,0
2744200,0
2744250,0
2744300,0
2744350,0
2744400,0
2744450,0
2744500,0
2744550,0
2744600,0
2744650,0
2744700,0
2744750,0
2744800,0
2744850,0
2744900,0
2744950,0
2745000,0
2745050,0
2745100,0
2745150,0
2745200,0
2745250,0
2745300,0
2745350,0
2745400,0
2745450,0
2745500,0
2745550,0
2745600,0
2745650,0
2745700,0
2745750,0
2745800,0
2745850,0
2745900,0
2745950,0
2746000,0
2746050,0
2746100,0
2746150,0
2746200,0
2746250,0
2746300,0
2746350,0
2746400,0
2746450,0
2746500,0
2746550,0
2746600,0
2746650,0
2746700,0
2746750,0
2746800,0
2746850,0
2746900,0
2746950,0
2747000,0
2747050,0
2747100,0
2747150,0
2747200,0
2747250,0
2747300,0
2747350,0
2747400,0
2747450,0
2747500,0
2747550,0
2747600,0
2747650,0
2747700,0
2747750,0
2747800,0
2747850,0
2747900,0
2747950,0
2748000,0
2748050,0
2748100,0
2748150,0
2748200,0
2748250,0
2748300,0
2748350,0
2748400,0
2748450,0
2748500,0
2748550,0
2748600,0
2748650,0
2748700,0
2748750,0
2748800,0
2748850,0
2748900,0
2748950,0
2749000,0
2749050,0
2749100,0
2749150,0
2749200,0
2749250,0
2749300,0
2749350,0
2749400,0
2749450,0
2749500,0
2749550,0
2749600,0
2749650,0
2749700,0
2749750,0
2749800,0
2749850,0
2749900,0
2749950,0
2750000,0
2750050,0
2750100,0
2750150,0
2750200,0
2750250,0
2750300,0
2750350,0
2750400,0
2750450,0
2750500,0
2750550,0
2750600,0
2750650,0
2750700,0
2750750,0
2750800,0
2750850,0
2750900,0
2750950,0
2751000,0
2751050,0
2751100,0
2751150,0
2751200,0
2751250,0
2751300,0
2751350,0
2751400,0
2751450,0
2751500,0
2751550,0
2751600,0
2751650,0
2751700,0
2751750,0
2751800,0
2751850,0
2751900,0
2751950,0
2752000,0
2752050,0
2752100,0
2752150,0
2752200,0
2752250,0
2752300,0
2752350,0
2752400,0
2752450,0
2752500,0
2752550,0
2752600,0
2752650,0
2752700,0
2752750,0
2752800,0
2752850,0
2752900,0
2752950,0
2753000,0
2753050,0
2753100,0
2753150,0
2753200,0
2753250,0
2753300,0
2753350,0
2753400,0
2753450,0
2753500,0
2753550,0
2753600,0
2753650,0
2753700,0
2753750,0
2753800,0
2753850,0
2753900,0
2753950,0
2754000,0
2754050,0
2754100,0
2754150,0
2754200,0
2754250,0
2754300,0
2754350,0
2754400,0
2754450,0
2754500,0
2754550,0
2754600,0
2754650,0
2754700,0
2754750,0
2754800,0
2754850,0
2754900,0
2754950,0
2755000,0
2755050,0
2755100,0
2755150,0
2755200,0
2755250,0
2755300,0
2755350,0
2755400,0
2755450,0
2755500,0
2755550,0
2755600,0
2755650,0
2755700,0
2755750,0
2755800,0
2755850,0
2755900,0
2755950,0
2756000,0
2756050,0
2756100,0
2756150,0
2756200,0
2756250,0
2756300,0
2756350,0
2756400,0
2756450,0
2756500,0
2756550,0
2756600,0
2756650,0
2756700,0
2756750,0
2756800,0
2756850,0
2756900,0
2756950,0
2757000,0
2757050,0
2757100,0
2757150,0
2757200,0
2757250,0
2757300,0
2757350,0
2757400,0
2757450,0
2757500,0
2757550,0
2757600,0
2757650,0
2757700,0
2757750,0
2757800,0
2757850,0
2757900,0
2757950,0
2758000,0
2758050,0
2758100,0
2758150,0
2758200,0
2758250,0
2758300,0
2758350,0
2758400,0
2758450,0
2758500,0
2758550,0
2758600,0
2758650,0
2758700,0
2758750,0
2758800,0
2758850,0
2758900,0
2758950,0
2759000,0
2759050,0
2759100,0
2759150,0
2759200,0
2759250,0
2759300,0
2759350,0
2759400,0
2759450,0
2759500,0
2759550,0
2759600,0
2759650,0
2759700,0
2759750,0
2759800,0
2759850,0
2759900,0
2759950,0
2760000,0
2760050,0
2760100,0
2760150,0
2760200,0
2760250,0
2760300,0
2760350,0
2760400,0
2760450,0
2760500,0
2760550,0
2760600,0
2760650,0
2760700,0
2760750,0
2760800,0
2760850,0
2760900,0
2760950,0
2761000,0
2761050,0
2761100,0
2761150,0
2761200,0
2761250,0
2761300,0
2761350,0
2761400,0
2761450,0
2761500,0
2761550,0
2761600,0
2761650,0
2761700,0
2761750,0
2761800,0
2761850,0
2761900,0
2761950,0
2762000,0
2762050,0
2762100,0
2762150,0
2762200,0
2762250,0
2762300,0
2762350,0
2762400,0
2762450,0
2762500,0
2762550,0
2762600,0
2762650,0
2762700,0
2762750,0
2762800,0
2762850,0
2762900,0
2762950,0
2763000,0
2763050,0
2763100,0
2763150,0
2763200,0
2763250,0
2763300,0
2763350,0
2763400,0
2763450,0
2763500,0
2763550,0
2763600,0
2763650,0
2763700,0
2763750,0
2763800,0
2763850,0
2763900,0
2763950,0
2764000,0
2764050,0
2764100,0
2764150,0
2764200,0
2764250,0
2764300,0
2764350,0
2764400,0
2764450,0
2764500,0
2764550,0
2764600,0
2764650,0
2764700,0
2764750,0
2764800,0
2764850,0
2764900,0
2764950,0
2765000,0
2765050,0
2765100,0
2765150,0
2765200,0
2765250,0
2765300,0
2765350,0
2765400,0
2765450,0
2765500,0
2765550,0
2765600,0
2765650,0
2765700,0
2765750,0
2765800,0
2765850,0
2765900,0
2765950,0
2766000,0
2766050,0
2766100,0
2766150,0
2766200,0
2766250,0
2766300,0
2766350,0
2766400,0
2766450,0
2766500,0
2766550,0
2766600,0
2766650,0
2766700,0
2766750,0
2766800,0
2766850,0
2766900,0
2766950,0
2767000,0
2767050,0
2767100,0
2767150,0
2767200,0
2767250,0
2767300,0
2767350,0
2767400,0
2767450,0
2767500,0
2767550,0
2767600,0
2767650,0
2767700,0
2767750,0
2767800,0
2767850,0
2767900,0
2767950,0
2768000,0
2768050,0
2768100,0
2768150,0
2768200,0
2768250,0
2768300,0
2768350,0
2768400,0
2768450,0
2768500,0
2768550,0
2768600,0
2768650,0
2768700,0
2768750,0
2768800,0
2768850,0
2768900,0
2768950,0
2769000,0
2769050,0
2769100,0
2769150,0
2769200,0
2769250,0
2769300,0
2769350,0
2769400,0
2769450,0
2769500,0
2769550,0
2769600,0
2769650,0
2769700,0
2769750,0
2769800,0
2769850,0
2769900,0
2769950,0
2770000,0
2770050,0
2770100,0
2770150,0
2770200,0
2770250,0
2770300,0
2770350,0
2770400,0
2770450,0
2770500,0
2770550,0
2770600,0
2770650,0
2770700,0
2770750,0
2770800,0
2770850,0
2770900,0
2770950,0
2771000,0
2771050,0
2771100,0
2771150,0
2771200,0
2771250,0
2771300,0
2771350,0
2771400,0
2771450,0
2771500,0
2771550,0
2771600,0
2771650,0
2771700,0
2771750,0
2771800,0
2771850,0
2771900,0
2771950,0
2772000,0
2772050,0
2772100,0
2772150,0
2772200,0
2772250,0
2772300,0
2772350,0
2772400,0
2772450,0
2772500,0
2772550,0
2772600,0
2772650,0
2772700,0
2772750,0
2772800,0
2772850,0
2772900,0
2772950,0
2773000,0
2773050,0
2773100,0
2773150,0
2773200,0
2773250,0
2773300,0
2773350,0
2773400,0
2773450,0
2773500,0
2773550,0
2773600,0
2773650,0
2773700,0
2773750,0
2773800,0
2773850,0
2773900,0
2773950,0
2774000,0
2774050,0
2774100,0
2774150,0
2774200,0
2774250,0
2774300,0
2774350,0
2774400,0
2774450,0
2774500,0
2774550,0
2774600,0
2774650,0
2774700,0
2774750,0
2774800,0
2774850,0
2774900,0
2774950,0
2775000,0
2775050,0
2775100,0
2775150,0
2775200,0
2775250,0
2775300,0
2775350,0
2775400,0
2775450,0
2775500,0
2775550,0
2775600,0
2775650,0
2775700,0
2775750,0
2775800,0
2775850,0
2775900,0
2775950,0
2776000,0
2776050,0
2776100,0
2776150,0
2776200,0
2776250,0
2776300,0
2776350,0
2776400,0
2776450,0
2776500,0
2776550,0
2776600,0
2776650,0
2776700,0
2776750,0
2776800,0
2776850,0
2776900,0
2776950,0
2777000,0
2777050,0
2777100,0
2777150,0
2777200,0
2777250,0
2777300,0
2777350,0
2777400,0
2777450,0
2777500,0
2777550,0
2777600,0
2777650,0
2777700,0
2777750,0
2777800,0
2777850,0
2777900,0
2777950,0
2778000,0
2778050,0
2778100,0
2778150,0
2778200,0
2778250,0
2778300,0
2778350,0
2778400,0
2778450,0
2778500,0
2778550,0
2778600,0
2778650,0
2778700,0
2778750,0
2778800,0
2778850,0
2778900,0
2778950,0
2779000,0
2779050,0
2779100,0
2779150,0
2779200,0
2779250,0
2779300,0
2779350,0
2779400,0
2779450,0
2779500,0
2779550,0
2779600,0
2779650,0
2779700,0
2779750,0
2779800,0
2779850,0
2779900,0
2779950,0
2780000,0
2780050,0
2780100,0
2780150,0
2780200,0
2780250,0
2780300,0
2780350,0
2780400,0
2780450,0
2780500,0
2780550,0
2780600,0
2780650,0
2780700,0
2780750,0
2780800,0
2780850,0
2780900,0
2780950,0
2781000,0
2781050,0
2781100,0
2781150,0
2781200,0
2781250,0
2781300,0
2781350,0
2781400,0
2781450,0
2781500,0
2781550,0
2781600,0
2781650,0
2781700,0
2781750,0
2781800,0
2781850,0
2781900,0
2781950,0
2782000,0
2782050,0
2782100,0
2782150,0
2782200,0
2782250,0
2782300,0
2782350,0
2782400,0
2782450,0
2782500,0
2782550,0
2782600,0
2782650,0
2782700,0
2782750,0
2782800,0
2782850,0
2782900,0
2782950,0
2783000,0
2783050,0
2783100,0
2783150,0
2783200,0
2783250,0
2783300,0
2783350,0
2783400,0
2783450,0
2783500,0
2783550,0
2783600,0
2783650,0
2783700,0
2783750,0
2783800,0
2783850,0
2783900,0
2783950,0
2784000,0
2784050,0
2784100,0
2784150,0
2784200,0
2784250,0
2784300,0
2784350,0
2784400,0
2784450,0
2784500,0
2784550,0
2784600,0
2784650,0
2784700,0
2784750,0
2784800,0
2784850,0
2784900,0
2784950,0
2785000,0
2785050,0
2785100,0
2785150,0
2785200,0
2785250,0
2785300,0
2785350,0
2785400,0
2785450,0
2785500,0
2785550,0
2785600,0
2785650,0
2785700,0
2785750,0
2785800,0
2785850,0
2785900,0
2785950,0
2786000,0
2786050,0
2786100,0
2786150,0
2786200,0
2786250,0
2786300,0
2786350,0
2786400,0
2786450,0
2786500,0
2786550,0
2786600,0
2786650,0
2786700,0
2786750,0
2786800,0
2786850,0
2786900,0
2786950,0
2787000,0
2787050,0
2787100,0
2787150,0
2787200,0
2787250,0
2787300,0
2787350,0
2787400,0
2787450,0
2787500,0
2787550,0
2787600,0
2787650,0
2787700,0
2787750,0
2787800,0
2787850,0
2787900,0
2787950,0
2788000,0
2788050,0
2788100,0
2788150,0
2788200,0
2788250,0
2788300,0
2788350,0
2788400,0
2788450,0
2788500,0
2788550,0
2788600,0
2788650,0
2788700,0
2788750,0
2788800,0
2788850,0
2788900,0
2788950,0
2789000,0
2789050,0
2789100,0
2789150,0
2789200,0
2789250,0
2789300,0
2789350,0
2789400,0
2789450,0
2789500,0
2789550,0
2789600,0
2789650,0
2789700,0
2789750,0
2789800,0
2789850,0
2789900,0
2789950,0
2790000,0
2790050,0
2790100,0
2790150,0
2790200,0
2790250,0
2790300,0
2790350,0
2790400,0
2790450,0
2790500,0
2790550,0
2790600,0
2790650,0
2790700,0
2790750,0
2790800,0
2790850,0
2790900,0
2790950,0
2791000,0
2791050,0
2791100,0
2791150,0
2791200,0
2791250,0
2791300,0
2791350,0
2791400,0
2791450,0
2791500,0
2791550,0
2791600,0
2791650,0
2791700,0
2791750,0
2791800,0
2791850,0
2791900,0
2791950,0
2792000,0
2792050,0
2792100,0
2792150,0
2792200,0
2792250,0
2792300,0
2792350,0
2792400,0
2792450,0
2792500,0
2792550,0
2792600,0
2792650,0
2792700,0
2792750,0
2792800,0
2792850,0
2792900,0
2792950,0
2793000,0
2793050,0
2793100,0
2793150,0
2793200,0
2793250,0
2793300,0
2793350,0
2793400,0
2793450,0
2793500,0
2793550,0
2793600,0
2793650,0
2793700,0
2793750,0
2793800,0
2793850,0
2793900,0
2793950,0
2794000,0
2794050,0
2794100,0
2794150,0
2794200,0
2794250,0
2794300,0
2794350,0
2794400,0
2794450,0
2794500,0
2794550,0
2794600,0
2794650,0
2794700,0
2794750,0
2794800,0
2794850,0
2794900,0
2794950,0
2795000,0
2795050,0
2795100,0
2795150,0
2795200,0
2795250,0
2795300,0
2795350,0
2795400,0
2795450,0
2795500,0
2795550,0
2795600,0
2795650,0
2795700,0
2795750,0
2795800,0
2795850,0
2795900,0
2795950,0
2796000,0
2796050,0
2796100,0
2796150,0
2796200,0
2796250,0
2796300,0
2796350,0
2796400,0
2796450,0
2796500,0
2796550,0
2796600,0
2796650,0
2796700,0
2796750,0
2796800,0
2796850,0
2796900,0
2796950,0
2797000,0
2797050,0
2797100,0
2797150,0
2797200,0
2797250,0
2797300,0
2797350,0
2797400,0
2797450,0
2797500,0
2797550,0
2797600,0
2797650,0
2797700,0
2797750,0
2797800,0
2797850,0
2797900,0
2797950,0
2798000,0
2798050,0
2798100,0
2798150,0
2798200,0
2798250,0
2798300,0
2798350,0
2798400,0
2798450,0
2798500,0
2798550,0
2798600,0
2798650,0
2798700,0
2798750,0
2798800,0
2798850,0
2798900,0
2798950,0
2799000,0
2799050,0
2799100,0
2799150,0
2799200,0
2799250,0
2799300,0
2799350,0
2799400,0
2799450,0
2799500,0
2799550,0
2799600,0
2799650,0
2799700,0
2799750,0
2799800,0
2799850,0
2799900,0
2799950,0
2800000,0
2800050,0
2800100,0
2800150,0
2800200,0
2800250,0
2800300,0
2800350,0
2800400,0
2800450,0
2800500,0
2800550,0
2800600,0
2800650,0
2800700,0
2800750,0
2800800,0
2800850,0
2800900,0
2800950,0
2801000,0
2801050,0
2801100,0
2801150,0
2801200,0
2801250,0
2801300,0
2801350,0
2801400,0
2801450,0
2801500,0
2801550,0
2801600,0
2801650,0
2801700,0
2801750,0
2801800,0
2801850,0
2801900,0
2801950,0
2802000,0
2802050,0
2802100,0
2802150,0
2802200,0
2802250,0
2802300,0
2802350,0
2802400,0
2802450,0
2802500,0
2802550,0
2802600,0
2802650,0
2802700,0
2802750,0
2802800,0
2802850,0
2802900,0
2802950,0
2803000,0
2803050,0
2803100,0
2803150,0
2803200,0
2803250,0
2803300,0
2803350,0
2803400,0
2803450,0
2803500,0
2803550,0
2803600,0
2803650,0
2803700,0
2803750,0
2803800,0
2803850,0
2803900,0
2803950,0
2804000,0
2804050,0
2804100,0
2804150,0
2804200,0
2804250,0
2804300,0
2804350,0
2804400,0
2804450,0
2804500,0
2804550,0
2804600,0
2804650,0
2804700,0
2804750,0
2804800,0
2804850,0
2804900,0
2804950,0
2805000,0
2805050,0
2805100,0
2805150,0
2805200,0
2805250,0
2805300,0
2805350,0
2805400,0
2805450,0
2805500,0
2805550,0
2805600,0
2805650,0
2805700,0
2805750,0
2805800,0
2805850,0
2805900,0
2805950,0
2806000,0
2806050,0
2806100,0
2806150,0
2806200,0
2806250,0
2806300,0
2806350,0
2806400,0
2806450,0
2806500,0
2806550,0
2806600,0
2806650,0
2806700,0
2806750,0
2806800,0
2806850,0
2806900,0
2806950,0
2807000,0
2807050,0
2807100,0
2807150,0
2807200,0
2807250,0
2807300,0
2807350,0
2807400,0
2807450,0
2807500,0
2807550,0
2807600,0
2807650,0
2807700,0
2807750,0
2807800,0
2807850,0
2807900,0
2807950,0
2808000,0
2808050,0
2808100,0
2808150,0
2808200,0
2808250,0
2808300,0
2808350,0
2808400,0
2808450,0
2808500,0
2808550,0
2808600,0
2808650,0
2808700,0
2808750,0
2808800,0
2808850,0
2808900,0
2808950,0
2809000,0
2809050,0
2809100,0
2809150,0
2809200,0
2809250,0
2809300,0
2809350,0
2809400,0
2809450,0
2809500,0
2809550,0
2809600,0
2809650,0
2809700,0
2809750,0
2809800,0
2809850,0
2809900,0
2809950,0
2810000,0
2810050,0
2810100,0
2810150,0
2810200,0
2810250,0
2810300,0
2810350,0
2810400,0
2810450,0
2810500,0
2810550,0
2810600,0
2810650,0
2810700,0
2810750,0
2810800,0
2810850,0
2810900,0
2810950,0
2811000,0
2811050,0
2811100,0
2811150,0
2811200,0
2811250,0
2811300,0
2811350,0
2811400,0
2811450,0
2811500,0
2811550,0
2811600,0
2811650,0
2811700,0
2811750,0
2811800,0
2811850,0
2811900,0
2811950,0
2812000,0
2812050,0
2812100,0
2812150,0
2812200,0
2812250,0
2812300,0
2812350,0
2812400,0
2812450,0
2812500,0
2812550,0
2812600,0
2812650,0
2812700,0
2812750,0
2812800,0
2812850,0
2812900,0
2812950,0
2813000,0
2813050,0
2813100,0
2813150,0
2813200,0
2813250,0
2813300,0
2813350,0
2813400,0
2813450,0
2813500,0
2813550,0
2813600,0
2813650,0
2813700,0
2813750,0
2813800,0
2813850,0
2813900,0
2813950,0
2814000,0
2814050,0
2814100,0
2814150,0
2814200,0
2814250,0
2814300,0
2814350,0
2814400,0
2814450,0
2814500,0
2814550,0
2814600,0
2814650,0
2814700,0
2814750,0
2814800,0
2814850,0
2814900,0
2814950,0
2815000,0
2815050,0
2815100,0
2815150,0
2815200,0
2815250,0
2815300,0
2815350,0
2815400,0
2815450,0
2815500,0
2815550,0
2815600,0
2815650,0
2815700,0
2815750,0
2815800,0
2815850,0
2815900,0
2815950,0
2816000,0
2816050,0
2816100,0
2816150,0
2816200,0
2816250,0
2816300,0
2816350,0
2816400,0
2816450,0
2816500,0
2816550,0
2816600,0
2816650,0
2816700,0
2816750,0
2816800,0
2816850,0
2816900,0
2816950,0
2817000,0
2817050,0
2817100,0
2817150,0
2817200,0
2817250,0
2817300,0
2817350,0
2817400,0
2817450,0
2817500,0
2817550,0
2817600,0
2817650,0
2817700,0
2817750,0
2817800,0
2817850,0
2817900,0
2817950,0
2818000,0
2818050,0
2818100,0
2818150,0
2818200,0
2818250,0
2818300,0
2818350,0
2818400,0
2818450,0
2818500,0
2818550,0
2818600,0
2818650,0
2818700,0
2818750,0
2818800,0
2818850,0
2818900,0
2818950,0
2819000,0
2819050,0
2819100,0
2819150,0
2819200,0
2819250,0
2819300,0
2819350,0
2819400,0
2819450,0
2819500,0
2819550,0
2819600,0
2819650,0
2819700,0
2819750,0
2819800,0
2819850,0
2819900,0
2819950,0
2820000,0
2820050,0
2820100,0
2820150,0
2820200,0
2820250,0
2820300,0
2820350,0
2820400,0
2820450,0
2820500,0
2820550,0
2820600,0
2820650,0
2820700,0
2820750,0
2820800,0
2820850,0
2820900,0
2820950,0
2821000,0
2821050,0
2821100,0
2821150,0
2821200,0
2821250,0
2821300,0
2821350,0
2821400,0
2821450,0
2821500,0
2821550,0
2821600,0
2821650,0
2821700,0
2821750,0
2821800,0
2821850,0
2821900,0
2821950,0
2822000,0
2822050,0
2822100,0
2822150,0
2822200,0
2822250,0
2822300,0
2822350,0
2822400,0
2822450,0
2822500,0
2822550,0
2822600,0
2822650,0
2822700,0
2822750,0
2822800,0
2822850,0
2822900,0
2822950,0
2823000,0
2823050,0
2823100,0
2823150,0
2823200,0
2823250,0
2823300,0
2823350,0
2823400,0
2823450,0
2823500,0
2823550,0
2823600,0
2823650,0
2823700,0
2823750,0
2823800,0
2823850,0
2823900,0
2823950,0
2824000,0
2824050,0
2824100,0
2824150,0
2824200,0
2824250,0
2824300,0
2824350,0
2824400,0
2824450,0
2824500,0
2824550,0
2824600,0
2824650,0
2824700,0
2824750,0
2824800,0
2824850,0
2824900,0
2824950,0
2825000,0
2825050,0
2825100,0
2825150,0
2825200,0
2825250,0
2825300,0
2825350,0
2825400,0
2825450,0
2825500,0
2825550,0
2825600,0
2825650,0
2825700,0
2825750,0
2825800,0
2825850,0
2825900,0
2825950,0
2826000,0
2826050,0
2826100,0
2826150,0
2826200,0
2826250,0
2826300,0
2826350,0
2826400,0
2826450,0
2826500,0
2826550,0
2826600,0
2826650,0
2826700,0
2826750,0
2826800,0
2826850,0
2826900,0
2826950,0
2827000,0
2827050,0
2827100,0
2827150,0
2827200,0
2827250,0
2827300,0
2827350,0
2827400,0
2827450,0
2827500,0
2827550,0
2827600,0
2827650,0
2827700,0
2827750,0
2827800,0
2827850,0
2827900,0
2827950,0
2828000,0
2828050,0
2828100,0
2828150,0
2828200,0
2828250,0
2828300,0
2828350,0
2828400,0
2828450,0
2828500,0
2828550,0
2828600,0
2828650,0
2828700,0
2828750,0
2828800,0
2828850,0
2828900,0
2828950,0
2829000,0
2829050,0
2829100,0
2829150,0
2829200,0
2829250,0
2829300,0
2829350,0
2829400,0
2829450,0
2829500,0
2829550,0
2829600,0
2829650,0
2829700,0
2829750,0
2829800,0
2829850,0
2829900,0
2829950,0
2830000,0
2830050,0
2830100,0
2830150,0
2830200,0
2830250,0
2830300,0
2830350,0
2830400,0
2830450,0
2830500,0
2830550,0
2830600,0
2830650,0
2830700,0
2830750,0
2830800,0
2830850,0
2830900,0
2830950,0
2831000,0
2831050,0
2831100,0
2831150,0
2831200,0
2831250,0
2831300,0
2831350,0
2831400,0
2831450,0
2831500,0
2831550,0
2831600,0
2831650,0
2831700,0
2831750,0
2831800,0
2831850,0
2831900,0
2831950,0
2832000,0
2832050,0
2832100,0
2832150,0
2832200,0
2832250,0
2832300,0
2832350,0
2832400,0
2832450,0
2832500,0
2832550,0
2832600,0
2832650,0
2832700,0
2832750,0
2832800,0
2832850,0
2832900,0
2832950,0
2833000,0
2833050,0
2833100,0
2833150,0
2833200,0
2833250,0
2833300,0
2833350,0
2833400,0
2833450,0
2833500,0
2833550,0
2833600,0
2833650,0
2833700,0
2833750,0
2833800,0
2833850,0
2833900,0
2833950,0
2834000,0
2834050,0
2834100,0
2834150,0
2834200,0
2834250,0
2834300,0
2834350,0
2834400,0
2834450,0
2834500,0
2834550,0
2834600,0
2834650,0
2834700,0
2834750,0
2834800,0
2834850,0
2834900,0
2834950,0
2835000,0
2835050,0
2835100,0
2835150,0
2835200,0
2835250,0
2835300,0
2835350,0
2835400,0
2835450,0
2835500,0
2835550,0
2835600,0
2835650,0
2835700,0
2835750,0
2835800,0
2835850,0
2835900,0
2835950,0
2836000,0
2836050,0
2836100,0
2836150,0
2836200,0
2836250,0
2836300,0
2836350,0
2836400,0
2836450,0
2836500,0
2836550,0
2836600,0
2836650,0
2836700,0
2836750,0
2836800,0
2836850,0
2836900,0
2836950,0
2837000,0
2837050,0
2837100,0
2837150,0
2837200,0
2837250,0
2837300,0
2837350,0
2837400,0
2837450,0
2837500,0
2837550,0
2837600,0
2837650,0
2837700,0
2837750,0
2837800,0
2837850,0
2837900,0
2837950,0
2838000,0
2838050,0
2838100,0
2838150,0
2838200,0
2838250,0
2838300,0
2838350,0
2838400,0
2838450,0
2838500,0
2838550,0
2838600,0
2838650,0
2838700,0
2838750,0
2838800,0
2838850,0
2838900,0
2838950,0
2839000,0
2839050,0
2839100,0
2839150,0
2839200,0
2839250,0
2839300,0
2839350,0
2839400,0
2839450,0
2839500,0
2839550,0
2839600,0
2839650,0
2839700,0
2839750,0
2839800,0
2839850,0
2839900,0
2839950,0
2840000,0
2840050,0
2840100,0
2840150,0
2840200,0
2840250,0
2840300,0
2840350,0
2840400,0
2840450,0
2840500,0
2840550,0
2840600,0
2840650,0
2840700,0
2840750,0
2840800,0
2840850,0
2840900,0
2840950,0
2841000,0
2841050,0
2841100,0
2841150,0
2841200,0
2841250,0
2841300,0
2841350,0
2841400,0
2841450,0
2841500,0
2841550,0
2841600,0
2841650,0
2841700,0
2841750,0
2841800,0
2841850,0
2841900,0
2841950,0
2842000,0
2842050,0
2842100,0
2842150,0
2842200,0
2842250,0
2842300,0
2842350,0
2842400,0
2842450,0
2842500,0
2842550,0
2842600,0
2842650,0
2842700,0
2842750,0
2842800,0
2842850,0
2842900,0
2842950,0
2843000,0
2843050,0
2843100,0
2843150,0
2843200,0
2843250,0
2843300,0
2843350,0
2843400,0
2843450,0
2843500,0
2843550,0
2843600,0
2843650,0
2843700,0
2843750,0
2843800,0
2843850,0
2843900,0
2843950,0
2844000,0
2844050,0
2844100,0
2844150,0
2844200,0
2844250,0
2844300,0
2844350,0
2844400,0
2844450,0
2844500,0
2844550,0
2844600,0
2844650,0
2844700,0
2844750,0
2844800,0
2844850,0
2844900,0
2844950,0
2845000,0
2845050,0
2845100,0
2845150,0
2845200,0
2845250,0
2845300,0
2845350,0
2845400,0
2845450,0
2845500,0
2845550,0
2845600,0
2845650,0
2845700,0
2845750,0
2845800,0
2845850,0
2845900,0
2845950,0
2846000,0
2846050,0
2846100,0
2846150,0
2846200,0
2846250,0
2846300,0
2846350,0
2846400,0
2846450,0
2846500,0
2846550,0
2846600,0
2846650,0
2846700,0
2846750,0
2846800,0
2846850,0
2846900,0
2846950,0
2847000,0
2847050,0
2847100,0
2847150,0
2847200,0
2847250,0
2847300,0
2847350,0
2847400,0
2847450,0
2847500,0
2847550,0
2847600,0
2847650,0
2847700,0
2847750,0
2847800,0
2847850,0
2847900,0
2847950,0
2848000,0
2848050,0
2848100,0
2848150,0
2848200,0
2848250,0
2848300,0
2848350,0
2848400,0
2848450,0
2848500,0
2848550,0
2848600,0
2848650,0
2848700,0
2848750,0
2848800,0
2848850,0
2848900,0
2848950,0
2849000,0
2849050,0
2849100,0
2849150,0
2849200,0
2849250,0
2849300,0
2849350,0
2849400,0
2849450,0
2849500,0
2849550,0
2849600,0
2849650,0
2849700,0
2849750,0
2849800,0
2849850,0
2849900,0
2849950,0
2850000,0
2850050,0
2850100,0
2850150,0
2850200,0
2850250,0
2850300,0
2850350,0
2850400,0
2850450,0
2850500,0
2850550,0
2850600,0
2850650,0
2850700,0
2850750,0
2850800,0
2850850,0
2850900,0
2850950,0
2851000,0
2851050,0
2851100,0
2851150,0
2851200,0
2851250,0
2851300,0
2851350,0
2851400,0
2851450,0
2851500,0
2851550,0
2851600,0
2851650,0
2851700,0
2851750,0
2851800,0
2851850,0
2851900,0
2851950,0
2852000,0
2852050,0
2852100,0
2852150,0
2852200,0
2852250,0
2852300,0
2852350,0
2852400,0
2852450,0
2852500,0
2852550,0
2852600,0
2852650,0
2852700,0
2852750,0
2852800,0
2852850,0
2852900,0
2852950,0
2853000,0
2853050,0
2853100,0
2853150,0
2853200,0
2853250,0
2853300,0
2853350,0
2853400,0
2853450,0
2853500,0
2853550,0
2853600,0
2853650,0
2853700,0
2853750,0
2853800,0
2853850,0
2853900,0
2853950,0
2854000,0
2854050,0
2854100,0
2854150,0
2854200,0
2854250,0
2854300,0
2854350,0
2854400,0
2854450,0
2854500,0
2854550,0
2854600,0
2854650,0
2854700,0
2854750,0
2854800,0
2854850,0
2854900,0
2854950,0
2855000,0
2855050,0
2855100,0
2855150,0
2855200,0
2855250,0
2855300,0
2855350,0
2855400,0
2855450,0
2855500,0
2855550,0
2855600,0
2855650,0
2855700,0
2855750,0
2855800,0
2855850,0
2855900,0
2855950,0
2856000,0
2856050,0
2856100,0
2856150,0
2856200,0
2856250,0
2856300,0
2856350,0
2856400,0
2856450,0
2856500,0
2856550,0
2856600,0
2856650,0
2856700,0
2856750,0
2856800,0
2856850,0
2856900,0
2856950,0
2857000,0
2857050,0
2857100,0
2857150,0
2857200,0
2857250,0
2857300,0
2857350,0
2857400,0
2857450,0
2857500,0
2857550,0
2857600,0
2857650,0
2857700,0
2857750,0
2857800,0
2857850,0
2857900,0
2857950,0
2858000,0
2858050,0
2858100,0
2858150,0
2858200,0
2858250,0
2858300,0
2858350,0
2858400,0
2858450,0
2858500,0
2858550,0
2858600,0
2858650,0
2858700,0
2858750,0
2858800,0
2858850,0
2858900,0
2858950,0
2859000,0
2859050,0
2859100,0
2859150,0
2859200,0
2859250,0
2859300,0
2859350,0
2859400,0
2859450,0
2859500,0
2859550,0
2859600,0
2859650,0
2859700,0
2859750,0
2859800,0
2859850,0
2859900,0
2859950,0
2860000,0
2860050,0
2860100,0
2860150,0
2860200,0
2860250,0
2860300,0
2860350,0
2860400,0
2860450,0
2860500,0
2860550,0
2860600,0
2860650,0
2860700,0
2860750,0
2860800,0
2860850,0
2860900,0
2860950,0
2861000,0
2861050,0
2861100,0
2861150,0
2861200,0
2861250,0
2861300,0
2861350,0
2861400,0
2861450,0
2861500,0
2861550,0
2861600,0
2861650,0
2861700,0
2861750,0
2861800,0
2861850,0
2861900,0
2861950,0
2862000,0
2862050,0
2862100,0
2862150,0
2862200,0
2862250,0
2862300,0
2862350,0
2862400,0
2862450,0
2862500,0
2862550,0
2862600,0
2862650,0
2862700,0
2862750,0
2862800,0
2862850,0
2862900,0
2862950,0
2863000,0
2863050,0
2863100,0
2863150,0
2863200,0
2863250,0
2863300,0
2863350,0
2863400,0
2863450,0
2863500,0
2863550,0
2863600,0
2863650,0
2863700,0
2863750,0
2863800,0
2863850,0
2863900,0
2863950,0
2864000,0
2864050,0
2864100,0
2864150,0
2864200,0
2864250,0
2864300,0
2864350,0
2864400,0
2864450,0
2864500,0
2864550,0
2864600,0
2864650,0
2864700,0
2864750,0
2864800,0
2864850,0
2864900,0
2864950,0
2865000,0
2865050,0
2865100,0
2865150,0
2865200,0
2865250,0
2865300,0
2865350,0
2865400,0
2865450,0
2865500,0
2865550,0
2865600,0
2865650,0
2865700,0
2865750,0
2865800,0
2865850,0
2865900,0
2865950,0
2866000,0
2866050,0
2866100,0
2866150,0
2866200,0
2866250,0
2866300,0
2866350,0
2866400,0
2866450,0
2866500,0
2866550,0
2866600,0
2866650,0
2866700,0
2866750,0
2866800,0
2866850,0
2866900,0
2866950,0
2867000,0
2867050,0
2867100,0
2867150,0
2867200,0
2867250,0
2867300,0
2867350,0
2867400,0
2867450,0
2867500,0
2867550,0
2867600,0
2867650,0
2867700,0
2867750,0
2867800,0
2867850,0
2867900,0
2867950,0
2868000,0
2868050,0
2868100,0
2868150,0
2868200,0
2868250,0
2868300,0
2868350,0
2868400,0
2868450,0
2868500,0
2868550,0
2868600,0
2868650,0
2868700,0
2868750,0
2868800,0
2868850,0
2868900,0
2868950,0
2869000,0
2869050,0
2869100,0
2869150,0
2869200,0
2869250,0
2869300,0
2869350,0
2869400,0
2869450,0
2869500,0
2869550,0
2869600,0
2869650,0
2869700,0
2869750,0
2869800,0
2869850,0
2869900,0
2869950,0
2870000,0
2870050,0
2870100,0
2870150,0
2870200,0
2870250,0
2870300,0
2870350,0
2870400,0
2870450,0
2870500,0
2870550,0
2870600,0
2870650,0
2870700,0
2870750,0
2870800,0
2870850,0
2870900,0
2870950,0
2871000,0
2871050,0
2871100,0
2871150,0
2871200,0
2871250,0
2871300,0
2871350,0
2871400,0
2871450,0
2871500,0
2871550,0
2871600,0
2871650,0
2871700,0
2871750,0
2871800,0
2871850,0
2871900,0
2871950,0
2872000,0
2872050,0
2872100,0
2872150,0
2872200,0
2872250,0
2872300,0
2872350,0
2872400,0
2872450,0
2872500,0
2872550,0
2872600,0
2872650,0
2872700,0
2872750,0
2872800,0
2872850,0
2872900,0
2872950,0
2873000,0
2873050,0
2873100,0
2873150,0
2873200,0
2873250,0
2873300,0
2873350,0
2873400,0
2873450,0
2873500,0
2873550,0
2873600,0
2873650,0
2873700,0
2873750,0
2873800,0
2873850,0
2873900,0
2873950,0
2874000,0
2874050,0
2874100,0
2874150,0
2874200,0
2874250,0
2874300,0
2874350,0
2874400,0
2874450,0
2874500,0
2874550,0
2874600,0
2874650,0
2874700,0
2874750,0
2874800,0
2874850,0
2874900,0
2874950,0
2875000,0
2875050,0
2875100,0
2875150,0
2875200,0
2875250,0
2875300,0
2875350,0
2875400,0
2875450,0
2875500,0
2875550,0
2875600,0
2875650,0
2875700,0
2875750,0
2875800,0
2875850,0
2875900,0
2875950,0
2876000,0
2876050,0
2876100,0
2876150,0
2876200,0
2876250,0
2876300,0
2876350,0
2876400,0
2876450,0
2876500,0
2876550,0
2876600,0
2876650,0
2876700,0
2876750,0
2876800,0
2876850,0
2876900,0
2876950,0
2877000,0
2877050,0
2877100,0
2877150,0
2877200,0
2877250,0
2877300,0
2877350,0
2877400,0
2877450,0
2877500,0
2877550,0
2877600,0
2877650,0
2877700,0
2877750,0
2877800,0
2877850,0
2877900,0
2877950,0
2878000,0
2878050,0
2878100,0
2878150,0
2878200,0
2878250,0
2878300,0
2878350,0
2878400,0
2878450,0
2878500,0
2878550,0
2878600,0
2878650,0
2878700,0
2878750,0
2878800,0
2878850,0
2878900,0
2878950,0
2879000,0
2879050,0
2879100,0
2879150,0
2879200,0
2879250,0
2879300,0
2879350,0
2879400,0
2879450,0
2879500,0
2879550,0
2879600,0
2879650,0
2879700,0
2879750,0
2879800,0
2879850,0
2879900,0
2879950,0
2880000,0
2880050,0
2880100,0
2880150,0
2880200,0
2880250,0
2880300,0
2880350,0
2880400,0
2880450,0
2880500,0
2880550,0
2880600,0
2880650,0
2880700,0
2880750,0
2880800,0
2880850,0
2880900,0
2880950,0
2881000,0
2881050,0
2881100,0
2881150,0
2881200,0
2881250,0
2881300,0
2881350,0
2881400,0
2881450,0
2881500,0
2881550,0
2881600,0
2881650,0
2881700,0
2881750,0
2881800,0
2881850,0
2881900,0
2881950,0
2882000,0
2882050,0
2882100,0
2882150,0
2882200,0
2882250,0
2882300,0
2882350,0
2882400,0
2882450,0
2882500,0
2882550,0
2882600,0
2882650,0
2882700,0
2882750,0
2882800,0
2882850,0
2882900,0
2882950,0
2883000,0
2883050,0
2883100,0
2883150,0
2883200,0
2883250,0
2883300,0
2883350,0
2883400,0
2883450,0
2883500,0
2883550,0
2883600,0
2883650,0
2883700,0
2883750,0
2883800,0
2883850,0
2883900,0
2883950,0
2884000,0
2884050,0
2884100,0
2884150,0
2884200,0
2884250,0
2884300,0
2884350,0
2884400,0
2884450,0
2884500,0
2884550,0
2884600,0
2884650,0
2884700,0
2884750,0
2884800,0
2884850,0
2884900,0
2884950,0
2885000,0
2885050,0
2885100,0
2885150,0
2885200,0
2885250,0
2885300,0
2885350,0
2885400,0
2885450,0
2885500,0
2885550,0
2885600,0
2885650,0
2885700,0
2885750,0
2885800,0
2885850,0
2885900,0
2885950,0
2886000,0
2886050,0
2886100,0
2886150,0
2886200,0
2886250,0
2886300,0
2886350,0
2886400,0
2886450,0
2886500,0
2886550,0
2886600,0
2886650,0
2886700,0
2886750,0
2886800,0
2886850,0
2886900,0
2886950,0
2887000,0
2887050,0
2887100,0
2887150,0
2887200,0
2887250,0
2887300,0
2887350,0
2887400,0
2887450,0
2887500,0
2887550,0
2887600,0
2887650,0
2887700,0
2887750,0
2887800,0
2887850,0
2887900,0
2887950,0
2888000,0
2888050,0
2888100,0
2888150,0
2888200,0
2888250,0
2888300,0
2888350,0
2888400,0
2888450,0
2888500,0
2888550,0
2888600,0
2888650,0
2888700,0
2888750,0
2888800,0
2888850,0
2888900,0
2888950,0
2889000,0
2889050,0
2889100,0
2889150,0
2889200,0
2889250,0
2889300,0
2889350,0
2889400,0
2889450,0
2889500,0
2889550,0
2889600,0
2889650,0
2889700,0
2889750,0
2889800,0
2889850,0
2889900,0
2889950,0
2890000,0
2890050,0
2890100,0
2890150,0
2890200,0
2890250,0
2890300,0
2890350,0
2890400,0
2890450,0
2890500,0
2890550,0
2890600,0
2890650,0
2890700,0
2890750,0
2890800,0
2890850,0
2890900,0
2890950,0
2891000,0
2891050,0
2891100,0
2891150,0
2891200,0
2891250,0
2891300,0
2891350,0
2891400,0
2891450,0
2891500,0
2891550,0
2891600,0
2891650,0
2891700,0
2891750,0
2891800,0
2891850,0
2891900,0
2891950,0
2892000,0
2892050,0
2892100,0
2892150,0
2892200,0
2892250,0
2892300,0
2892350,0
2892400,0
2892450,0
2892500,0
2892550,0
2892600,0
2892650,0
2892700,0
2892750,0
2892800,0
2892850,0
2892900,0
2892950,0
2893000,0
2893050,0
2893100,0
2893150,0
2893200,0
2893250,0
2893300,0
2893350,0
2893400,0
2893450,0
2893500,0
2893550,0
2893600,0
2893650,0
2893700,0
2893750,0
2893800,0
2893850,0
2893900,0
2893950,0
2894000,0
2894050,0
2894100,0
2894150,0
2894200,0
2894250,0
2894300,0
2894350,0
2894400,0
2894450,0
2894500,0
2894550,0
2894600,0
2894650,0
2894700,0
2894750,0
2894800,0
2894850,0
2894900,0
2894950,0
2895000,0
2895050,0
2895100,0
2895150,0
2895200,0
2895250,0
2895300,0
2895350,0
2895400,0
2895450,0
2895500,0
2895550,0
2895600,0
2895650,0
2895700,0
2895750,0
2895800,0
2895850,0
2895900,0
2895950,0
2896000,0
2896050,0
2896100,0
2896150,0
2896200,0
2896250,0
2896300,0
2896350,0
2896400,0
2896450,0
2896500,0
2896550,0
2896600,0
2896650,0
2896700,0
2896750,0
2896800,0
2896850,0
2896900,0
2896950,0
2897000,0
2897050,0
2897100,0
2897150,0
2897200,0
2897250,0
2897300,0
2897350,0
2897400,0
2897450,0
2897500,0
2897550,0
2897600,0
2897650,0
2897700,0
2897750,0
2897800,0
2897850,0
2897900,0
2897950,0
2898000,0
2898050,0
2898100,0
2898150,0
2898200,0
2898250,0
2898300,0
2898350,0
2898400,0
2898450,0
2898500,0
2898550,0
2898600,0
2898650,0
2898700,0
2898750,0
2898800,0
2898850,0
2898900,0
2898950,0
2899000,0
2899050,0
2899100,0
2899150,0
2899200,0
2899250,0
2899300,0
2899350,0
2899400,0
2899450,0
2899500,0
2899550,0
2899600,0
2899650,0
2899700,0
2899750,0
2899800,0
2899850,0
2899900,0
2899950,0
2900000,0
2900050,0
2900100,0
2900150,0
2900200,0
2900250,0
2900300,0
2900350,0
2900400,0
2900450,0
2900500,0
2900550,0
2900600,0
2900650,0
2900700,0
2900750,0
2900800,0
2900850,0
2900900,0
2900950,0
2901000,0
2901050,0
2901100,0
2901150,0
2901200,0
2901250,0
2901300,0
2901350,0
2901400,0
2901450,0
2901500,0
2901550,0
2901600,0
2901650,0
2901700,0
2901750,0
2901800,0
2901850,0
2901900,0
2901950,0
2902000,0
2902050,0
2902100,0
2902150,0
2902200,0
2902250,0
2902300,0
2902350,0
2902400,0
2902450,0
2902500,0
2902550,0
2902600,0
2902650,0
2902700,0
2902750,0
2902800,0
2902850,0
2902900,0
2902950,0
2903000,0
2903050,0
2903100,0
2903150,0
2903200,0
2903250,0
2903300,0
2903350,0
2903400,0
2903450,0
2903500,0
2903550,0
2903600,0
2903650,0
2903700,0
2903750,0
2903800,0
2903850,0
2903900,0
2903950,0
2904000,0
2904050,0
2904100,0
2904150,0
2904200,0
2904250,0
2904300,0
2904350,0
2904400,0
2904450,0
2904500,0
2904550,0
2904600,0
2904650,0
2904700,0
2904750,0
2904800,0
2904850,0
2904900,0
2904950,0
2905000,0
2905050,0
2905100,0
2905150,0
2905200,0
2905250,0
2905300,0
2905350,0
2905400,0
2905450,0
2905500,0
2905550,0
2905600,0
2905650,0
2905700,0
2905750,0
2905800,0
2905850,0
2905900,0
2905950,0
2906000,0
2906050,0
2906100,0
2906150,0
2906200,0
2906250,0
2906300,0
2906350,0
2906400,0
2906450,0
2906500,0
2906550,0
2906600,0
2906650,0
2906700,0
2906750,0
2906800,0
2906850,0
2906900,0
2906950,0
2907000,0
2907050,0
2907100,0
2907150,0
2907200,0
2907250,0
2907300,0
2907350,0
2907400,0
2907450,0
2907500,0
2907550,0
2907600,0
2907650,0
2907700,0
2907750,0
2907800,0
2907850,0
2907900,0
2907950,0
2908000,0
2908050,0
2908100,0
2908150,0
2908200,0
2908250,0
2908300,0
2908350,0
2908400,0
2908450,0
2908500,0
2908550,0
2908600,0
2908650,0
2908700,0
2908750,0
2908800,0
2908850,0
2908900,0
2908950,0
2909000,0
2909050,0
2909100,0
2909150,0
2909200,0
2909250,0
2909300,0
2909350,0
2909400,0
2909450,0
2909500,0
2909550,0
2909600,0
2909650,0
2909700,0
2909750,0
2909800,0
2909850,0
2909900,0
2909950,0
2910000,0
2910050,0
2910100,0
2910150,0
2910200,0
2910250,0
2910300,0
2910350,0
2910400,0
2910450,0
2910500,0
2910550,0
2910600,0
2910650,0
2910700,0
2910750,0
2910800,0
2910850,0
2910900,0
2910950,0
2911000,0
2911050,0
2911100,0
2911150,0
2911200,0
2911250,0
2911300,0
2911350,0
2911400,0
2911450,0
2911500,0
2911550,0
2911600,0
2911650,0
2911700,0
2911750,0
2911800,0
2911850,0
2911900,0
2911950,0
2912000,0
2912050,0
2912100,0
2912150,0
2912200,0
2912250,0
2912300,0
2912350,0
2912400,0
2912450,0
2912500,0
2912550,0
2912600,0
2912650,0
2912700,0
2912750,0
2912800,0
2912850,0
2912900,0
2912950,0
2913000,0
2913050,0
2913100,0
2913150,0
2913200,0
2913250,0
2913300,0
2913350,0
2913400,0
2913450,0
2913500,0
2913550,0
2913600,0
2913650,0
2913700,0
2913750,0
2913800,0
2913850,0
2913900,0
2913950,0
2914000,0
2914050,0
2914100,0
2914150,0
2914200,0
2914250,0
2914300,0
2914350,0
2914400,0
2914450,0
2914500,0
2914550,0
2914600,0
2914650,0
2914700,0
2914750,0
2914800,0
2914850,0
2914900,0
2914950,0
2915000,0
2915050,0
2915100,0
2915150,0
2915200,0
2915250,0
2915300,0
2915350,0
2915400,0
2915450,0
2915500,0
2915550,0
2915600,0
2915650,0
2915700,0
2915750,0
2915800,0
2915850,0
2915900,0
2915950,0
2916000,0
2916050,0
2916100,0
2916150,0
2916200,0
2916250,0
2916300,0
2916350,0
2916400,0
2916450,0
2916500,0
2916550,0
2916600,0
2916650,0
2916700,0
2916750,0
2916800,0
2916850,0
2916900,0
2916950,0
2917000,0
2917050,0
2917100,0
2917150,0
2917200,0
2917250,0
2917300,0
2917350,0
2917400,0
2917450,0
2917500,0
2917550,0
2917600,0
2917650,0
2917700,0
2917750,0
2917800,0
2917850,0
2917900,0
2917950,0
2918000,0
2918050,0
2918100,0
2918150,0
2918200,0
2918250,0
2918300,0
2918350,0
2918400,0
2918450,0
2918500,0
2918550,0
2918600,0
2918650,0
2918700,0
2918750,0
2918800,0
2918850,0
2918900,0
2918950,0
2919000,0
2919050,0
2919100,0
2919150,0
2919200,0
2919250,0
2919300,0
2919350,0
2919400,0
2919450,0
2919500,0
2919550,0
2919600,0
2919650,0
2919700,0
2919750,0
2919800,0
2919850,0
2919900,0
2919950,0
2920000,0
2920050,0
2920100,0
2920150,0
2920200,0
2920250,0
2920300,0
2920350,0
2920400,0
2920450,0
2920500,0
2920550,0
2920600,0
2920650,0
2920700,0
2920750,0
2920800,0
2920850,0
2920900,0
2920950,0
2921000,0
2921050,0
2921100,0
2921150,0
2921200,0
2921250,0
2921300,0
2921350,0
2921400,0
2921450,0
2921500,0
2921550,0
2921600,0
2921650,0
2921700,0
2921750,0
2921800,0
2921850,0
2921900,0
2921950,0
2922000,0
2922050,0
2922100,0
2922150,0
2922200,0
2922250,0
2922300,0
2922350,0
2922400,0
2922450,0
2922500,0
2922550,0
2922600,0
2922650,0
2922700,0
2922750,0
2922800,0
2922850,0
2922900,0
2922950,0
2923000,0
2923050,0
2923100,0
2923150,0
2923200,0
2923250,0
2923300,0
2923350,0
2923400,0
2923450,0
2923500,0
2923550,0
2923600,0
2923650,0
2923700,0
2923750,0
2923800,0
2923850,0
2923900,0
2923950,0
2924000,0
2924050,0
2924100,0
2924150,0
2924200,0
2924250,0
2924300,0
2924350,0
2924400,0
2924450,0
2924500,0
2924550,0
2924600,0
2924650,0
2924700,0
2924750,0
2924800,0
2924850,0
2924900,0
2924950,0
2925000,0
2925050,0
2925100,0
2925150,0
2925200,0
2925250,0
2925300,0
2925350,0
2925400,0
2925450,0
2925500,0
2925550,0
2925600,0
2925650,0
2925700,0
2925750,0
2925800,0
2925850,0
2925900,0
2925950,0
2926000,0
2926050,0
2926100,0
2926150,0
2926200,0
2926250,0
2926300,0
2926350,0
2926400,0
2926450,0
2926500,0
2926550,0
2926600,0
2926650,0
2926700,0
2926750,0
2926800,0
2926850,0
2926900,0
2926950,0
2927000,0
2927050,0
2927100,0
2927150,0
2927200,0
2927250,0
2927300,0
2927350,0
2927400,0
2927450,0
2927500,0
2927550,0
2927600,0
2927650,0
2927700,0
2927750,0
2927800,0
2927850,0
2927900,0
2927950,0
2928000,0
2928050,0
2928100,0
2928150,0
2928200,0
2928250,0
2928300,0
2928350,0
2928400,0
2928450,0
2928500,0
2928550,0
2928600,0
2928650,0
2928700,0
2928750,0
2928800,0
2928850,0
2928900,0
2928950,0
2929000,0
2929050,0
2929100,0
2929150,0
2929200,0
2929250,0
2929300,0
2929350,0
2929400,0
2929450,0
2929500,0
2929550,0
2929600,0
2929650,0
2929700,0
2929750,0
2929800,0
2929850,0
2929900,0
2929950,0
2930000,0
2930050,0
2930100,0
2930150,0
2930200,0
2930250,0
2930300,0
2930350,0
2930400,0
2930450,0
2930500,0
2930550,0
2930600,0
2930650,0
2930700,0
2930750,0
2930800,0
2930850,0
2930900,0
2930950,0
2931000,0
2931050,0
2931100,0
2931150,0
2931200,0
2931250,0
2931300,0
2931350,0
2931400,0
2931450,0
2931500,0
2931550,0
2931600,0
2931650,0
2931700,0
2931750,0
2931800,0
2931850,0
2931900,0
2931950,0
2932000,0
2932050,0
2932100,0
2932150,0
2932200,0
2932250,0
2932300,0
2932350,0
2932400,0
2932450,0
2932500,0
2932550,0
2932600,0
2932650,0
2932700,0
2932750,0
2932800,0
2932850,0
2932900,0
2932950,0
2933000,0
2933050,0
2933100,0
2933150,0
2933200,0
2933250,0
2933300,0
2933350,0
2933400,0
2933450,0
2933500,0
2933550,0
2933600,0
2933650,0
2933700,0
2933750,0
2933800,0
2933850,0
2933900,0
2933950,0
2934000,0
2934050,0
2934100,0
2934150,0
2934200,0
2934250,0
2934300,0
2934350,0
2934400,0
2934450,0
2934500,0
2934550,0
2934600,0
2934650,0
2934700,0
2934750,0
2934800,0
2934850,0
2934900,0
2934950,0
2935000,0
2935050,0
2935100,0
2935150,0
2935200,0
2935250,0
2935300,0
2935350,0
2935400,0
2935450,0
2935500,0
2935550,0
2935600,0
2935650,0
2935700,0
2935750,0
2935800,0
2935850,0
2935900,0
2935950,0
2936000,0
2936050,0
2936100,0
2936150,0
2936200,0
2936250,0
2936300,0
2936350,0
2936400,0
2936450,0
2936500,0
2936550,0
2936600,0
2936650,0
2936700,0
2936750,0
2936800,0
2936850,0
2936900,0
2936950,0
2937000,0
2937050,0
2937100,0
2937150,0
2937200,0
2937250,0
2937300,0
2937350,0
2937400,0
2937450,0
2937500,0
2937550,0
2937600,0
2937650,0
2937700,0
2937750,0
2937800,0
2937850,0
2937900,0
2937950,0
2938000,0
2938050,0
2938100,0
2938150,0
2938200,0
2938250,0
2938300,0
2938350,0
2938400,0
2938450,0
2938500,0
2938550,0
2938600,0
2938650,0
2938700,0
2938750,0
2938800,0
2938850,0
2938900,0
2938950,0
2939000,0
2939050,0
2939100,0
2939150,0
2939200,0
2939250,0
2939300,0
2939350,0
2939400,0
2939450,0
2939500,0
2939550,0
2939600,0
2939650,0
2939700,0
2939750,0
2939800,0
2939850,0
2939900,0
2939950,0
2940000,0
2940050,0
2940100,0
2940150,0
2940200,0
2940250,0
2940300,0
2940350,0
2940400,0
2940450,0
2940500,0
2940550,0
2940600,0
2940650,0
2940700,0
2940750,0
2940800,0
2940850,0
2940900,0
2940950,0
2941000,0
2941050,0
2941100,0
2941150,0
2941200,0
2941250,0
2941300,0
2941350,0
2941400,0
2941450,0
2941500,0
2941550,0
2941600,0
2941650,0
2941700,0
2941750,0
2941800,0
2941850,0
2941900,0
2941950,0
2942000,0
2942050,0
2942100,0
2942150,0
2942200,0
2942250,0
2942300,0
2942350,0
2942400,0
2942450,0
2942500,0
2942550,0
2942600,0
2942650,0
2942700,0
2942750,0
2942800,0
2942850,0
2942900,0
2942950,0
2943000,0
2943050,0
2943100,0
2943150,0
2943200,0
2943250,0
2943300,0
2943350,0
2943400,0
2943450,0
2943500,0
2943550,0
2943600,0
2943650,0
2943700,0
2943750,0
2943800,0
2943850,0
2943900,0
2943950,0
2944000,0
2944050,0
2944100,0
2944150,0
2944200,0
2944250,0
2944300,0
2944350,0
2944400,0
2944450,0
2944500,0
2944550,0
2944600,0
2944650,0
2944700,0
2944750,0
2944800,0
2944850,0
2944900,0
2944950,0
2945000,0
2945050,0
2945100,0
2945150,0
2945200,0
2945250,0
2945300,0
2945350,0
2945400,0
2945450,0
2945500,0
2945550,0
2945600,0
2945650,0
2945700,0
2945750,0
2945800,0
2945850,0
2945900,0
2945950,0
2946000,0
2946050,0
2946100,0
2946150,0
2946200,0
2946250,0
2946300,0
2946350,0
2946400,0
2946450,0
2946500,0
2946550,0
2946600,0
2946650,0
2946700,0
2946750,0
2946800,0
2946850,0
2946900,0
2946950,0
2947000,0
2947050,0
2947100,0
2947150,0
2947200,0
2947250,0
2947300,0
2947350,0
2947400,0
2947450,0
2947500,0
2947550,0
2947600,0
2947650,0
2947700,0
2947750,0
2947800,0
2947850,0
2947900,0
2947950,0
2948000,0
2948050,0
2948100,0
2948150,0
2948200,0
2948250,0
2948300,0
2948350,0
2948400,0
2948450,0
2948500,0
2948550,0
2948600,0
2948650,0
2948700,0
2948750,0
2948800,0
2948850,0
2948900,0
2948950,0
2949000,0
2949050,0
2949100,0
2949150,0
2949200,0
2949250,0
2949300,0
2949350,0
2949400,0
2949450,0
2949500,0
2949550,0
2949600,0
2949650,0
2949700,0
2949750,0
2949800,0
2949850,0
2949900,0
2949950,0
2950000,0
2950050,0
2950100,0
2950150,0
2950200,0
2950250,0
2950300,0
2950350,0
2950400,0
2950450,0
2950500,0
2950550,0
2950600,0
2950650,0
2950700,0
2950750,0
2950800,0
2950850,0
2950900,0
2950950,0
2951000,0
2951050,0
2951100,0
2951150,0
2951200,0
2951250,0
2951300,0
2951350,0
2951400,0
2951450,0
2951500,0
2951550,0
2951600,0
2951650,0
2951700,0
2951750,0
2951800,0
2951850,0
2951900,0
2951950,0
2952000,0
2952050,0
2952100,0
2952150,0
2952200,0
2952250,0
2952300,0
2952350,0
2952400,0
2952450,0
2952500,0
2952550,0
2952600,0
2952650,0
2952700,0
2952750,0
2952800,0
2952850,0
2952900,0
2952950,0
2953000,0
2953050,0
2953100,0
2953150,0
2953200,0
2953250,0
2953300,0
2953350,0
2953400,0
2953450,0
2953500,0
2953550,0
2953600,0
2953650,0
2953700,0
2953750,0
2953800,0
2953850,0
2953900,0
2953950,0
2954000,0
2954050,0
2954100,0
2954150,0
2954200,0
2954250,0
2954300,0
2954350,0
2954400,0
2954450,0
2954500,0
2954550,0
2954600,0
2954650,0
2954700,0
2954750,0
2954800,0
2954850,0
2954900,0
2954950,0
2955000,0
2955050,0
2955100,0
2955150,0
2955200,0
2955250,0
2955300,0
2955350,0
2955400,0
2955450,0
2955500,0
2955550,0
2955600,0
2955650,0
2955700,0
2955750,0
2955800,0
2955850,0
2955900,0
2955950,0
2956000,0
2956050,0
2956100,0
2956150,0
2956200,0
2956250,0
2956300,0
2956350,0
2956400,0
2956450,0
2956500,0
2956550,0
2956600,0
2956650,0
2956700,0
2956750,0
2956800,0
2956850,0
2956900,0
2956950,0
2957000,0
2957050,0
2957100,0
2957150,0
2957200,0
2957250,0
2957300,0
2957350,0
2957400,0
2957450,0
2957500,0
2957550,0
2957600,0
2957650,0
2957700,0
2957750,0
2957800,0
2957850,0
2957900,0
2957950,0
2958000,0
2958050,0
2958100,0
2958150,0
2958200,0
2958250,0
2958300,0
2958350,0
2958400,0
2958450,0
2958500,0
2958550,0
2958600,0
2958650,0
2958700,0
2958750,0
2958800,0
2958850,0
2958900,0
2958950,0
2959000,0
2959050,0
2959100,0
2959150,0
2959200,0
2959250,0
2959300,0
2959350,0
2959400,0
2959450,0
2959500,0
2959550,0
2959600,0
2959650,0
2959700,0
2959750,0
2959800,0
2959850,0
2959900,0
2959950,0
2960000,0
2960050,0
2960100,0
2960150,0
2960200,0
2960250,0
2960300,0
2960350,0
2960400,0
2960450,0
2960500,0
2960550,0
2960600,0
2960650,0
2960700,0
2960750,0
2960800,0
2960850,0
2960900,0
2960950,0
2961000,0
2961050,0
2961100,0
2961150,0
2961200,0
2961250,0
2961300,0
2961350,0
2961400,0
2961450,0
2961500,0
2961550,0
2961600,0
2961650,0
2961700,0
2961750,0
2961800,0
2961850,0
2961900,0
2961950,0
2962000,0
2962050,0
2962100,0
2962150,0
2962200,0
2962250,0
2962300,0
2962350,0
2962400,0
2962450,0
2962500,0
2962550,0
2962600,0
2962650,0
2962700,0
2962750,0
2962800,0
2962850,0
2962900,0
2962950,0
2963000,0
2963050,0
2963100,0
2963150,0
2963200,0
2963250,0
2963300,0
2963350,0
2963400,0
2963450,0
2963500,0
2963550,0
2963600,0
2963650,0
2963700,0
2963750,0
2963800,0
2963850,0
2963900,0
2963950,0
2964000,0
2964050,0
2964100,0
2964150,0
2964200,0
2964250,0
2964300,0
2964350,0
2964400,0
2964450,0
2964500,0
2964550,0
2964600,0
2964650,0
2964700,0
2964750,0
2964800,0
2964850,0
2964900,0
2964950,0
2965000,0
2965050,0
2965100,0
2965150,0
2965200,0
2965250,0
2965300,0
2965350,0
2965400,0
2965450,0
2965500,0
2965550,0
2965600,0
2965650,0
2965700,0
2965750,0
2965800,0
2965850,0
2965900,0
2965950,0
2966000,0
2966050,0
2966100,0
2966150,0
2966200,0
2966250,0
2966300,0
2966350,0
2966400,0
2966450,0
2966500,0
2966550,0
2966600,0
2966650,0
2966700,0
2966750,0
2966800,0
2966850,0
2966900,0
2966950,0
2967000,0
2967050,0
2967100,0
2967150,0
2967200,0
2967250,0
2967300,0
2967350,0
2967400,0
2967450,0
2967500,0
2967550,0
2967600,0
2967650,0
2967700,0
2967750,0
2967800,0
2967850,0
2967900,0
2967950,0
2968000,0
2968050,0
2968100,0
2968150,0
2968200,0
2968250,0
2968300,0
2968350,0
2968400,0
2968450,0
2968500,0
2968550,0
2968600,0
2968650,0
2968700,0
2968750,0
2968800,0
2968850,0
2968900,0
2968950,0
2969000,0
2969050,0
2969100,0
2969150,0
2969200,0
2969250,0
2969300,0
2969350,0
2969400,0
2969450,0
2969500,0
2969550,0
2969600,0
2969650,0
2969700,0
2969750,0
2969800,0
2969850,0
2969900,0
2969950,0
2970000,0
2970050,0
2970100,0
2970150,0
2970200,0
2970250,0
2970300,0
2970350,0
2970400,0
2970450,0
2970500,0
2970550,0
2970600,0
2970650,0
2970700,0
2970750,0
2970800,0
2970850,0
2970900,0
2970950,0
2971000,0
2971050,0
2971100,0
2971150,0
2971200,0
2971250,0
2971300,0
2971350,0
2971400,0
2971450,0
2971500,0
2971550,0
2971600,0
2971650,0
2971700,0
2971750,0
2971800,0
2971850,0
2971900,0
2971950,0
2972000,0
2972050,0
2972100,0
2972150,0
2972200,0
2972250,0
2972300,0
2972350,0
2972400,0
2972450,0
2972500,0
2972550,0
2972600,0
2972650,0
2972700,0
2972750,0
2972800,0
2972850,0
2972900,0
2972950,0
2973000,0
2973050,0
2973100,0
2973150,0
2973200,0
2973250,0
2973300,0
2973350,0
2973400,0
2973450,0
2973500,0
2973550,0
2973600,0
2973650,0
2973700,0
2973750,0
2973800,0
2973850,0
2973900,0
2973950,0
2974000,0
2974050,0
2974100,0
2974150,0
2974200,0
2974250,0
2974300,0
2974350,0
2974400,0
2974450,0
2974500,0
2974550,0
2974600,0
2974650,0
2974700,0
2974750,0
2974800,0
2974850,0
2974900,0
2974950,0
2975000,0
2975050,0
2975100,0
2975150,0
2975200,0
2975250,0
2975300,0
2975350,0
2975400,0
2975450,0
2975500,0
2975550,0
2975600,0
2975650,0
2975700,0
2975750,0
2975800,0
2975850,0
2975900,0
2975950,0
2976000,0
2976050,0
2976100,0
2976150,0
2976200,0
2976250,0
2976300,0
2976350,0
2976400,0
2976450,0
2976500,0
2976550,0
2976600,0
2976650,0
2976700,0
2976750,0
2976800,0
2976850,0
2976900,0
2976950,0
2977000,0
2977050,0
2977100,0
2977150,0
2977200,0
2977250,0
2977300,0
2977350,0
2977400,0
2977450,0
2977500,0
2977550,0
2977600,0
2977650,0
2977700,0
2977750,0
2977800,0
2977850,0
2977900,0
2977950,0
2978000,0
2978050,0
2978100,0
2978150,0
2978200,0
2978250,0
2978300,0
2978350,0
2978400,0
2978450,0
2978500,0
2978550,0
2978600,0
2978650,0
2978700,0
2978750,0
2978800,0
2978850,0
2978900,0
2978950,0
2979000,0
2979050,0
2979100,0
2979150,0
2979200,0
2979250,0
2979300,0
2979350,0
2979400,0
2979450,0
2979500,0
2979550,0
2979600,0
2979650,0
2979700,0
2979750,0
2979800,0
2979850,0
2979900,0
2979950,0
2980000,0
2980050,0
2980100,0
2980150,0
2980200,0
2980250,0
2980300,0
2980350,0
2980400,0
2980450,0
2980500,0
2980550,0
2980600,0
2980650,0
2980700,0
2980750,0
2980800,0
2980850,0
2980900,0
2980950,0
2981000,0
2981050,0
2981100,0
2981150,0
2981200,0
2981250,0
2981300,0
2981350,0
2981400,0
2981450,0
2981500,0
2981550,0
2981600,0
2981650,0
2981700,0
2981750,0
2981800,0
2981850,0
2981900,0
2981950,0
2982000,0
2982050,0
2982100,0
2982150,0
2982200,0
2982250,0
2982300,0
2982350,0
2982400,0
2982450,0
2982500,0
2982550,0
2982600,0
2982650,0
2982700,0
2982750,0
2982800,0
2982850,0
2982900,0
2982950,0
2983000,0
2983050,0
2983100,0
2983150,0
2983200,0
2983250,0
2983300,0
2983350,0
2983400,0
2983450,0
2983500,0
2983550,0
2983600,0
2983650,0
2983700,0
2983750,0
2983800,0
2983850,0
2983900,0
2983950,0
2984000,0
2984050,0
2984100,0
2984150,0
2984200,0
2984250,0
2984300,0
2984350,0
2984400,0
2984450,0
2984500,0
2984550,0
2984600,0
2984650,0
2984700,0
2984750,0
2984800,0
2984850,0
2984900,0
2984950,0
2985000,0
2985050,0
2985100,0
2985150,0
2985200,0
2985250,0
2985300,0
2985350,0
2985400,0
2985450,0
2985500,0
2985550,0
2985600,0
2985650,0
2985700,0
2985750,0
2985800,0
2985850,0
2985900,0
2985950,0
2986000,0
2986050,0
2986100,0
2986150,0
2986200,0
2986250,0
2986300,0
2986350,0
2986400,0
2986450,0
2986500,0
2986550,0
2986600,0
2986650,0
2986700,0
2986750,0
2986800,0
2986850,0
2986900,0
2986950,0
2987000,0
2987050,0
2987100,0
2987150,0
2987200,0
2987250,0
2987300,0
2987350,0
2987400,0
2987450,0
2987500,0
2987550,0
2987600,0
2987650,0
2987700,0
2987750,0
2987800,0
2987850,0
2987900,0
2987950,0
2988000,0
2988050,0
2988100,0
2988150,0
2988200,0
2988250,0
2988300,0
2988350,0
2988400,0
2988450,0
2988500,0
2988550,0
2988600,0
2988650,0
2988700,0
2988750,0
2988800,0
2988850,0
2988900,0
2988950,0
2989000,0
2989050,0
2989100,0
2989150,0
2989200,0
2989250,0
2989300,0
2989350,0
2989400,0
2989450,0
2989500,0
2989550,0
2989600,0
2989650,0
2989700,0
2989750,0
2989800,0
2989850,0
2989900,0
2989950,0
2990000,0
2990050,0
2990100,0
2990150,0
2990200,0
2990250,0
2990300,0
2990350,0
2990400,0
2990450,0
2990500,0
2990550,0
2990600,0
2990650,0
2990700,0
2990750,0
2990800,0
2990850,0
2990900,0
2990950,0
2991000,0
2991050,0
2991100,0
2991150,0
2991200,0
2991250,0
2991300,0
2991350,0
2991400,0
2991450,0
2991500,0
2991550,0
2991600,0
2991650,0
2991700,0
2991750,0
2991800,0
2991850,0
2991900,0
2991950,0
2992000,0
2992050,0
2992100,0
2992150,0
2992200,0
2992250,0
2992300,0
2992350,0
2992400,0
2992450,0
2992500,0
2992550,0
2992600,0
2992650,0
2992700,0
2992750,0
2992800,0
2992850,0
2992900,0
2992950,0
2993000,0
2993050,0
2993100,0
2993150,0
2993200,0
2993250,0
2993300,0
2993350,0
2993400,0
2993450,0
2993500,0
2993550,0
2993600,0
2993650,0
2993700,0
2993750,0
2993800,0
2993850,0
2993900,0
2993950,0
2994000,0
2994050,0
2994100,0
2994150,0
2994200,0
2994250,0
2994300,0
2994350,0
2994400,0
2994450,0
2994500,0
2994550,0
2994600,0
2994650,0
2994700,0
2994750,0
2994800,0
2994850,0
2994900,0
2994950,0
2995000,0
2995050,0
2995100,0
2995150,0
2995200,0
2995250,0
2995300,0
2995350,0
2995400,0
2995450,0
2995500,0
2995550,0
2995600,0
2995650,0
2995700,0
2995750,0
2995800,0
2995850,0
2995900,0
2995950,0
2996000,0
2996050,0
2996100,0
2996150,0
2996200,0
2996250,0
2996300,0
2996350,0
2996400,0
2996450,0
2996500,0
2996550,0
2996600,0
2996650,0
2996700,0
2996750,0
2996800,0
2996850,0
2996900,0
2996950,0
2997000,0
2997050,0
2997100,0
2997150,0
2997200,0
2997250,0
2997300,0
2997350,0
2997400,0
2997450,0
2997500,0
2997550,0
2997600,0
2997650,0
2997700,0
2997750,0
2997800,0
2997850,0
2997900,0
2997950,0
2998000,0
2998050,0
2998100,0
2998150,0
2998200,0
2998250,0
2998300,0
2998350,0
2998400,0
2998450,0
2998500,0
2998550,0
2998600,0
2998650,0
2998700,0
2998750,0
2998800,0
2998850,0
2998900,0
2998950,0
2999000,0
2999050,0
2999100,0
2999150,0
2999200,0
2999250,0
2999300,0
2999350,0
2999400,0
2999450,0
2999500,0
2999550,0
2999600,0
2999650,0
2999700,0
2999750,0
2999800,0
2999850,0
2999900,0
2999950,0
